datetime_utc,da_total_load_mw,da_wind_total_mw,da_solar_total_mw
2024-01-01 00:00:00+00:00,21506.75,4742.5,11.4
2024-01-01 01:00:00+00:00,19970.75,4586.75,11.875
2024-01-01 02:00:00+00:00,18870.75,4485.25,9.95
2024-01-01 03:00:00+00:00,18095.25,4529.25,2.425
2024-01-01 04:00:00+00:00,17845,4692.25,0
2024-01-01 05:00:00+00:00,18241.75,4926.5,0
2024-01-01 06:00:00+00:00,18669.5,5261,0
2024-01-01 07:00:00+00:00,18731,5566.25,68.575
2024-01-01 08:00:00+00:00,19236,5810.75,1766.475
2024-01-01 09:00:00+00:00,20007,5987.75,5290.65
2024-01-01 10:00:00+00:00,20699.25,6273.25,7624.7
2024-01-01 11:00:00+00:00,21041.25,6656,9061.625
2024-01-01 12:00:00+00:00,21663.75,7132,9935.75
2024-01-01 13:00:00+00:00,22280.25,7546.75,10242.775
2024-01-01 14:00:00+00:00,21584.25,7775,9870.35
2024-01-01 15:00:00+00:00,21452.75,7849.75,6789.9
2024-01-01 16:00:00+00:00,22512.75,8017.75,2118.85
2024-01-01 17:00:00+00:00,24732,8382.25,178.425
2024-01-01 18:00:00+00:00,26064,8668.5,70.25
2024-01-01 19:00:00+00:00,27230,8937.75,55.075
2024-01-01 20:00:00+00:00,27236,9179.25,34.4
2024-01-01 21:00:00+00:00,25977.25,9308.5,37
2024-01-01 22:00:00+00:00,23593,9414.75,31.575
2024-01-01 23:00:00+00:00,21323.5,9205.25,27.05
2024-01-02 00:00:00+00:00,19581.75,9293.5,13.425
2024-01-02 01:00:00+00:00,18468,9379.75,4.9
2024-01-02 02:00:00+00:00,17992.25,9319,1.55
2024-01-02 03:00:00+00:00,17871.75,9402.5,0.025
2024-01-02 04:00:00+00:00,18725.25,9573,0
2024-01-02 05:00:00+00:00,21641,9768,0
2024-01-02 06:00:00+00:00,25417.5,10002,0
2024-01-02 07:00:00+00:00,28265.5,10327,184.85
2024-01-02 08:00:00+00:00,30022.25,10586,2300.2
2024-01-02 09:00:00+00:00,30642.5,10679.5,5626.35
2024-01-02 10:00:00+00:00,30442,10809.75,6885.425
2024-01-02 11:00:00+00:00,29959,11053.25,7260.475
2024-01-02 12:00:00+00:00,29868,11634,7283.35
2024-01-02 13:00:00+00:00,29545.5,12248,6929.225
2024-01-02 14:00:00+00:00,29305.25,12748,6344.475
2024-01-02 15:00:00+00:00,29588.25,13299.5,4103.2
2024-01-02 16:00:00+00:00,30992.25,13637.75,1180.6
2024-01-02 17:00:00+00:00,32571.25,13797.5,66.2
2024-01-02 18:00:00+00:00,32836.25,13984.75,18.625
2024-01-02 19:00:00+00:00,33188,13987.75,8.15
2024-01-02 20:00:00+00:00,32717.5,13954,10.9
2024-01-02 21:00:00+00:00,30035.5,13877.25,0.75
2024-01-02 22:00:00+00:00,27036.25,13814.25,0.975
2024-01-02 23:00:00+00:00,24773.75,14603.25,5.55
2024-01-03 00:00:00+00:00,22991,14422.75,13
2024-01-03 01:00:00+00:00,22073.75,14212.25,5.95
2024-01-03 02:00:00+00:00,21221,13879,0.025
2024-01-03 03:00:00+00:00,21308.25,13609,0
2024-01-03 04:00:00+00:00,21862.25,13282.5,0
2024-01-03 05:00:00+00:00,24072.25,12815.75,0
2024-01-03 06:00:00+00:00,27690.5,12578.5,0.025
2024-01-03 07:00:00+00:00,30414,12343.75,144.375
2024-01-03 08:00:00+00:00,31544,12039.5,1537.225
2024-01-03 09:00:00+00:00,31745.75,12020,3834.4
2024-01-03 10:00:00+00:00,31219.25,11909.5,5044.1
2024-01-03 11:00:00+00:00,30667.5,12367.25,5520.225
2024-01-03 12:00:00+00:00,30772,12294.5,5647.825
2024-01-03 13:00:00+00:00,30536.25,11815.75,5358.575
2024-01-03 14:00:00+00:00,30097.25,10890,4840.95
2024-01-03 15:00:00+00:00,30888.5,9732.75,3120.175
2024-01-03 16:00:00+00:00,31118,8714.75,1003.675
2024-01-03 17:00:00+00:00,32750,8081,117.95
2024-01-03 18:00:00+00:00,33421,7847,69.65
2024-01-03 19:00:00+00:00,33927,7564.5,43.225
2024-01-03 20:00:00+00:00,33188.75,7152.75,101.575
2024-01-03 21:00:00+00:00,30137.5,6861.5,86.425
2024-01-03 22:00:00+00:00,27316.75,6690,78.325
2024-01-03 23:00:00+00:00,24501.25,6925.75,4.125
2024-01-04 00:00:00+00:00,22615.75,6788.75,3.575
2024-01-04 01:00:00+00:00,21494,6337.75,1.1
2024-01-04 02:00:00+00:00,20995.75,6066.75,0.55
2024-01-04 03:00:00+00:00,20917,6029.75,0.125
2024-01-04 04:00:00+00:00,21470,6148,0.025
2024-01-04 05:00:00+00:00,23744.75,6378,0
2024-01-04 06:00:00+00:00,27000.5,6735,120.05
2024-01-04 07:00:00+00:00,29459.25,7058.5,243.925
2024-01-04 08:00:00+00:00,30809.25,7227,987.95
2024-01-04 09:00:00+00:00,31219.75,7259.5,2611.5
2024-01-04 10:00:00+00:00,30821.5,7257,3690.725
2024-01-04 11:00:00+00:00,30453.25,7239.5,4307
2024-01-04 12:00:00+00:00,30574.75,7172.5,4259.4
2024-01-04 13:00:00+00:00,30391,7189.5,4111.775
2024-01-04 14:00:00+00:00,29901,6796.75,3496.175
2024-01-04 15:00:00+00:00,29958.5,6332.75,2056.7
2024-01-04 16:00:00+00:00,30619.5,6151.75,733.075
2024-01-04 17:00:00+00:00,31993.25,6023.5,102.45
2024-01-04 18:00:00+00:00,32439.5,6126.25,74.2
2024-01-04 19:00:00+00:00,32891.75,6139.5,40.625
2024-01-04 20:00:00+00:00,32350.25,6123.25,159.25
2024-01-04 21:00:00+00:00,29727.75,6016,117.05
2024-01-04 22:00:00+00:00,26713.75,5893,147.8
2024-01-04 23:00:00+00:00,24830,5696.25,10.6
2024-01-05 00:00:00+00:00,22993.5,5932.25,24
2024-01-05 01:00:00+00:00,21796,6244.5,15.325
2024-01-05 02:00:00+00:00,21181.75,6673,8.475
2024-01-05 03:00:00+00:00,20978.75,7277,2.025
2024-01-05 04:00:00+00:00,21390,8351,0.275
2024-01-05 05:00:00+00:00,23284.75,9309.75,0.175
2024-01-05 06:00:00+00:00,26047.75,10090.75,11.1
2024-01-05 07:00:00+00:00,28226.75,10919.5,106.075
2024-01-05 08:00:00+00:00,30152.25,11887.75,1924.925
2024-01-05 09:00:00+00:00,30858,13120.5,5433.4
2024-01-05 10:00:00+00:00,30710.25,14400.25,7381.8
2024-01-05 11:00:00+00:00,30397.25,15649.5,7918.325
2024-01-05 12:00:00+00:00,30516,16321,8060.025
2024-01-05 13:00:00+00:00,29882.5,16727.5,7842.95
2024-01-05 14:00:00+00:00,29075,16872.5,7225.4
2024-01-05 15:00:00+00:00,28820.75,16668.5,5158.95
2024-01-05 16:00:00+00:00,29216,16386.75,1660.875
2024-01-05 17:00:00+00:00,29939.75,15956.5,144.125
2024-01-05 18:00:00+00:00,29868,15831,63.175
2024-01-05 19:00:00+00:00,30230.5,15764,42.675
2024-01-05 20:00:00+00:00,29889.75,15686.75,28
2024-01-05 21:00:00+00:00,27881.75,15459,18.9
2024-01-05 22:00:00+00:00,25677.75,15342.75,16.575
2024-01-05 23:00:00+00:00,24126.5,15286.5,5.975
2024-01-06 00:00:00+00:00,22128.25,15087.75,34.025
2024-01-06 01:00:00+00:00,20747.25,14941.25,2.1
2024-01-06 02:00:00+00:00,19851.25,14693.75,1.35
2024-01-06 03:00:00+00:00,19350.5,14526.75,0.675
2024-01-06 04:00:00+00:00,19242.75,14350,0
2024-01-06 05:00:00+00:00,19599,14146.5,0
2024-01-06 06:00:00+00:00,20190,13907,0.025
2024-01-06 07:00:00+00:00,20845.25,13660.25,249.65
2024-01-06 08:00:00+00:00,22492.75,13265,3156.975
2024-01-06 09:00:00+00:00,23785.25,13212.5,8206.375
2024-01-06 10:00:00+00:00,24478.25,13237.5,10557.25
2024-01-06 11:00:00+00:00,24318,13387.75,11010.75
2024-01-06 12:00:00+00:00,24381.25,13565.5,10932.525
2024-01-06 13:00:00+00:00,24681.5,13733.75,10766.875
2024-01-06 14:00:00+00:00,23440.25,13753.5,10029.125
2024-01-06 15:00:00+00:00,23296.5,13551,6776.35
2024-01-06 16:00:00+00:00,24161.25,13271.5,2095.225
2024-01-06 17:00:00+00:00,26191.5,13146.25,181.3
2024-01-06 18:00:00+00:00,27360.5,13055,75.225
2024-01-06 19:00:00+00:00,28174.75,12914.25,49.325
2024-01-06 20:00:00+00:00,28531.5,12792,98.175
2024-01-06 21:00:00+00:00,27391.75,12452.75,112.325
2024-01-06 22:00:00+00:00,25475.25,12071,35.525
2024-01-06 23:00:00+00:00,23639.5,11442.25,6.75
2024-01-07 00:00:00+00:00,21709.5,11316.25,3.525
2024-01-07 01:00:00+00:00,20369,11127.5,1.175
2024-01-07 02:00:00+00:00,19569.75,11003.25,0.275
2024-01-07 03:00:00+00:00,19220,10927.25,0
2024-01-07 04:00:00+00:00,19221.25,10828,0
2024-01-07 05:00:00+00:00,19653,10668.25,0
2024-01-07 06:00:00+00:00,20407.75,10429,0
2024-01-07 07:00:00+00:00,21362.5,10278,170.05
2024-01-07 08:00:00+00:00,23300.25,10164.5,3037.05
2024-01-07 09:00:00+00:00,24955.25,10157.75,7989.375
2024-01-07 10:00:00+00:00,25413.25,10175,10264.45
2024-01-07 11:00:00+00:00,25560.75,10270.25,10916.6
2024-01-07 12:00:00+00:00,26225.5,10410,11141.275
2024-01-07 13:00:00+00:00,26594.25,10586,11036.975
2024-01-07 14:00:00+00:00,25927.75,10681.5,10347.95
2024-01-07 15:00:00+00:00,25859.5,10608.5,7496.875
2024-01-07 16:00:00+00:00,26647.5,10631.75,2578.975
2024-01-07 17:00:00+00:00,28811.75,10861,249.25
2024-01-07 18:00:00+00:00,29943.5,11185.5,88.5
2024-01-07 19:00:00+00:00,30955.75,11341.75,67.15
2024-01-07 20:00:00+00:00,30968,11426.5,35.55
2024-01-07 21:00:00+00:00,28952.75,11493.75,24.075
2024-01-07 22:00:00+00:00,26282.5,11536.25,19.475
2024-01-07 23:00:00+00:00,24195.75,11524.75,21.45
2024-01-08 00:00:00+00:00,22261.25,11455.5,21.25
2024-01-08 01:00:00+00:00,21112.75,11333.75,15.75
2024-01-08 02:00:00+00:00,20691,11287.25,13.65
2024-01-08 03:00:00+00:00,20661.5,11038.5,10.325
2024-01-08 04:00:00+00:00,21519,10836.5,5.55
2024-01-08 05:00:00+00:00,24735,10594.75,2.1
2024-01-08 06:00:00+00:00,29464.5,10388,1.525
2024-01-08 07:00:00+00:00,32617.25,10134,207.275
2024-01-08 08:00:00+00:00,33599.5,9741.75,3404.3
2024-01-08 09:00:00+00:00,33562.25,9318.75,8270.95
2024-01-08 10:00:00+00:00,33046,8971,10174.85
2024-01-08 11:00:00+00:00,32650.25,8718.5,10455.6
2024-01-08 12:00:00+00:00,32746.25,8374.5,9981.6
2024-01-08 13:00:00+00:00,32252.75,7985.25,9619.75
2024-01-08 14:00:00+00:00,32511,7530.25,8337.25
2024-01-08 15:00:00+00:00,33007.5,7083.75,5174.825
2024-01-08 16:00:00+00:00,34099,6659.5,1521.525
2024-01-08 17:00:00+00:00,36020,6296.25,146.2
2024-01-08 18:00:00+00:00,37047.75,5846.5,88.55
2024-01-08 19:00:00+00:00,37528,5270.25,68.3
2024-01-08 20:00:00+00:00,36424.25,4897.5,113.525
2024-01-08 21:00:00+00:00,32820.5,4259.75,126.325
2024-01-08 22:00:00+00:00,29404.75,3599.25,139.025
2024-01-08 23:00:00+00:00,26929.25,2580.5,13.55
2024-01-09 00:00:00+00:00,24806.25,2255.25,10.825
2024-01-09 01:00:00+00:00,23615,1888.25,8.375
2024-01-09 02:00:00+00:00,23128.75,1544.5,5.475
2024-01-09 03:00:00+00:00,23013.5,1321.25,3.925
2024-01-09 04:00:00+00:00,23717.75,1163.75,2.375
2024-01-09 05:00:00+00:00,26623.5,1111.25,2.1
2024-01-09 06:00:00+00:00,31222.25,1121.25,80.25
2024-01-09 07:00:00+00:00,34239,1111.5,250.125
2024-01-09 08:00:00+00:00,34971.5,1076.5,1576.25
2024-01-09 09:00:00+00:00,34803.25,932.75,3643.825
2024-01-09 10:00:00+00:00,34179,951.75,4837.85
2024-01-09 11:00:00+00:00,33866,848,5336.95
2024-01-09 12:00:00+00:00,34005.25,844.5,5200.75
2024-01-09 13:00:00+00:00,33997,922.5,4637.85
2024-01-09 14:00:00+00:00,33933,977.75,3756.325
2024-01-09 15:00:00+00:00,34235.5,1038.75,2122.125
2024-01-09 16:00:00+00:00,35100.25,1069.5,577.4
2024-01-09 17:00:00+00:00,36504.5,1121.75,113.05
2024-01-09 18:00:00+00:00,37206.75,1190.75,73.875
2024-01-09 19:00:00+00:00,37759.5,1272.5,52.825
2024-01-09 20:00:00+00:00,36755.75,1280.75,120.475
2024-01-09 21:00:00+00:00,33249.75,1231.5,124.775
2024-01-09 22:00:00+00:00,29697.75,1226.5,128.2
2024-01-09 23:00:00+00:00,27106.25,1934,8.9
2024-01-10 00:00:00+00:00,24992,1629.25,8.825
2024-01-10 01:00:00+00:00,23722.75,1693.25,8.7
2024-01-10 02:00:00+00:00,23256.5,1572.5,7.75
2024-01-10 03:00:00+00:00,23198.25,1843.25,5.55
2024-01-10 04:00:00+00:00,23893.5,1966.75,4.25
2024-01-10 05:00:00+00:00,26787.25,2196.5,4.325
2024-01-10 06:00:00+00:00,31353.25,2367.25,94.6
2024-01-10 07:00:00+00:00,34205.75,2615.25,253.175
2024-01-10 08:00:00+00:00,35101.25,2811.5,1288.4
2024-01-10 09:00:00+00:00,35138.5,2900.5,3166.1
2024-01-10 10:00:00+00:00,34562,3379.5,4490.6
2024-01-10 11:00:00+00:00,34210.5,3818.5,5178.225
2024-01-10 12:00:00+00:00,34309.75,5642.75,5222.8
2024-01-10 13:00:00+00:00,34025,5212.5,5072.25
2024-01-10 14:00:00+00:00,33869.25,5313.25,4437.4
2024-01-10 15:00:00+00:00,34023.25,5452,3114.35
2024-01-10 16:00:00+00:00,34725.75,5808.5,1071.35
2024-01-10 17:00:00+00:00,36186,6418,72.375
2024-01-10 18:00:00+00:00,36833.75,6725.75,18.75
2024-01-10 19:00:00+00:00,37289.25,6927.75,11.95
2024-01-10 20:00:00+00:00,36360.5,7246.75,34.55
2024-01-10 21:00:00+00:00,33050.5,7280,32.75
2024-01-10 22:00:00+00:00,29673,7400.5,48.075
2024-01-10 23:00:00+00:00,27176,7224.75,2.375
2024-01-11 00:00:00+00:00,25166.25,7483.5,7.8
2024-01-11 01:00:00+00:00,23941.25,7611.25,2.55
2024-01-11 02:00:00+00:00,23422.5,7863.25,1.45
2024-01-11 03:00:00+00:00,23375,7899.75,1
2024-01-11 04:00:00+00:00,24110,7949.25,0.7
2024-01-11 05:00:00+00:00,27092.25,7970.75,0.75
2024-01-11 06:00:00+00:00,31793.25,7730.75,6.125
2024-01-11 07:00:00+00:00,34577.25,7400.75,181.025
2024-01-11 08:00:00+00:00,35402,7198.5,2288.9
2024-01-11 09:00:00+00:00,35398,7091.75,5886.375
2024-01-11 10:00:00+00:00,34959.75,6955.75,7825.95
2024-01-11 11:00:00+00:00,34586,6870.5,8643.075
2024-01-11 12:00:00+00:00,34642,6664.75,9045.8
2024-01-11 13:00:00+00:00,34561.5,6459.5,9078.075
2024-01-11 14:00:00+00:00,34089,6316.5,8518.15
2024-01-11 15:00:00+00:00,34215.75,6456.25,6070.05
2024-01-11 16:00:00+00:00,34850.75,6704,2123.2
2024-01-11 17:00:00+00:00,36357.75,7096,230.8
2024-01-11 18:00:00+00:00,37129.75,7165.5,101.85
2024-01-11 19:00:00+00:00,37772.75,7275.5,84.25
2024-01-11 20:00:00+00:00,36557.5,7167.5,83.8
2024-01-11 21:00:00+00:00,33160,7036.25,59.025
2024-01-11 22:00:00+00:00,29648.5,6950.25,57.75
2024-01-11 23:00:00+00:00,27579.75,6555.5,9.325
2024-01-12 00:00:00+00:00,25599.75,6052.75,11.4
2024-01-12 01:00:00+00:00,24310.75,5523.25,13.975
2024-01-12 02:00:00+00:00,23777.5,5249.25,14.3
2024-01-12 03:00:00+00:00,23679.25,5044.25,14.95
2024-01-12 04:00:00+00:00,24402.5,4922.5,12.275
2024-01-12 05:00:00+00:00,27448.5,4794.5,9.375
2024-01-12 06:00:00+00:00,32218.75,4817.5,35.7
2024-01-12 07:00:00+00:00,34932.25,4919,312
2024-01-12 08:00:00+00:00,35454.75,4927.25,3419.625
2024-01-12 09:00:00+00:00,35222,4710.25,7855.625
2024-01-12 10:00:00+00:00,34460,4509.75,9766.225
2024-01-12 11:00:00+00:00,33916.75,4165.5,10420.675
2024-01-12 12:00:00+00:00,33875.5,3830.5,10727.2
2024-01-12 13:00:00+00:00,33058.25,3529,10934
2024-01-12 14:00:00+00:00,33125.5,3317.25,9859.3
2024-01-12 15:00:00+00:00,33177,3256.5,7171.125
2024-01-12 16:00:00+00:00,33956.75,3418,2511.825
2024-01-12 17:00:00+00:00,35679.5,3720.5,362.2
2024-01-12 18:00:00+00:00,36374.25,4033.75,161.6
2024-01-12 19:00:00+00:00,36800.5,4222.75,125.9
2024-01-12 20:00:00+00:00,35733,4313,163
2024-01-12 21:00:00+00:00,32497.25,4345.25,176.9
2024-01-12 22:00:00+00:00,29309.25,4342.75,180.3
2024-01-12 23:00:00+00:00,27473.25,4861.25,45.575
2024-01-13 00:00:00+00:00,25815.5,4802.5,26.4
2024-01-13 01:00:00+00:00,24302.25,4798.75,28.075
2024-01-13 02:00:00+00:00,23652.75,4841.75,22.475
2024-01-13 03:00:00+00:00,23063.25,4887.75,17.8
2024-01-13 04:00:00+00:00,23138.5,4941.75,7.575
2024-01-13 05:00:00+00:00,24304.5,5034,1.45
2024-01-13 06:00:00+00:00,26106.75,5158.5,1.775
2024-01-13 07:00:00+00:00,28043.25,5246.25,145.675
2024-01-13 08:00:00+00:00,29839.75,5329.75,2031.3
2024-01-13 09:00:00+00:00,30633.5,5370,5303.875
2024-01-13 10:00:00+00:00,30073.75,5297.25,7013.2
2024-01-13 11:00:00+00:00,28994.5,5099.75,7555.1
2024-01-13 12:00:00+00:00,29568.5,4982,7765.2
2024-01-13 13:00:00+00:00,29500.25,4827.75,7495.175
2024-01-13 14:00:00+00:00,28916,4720.25,6500.775
2024-01-13 15:00:00+00:00,29045,4710.75,4156
2024-01-13 16:00:00+00:00,29945.75,4815.25,1305.425
2024-01-13 17:00:00+00:00,31911,5026.25,87.375
2024-01-13 18:00:00+00:00,32762.75,5347.25,16
2024-01-13 19:00:00+00:00,33468,5748.75,42.95
2024-01-13 20:00:00+00:00,33036.75,6165.75,55
2024-01-13 21:00:00+00:00,30431.75,6410.5,43.825
2024-01-13 22:00:00+00:00,27530,6600.5,65.775
2024-01-13 23:00:00+00:00,25231.75,7448.25,0.025
2024-01-14 00:00:00+00:00,23194.25,7625.25,0.5
2024-01-14 01:00:00+00:00,21602.25,7730.5,0.575
2024-01-14 02:00:00+00:00,20889.5,7889.5,0
2024-01-14 03:00:00+00:00,20459.5,8101.25,0
2024-01-14 04:00:00+00:00,20504.5,8299.5,0
2024-01-14 05:00:00+00:00,21047.75,8445.75,0
2024-01-14 06:00:00+00:00,22031.25,8443.25,0.9
2024-01-14 07:00:00+00:00,22973,8417.25,108.275
2024-01-14 08:00:00+00:00,24615,8378.5,1752.3
2024-01-14 09:00:00+00:00,25925.5,8312.75,4637.725
2024-01-14 10:00:00+00:00,26054.75,8451.5,6055.875
2024-01-14 11:00:00+00:00,25845.25,8865,6516.5
2024-01-14 12:00:00+00:00,26234.5,9706.25,6468.775
2024-01-14 13:00:00+00:00,26547.25,10652.75,6144.3
2024-01-14 14:00:00+00:00,25886.5,11547.75,5421.525
2024-01-14 15:00:00+00:00,25741,12251.75,3803.725
2024-01-14 16:00:00+00:00,26301.75,12619.75,1352.225
2024-01-14 17:00:00+00:00,28509,12807,133.125
2024-01-14 18:00:00+00:00,29902,12970.75,32.75
2024-01-14 19:00:00+00:00,31061,13103.5,17.75
2024-01-14 20:00:00+00:00,30803,13274.75,22.65
2024-01-14 21:00:00+00:00,29248.75,13314.25,27.55
2024-01-14 22:00:00+00:00,26303.75,13305,3.9
2024-01-14 23:00:00+00:00,23872,12916,0
2024-01-15 00:00:00+00:00,22156.75,12693.25,82.1
2024-01-15 01:00:00+00:00,21219,12389.5,7.375
2024-01-15 02:00:00+00:00,20762.5,12074.5,3.3
2024-01-15 03:00:00+00:00,20766.25,11736.25,9.675
2024-01-15 04:00:00+00:00,21655.75,11359,12.75
2024-01-15 05:00:00+00:00,24793.5,10998.5,4.375
2024-01-15 06:00:00+00:00,29518.25,10703.25,0
2024-01-15 07:00:00+00:00,32344.25,10546.75,122.425
2024-01-15 08:00:00+00:00,32990.75,10564.5,948.3
2024-01-15 09:00:00+00:00,32865.5,10810.25,2389.95
2024-01-15 10:00:00+00:00,32482.25,11345.5,3525.075
2024-01-15 11:00:00+00:00,32182.25,12160.75,4114.925
2024-01-15 12:00:00+00:00,32250.5,12955,4372.35
2024-01-15 13:00:00+00:00,32032.5,13267,4393.95
2024-01-15 14:00:00+00:00,31720,13076.25,3974.05
2024-01-15 15:00:00+00:00,31703.75,12652.5,2906.325
2024-01-15 16:00:00+00:00,32287.75,12438.5,892.1
2024-01-15 17:00:00+00:00,33748.5,12326.5,56.8
2024-01-15 18:00:00+00:00,34681.5,12037,8.575
2024-01-15 19:00:00+00:00,35313.25,11693.5,8.95
2024-01-15 20:00:00+00:00,33863,11345.25,19.75
2024-01-15 21:00:00+00:00,30770.25,10885.25,25.675
2024-01-15 22:00:00+00:00,27675.25,10433.25,32.175
2024-01-15 23:00:00+00:00,25816.5,10154.25,17.925
2024-01-16 00:00:00+00:00,24155,10123,20.3
2024-01-16 01:00:00+00:00,23234,10108.5,21.675
2024-01-16 02:00:00+00:00,22734.25,10150.75,19.225
2024-01-16 03:00:00+00:00,22657.25,10209,11.525
2024-01-16 04:00:00+00:00,23375.25,10224.75,4.425
2024-01-16 05:00:00+00:00,26259.5,10199.5,2.025
2024-01-16 06:00:00+00:00,30732.5,10213.5,1.325
2024-01-16 07:00:00+00:00,33026,10252.75,108.05
2024-01-16 08:00:00+00:00,33305.75,10375,1579.475
2024-01-16 09:00:00+00:00,33192.75,10743.25,4161.65
2024-01-16 10:00:00+00:00,32697.5,11148,5555.125
2024-01-16 11:00:00+00:00,32360.5,11596.75,5836.85
2024-01-16 12:00:00+00:00,32460,12103.5,5861.3
2024-01-16 13:00:00+00:00,32191,12383.5,5460.15
2024-01-16 14:00:00+00:00,31687,12731.25,4291.6
2024-01-16 15:00:00+00:00,31690.5,13443.5,2521.825
2024-01-16 16:00:00+00:00,32271.5,14196.5,708.5
2024-01-16 17:00:00+00:00,33726.75,14874.75,29.75
2024-01-16 18:00:00+00:00,34620.5,15669.75,10.15
2024-01-16 19:00:00+00:00,35203.25,16007.75,6.4
2024-01-16 20:00:00+00:00,34023,16157.75,6.225
2024-01-16 21:00:00+00:00,30636.75,16072.75,6.25
2024-01-16 22:00:00+00:00,27588.25,15946,6.6
2024-01-16 23:00:00+00:00,25538,15416.75,7.625
2024-01-17 00:00:00+00:00,23897.25,15041,5.2
2024-01-17 01:00:00+00:00,23018.5,15529,4.375
2024-01-17 02:00:00+00:00,22476.5,16398.5,3.7
2024-01-17 03:00:00+00:00,22424.5,16670,3.625
2024-01-17 04:00:00+00:00,23163.25,16966.25,3.15
2024-01-17 05:00:00+00:00,26055.25,17189,2.475
2024-01-17 06:00:00+00:00,30521,17335.5,3.6
2024-01-17 07:00:00+00:00,32663.75,17560.25,96.7
2024-01-17 08:00:00+00:00,32949,17124.5,1468.25
2024-01-17 09:00:00+00:00,32931.75,17154.75,3916.15
2024-01-17 10:00:00+00:00,32649.25,17132.75,5411.625
2024-01-17 11:00:00+00:00,32301.5,17540.75,6274.5
2024-01-17 12:00:00+00:00,32431.25,17168.75,6782.45
2024-01-17 13:00:00+00:00,32260.25,17214,6988.725
2024-01-17 14:00:00+00:00,31650,16862.25,6636.475
2024-01-17 15:00:00+00:00,31523.5,16988.75,5081.825
2024-01-17 16:00:00+00:00,32060.25,17305.25,1949.45
2024-01-17 17:00:00+00:00,33453.5,17064.25,190.85
2024-01-17 18:00:00+00:00,34288.5,17420,74.725
2024-01-17 19:00:00+00:00,34787,17340.25,56.75
2024-01-17 20:00:00+00:00,33624.75,17239.25,43.35
2024-01-17 21:00:00+00:00,30097,17236.25,34.225
2024-01-17 22:00:00+00:00,27140.5,17257.25,25.05
2024-01-17 23:00:00+00:00,25636.25,18054.25,7.4
2024-01-18 00:00:00+00:00,24051,18177.5,7.4
2024-01-18 01:00:00+00:00,23095,17977,7.4
2024-01-18 02:00:00+00:00,22610.75,17764,7.4
2024-01-18 03:00:00+00:00,22557.75,17489,7.35
2024-01-18 04:00:00+00:00,23273,17166,7.35
2024-01-18 05:00:00+00:00,26093.75,16782.5,6.5
2024-01-18 06:00:00+00:00,30355.75,16470.5,7.25
2024-01-18 07:00:00+00:00,32517.75,15910.25,164.475
2024-01-18 08:00:00+00:00,32817,15277.25,1980.25
2024-01-18 09:00:00+00:00,32591.25,14875.25,4939.675
2024-01-18 10:00:00+00:00,32091.5,14715.75,6598.325
2024-01-18 11:00:00+00:00,31839.25,14763,7253.85
2024-01-18 12:00:00+00:00,31854.25,14854.25,7351.25
2024-01-18 13:00:00+00:00,31487.5,14661.75,7088.4
2024-01-18 14:00:00+00:00,31097.75,14005.25,6243.2
2024-01-18 15:00:00+00:00,31117,12898,4423.625
2024-01-18 16:00:00+00:00,31745.75,11604.75,1464.325
2024-01-18 17:00:00+00:00,33234,10392,216.6
2024-01-18 18:00:00+00:00,34195.75,9118.75,98.95
2024-01-18 19:00:00+00:00,34773.25,8346.5,87.325
2024-01-18 20:00:00+00:00,33681,7916.25,154.6
2024-01-18 21:00:00+00:00,30242,7724,169.575
2024-01-18 22:00:00+00:00,27156.75,7959.25,179.575
2024-01-18 23:00:00+00:00,25626.75,7957.5,13.125
2024-01-19 00:00:00+00:00,24089.25,8179,12.625
2024-01-19 01:00:00+00:00,23166.25,8534.5,13.2
2024-01-19 02:00:00+00:00,22642.25,8937,13.025
2024-01-19 03:00:00+00:00,22561.75,9524,12.025
2024-01-19 04:00:00+00:00,23253,10242.5,7.75
2024-01-19 05:00:00+00:00,26237,10941.25,6.3
2024-01-19 06:00:00+00:00,30650.25,11641.25,5.2
2024-01-19 07:00:00+00:00,32760.5,12038,57.1
2024-01-19 08:00:00+00:00,33006.25,12463.75,620.025
2024-01-19 09:00:00+00:00,32706.75,12711,1687.275
2024-01-19 10:00:00+00:00,32293.25,12907.5,2623.375
2024-01-19 11:00:00+00:00,32044.25,12985.5,3231.025
2024-01-19 12:00:00+00:00,31860,13008.5,3565.9
2024-01-19 13:00:00+00:00,31371.75,13045.25,3632.925
2024-01-19 14:00:00+00:00,31153.5,13031,3285.225
2024-01-19 15:00:00+00:00,31225.75,13095.75,2529.2
2024-01-19 16:00:00+00:00,31885.75,13082.25,1062.475
2024-01-19 17:00:00+00:00,33400,13153.5,95.75
2024-01-19 18:00:00+00:00,34170.75,13155.75,13.525
2024-01-19 19:00:00+00:00,34466.5,13295.5,15.125
2024-01-19 20:00:00+00:00,33415,13335.25,13.4
2024-01-19 21:00:00+00:00,30228.75,13209.75,10.85
2024-01-19 22:00:00+00:00,27458,12807,9.125
2024-01-19 23:00:00+00:00,26106.25,11906.5,8.2
2024-01-20 00:00:00+00:00,24351.5,11429.25,8.2
2024-01-20 01:00:00+00:00,23191.5,10531.75,8.15
2024-01-20 02:00:00+00:00,22360.75,9351.5,7.85
2024-01-20 03:00:00+00:00,22024.5,8283.5,7.55
2024-01-20 04:00:00+00:00,21996.25,7263,7.575
2024-01-20 05:00:00+00:00,22869.75,6181.5,7.275
2024-01-20 06:00:00+00:00,24337,4990.75,7.05
2024-01-20 07:00:00+00:00,25844.25,3785.5,239.7
2024-01-20 08:00:00+00:00,28036.25,2818,2803.65
2024-01-20 09:00:00+00:00,29503,2247.25,6849.875
2024-01-20 10:00:00+00:00,29470.5,1979,8794.375
2024-01-20 11:00:00+00:00,29221.5,2057.75,9487.175
2024-01-20 12:00:00+00:00,29454.75,2428,9810.45
2024-01-20 13:00:00+00:00,29934.5,2889.5,9733.1
2024-01-20 14:00:00+00:00,28532.75,3278,9217.575
2024-01-20 15:00:00+00:00,28296,3722.5,7213.8
2024-01-20 16:00:00+00:00,28753.75,4257.5,3193.75
2024-01-20 17:00:00+00:00,30213.75,4714.25,462.8
2024-01-20 18:00:00+00:00,31209,5188.5,121.625
2024-01-20 19:00:00+00:00,31721.25,5611,66.35
2024-01-20 20:00:00+00:00,31324.75,5893.75,61.55
2024-01-20 21:00:00+00:00,28955,5902.75,59.55
2024-01-20 22:00:00+00:00,26528.25,5846.25,77.025
2024-01-20 23:00:00+00:00,24707.75,5666,8.225
2024-01-21 00:00:00+00:00,22758.75,5487,8.05
2024-01-21 01:00:00+00:00,21422.75,5196.75,7.975
2024-01-21 02:00:00+00:00,20612,5012,8.2
2024-01-21 03:00:00+00:00,20271,4822,7.2
2024-01-21 04:00:00+00:00,20347.25,4678.25,5.875
2024-01-21 05:00:00+00:00,21031,4579,5.625
2024-01-21 06:00:00+00:00,21929,4604,5.15
2024-01-21 07:00:00+00:00,22741,4746.5,230.575
2024-01-21 08:00:00+00:00,24495.25,4833.75,3167.7
2024-01-21 09:00:00+00:00,25984,4783.25,7990.15
2024-01-21 10:00:00+00:00,26347.5,4737.5,10350.05
2024-01-21 11:00:00+00:00,26336.5,4843.25,11230.65
2024-01-21 12:00:00+00:00,26817.25,5165.75,11549.25
2024-01-21 13:00:00+00:00,27359.25,5234.5,11638.4
2024-01-21 14:00:00+00:00,26310.25,5203.75,11354.1
2024-01-21 15:00:00+00:00,26048.25,5424,8840.75
2024-01-21 16:00:00+00:00,26698,5842.5,4084.575
2024-01-21 17:00:00+00:00,28789.25,6336.25,585.475
2024-01-21 18:00:00+00:00,30269,6805.75,167.2
2024-01-21 19:00:00+00:00,31413.5,7092.5,124.025
2024-01-21 20:00:00+00:00,30990.75,7359.75,129.425
2024-01-21 21:00:00+00:00,29035,7679,103.625
2024-01-21 22:00:00+00:00,26481.5,7989,101.825
2024-01-21 23:00:00+00:00,24248.25,7781,28.1
2024-01-22 00:00:00+00:00,22545.75,7986,40.35
2024-01-22 01:00:00+00:00,21667.5,8138.5,35.9
2024-01-22 02:00:00+00:00,21296.75,8236,34.5
2024-01-22 03:00:00+00:00,21332.25,8323,30.3
2024-01-22 04:00:00+00:00,22234,8450,28.5
2024-01-22 05:00:00+00:00,25586,8610.5,29.05
2024-01-22 06:00:00+00:00,30478.25,8774.25,28
2024-01-22 07:00:00+00:00,33553.5,8961.5,307.025
2024-01-22 08:00:00+00:00,34108.5,9148,3612.6
2024-01-22 09:00:00+00:00,33870.25,8930.75,8572.575
2024-01-22 10:00:00+00:00,33236.25,8437.25,10773.65
2024-01-22 11:00:00+00:00,32730,8120.25,11437.4
2024-01-22 12:00:00+00:00,32495.75,7900.5,11595.85
2024-01-22 13:00:00+00:00,31399,7789.5,11553.875
2024-01-22 14:00:00+00:00,31594.75,7612.5,11310.65
2024-01-22 15:00:00+00:00,31780.75,7521.75,8764.05
2024-01-22 16:00:00+00:00,32461,7539.75,3897.975
2024-01-22 17:00:00+00:00,34008,7748.5,511.175
2024-01-22 18:00:00+00:00,35341.25,7918,114.6
2024-01-22 19:00:00+00:00,36001,7893,89.6
2024-01-22 20:00:00+00:00,34787.5,7895,99.775
2024-01-22 21:00:00+00:00,31255.25,7804.25,76.525
2024-01-22 22:00:00+00:00,28071.75,7508.5,57.375
2024-01-22 23:00:00+00:00,26162,7480.5,23.55
2024-01-23 00:00:00+00:00,24385.75,6965.75,14.775
2024-01-23 01:00:00+00:00,23446,6512.5,25.675
2024-01-23 02:00:00+00:00,22967,6192.25,30.8
2024-01-23 03:00:00+00:00,22958.5,6100.25,20.425
2024-01-23 04:00:00+00:00,23616,5770.25,10.05
2024-01-23 05:00:00+00:00,26570.25,5757.5,5.125
2024-01-23 06:00:00+00:00,31184.25,5632.5,4.225
2024-01-23 07:00:00+00:00,33580.25,5474.75,244.5
2024-01-23 08:00:00+00:00,33789.25,5116.25,3572.65
2024-01-23 09:00:00+00:00,33438.5,4668,8596.25
2024-01-23 10:00:00+00:00,32728.75,4376.75,10941.825
2024-01-23 11:00:00+00:00,32219.5,4169,11716.65
2024-01-23 12:00:00+00:00,32059.75,3975.5,12045.175
2024-01-23 13:00:00+00:00,31638,3686.25,11992.15
2024-01-23 14:00:00+00:00,31251.75,3398.25,11758.025
2024-01-23 15:00:00+00:00,31307.75,3341.5,9443.9
2024-01-23 16:00:00+00:00,31817.5,3416.75,4303.1
2024-01-23 17:00:00+00:00,33318.75,3535.75,627.9
2024-01-23 18:00:00+00:00,34794.25,3560.75,169.075
2024-01-23 19:00:00+00:00,35606.5,3532.25,139.9
2024-01-23 20:00:00+00:00,34454,3469.75,125.875
2024-01-23 21:00:00+00:00,30948.75,3330,119.55
2024-01-23 22:00:00+00:00,28071.75,3232,94.4
2024-01-23 23:00:00+00:00,25936.75,3120.25,17.85
2024-01-24 00:00:00+00:00,24297,3088,15.175
2024-01-24 01:00:00+00:00,23224,3027,33.4
2024-01-24 02:00:00+00:00,22791.5,2941.25,59.85
2024-01-24 03:00:00+00:00,22765.5,2869.25,42.625
2024-01-24 04:00:00+00:00,23472,2833.75,25.975
2024-01-24 05:00:00+00:00,26486,2810.75,28.55
2024-01-24 06:00:00+00:00,30869,2819.25,14.65
2024-01-24 07:00:00+00:00,33127.75,2848,329.975
2024-01-24 08:00:00+00:00,33306.75,2885,3896.75
2024-01-24 09:00:00+00:00,32828,2746.75,8880.9
2024-01-24 10:00:00+00:00,32098.75,2578,11359.35
2024-01-24 11:00:00+00:00,31545.25,2315.75,12087.825
2024-01-24 12:00:00+00:00,31337.75,2124,12578.25
2024-01-24 13:00:00+00:00,30822.5,1998.75,12658.4
2024-01-24 14:00:00+00:00,30354,1835.5,12439.2
2024-01-24 15:00:00+00:00,30494.5,1831.25,10121.025
2024-01-24 16:00:00+00:00,31037.5,2014.75,4854.225
2024-01-24 17:00:00+00:00,32628,2387,721.45
2024-01-24 18:00:00+00:00,34060.5,2707.25,163.525
2024-01-24 19:00:00+00:00,34955.5,3147.75,142.15
2024-01-24 20:00:00+00:00,34026,3504,126.425
2024-01-24 21:00:00+00:00,30556.5,3789.75,94.55
2024-01-24 22:00:00+00:00,27608.75,3958.5,57.2
2024-01-24 23:00:00+00:00,25744.5,4260.5,27.35
2024-01-25 00:00:00+00:00,24189.25,4330.25,15.25
2024-01-25 01:00:00+00:00,23161.75,4323,18.175
2024-01-25 02:00:00+00:00,22752.75,4284,21.8
2024-01-25 03:00:00+00:00,22686.25,4161.75,15.65
2024-01-25 04:00:00+00:00,23397,4004,12.025
2024-01-25 05:00:00+00:00,26405.25,3814.5,11.925
2024-01-25 06:00:00+00:00,30937.75,3609.25,10.975
2024-01-25 07:00:00+00:00,32993.5,3443.5,370.075
2024-01-25 08:00:00+00:00,32860.25,3304.25,3854.15
2024-01-25 09:00:00+00:00,32129.25,3061.75,9362.125
2024-01-25 10:00:00+00:00,31445,2746,11456.95
2024-01-25 11:00:00+00:00,30862.5,2485.75,12163.55
2024-01-25 12:00:00+00:00,30668.25,2317,12735.2
2024-01-25 13:00:00+00:00,30103.5,2153.75,12436.625
2024-01-25 14:00:00+00:00,29832.25,1952.25,12016.35
2024-01-25 15:00:00+00:00,30067.25,1839.75,9163
2024-01-25 16:00:00+00:00,30592,1871.5,4308.275
2024-01-25 17:00:00+00:00,32163.5,1975,582.8
2024-01-25 18:00:00+00:00,33705.25,2051.75,118.375
2024-01-25 19:00:00+00:00,34460.75,2063.5,112.175
2024-01-25 20:00:00+00:00,33488,2099.75,98.575
2024-01-25 21:00:00+00:00,30199.75,2146,64.2
2024-01-25 22:00:00+00:00,27365.75,2181.75,41.85
2024-01-25 23:00:00+00:00,25578.5,2240.5,23.225
2024-01-26 00:00:00+00:00,23951.75,2226.75,12.75
2024-01-26 01:00:00+00:00,22833.5,2087.5,13.5
2024-01-26 02:00:00+00:00,22477.5,2021.75,15.75
2024-01-26 03:00:00+00:00,22420.5,1960,12.075
2024-01-26 04:00:00+00:00,23129,1948.75,9.6
2024-01-26 05:00:00+00:00,26041.25,2006.5,20.95
2024-01-26 06:00:00+00:00,30360.5,2157,34.1
2024-01-26 07:00:00+00:00,32248.5,2409.25,350.475
2024-01-26 08:00:00+00:00,32355.5,2753,3471.3
2024-01-26 09:00:00+00:00,31740.75,2850,8479.45
2024-01-26 10:00:00+00:00,31151,2669.25,10697.3
2024-01-26 11:00:00+00:00,30667.5,3289.75,11428.325
2024-01-26 12:00:00+00:00,30282,1528.75,11812.275
2024-01-26 13:00:00+00:00,29571.5,1516.25,11620.175
2024-01-26 14:00:00+00:00,29177.25,1550,10873.15
2024-01-26 15:00:00+00:00,29293,1679.5,8603.4
2024-01-26 16:00:00+00:00,29780.5,1929.5,3938.95
2024-01-26 17:00:00+00:00,31320.75,2196.25,677.75
2024-01-26 18:00:00+00:00,32618.75,2297.5,253.05
2024-01-26 19:00:00+00:00,33057.75,2491.5,160.625
2024-01-26 20:00:00+00:00,32118.5,2530.25,169.025
2024-01-26 21:00:00+00:00,29039.75,2554.5,142.575
2024-01-26 22:00:00+00:00,26627,2627.75,121.5
2024-01-26 23:00:00+00:00,25323.5,2952,42.05
2024-01-27 00:00:00+00:00,23601,2959.25,48.7
2024-01-27 01:00:00+00:00,22424.25,2945.5,49.075
2024-01-27 02:00:00+00:00,21755,2990,46.425
2024-01-27 03:00:00+00:00,21413,2960.25,31.35
2024-01-27 04:00:00+00:00,21481.25,2995,19.55
2024-01-27 05:00:00+00:00,22415.5,3050,11.8
2024-01-27 06:00:00+00:00,24063,3097,7.575
2024-01-27 07:00:00+00:00,25458.25,3204.5,267.75
2024-01-27 08:00:00+00:00,26836.5,3252,3402.375
2024-01-27 09:00:00+00:00,27314.5,3271.25,8253.925
2024-01-27 10:00:00+00:00,26753,3006.75,10683.2
2024-01-27 11:00:00+00:00,25989.25,2785,11509.925
2024-01-27 12:00:00+00:00,25852.25,2610.75,11856.375
2024-01-27 13:00:00+00:00,25543.5,2534.75,11712.825
2024-01-27 14:00:00+00:00,24894.25,2518.25,11134.825
2024-01-27 15:00:00+00:00,24787.5,2605.25,8844.95
2024-01-27 16:00:00+00:00,25326.25,2785.5,4229.65
2024-01-27 17:00:00+00:00,27008.75,3028.5,731.7
2024-01-27 18:00:00+00:00,28491.25,3167.25,165.6
2024-01-27 19:00:00+00:00,29174.25,3326,154.55
2024-01-27 20:00:00+00:00,29130.5,3475.5,140.225
2024-01-27 21:00:00+00:00,26895,3659.75,101.725
2024-01-27 22:00:00+00:00,24891.5,3849.75,74.25
2024-01-27 23:00:00+00:00,23239.75,4938.25,34.475
2024-01-28 00:00:00+00:00,21987.25,5204,31.4
2024-01-28 01:00:00+00:00,20807.25,5408,40.15
2024-01-28 02:00:00+00:00,19841.25,5568.25,47.125
2024-01-28 03:00:00+00:00,19530.75,5676,38.65
2024-01-28 04:00:00+00:00,19401.75,5757.75,27.975
2024-01-28 05:00:00+00:00,19726.5,5849,24.825
2024-01-28 06:00:00+00:00,20559,6000,22.8
2024-01-28 07:00:00+00:00,21324.25,6202,310.95
2024-01-28 08:00:00+00:00,22607.5,6248.25,3476.125
2024-01-28 09:00:00+00:00,23713.75,6081.75,8262.425
2024-01-28 10:00:00+00:00,23979.5,5818.75,10440.15
2024-01-28 11:00:00+00:00,23790.25,5583,11057.45
2024-01-28 12:00:00+00:00,24016.25,5631.25,10979.675
2024-01-28 13:00:00+00:00,24043,5474,10698
2024-01-28 14:00:00+00:00,23596.25,5389.25,9727.025
2024-01-28 15:00:00+00:00,23279.25,5456.5,6988.325
2024-01-28 16:00:00+00:00,23628.75,5701.5,3189.55
2024-01-28 17:00:00+00:00,25226.25,5986,419.85
2024-01-28 18:00:00+00:00,27104.5,6173.5,63.5
2024-01-28 19:00:00+00:00,28683.75,6315.25,132.95
2024-01-28 20:00:00+00:00,28982.25,6405,100.8
2024-01-28 21:00:00+00:00,27543.5,6594,70.65
2024-01-28 22:00:00+00:00,25241.5,6866,21.225
2024-01-28 23:00:00+00:00,22687.5,7244.25,21.125
2024-01-29 00:00:00+00:00,21348,7241.25,17.3
2024-01-29 01:00:00+00:00,20474.25,7101.5,18.15
2024-01-29 02:00:00+00:00,20138.5,6882.25,32.125
2024-01-29 03:00:00+00:00,20226.25,6624.5,19.95
2024-01-29 04:00:00+00:00,21084.5,6404,9.85
2024-01-29 05:00:00+00:00,24226.25,6320,4.525
2024-01-29 06:00:00+00:00,28906.5,6186.25,4.025
2024-01-29 07:00:00+00:00,31678.25,5951,253.1
2024-01-29 08:00:00+00:00,32007,5757,2905.425
2024-01-29 09:00:00+00:00,31424.75,5486.25,7130.2
2024-01-29 10:00:00+00:00,30817,5285.5,8227.275
2024-01-29 11:00:00+00:00,30300,5185.25,8713.225
2024-01-29 12:00:00+00:00,30016.75,4787,10067.95
2024-01-29 13:00:00+00:00,29495.5,4678.5,9568.825
2024-01-29 14:00:00+00:00,29167.75,4516.5,8969.625
2024-01-29 15:00:00+00:00,29349.25,4369.5,7068.9
2024-01-29 16:00:00+00:00,30139,4148.25,3300.025
2024-01-29 17:00:00+00:00,31775,3984.25,499.45
2024-01-29 18:00:00+00:00,33540,3860,53.9
2024-01-29 19:00:00+00:00,34197.5,3686.5,49.45
2024-01-29 20:00:00+00:00,32878.75,3643.75,50.725
2024-01-29 21:00:00+00:00,29445,3570.25,38.075
2024-01-29 22:00:00+00:00,26688.75,3472.5,33.55
2024-01-29 23:00:00+00:00,24631,3734.25,35.725
2024-01-30 00:00:00+00:00,23208,3404.75,31.25
2024-01-30 01:00:00+00:00,22258.75,3263,37.075
2024-01-30 02:00:00+00:00,21959,2986,37.275
2024-01-30 03:00:00+00:00,21907.75,2729,27.05
2024-01-30 04:00:00+00:00,22724,2568.5,11.425
2024-01-30 05:00:00+00:00,25587.5,2524.75,42.4
2024-01-30 06:00:00+00:00,29861.5,2533.25,47.375
2024-01-30 07:00:00+00:00,31945.25,2525.5,332.925
2024-01-30 08:00:00+00:00,32197.5,2475,3190.25
2024-01-30 09:00:00+00:00,31840.75,2381,7627.925
2024-01-30 10:00:00+00:00,31194.75,2237.75,10378.275
2024-01-30 11:00:00+00:00,30653.25,2110.5,11528.1
2024-01-30 12:00:00+00:00,30374,1971.5,12046.4
2024-01-30 13:00:00+00:00,30233.5,1856.5,12146.325
2024-01-30 14:00:00+00:00,30208.5,1814,11804.4
2024-01-30 15:00:00+00:00,30158.25,1767.75,9722.425
2024-01-30 16:00:00+00:00,30593.25,1773.5,4947.825
2024-01-30 17:00:00+00:00,31966.25,1855.75,959.15
2024-01-30 18:00:00+00:00,33620.75,2054.25,216
2024-01-30 19:00:00+00:00,34413.25,2342.5,185.225
2024-01-30 20:00:00+00:00,33340,2451,153.9
2024-01-30 21:00:00+00:00,30067,2507.5,130.775
2024-01-30 22:00:00+00:00,26937.25,2613,99.975
2024-01-30 23:00:00+00:00,25233,3184.75,30.45
2024-01-31 00:00:00+00:00,23673.75,2923.5,24.5
2024-01-31 01:00:00+00:00,22594.25,2965.25,33.45
2024-01-31 02:00:00+00:00,22217.75,2913.5,37.4
2024-01-31 03:00:00+00:00,22193.75,2868.75,36.5
2024-01-31 04:00:00+00:00,23010.25,2793.75,25.275
2024-01-31 05:00:00+00:00,25959,2713.25,15.425
2024-01-31 06:00:00+00:00,30139,2415.5,19.675
2024-01-31 07:00:00+00:00,32320.25,2379.25,314.1
2024-01-31 08:00:00+00:00,32738.75,2256.5,3528.1
2024-01-31 09:00:00+00:00,32439.5,2081,8386.95
2024-01-31 10:00:00+00:00,31763.25,1900.75,11114.05
2024-01-31 11:00:00+00:00,31144.5,1796.25,12312.025
2024-01-31 12:00:00+00:00,30903.5,1721,12828.525
2024-01-31 13:00:00+00:00,30364.5,1697.25,12895.025
2024-01-31 14:00:00+00:00,30049,1674.5,12523.775
2024-01-31 15:00:00+00:00,30027.5,1698.75,10515.725
2024-01-31 16:00:00+00:00,30382.5,1796,5518.275
2024-01-31 17:00:00+00:00,31956.75,2005,1113.975
2024-01-31 18:00:00+00:00,33612.5,2351.75,332.325
2024-01-31 19:00:00+00:00,34338.5,2697.75,308.15
2024-01-31 20:00:00+00:00,33420,3012,233.6
2024-01-31 21:00:00+00:00,30324,3200.25,167.5
2024-01-31 22:00:00+00:00,27421.5,3271.5,120.025
2024-01-31 23:00:00+00:00,25574.5,4220.75,25.35
2024-02-01 00:00:00+00:00,23949.25,4198.25,20.375
2024-02-01 01:00:00+00:00,22855,4124.5,26.3
2024-02-01 02:00:00+00:00,22483.25,4133.25,30.025
2024-02-01 03:00:00+00:00,22474.75,4312.25,23.575
2024-02-01 04:00:00+00:00,23231.75,4604.75,19.25
2024-02-01 05:00:00+00:00,26216.25,5010.25,16.8
2024-02-01 06:00:00+00:00,30495.25,5264,13.95
2024-02-01 07:00:00+00:00,32575.75,5412.5,487.575
2024-02-01 08:00:00+00:00,32912.75,5364.5,4797.35
2024-02-01 09:00:00+00:00,32497,5085.5,10377.275
2024-02-01 10:00:00+00:00,31740,4770.75,12889.5
2024-02-01 11:00:00+00:00,31125.75,4619.75,13634.375
2024-02-01 12:00:00+00:00,30840,4747.5,13795.625
2024-02-01 13:00:00+00:00,30260.75,5028.75,13797.525
2024-02-01 14:00:00+00:00,29937,5396,13299.85
2024-02-01 15:00:00+00:00,30074.75,5935.25,11137.35
2024-02-01 16:00:00+00:00,30541.25,6629.5,6049.65
2024-02-01 17:00:00+00:00,31791.75,7339.5,1274.075
2024-02-01 18:00:00+00:00,33565,8095.25,355.625
2024-02-01 19:00:00+00:00,34397,8768.25,239.425
2024-02-01 20:00:00+00:00,33443,9219.25,194.8
2024-02-01 21:00:00+00:00,30327.25,9525.5,136.55
2024-02-01 22:00:00+00:00,27323,9646.25,96.925
2024-02-01 23:00:00+00:00,25472,9988.25,37.15
2024-02-02 00:00:00+00:00,23921,9867.75,25.9
2024-02-02 01:00:00+00:00,22885,9677.5,42.4
2024-02-02 02:00:00+00:00,22442.75,9572.75,82.9
2024-02-02 03:00:00+00:00,22394.25,9477.25,63.4
2024-02-02 04:00:00+00:00,23102.5,9413.75,50.9
2024-02-02 05:00:00+00:00,26145.75,9192.5,26.35
2024-02-02 06:00:00+00:00,30570.75,9109,25.675
2024-02-02 07:00:00+00:00,32655,8818.75,515.025
2024-02-02 08:00:00+00:00,32721.75,8515.5,4790.95
2024-02-02 09:00:00+00:00,32041.5,7992.25,10218.55
2024-02-02 10:00:00+00:00,31087.25,7235.25,12599.7
2024-02-02 11:00:00+00:00,30398.75,6529.75,13313.05
2024-02-02 12:00:00+00:00,29948,5906.75,13560.575
2024-02-02 13:00:00+00:00,29327,5486,13544.15
2024-02-02 14:00:00+00:00,28988,5242.25,13249.75
2024-02-02 15:00:00+00:00,28972.75,5282.75,11130.725
2024-02-02 16:00:00+00:00,29512.5,5619.25,6290.025
2024-02-02 17:00:00+00:00,30973.25,6179,1283.75
2024-02-02 18:00:00+00:00,32728.25,6724.25,300.175
2024-02-02 19:00:00+00:00,33373.25,6911,240.775
2024-02-02 20:00:00+00:00,32343.25,6836.75,198.8
2024-02-02 21:00:00+00:00,29481.25,6554,152.2
2024-02-02 22:00:00+00:00,26808.25,6133.25,95.2
2024-02-02 23:00:00+00:00,25311.25,5844.5,55.4
2024-02-03 00:00:00+00:00,23576.25,5313.75,45.775
2024-02-03 01:00:00+00:00,22331,4852.25,48.025
2024-02-03 02:00:00+00:00,21639.25,4479,31.975
2024-02-03 03:00:00+00:00,21278.25,4161.5,46.775
2024-02-03 04:00:00+00:00,21339.75,4002.25,26.125
2024-02-03 05:00:00+00:00,22359.75,3825.5,23.225
2024-02-03 06:00:00+00:00,24040,3721,18.125
2024-02-03 07:00:00+00:00,25343.75,3633.75,561.175
2024-02-03 08:00:00+00:00,26992.5,3502,5041.9
2024-02-03 09:00:00+00:00,27422.25,3205.5,10753.075
2024-02-03 10:00:00+00:00,26761.5,2885,13176
2024-02-03 11:00:00+00:00,26060.75,2664,13879.075
2024-02-03 12:00:00+00:00,25958.25,2468,14054.275
2024-02-03 13:00:00+00:00,25681,2271,14107.3
2024-02-03 14:00:00+00:00,25074.5,2107,13852.8
2024-02-03 15:00:00+00:00,24921,2033,11699.15
2024-02-03 16:00:00+00:00,25417,1987.75,6574.8
2024-02-03 17:00:00+00:00,26989.75,2025.25,1322.425
2024-02-03 18:00:00+00:00,28773,2159.5,306.225
2024-02-03 19:00:00+00:00,29453.5,2262.25,234.65
2024-02-03 20:00:00+00:00,29419.25,2270.5,196.225
2024-02-03 21:00:00+00:00,27361.75,2299,152.875
2024-02-03 22:00:00+00:00,25173,2248.5,119.55
2024-02-03 23:00:00+00:00,23328,2060,52.525
2024-02-04 00:00:00+00:00,21598,1970.5,49.875
2024-02-04 01:00:00+00:00,20368.25,1727.5,45.875
2024-02-04 02:00:00+00:00,19737,1656,38.825
2024-02-04 03:00:00+00:00,19453,1601,27.475
2024-02-04 04:00:00+00:00,19506.25,1510.5,16.075
2024-02-04 05:00:00+00:00,20040,1406.25,10.075
2024-02-04 06:00:00+00:00,20863,1327.25,9.675
2024-02-04 07:00:00+00:00,21700.5,1306.5,604.55
2024-02-04 08:00:00+00:00,23077.25,1298.25,5247.05
2024-02-04 09:00:00+00:00,24004,1259.25,11057.475
2024-02-04 10:00:00+00:00,23972.5,1220.75,13411.925
2024-02-04 11:00:00+00:00,23624,1158.25,14125.025
2024-02-04 12:00:00+00:00,23792.25,1103.5,14263.225
2024-02-04 13:00:00+00:00,23731,1046.75,14252.8
2024-02-04 14:00:00+00:00,23154.5,995.25,13902.775
2024-02-04 15:00:00+00:00,22950.75,939.75,11811.475
2024-02-04 16:00:00+00:00,23515.75,907.5,6782.025
2024-02-04 17:00:00+00:00,25514,920.5,1434.325
2024-02-04 18:00:00+00:00,27833.5,944.75,294.975
2024-02-04 19:00:00+00:00,29281.75,940.5,219.35
2024-02-04 20:00:00+00:00,29209.25,928.25,183.6
2024-02-04 21:00:00+00:00,27430.75,934.75,146.55
2024-02-04 22:00:00+00:00,24967.75,965.25,121.55
2024-02-04 23:00:00+00:00,23093.75,1045,52.15
2024-02-05 00:00:00+00:00,21582.25,1027.25,26.275
2024-02-05 01:00:00+00:00,20721.75,921.75,26.625
2024-02-05 02:00:00+00:00,20385.25,911,19.7
2024-02-05 03:00:00+00:00,20555.25,915.5,12.15
2024-02-05 04:00:00+00:00,21509.25,902.25,6
2024-02-05 05:00:00+00:00,24723.75,887.25,96.65
2024-02-05 06:00:00+00:00,29514.75,861.5,88.15
2024-02-05 07:00:00+00:00,32027,816.75,601.025
2024-02-05 08:00:00+00:00,32278.75,768,3967.425
2024-02-05 09:00:00+00:00,31747.25,695.5,8567.15
2024-02-05 10:00:00+00:00,30915.25,614,10876.25
2024-02-05 11:00:00+00:00,30268.25,554.75,11818.575
2024-02-05 12:00:00+00:00,29682,590.5,12025.425
2024-02-05 13:00:00+00:00,28979,616.25,11632.525
2024-02-05 14:00:00+00:00,29051.75,628.5,10583.7
2024-02-05 15:00:00+00:00,29252.75,619.5,7939.7
2024-02-05 16:00:00+00:00,29852.25,648.25,3766.875
2024-02-05 17:00:00+00:00,31353.25,796.25,646
2024-02-05 18:00:00+00:00,33582.25,942.25,156.325
2024-02-05 19:00:00+00:00,34616.25,1058.75,208.15
2024-02-05 20:00:00+00:00,33480,1127,220.725
2024-02-05 21:00:00+00:00,30231.5,1184.25,159.375
2024-02-05 22:00:00+00:00,27140.75,1262.5,137.475
2024-02-05 23:00:00+00:00,25292.5,1434,33.375
2024-02-06 00:00:00+00:00,23669,1496.5,24.775
2024-02-06 01:00:00+00:00,22652.75,1512,20.75
2024-02-06 02:00:00+00:00,22276,1622.5,17.05
2024-02-06 03:00:00+00:00,22320.5,1785.75,10.05
2024-02-06 04:00:00+00:00,23007.5,1987.25,3.45
2024-02-06 05:00:00+00:00,26011,2168.5,98.225
2024-02-06 06:00:00+00:00,30574.5,2321.5,30.075
2024-02-06 07:00:00+00:00,32668.5,2521.5,411.35
2024-02-06 08:00:00+00:00,32643,2604.25,3087.075
2024-02-06 09:00:00+00:00,32080.25,2522.5,8281.05
2024-02-06 10:00:00+00:00,31266,2657.5,9285.475
2024-02-06 11:00:00+00:00,30647.5,3098.75,10568.05
2024-02-06 12:00:00+00:00,30374.75,3948.5,11574.8
2024-02-06 13:00:00+00:00,29830,4813.5,11733.425
2024-02-06 14:00:00+00:00,29537.25,5474.5,11685.975
2024-02-06 15:00:00+00:00,29685,5925.25,9711.775
2024-02-06 16:00:00+00:00,30307,6442.5,5225.725
2024-02-06 17:00:00+00:00,31600,7175.25,1092.8
2024-02-06 18:00:00+00:00,33591.25,8085,165.725
2024-02-06 19:00:00+00:00,34461.25,8933,174
2024-02-06 20:00:00+00:00,33556,9618.25,164.25
2024-02-06 21:00:00+00:00,30313.75,10158.25,197.375
2024-02-06 22:00:00+00:00,27278.25,10648.5,89.05
2024-02-06 23:00:00+00:00,25341,10222.25,77.475
2024-02-07 00:00:00+00:00,23712,10366.5,64.95
2024-02-07 01:00:00+00:00,22625.25,10550.5,80.55
2024-02-07 02:00:00+00:00,22249.5,10855,85.525
2024-02-07 03:00:00+00:00,22259,11019,58.725
2024-02-07 04:00:00+00:00,22983.25,10988.75,43.85
2024-02-07 05:00:00+00:00,25924,10964.5,21.75
2024-02-07 06:00:00+00:00,30362.75,10901.75,17.35
2024-02-07 07:00:00+00:00,32352.25,10990.25,530.675
2024-02-07 08:00:00+00:00,32567.5,11124,3594.65
2024-02-07 09:00:00+00:00,32096.25,11142,7173.6
2024-02-07 10:00:00+00:00,31359,11478.5,8540.2
2024-02-07 11:00:00+00:00,30733.5,12037.5,8934.775
2024-02-07 12:00:00+00:00,30360.25,12524.25,10530.175
2024-02-07 13:00:00+00:00,29631.75,12991.75,9871.925
2024-02-07 14:00:00+00:00,29316.25,13217.75,9781.65
2024-02-07 15:00:00+00:00,29477,13153.5,8476.375
2024-02-07 16:00:00+00:00,29980.75,12792.75,4907.525
2024-02-07 17:00:00+00:00,31266.25,12424.5,824.15
2024-02-07 18:00:00+00:00,33343.5,12532.25,118.6
2024-02-07 19:00:00+00:00,34340,12736,105.725
2024-02-07 20:00:00+00:00,33427.25,12900,75.225
2024-02-07 21:00:00+00:00,30210,13080.5,65.775
2024-02-07 22:00:00+00:00,27205,13208.25,36.925
2024-02-07 23:00:00+00:00,25561.25,13219.25,23.55
2024-02-08 00:00:00+00:00,23932.25,13127,33.775
2024-02-08 01:00:00+00:00,22920.75,13259.5,31.225
2024-02-08 02:00:00+00:00,22609.75,13120.5,29.825
2024-02-08 03:00:00+00:00,22572.25,12591.5,20.25
2024-02-08 04:00:00+00:00,23266.75,12034.75,8.25
2024-02-08 05:00:00+00:00,26190,11672.5,5.35
2024-02-08 06:00:00+00:00,30682.75,11427.25,9.025
2024-02-08 07:00:00+00:00,32573.5,11210.5,389.45
2024-02-08 08:00:00+00:00,32633.25,11023.75,2422.275
2024-02-08 09:00:00+00:00,31965.25,11034.75,4862.15
2024-02-08 10:00:00+00:00,31139,11524.25,6171.25
2024-02-08 11:00:00+00:00,30607,11987,6551.325
2024-02-08 12:00:00+00:00,30358.25,13037.25,6306.7
2024-02-08 13:00:00+00:00,29909.75,13952.25,5486.75
2024-02-08 14:00:00+00:00,29682.75,14637.75,4166.175
2024-02-08 15:00:00+00:00,29809.25,15302,2593.45
2024-02-08 16:00:00+00:00,30280.25,16013.25,1067.075
2024-02-08 17:00:00+00:00,31598.75,16627,179.525
2024-02-08 18:00:00+00:00,33589.5,17160,15.375
2024-02-08 19:00:00+00:00,34611.25,17378.75,20.225
2024-02-08 20:00:00+00:00,33504.25,17573.75,25.95
2024-02-08 21:00:00+00:00,30307.25,17540.5,14.5
2024-02-08 22:00:00+00:00,27314.5,17317.25,9.3
2024-02-08 23:00:00+00:00,25581.75,16563.25,16.375
2024-02-09 00:00:00+00:00,24006.5,16251.75,2.825
2024-02-09 01:00:00+00:00,22965.75,16054.25,1.275
2024-02-09 02:00:00+00:00,22611,15824.5,0.9
2024-02-09 03:00:00+00:00,22558.75,15523.75,0.825
2024-02-09 04:00:00+00:00,23261.25,15090.25,0.625
2024-02-09 05:00:00+00:00,25974.75,14592.25,27.675
2024-02-09 06:00:00+00:00,30265.75,14107.25,136.675
2024-02-09 07:00:00+00:00,32016.25,13526.75,152.875
2024-02-09 08:00:00+00:00,32269,12848.5,709.875
2024-02-09 09:00:00+00:00,31916.5,12202.25,1576.925
2024-02-09 10:00:00+00:00,31411.75,11724.25,2494.275
2024-02-09 11:00:00+00:00,30964.5,11609,3359.975
2024-02-09 12:00:00+00:00,30874,11174.75,3670.3
2024-02-09 13:00:00+00:00,30501,10778.5,3506.15
2024-02-09 14:00:00+00:00,30051,10820,3263.45
2024-02-09 15:00:00+00:00,29962.75,11327.5,3023.75
2024-02-09 16:00:00+00:00,30311,12140.5,1617.675
2024-02-09 17:00:00+00:00,31371.25,12927,425.425
2024-02-09 18:00:00+00:00,32895.25,13805.75,32.375
2024-02-09 19:00:00+00:00,33332.75,14691.25,18.65
2024-02-09 20:00:00+00:00,32399.25,15407.25,4.475
2024-02-09 21:00:00+00:00,29635.75,15877.5,5.725
2024-02-09 22:00:00+00:00,27031.5,16209,0.25
2024-02-09 23:00:00+00:00,25332,15932.75,9.775
2024-02-10 00:00:00+00:00,23673.25,16269.75,0.95
2024-02-10 01:00:00+00:00,22463.75,16529,2.175
2024-02-10 02:00:00+00:00,21770.5,16861.75,0
2024-02-10 03:00:00+00:00,21414.25,17237.75,0
2024-02-10 04:00:00+00:00,21360.25,17507.5,0
2024-02-10 05:00:00+00:00,21947,17610.25,0
2024-02-10 06:00:00+00:00,23440.5,17568,11.125
2024-02-10 07:00:00+00:00,24721,17507.75,481.3
2024-02-10 08:00:00+00:00,26574.5,17507.75,3464
2024-02-10 09:00:00+00:00,27715.75,17616.25,7464.075
2024-02-10 10:00:00+00:00,27574.75,17880.75,9664.225
2024-02-10 11:00:00+00:00,27211.5,18039.75,10319.575
2024-02-10 12:00:00+00:00,27276.5,18071,10445.85
2024-02-10 13:00:00+00:00,27502.25,18113.25,10395.65
2024-02-10 14:00:00+00:00,26302.25,18354.5,10176.7
2024-02-10 15:00:00+00:00,25803.25,18362.25,9024.6
2024-02-10 16:00:00+00:00,26083.5,18117.75,5010.425
2024-02-10 17:00:00+00:00,27380.75,17721.5,1051.475
2024-02-10 18:00:00+00:00,28918.25,17338,94.05
2024-02-10 19:00:00+00:00,29591.75,17157.75,64.9
2024-02-10 20:00:00+00:00,29454.75,17040.5,35.575
2024-02-10 21:00:00+00:00,27429.75,16888.25,11.075
2024-02-10 22:00:00+00:00,25210,16614,33.6
2024-02-10 23:00:00+00:00,23568,16568,14.075
2024-02-11 00:00:00+00:00,21957,16301.75,50.425
2024-02-11 01:00:00+00:00,20878.75,15945.75,31.175
2024-02-11 02:00:00+00:00,20128.5,15552.75,35.25
2024-02-11 03:00:00+00:00,19808.75,15225,51.7
2024-02-11 04:00:00+00:00,19811.75,14732.75,56.8
2024-02-11 05:00:00+00:00,20253.5,14316.5,7.4
2024-02-11 06:00:00+00:00,21163.25,13830.25,9.4
2024-02-11 07:00:00+00:00,21816.75,13414.25,350.3
2024-02-11 08:00:00+00:00,23346.25,13086.25,1922.1
2024-02-11 09:00:00+00:00,24644.75,12888.5,3400.45
2024-02-11 10:00:00+00:00,24967,12856,3970.8
2024-02-11 11:00:00+00:00,24981,12734.75,4046.975
2024-02-11 12:00:00+00:00,25468.5,12279,3991.65
2024-02-11 13:00:00+00:00,25739.75,11374.25,3578.05
2024-02-11 14:00:00+00:00,24668.25,10190,3039.35
2024-02-11 15:00:00+00:00,24310,9212.25,2184.425
2024-02-11 16:00:00+00:00,24894,8236,1042.175
2024-02-11 17:00:00+00:00,26702.25,8030.5,181.325
2024-02-11 18:00:00+00:00,29017,8300.5,23.775
2024-02-11 19:00:00+00:00,30329.75,8823.5,19.375
2024-02-11 20:00:00+00:00,30036.5,9720.5,18.775
2024-02-11 21:00:00+00:00,28302.25,10787.25,12.8
2024-02-11 22:00:00+00:00,25639.5,11763.75,7.375
2024-02-11 23:00:00+00:00,23520.75,14450,3.875
2024-02-12 00:00:00+00:00,21997.75,14837.75,3.875
2024-02-12 01:00:00+00:00,21007.25,15063.75,2.125
2024-02-12 02:00:00+00:00,20730.5,15332.5,1.5
2024-02-12 03:00:00+00:00,20832.5,15474.75,1.4
2024-02-12 04:00:00+00:00,21760.75,15510.75,1.325
2024-02-12 05:00:00+00:00,24904.25,15538.5,1.375
2024-02-12 06:00:00+00:00,29324.25,15154.25,8.425
2024-02-12 07:00:00+00:00,31777.5,14987,483.475
2024-02-12 08:00:00+00:00,32494.75,14585.5,3407.25
2024-02-12 09:00:00+00:00,32333.75,14597.75,6736.025
2024-02-12 10:00:00+00:00,31832.5,14787.25,8930.55
2024-02-12 11:00:00+00:00,31484.5,14913.25,10071.95
2024-02-12 12:00:00+00:00,31369.25,15002,11115.35
2024-02-12 13:00:00+00:00,30806.25,14967.75,11372.8
2024-02-12 14:00:00+00:00,30483.5,14860.25,10928.55
2024-02-12 15:00:00+00:00,30389.5,14350.25,9341.475
2024-02-12 16:00:00+00:00,30728.75,13381,5207.075
2024-02-12 17:00:00+00:00,31706.25,12354.5,1164.6
2024-02-12 18:00:00+00:00,33700.75,11645,167.925
2024-02-12 19:00:00+00:00,34481.75,11083.25,124.05
2024-02-12 20:00:00+00:00,33477.5,10599.5,84.175
2024-02-12 21:00:00+00:00,30246,10227,65.3
2024-02-12 22:00:00+00:00,27268.5,9817.5,53.275
2024-02-12 23:00:00+00:00,25141.5,9528.25,25.525
2024-02-13 00:00:00+00:00,23557.75,9477.25,18.5
2024-02-13 01:00:00+00:00,22723.25,9177.25,13.1
2024-02-13 02:00:00+00:00,22301.75,8812.75,10.675
2024-02-13 03:00:00+00:00,22329.75,8618.25,7.025
2024-02-13 04:00:00+00:00,23028.25,8387,4.625
2024-02-13 05:00:00+00:00,25758.5,8067.25,2.65
2024-02-13 06:00:00+00:00,29730.75,7744,8.575
2024-02-13 07:00:00+00:00,31376.5,7272.5,664.225
2024-02-13 08:00:00+00:00,31704.75,6640.75,3786.575
2024-02-13 09:00:00+00:00,31405,6165.75,6816.775
2024-02-13 10:00:00+00:00,30785.5,5981,8325.7
2024-02-13 11:00:00+00:00,30186.5,6137.75,9329.925
2024-02-13 12:00:00+00:00,30007,6374.75,9913.025
2024-02-13 13:00:00+00:00,29566.75,6541.25,9899.775
2024-02-13 14:00:00+00:00,29166.25,6594.75,9376.25
2024-02-13 15:00:00+00:00,29061.25,6248.75,8527.725
2024-02-13 16:00:00+00:00,29348.5,5633.25,4686.025
2024-02-13 17:00:00+00:00,30832.25,5234.5,1043.05
2024-02-13 18:00:00+00:00,32770.25,5099.5,164.525
2024-02-13 19:00:00+00:00,33720.25,5223.5,127.675
2024-02-13 20:00:00+00:00,32865,5505.75,163.725
2024-02-13 21:00:00+00:00,29637,5758.75,133
2024-02-13 22:00:00+00:00,26817.25,5819,31.15
2024-02-13 23:00:00+00:00,24849,5572,10.725
2024-02-14 00:00:00+00:00,23314.75,5522.5,6.9
2024-02-14 01:00:00+00:00,22418.5,5482.75,5.275
2024-02-14 02:00:00+00:00,22071.25,5512.5,13.475
2024-02-14 03:00:00+00:00,22062.5,5333.25,7.575
2024-02-14 04:00:00+00:00,22741.75,5336.25,12.7
2024-02-14 05:00:00+00:00,25477.75,5322,165.275
2024-02-14 06:00:00+00:00,29573.5,5300.75,218.2
2024-02-14 07:00:00+00:00,30975,5304.5,565.15
2024-02-14 08:00:00+00:00,31156,5362,3785.2
2024-02-14 09:00:00+00:00,30673.5,5295,7164.575
2024-02-14 10:00:00+00:00,29998.5,5284,9437.325
2024-02-14 11:00:00+00:00,29548.5,5350.75,10134.95
2024-02-14 12:00:00+00:00,29509.75,5520.25,10782.175
2024-02-14 13:00:00+00:00,29090.5,5788.75,10496.7
2024-02-14 14:00:00+00:00,28471,6039.75,9509.25
2024-02-14 15:00:00+00:00,28433.25,6398.75,7725.15
2024-02-14 16:00:00+00:00,28997.5,6848,3909.4
2024-02-14 17:00:00+00:00,30170.75,7412.25,928.95
2024-02-14 18:00:00+00:00,32114.75,8021,117.775
2024-02-14 19:00:00+00:00,33160,8470.5,95.55
2024-02-14 20:00:00+00:00,32265,9019,201.15
2024-02-14 21:00:00+00:00,29186,9486.75,193.05
2024-02-14 22:00:00+00:00,26443.5,9737,161.075
2024-02-14 23:00:00+00:00,25009.25,9742.5,39.575
2024-02-15 00:00:00+00:00,23562,9571.5,33.6
2024-02-15 01:00:00+00:00,22654.5,9493,30.025
2024-02-15 02:00:00+00:00,22295.5,9351.25,21.5
2024-02-15 03:00:00+00:00,22212,9376.25,7.925
2024-02-15 04:00:00+00:00,22805.75,9464.5,0.7
2024-02-15 05:00:00+00:00,25611,9544.25,0.5
2024-02-15 06:00:00+00:00,29530.75,9756.5,15.675
2024-02-15 07:00:00+00:00,30886.75,10119,423
2024-02-15 08:00:00+00:00,31100.25,10494.5,2814.625
2024-02-15 09:00:00+00:00,30683.25,10369,5125.25
2024-02-15 10:00:00+00:00,30147,10461,6712.75
2024-02-15 11:00:00+00:00,29828.75,10907.5,7681.375
2024-02-15 12:00:00+00:00,29772.25,10915,7722.925
2024-02-15 13:00:00+00:00,29475.25,10838.75,7140.375
2024-02-15 14:00:00+00:00,29072,10775.5,6158
2024-02-15 15:00:00+00:00,29027,10447.5,4764.575
2024-02-15 16:00:00+00:00,29349.5,10097,2609.625
2024-02-15 17:00:00+00:00,30520.5,9713.75,743.05
2024-02-15 18:00:00+00:00,32331,9211.5,193.825
2024-02-15 19:00:00+00:00,33186.25,8781,112.225
2024-02-15 20:00:00+00:00,32254,8464,133.7
2024-02-15 21:00:00+00:00,29385.75,8408.25,129.25
2024-02-15 22:00:00+00:00,26575.5,8205,115.35
2024-02-15 23:00:00+00:00,24815,7334.5,22.775
2024-02-16 00:00:00+00:00,23425.25,7661,8.95
2024-02-16 01:00:00+00:00,22471.25,8085,3.45
2024-02-16 02:00:00+00:00,22161.25,8495.5,7.4
2024-02-16 03:00:00+00:00,22060.5,9098.5,8.125
2024-02-16 04:00:00+00:00,22644,9663,3.65
2024-02-16 05:00:00+00:00,25514.5,10046.75,0.75
2024-02-16 06:00:00+00:00,29556.25,9953,61.675
2024-02-16 07:00:00+00:00,30979,9756.75,684.025
2024-02-16 08:00:00+00:00,31355.75,9588.25,4057.125
2024-02-16 09:00:00+00:00,31070.25,9623.25,7894.2
2024-02-16 10:00:00+00:00,30630,9637.25,9875.45
2024-02-16 11:00:00+00:00,30232.75,9579,10779.45
2024-02-16 12:00:00+00:00,30099.75,9469.25,11198.95
2024-02-16 13:00:00+00:00,29674.75,9403.25,11201.675
2024-02-16 14:00:00+00:00,29211.25,9208.25,10718.7
2024-02-16 15:00:00+00:00,29046.5,8890.25,9390.7
2024-02-16 16:00:00+00:00,29357.5,8642.25,5761.95
2024-02-16 17:00:00+00:00,30218.25,8489.5,1426.275
2024-02-16 18:00:00+00:00,32064,8509.75,186.275
2024-02-16 19:00:00+00:00,32564.5,8416,175.425
2024-02-16 20:00:00+00:00,31561,8261.5,165.475
2024-02-16 21:00:00+00:00,28797.75,8108.25,140.8
2024-02-16 22:00:00+00:00,26335,7883,130.65
2024-02-16 23:00:00+00:00,25001.5,8137,35.025
2024-02-17 00:00:00+00:00,23398,7954.75,27.275
2024-02-17 01:00:00+00:00,22220,7879.75,35.325
2024-02-17 02:00:00+00:00,21484.25,7969.5,24.125
2024-02-17 03:00:00+00:00,21122,8229.25,19.575
2024-02-17 04:00:00+00:00,21138.75,8489,21.3
2024-02-17 05:00:00+00:00,21886.5,8576.75,14.175
2024-02-17 06:00:00+00:00,23176.5,8291.75,18.275
2024-02-17 07:00:00+00:00,24253.75,7835.75,1378.875
2024-02-17 08:00:00+00:00,25851,7117,6989.325
2024-02-17 09:00:00+00:00,26459,6072.5,12748.175
2024-02-17 10:00:00+00:00,26077.5,5184,15064.875
2024-02-17 11:00:00+00:00,25469.25,4568.25,15870.7
2024-02-17 12:00:00+00:00,25622.75,4139.25,15854.85
2024-02-17 13:00:00+00:00,25469.5,3865,15851.4
2024-02-17 14:00:00+00:00,24581.75,3676,15338.175
2024-02-17 15:00:00+00:00,24129,3486.25,13456.175
2024-02-17 16:00:00+00:00,24571.75,3399.5,8355.15
2024-02-17 17:00:00+00:00,25672.5,3404,2187.625
2024-02-17 18:00:00+00:00,27745,3321,258.725
2024-02-17 19:00:00+00:00,28621.5,3111,255.15
2024-02-17 20:00:00+00:00,28680.75,2848.5,287.65
2024-02-17 21:00:00+00:00,26681.25,2680,277.3
2024-02-17 22:00:00+00:00,24682.5,2584.25,216.65
2024-02-17 23:00:00+00:00,22824.75,2366.75,90.825
2024-02-18 00:00:00+00:00,21362.5,2255.5,100.2
2024-02-18 01:00:00+00:00,20230.5,2148,91.05
2024-02-18 02:00:00+00:00,19490.25,2058.25,64.8
2024-02-18 03:00:00+00:00,19203.25,1996,28.6
2024-02-18 04:00:00+00:00,19227,1941.5,25
2024-02-18 05:00:00+00:00,19652.75,1940.75,20.3
2024-02-18 06:00:00+00:00,20422.75,1736.25,23.675
2024-02-18 07:00:00+00:00,20999.75,1726.75,1335.225
2024-02-18 08:00:00+00:00,22319.25,1897.75,6839.975
2024-02-18 09:00:00+00:00,23177.25,1817.25,12176.825
2024-02-18 10:00:00+00:00,23209.5,1792.5,14525.2
2024-02-18 11:00:00+00:00,22962,1878.25,15176.7
2024-02-18 12:00:00+00:00,23225.5,2094,15448.075
2024-02-18 13:00:00+00:00,23194.5,2469,15503.25
2024-02-18 14:00:00+00:00,22344,2964.75,14694.35
2024-02-18 15:00:00+00:00,22082.75,3527.75,12813.35
2024-02-18 16:00:00+00:00,22668.25,4170.25,8036.125
2024-02-18 17:00:00+00:00,24433.5,4881.5,2230.625
2024-02-18 18:00:00+00:00,26842.5,5649.5,366.275
2024-02-18 19:00:00+00:00,28178.5,6044.5,300.05
2024-02-18 20:00:00+00:00,28201,6123,284.125
2024-02-18 21:00:00+00:00,26499.75,6324,245.225
2024-02-18 22:00:00+00:00,24228,6503.75,210.725
2024-02-18 23:00:00+00:00,22435.25,7249.25,96.575
2024-02-19 00:00:00+00:00,21160.5,7558,67.275
2024-02-19 01:00:00+00:00,20410.5,7875.5,37.05
2024-02-19 02:00:00+00:00,20146.75,8264.25,46.6
2024-02-19 03:00:00+00:00,20214,8510,48.05
2024-02-19 04:00:00+00:00,21163,8554.25,49
2024-02-19 05:00:00+00:00,24287.75,8484.75,45.975
2024-02-19 06:00:00+00:00,28623.25,7637.75,51.95
2024-02-19 07:00:00+00:00,30546.25,7552.5,1505.025
2024-02-19 08:00:00+00:00,30802.25,8138,7262.575
2024-02-19 09:00:00+00:00,30173,7928,12756.9
2024-02-19 10:00:00+00:00,29476,7710.5,15112.2
2024-02-19 11:00:00+00:00,29007.75,7470.5,15757.925
2024-02-19 12:00:00+00:00,28734.25,7396.5,15875
2024-02-19 13:00:00+00:00,28347.25,7506,15750.425
2024-02-19 14:00:00+00:00,28107,7725.75,15346.4
2024-02-19 15:00:00+00:00,28146.25,7971,13851.35
2024-02-19 16:00:00+00:00,28623.5,8343.5,9097.8
2024-02-19 17:00:00+00:00,29730.5,8760.75,2829.875
2024-02-19 18:00:00+00:00,32074.75,8961.75,580.175
2024-02-19 19:00:00+00:00,33142.25,9069.25,405.3
2024-02-19 20:00:00+00:00,32046.75,9502.75,328.6
2024-02-19 21:00:00+00:00,29021.75,9279.5,257.75
2024-02-19 22:00:00+00:00,26093.75,8823.5,227.55
2024-02-19 23:00:00+00:00,24402.5,8206.5,117.025
2024-02-20 00:00:00+00:00,23035,7825,115
2024-02-20 01:00:00+00:00,22163.75,7495,63.85
2024-02-20 02:00:00+00:00,21764.75,7113.25,35.4
2024-02-20 03:00:00+00:00,21702.75,6718,40.8
2024-02-20 04:00:00+00:00,22407.75,6475.75,28.95
2024-02-20 05:00:00+00:00,25251.5,6438,263.925
2024-02-20 06:00:00+00:00,29253,6246.25,260.1
2024-02-20 07:00:00+00:00,30716.5,6333.75,1943.4
2024-02-20 08:00:00+00:00,30596,6705,8422.925
2024-02-20 09:00:00+00:00,30023.25,6188.25,14631.55
2024-02-20 10:00:00+00:00,29161.75,5567.75,16586.85
2024-02-20 11:00:00+00:00,28757.5,5103.5,16966.625
2024-02-20 12:00:00+00:00,28663.5,4497.25,16995.95
2024-02-20 13:00:00+00:00,28189.75,4169.25,16925.45
2024-02-20 14:00:00+00:00,27836,3952.75,16568.75
2024-02-20 15:00:00+00:00,27965.25,3881,14860.2
2024-02-20 16:00:00+00:00,28416.5,3874.75,9810.375
2024-02-20 17:00:00+00:00,29596.5,3912.25,2977.75
2024-02-20 18:00:00+00:00,32094.75,3150.75,664.075
2024-02-20 19:00:00+00:00,33234.25,2849.75,567.925
2024-02-20 20:00:00+00:00,32376.75,3553.5,437.775
2024-02-20 21:00:00+00:00,29261.5,3192,322.1
2024-02-20 22:00:00+00:00,26414.5,2896.25,276.7
2024-02-20 23:00:00+00:00,24468.5,2813.75,128.6
2024-02-21 00:00:00+00:00,23076,2772.75,117.9
2024-02-21 01:00:00+00:00,22222.5,2853,94.325
2024-02-21 02:00:00+00:00,21865.25,3016,52.975
2024-02-21 03:00:00+00:00,21903,3218.75,31
2024-02-21 04:00:00+00:00,22645.75,3467.75,28.05
2024-02-21 05:00:00+00:00,25558.25,3724.5,135.6
2024-02-21 06:00:00+00:00,29655,4047.75,165.725
2024-02-21 07:00:00+00:00,31015.25,4437.75,1762.175
2024-02-21 08:00:00+00:00,30653,4693.75,7334.8
2024-02-21 09:00:00+00:00,29952,4613.25,12239.2
2024-02-21 10:00:00+00:00,29102.25,4563.25,14304.75
2024-02-21 11:00:00+00:00,28695.5,4739.5,14582.55
2024-02-21 12:00:00+00:00,28512,5249,14533.2
2024-02-21 13:00:00+00:00,27904.25,5875,14055.925
2024-02-21 14:00:00+00:00,27650,6501.75,12786.075
2024-02-21 15:00:00+00:00,27864.75,6993.5,10229.625
2024-02-21 16:00:00+00:00,28479.25,7430.25,6296.05
2024-02-21 17:00:00+00:00,29667.25,7929.75,1977.9
2024-02-21 18:00:00+00:00,31980.25,8500.5,466.625
2024-02-21 19:00:00+00:00,33111.75,8989.75,305.05
2024-02-21 20:00:00+00:00,32066.75,9602.25,278.975
2024-02-21 21:00:00+00:00,29153.25,10069.5,247.025
2024-02-21 22:00:00+00:00,26228.75,10460.75,216.45
2024-02-21 23:00:00+00:00,24941.75,11209,35.6
2024-02-22 00:00:00+00:00,23499.75,11591.75,27.375
2024-02-22 01:00:00+00:00,22606.75,11987.25,23.45
2024-02-22 02:00:00+00:00,22218.5,12352.5,12.075
2024-02-22 03:00:00+00:00,22218.25,12591,6.075
2024-02-22 04:00:00+00:00,22878.5,13035.5,6.2
2024-02-22 05:00:00+00:00,25792,13345,7.425
2024-02-22 06:00:00+00:00,29878.75,13596.5,14.75
2024-02-22 07:00:00+00:00,31129.75,13864.5,1041.225
2024-02-22 08:00:00+00:00,30990.75,14247.25,5057.675
2024-02-22 09:00:00+00:00,30110.75,14811.5,8100.8
2024-02-22 10:00:00+00:00,29566,15311,9684.675
2024-02-22 11:00:00+00:00,29295,16164.75,9965.675
2024-02-22 12:00:00+00:00,29370.25,16777.25,9923.6
2024-02-22 13:00:00+00:00,29157.75,17136.25,9261.5
2024-02-22 14:00:00+00:00,28813,17354.25,8299.6
2024-02-22 15:00:00+00:00,29027.5,17428.5,6473
2024-02-22 16:00:00+00:00,29691.25,17515,3887.125
2024-02-22 17:00:00+00:00,30679,17563,786.2
2024-02-22 18:00:00+00:00,32913.5,17444.25,51.125
2024-02-22 19:00:00+00:00,33696.25,17200.5,35.55
2024-02-22 20:00:00+00:00,32625.75,16791,32.625
2024-02-22 21:00:00+00:00,29583.75,16738,34.25
2024-02-22 22:00:00+00:00,26645.75,16780,52.425
2024-02-22 23:00:00+00:00,24846.75,17006.5,47.475
2024-02-23 00:00:00+00:00,23519.5,17045.25,30.575
2024-02-23 01:00:00+00:00,22549.5,17165.5,26
2024-02-23 02:00:00+00:00,22105.25,17358,14.425
2024-02-23 03:00:00+00:00,22072.25,17506.5,5.325
2024-02-23 04:00:00+00:00,22751,17642.75,3.575
2024-02-23 05:00:00+00:00,25516.5,17645.5,3.2
2024-02-23 06:00:00+00:00,29595,17535,20.4
2024-02-23 07:00:00+00:00,30900.25,17419.75,1471.5
2024-02-23 08:00:00+00:00,30897.75,17513.25,6290.5
2024-02-23 09:00:00+00:00,30162.25,17952.75,10187.875
2024-02-23 10:00:00+00:00,29862.5,18169.5,11670.375
2024-02-23 11:00:00+00:00,29664.75,18496.5,12175.275
2024-02-23 12:00:00+00:00,29727,18655.75,12089.125
2024-02-23 13:00:00+00:00,29349.75,18795,11539.2
2024-02-23 14:00:00+00:00,28827.75,18811.75,10615.825
2024-02-23 15:00:00+00:00,28644.5,18520,8967.025
2024-02-23 16:00:00+00:00,28969.75,18002.25,5482.675
2024-02-23 17:00:00+00:00,29981.25,17334,1487.975
2024-02-23 18:00:00+00:00,32103.25,16719.75,195.95
2024-02-23 19:00:00+00:00,32720.5,16467.5,161.15
2024-02-23 20:00:00+00:00,31790.25,16483.25,96.025
2024-02-23 21:00:00+00:00,28961,16680.5,70.6
2024-02-23 22:00:00+00:00,26405.5,16921,58.5
2024-02-23 23:00:00+00:00,25162.5,16266.75,29.275
2024-02-24 00:00:00+00:00,23580,16376.75,22.125
2024-02-24 01:00:00+00:00,22299.5,16327.75,14.825
2024-02-24 02:00:00+00:00,21748,16249.5,9.175
2024-02-24 03:00:00+00:00,21323,16077.75,6.35
2024-02-24 04:00:00+00:00,21253,15812.25,6.45
2024-02-24 05:00:00+00:00,22021.75,15502.25,5.925
2024-02-24 06:00:00+00:00,23295.5,15241.75,14.75
2024-02-24 07:00:00+00:00,24401.25,15063,1441.35
2024-02-24 08:00:00+00:00,25904,15107.75,6083.475
2024-02-24 09:00:00+00:00,26312.75,15402.75,10317.3
2024-02-24 10:00:00+00:00,26061.5,15794,12387.075
2024-02-24 11:00:00+00:00,25685.5,16245,12971.2
2024-02-24 12:00:00+00:00,25796.25,16536.75,12930.975
2024-02-24 13:00:00+00:00,25826.25,16617.25,12310.925
2024-02-24 14:00:00+00:00,24982.75,16421.75,11339.725
2024-02-24 15:00:00+00:00,24677.25,15894.5,9603.325
2024-02-24 16:00:00+00:00,25170.25,15067,6015.075
2024-02-24 17:00:00+00:00,26407.75,14173.5,1566.725
2024-02-24 18:00:00+00:00,28510.5,13722.25,105.825
2024-02-24 19:00:00+00:00,29435.75,13706,72.125
2024-02-24 20:00:00+00:00,29383.75,13936,62.925
2024-02-24 21:00:00+00:00,27334.75,14225.25,59.875
2024-02-24 22:00:00+00:00,25102.5,14551.5,19.075
2024-02-24 23:00:00+00:00,23582,14287.75,9.225
2024-02-25 00:00:00+00:00,21952.25,14536.25,4.85
2024-02-25 01:00:00+00:00,20745.75,14804,3.2
2024-02-25 02:00:00+00:00,20132.75,15053.75,1.5
2024-02-25 03:00:00+00:00,19841.5,15301,6.4
2024-02-25 04:00:00+00:00,19945.25,15533.25,4.75
2024-02-25 05:00:00+00:00,20469.25,15722.5,5.075
2024-02-25 06:00:00+00:00,21227,15873.25,7.675
2024-02-25 07:00:00+00:00,21755,15989.25,401.85
2024-02-25 08:00:00+00:00,22985.75,16157.75,2071.65
2024-02-25 09:00:00+00:00,23912,16296.25,3979.85
2024-02-25 10:00:00+00:00,24069.25,16409.5,5140.375
2024-02-25 11:00:00+00:00,24008.25,16548,6074.025
2024-02-25 12:00:00+00:00,24422,16703.5,6800.725
2024-02-25 13:00:00+00:00,24508.5,16916.25,6616.5
2024-02-25 14:00:00+00:00,23633.25,17168.25,5859.925
2024-02-25 15:00:00+00:00,23414,17359.75,4925
2024-02-25 16:00:00+00:00,24015,17432.25,2636
2024-02-25 17:00:00+00:00,25705,17542.75,665.775
2024-02-25 18:00:00+00:00,28375,17570.5,21.575
2024-02-25 19:00:00+00:00,29926,17593.75,7.65
2024-02-25 20:00:00+00:00,29593.25,17546.5,3.325
2024-02-25 21:00:00+00:00,27765,17522.5,3.8
2024-02-25 22:00:00+00:00,25240.75,17525.5,3.25
2024-02-25 23:00:00+00:00,22958.5,17443,5.575
2024-02-26 00:00:00+00:00,21560,17526.25,7.55
2024-02-26 01:00:00+00:00,20700,17597.25,6.275
2024-02-26 02:00:00+00:00,20364.75,17596.5,3.5
2024-02-26 03:00:00+00:00,20470.75,17444,7.375
2024-02-26 04:00:00+00:00,21446.25,17130.5,5.95
2024-02-26 05:00:00+00:00,24581.5,16749.5,6.4
2024-02-26 06:00:00+00:00,28826.5,16424.75,42.9
2024-02-26 07:00:00+00:00,30833.75,16203.5,1098.7
2024-02-26 08:00:00+00:00,31218.5,16091,5565.55
2024-02-26 09:00:00+00:00,30849,16237,9410.15
2024-02-26 10:00:00+00:00,30201,16552,11401.225
2024-02-26 11:00:00+00:00,30438.25,16865.75,12136.425
2024-02-26 12:00:00+00:00,30499.5,17303.5,12217.975
2024-02-26 13:00:00+00:00,30061.25,17602.75,11971.5
2024-02-26 14:00:00+00:00,29474.75,17859.75,11347.425
2024-02-26 15:00:00+00:00,29462.75,17991.25,9857.25
2024-02-26 16:00:00+00:00,29903.25,18041.5,6142.5
2024-02-26 17:00:00+00:00,30631.25,18189.75,1721.175
2024-02-26 18:00:00+00:00,33057.25,18361.5,240.05
2024-02-26 19:00:00+00:00,34193.5,18415.25,136.95
2024-02-26 20:00:00+00:00,33172,18482.75,80.875
2024-02-26 21:00:00+00:00,29905.75,18476.75,58.775
2024-02-26 22:00:00+00:00,26767.25,18383.25,45.225
2024-02-26 23:00:00+00:00,25237.25,17406,42.75
2024-02-27 00:00:00+00:00,23716.25,17316,43.85
2024-02-27 01:00:00+00:00,22788.75,17115.25,35.375
2024-02-27 02:00:00+00:00,22388.25,16913.25,42.1
2024-02-27 03:00:00+00:00,22400.5,16668,32.4
2024-02-27 04:00:00+00:00,23244,16493.5,19.525
2024-02-27 05:00:00+00:00,26115.25,16463.25,15.325
2024-02-27 06:00:00+00:00,30391.25,16481.5,32.425
2024-02-27 07:00:00+00:00,31943.75,16375.5,2035.475
2024-02-27 08:00:00+00:00,32111.25,16295.5,8100.9
2024-02-27 09:00:00+00:00,31730,16445.75,12828.35
2024-02-27 10:00:00+00:00,31092,16581.5,14392
2024-02-27 11:00:00+00:00,30897,16400,14533.2
2024-02-27 12:00:00+00:00,30889.5,16056.75,14239.075
2024-02-27 13:00:00+00:00,30678,15795.75,13824.5
2024-02-27 14:00:00+00:00,30128.5,15663.75,13061.05
2024-02-27 15:00:00+00:00,30219.75,15567.25,11418.9
2024-02-27 16:00:00+00:00,30781.5,15341,7644.15
2024-02-27 17:00:00+00:00,31684.75,15050.25,2599.425
2024-02-27 18:00:00+00:00,34076.5,14753,384.675
2024-02-27 19:00:00+00:00,35243.5,14446.75,254.5
2024-02-27 20:00:00+00:00,34101.75,14179.25,235.35
2024-02-27 21:00:00+00:00,30707,13931.5,212.325
2024-02-27 22:00:00+00:00,27533.25,13707,160.25
2024-02-27 23:00:00+00:00,25670.75,13077.25,118.975
2024-02-28 00:00:00+00:00,24370.5,13003.5,123.575
2024-02-28 01:00:00+00:00,23220,12924.75,79.075
2024-02-28 02:00:00+00:00,22663.75,12824.25,36.5
2024-02-28 03:00:00+00:00,22593.75,12687.75,18.125
2024-02-28 04:00:00+00:00,23255.25,12569,28.65
2024-02-28 05:00:00+00:00,25862.5,12501.5,16.7
2024-02-28 06:00:00+00:00,29793.25,12418.25,71.675
2024-02-28 07:00:00+00:00,31551.75,12294,2433.25
2024-02-28 08:00:00+00:00,31891,12114.75,8323.725
2024-02-28 09:00:00+00:00,31121.25,11905.75,13769.025
2024-02-28 10:00:00+00:00,30523.75,11732.25,15717.85
2024-02-28 11:00:00+00:00,30132.75,11606.5,16066.25
2024-02-28 12:00:00+00:00,30064,11569,16261.875
2024-02-28 13:00:00+00:00,29744,11532.25,16084.9
2024-02-28 14:00:00+00:00,29435.75,11448.25,15361.775
2024-02-28 15:00:00+00:00,29386,11324.25,13899.175
2024-02-28 16:00:00+00:00,29824.75,11088.5,9574.45
2024-02-28 17:00:00+00:00,30768.5,10871.5,3158.275
2024-02-28 18:00:00+00:00,33004,10711.5,549.575
2024-02-28 19:00:00+00:00,34374.5,10407.25,333.25
2024-02-28 20:00:00+00:00,33796.5,10118.25,301.925
2024-02-28 21:00:00+00:00,31065.5,9920,246.65
2024-02-28 22:00:00+00:00,27799.25,9644,176.7
2024-02-28 23:00:00+00:00,25392.25,8864.75,222.7
2024-02-29 00:00:00+00:00,23930.25,8911.5,196.375
2024-02-29 01:00:00+00:00,22920.75,9059.5,192.05
2024-02-29 02:00:00+00:00,22433.75,9310.75,141.5
2024-02-29 03:00:00+00:00,22491.25,9689,48.175
2024-02-29 04:00:00+00:00,23083.25,10037.75,25.75
2024-02-29 05:00:00+00:00,25928.5,10383,34.65
2024-02-29 06:00:00+00:00,29876.25,10432,80.15
2024-02-29 07:00:00+00:00,31412.75,10153.25,2668.775
2024-02-29 08:00:00+00:00,31386.25,10214.5,9117.625
2024-02-29 09:00:00+00:00,30599.75,10631,14094.975
2024-02-29 10:00:00+00:00,29786.75,11276.25,15578.25
2024-02-29 11:00:00+00:00,29399.75,12104,15505.725
2024-02-29 12:00:00+00:00,29250.75,12986,14972.15
2024-02-29 13:00:00+00:00,29059,13797.5,14294.65
2024-02-29 14:00:00+00:00,28699,14534.75,13361.325
2024-02-29 15:00:00+00:00,28753,15095.25,11712.85
2024-02-29 16:00:00+00:00,29315.25,15471.5,8144.075
2024-02-29 17:00:00+00:00,30355.75,15711.5,2892.1
2024-02-29 18:00:00+00:00,32894.5,16023.25,424.475
2024-02-29 19:00:00+00:00,34137.25,15643.75,247.075
2024-02-29 20:00:00+00:00,33086,15387,220.825
2024-02-29 21:00:00+00:00,30064.75,15575.25,212.9
2024-02-29 22:00:00+00:00,27044,15564.75,186.45
2024-02-29 23:00:00+00:00,25677.5,15506.5,86.9
2024-03-01 00:00:00+00:00,24186,15528.25,70.55
2024-03-01 01:00:00+00:00,23225,15490.25,60.325
2024-03-01 02:00:00+00:00,22752,15420,50.8
2024-03-01 03:00:00+00:00,22734.25,15242.75,27.7
2024-03-01 04:00:00+00:00,23433,14915.5,13.15
2024-03-01 05:00:00+00:00,26250.75,14598,14.875
2024-03-01 06:00:00+00:00,30318.25,14379.75,108.5
2024-03-01 07:00:00+00:00,31808.75,14066.25,2822.975
2024-03-01 08:00:00+00:00,31665.75,13614,9703.55
2024-03-01 09:00:00+00:00,30867.75,13384.5,15092.225
2024-03-01 10:00:00+00:00,30114,13312,16615.8
2024-03-01 11:00:00+00:00,29700.75,13144.5,16611.425
2024-03-01 12:00:00+00:00,29532,13025,16144.425
2024-03-01 13:00:00+00:00,28864,12962.5,15610.225
2024-03-01 14:00:00+00:00,28521.25,12894,14576.225
2024-03-01 15:00:00+00:00,28410.25,12982,12692.775
2024-03-01 16:00:00+00:00,29141.5,12962,8626.25
2024-03-01 17:00:00+00:00,30091.75,13051.75,2885.05
2024-03-01 18:00:00+00:00,32419.5,13332,462.9
2024-03-01 19:00:00+00:00,33584,13511.5,285.275
2024-03-01 20:00:00+00:00,32685.25,13847.5,255.25
2024-03-01 21:00:00+00:00,29723.25,14149.5,226.1
2024-03-01 22:00:00+00:00,26971.25,14309.75,197.9
2024-03-01 23:00:00+00:00,25583.75,14063.25,201.1
2024-03-02 00:00:00+00:00,24056.5,14250.75,189.375
2024-03-02 01:00:00+00:00,22797,14041.75,146.45
2024-03-02 02:00:00+00:00,22068,14271.25,94.775
2024-03-02 03:00:00+00:00,21671,14485.75,30.25
2024-03-02 04:00:00+00:00,21655.25,14658.75,11.25
2024-03-02 05:00:00+00:00,22557.25,16205,9.15
2024-03-02 06:00:00+00:00,23913.25,16544,68.425
2024-03-02 07:00:00+00:00,25000.5,15826.75,1310.95
2024-03-02 08:00:00+00:00,26283,15920.5,4442.6
2024-03-02 09:00:00+00:00,26838.25,16232.25,6633.525
2024-03-02 10:00:00+00:00,26453.75,16556.5,7711.375
2024-03-02 11:00:00+00:00,25795.25,16799,8194.075
2024-03-02 12:00:00+00:00,25902,16659.5,7891.875
2024-03-02 13:00:00+00:00,25514.25,15343.25,7467.7
2024-03-02 14:00:00+00:00,24740.75,15095.75,6170.725
2024-03-02 15:00:00+00:00,24421.5,14756.75,4769.975
2024-03-02 16:00:00+00:00,25044,14281.75,2849.225
2024-03-02 17:00:00+00:00,26855,13793,919.7
2024-03-02 18:00:00+00:00,28818.5,13596,204.475
2024-03-02 19:00:00+00:00,30092.25,13528.75,72.925
2024-03-02 20:00:00+00:00,29766.5,13602.25,69.275
2024-03-02 21:00:00+00:00,27648.75,13793.25,47.1
2024-03-02 22:00:00+00:00,25447,14154.75,38.275
2024-03-02 23:00:00+00:00,23499.75,14983.75,49.65
2024-03-03 00:00:00+00:00,21791.25,15311.75,5.75
2024-03-03 01:00:00+00:00,20598.5,15491,5.75
2024-03-03 02:00:00+00:00,19951.5,15539.25,4.625
2024-03-03 03:00:00+00:00,19600.25,15341,4.425
2024-03-03 04:00:00+00:00,19658.25,15046.5,5.725
2024-03-03 05:00:00+00:00,20129,14879,5.75
2024-03-03 06:00:00+00:00,20729.75,14643,76.35
2024-03-03 07:00:00+00:00,21403.25,14349.25,2538
2024-03-03 08:00:00+00:00,22893,14306.25,8136.125
2024-03-03 09:00:00+00:00,24209.75,14831.25,11668.125
2024-03-03 10:00:00+00:00,24659.75,15496,12647.975
2024-03-03 11:00:00+00:00,24788.25,16095.5,12761.2
2024-03-03 12:00:00+00:00,25367,16415.25,12433.375
2024-03-03 13:00:00+00:00,25494,16583.75,11816.325
2024-03-03 14:00:00+00:00,24392.5,16555.5,10871.175
2024-03-03 15:00:00+00:00,24043.75,15844.25,9394.85
2024-03-03 16:00:00+00:00,24515.5,14837.5,6276.375
2024-03-03 17:00:00+00:00,25913.5,13597.25,1982.55
2024-03-03 18:00:00+00:00,28469,12806,252.625
2024-03-03 19:00:00+00:00,30142,12220,151.9
2024-03-03 20:00:00+00:00,29927.75,11872.75,156.225
2024-03-03 21:00:00+00:00,28031.25,11826.75,210.05
2024-03-03 22:00:00+00:00,25541.25,11864.75,197.725
2024-03-03 23:00:00+00:00,23552.5,11319.75,38.675
2024-03-04 00:00:00+00:00,21978.75,11372,33.575
2024-03-04 01:00:00+00:00,21081.5,11464.75,22.35
2024-03-04 02:00:00+00:00,20748.25,11662.75,9.15
2024-03-04 03:00:00+00:00,20820.5,11888,1.625
2024-03-04 04:00:00+00:00,21726.25,12044.25,0.625
2024-03-04 05:00:00+00:00,24981.75,12118,0.425
2024-03-04 06:00:00+00:00,29330.25,12339.5,106.7
2024-03-04 07:00:00+00:00,31600.75,12214,1267.65
2024-03-04 08:00:00+00:00,31763.25,12298.5,4248.45
2024-03-04 09:00:00+00:00,31387.5,12625.25,6763.1
2024-03-04 10:00:00+00:00,30640.75,13161,8008.5
2024-03-04 11:00:00+00:00,30291,13811.25,8825.6
2024-03-04 12:00:00+00:00,30363.5,14361.25,9056.85
2024-03-04 13:00:00+00:00,29657.75,14708,8645.275
2024-03-04 14:00:00+00:00,29540.25,14944.25,8021.025
2024-03-04 15:00:00+00:00,29591,14992.75,7121.525
2024-03-04 16:00:00+00:00,30197.75,14860.5,5123.375
2024-03-04 17:00:00+00:00,31208.5,14769.5,1955.725
2024-03-04 18:00:00+00:00,33877.75,14637,284.225
2024-03-04 19:00:00+00:00,35406.25,14752.5,132.225
2024-03-04 20:00:00+00:00,34263,14674.25,116.1
2024-03-04 21:00:00+00:00,30662.25,14362,122.7
2024-03-04 22:00:00+00:00,27495.75,13914,91.075
2024-03-04 23:00:00+00:00,25790,11767,14.175
2024-03-05 00:00:00+00:00,24093.25,11367,12.65
2024-03-05 01:00:00+00:00,23131.25,10826.75,18.55
2024-03-05 02:00:00+00:00,22708.5,10260.25,11.775
2024-03-05 03:00:00+00:00,22704.5,9528.25,5.6
2024-03-05 04:00:00+00:00,23399,8834.75,1.675
2024-03-05 05:00:00+00:00,26343.5,8144,0.15
2024-03-05 06:00:00+00:00,30497,7386.75,200
2024-03-05 07:00:00+00:00,32278,6586.75,3355.05
2024-03-05 08:00:00+00:00,32033.25,5832.5,9668.75
2024-03-05 09:00:00+00:00,31461.5,5369.75,14531.6
2024-03-05 10:00:00+00:00,30683.5,5156.25,16339.225
2024-03-05 11:00:00+00:00,30298.25,5115.75,16594.25
2024-03-05 12:00:00+00:00,30389.75,5088.25,16576.525
2024-03-05 13:00:00+00:00,30062.75,5084,16472.775
2024-03-05 14:00:00+00:00,29863.25,4995.5,16212.425
2024-03-05 15:00:00+00:00,29811.25,4814,14504.35
2024-03-05 16:00:00+00:00,30247.5,4622.75,10815.25
2024-03-05 17:00:00+00:00,30842.25,4461.25,3959.475
2024-03-05 18:00:00+00:00,33541,4119.75,744.35
2024-03-05 19:00:00+00:00,35254.25,3799.5,418.05
2024-03-05 20:00:00+00:00,34262,3471.25,458.025
2024-03-05 21:00:00+00:00,30948,3170.5,441.3
2024-03-05 22:00:00+00:00,27761.75,3017.25,388.075
2024-03-05 23:00:00+00:00,25775.5,2381,180
2024-03-06 00:00:00+00:00,24125.5,2458.25,131.225
2024-03-06 01:00:00+00:00,23124.5,2567,91.15
2024-03-06 02:00:00+00:00,22766.5,2680,51.025
2024-03-06 03:00:00+00:00,22725.25,2762,75.875
2024-03-06 04:00:00+00:00,23414.5,2808,54.775
2024-03-06 05:00:00+00:00,26403.75,2851.25,41.125
2024-03-06 06:00:00+00:00,30516.75,2852,227.55
2024-03-06 07:00:00+00:00,32081.5,2823.75,3780.7
2024-03-06 08:00:00+00:00,31696.5,2737.5,9355.875
2024-03-06 09:00:00+00:00,30889,2669.5,14816.225
2024-03-06 10:00:00+00:00,29906.25,2769,16626.875
2024-03-06 11:00:00+00:00,29495.75,2988.25,16591.05
2024-03-06 12:00:00+00:00,29337.75,3179.75,16595.25
2024-03-06 13:00:00+00:00,28755.5,3361,16026.75
2024-03-06 14:00:00+00:00,28465.25,3589.75,15906.875
2024-03-06 15:00:00+00:00,28438.75,3787,12147.525
2024-03-06 16:00:00+00:00,29249.25,4107.5,8963.725
2024-03-06 17:00:00+00:00,30300,4546,3011.6
2024-03-06 18:00:00+00:00,33028.5,5235.5,548.975
2024-03-06 19:00:00+00:00,34868,6001.75,339.675
2024-03-06 20:00:00+00:00,34022.25,6836.25,346.725
2024-03-06 21:00:00+00:00,30782,7602.25,349.975
2024-03-06 22:00:00+00:00,27600.5,8281,314.025
2024-03-06 23:00:00+00:00,25836.5,8434.25,147.875
2024-03-07 00:00:00+00:00,24245.75,9117.5,107.4
2024-03-07 01:00:00+00:00,23249.25,9707.25,89
2024-03-07 02:00:00+00:00,22835.75,10116.25,53.625
2024-03-07 03:00:00+00:00,22809.75,10423.5,35.3
2024-03-07 04:00:00+00:00,23485.5,10657.25,22.375
2024-03-07 05:00:00+00:00,26419,10794.5,16.175
2024-03-07 06:00:00+00:00,30425,10936.5,147.75
2024-03-07 07:00:00+00:00,31863,11092,2237.05
2024-03-07 08:00:00+00:00,31496.5,11375,6381.975
2024-03-07 09:00:00+00:00,30661,12162.25,8954
2024-03-07 10:00:00+00:00,29952.5,13284.25,9816.125
2024-03-07 11:00:00+00:00,29612.75,14503.75,10003.7
2024-03-07 12:00:00+00:00,29640.25,15187.5,9675.7
2024-03-07 13:00:00+00:00,29397.5,15524.75,8836.3
2024-03-07 14:00:00+00:00,28953,15665.25,8048.175
2024-03-07 15:00:00+00:00,29149.25,15509.5,6831.525
2024-03-07 16:00:00+00:00,29963,15238.25,4624.075
2024-03-07 17:00:00+00:00,30804.25,14870.75,1597.35
2024-03-07 18:00:00+00:00,33071,14437.5,242.775
2024-03-07 19:00:00+00:00,34638,14068.75,80.3
2024-03-07 20:00:00+00:00,33731.75,13877.5,58.55
2024-03-07 21:00:00+00:00,30547.5,13845.25,38.55
2024-03-07 22:00:00+00:00,27517.25,13769,27.7
2024-03-07 23:00:00+00:00,25682.5,13404,49.65
2024-03-08 00:00:00+00:00,24137.5,12945.25,34.55
2024-03-08 01:00:00+00:00,23052.75,12434.5,19.125
2024-03-08 02:00:00+00:00,22692.5,12109.25,4.9
2024-03-08 03:00:00+00:00,22610.75,11992.25,0.175
2024-03-08 04:00:00+00:00,23362.25,12002.5,0.15
2024-03-08 05:00:00+00:00,26272.25,12123,0.075
2024-03-08 06:00:00+00:00,30335.25,12420.75,135.9
2024-03-08 07:00:00+00:00,31853,13083.25,2128.3
2024-03-08 08:00:00+00:00,31534.5,13808,6116.025
2024-03-08 09:00:00+00:00,30939.25,14668,8700.925
2024-03-08 10:00:00+00:00,30470,15515.5,9740.85
2024-03-08 11:00:00+00:00,30273,16195,10176.625
2024-03-08 12:00:00+00:00,30342.5,16419.25,10199.125
2024-03-08 13:00:00+00:00,30033.5,16400.25,9725.8
2024-03-08 14:00:00+00:00,29486.75,16186,8714.025
2024-03-08 15:00:00+00:00,29442.25,15877.5,6828.175
2024-03-08 16:00:00+00:00,30019.25,15547.25,4137.35
2024-03-08 17:00:00+00:00,30642.75,15092.25,1211.05
2024-03-08 18:00:00+00:00,32944.25,14943.5,90.725
2024-03-08 19:00:00+00:00,33954.75,15091.75,34.925
2024-03-08 20:00:00+00:00,33095.5,15509.5,29.525
2024-03-08 21:00:00+00:00,30110.75,15981,31.575
2024-03-08 22:00:00+00:00,27453.5,16392.25,23.125
2024-03-08 23:00:00+00:00,25863.25,15645.75,7.325
2024-03-09 00:00:00+00:00,24191.75,16012,1.475
2024-03-09 01:00:00+00:00,22902.25,16182,0.1
2024-03-09 02:00:00+00:00,22203.75,16093.5,0.05
2024-03-09 03:00:00+00:00,21760.75,15778.5,0.175
2024-03-09 04:00:00+00:00,21719.5,15168.5,0.075
2024-03-09 05:00:00+00:00,22455.75,14325.75,0.075
2024-03-09 06:00:00+00:00,23568.5,13486.75,114.2
2024-03-09 07:00:00+00:00,24678.5,12824,891.625
2024-03-09 08:00:00+00:00,26237.5,12391.5,2693.625
2024-03-09 09:00:00+00:00,27100.75,12212.5,4167.85
2024-03-09 10:00:00+00:00,27089,12387.5,5382.475
2024-03-09 11:00:00+00:00,26956.5,12863.5,6556.05
2024-03-09 12:00:00+00:00,27310.25,13419,7308.75
2024-03-09 13:00:00+00:00,26621.5,13877.5,7500.825
2024-03-09 14:00:00+00:00,25728.25,14084,7158.225
2024-03-09 15:00:00+00:00,25335.75,14124.5,6771.25
2024-03-09 16:00:00+00:00,25858.75,13973.75,4723.6
2024-03-09 17:00:00+00:00,27052.75,13753.5,1590
2024-03-09 18:00:00+00:00,29066.5,13526,167.85
2024-03-09 19:00:00+00:00,30200,13614,31.9
2024-03-09 20:00:00+00:00,30092,13909.5,29.775
2024-03-09 21:00:00+00:00,28030.25,14187.25,12.825
2024-03-09 22:00:00+00:00,25775.75,14469.25,3.175
2024-03-09 23:00:00+00:00,23918,14722.5,0
2024-03-10 00:00:00+00:00,22127.25,15542,0
2024-03-10 01:00:00+00:00,20919.5,15621.5,0
2024-03-10 02:00:00+00:00,20240.25,15435.25,0
2024-03-10 03:00:00+00:00,19879,15354,0
2024-03-10 04:00:00+00:00,19983.25,15249.75,0
2024-03-10 05:00:00+00:00,20478.25,15259.25,0.025
2024-03-10 06:00:00+00:00,20939,15094,133.425
2024-03-10 07:00:00+00:00,21714,14860.75,1944.475
2024-03-10 08:00:00+00:00,23305.75,14856.25,5897.4
2024-03-10 09:00:00+00:00,24851,15199.25,8838.575
2024-03-10 10:00:00+00:00,25125.25,15284.75,10359.05
2024-03-10 11:00:00+00:00,25138.5,15655,11341.5
2024-03-10 12:00:00+00:00,25750.25,15923.5,11661.45
2024-03-10 13:00:00+00:00,26093.75,15922,11764.8
2024-03-10 14:00:00+00:00,24826,16022,11212.175
2024-03-10 15:00:00+00:00,24305,16208.75,10210.65
2024-03-10 16:00:00+00:00,24571.5,16147.5,7581.1
2024-03-10 17:00:00+00:00,25845.5,15898,2958.3
2024-03-10 18:00:00+00:00,28512.5,15420,369.225
2024-03-10 19:00:00+00:00,30334.25,15192.5,135.675
2024-03-10 20:00:00+00:00,30346,14808,98.975
2024-03-10 21:00:00+00:00,28199,14516.25,110.775
2024-03-10 22:00:00+00:00,25689,14302,67
2024-03-10 23:00:00+00:00,23697.75,11913.5,29.375
2024-03-11 00:00:00+00:00,22006.75,12934.25,19.2
2024-03-11 01:00:00+00:00,21046.5,13020.25,12.175
2024-03-11 02:00:00+00:00,20628,13003,5.825
2024-03-11 03:00:00+00:00,20734,12959.25,1.7
2024-03-11 04:00:00+00:00,21634.75,12787.75,0.775
2024-03-11 05:00:00+00:00,25024.25,12648.25,0.825
2024-03-11 06:00:00+00:00,29226,12425.75,244.85
2024-03-11 07:00:00+00:00,31434.5,12106.75,3620.95
2024-03-11 08:00:00+00:00,31779.25,11873.25,9755.275
2024-03-11 09:00:00+00:00,31127.75,11852.5,13202.3
2024-03-11 10:00:00+00:00,30427.25,12019.75,14550.9
2024-03-11 11:00:00+00:00,30399.25,12334,14747.375
2024-03-11 12:00:00+00:00,30431.75,12526.25,14502.55
2024-03-11 13:00:00+00:00,29778.25,12524.5,14096.175
2024-03-11 14:00:00+00:00,29245.25,12383,13236.3
2024-03-11 15:00:00+00:00,29063,11978.5,11713.225
2024-03-11 16:00:00+00:00,29673.5,11237.75,8397.35
2024-03-11 17:00:00+00:00,30506.25,10269,3350.2
2024-03-11 18:00:00+00:00,33284,9403.5,521.65
2024-03-11 19:00:00+00:00,35053.75,8854.75,210.95
2024-03-11 20:00:00+00:00,34232.25,8461,129.4
2024-03-11 21:00:00+00:00,30851.75,8035.25,205.55
2024-03-11 22:00:00+00:00,27699.25,7562.75,176.15
2024-03-11 23:00:00+00:00,25293.75,6175.75,137.05
2024-03-12 00:00:00+00:00,23771.25,6069.5,107.175
2024-03-12 01:00:00+00:00,22842,5700,70.9
2024-03-12 02:00:00+00:00,22353,5409.25,56.25
2024-03-12 03:00:00+00:00,22350.5,5146,39.5
2024-03-12 04:00:00+00:00,23160.25,4892.25,41.3
2024-03-12 05:00:00+00:00,26237.25,4630.75,50.875
2024-03-12 06:00:00+00:00,30260,4410.75,395.8
2024-03-12 07:00:00+00:00,31621,4188.75,5101.575
2024-03-12 08:00:00+00:00,31083.75,3896.75,12573.775
2024-03-12 09:00:00+00:00,30084.75,3669.5,16766.35
2024-03-12 10:00:00+00:00,29284.25,3597,17770.4
2024-03-12 11:00:00+00:00,28889.5,3492,17889.075
2024-03-12 12:00:00+00:00,28833.5,3323.75,17687.15
2024-03-12 13:00:00+00:00,28470.75,3130.25,17490.075
2024-03-12 14:00:00+00:00,28269.25,2897.75,16930.125
2024-03-12 15:00:00+00:00,28236.75,2640.5,15423.35
2024-03-12 16:00:00+00:00,28870,2364,11500.375
2024-03-12 17:00:00+00:00,29784.25,2172,4975.05
2024-03-12 18:00:00+00:00,32451.25,2118.75,863.375
2024-03-12 19:00:00+00:00,34228,2124.75,527.925
2024-03-12 20:00:00+00:00,33465,2223,530.425
2024-03-12 21:00:00+00:00,30309,2412.75,495.2
2024-03-12 22:00:00+00:00,27247.5,2638,457.35
2024-03-12 23:00:00+00:00,25477.75,3167.5,288.175
2024-03-13 00:00:00+00:00,23962,3368.75,244.125
2024-03-13 01:00:00+00:00,22948.25,3491.75,178.45
2024-03-13 02:00:00+00:00,22491.5,3577,127.3
2024-03-13 03:00:00+00:00,22490,3647,74.45
2024-03-13 04:00:00+00:00,23258.25,3699.5,52.275
2024-03-13 05:00:00+00:00,26156,3725,48.575
2024-03-13 06:00:00+00:00,29803,3716.5,376.95
2024-03-13 07:00:00+00:00,31164.25,3627.25,4110.6
2024-03-13 08:00:00+00:00,30853.25,3367,10349.475
2024-03-13 09:00:00+00:00,30054.5,3087.75,14746.2
2024-03-13 10:00:00+00:00,29116.75,2981.75,16175.125
2024-03-13 11:00:00+00:00,28711.75,2997,16396.45
2024-03-13 12:00:00+00:00,28706,3075,16819.45
2024-03-13 13:00:00+00:00,28231.5,3096.25,16733.775
2024-03-13 14:00:00+00:00,27952.25,3046,16013.55
2024-03-13 15:00:00+00:00,27951.5,2981.75,14385.4
2024-03-13 16:00:00+00:00,28618,2999.5,10431.35
2024-03-13 17:00:00+00:00,29580.5,3175.75,4417.75
2024-03-13 18:00:00+00:00,32111.75,3368,837.3
2024-03-13 19:00:00+00:00,33869,3578.5,396.175
2024-03-13 20:00:00+00:00,33147.75,3831,394.625
2024-03-13 21:00:00+00:00,30029.25,4215,359.125
2024-03-13 22:00:00+00:00,27009.5,4659.75,304.9
2024-03-13 23:00:00+00:00,25379.5,4997.75,134.65
2024-03-14 00:00:00+00:00,23929,5291.75,100.475
2024-03-14 01:00:00+00:00,22995.75,5459,57.75
2024-03-14 02:00:00+00:00,22618.5,5508.5,30.025
2024-03-14 03:00:00+00:00,22539,5496.75,24.5
2024-03-14 04:00:00+00:00,23254,5476.75,21.625
2024-03-14 05:00:00+00:00,26087.75,5479.75,18.875
2024-03-14 06:00:00+00:00,29676.75,5528.25,483.8
2024-03-14 07:00:00+00:00,31032.5,5447.25,3783.45
2024-03-14 08:00:00+00:00,30503,5227.75,9565
2024-03-14 09:00:00+00:00,29571.75,5296.25,12622.15
2024-03-14 10:00:00+00:00,28957.25,5800.75,14184.15
2024-03-14 11:00:00+00:00,28748.25,6403.5,14304.9
2024-03-14 12:00:00+00:00,28908,6934,14193.775
2024-03-14 13:00:00+00:00,28567.5,7302.5,13760.85
2024-03-14 14:00:00+00:00,28152,7530.5,12835
2024-03-14 15:00:00+00:00,28165.5,7495.25,11149.65
2024-03-14 16:00:00+00:00,28918.75,7273,8027.5
2024-03-14 17:00:00+00:00,29833.25,7030.5,3217.175
2024-03-14 18:00:00+00:00,32255.75,7005.25,569.85
2024-03-14 19:00:00+00:00,33889.5,7165,274.45
2024-03-14 20:00:00+00:00,32939.75,7462.25,227.9
2024-03-14 21:00:00+00:00,29840,7766.5,218.95
2024-03-14 22:00:00+00:00,26857.25,8020,174.875
2024-03-14 23:00:00+00:00,25381.25,7647.5,121.375
2024-03-15 00:00:00+00:00,23971.5,7891.25,105.925
2024-03-15 01:00:00+00:00,23032.75,7987.75,84.05
2024-03-15 02:00:00+00:00,22604,7902.25,66.675
2024-03-15 03:00:00+00:00,22529.5,7660.75,47.55
2024-03-15 04:00:00+00:00,23280.75,7326.25,33.725
2024-03-15 05:00:00+00:00,26141.75,6982.5,27.925
2024-03-15 06:00:00+00:00,29533.5,6560.25,399.55
2024-03-15 07:00:00+00:00,30649.5,5887,4049.35
2024-03-15 08:00:00+00:00,30271.25,5257,9765.85
2024-03-15 09:00:00+00:00,29431.75,5002,13279.45
2024-03-15 10:00:00+00:00,28748.5,4899.75,14756.975
2024-03-15 11:00:00+00:00,28511.25,4822,14980.275
2024-03-15 12:00:00+00:00,28548,4716,14840.375
2024-03-15 13:00:00+00:00,28020,4772.5,14109.925
2024-03-15 14:00:00+00:00,27472.25,4974.25,13394.475
2024-03-15 15:00:00+00:00,27430.5,4929.75,11687.875
2024-03-15 16:00:00+00:00,28139.25,4527.5,8675.35
2024-03-15 17:00:00+00:00,29042.25,4039,3642.45
2024-03-15 18:00:00+00:00,31048,3829.75,660.525
2024-03-15 19:00:00+00:00,32365.5,3541.25,256.65
2024-03-15 20:00:00+00:00,31649.5,3382.75,301.925
2024-03-15 21:00:00+00:00,28803.25,3230,285
2024-03-15 22:00:00+00:00,26387.75,3178.25,284.325
2024-03-15 23:00:00+00:00,24931.5,3502,106.825
2024-03-16 00:00:00+00:00,23405.5,3481.75,88.325
2024-03-16 01:00:00+00:00,22230.75,3398,66.575
2024-03-16 02:00:00+00:00,21595.75,3397.25,52.1
2024-03-16 03:00:00+00:00,21250,3355,33.05
2024-03-16 04:00:00+00:00,21270.75,3215.75,33.75
2024-03-16 05:00:00+00:00,21981,3150.5,31.275
2024-03-16 06:00:00+00:00,22754,3088,474.875
2024-03-16 07:00:00+00:00,23666.75,3012.25,4491.925
2024-03-16 08:00:00+00:00,24990.75,2869.25,10874.575
2024-03-16 09:00:00+00:00,25394,2786.25,15006.475
2024-03-16 10:00:00+00:00,25097.75,2866.25,16861.175
2024-03-16 11:00:00+00:00,24698.75,3167.75,17480.175
2024-03-16 12:00:00+00:00,24825.75,3488.25,17302.325
2024-03-16 13:00:00+00:00,24459.5,3722.5,16883.15
2024-03-16 14:00:00+00:00,23657,3906,15699.5
2024-03-16 15:00:00+00:00,23262,3941,13308.075
2024-03-16 16:00:00+00:00,23667,3911,9125.15
2024-03-16 17:00:00+00:00,24787.75,3978.75,3392.4
2024-03-16 18:00:00+00:00,26712.5,4269.75,571.925
2024-03-16 19:00:00+00:00,28112.25,4550.75,253.025
2024-03-16 20:00:00+00:00,28168.25,4722,266.725
2024-03-16 21:00:00+00:00,26190.5,4868.5,224.35
2024-03-16 22:00:00+00:00,24296.25,4987.75,196.5
2024-03-16 23:00:00+00:00,22605.75,5888,109.9
2024-03-17 00:00:00+00:00,21198.25,5820.5,76.6
2024-03-17 01:00:00+00:00,20191,5676.75,56.35
2024-03-17 02:00:00+00:00,19639,5472.75,36.475
2024-03-17 03:00:00+00:00,19334.75,5153,20.15
2024-03-17 04:00:00+00:00,19392,4876.5,11.8
2024-03-17 05:00:00+00:00,19889,4494.5,8.075
2024-03-17 06:00:00+00:00,20134.25,4090,541.025
2024-03-17 07:00:00+00:00,20514.5,3706.75,4675.05
2024-03-17 08:00:00+00:00,21480.5,3306,9355.725
2024-03-17 09:00:00+00:00,22121.75,3042.75,13600.325
2024-03-17 10:00:00+00:00,22090.75,3002.5,15259.075
2024-03-17 11:00:00+00:00,22040.5,3156.75,15513.95
2024-03-17 12:00:00+00:00,22428,3236.75,15550.075
2024-03-17 13:00:00+00:00,22356,3179.75,14910.575
2024-03-17 14:00:00+00:00,21580.25,2958.5,14455.15
2024-03-17 15:00:00+00:00,21344.25,2704,12702.65
2024-03-17 16:00:00+00:00,21970,2337,9133.525
2024-03-17 17:00:00+00:00,23428.75,2141.25,3970.475
2024-03-17 18:00:00+00:00,26018.25,2069.5,780.075
2024-03-17 19:00:00+00:00,27825.5,1937,278.975
2024-03-17 20:00:00+00:00,27650.75,1842.5,313.3
2024-03-17 21:00:00+00:00,25967.25,1757,288.175
2024-03-17 22:00:00+00:00,23953.25,1719.5,224.65
2024-03-17 23:00:00+00:00,22163.25,1416.25,94.55
2024-03-18 00:00:00+00:00,21058.75,1462.5,78.275
2024-03-18 01:00:00+00:00,20436.25,1550.75,56.375
2024-03-18 02:00:00+00:00,20153.25,1648.25,41.55
2024-03-18 03:00:00+00:00,20255,1704.75,25.025
2024-03-18 04:00:00+00:00,21162.25,1732.5,9.925
2024-03-18 05:00:00+00:00,24274.75,1736.25,82.275
2024-03-18 06:00:00+00:00,27815.75,1649,592.15
2024-03-18 07:00:00+00:00,29187.25,1440.5,4092.275
2024-03-18 08:00:00+00:00,28845.75,1151.5,8244.875
2024-03-18 09:00:00+00:00,28042,850.5,12388.5
2024-03-18 10:00:00+00:00,27301.75,680,13784.875
2024-03-18 11:00:00+00:00,27148.25,692.5,14412.025
2024-03-18 12:00:00+00:00,27238.25,827.25,13857.25
2024-03-18 13:00:00+00:00,26935.75,1040.25,13338.7
2024-03-18 14:00:00+00:00,26697.75,1266.5,11865.95
2024-03-18 15:00:00+00:00,26860.75,1524,9777.875
2024-03-18 16:00:00+00:00,27707.5,1672.5,6605.125
2024-03-18 17:00:00+00:00,28447.25,1739.75,2579.1
2024-03-18 18:00:00+00:00,30573,1800.25,692.675
2024-03-18 19:00:00+00:00,31925.25,1868,204.225
2024-03-18 20:00:00+00:00,31073.5,1891.75,147.525
2024-03-18 21:00:00+00:00,28044.5,1891.5,144.7
2024-03-18 22:00:00+00:00,25406.75,1861,159.725
2024-03-18 23:00:00+00:00,23851.75,1306,8.675
2024-03-19 00:00:00+00:00,22622.5,1243,7
2024-03-19 01:00:00+00:00,21834.5,1279.5,4.875
2024-03-19 02:00:00+00:00,21496.5,1302.75,3.925
2024-03-19 03:00:00+00:00,21489.25,1170.25,4.375
2024-03-19 04:00:00+00:00,22174.75,1018.75,6.575
2024-03-19 05:00:00+00:00,24679.25,942.5,6.65
2024-03-19 06:00:00+00:00,27255,840,491.8
2024-03-19 07:00:00+00:00,28100.75,758.75,4395.25
2024-03-19 08:00:00+00:00,27904,678.25,10801.375
2024-03-19 09:00:00+00:00,27206.5,622.5,14276.15
2024-03-19 10:00:00+00:00,26476.75,735.75,15953.275
2024-03-19 11:00:00+00:00,26411.75,959.25,16552.2
2024-03-19 12:00:00+00:00,26526,1262.25,16370.825
2024-03-19 13:00:00+00:00,26505.25,1607,15961.675
2024-03-19 14:00:00+00:00,26031.5,1906.5,14746.875
2024-03-19 15:00:00+00:00,26121.25,2067.75,12458.075
2024-03-19 16:00:00+00:00,26909.5,2098.75,8365.825
2024-03-19 17:00:00+00:00,27596.75,2225.5,3149.875
2024-03-19 18:00:00+00:00,29817.5,2280.25,461.85
2024-03-19 19:00:00+00:00,31513.25,2407.5,401.65
2024-03-19 20:00:00+00:00,30678.5,2678,314.4
2024-03-19 21:00:00+00:00,27741.5,3113,272.45
2024-03-19 22:00:00+00:00,25208.25,3553.25,248.55
2024-03-19 23:00:00+00:00,23486.25,4611.5,94.775
2024-03-20 00:00:00+00:00,22330,4818.25,94.475
2024-03-20 01:00:00+00:00,21506.5,4755.5,61.325
2024-03-20 02:00:00+00:00,21195.5,4649.25,21.65
2024-03-20 03:00:00+00:00,21197.75,4572.25,1.075
2024-03-20 04:00:00+00:00,21816.25,4477,15.75
2024-03-20 05:00:00+00:00,24084.5,4372.75,1.75
2024-03-20 06:00:00+00:00,26502,4225.5,491.175
2024-03-20 07:00:00+00:00,27613,3929.75,3820.6
2024-03-20 08:00:00+00:00,27613.5,3588,8823.6
2024-03-20 09:00:00+00:00,26992.5,3508.25,11936.425
2024-03-20 10:00:00+00:00,26476.5,3884.75,13611.475
2024-03-20 11:00:00+00:00,26469.5,4400,14219.575
2024-03-20 12:00:00+00:00,26555.25,4858.25,14293.775
2024-03-20 13:00:00+00:00,26252.75,5298.25,13851.625
2024-03-20 14:00:00+00:00,25946,5551.25,12479.175
2024-03-20 15:00:00+00:00,26012.75,5888.5,10487.65
2024-03-20 16:00:00+00:00,26797.25,6142.25,7406.6
2024-03-20 17:00:00+00:00,27623,6267.5,3286.2
2024-03-20 18:00:00+00:00,29603,6131.75,609.775
2024-03-20 19:00:00+00:00,31172.75,6518.5,224.825
2024-03-20 20:00:00+00:00,30146.25,6699.75,216.5
2024-03-20 21:00:00+00:00,27410.25,6690.75,200
2024-03-20 22:00:00+00:00,24950.25,6764.25,174.65
2024-03-20 23:00:00+00:00,23833.25,6894.25,23.125
2024-03-21 00:00:00+00:00,22580.5,6923.5,11.825
2024-03-21 01:00:00+00:00,21755,6966,6.975
2024-03-21 02:00:00+00:00,21444.5,7011.25,3.15
2024-03-21 03:00:00+00:00,21436,6997.5,5.575
2024-03-21 04:00:00+00:00,22138.75,7054,2.975
2024-03-21 05:00:00+00:00,24758,7253.75,2.925
2024-03-21 06:00:00+00:00,27542.5,7281.75,453.825
2024-03-21 07:00:00+00:00,28663,7020,2880.775
2024-03-21 08:00:00+00:00,28251.75,6826.5,6948.525
2024-03-21 09:00:00+00:00,27559.75,6642,10430.325
2024-03-21 10:00:00+00:00,27039.75,6627,12493.7
2024-03-21 11:00:00+00:00,27208,6729.75,13396.875
2024-03-21 12:00:00+00:00,27457.5,7035.5,13775.375
2024-03-21 13:00:00+00:00,27402.75,7346.75,13531.875
2024-03-21 14:00:00+00:00,27082.5,7417.25,12628.625
2024-03-21 15:00:00+00:00,27237.25,7527,10758.675
2024-03-21 16:00:00+00:00,27781.25,7501.5,7428.6
2024-03-21 17:00:00+00:00,28382.25,7577.25,2936.45
2024-03-21 18:00:00+00:00,30235.25,7669.75,309
2024-03-21 19:00:00+00:00,31690.25,7703.75,40.3
2024-03-21 20:00:00+00:00,30722.5,7494.25,75.7
2024-03-21 21:00:00+00:00,27913.5,7023,71.475
2024-03-21 22:00:00+00:00,25421,6571.25,47.225
2024-03-21 23:00:00+00:00,24122.5,6167.75,21.075
2024-03-22 00:00:00+00:00,22923.5,5662.25,16.95
2024-03-22 01:00:00+00:00,22045.5,5331.5,11.275
2024-03-22 02:00:00+00:00,21729.75,5105,8.975
2024-03-22 03:00:00+00:00,21708,4981.5,8
2024-03-22 04:00:00+00:00,22417.25,4930.5,7.925
2024-03-22 05:00:00+00:00,24878,4854.75,5.575
2024-03-22 06:00:00+00:00,27647.75,4815,624.05
2024-03-22 07:00:00+00:00,28783.75,4642.5,4200.85
2024-03-22 08:00:00+00:00,28436.5,4374.25,9296.875
2024-03-22 09:00:00+00:00,27847.5,4134.75,13054.7
2024-03-22 10:00:00+00:00,27181.75,4023.75,14592.825
2024-03-22 11:00:00+00:00,27174.75,4124.5,15281.175
2024-03-22 12:00:00+00:00,27145.75,4425.25,14854.925
2024-03-22 13:00:00+00:00,26778.75,4553.5,14596.125
2024-03-22 14:00:00+00:00,26355.75,4784.25,13602.1
2024-03-22 15:00:00+00:00,26413.25,4986.5,11880.575
2024-03-22 16:00:00+00:00,27118.5,5272,8414.55
2024-03-22 17:00:00+00:00,27828,5689.25,3171.35
2024-03-22 18:00:00+00:00,29740.5,6348.25,441.55
2024-03-22 19:00:00+00:00,30823.5,7219.5,76.275
2024-03-22 20:00:00+00:00,29949,8129,253.55
2024-03-22 21:00:00+00:00,27430.5,8975.25,202.225
2024-03-22 22:00:00+00:00,25193.75,9911.75,183.95
2024-03-22 23:00:00+00:00,24107.75,11133,4.1
2024-03-23 00:00:00+00:00,22891.75,11514,2.25
2024-03-23 01:00:00+00:00,21777.5,11619.5,27.35
2024-03-23 02:00:00+00:00,21232.5,11657.25,2.05
2024-03-23 03:00:00+00:00,20961,11819.5,0.825
2024-03-23 04:00:00+00:00,20903.75,12046.5,0.475
2024-03-23 05:00:00+00:00,21408.25,11960,1.9
2024-03-23 06:00:00+00:00,21923.25,12371.75,508.775
2024-03-23 07:00:00+00:00,22850,12918.75,3283.8
2024-03-23 08:00:00+00:00,24019,12481.75,7632.1
2024-03-23 09:00:00+00:00,24513.75,11695.25,11126.45
2024-03-23 10:00:00+00:00,24333,10821.75,12457.65
2024-03-23 11:00:00+00:00,24101.25,10283,13135.3
2024-03-23 12:00:00+00:00,24277.5,9842.5,13320.15
2024-03-23 13:00:00+00:00,23765.5,9580,12984.75
2024-03-23 14:00:00+00:00,23278.75,9434.75,11880.4
2024-03-23 15:00:00+00:00,22993,9919.25,9954.7
2024-03-23 16:00:00+00:00,23483.5,10323,6784.95
2024-03-23 17:00:00+00:00,24471,10794,2768.925
2024-03-23 18:00:00+00:00,26229.25,11123.75,296.05
2024-03-23 19:00:00+00:00,27266.75,11330.5,15.1
2024-03-23 20:00:00+00:00,27083.25,11250.25,57.95
2024-03-23 21:00:00+00:00,25189,11003,26.125
2024-03-23 22:00:00+00:00,23356.5,10672,22.35
2024-03-23 23:00:00+00:00,21548.75,9783.75,15.625
2024-03-24 00:00:00+00:00,20253.25,9512.5,100.075
2024-03-24 01:00:00+00:00,19226.5,9373,100.6
2024-03-24 02:00:00+00:00,18778.75,9306,98.85
2024-03-24 03:00:00+00:00,18545.25,9201.25,97.4
2024-03-24 04:00:00+00:00,18522,9023,99.025
2024-03-24 05:00:00+00:00,18853.5,8924.75,163.825
2024-03-24 06:00:00+00:00,18917.75,8909,725.35
2024-03-24 07:00:00+00:00,19546.5,8661,4143.75
2024-03-24 08:00:00+00:00,20621.75,8209.75,9042.2
2024-03-24 09:00:00+00:00,21287.75,7908.25,12115.55
2024-03-24 10:00:00+00:00,21083.25,7776,12801.175
2024-03-24 11:00:00+00:00,20986.25,7691.75,13115.725
2024-03-24 12:00:00+00:00,21406.25,7585.25,13200.825
2024-03-24 13:00:00+00:00,21303.5,7485.25,12848.25
2024-03-24 14:00:00+00:00,20643,7456.5,11669.35
2024-03-24 15:00:00+00:00,20648,7500.75,9540.5
2024-03-24 16:00:00+00:00,21324.25,7595.25,6283.175
2024-03-24 17:00:00+00:00,22537.25,7762,2288.175
2024-03-24 18:00:00+00:00,24642.25,8004,645.95
2024-03-24 19:00:00+00:00,26481.5,7903,121.525
2024-03-24 20:00:00+00:00,26432.75,7427,80.725
2024-03-24 21:00:00+00:00,24802.25,6761.5,28.625
2024-03-24 22:00:00+00:00,22997,5979.75,26.45
2024-03-24 23:00:00+00:00,21489,5048.75,31.975
2024-03-25 00:00:00+00:00,20361.25,4617,30.125
2024-03-25 01:00:00+00:00,19616.75,4349.5,3.9
2024-03-25 02:00:00+00:00,19346.25,4311,0.15
2024-03-25 03:00:00+00:00,19320,4493.75,0.125
2024-03-25 04:00:00+00:00,20182.5,4793.5,0.125
2024-03-25 05:00:00+00:00,22667.5,5102.5,2.525
2024-03-25 06:00:00+00:00,24902.75,5463.25,371.1
2024-03-25 07:00:00+00:00,26452.75,5908,1660.9
2024-03-25 08:00:00+00:00,27248.25,6463.25,3438.475
2024-03-25 09:00:00+00:00,27074.25,7189.25,5230.825
2024-03-25 10:00:00+00:00,26750,8016,6112.7
2024-03-25 11:00:00+00:00,27056.5,8696,7039.1
2024-03-25 12:00:00+00:00,27234,9145.75,7219.6
2024-03-25 13:00:00+00:00,26818.25,9422.5,7270.5
2024-03-25 14:00:00+00:00,26340.75,9672,6867.025
2024-03-25 15:00:00+00:00,26709.75,9873.75,6259.875
2024-03-25 16:00:00+00:00,27597,9675.75,4534.075
2024-03-25 17:00:00+00:00,28202.25,9534,2171.425
2024-03-25 18:00:00+00:00,29737,9318.25,565.725
2024-03-25 19:00:00+00:00,30962.5,9105,27.3
2024-03-25 20:00:00+00:00,29986.5,8803,42.375
2024-03-25 21:00:00+00:00,27354.75,8663,28.95
2024-03-25 22:00:00+00:00,24770.5,8677.25,21.65
2024-03-25 23:00:00+00:00,23692.75,8621,2.25
2024-03-26 00:00:00+00:00,22340.5,8965.75,2.425
2024-03-26 01:00:00+00:00,21515,9323.75,2.075
2024-03-26 02:00:00+00:00,21164,9650,6.425
2024-03-26 03:00:00+00:00,21140,10244.5,6.125
2024-03-26 04:00:00+00:00,21758.75,10608.75,25.5
2024-03-26 05:00:00+00:00,23933.75,10983.5,1.15
2024-03-26 06:00:00+00:00,25830.5,11560.5,586.75
2024-03-26 07:00:00+00:00,27530,11707.25,3702.05
2024-03-26 08:00:00+00:00,28608.75,12104.25,7919.675
2024-03-26 09:00:00+00:00,28828.5,12649.25,10873.55
2024-03-26 10:00:00+00:00,28659,12941.75,12122.675
2024-03-26 11:00:00+00:00,28561,13207.5,12434.875
2024-03-26 12:00:00+00:00,28623.75,13611.75,12436.35
2024-03-26 13:00:00+00:00,28554.5,13947.25,11964.3
2024-03-26 14:00:00+00:00,28173.25,13938.5,10853.7
2024-03-26 15:00:00+00:00,28158.75,13760.25,8891.675
2024-03-26 16:00:00+00:00,28408,13274.75,6026.8
2024-03-26 17:00:00+00:00,28512.5,12700.25,2349.125
2024-03-26 18:00:00+00:00,30180,12560.25,282.475
2024-03-26 19:00:00+00:00,31479,12744.5,17.125
2024-03-26 20:00:00+00:00,30634.25,12776.75,82.05
2024-03-26 21:00:00+00:00,28442,12959.75,46.75
2024-03-26 22:00:00+00:00,25888.5,13559.5,70.675
2024-03-26 23:00:00+00:00,24781.25,12189.25,13
2024-03-27 00:00:00+00:00,23412.75,12946.25,7.8
2024-03-27 01:00:00+00:00,22347,13640.75,13.475
2024-03-27 02:00:00+00:00,21875.25,14172.25,1.075
2024-03-27 03:00:00+00:00,21793,14405.25,0.6
2024-03-27 04:00:00+00:00,22323.25,14444.75,0.725
2024-03-27 05:00:00+00:00,24470.25,14471.5,3.45
2024-03-27 06:00:00+00:00,26713.5,14573.5,599.05
2024-03-27 07:00:00+00:00,28392,14422.5,3045.6
2024-03-27 08:00:00+00:00,28962.25,14426.5,6215
2024-03-27 09:00:00+00:00,28776.5,14494,8109.25
2024-03-27 10:00:00+00:00,28482,14863.25,8964.875
2024-03-27 11:00:00+00:00,28336.5,14727,9486.175
2024-03-27 12:00:00+00:00,28530.75,14641.75,9363.35
2024-03-27 13:00:00+00:00,28293.5,14619.25,8636.2
2024-03-27 14:00:00+00:00,27635.75,14204.75,7594.625
2024-03-27 15:00:00+00:00,27685.25,14050.75,6151.075
2024-03-27 16:00:00+00:00,28211.5,14156.75,4229.1
2024-03-27 17:00:00+00:00,28728.5,14386.75,1689.075
2024-03-27 18:00:00+00:00,30636.5,14880.25,220.4
2024-03-27 19:00:00+00:00,32058.25,15053.75,20.625
2024-03-27 20:00:00+00:00,31087.75,15102.5,20.5
2024-03-27 21:00:00+00:00,28540,15198,21
2024-03-27 22:00:00+00:00,26256,15199.5,23.425
2024-03-27 23:00:00+00:00,24090.75,14928.25,9.95
2024-03-28 00:00:00+00:00,23154.75,14866,31.1
2024-03-28 01:00:00+00:00,21880.75,14787.75,36.775
2024-03-28 02:00:00+00:00,20876.25,14627.75,36.375
2024-03-28 03:00:00+00:00,20568.25,14154.75,41.425
2024-03-28 04:00:00+00:00,20508.25,13534.75,38.175
2024-03-28 05:00:00+00:00,21335.5,12954.5,4.1
2024-03-28 06:00:00+00:00,21981.25,12315,614.4
2024-03-28 07:00:00+00:00,22340.5,11740.25,3171
2024-03-28 08:00:00+00:00,22902.75,11527.5,6334.975
2024-03-28 09:00:00+00:00,23455.5,11660.75,7689.025
2024-03-28 10:00:00+00:00,23552.25,11834,8428.875
2024-03-28 11:00:00+00:00,23647,11993.75,9010.2
2024-03-28 12:00:00+00:00,23950.25,12285,9217.15
2024-03-28 13:00:00+00:00,24151.5,12601.25,8626.575
2024-03-28 14:00:00+00:00,23652.75,12919,7625.675
2024-03-28 15:00:00+00:00,23072.75,13199.5,6281.175
2024-03-28 16:00:00+00:00,23066.25,13451,4113.875
2024-03-28 17:00:00+00:00,23720.75,13677.75,1465.45
2024-03-28 18:00:00+00:00,24866.75,13739.25,187.275
2024-03-28 19:00:00+00:00,26697.75,13788.75,32.825
2024-03-28 20:00:00+00:00,27224.25,13800.75,33.425
2024-03-28 21:00:00+00:00,25942,13769.25,39.525
2024-03-28 22:00:00+00:00,24069.5,13603.25,29.225
2024-03-28 23:00:00+00:00,22377.75,12962,15.375
2024-03-29 00:00:00+00:00,20997.5,12683.25,43.9
2024-03-29 01:00:00+00:00,19805.25,12363,42.15
2024-03-29 02:00:00+00:00,19190,11916,41.6
2024-03-29 03:00:00+00:00,18851.75,11255.25,40.525
2024-03-29 04:00:00+00:00,18887.25,10528.5,0.575
2024-03-29 05:00:00+00:00,19546.75,9828.5,3.5
2024-03-29 06:00:00+00:00,19803.75,9157.25,504.6
2024-03-29 07:00:00+00:00,19784.25,8414.25,2586.425
2024-03-29 08:00:00+00:00,20570.25,7893,4918.575
2024-03-29 09:00:00+00:00,21255.5,7695,6393.275
2024-03-29 10:00:00+00:00,21513,7714.5,7261.2
2024-03-29 11:00:00+00:00,21522,7718,8115.075
2024-03-29 12:00:00+00:00,21956.25,7660.5,8528.6
2024-03-29 13:00:00+00:00,22177,7784.25,8273.575
2024-03-29 14:00:00+00:00,21476,8256.75,7664.55
2024-03-29 15:00:00+00:00,21135.5,8776,6843.725
2024-03-29 16:00:00+00:00,21462.5,8936.75,5559.05
2024-03-29 17:00:00+00:00,22531.75,8786.75,2918.05
2024-03-29 18:00:00+00:00,24264.25,8496.25,502.875
2024-03-29 19:00:00+00:00,25775.25,8232.5,107.875
2024-03-29 20:00:00+00:00,26006.75,8035.25,65.475
2024-03-29 21:00:00+00:00,24855.25,7756.75,42.85
2024-03-29 22:00:00+00:00,23138.25,7331,16.7
2024-03-29 23:00:00+00:00,21508,6285.5,0.025
2024-03-30 00:00:00+00:00,20084.25,5741,0
2024-03-30 01:00:00+00:00,19196.25,5462,0
2024-03-30 02:00:00+00:00,18536.25,5481,0
2024-03-30 03:00:00+00:00,18297,5573.75,0
2024-03-30 04:00:00+00:00,18507,5653.75,0
2024-03-30 05:00:00+00:00,19086.75,5913,17.575
2024-03-30 06:00:00+00:00,19384,6306,808.1
2024-03-30 07:00:00+00:00,20888.25,6555.5,3874.125
2024-03-30 08:00:00+00:00,22680.25,6880.5,7378.7
2024-03-30 09:00:00+00:00,23690.75,7390,8573.425
2024-03-30 10:00:00+00:00,23800.5,7825.5,9509.3
2024-03-30 11:00:00+00:00,23825.5,8109.5,9823.85
2024-03-30 12:00:00+00:00,24185,8124,9416.975
2024-03-30 13:00:00+00:00,24159,8114,8888.075
2024-03-30 14:00:00+00:00,23579,8363.75,7651.6
2024-03-30 15:00:00+00:00,23394.25,8215,6030.875
2024-03-30 16:00:00+00:00,23818.5,7897.5,4811.775
2024-03-30 17:00:00+00:00,25008.5,7788,2004.975
2024-03-30 18:00:00+00:00,26614,7782.5,343.1
2024-03-30 19:00:00+00:00,27964.5,7866,55.825
2024-03-30 20:00:00+00:00,27951.5,8410,33.95
2024-03-30 21:00:00+00:00,26057.25,8839,25.2
2024-03-30 22:00:00+00:00,23717,9262.75,12.475
2024-03-30 23:00:00+00:00,21648,10569.25,0.025
2024-03-31 00:00:00+00:00,19667.25,10757.5,0.85
2024-03-31 01:00:00+00:00,19028.5,10612.5,0.7
2024-03-31 02:00:00+00:00,18389.25,10135.25,0.4
2024-03-31 03:00:00+00:00,18279.75,9114.75,0.175
2024-03-31 04:00:00+00:00,18475.75,7883.25,0.025
2024-03-31 05:00:00+00:00,18870.25,6984.5,5.75
2024-03-31 06:00:00+00:00,19224.75,6691.5,429.125
2024-03-31 07:00:00+00:00,19706.75,7010.25,1726.85
2024-03-31 08:00:00+00:00,20822,7776,3355.925
2024-03-31 09:00:00+00:00,21795.25,8603.5,4594.4
2024-03-31 10:00:00+00:00,22346,9551.5,6092.8
2024-03-31 11:00:00+00:00,22594.5,10523.5,7270.925
2024-03-31 12:00:00+00:00,22970.25,11251,8073.35
2024-03-31 13:00:00+00:00,22520.25,11730.25,8434.95
2024-03-31 14:00:00+00:00,21831.25,12171.75,8605.15
2024-03-31 15:00:00+00:00,21952,12687.25,8434.7
2024-03-31 16:00:00+00:00,22591.25,12913.5,7249.6
2024-03-31 17:00:00+00:00,23495.75,12903.25,3806.375
2024-03-31 18:00:00+00:00,24969.75,12803,698.75
2024-03-31 19:00:00+00:00,27106.75,12680,165.25
2024-03-31 20:00:00+00:00,26362.25,12660.25,127.425
2024-03-31 21:00:00+00:00,24254,12637.25,69.5
2024-03-31 22:00:00+00:00,22288.25,11643.5,44.7
2024-03-31 23:00:00+00:00,20590.5,11590.75,30.775
2024-04-01 00:00:00+00:00,19683,11421.5,32.5
2024-04-01 01:00:00+00:00,18944.75,11282.25,28.225
2024-04-01 02:00:00+00:00,18704.75,11168.5,44.05
2024-04-01 03:00:00+00:00,19119.75,11016.25,44.15
2024-04-01 04:00:00+00:00,20758,10980.5,29.625
2024-04-01 05:00:00+00:00,23126.25,11001,31.45
2024-04-01 06:00:00+00:00,24344.5,11350.75,1143.45
2024-04-01 07:00:00+00:00,25194.25,11579,5482.125
2024-04-01 08:00:00+00:00,25862.75,12004.5,9849.375
2024-04-01 09:00:00+00:00,26049.75,12388.75,12287.65
2024-04-01 10:00:00+00:00,26196,12548.25,13634.1
2024-04-01 11:00:00+00:00,26263,12483.75,14264.275
2024-04-01 12:00:00+00:00,26547.75,12540.25,14176.1
2024-04-01 13:00:00+00:00,25522,12499,13886.15
2024-04-01 14:00:00+00:00,24889,12998.75,13133.35
2024-04-01 15:00:00+00:00,24833,12806.5,11586.65
2024-04-01 16:00:00+00:00,24834,12477.75,8785.85
2024-04-01 17:00:00+00:00,26040.75,11891.75,4357.3
2024-04-01 18:00:00+00:00,29083.5,11244.75,848.275
2024-04-01 19:00:00+00:00,30288,10655.5,149.425
2024-04-01 20:00:00+00:00,28207,10206.5,156.55
2024-04-01 21:00:00+00:00,25315.5,9822,146.65
2024-04-01 22:00:00+00:00,23483.25,8592.25,97.225
2024-04-01 23:00:00+00:00,21782,8282.75,53.125
2024-04-02 00:00:00+00:00,20720.75,7772.5,50.075
2024-04-02 01:00:00+00:00,20236,7219.25,42.375
2024-04-02 02:00:00+00:00,20126.25,6763.25,33.65
2024-04-02 03:00:00+00:00,21059.25,6489.75,25.525
2024-04-02 04:00:00+00:00,23955.5,6420,14.925
2024-04-02 05:00:00+00:00,28003.75,6383.25,85.15
2024-04-02 06:00:00+00:00,29827.5,6275.75,884.95
2024-04-02 07:00:00+00:00,29809.5,6140.5,4708.6
2024-04-02 08:00:00+00:00,29099,6138.25,8786.975
2024-04-02 09:00:00+00:00,28734.75,6490.75,11556.6
2024-04-02 10:00:00+00:00,28450.25,6979.25,12735.325
2024-04-02 11:00:00+00:00,28169.5,7275.25,12793.65
2024-04-02 12:00:00+00:00,27558.5,7543,12331.55
2024-04-02 13:00:00+00:00,27167.5,7762,11333.35
2024-04-02 14:00:00+00:00,26913.75,8146.75,9681.475
2024-04-02 15:00:00+00:00,27329,8462.5,7317.1
2024-04-02 16:00:00+00:00,28024,8769,5002.8
2024-04-02 17:00:00+00:00,29093.75,9068.25,2228.25
2024-04-02 18:00:00+00:00,31591,9126.5,616.975
2024-04-02 19:00:00+00:00,32981.75,9096.75,142.625
2024-04-02 20:00:00+00:00,30253.25,9041.5,105.55
2024-04-02 21:00:00+00:00,27074.5,9145.25,101.725
2024-04-02 22:00:00+00:00,25180.25,9210.75,85.35
2024-04-02 23:00:00+00:00,23556,9372.25,108.675
2024-04-03 00:00:00+00:00,22485,9535.75,76.05
2024-04-03 01:00:00+00:00,22049.5,9641,53.725
2024-04-03 02:00:00+00:00,21996.25,9647.25,38.1
2024-04-03 03:00:00+00:00,22621,9465,27.525
2024-04-03 04:00:00+00:00,25214.25,9134.25,7.125
2024-04-03 05:00:00+00:00,28736.75,8764.75,38.45
2024-04-03 06:00:00+00:00,30195,8510.5,1160.975
2024-04-03 07:00:00+00:00,30193.5,8295.25,5357.625
2024-04-03 08:00:00+00:00,29953,8044.25,9953.375
2024-04-03 09:00:00+00:00,29208.25,7604.5,12969.825
2024-04-03 10:00:00+00:00,29062.25,6995,15032.15
2024-04-03 11:00:00+00:00,28975.5,6606.75,16003.95
2024-04-03 12:00:00+00:00,28605.5,6429.25,16463.375
2024-04-03 13:00:00+00:00,28088,6366.5,16355.825
2024-04-03 14:00:00+00:00,27849.25,6226.25,15421.825
2024-04-03 15:00:00+00:00,28202.75,6170.5,13790.9
2024-04-03 16:00:00+00:00,28345.5,6229.25,10928.975
2024-04-03 17:00:00+00:00,29386,6291.5,5180.925
2024-04-03 18:00:00+00:00,31522.5,6189,1318.55
2024-04-03 19:00:00+00:00,32376,6221,394.7
2024-04-03 20:00:00+00:00,29861,6364.25,323.325
2024-04-03 21:00:00+00:00,26830.5,6517.5,266.65
2024-04-03 22:00:00+00:00,24808.75,6585.75,230.925
2024-04-03 23:00:00+00:00,23202.75,6511,167.825
2024-04-04 00:00:00+00:00,22025.5,6301,118.825
2024-04-04 01:00:00+00:00,21604.25,6100,82.3
2024-04-04 02:00:00+00:00,21542,5934.75,56.775
2024-04-04 03:00:00+00:00,22193.5,5725.75,30.4
2024-04-04 04:00:00+00:00,24763.5,5512,14.6
2024-04-04 05:00:00+00:00,28239.5,5308.5,70.575
2024-04-04 06:00:00+00:00,29736.75,5005,1687.1
2024-04-04 07:00:00+00:00,29634,4569,7216.7
2024-04-04 08:00:00+00:00,28947.25,4150.5,12900.025
2024-04-04 09:00:00+00:00,28292.75,3907.75,16531.5
2024-04-04 10:00:00+00:00,28029.25,3884.25,17579.3
2024-04-04 11:00:00+00:00,27888.75,4027.75,17713.025
2024-04-04 12:00:00+00:00,27394.25,4334.75,17877.8
2024-04-04 13:00:00+00:00,26679.25,4693.25,17613.875
2024-04-04 14:00:00+00:00,26411,5312.25,16696.5
2024-04-04 15:00:00+00:00,26896.75,6043.25,14159.725
2024-04-04 16:00:00+00:00,27672.25,6736.25,11472.975
2024-04-04 17:00:00+00:00,28788.25,7374.75,5708.15
2024-04-04 18:00:00+00:00,30996.75,7935.25,1188.825
2024-04-04 19:00:00+00:00,31880,8429,435.65
2024-04-04 20:00:00+00:00,29145,8739.75,297.625
2024-04-04 21:00:00+00:00,26367.25,8962,269.625
2024-04-04 22:00:00+00:00,24619.5,9732,279.6
2024-04-04 23:00:00+00:00,23169,9876,197.975
2024-04-05 00:00:00+00:00,22223.25,9761.75,153.15
2024-04-05 01:00:00+00:00,21779.5,9526.25,112.3
2024-04-05 02:00:00+00:00,21663.5,9238.5,94.475
2024-04-05 03:00:00+00:00,22360.75,8862.25,74.9
2024-04-05 04:00:00+00:00,24861.5,8536,70.6
2024-04-05 05:00:00+00:00,28104,8319.5,78.725
2024-04-05 06:00:00+00:00,29542.75,8185,1708.325
2024-04-05 07:00:00+00:00,29407.75,7956,7401.8
2024-04-05 08:00:00+00:00,28685.75,7701.5,12212.15
2024-04-05 09:00:00+00:00,27983.5,7812.25,15434.2
2024-04-05 10:00:00+00:00,27617,8292.25,16703.7
2024-04-05 11:00:00+00:00,27284,8783,16907.35
2024-04-05 12:00:00+00:00,26524,9475.5,17077.4
2024-04-05 13:00:00+00:00,25799,10044.25,16626.025
2024-04-05 14:00:00+00:00,25684,10678.25,15937.525
2024-04-05 15:00:00+00:00,26209.25,11045,13909.175
2024-04-05 16:00:00+00:00,26812.5,11382.75,10685.925
2024-04-05 17:00:00+00:00,27906,11686.5,5414.925
2024-04-05 18:00:00+00:00,29526,12057.5,1169.625
2024-04-05 19:00:00+00:00,30499.75,12363,336.075
2024-04-05 20:00:00+00:00,28140.75,12593,260.375
2024-04-05 21:00:00+00:00,25781.25,12836.25,269.525
2024-04-05 22:00:00+00:00,24066,12121.75,135.525
2024-04-05 23:00:00+00:00,22664.25,12413,102.625
2024-04-06 00:00:00+00:00,21385,12495,83.3
2024-04-06 01:00:00+00:00,20636.75,12517,57.975
2024-04-06 02:00:00+00:00,20298.5,12588.75,45.325
2024-04-06 03:00:00+00:00,20290.5,12797.75,33.625
2024-04-06 04:00:00+00:00,20906.25,13066,18.125
2024-04-06 05:00:00+00:00,21747,13194.75,99.35
2024-04-06 06:00:00+00:00,22653.75,13099.5,1144.9
2024-04-06 07:00:00+00:00,24022,12798.25,5086.825
2024-04-06 08:00:00+00:00,24530,12344.5,8526.725
2024-04-06 09:00:00+00:00,24333.5,12160.75,10438.45
2024-04-06 10:00:00+00:00,23930.75,12299,12022.675
2024-04-06 11:00:00+00:00,23918.25,12594,12552.675
2024-04-06 12:00:00+00:00,23478,12676.25,12806.45
2024-04-06 13:00:00+00:00,22613.75,12528,11931.575
2024-04-06 14:00:00+00:00,22075.75,12327,10276.725
2024-04-06 15:00:00+00:00,22275.5,11950.75,8188.4
2024-04-06 16:00:00+00:00,23101.5,11388.25,5626.425
2024-04-06 17:00:00+00:00,24025,10702.75,2643.15
2024-04-06 18:00:00+00:00,25427.25,9644.75,818.65
2024-04-06 19:00:00+00:00,26961,8855.5,183.25
2024-04-06 20:00:00+00:00,25498,8150,174.475
2024-04-06 21:00:00+00:00,23637.25,7644.5,56.2
2024-04-06 22:00:00+00:00,22003.5,5613,20.275
2024-04-06 23:00:00+00:00,20549.25,5147.5,6.2
2024-04-07 00:00:00+00:00,19525.75,4829.5,19.975
2024-04-07 01:00:00+00:00,18829.75,4690.75,19.85
2024-04-07 02:00:00+00:00,18528.25,4724,31.55
2024-04-07 03:00:00+00:00,18608.5,4718.25,27.65
2024-04-07 04:00:00+00:00,18957.5,4730.25,0.45
2024-04-07 05:00:00+00:00,19422.75,4742.5,26.575
2024-04-07 06:00:00+00:00,20024.25,4522.5,639.45
2024-04-07 07:00:00+00:00,20937.75,4096,3287.15
2024-04-07 08:00:00+00:00,21732.25,3701.75,6411.05
2024-04-07 09:00:00+00:00,21950,3569.75,9493.05
2024-04-07 10:00:00+00:00,21930.5,3666.75,11088.375
2024-04-07 11:00:00+00:00,22109,3755.5,12586.925
2024-04-07 12:00:00+00:00,21902.75,3786.25,13130.7
2024-04-07 13:00:00+00:00,20784.5,3737,13107.825
2024-04-07 14:00:00+00:00,20462.75,3815.25,12473.675
2024-04-07 15:00:00+00:00,20858.75,3749,11286.975
2024-04-07 16:00:00+00:00,21822.5,3648,8815.375
2024-04-07 17:00:00+00:00,23484.5,3541.25,4490.05
2024-04-07 18:00:00+00:00,25684.25,3387.25,1038.325
2024-04-07 19:00:00+00:00,27063,3422.75,308.75
2024-04-07 20:00:00+00:00,25655.25,3571.75,211.55
2024-04-07 21:00:00+00:00,23453.25,4013.75,162.7
2024-04-07 22:00:00+00:00,22101.75,5548.75,137.925
2024-04-07 23:00:00+00:00,20827.25,6353.75,144.175
2024-04-08 00:00:00+00:00,19894,6995,113.625
2024-04-08 01:00:00+00:00,19416,7438,73.85
2024-04-08 02:00:00+00:00,19468,7903,69.75
2024-04-08 03:00:00+00:00,20309.75,8264.75,50.975
2024-04-08 04:00:00+00:00,23104.25,8420.75,73.725
2024-04-08 05:00:00+00:00,26696,8367,125.925
2024-04-08 06:00:00+00:00,28373,8185.5,1522.525
2024-04-08 07:00:00+00:00,28348.75,7922,5990.525
2024-04-08 08:00:00+00:00,27921,7794.25,10050.275
2024-04-08 09:00:00+00:00,27331,8186.25,11878.625
2024-04-08 10:00:00+00:00,27230.5,8780.25,12640.675
2024-04-08 11:00:00+00:00,26801.5,9390.25,12818.45
2024-04-08 12:00:00+00:00,26201.5,9670,12580.25
2024-04-08 13:00:00+00:00,25547.75,9883.75,11995.8
2024-04-08 14:00:00+00:00,25292.75,10836,11207.45
2024-04-08 15:00:00+00:00,26055,11589.25,10262.725
2024-04-08 16:00:00+00:00,26700.25,11990,8287.375
2024-04-08 17:00:00+00:00,27967.75,12124,4460.275
2024-04-08 18:00:00+00:00,29836.75,11884.75,1201.3
2024-04-08 19:00:00+00:00,30870.5,11899.75,302.65
2024-04-08 20:00:00+00:00,28249,11950.75,271.875
2024-04-08 21:00:00+00:00,25523.5,11851,231.35
2024-04-08 22:00:00+00:00,23807.5,10855.75,188.1
2024-04-08 23:00:00+00:00,22490.25,10644.75,167.9
2024-04-09 00:00:00+00:00,21667,10391,159.175
2024-04-09 01:00:00+00:00,21001.75,10252,205.85
2024-04-09 02:00:00+00:00,20916.75,10119,145.375
2024-04-09 03:00:00+00:00,21516.5,9855.75,83.425
2024-04-09 04:00:00+00:00,24048,9469.5,56.225
2024-04-09 05:00:00+00:00,27291.25,8987,139.175
2024-04-09 06:00:00+00:00,28555.75,8440,1890.25
2024-04-09 07:00:00+00:00,28468.75,8013,8068.2
2024-04-09 08:00:00+00:00,27936,7620.5,13594.6
2024-04-09 09:00:00+00:00,27392.75,7197.75,16114.425
2024-04-09 10:00:00+00:00,27011.75,6817,16713.825
2024-04-09 11:00:00+00:00,26602.25,6484,16959.9
2024-04-09 12:00:00+00:00,26075,6335.5,16831.325
2024-04-09 13:00:00+00:00,25633,6269.75,16701.625
2024-04-09 14:00:00+00:00,25607.5,6471.25,16032.2
2024-04-09 15:00:00+00:00,26180,6532.25,14433.275
2024-04-09 16:00:00+00:00,26984.25,6469.25,11513.775
2024-04-09 17:00:00+00:00,28262.5,6447.75,6024.125
2024-04-09 18:00:00+00:00,30206.5,6153,1656.625
2024-04-09 19:00:00+00:00,31152.75,6053,600.95
2024-04-09 20:00:00+00:00,28346.75,5938.25,576.525
2024-04-09 21:00:00+00:00,25799,5831.75,514.975
2024-04-09 22:00:00+00:00,23625.25,4888.75,386.15
2024-04-09 23:00:00+00:00,22261.25,4801.75,321.825
2024-04-10 00:00:00+00:00,21298.75,4757.75,293.225
2024-04-10 01:00:00+00:00,20806.25,4716.5,228.025
2024-04-10 02:00:00+00:00,20761.75,4661.75,166
2024-04-10 03:00:00+00:00,21505.75,4705.75,98.375
2024-04-10 04:00:00+00:00,24123,4802.5,62.725
2024-04-10 05:00:00+00:00,27745,4930.75,140.275
2024-04-10 06:00:00+00:00,29258.25,5067.75,2176.875
2024-04-10 07:00:00+00:00,28840.5,5128.25,8255.925
2024-04-10 08:00:00+00:00,27929.25,5142,13775.425
2024-04-10 09:00:00+00:00,27226,5242,16261.125
2024-04-10 10:00:00+00:00,26752.75,5361.75,16857.6
2024-04-10 11:00:00+00:00,26459.75,5538,17085.95
2024-04-10 12:00:00+00:00,26024.5,5790.25,16904.425
2024-04-10 13:00:00+00:00,25235.5,6126.25,16656.55
2024-04-10 14:00:00+00:00,24941.75,6502.25,15893.325
2024-04-10 15:00:00+00:00,25508.25,6912,14057.05
2024-04-10 16:00:00+00:00,26391.75,7271,10967
2024-04-10 17:00:00+00:00,27731.5,7637,5794.15
2024-04-10 18:00:00+00:00,29882,7967.25,1532.175
2024-04-10 19:00:00+00:00,31045.5,8273.75,540.3
2024-04-10 20:00:00+00:00,28540.75,8464.5,473.85
2024-04-10 21:00:00+00:00,25766,8509.75,368.225
2024-04-10 22:00:00+00:00,23982.25,8384.25,358.025
2024-04-10 23:00:00+00:00,22833.75,8196,271.25
2024-04-11 00:00:00+00:00,22047.5,7918,247.525
2024-04-11 01:00:00+00:00,21509.5,7667,184.05
2024-04-11 02:00:00+00:00,21385,7445.5,170.775
2024-04-11 03:00:00+00:00,22058,7262.75,156.675
2024-04-11 04:00:00+00:00,24569.5,7033.5,80.7
2024-04-11 05:00:00+00:00,27904.25,6682.75,314.75
2024-04-11 06:00:00+00:00,29157.5,6099.75,2574.375
2024-04-11 07:00:00+00:00,28665.25,5286.5,8788.375
2024-04-11 08:00:00+00:00,27573.75,4412.25,14217.675
2024-04-11 09:00:00+00:00,26637.75,3735.5,16591.75
2024-04-11 10:00:00+00:00,26174.5,3265.25,17334.375
2024-04-11 11:00:00+00:00,25836,2836.25,17368.175
2024-04-11 12:00:00+00:00,25395.5,2695,17506.175
2024-04-11 13:00:00+00:00,24731,2742,17120.875
2024-04-11 14:00:00+00:00,24607.25,2937,16348.25
2024-04-11 15:00:00+00:00,25238.5,3227.25,14902.275
2024-04-11 16:00:00+00:00,26164,3492,11954.55
2024-04-11 17:00:00+00:00,27560.5,3721,6661.4
2024-04-11 18:00:00+00:00,29492.25,3938.75,1711.95
2024-04-11 19:00:00+00:00,30642.25,4190.75,750.65
2024-04-11 20:00:00+00:00,28155.75,4209.5,716.025
2024-04-11 21:00:00+00:00,25577.75,3998.5,632.9
2024-04-11 22:00:00+00:00,24154,3768,485.125
2024-04-11 23:00:00+00:00,22762.25,3410.75,467.75
2024-04-12 00:00:00+00:00,21756.5,3068.5,454.225
2024-04-12 01:00:00+00:00,21295.25,2827,401.9
2024-04-12 02:00:00+00:00,21152.5,2672.25,253.825
2024-04-12 03:00:00+00:00,21848.25,2576.75,217.025
2024-04-12 04:00:00+00:00,24280.75,2471.25,207.225
2024-04-12 05:00:00+00:00,27578.5,2373.75,347.925
2024-04-12 06:00:00+00:00,28986.75,2183.5,2240.65
2024-04-12 07:00:00+00:00,28728.25,1899,8520.125
2024-04-12 08:00:00+00:00,27798,1702,14098.475
2024-04-12 09:00:00+00:00,26882,1580.5,16404
2024-04-12 10:00:00+00:00,26493.5,1533.5,17004.35
2024-04-12 11:00:00+00:00,26014.75,1539,16922.8
2024-04-12 12:00:00+00:00,25376.5,1501,16779.675
2024-04-12 13:00:00+00:00,24552.5,1547.75,16710.65
2024-04-12 14:00:00+00:00,24309.5,1626.25,16093.85
2024-04-12 15:00:00+00:00,24910.5,1720.5,14564.625
2024-04-12 16:00:00+00:00,25734,1834.75,11427.925
2024-04-12 17:00:00+00:00,26960,1976.25,6189.325
2024-04-12 18:00:00+00:00,28481.25,2165.25,1739.575
2024-04-12 19:00:00+00:00,29626.75,2346,725.275
2024-04-12 20:00:00+00:00,27505.75,2396.25,606.425
2024-04-12 21:00:00+00:00,25103,2370.5,577.05
2024-04-12 22:00:00+00:00,23914.75,2456,538.35
2024-04-12 23:00:00+00:00,22606.75,2301.5,470.975
2024-04-13 00:00:00+00:00,21515,2160.75,444
2024-04-13 01:00:00+00:00,20827.5,2002.75,391.9
2024-04-13 02:00:00+00:00,20440.5,1825.75,330.4
2024-04-13 03:00:00+00:00,20398.5,1680.5,268.15
2024-04-13 04:00:00+00:00,20954.5,1562.25,172.45
2024-04-13 05:00:00+00:00,21806.25,1441.75,260.125
2024-04-13 06:00:00+00:00,22784,1329,2501.675
2024-04-13 07:00:00+00:00,23891.75,1200,9150.325
2024-04-13 08:00:00+00:00,24009,1039.5,14580.525
2024-04-13 09:00:00+00:00,23451.5,999.5,16797.65
2024-04-13 10:00:00+00:00,23130.5,1104.25,17436.7
2024-04-13 11:00:00+00:00,22885.75,1278.25,17176.975
2024-04-13 12:00:00+00:00,22381.5,1434.5,16928.375
2024-04-13 13:00:00+00:00,21476,1579,16744
2024-04-13 14:00:00+00:00,21229.5,1712.25,16290.3
2024-04-13 15:00:00+00:00,21810.25,1924.5,14853
2024-04-13 16:00:00+00:00,22669.25,2181.25,11930.5
2024-04-13 17:00:00+00:00,24006,2465,6673.8
2024-04-13 18:00:00+00:00,25387,2759.75,1914.475
2024-04-13 19:00:00+00:00,26782.5,2963.5,676.325
2024-04-13 20:00:00+00:00,25248.5,3005.25,618.9
2024-04-13 21:00:00+00:00,23457,2942.75,629.775
2024-04-13 22:00:00+00:00,21946.75,3134.5,430.725
2024-04-13 23:00:00+00:00,20603.5,3101,400.925
2024-04-14 00:00:00+00:00,19649.25,3022.25,383.875
2024-04-14 01:00:00+00:00,19023.75,2758.75,373.85
2024-04-14 02:00:00+00:00,18635.75,2405.75,336.45
2024-04-14 03:00:00+00:00,18645.5,2076.5,236.225
2024-04-14 04:00:00+00:00,19018.75,1839,132.575
2024-04-14 05:00:00+00:00,19359.75,1712,263.825
2024-04-14 06:00:00+00:00,19829.5,1556.75,2829.425
2024-04-14 07:00:00+00:00,20800,1334.25,9529.525
2024-04-14 08:00:00+00:00,21342,1167.75,14478.075
2024-04-14 09:00:00+00:00,21249.75,1174.25,16279.775
2024-04-14 10:00:00+00:00,21126.75,1286.25,16693.4
2024-04-14 11:00:00+00:00,21058,1511.75,16618.65
2024-04-14 12:00:00+00:00,20943.75,1746.25,15960.625
2024-04-14 13:00:00+00:00,19735,1992,15914.35
2024-04-14 14:00:00+00:00,19486.75,2233.5,15467.775
2024-04-14 15:00:00+00:00,20260.25,2433.75,14598.45
2024-04-14 16:00:00+00:00,21421.75,2600.25,11807.2
2024-04-14 17:00:00+00:00,23060.25,2807,6623.65
2024-04-14 18:00:00+00:00,24807.75,3063.25,1768.175
2024-04-14 19:00:00+00:00,26436.25,3386,588.15
2024-04-14 20:00:00+00:00,25318.25,3672.25,503.65
2024-04-14 21:00:00+00:00,23398.75,3929.25,437.975
2024-04-14 22:00:00+00:00,22195.25,3820.25,440.6
2024-04-14 23:00:00+00:00,20800.75,3982,359.725
2024-04-15 00:00:00+00:00,20021.25,4002.5,370.425
2024-04-15 01:00:00+00:00,19748.25,3987,396
2024-04-15 02:00:00+00:00,19772.75,4077.5,384.275
2024-04-15 03:00:00+00:00,20596,4429.25,256.95
2024-04-15 04:00:00+00:00,23399.75,5024.75,150.8
2024-04-15 05:00:00+00:00,26700.5,5708.5,313.675
2024-04-15 06:00:00+00:00,28141.25,6000.75,2634.825
2024-04-15 07:00:00+00:00,27646.75,5904.75,8690.95
2024-04-15 08:00:00+00:00,26871.5,5682,13525.825
2024-04-15 09:00:00+00:00,26153,5513.25,15719.525
2024-04-15 10:00:00+00:00,25970,5338.25,16520.75
2024-04-15 11:00:00+00:00,25660.75,5269,16695.925
2024-04-15 12:00:00+00:00,25275,5424.5,16464.075
2024-04-15 13:00:00+00:00,24525,5856.75,16073.9
2024-04-15 14:00:00+00:00,24457.25,6269.5,15353.1
2024-04-15 15:00:00+00:00,25236.5,6699.25,14270.075
2024-04-15 16:00:00+00:00,26004.5,6984.25,11687.375
2024-04-15 17:00:00+00:00,27515.75,7143.75,6760.05
2024-04-15 18:00:00+00:00,29036.25,7162.75,1964.15
2024-04-15 19:00:00+00:00,30167,7231.25,549.675
2024-04-15 20:00:00+00:00,27598.75,7309.75,519.175
2024-04-15 21:00:00+00:00,25001.25,7281.25,507.55
2024-04-15 22:00:00+00:00,23826.75,7249.75,558.775
2024-04-15 23:00:00+00:00,22636.75,7075,543.8
2024-04-16 00:00:00+00:00,21753.5,7069.75,500.7
2024-04-16 01:00:00+00:00,21372.5,7140.75,449.925
2024-04-16 02:00:00+00:00,21274.5,7243.25,370.95
2024-04-16 03:00:00+00:00,21916,7380,196.45
2024-04-16 04:00:00+00:00,24322.25,7510,156.15
2024-04-16 05:00:00+00:00,27344.75,7587,343.275
2024-04-16 06:00:00+00:00,28436,7552,2623
2024-04-16 07:00:00+00:00,27917.25,7429.5,9137.3
2024-04-16 08:00:00+00:00,27008.75,7286,14186.125
2024-04-16 09:00:00+00:00,26233.75,7237.25,15978.175
2024-04-16 10:00:00+00:00,25969.25,7135.5,16247.575
2024-04-16 11:00:00+00:00,25816.25,7421,16119.8
2024-04-16 12:00:00+00:00,25326.5,7658.25,15718.075
2024-04-16 13:00:00+00:00,24443,7926.5,15693.625
2024-04-16 14:00:00+00:00,24233.75,8299.5,15396.575
2024-04-16 15:00:00+00:00,25111.25,8607.25,14328.225
2024-04-16 16:00:00+00:00,25839.25,8906,11755.3
2024-04-16 17:00:00+00:00,27369.75,9224.75,6707.325
2024-04-16 18:00:00+00:00,29123.75,9461.5,1933.675
2024-04-16 19:00:00+00:00,30438,9544.75,603.975
2024-04-16 20:00:00+00:00,27941.25,9570.5,561.5
2024-04-16 21:00:00+00:00,25246.75,9477.25,561.225
2024-04-16 22:00:00+00:00,24260.5,9157,522.7
2024-04-16 23:00:00+00:00,22936.75,9064,510.525
2024-04-17 00:00:00+00:00,22166.75,8940.75,489.25
2024-04-17 01:00:00+00:00,21611.5,8767.5,454.275
2024-04-17 02:00:00+00:00,21418.25,8606.75,418.225
2024-04-17 03:00:00+00:00,22253.25,8471.75,291.3
2024-04-17 04:00:00+00:00,24756.25,8342,201.925
2024-04-17 05:00:00+00:00,27997,8340,326.575
2024-04-17 06:00:00+00:00,29109.75,8174.75,2685.9
2024-04-17 07:00:00+00:00,28421.5,7909.5,8874.225
2024-04-17 08:00:00+00:00,27539.25,7665,13282.975
2024-04-17 09:00:00+00:00,26722.75,7428.5,15158.9
2024-04-17 10:00:00+00:00,26375.5,7197,15599.55
2024-04-17 11:00:00+00:00,26266,6962,15502.25
2024-04-17 12:00:00+00:00,25695.5,6879.25,15132.1
2024-04-17 13:00:00+00:00,24896.75,7021.25,14886.95
2024-04-17 14:00:00+00:00,24514,7261.25,14474.55
2024-04-17 15:00:00+00:00,25482,7529.25,13327
2024-04-17 16:00:00+00:00,26164.5,7870.25,10549.475
2024-04-17 17:00:00+00:00,27473,8174.25,5845.25
2024-04-17 18:00:00+00:00,29182.25,8593.25,1661.4
2024-04-17 19:00:00+00:00,30402,8987.75,529.35
2024-04-17 20:00:00+00:00,27972.25,9226.75,546.3
2024-04-17 21:00:00+00:00,25394.25,9323.75,497
2024-04-17 22:00:00+00:00,23742.25,9068.75,320.75
2024-04-17 23:00:00+00:00,22561.25,8968.25,255.875
2024-04-18 00:00:00+00:00,21748,8828.25,223.7
2024-04-18 01:00:00+00:00,21333.25,8601.75,206
2024-04-18 02:00:00+00:00,21173.75,8345.75,168.15
2024-04-18 03:00:00+00:00,21846.5,8150.75,112.475
2024-04-18 04:00:00+00:00,24270,8060.75,73.825
2024-04-18 05:00:00+00:00,27284.25,7998,194.825
2024-04-18 06:00:00+00:00,28482,7785.75,3373.675
2024-04-18 07:00:00+00:00,27943.25,7537,9167.425
2024-04-18 08:00:00+00:00,26984,7344,13338.6
2024-04-18 09:00:00+00:00,26195.5,7215,15025.95
2024-04-18 10:00:00+00:00,25853.25,7029.5,15703.6
2024-04-18 11:00:00+00:00,25693,6979.25,15916.625
2024-04-18 12:00:00+00:00,25200.5,6994,15698.075
2024-04-18 13:00:00+00:00,24538.5,7148.5,15331.85
2024-04-18 14:00:00+00:00,24360,7455.5,14723.7
2024-04-18 15:00:00+00:00,25145.25,7777.25,13881.45
2024-04-18 16:00:00+00:00,26041.25,8145,11636.9
2024-04-18 17:00:00+00:00,27509,8518.5,6916.85
2024-04-18 18:00:00+00:00,29190.75,8794.75,2023
2024-04-18 19:00:00+00:00,30283.75,8929.75,387.1
2024-04-18 20:00:00+00:00,27791.75,8813,276.675
2024-04-18 21:00:00+00:00,25176.25,8442.75,225.65
2024-04-18 22:00:00+00:00,24155.5,7706.75,338.625
2024-04-18 23:00:00+00:00,22966.75,7016.5,251.15
2024-04-19 00:00:00+00:00,22015.25,6408.25,203.65
2024-04-19 01:00:00+00:00,21582.75,5898,164.125
2024-04-19 02:00:00+00:00,21483.25,5504.75,118.075
2024-04-19 03:00:00+00:00,22143.25,5210.25,101
2024-04-19 04:00:00+00:00,24562.75,4918,115.15
2024-04-19 05:00:00+00:00,27570.25,4636.25,357.225
2024-04-19 06:00:00+00:00,28667.75,4272.25,3186.675
2024-04-19 07:00:00+00:00,28301,3880.25,8838.45
2024-04-19 08:00:00+00:00,27342.75,3588.5,12900.45
2024-04-19 09:00:00+00:00,26570.75,3266,14187.8
2024-04-19 10:00:00+00:00,26156.25,2901.5,15418.075
2024-04-19 11:00:00+00:00,25798.5,2751,15655.95
2024-04-19 12:00:00+00:00,25117.5,2582,16058.35
2024-04-19 13:00:00+00:00,24249.5,2475,15200.025
2024-04-19 14:00:00+00:00,24069.5,2663.25,14419.375
2024-04-19 15:00:00+00:00,24875.25,2837,13419.825
2024-04-19 16:00:00+00:00,25598.75,3032.75,10490
2024-04-19 17:00:00+00:00,26630.5,3273.5,6210.875
2024-04-19 18:00:00+00:00,27973.75,3630,1596
2024-04-19 19:00:00+00:00,29520,4064,455.225
2024-04-19 20:00:00+00:00,27302.75,4434.5,361.975
2024-04-19 21:00:00+00:00,24999,4758,325.9
2024-04-19 22:00:00+00:00,23965.25,5707.75,159.55
2024-04-19 23:00:00+00:00,22640.5,5809,119.225
2024-04-20 00:00:00+00:00,21542.25,5842.25,97.275
2024-04-20 01:00:00+00:00,20864,5988.5,91.75
2024-04-20 02:00:00+00:00,20466.75,6358.75,81.375
2024-04-20 03:00:00+00:00,20389.25,6729.25,56.225
2024-04-20 04:00:00+00:00,20926.5,7028,30.7
2024-04-20 05:00:00+00:00,21728.25,7358.25,265.925
2024-04-20 06:00:00+00:00,22658.25,7356.75,3020.175
2024-04-20 07:00:00+00:00,23707.75,6975.75,8134.125
2024-04-20 08:00:00+00:00,24048.75,6539.75,12234.625
2024-04-20 09:00:00+00:00,23476.25,6388.25,13705.2
2024-04-20 10:00:00+00:00,23046.5,6339.75,14348
2024-04-20 11:00:00+00:00,22994,6269.75,14864.05
2024-04-20 12:00:00+00:00,22461.75,6564.25,14487
2024-04-20 13:00:00+00:00,21312.25,6870.5,13138.275
2024-04-20 14:00:00+00:00,20775.25,7249.75,13530.375
2024-04-20 15:00:00+00:00,21326.75,7961,11969.5
2024-04-20 16:00:00+00:00,22328.75,8903.25,9740.8
2024-04-20 17:00:00+00:00,23630.5,9949.25,5864.5
2024-04-20 18:00:00+00:00,24950.5,10657.5,1493.25
2024-04-20 19:00:00+00:00,26705.5,10851.75,229.95
2024-04-20 20:00:00+00:00,25216,10342,177.55
2024-04-20 21:00:00+00:00,23344.5,10356.75,176.45
2024-04-20 22:00:00+00:00,22114.5,9435,166.125
2024-04-20 23:00:00+00:00,20762.25,9022,111.975
2024-04-21 00:00:00+00:00,19736.25,8591.5,86.8
2024-04-21 01:00:00+00:00,19168.25,8256.25,79.725
2024-04-21 02:00:00+00:00,18785.25,7829.75,67.8
2024-04-21 03:00:00+00:00,18822.75,7357.75,61.025
2024-04-21 04:00:00+00:00,19289.5,6965.25,72.15
2024-04-21 05:00:00+00:00,19589.75,6608.5,361.325
2024-04-21 06:00:00+00:00,19982,6143.25,3654.8
2024-04-21 07:00:00+00:00,20726.5,5492,9621.975
2024-04-21 08:00:00+00:00,21295.75,5026.25,13867.975
2024-04-21 09:00:00+00:00,21258.25,4800.25,15764.625
2024-04-21 10:00:00+00:00,21040.5,4664,16360.525
2024-04-21 11:00:00+00:00,21236,4759.5,16708.225
2024-04-21 12:00:00+00:00,21003.75,5225.25,16600.4
2024-04-21 13:00:00+00:00,19873.5,5857,15942.425
2024-04-21 14:00:00+00:00,19338.25,6530.5,15289.425
2024-04-21 15:00:00+00:00,19964.75,7379,14385.375
2024-04-21 16:00:00+00:00,21065.5,8116.5,12140.45
2024-04-21 17:00:00+00:00,22731.75,8718.25,7489.525
2024-04-21 18:00:00+00:00,24902.25,9383.75,2289.85
2024-04-21 19:00:00+00:00,26891.25,9874.75,454.25
2024-04-21 20:00:00+00:00,25714.75,10197.25,349.725
2024-04-21 21:00:00+00:00,23649,10357.25,318.15
2024-04-21 22:00:00+00:00,22063,10643,402.625
2024-04-21 23:00:00+00:00,20798.75,10468.75,385.175
2024-04-22 00:00:00+00:00,19973.25,10296.25,351.575
2024-04-22 01:00:00+00:00,19717.5,10195.75,319.475
2024-04-22 02:00:00+00:00,19752,10137,272.575
2024-04-22 03:00:00+00:00,20622,10075.5,193.75
2024-04-22 04:00:00+00:00,23456,10067.25,127.525
2024-04-22 05:00:00+00:00,26619.25,10089.5,458.225
2024-04-22 06:00:00+00:00,28303,9940,3897.25
2024-04-22 07:00:00+00:00,28243,9616.5,10012.275
2024-04-22 08:00:00+00:00,27485.75,9291,13961.05
2024-04-22 09:00:00+00:00,26739,8992,15242.7
2024-04-22 10:00:00+00:00,26257.75,8720,15839.525
2024-04-22 11:00:00+00:00,25964.75,8578.25,15991.5
2024-04-22 12:00:00+00:00,25408.75,8581,15977.125
2024-04-22 13:00:00+00:00,24630,8726.25,15599.1
2024-04-22 14:00:00+00:00,24423.5,8896.25,15068.45
2024-04-22 15:00:00+00:00,25230.75,9262.75,14509.65
2024-04-22 16:00:00+00:00,26059.75,9699,12688.525
2024-04-22 17:00:00+00:00,27481.25,10032.5,7993.2
2024-04-22 18:00:00+00:00,29430.25,10194.25,2575.05
2024-04-22 19:00:00+00:00,30811,10220,659.475
2024-04-22 20:00:00+00:00,28298.75,9981.75,615.575
2024-04-22 21:00:00+00:00,25618.5,9731,529.35
2024-04-22 22:00:00+00:00,23861.25,9466.25,531.55
2024-04-22 23:00:00+00:00,22554.75,9071,528.75
2024-04-23 00:00:00+00:00,21642.25,8603,521.45
2024-04-23 01:00:00+00:00,21255.5,8218,478.95
2024-04-23 02:00:00+00:00,21166.75,7899.75,440.475
2024-04-23 03:00:00+00:00,21845.25,7640.5,290.5
2024-04-23 04:00:00+00:00,24348,7433.75,128.225
2024-04-23 05:00:00+00:00,27329.75,7240.75,448.775
2024-04-23 06:00:00+00:00,28629.5,6960.25,3743.4
2024-04-23 07:00:00+00:00,28334.5,6531,10367.325
2024-04-23 08:00:00+00:00,27596,6261,14543.2
2024-04-23 09:00:00+00:00,26878.25,6218.5,15902.9
2024-04-23 10:00:00+00:00,26330.75,6249.75,16470.025
2024-04-23 11:00:00+00:00,26017.75,6297,16309.925
2024-04-23 12:00:00+00:00,25501.5,6466.5,15927.875
2024-04-23 13:00:00+00:00,24734,6723.25,15345.775
2024-04-23 14:00:00+00:00,24559,6921.5,14678.95
2024-04-23 15:00:00+00:00,25341,7400.5,13744.85
2024-04-23 16:00:00+00:00,26229.75,7986.75,11542.75
2024-04-23 17:00:00+00:00,27754.75,8385.5,7086.25
2024-04-23 18:00:00+00:00,29660.5,8643,2249
2024-04-23 19:00:00+00:00,31133.75,8781.75,645.45
2024-04-23 20:00:00+00:00,28603.5,8774,595.475
2024-04-23 21:00:00+00:00,26060.5,8633.5,570.825
2024-04-23 22:00:00+00:00,24296,8720.5,538.975
2024-04-23 23:00:00+00:00,22975.75,8380.75,500.525
2024-04-24 00:00:00+00:00,21970.5,8059,456.825
2024-04-24 01:00:00+00:00,21609.25,7904.75,426.4
2024-04-24 02:00:00+00:00,21480.75,7857.25,396.375
2024-04-24 03:00:00+00:00,22147,7822.5,318.3
2024-04-24 04:00:00+00:00,24630.5,7710.5,238.5
2024-04-24 05:00:00+00:00,27554.25,7492.25,649.15
2024-04-24 06:00:00+00:00,28866,7048.5,4051.1
2024-04-24 07:00:00+00:00,28571,6382,10845.725
2024-04-24 08:00:00+00:00,27711.75,5741.25,15061.875
2024-04-24 09:00:00+00:00,26833.25,5182.75,16164.8
2024-04-24 10:00:00+00:00,26397,4678,16583.475
2024-04-24 11:00:00+00:00,26243.25,4256.5,16526
2024-04-24 12:00:00+00:00,25870.5,4174.5,16416.65
2024-04-24 13:00:00+00:00,25324.25,4370.5,15900.3
2024-04-24 14:00:00+00:00,25069.5,4636.25,15340.85
2024-04-24 15:00:00+00:00,25612,4997.75,14257.875
2024-04-24 16:00:00+00:00,26326.75,5329,11434.85
2024-04-24 17:00:00+00:00,27618,5610,6859.2
2024-04-24 18:00:00+00:00,29599.75,5687.75,2070.95
2024-04-24 19:00:00+00:00,31167.5,5744,717.675
2024-04-24 20:00:00+00:00,28795,5636,644.225
2024-04-24 21:00:00+00:00,25936.75,5513,606.3
2024-04-24 22:00:00+00:00,24335.5,5403.5,375.75
2024-04-24 23:00:00+00:00,23014,5197.75,338.075
2024-04-25 00:00:00+00:00,22165.75,4951.25,321.35
2024-04-25 01:00:00+00:00,21757,4697.25,283.825
2024-04-25 02:00:00+00:00,21635.25,4404.75,255.55
2024-04-25 03:00:00+00:00,22288.75,4088.5,225.3
2024-04-25 04:00:00+00:00,24876.25,3756,187.025
2024-04-25 05:00:00+00:00,27925.5,3376.25,573.1
2024-04-25 06:00:00+00:00,29190.25,2881.25,2959.3
2024-04-25 07:00:00+00:00,28910.75,2318,8078.825
2024-04-25 08:00:00+00:00,28125.25,1869.75,11869.05
2024-04-25 09:00:00+00:00,27492.5,1667.5,13428.375
2024-04-25 10:00:00+00:00,27039.25,1696.75,14106.775
2024-04-25 11:00:00+00:00,26923.25,1967,14172.475
2024-04-25 12:00:00+00:00,26436.5,2647.5,13117.725
2024-04-25 13:00:00+00:00,25874.25,3298,12240.35
2024-04-25 14:00:00+00:00,25563.5,3979.5,11353.3
2024-04-25 15:00:00+00:00,26191,4505.25,10616.975
2024-04-25 16:00:00+00:00,26968.75,4862,8297.275
2024-04-25 17:00:00+00:00,28387,4960.25,5330.9
2024-04-25 18:00:00+00:00,30027.25,4420,1830.65
2024-04-25 19:00:00+00:00,31346.75,4001.75,454.725
2024-04-25 20:00:00+00:00,28800.5,3693.5,482.175
2024-04-25 21:00:00+00:00,26148.75,3516.5,407.175
2024-04-25 22:00:00+00:00,24399.5,3396,263.2
2024-04-25 23:00:00+00:00,23196.75,3115,222.575
2024-04-26 00:00:00+00:00,22235.5,2657.25,184.475
2024-04-26 01:00:00+00:00,21799.5,2476,165.125
2024-04-26 02:00:00+00:00,21712.5,2230.25,132.55
2024-04-26 03:00:00+00:00,22334,2056.25,114.9
2024-04-26 04:00:00+00:00,24815.5,1874.5,84.075
2024-04-26 05:00:00+00:00,27672.5,1625.75,554.375
2024-04-26 06:00:00+00:00,29137.5,1306.25,3347.175
2024-04-26 07:00:00+00:00,29326,1107.75,8411.925
2024-04-26 08:00:00+00:00,28852.5,1212.25,12275.425
2024-04-26 09:00:00+00:00,28335.5,1788.5,12720.725
2024-04-26 10:00:00+00:00,27955,2700.5,14154.025
2024-04-26 11:00:00+00:00,27633,3790.25,13587.8
2024-04-26 12:00:00+00:00,26842.5,4697,13218.325
2024-04-26 13:00:00+00:00,25996.5,5666,11974.225
2024-04-26 14:00:00+00:00,25610,6432.5,11536.05
2024-04-26 15:00:00+00:00,25989.25,6775,10021.725
2024-04-26 16:00:00+00:00,26479.5,6924,7477.425
2024-04-26 17:00:00+00:00,27667.75,6855,5237.825
2024-04-26 18:00:00+00:00,28763.25,6519.75,1608.925
2024-04-26 19:00:00+00:00,30055.25,6366.75,248.875
2024-04-26 20:00:00+00:00,27915.5,6380,222.3
2024-04-26 21:00:00+00:00,25629.5,6725.75,214.225
2024-04-26 22:00:00+00:00,24222,8553.75,90.65
2024-04-26 23:00:00+00:00,22783.25,8801.75,68.95
2024-04-27 00:00:00+00:00,21744,8869,53.4
2024-04-27 01:00:00+00:00,21089.25,8798.5,32.775
2024-04-27 02:00:00+00:00,20706.5,8699.75,25.775
2024-04-27 03:00:00+00:00,20573.75,8693.75,21.175
2024-04-27 04:00:00+00:00,21099.5,8830.5,12.45
2024-04-27 05:00:00+00:00,21650,8943,481.925
2024-04-27 06:00:00+00:00,22684.75,9015,2174.95
2024-04-27 07:00:00+00:00,24042,9257,6969.75
2024-04-27 08:00:00+00:00,24524.5,9322,9563.85
2024-04-27 09:00:00+00:00,24190.5,9858.5,10851.175
2024-04-27 10:00:00+00:00,23864.25,10609.75,12561.325
2024-04-27 11:00:00+00:00,24001.75,11253,13443.775
2024-04-27 12:00:00+00:00,23569.5,11613.25,14032.6
2024-04-27 13:00:00+00:00,22609,11693.5,13428.2
2024-04-27 14:00:00+00:00,22013.5,11684.75,12717.775
2024-04-27 15:00:00+00:00,22359.25,11041,12392.325
2024-04-27 16:00:00+00:00,23153.75,9622.25,9972.025
2024-04-27 17:00:00+00:00,24283.25,7751.5,6607.1
2024-04-27 18:00:00+00:00,25679.75,6168.75,2184.275
2024-04-27 19:00:00+00:00,27250.75,5043,452.975
2024-04-27 20:00:00+00:00,25725.5,4410.5,329.3
2024-04-27 21:00:00+00:00,23842.75,4089.5,284.85
2024-04-27 22:00:00+00:00,22218.75,3133,240.3
2024-04-27 23:00:00+00:00,21218,2809.5,192.25
2024-04-28 00:00:00+00:00,20035.75,2539.75,170.2
2024-04-28 01:00:00+00:00,19338.5,2143,159.3
2024-04-28 02:00:00+00:00,19001.75,1798.5,141.1
2024-04-28 03:00:00+00:00,18908,1498.75,113.625
2024-04-28 04:00:00+00:00,19130.5,1265.25,80.925
2024-04-28 05:00:00+00:00,19316,983,593.35
2024-04-28 06:00:00+00:00,19760,710.25,3718.675
2024-04-28 07:00:00+00:00,20757.75,450,9304.25
2024-04-28 08:00:00+00:00,21662.25,346.75,12868.025
2024-04-28 09:00:00+00:00,22003.75,377.5,14101
2024-04-28 10:00:00+00:00,21881.5,554.25,14519.85
2024-04-28 11:00:00+00:00,22230,805.75,14814.35
2024-04-28 12:00:00+00:00,22054.5,1139.75,14412.825
2024-04-28 13:00:00+00:00,21104.75,1499.5,13777.175
2024-04-28 14:00:00+00:00,20414.25,1923.25,12958.75
2024-04-28 15:00:00+00:00,20575,2333.75,11756.5
2024-04-28 16:00:00+00:00,21412.25,2809.25,9849.825
2024-04-28 17:00:00+00:00,22774.75,3356.75,6144.8
2024-04-28 18:00:00+00:00,24722.75,3791.75,1990.375
2024-04-28 19:00:00+00:00,26656.25,4238,498.725
2024-04-28 20:00:00+00:00,26192.75,4502,389.65
2024-04-28 21:00:00+00:00,24159,4620.5,326.075
2024-04-28 22:00:00+00:00,22336.5,4561.25,255.45
2024-04-28 23:00:00+00:00,20914.25,4234.5,203.425
2024-04-29 00:00:00+00:00,20071.5,3798.5,187.5
2024-04-29 01:00:00+00:00,19792.25,3491,174.05
2024-04-29 02:00:00+00:00,19889.75,3167.5,153.225
2024-04-29 03:00:00+00:00,20728.25,2867.5,116.975
2024-04-29 04:00:00+00:00,23608.75,2604,71.325
2024-04-29 05:00:00+00:00,26792.5,2344.75,563.425
2024-04-29 06:00:00+00:00,28502.5,2059.75,3837.45
2024-04-29 07:00:00+00:00,28939.75,1780.5,8725.15
2024-04-29 08:00:00+00:00,28499.25,1578.5,11748.45
2024-04-29 09:00:00+00:00,27949.5,1501.5,12846.525
2024-04-29 10:00:00+00:00,27706.5,1657.25,13381.55
2024-04-29 11:00:00+00:00,27934.75,1765.25,13479.725
2024-04-29 12:00:00+00:00,27185,1946.5,13110.425
2024-04-29 13:00:00+00:00,26489.25,2258.25,12618.6
2024-04-29 14:00:00+00:00,26084.5,2693.25,11930.1
2024-04-29 15:00:00+00:00,26424,3075.25,10985.575
2024-04-29 16:00:00+00:00,27144,3302.25,9237.175
2024-04-29 17:00:00+00:00,28017.75,3350.25,5987.825
2024-04-29 18:00:00+00:00,29453.25,3417.75,2016.225
2024-04-29 19:00:00+00:00,30929.25,3574.25,491.325
2024-04-29 20:00:00+00:00,28576.5,3814,403.15
2024-04-29 21:00:00+00:00,25806.5,4082.5,334.2
2024-04-29 22:00:00+00:00,23871.75,4600.25,236.075
2024-04-29 23:00:00+00:00,22552,4870.75,203
2024-04-30 00:00:00+00:00,21585.5,4925.75,178.85
2024-04-30 01:00:00+00:00,21264.25,4855.25,161.6
2024-04-30 02:00:00+00:00,21226.25,4778.25,133.7
2024-04-30 03:00:00+00:00,21812.75,4890,98.825
2024-04-30 04:00:00+00:00,24368.75,5181,61.7
2024-04-30 05:00:00+00:00,27237,5529.25,684.85
2024-04-30 06:00:00+00:00,28689.75,5515.75,4184.325
2024-04-30 07:00:00+00:00,28784.75,5288,10021.775
2024-04-30 08:00:00+00:00,28383.75,5190.25,13878.55
2024-04-30 09:00:00+00:00,27709,5383.5,15175.475
2024-04-30 10:00:00+00:00,27477.25,5665.25,15606.225
2024-04-30 11:00:00+00:00,27884.75,6048.25,15068.625
2024-04-30 12:00:00+00:00,27300.5,6542.75,14529.5
2024-04-30 13:00:00+00:00,26771,7199.25,13610.25
2024-04-30 14:00:00+00:00,26308.75,7845.75,12254.175
2024-04-30 15:00:00+00:00,26481.5,8182.5,10936.975
2024-04-30 16:00:00+00:00,26821.75,8261,8990.75
2024-04-30 17:00:00+00:00,27380.75,8094.25,5617.125
2024-04-30 18:00:00+00:00,28642.25,7938.75,1801.65
2024-04-30 19:00:00+00:00,29810.5,8172.5,352.025
2024-04-30 20:00:00+00:00,27771.75,8671.5,267.575
2024-04-30 21:00:00+00:00,25480,9275,246.475
2024-04-30 22:00:00+00:00,23439,9623.25,131.675
2024-04-30 23:00:00+00:00,22100.25,9572.75,90.75
2024-05-01 00:00:00+00:00,20522.5,9428.25,65.225
2024-05-01 01:00:00+00:00,19897,9269.75,65.35
2024-05-01 02:00:00+00:00,19507.5,9257.25,64.075
2024-05-01 03:00:00+00:00,19302.5,9359.25,46
2024-05-01 04:00:00+00:00,19705.25,9458.25,44.7
2024-05-01 05:00:00+00:00,19704,9213,580.95
2024-05-01 06:00:00+00:00,20033.75,8902.5,3095.475
2024-05-01 07:00:00+00:00,20915,8751,7826.775
2024-05-01 08:00:00+00:00,21586,8552,11332.9
2024-05-01 09:00:00+00:00,21722.25,8363.5,13646.9
2024-05-01 10:00:00+00:00,21516,8945.25,14872.825
2024-05-01 11:00:00+00:00,21682.25,10165.75,15665.55
2024-05-01 12:00:00+00:00,21801.25,11564.5,14974.425
2024-05-01 13:00:00+00:00,20711.5,12508.75,14325.05
2024-05-01 14:00:00+00:00,19937.75,13263.75,13666.275
2024-05-01 15:00:00+00:00,19974.5,13324,12699.975
2024-05-01 16:00:00+00:00,20633,13039.75,10191.625
2024-05-01 17:00:00+00:00,21794.5,12509.25,6810.925
2024-05-01 18:00:00+00:00,23626,11749.25,2380.725
2024-05-01 19:00:00+00:00,25865.75,11114,508.35
2024-05-01 20:00:00+00:00,25267.25,10654.75,337.825
2024-05-01 21:00:00+00:00,23228,10638.75,294.7
2024-05-01 22:00:00+00:00,21577.5,11431.25,217.05
2024-05-01 23:00:00+00:00,20152.25,11452.25,165.55
2024-05-02 00:00:00+00:00,19437.25,11400.75,133.55
2024-05-02 01:00:00+00:00,19287.75,11258.5,122.275
2024-05-02 02:00:00+00:00,19284,11050,93.775
2024-05-02 03:00:00+00:00,19941.75,10766.75,69.95
2024-05-02 04:00:00+00:00,22560,10352.5,35.7
2024-05-02 05:00:00+00:00,25248.25,9964.25,836.025
2024-05-02 06:00:00+00:00,27198.75,9506,5255.425
2024-05-02 07:00:00+00:00,27793.5,9257.25,11053.85
2024-05-02 08:00:00+00:00,27484.5,9313.75,14080.75
2024-05-02 09:00:00+00:00,27221,9321,14800.475
2024-05-02 10:00:00+00:00,27104.75,9329.5,14917.025
2024-05-02 11:00:00+00:00,27662.5,9474.5,14492.4
2024-05-02 12:00:00+00:00,26910.5,9647.25,13843.875
2024-05-02 13:00:00+00:00,26129,9941.25,12977
2024-05-02 14:00:00+00:00,25715.75,10301,12045
2024-05-02 15:00:00+00:00,26071,10535,10738.375
2024-05-02 16:00:00+00:00,26627.5,10662.5,8863.525
2024-05-02 17:00:00+00:00,27806.5,10173.25,5564.925
2024-05-02 18:00:00+00:00,29190.5,9233.5,1703.425
2024-05-02 19:00:00+00:00,30051,8285,452.15
2024-05-02 20:00:00+00:00,28275.25,7545.5,401.325
2024-05-02 21:00:00+00:00,25597.5,6879.5,409.3
2024-05-02 22:00:00+00:00,23844.75,6610.25,273.3
2024-05-02 23:00:00+00:00,22600.5,6623,223.1
2024-05-03 00:00:00+00:00,21815.5,6629.25,183.775
2024-05-03 01:00:00+00:00,21335,6562,158.375
2024-05-03 02:00:00+00:00,21311,6392,137.6
2024-05-03 03:00:00+00:00,21885,6141.75,113.25
2024-05-03 04:00:00+00:00,24196,5825.25,150.7
2024-05-03 05:00:00+00:00,26958.75,5489.5,721.1
2024-05-03 06:00:00+00:00,28400,5179.25,4315.8
2024-05-03 07:00:00+00:00,28685,4934,11184.375
2024-05-03 08:00:00+00:00,28051.75,4887.75,15710.45
2024-05-03 09:00:00+00:00,27401.25,5022.25,17380.1
2024-05-03 10:00:00+00:00,27054.75,5328.25,17942
2024-05-03 11:00:00+00:00,26884.25,5685,17985.4
2024-05-03 12:00:00+00:00,26257,6063.75,17183.4
2024-05-03 13:00:00+00:00,25598.75,6459.75,16813.8
2024-05-03 14:00:00+00:00,25284.5,6837,16143.975
2024-05-03 15:00:00+00:00,25475.25,7138.75,14907.175
2024-05-03 16:00:00+00:00,25981.25,7252.75,12122.825
2024-05-03 17:00:00+00:00,27148.25,7273.75,7417.15
2024-05-03 18:00:00+00:00,28469.25,7133.25,2072.1
2024-05-03 19:00:00+00:00,29339.5,7151.5,718.175
2024-05-03 20:00:00+00:00,27678.75,7223,644.625
2024-05-03 21:00:00+00:00,25165.25,7384.25,645.2
2024-05-03 22:00:00+00:00,23716.5,7560,500.575
2024-05-03 23:00:00+00:00,22214,7749.25,422.7
2024-05-04 00:00:00+00:00,21081.25,7837.25,368.275
2024-05-04 01:00:00+00:00,20542.75,7804.5,359.975
2024-05-04 02:00:00+00:00,20206.75,7724.25,315.175
2024-05-04 03:00:00+00:00,20067.75,7591.5,200.775
2024-05-04 04:00:00+00:00,20635.75,7390.25,142.55
2024-05-04 05:00:00+00:00,21248.5,7186,692.6
2024-05-04 06:00:00+00:00,22505.75,6868.75,4149
2024-05-04 07:00:00+00:00,23805,6550.5,10994.475
2024-05-04 08:00:00+00:00,24376,6320,15223.05
2024-05-04 09:00:00+00:00,24082.5,6273.75,16950.275
2024-05-04 10:00:00+00:00,23794.5,6245.25,17366.975
2024-05-04 11:00:00+00:00,23820.25,6300.25,17175.075
2024-05-04 12:00:00+00:00,23235,6422.25,16981.425
2024-05-04 13:00:00+00:00,22319.75,6586.25,16602.9
2024-05-04 14:00:00+00:00,21697.5,6747.5,15917.4
2024-05-04 15:00:00+00:00,21919.5,7020.25,14663.45
2024-05-04 16:00:00+00:00,22803.75,7014.75,12229.575
2024-05-04 17:00:00+00:00,23799.5,6976,7684.05
2024-05-04 18:00:00+00:00,24939.5,6767,2275.95
2024-05-04 19:00:00+00:00,26513,6636.25,650.15
2024-05-04 20:00:00+00:00,25558.25,6448.5,559.65
2024-05-04 21:00:00+00:00,23489.75,6597.75,544.1
2024-05-04 22:00:00+00:00,22038.5,6953.75,500.05
2024-05-04 23:00:00+00:00,20670.75,6710.25,488.3
2024-05-05 00:00:00+00:00,19623.75,6430.5,470.975
2024-05-05 01:00:00+00:00,19049.25,6197,446.425
2024-05-05 02:00:00+00:00,18798.25,5978.75,416.8
2024-05-05 03:00:00+00:00,18801.75,5609.75,342.175
2024-05-05 04:00:00+00:00,19166,5072.25,206.125
2024-05-05 05:00:00+00:00,19296.75,4618.5,799.2
2024-05-05 06:00:00+00:00,19865,4343.75,3737.55
2024-05-05 07:00:00+00:00,20980,4230,8363.55
2024-05-05 08:00:00+00:00,21786.75,4357.5,11514.3
2024-05-05 09:00:00+00:00,22041.25,4716.5,12786.525
2024-05-05 10:00:00+00:00,22153.75,5372.75,13472.475
2024-05-05 11:00:00+00:00,22220.75,6306.5,13082.7
2024-05-05 12:00:00+00:00,22043,7120.5,12868.525
2024-05-05 13:00:00+00:00,20836.25,7687.5,12128.55
2024-05-05 14:00:00+00:00,20344.25,8086.75,11035.625
2024-05-05 15:00:00+00:00,20834.25,8293.25,9714.65
2024-05-05 16:00:00+00:00,21839,8332.25,7540.825
2024-05-05 17:00:00+00:00,23266,8112,5150.325
2024-05-05 18:00:00+00:00,24870.5,7273.75,1802.625
2024-05-05 19:00:00+00:00,26563.75,6705.75,459.35
2024-05-05 20:00:00+00:00,25847,6116.5,256.375
2024-05-05 21:00:00+00:00,23818.25,5665.5,213.475
2024-05-05 22:00:00+00:00,21964.5,5651,115.325
2024-05-05 23:00:00+00:00,20653.75,5419.5,77.325
2024-05-06 00:00:00+00:00,19848.5,5099.25,60.8
2024-05-06 01:00:00+00:00,19586,4867,58.825
2024-05-06 02:00:00+00:00,19610.25,4698.25,47.825
2024-05-06 03:00:00+00:00,20362.25,4585.25,31.725
2024-05-06 04:00:00+00:00,23123.5,4523.25,22.775
2024-05-06 05:00:00+00:00,25936,4433,543.625
2024-05-06 06:00:00+00:00,27636,4304.25,2973.95
2024-05-06 07:00:00+00:00,28061.5,4156.5,7492.725
2024-05-06 08:00:00+00:00,27839.25,4182.75,10811.6
2024-05-06 09:00:00+00:00,27474.75,4196,13281.125
2024-05-06 10:00:00+00:00,27227.5,4212,14773.95
2024-05-06 11:00:00+00:00,27171.5,4260.5,15136.875
2024-05-06 12:00:00+00:00,26466.25,4353.75,15404.5
2024-05-06 13:00:00+00:00,25784.75,4531.25,15227.45
2024-05-06 14:00:00+00:00,25883.75,4838.75,14522.95
2024-05-06 15:00:00+00:00,26383.5,5225.75,13867.5
2024-05-06 16:00:00+00:00,26699.5,5586.25,12251.55
2024-05-06 17:00:00+00:00,27506.25,5817.25,8314.7
2024-05-06 18:00:00+00:00,28704.75,6225,2953.4
2024-05-06 19:00:00+00:00,29720.75,6203,871.725
2024-05-06 20:00:00+00:00,27704.75,6046.75,719.25
2024-05-06 21:00:00+00:00,24919.5,5806.5,660.95
2024-05-06 22:00:00+00:00,23455.25,6200,434.525
2024-05-06 23:00:00+00:00,22139,6075.5,380.5
2024-05-07 00:00:00+00:00,21349.25,5922.75,331.4
2024-05-07 01:00:00+00:00,21049.25,5770,300.1
2024-05-07 02:00:00+00:00,20983.75,5585.5,252.075
2024-05-07 03:00:00+00:00,21501.5,5383.5,210.6
2024-05-07 04:00:00+00:00,23858.5,5161.25,237.85
2024-05-07 05:00:00+00:00,26562.75,5023,1051.475
2024-05-07 06:00:00+00:00,28049,5159.25,5516.25
2024-05-07 07:00:00+00:00,27928.75,5221.5,12204.2
2024-05-07 08:00:00+00:00,27419.75,5382.5,16102.575
2024-05-07 09:00:00+00:00,26956.5,5468.75,17056.25
2024-05-07 10:00:00+00:00,26662.5,5777.5,17644.15
2024-05-07 11:00:00+00:00,26629.75,6422.5,17116.175
2024-05-07 12:00:00+00:00,26133,6973.25,17206.875
2024-05-07 13:00:00+00:00,25601.5,7525.75,16681.825
2024-05-07 14:00:00+00:00,25328,8107.5,16404.875
2024-05-07 15:00:00+00:00,25606.5,8485.75,15774.625
2024-05-07 16:00:00+00:00,25932.25,8923.75,13521.85
2024-05-07 17:00:00+00:00,27195.75,9365.5,8933.35
2024-05-07 18:00:00+00:00,28629.5,9794.5,3058.425
2024-05-07 19:00:00+00:00,29770,10185.75,822.35
2024-05-07 20:00:00+00:00,27941.5,10385.75,615.275
2024-05-07 21:00:00+00:00,25079.25,10424.5,546.775
2024-05-07 22:00:00+00:00,23711,10415.25,522.875
2024-05-07 23:00:00+00:00,22457.25,10098.75,497.875
2024-05-08 00:00:00+00:00,21644.75,9599,431.375
2024-05-08 01:00:00+00:00,21244,9141,332.55
2024-05-08 02:00:00+00:00,21178.25,8752.5,316.675
2024-05-08 03:00:00+00:00,21673.75,8390.25,205.5
2024-05-08 04:00:00+00:00,24087.25,7988.75,216.575
2024-05-08 05:00:00+00:00,26795.5,7426.75,996.325
2024-05-08 06:00:00+00:00,28009,6649.25,5369.3
2024-05-08 07:00:00+00:00,27912.25,5709.5,11917.25
2024-05-08 08:00:00+00:00,27288.25,4898,15157.375
2024-05-08 09:00:00+00:00,26616.5,4371.25,16929.25
2024-05-08 10:00:00+00:00,26498.5,4064,17197.925
2024-05-08 11:00:00+00:00,26461.5,3928.25,17616.075
2024-05-08 12:00:00+00:00,26110.25,3916.5,16984.8
2024-05-08 13:00:00+00:00,25208.5,3984.75,17047.35
2024-05-08 14:00:00+00:00,24935.5,4128.75,16675.925
2024-05-08 15:00:00+00:00,25428.5,4357,15038.6
2024-05-08 16:00:00+00:00,26328.75,4710.5,12962.75
2024-05-08 17:00:00+00:00,27517,5085.5,8739.75
2024-05-08 18:00:00+00:00,28787,5839.25,3089.25
2024-05-08 19:00:00+00:00,30062.75,6475.5,945.05
2024-05-08 20:00:00+00:00,28049,6815,733.45
2024-05-08 21:00:00+00:00,25293.5,6686,730.95
2024-05-08 22:00:00+00:00,23669.75,6810.25,457.525
2024-05-08 23:00:00+00:00,22554.5,6304.75,424.425
2024-05-09 00:00:00+00:00,21783.75,5736,410.05
2024-05-09 01:00:00+00:00,21298.75,5164.75,389.7
2024-05-09 02:00:00+00:00,21243.5,4671.25,308.775
2024-05-09 03:00:00+00:00,21846.5,4263,219.35
2024-05-09 04:00:00+00:00,24241.5,3871.5,142.425
2024-05-09 05:00:00+00:00,26683.25,3481.5,1129.45
2024-05-09 06:00:00+00:00,27665,2995.5,5954.65
2024-05-09 07:00:00+00:00,27656.5,2586.5,12396.125
2024-05-09 08:00:00+00:00,27119,2370.75,15530.525
2024-05-09 09:00:00+00:00,26556.25,2377.25,16607.35
2024-05-09 10:00:00+00:00,26603,2454.75,17124.55
2024-05-09 11:00:00+00:00,26810.75,2504.75,17060.075
2024-05-09 12:00:00+00:00,26415.25,2471.25,16499.95
2024-05-09 13:00:00+00:00,25955.5,2478.75,16374.925
2024-05-09 14:00:00+00:00,25829.75,2543.75,15614.05
2024-05-09 15:00:00+00:00,26179,2727.25,13700.5
2024-05-09 16:00:00+00:00,26512,2990.25,10381.3
2024-05-09 17:00:00+00:00,27356.75,3314.5,7428.3
2024-05-09 18:00:00+00:00,28712.25,3748,2713.45
2024-05-09 19:00:00+00:00,29831.25,4163,725.775
2024-05-09 20:00:00+00:00,27896.25,4449.5,248.75
2024-05-09 21:00:00+00:00,25330.5,4539,246.775
2024-05-09 22:00:00+00:00,24301.75,4415.25,349.95
2024-05-09 23:00:00+00:00,22984,4447,274.75
2024-05-10 00:00:00+00:00,21977,4419,241.575
2024-05-10 01:00:00+00:00,21558,4267.5,229.275
2024-05-10 02:00:00+00:00,21480.25,4003.5,200.75
2024-05-10 03:00:00+00:00,21977,3698.25,165.175
2024-05-10 04:00:00+00:00,24341.5,3442.25,119.75
2024-05-10 05:00:00+00:00,26709.75,3195.5,976.175
2024-05-10 06:00:00+00:00,27713,2856,6320.525
2024-05-10 07:00:00+00:00,27797,2518.75,13154.2
2024-05-10 08:00:00+00:00,27442,2397.5,16226.75
2024-05-10 09:00:00+00:00,26947.75,2463.5,17948.3
2024-05-10 10:00:00+00:00,26897.25,2556.25,18279.25
2024-05-10 11:00:00+00:00,26925,2687.25,17969.875
2024-05-10 12:00:00+00:00,26278.25,2800.25,17957.35
2024-05-10 13:00:00+00:00,25519.5,2966.25,17658.425
2024-05-10 14:00:00+00:00,25306.5,3242.5,17409.775
2024-05-10 15:00:00+00:00,25588,3680.5,16194.225
2024-05-10 16:00:00+00:00,26198.75,4283.75,13899.925
2024-05-10 17:00:00+00:00,27056.25,5009,9403.75
2024-05-10 18:00:00+00:00,27774.75,5638,3410.25
2024-05-10 19:00:00+00:00,28838.75,6074.75,876.35
2024-05-10 20:00:00+00:00,27325.5,6255,668.125
2024-05-10 21:00:00+00:00,25309.75,6186.5,661.9
2024-05-10 22:00:00+00:00,23991.5,6616.75,535.6
2024-05-10 23:00:00+00:00,22597,6330.25,473.825
2024-05-11 00:00:00+00:00,21450,5833,436.65
2024-05-11 01:00:00+00:00,20853,5219.25,432.975
2024-05-11 02:00:00+00:00,20526.5,4622.25,387.8
2024-05-11 03:00:00+00:00,20307.5,4063.25,257.875
2024-05-11 04:00:00+00:00,20707.5,3632.25,164.275
2024-05-11 05:00:00+00:00,21060.25,3264,1049.15
2024-05-11 06:00:00+00:00,22093,2872.25,6358.75
2024-05-11 07:00:00+00:00,23315.5,2701.75,12773.075
2024-05-11 08:00:00+00:00,23805.5,2414.25,15295.85
2024-05-11 09:00:00+00:00,23471.75,2668.75,17110.35
2024-05-11 10:00:00+00:00,23305.5,2965.75,17519.675
2024-05-11 11:00:00+00:00,23391,3508.5,17508.05
2024-05-11 12:00:00+00:00,22889.5,4050.5,17517.3
2024-05-11 13:00:00+00:00,21954.25,4568.25,16961.475
2024-05-11 14:00:00+00:00,21622.5,5267,16412.775
2024-05-11 15:00:00+00:00,21975.75,5541.5,14534.45
2024-05-11 16:00:00+00:00,22831,5509,12331.3
2024-05-11 17:00:00+00:00,23514.25,5412.75,8678.575
2024-05-11 18:00:00+00:00,24581.75,4644.5,3354.625
2024-05-11 19:00:00+00:00,26004.75,4605.75,1113.2
2024-05-11 20:00:00+00:00,25157.5,4483.25,674.35
2024-05-11 21:00:00+00:00,23394,4040.75,627.65
2024-05-11 22:00:00+00:00,21933.75,3452.25,432.65
2024-05-11 23:00:00+00:00,20623.5,3012,376.275
2024-05-12 00:00:00+00:00,19588.75,2533.25,362.45
2024-05-12 01:00:00+00:00,19030.75,2077.5,360.75
2024-05-12 02:00:00+00:00,18735.75,1713.75,334.675
2024-05-12 03:00:00+00:00,18642.75,1422.75,260.825
2024-05-12 04:00:00+00:00,18861,1197.75,175.625
2024-05-12 05:00:00+00:00,18834.75,974.25,1064.775
2024-05-12 06:00:00+00:00,19398.5,695.75,5802.25
2024-05-12 07:00:00+00:00,20425.25,474.25,11839.15
2024-05-12 08:00:00+00:00,21104.5,377.25,15067.075
2024-05-12 09:00:00+00:00,21172.5,382.25,16345.475
2024-05-12 10:00:00+00:00,21152.75,419.25,16819.975
2024-05-12 11:00:00+00:00,21425,518.25,16773.025
2024-05-12 12:00:00+00:00,21094,723.5,16373.25
2024-05-12 13:00:00+00:00,20035.25,1164,15568.275
2024-05-12 14:00:00+00:00,19745.25,1630,14318.15
2024-05-12 15:00:00+00:00,20584.5,2083.75,12575.85
2024-05-12 16:00:00+00:00,21612.75,2580,10109.275
2024-05-12 17:00:00+00:00,22825.75,2927.25,6573.675
2024-05-12 18:00:00+00:00,24265.5,3098.25,2298.25
2024-05-12 19:00:00+00:00,25930.5,3301.25,611.55
2024-05-12 20:00:00+00:00,25276.5,3420.75,457.55
2024-05-12 21:00:00+00:00,23347.5,3513,447.125
2024-05-12 22:00:00+00:00,21851,3329.25,398
2024-05-12 23:00:00+00:00,20644.5,3190.75,359.5
2024-05-13 00:00:00+00:00,19885.75,3259.25,319.35
2024-05-13 01:00:00+00:00,19609.25,3320.75,314.025
2024-05-13 02:00:00+00:00,19651,3426.75,278.25
2024-05-13 03:00:00+00:00,20327.5,3659,219.525
2024-05-13 04:00:00+00:00,22987.5,3961.25,155.95
2024-05-13 05:00:00+00:00,25798.75,4161.5,1203.85
2024-05-13 06:00:00+00:00,27212,4124,5844.2
2024-05-13 07:00:00+00:00,27410,4123.25,11480.6
2024-05-13 08:00:00+00:00,27099.5,4414,14599.475
2024-05-13 09:00:00+00:00,26606.75,5079.25,16036.2
2024-05-13 10:00:00+00:00,26347.75,5941.75,16381.1
2024-05-13 11:00:00+00:00,26401.75,6535,16230.4
2024-05-13 12:00:00+00:00,26023.25,6997.5,15859.55
2024-05-13 13:00:00+00:00,25343.25,7471.75,15023.35
2024-05-13 14:00:00+00:00,25101.25,7992.25,13973.9
2024-05-13 15:00:00+00:00,25925.5,8365.75,12520.975
2024-05-13 16:00:00+00:00,26485.75,8819.25,10655.85
2024-05-13 17:00:00+00:00,27367.25,9107.75,7062.225
2024-05-13 18:00:00+00:00,28403.75,9086.25,2539.6
2024-05-13 19:00:00+00:00,29616.75,9058.75,550.925
2024-05-13 20:00:00+00:00,27625.25,8952.25,386.475
2024-05-13 21:00:00+00:00,25066.75,8787.5,363.7
2024-05-13 22:00:00+00:00,23425.25,8322.75,323.925
2024-05-13 23:00:00+00:00,22387.25,8602,316.5
2024-05-14 00:00:00+00:00,21585.5,8860.5,259.4
2024-05-14 01:00:00+00:00,21220.5,9043.5,244.325
2024-05-14 02:00:00+00:00,21234.5,8999.5,209.275
2024-05-14 03:00:00+00:00,21746.75,8808,176.875
2024-05-14 04:00:00+00:00,24033.5,8436.5,117.775
2024-05-14 05:00:00+00:00,26449.75,8032.5,970.4
2024-05-14 06:00:00+00:00,27740.75,7641,5131.3
2024-05-14 07:00:00+00:00,27644.25,7416.25,11155.95
2024-05-14 08:00:00+00:00,27185,7327,14402.875
2024-05-14 09:00:00+00:00,26598.75,7273.5,15942.55
2024-05-14 10:00:00+00:00,26432.75,7362.75,16229.3
2024-05-14 11:00:00+00:00,26610.5,7263.5,16602.4
2024-05-14 12:00:00+00:00,26114,7340.75,16905.75
2024-05-14 13:00:00+00:00,25585.25,7708.75,16045.4
2024-05-14 14:00:00+00:00,25581.25,8282.75,15393.1
2024-05-14 15:00:00+00:00,26278.75,8640,14778
2024-05-14 16:00:00+00:00,26761,8871.75,13148.425
2024-05-14 17:00:00+00:00,27799.75,8988.75,8842.1
2024-05-14 18:00:00+00:00,28941.75,9097.75,3504.65
2024-05-14 19:00:00+00:00,29905,8920.25,859.275
2024-05-14 20:00:00+00:00,27884.75,8630,431.55
2024-05-14 21:00:00+00:00,25435.5,8376.25,367.25
2024-05-14 22:00:00+00:00,23970.5,8581.75,376.75
2024-05-14 23:00:00+00:00,22783.5,8300.75,321.325
2024-05-15 00:00:00+00:00,21904.25,7876.5,303.225
2024-05-15 01:00:00+00:00,21492.75,7383.75,287.7
2024-05-15 02:00:00+00:00,21361.5,6902.75,247.225
2024-05-15 03:00:00+00:00,21761,6457.75,195.925
2024-05-15 04:00:00+00:00,23678.5,6037.5,154.8
2024-05-15 05:00:00+00:00,25812,5617,1218.5
2024-05-15 06:00:00+00:00,26919.5,5192.25,6430.75
2024-05-15 07:00:00+00:00,27101.5,4872,12729.525
2024-05-15 08:00:00+00:00,26674,4832.5,15906.925
2024-05-15 09:00:00+00:00,26192.75,5021.25,17142.8
2024-05-15 10:00:00+00:00,26042.5,5349.5,17533.4
2024-05-15 11:00:00+00:00,26144,5773,17549.65
2024-05-15 12:00:00+00:00,25469.25,6181.5,17113.95
2024-05-15 13:00:00+00:00,24621.75,6541.75,16399.5
2024-05-15 14:00:00+00:00,24397.75,7081,15439.475
2024-05-15 15:00:00+00:00,24955.75,7542.75,14210.325
2024-05-15 16:00:00+00:00,25556,7789,12271.875
2024-05-15 17:00:00+00:00,26780.75,7729,8514.375
2024-05-15 18:00:00+00:00,28054.25,7308.5,3269.7
2024-05-15 19:00:00+00:00,29012.5,6819.5,789.825
2024-05-15 20:00:00+00:00,27358,6386,560.45
2024-05-15 21:00:00+00:00,24988.25,6169,517.6
2024-05-15 22:00:00+00:00,23795.25,6390.5,406.825
2024-05-15 23:00:00+00:00,22555.25,6427.75,389.5
2024-05-16 00:00:00+00:00,21678,6584.75,360.65
2024-05-16 01:00:00+00:00,21352.25,6663.5,321.575
2024-05-16 02:00:00+00:00,21147,6625.75,272.65
2024-05-16 03:00:00+00:00,21753,6475,209.75
2024-05-16 04:00:00+00:00,24026.75,6297.75,143.175
2024-05-16 05:00:00+00:00,26452.5,6035.5,1263.675
2024-05-16 06:00:00+00:00,27803.75,5802.25,5931.75
2024-05-16 07:00:00+00:00,27887.75,5729.5,11806.45
2024-05-16 08:00:00+00:00,27476.25,5836.5,14709.275
2024-05-16 09:00:00+00:00,27003.75,5969.5,15789.125
2024-05-16 10:00:00+00:00,26909.25,6094.5,16401.375
2024-05-16 11:00:00+00:00,26921.25,6312.75,16571.025
2024-05-16 12:00:00+00:00,26350.75,6999.5,16400.2
2024-05-16 13:00:00+00:00,25738.25,7387,15853.95
2024-05-16 14:00:00+00:00,25508.5,7269,15130.65
2024-05-16 15:00:00+00:00,25991.75,7510.75,14041.3
2024-05-16 16:00:00+00:00,26442.25,7393.75,11929.175
2024-05-16 17:00:00+00:00,27429.75,6968.5,7740.975
2024-05-16 18:00:00+00:00,28592.25,6105.75,2840.8
2024-05-16 19:00:00+00:00,29544.75,5345.5,739
2024-05-16 20:00:00+00:00,27804.75,4761.75,473.65
2024-05-16 21:00:00+00:00,25292.25,4409,420.4
2024-05-16 22:00:00+00:00,23891.5,4090.25,293.775
2024-05-16 23:00:00+00:00,22642.75,3873.5,249.175
2024-05-17 00:00:00+00:00,21771.5,3671.25,233.625
2024-05-17 01:00:00+00:00,21448,3647,230.6
2024-05-17 02:00:00+00:00,21293,3756,215.625
2024-05-17 03:00:00+00:00,21722.75,3860,180.925
2024-05-17 04:00:00+00:00,23870.5,3807.5,163.15
2024-05-17 05:00:00+00:00,26011.25,3618,1021.025
2024-05-17 06:00:00+00:00,27167.75,3379.75,4449.675
2024-05-17 07:00:00+00:00,27288.25,3247.25,9241.675
2024-05-17 08:00:00+00:00,27001.25,3262.75,12719.8
2024-05-17 09:00:00+00:00,26847.25,3269.75,15035.325
2024-05-17 10:00:00+00:00,26717.75,3403,16367.225
2024-05-17 11:00:00+00:00,26557.5,3725.5,16165.775
2024-05-17 12:00:00+00:00,25916.75,4149.75,16297.825
2024-05-17 13:00:00+00:00,25070.75,4722.5,15786.15
2024-05-17 14:00:00+00:00,24872.25,5130,14980.35
2024-05-17 15:00:00+00:00,25153.25,5304.5,14640.075
2024-05-17 16:00:00+00:00,25603.75,5308.5,12821.375
2024-05-17 17:00:00+00:00,26357,4984.25,9017.8
2024-05-17 18:00:00+00:00,27250.75,4599.75,3461.725
2024-05-17 19:00:00+00:00,28299.25,4374,772.525
2024-05-17 20:00:00+00:00,26827.25,4161,417.625
2024-05-17 21:00:00+00:00,24709,3871.25,376.35
2024-05-17 22:00:00+00:00,23613.25,3688.75,509.375
2024-05-17 23:00:00+00:00,22313,3435,438.6
2024-05-18 00:00:00+00:00,21289,3166.75,404.75
2024-05-18 01:00:00+00:00,20748,2928.25,369.75
2024-05-18 02:00:00+00:00,20360,2890.25,318.175
2024-05-18 03:00:00+00:00,20186,2711.75,259.4
2024-05-18 04:00:00+00:00,20535.5,2492,188.975
2024-05-18 05:00:00+00:00,20967.75,2303,1445.625
2024-05-18 06:00:00+00:00,22116.25,2017.75,6758.35
2024-05-18 07:00:00+00:00,23363.75,1699,13506.825
2024-05-18 08:00:00+00:00,23936.75,1374,16900.7
2024-05-18 09:00:00+00:00,23700.75,1349,18067.2
2024-05-18 10:00:00+00:00,23449.5,1487,18437.2
2024-05-18 11:00:00+00:00,23573,1766.75,18338.525
2024-05-18 12:00:00+00:00,22975,2038,17949.775
2024-05-18 13:00:00+00:00,21809.25,2351,17400.175
2024-05-18 14:00:00+00:00,21243,2722,16858.05
2024-05-18 15:00:00+00:00,21561.5,3074,15797
2024-05-18 16:00:00+00:00,22333,3548.25,13791.175
2024-05-18 17:00:00+00:00,23236.75,3701.25,9453.95
2024-05-18 18:00:00+00:00,24155,3807,3433.55
2024-05-18 19:00:00+00:00,25702.25,3771.75,993.5
2024-05-18 20:00:00+00:00,24951.25,3644.5,669.875
2024-05-18 21:00:00+00:00,23037.75,3463.25,646.85
2024-05-18 22:00:00+00:00,21828.5,3503.5,517.475
2024-05-18 23:00:00+00:00,20528.5,3125,495.5
2024-05-19 00:00:00+00:00,19576,2502.75,467.05
2024-05-19 01:00:00+00:00,19013.25,2123.5,454.1
2024-05-19 02:00:00+00:00,18699,1860.25,375.05
2024-05-19 03:00:00+00:00,18641.75,1688,312.175
2024-05-19 04:00:00+00:00,18839.5,1503,254.125
2024-05-19 05:00:00+00:00,18812,1353.5,1349.45
2024-05-19 06:00:00+00:00,19380.75,1118,6027.55
2024-05-19 07:00:00+00:00,20444.25,978.25,11735.25
2024-05-19 08:00:00+00:00,21191.25,932.75,14399.625
2024-05-19 09:00:00+00:00,21387.5,1049,15519.775
2024-05-19 10:00:00+00:00,21396.75,1431.75,16094.325
2024-05-19 11:00:00+00:00,21673.5,2051.75,16473.85
2024-05-19 12:00:00+00:00,21439.25,2624.5,16366.125
2024-05-19 13:00:00+00:00,20245,3298.75,15452.85
2024-05-19 14:00:00+00:00,19935.5,3847.75,14915.175
2024-05-19 15:00:00+00:00,20316.75,4353,13868.85
2024-05-19 16:00:00+00:00,21313.5,4826,11997
2024-05-19 17:00:00+00:00,22466.25,5029.5,8780.95
2024-05-19 18:00:00+00:00,23854,4798.5,3521.75
2024-05-19 19:00:00+00:00,25619.5,4692.5,892.075
2024-05-19 20:00:00+00:00,25230.5,4497.5,434.125
2024-05-19 21:00:00+00:00,23286.75,4311.75,355.075
2024-05-19 22:00:00+00:00,21734,4055.75,297
2024-05-19 23:00:00+00:00,20506,3983.75,246.1
2024-05-20 00:00:00+00:00,19731.75,3945.25,232.725
2024-05-20 01:00:00+00:00,19448.5,3918,223.7
2024-05-20 02:00:00+00:00,19419,3838,207.7
2024-05-20 03:00:00+00:00,20096.25,3654.25,144.95
2024-05-20 04:00:00+00:00,22415.25,3445.5,103.2
2024-05-20 05:00:00+00:00,24732,3176,1455.525
2024-05-20 06:00:00+00:00,26210.25,2810,6329.55
2024-05-20 07:00:00+00:00,26543,2547.75,12480.4
2024-05-20 08:00:00+00:00,26420.75,2569.5,15643.375
2024-05-20 09:00:00+00:00,26135.75,2784,16686.925
2024-05-20 10:00:00+00:00,26216.5,3000.5,17036.1
2024-05-20 11:00:00+00:00,26309.5,3252.5,16931.65
2024-05-20 12:00:00+00:00,25863.5,3572.75,16649.3
2024-05-20 13:00:00+00:00,24923.75,4147,15985.1
2024-05-20 14:00:00+00:00,24618.75,4832,15487.7
2024-05-20 15:00:00+00:00,25402.5,5199,14339.3
2024-05-20 16:00:00+00:00,25670.5,5557,12747.65
2024-05-20 17:00:00+00:00,26482.75,5752.75,9044.675
2024-05-20 18:00:00+00:00,27756.75,5644.75,3680.65
2024-05-20 19:00:00+00:00,28914,5434,913.725
2024-05-20 20:00:00+00:00,27393.5,5184.25,548.9
2024-05-20 21:00:00+00:00,24784,4909.25,545.4
2024-05-20 22:00:00+00:00,23446.25,3940,466.6
2024-05-20 23:00:00+00:00,22202.75,3684.5,407.675
2024-05-21 00:00:00+00:00,21371.75,3490.25,349.175
2024-05-21 01:00:00+00:00,21098.75,3386.5,322.875
2024-05-21 02:00:00+00:00,21009.25,3414.5,282.325
2024-05-21 03:00:00+00:00,21622.5,3458.25,206.175
2024-05-21 04:00:00+00:00,23924.25,3490.25,162.45
2024-05-21 05:00:00+00:00,26594.75,3377.5,1481.95
2024-05-21 06:00:00+00:00,28045.25,3029.5,6469.05
2024-05-21 07:00:00+00:00,27975.25,2736,12602.775
2024-05-21 08:00:00+00:00,27529.75,2824.5,15808.925
2024-05-21 09:00:00+00:00,27009.75,3117,16810.975
2024-05-21 10:00:00+00:00,27123.5,3445.5,16978.95
2024-05-21 11:00:00+00:00,27194.25,3893.5,16642.2
2024-05-21 12:00:00+00:00,26672.25,4439.75,16170.525
2024-05-21 13:00:00+00:00,25919.5,5071.75,15376.275
2024-05-21 14:00:00+00:00,25722,5694.5,14600.15
2024-05-21 15:00:00+00:00,26326,6201.5,13605.475
2024-05-21 16:00:00+00:00,26801.25,6617.25,11844.05
2024-05-21 17:00:00+00:00,27721.75,6840,8285.45
2024-05-21 18:00:00+00:00,28740,6663,3351.175
2024-05-21 19:00:00+00:00,29787.25,6523.5,845.925
2024-05-21 20:00:00+00:00,27984.5,6385,492.85
2024-05-21 21:00:00+00:00,25353.75,6318.5,468.1
2024-05-21 22:00:00+00:00,23737.5,5572,353.05
2024-05-21 23:00:00+00:00,22456.25,5403.5,315.85
2024-05-22 00:00:00+00:00,21586,5094.25,261.75
2024-05-22 01:00:00+00:00,21249.75,4913,248.9
2024-05-22 02:00:00+00:00,21168,4836.75,222.275
2024-05-22 03:00:00+00:00,21704.75,4866,202.725
2024-05-22 04:00:00+00:00,23873.75,4821.25,193.1
2024-05-22 05:00:00+00:00,26438.25,4579.5,1467.575
2024-05-22 06:00:00+00:00,27723.25,4179,6653.275
2024-05-22 07:00:00+00:00,27750.25,3756.5,13190.525
2024-05-22 08:00:00+00:00,27316.5,3453.75,16498.675
2024-05-22 09:00:00+00:00,27010,3446,17634.15
2024-05-22 10:00:00+00:00,27130,3647.25,17807.425
2024-05-22 11:00:00+00:00,27250,4006.5,17945.525
2024-05-22 12:00:00+00:00,26715,4180.75,17683.95
2024-05-22 13:00:00+00:00,25914.5,4399,17184.425
2024-05-22 14:00:00+00:00,25638,4629.75,16445.125
2024-05-22 15:00:00+00:00,26016,4722,15083.975
2024-05-22 16:00:00+00:00,26418.75,4876.25,13059.45
2024-05-22 17:00:00+00:00,27258.25,5109.75,9232.6
2024-05-22 18:00:00+00:00,28290.5,5164.75,3601.325
2024-05-22 19:00:00+00:00,29239.25,5255.75,966.3
2024-05-22 20:00:00+00:00,27627.5,5296.75,633.625
2024-05-22 21:00:00+00:00,25102.5,5127.25,633.7
2024-05-22 22:00:00+00:00,23542.25,5020.25,438.825
2024-05-22 23:00:00+00:00,22312.5,4734.5,397.5
2024-05-23 00:00:00+00:00,21505,4468,389.875
2024-05-23 01:00:00+00:00,21199.75,4231.25,320.475
2024-05-23 02:00:00+00:00,21152.75,3994.25,256.625
2024-05-23 03:00:00+00:00,21650.5,3700.5,205.275
2024-05-23 04:00:00+00:00,23825.5,3393.75,209
2024-05-23 05:00:00+00:00,26276,3036.75,1321.225
2024-05-23 06:00:00+00:00,27487.75,2533.25,6183.8
2024-05-23 07:00:00+00:00,27390.25,2042,12046.55
2024-05-23 08:00:00+00:00,27034.75,1716.75,14883.7
2024-05-23 09:00:00+00:00,26762.25,1505.75,16672.825
2024-05-23 10:00:00+00:00,26847,1365.25,17090.325
2024-05-23 11:00:00+00:00,27076,1381.25,17354.3
2024-05-23 12:00:00+00:00,26809,1572.25,17402.25
2024-05-23 13:00:00+00:00,26104.25,1901.25,16822.95
2024-05-23 14:00:00+00:00,25878.75,2437,16208.3
2024-05-23 15:00:00+00:00,26085,3053.5,14746
2024-05-23 16:00:00+00:00,26328.5,3799.5,12739.65
2024-05-23 17:00:00+00:00,27262,4547.5,8861.5
2024-05-23 18:00:00+00:00,28447.75,5242,3652.325
2024-05-23 19:00:00+00:00,29035.5,5936.5,972.175
2024-05-23 20:00:00+00:00,27494.25,6621.5,541.2
2024-05-23 21:00:00+00:00,25081.5,6819.75,535.475
2024-05-23 22:00:00+00:00,23939.5,6871.75,267.75
2024-05-23 23:00:00+00:00,22830.25,6782.25,244.075
2024-05-24 00:00:00+00:00,21884.25,6502,184.625
2024-05-24 01:00:00+00:00,21570.25,6013,190
2024-05-24 02:00:00+00:00,21507.5,5467.5,119.9
2024-05-24 03:00:00+00:00,22055,4912.25,124.775
2024-05-24 04:00:00+00:00,24115.25,4342.25,154.625
2024-05-24 05:00:00+00:00,26480.5,3716.25,967.525
2024-05-24 06:00:00+00:00,27638.5,2933,6005.175
2024-05-24 07:00:00+00:00,27757.5,2211.75,12964.675
2024-05-24 08:00:00+00:00,27469,1819,16862.925
2024-05-24 09:00:00+00:00,27092,1544.75,18118.725
2024-05-24 10:00:00+00:00,27049,1418.5,18403.5
2024-05-24 11:00:00+00:00,26995.75,1451.25,18275.4
2024-05-24 12:00:00+00:00,26558.25,1498.75,18108.875
2024-05-24 13:00:00+00:00,25651,1697.25,18062.575
2024-05-24 14:00:00+00:00,25472.5,1949.5,17729.4
2024-05-24 15:00:00+00:00,25875,2185.75,16826.75
2024-05-24 16:00:00+00:00,26352.75,2380.25,14922.3
2024-05-24 17:00:00+00:00,27084.5,2456.25,10338.825
2024-05-24 18:00:00+00:00,27733.75,2513.75,3609.925
2024-05-24 19:00:00+00:00,28471.25,2554.25,1014.175
2024-05-24 20:00:00+00:00,27243.5,2596.75,629.75
2024-05-24 21:00:00+00:00,25046.25,2511,613.85
2024-05-24 22:00:00+00:00,23864.75,2942.25,599.7
2024-05-24 23:00:00+00:00,22535,3029.25,537.225
2024-05-25 00:00:00+00:00,21457,3010.5,491.8
2024-05-25 01:00:00+00:00,20941,3176.5,464.4
2024-05-25 02:00:00+00:00,20632,3299.5,422
2024-05-25 03:00:00+00:00,20494.25,3310,343.425
2024-05-25 04:00:00+00:00,20697.75,3289.25,304.9
2024-05-25 05:00:00+00:00,21098,3175.75,1589.55
2024-05-25 06:00:00+00:00,22307,2785,7231.375
2024-05-25 07:00:00+00:00,23521,2458.25,13645.575
2024-05-25 08:00:00+00:00,24057.5,2415.25,16900.675
2024-05-25 09:00:00+00:00,23932,2757.25,18285.4
2024-05-25 10:00:00+00:00,23768,3313.75,18487.7
2024-05-25 11:00:00+00:00,23636,3968,18603.9
2024-05-25 12:00:00+00:00,23362.25,4512,18341.675
2024-05-25 13:00:00+00:00,22316.5,4916,18080.25
2024-05-25 14:00:00+00:00,21845,5258.25,17361.225
2024-05-25 15:00:00+00:00,22290,5422,16243.9
2024-05-25 16:00:00+00:00,22965.75,5308.75,14510.95
2024-05-25 17:00:00+00:00,23794.25,5127.25,10595.2
2024-05-25 18:00:00+00:00,24640.25,4865.25,4550.75
2024-05-25 19:00:00+00:00,25929.75,4770.25,1220.75
2024-05-25 20:00:00+00:00,25376.25,4440.25,670.475
2024-05-25 21:00:00+00:00,23535.75,3894.25,629.875
2024-05-25 22:00:00+00:00,21881.75,3513.75,553
2024-05-25 23:00:00+00:00,20599,2990,521.5
2024-05-26 00:00:00+00:00,19670.5,2564.75,549.55
2024-05-26 01:00:00+00:00,19147.25,2180.75,535.55
2024-05-26 02:00:00+00:00,18821.75,1784.25,510.425
2024-05-26 03:00:00+00:00,18767.75,1508,428.5
2024-05-26 04:00:00+00:00,18871,1336.75,279.625
2024-05-26 05:00:00+00:00,18926,1162.25,1606.575
2024-05-26 06:00:00+00:00,19372.75,956.75,6875.125
2024-05-26 07:00:00+00:00,20303.5,782.25,12985.575
2024-05-26 08:00:00+00:00,21192,723.5,16042.6
2024-05-26 09:00:00+00:00,21452.5,837,16875.175
2024-05-26 10:00:00+00:00,21767.25,1105,17244.35
2024-05-26 11:00:00+00:00,22030.75,1537,17357.975
2024-05-26 12:00:00+00:00,21932.25,2106.75,17236.375
2024-05-26 13:00:00+00:00,20835.5,2666,16559.075
2024-05-26 14:00:00+00:00,20418,3264.75,16046.475
2024-05-26 15:00:00+00:00,21203.25,3904.25,15283.55
2024-05-26 16:00:00+00:00,22163.5,4703.5,13584.225
2024-05-26 17:00:00+00:00,23186.75,5667.25,9895.375
2024-05-26 18:00:00+00:00,24392,6467.75,4108.625
2024-05-26 19:00:00+00:00,25896.75,7076.25,1101.6
2024-05-26 20:00:00+00:00,25646.5,7242.5,647.35
2024-05-26 21:00:00+00:00,23573.25,7019.25,653.1
2024-05-26 22:00:00+00:00,22211.25,6981,541.55
2024-05-26 23:00:00+00:00,20893.75,6478.75,483.625
2024-05-27 00:00:00+00:00,20126,5898,432.125
2024-05-27 01:00:00+00:00,19842.5,5393,398.5
2024-05-27 02:00:00+00:00,19798.25,4991.75,356.525
2024-05-27 03:00:00+00:00,20535.5,4696,286.475
2024-05-27 04:00:00+00:00,23003,4485.5,227.75
2024-05-27 05:00:00+00:00,25779.5,4205,1618.15
2024-05-27 06:00:00+00:00,27432.25,3750,6959.1
2024-05-27 07:00:00+00:00,27667.5,3347.75,12915.975
2024-05-27 08:00:00+00:00,27274.5,3159.5,16019.7
2024-05-27 09:00:00+00:00,26871.25,2971.75,17260.025
2024-05-27 10:00:00+00:00,26929.25,2918.5,17718.475
2024-05-27 11:00:00+00:00,26926.5,3078.25,17854.325
2024-05-27 12:00:00+00:00,26712.5,3405.25,17631
2024-05-27 13:00:00+00:00,25889,3853.5,17185
2024-05-27 14:00:00+00:00,25757.5,4362,16804.175
2024-05-27 15:00:00+00:00,26321,4948.75,16308.75
2024-05-27 16:00:00+00:00,27166.5,5632.25,14762.475
2024-05-27 17:00:00+00:00,28067.75,6374.25,11090.725
2024-05-27 18:00:00+00:00,28990.25,7069.5,4980.3
2024-05-27 19:00:00+00:00,29689,7713.5,1313.8
2024-05-27 20:00:00+00:00,28215.75,8180.5,727.35
2024-05-27 21:00:00+00:00,25646.5,8333.5,606.075
2024-05-27 22:00:00+00:00,23916.5,6959.25,580.325
2024-05-27 23:00:00+00:00,23093,6499.75,529.825
2024-05-28 00:00:00+00:00,22320.25,5927.5,486.675
2024-05-28 01:00:00+00:00,21623.75,5399.5,460.65
2024-05-28 02:00:00+00:00,21463.75,4959.5,404.75
2024-05-28 03:00:00+00:00,21780,4606,331.225
2024-05-28 04:00:00+00:00,23186.25,4350.25,264.275
2024-05-28 05:00:00+00:00,25618.75,3961.5,1638.125
2024-05-28 06:00:00+00:00,27350.75,3376.5,7331.5
2024-05-28 07:00:00+00:00,27797.75,2800,13262.3
2024-05-28 08:00:00+00:00,27662.75,2416,16568.5
2024-05-28 09:00:00+00:00,27354,2198.25,17917.1
2024-05-28 10:00:00+00:00,27112.75,2084,18412.975
2024-05-28 11:00:00+00:00,27187.5,1985,18413.5
2024-05-28 12:00:00+00:00,27142.75,1862.75,17835.8
2024-05-28 13:00:00+00:00,26517.5,1990.5,17452.425
2024-05-28 14:00:00+00:00,26165,2180.5,17213.825
2024-05-28 15:00:00+00:00,26422.5,2537.75,16498.5
2024-05-28 16:00:00+00:00,26957.5,3020.5,14850.025
2024-05-28 17:00:00+00:00,27625.75,3484.5,11065.15
2024-05-28 18:00:00+00:00,28742.25,3991.75,4842.05
2024-05-28 19:00:00+00:00,29350.25,4851.75,1368
2024-05-28 20:00:00+00:00,28937.75,5306,762.45
2024-05-28 21:00:00+00:00,26543.25,5527.25,729
2024-05-28 22:00:00+00:00,24529.25,5397.75,656.325
2024-05-28 23:00:00+00:00,23334.25,5169.25,612.675
2024-05-29 00:00:00+00:00,22478,4705.5,582.7
2024-05-29 01:00:00+00:00,22074.5,4242,573.3
2024-05-29 02:00:00+00:00,21872.75,3780,556.375
2024-05-29 03:00:00+00:00,22439,3353.25,507.6
2024-05-29 04:00:00+00:00,24530,2974.75,396.225
2024-05-29 05:00:00+00:00,26759.75,2571.5,1915.775
2024-05-29 06:00:00+00:00,28055.75,2083,7810.95
2024-05-29 07:00:00+00:00,28271.25,1773.25,13980.775
2024-05-29 08:00:00+00:00,28058,1502.5,17180.45
2024-05-29 09:00:00+00:00,27864.25,1514.25,18429.05
2024-05-29 10:00:00+00:00,27927.25,1662.75,18920.075
2024-05-29 11:00:00+00:00,28351.75,1903,18951.475
2024-05-29 12:00:00+00:00,27901.75,2353.75,18717.275
2024-05-29 13:00:00+00:00,27270.25,2819.5,18423.325
2024-05-29 14:00:00+00:00,27284,3254.75,17818.3
2024-05-29 15:00:00+00:00,27826,3946.5,16723.1
2024-05-29 16:00:00+00:00,28240.5,5005.5,14760.55
2024-05-29 17:00:00+00:00,29252.5,5967.75,11271.05
2024-05-29 18:00:00+00:00,30070.5,5978.5,5354.825
2024-05-29 19:00:00+00:00,30354.25,6562.5,1368.325
2024-05-29 20:00:00+00:00,28782.5,7049,782.875
2024-05-29 21:00:00+00:00,26209,7033.75,771.325
2024-05-29 22:00:00+00:00,25090.25,6961.75,580.375
2024-05-29 23:00:00+00:00,23759.5,6511.75,571
2024-05-30 00:00:00+00:00,22861.25,6091.25,561.275
2024-05-30 01:00:00+00:00,22449.5,5775.75,543.75
2024-05-30 02:00:00+00:00,22299,5570,531.1
2024-05-30 03:00:00+00:00,22797.25,5522.25,499.4
2024-05-30 04:00:00+00:00,24614.25,5480,432.175
2024-05-30 05:00:00+00:00,26625,5333,1944.1
2024-05-30 06:00:00+00:00,27779.5,5054,7696.15
2024-05-30 07:00:00+00:00,27884.75,5001,13832.975
2024-05-30 08:00:00+00:00,27794,5101,16743.8
2024-05-30 09:00:00+00:00,27670.25,5411,18081.275
2024-05-30 10:00:00+00:00,27971.25,5721.75,18498.1
2024-05-30 11:00:00+00:00,28210.75,6034.5,18422.975
2024-05-30 12:00:00+00:00,28044.75,6496.25,18147.475
2024-05-30 13:00:00+00:00,27550,7249.25,17560.925
2024-05-30 14:00:00+00:00,27617,8271.5,16739.625
2024-05-30 15:00:00+00:00,28178,9450.75,15543.4
2024-05-30 16:00:00+00:00,28616,10440,13766.075
2024-05-30 17:00:00+00:00,29365.5,11116.75,10283.85
2024-05-30 18:00:00+00:00,30131,11642.25,4667.65
2024-05-30 19:00:00+00:00,30629,12063.75,1179.825
2024-05-30 20:00:00+00:00,29253,12634.25,639.875
2024-05-30 21:00:00+00:00,26643,12792.5,567.7
2024-05-30 22:00:00+00:00,25307.75,12600.75,576.625
2024-05-30 23:00:00+00:00,24073.25,12523,575.325
2024-05-31 00:00:00+00:00,23098.25,12277,572.675
2024-05-31 01:00:00+00:00,22612.25,12201.75,572.525
2024-05-31 02:00:00+00:00,22355.5,12032,569.4
2024-05-31 03:00:00+00:00,22753,11828.75,545.8
2024-05-31 04:00:00+00:00,24455.25,11596.75,461.95
2024-05-31 05:00:00+00:00,26342.75,11479.25,1620.775
2024-05-31 06:00:00+00:00,27550,11100.5,7030.4
2024-05-31 07:00:00+00:00,27865.25,10765.25,13153.55
2024-05-31 08:00:00+00:00,27902.5,10502.5,16110.1
2024-05-31 09:00:00+00:00,27808,10591.5,17487.65
2024-05-31 10:00:00+00:00,27887,10751.75,17921.05
2024-05-31 11:00:00+00:00,27818.25,10824.25,17983.075
2024-05-31 12:00:00+00:00,27491,10806,17997.175
2024-05-31 13:00:00+00:00,26554.25,10985,17589.125
2024-05-31 14:00:00+00:00,26408.75,11183.25,16770.325
2024-05-31 15:00:00+00:00,27038.25,11716.5,15982.65
2024-05-31 16:00:00+00:00,27731,12336.75,14379.2
2024-05-31 17:00:00+00:00,28233.75,12934,10692.4
2024-05-31 18:00:00+00:00,28780.5,13551.5,4743.625
2024-05-31 19:00:00+00:00,29293,14010,1216.725
2024-05-31 20:00:00+00:00,28427.25,14047.5,601.325
2024-05-31 21:00:00+00:00,26237,13775.25,577.325
2024-05-31 22:00:00+00:00,24751,14288.25,537.25
2024-05-31 23:00:00+00:00,23489,13660,532.45
2024-06-01 00:00:00+00:00,22580.75,13324.75,526.35
2024-06-01 01:00:00+00:00,21797.5,12894.25,536.025
2024-06-01 02:00:00+00:00,21383.75,12479.5,501.675
2024-06-01 03:00:00+00:00,21184.75,12029,445.375
2024-06-01 04:00:00+00:00,21410.25,11568,382
2024-06-01 05:00:00+00:00,21821.25,11041.25,1258.25
2024-06-01 06:00:00+00:00,22897,10796.5,6311.9
2024-06-01 07:00:00+00:00,23852.5,10626.5,12460.825
2024-06-01 08:00:00+00:00,24309,10427,15919.85
2024-06-01 09:00:00+00:00,24154.5,10404.75,17275.15
2024-06-01 10:00:00+00:00,23925.25,10608.75,17730.525
2024-06-01 11:00:00+00:00,24257.75,10816,17797.225
2024-06-01 12:00:00+00:00,23598.5,10893.25,17409.2
2024-06-01 13:00:00+00:00,22630.75,11143,16963.825
2024-06-01 14:00:00+00:00,22126.75,11627,16364.6
2024-06-01 15:00:00+00:00,22695.25,12339.25,15751.525
2024-06-01 16:00:00+00:00,23566.5,13176.25,14185.45
2024-06-01 17:00:00+00:00,24475,13865.5,10095.7
2024-06-01 18:00:00+00:00,25258.25,14301.25,4118.075
2024-06-01 19:00:00+00:00,26165.25,14508,1124.475
2024-06-01 20:00:00+00:00,25591.5,14471.25,556.2
2024-06-01 21:00:00+00:00,23931.5,14146.75,531.1
2024-06-01 22:00:00+00:00,22439,14089.52,518.9
2024-06-01 23:00:00+00:00,21126,14032.29,490.325
2024-06-02 00:00:00+00:00,20241.25,13975.06,458.275
2024-06-02 01:00:00+00:00,19630.5,13917.83,437.725
2024-06-02 02:00:00+00:00,19196.25,13860.6,408.075
2024-06-02 03:00:00+00:00,19126.25,13803.37,373.225
2024-06-02 04:00:00+00:00,19188,13746.14,384.1
2024-06-02 05:00:00+00:00,19103.25,13688.91,1744.25
2024-06-02 06:00:00+00:00,19592.5,13631.68,7114.45
2024-06-02 07:00:00+00:00,20497.5,13574.45,13305.9
2024-06-02 08:00:00+00:00,21180,13517.22,16225.075
2024-06-02 09:00:00+00:00,21320,13459.99,17396.9
2024-06-02 10:00:00+00:00,21438,13402.76,17846.125
2024-06-02 11:00:00+00:00,21955.75,13345.53,17794.975
2024-06-02 12:00:00+00:00,21708,13288.3,17368.7
2024-06-02 13:00:00+00:00,20577.5,13231.07,16878.35
2024-06-02 14:00:00+00:00,20191.25,13173.84,16310.95
2024-06-02 15:00:00+00:00,21014.25,13116.61,15827.925
2024-06-02 16:00:00+00:00,22183,13059.38,14415.775
2024-06-02 17:00:00+00:00,23645,13002.15,10609.75
2024-06-02 18:00:00+00:00,24891,12944.92,4733.2
2024-06-02 19:00:00+00:00,26059,12887.69,1142.8
2024-06-02 20:00:00+00:00,25823.5,12830.46,589.35
2024-06-02 21:00:00+00:00,23924.25,12773.23,560.425
2024-06-02 22:00:00+00:00,22796.75,12716,546.95
2024-06-02 23:00:00+00:00,21567.75,12282.75,507.375
2024-06-03 00:00:00+00:00,20790.25,11557.75,475.95
2024-06-03 01:00:00+00:00,20468.25,10665.25,457.875
2024-06-03 02:00:00+00:00,20404.25,9655.75,438.55
2024-06-03 03:00:00+00:00,21086.25,8758.5,396.325
2024-06-03 04:00:00+00:00,23631.25,8048.25,326.275
2024-06-03 05:00:00+00:00,26429,7348.75,1783.225
2024-06-03 06:00:00+00:00,27975,6440.25,6943.875
2024-06-03 07:00:00+00:00,28012.25,5579.5,12636.55
2024-06-03 08:00:00+00:00,27841.25,4922,15684.875
2024-06-03 09:00:00+00:00,27476.25,4494.75,17109.975
2024-06-03 10:00:00+00:00,27758,4248.5,17755.5
2024-06-03 11:00:00+00:00,27815.5,4129.5,17812.3
2024-06-03 12:00:00+00:00,27350,4105.75,17091.725
2024-06-03 13:00:00+00:00,26760.75,4278.75,16545.725
2024-06-03 14:00:00+00:00,26648.75,4585.75,15982.525
2024-06-03 15:00:00+00:00,27314.25,5006.5,14895.3
2024-06-03 16:00:00+00:00,28077.5,5490.75,13076.55
2024-06-03 17:00:00+00:00,29034,6039.75,9710.8
2024-06-03 18:00:00+00:00,30015,6558.75,4331.5
2024-06-03 19:00:00+00:00,30356.25,7321,1180.175
2024-06-03 20:00:00+00:00,28841.5,7874.5,574.1
2024-06-03 21:00:00+00:00,26129.5,7893.75,574.975
2024-06-03 22:00:00+00:00,24585.75,7427,444.675
2024-06-03 23:00:00+00:00,23358.75,6685.5,391.125
2024-06-04 00:00:00+00:00,22404.75,5612.25,351.825
2024-06-04 01:00:00+00:00,22044.5,4373.25,325.725
2024-06-04 02:00:00+00:00,21924,3526.25,305.55
2024-06-04 03:00:00+00:00,22407.25,2801.5,271.075
2024-06-04 04:00:00+00:00,24445.75,2187.5,239.475
2024-06-04 05:00:00+00:00,26674.25,1705.25,1872.45
2024-06-04 06:00:00+00:00,27940,1293.25,7472.1
2024-06-04 07:00:00+00:00,27980,973.25,13649.325
2024-06-04 08:00:00+00:00,27825.25,793.5,16401.425
2024-06-04 09:00:00+00:00,27648.5,867.5,17728.425
2024-06-04 10:00:00+00:00,27866.75,980.25,18320.35
2024-06-04 11:00:00+00:00,28193.25,1267.75,18077.325
2024-06-04 12:00:00+00:00,27900.75,1550.5,17476.1
2024-06-04 13:00:00+00:00,27186.75,1873.25,17132.6
2024-06-04 14:00:00+00:00,27077.25,2271,16488.475
2024-06-04 15:00:00+00:00,27697,2645.25,15854.9
2024-06-04 16:00:00+00:00,28312.25,3072,14230.85
2024-06-04 17:00:00+00:00,29283.25,3466.75,10561.725
2024-06-04 18:00:00+00:00,30116,3501.5,4591.475
2024-06-04 19:00:00+00:00,30317,3590.5,1271.6
2024-06-04 20:00:00+00:00,28887.5,3702.75,634.875
2024-06-04 21:00:00+00:00,26476.25,3590.5,637.275
2024-06-04 22:00:00+00:00,24846,3465,538.525
2024-06-04 23:00:00+00:00,23635.25,3227.75,506.5
2024-06-05 00:00:00+00:00,22713.5,2770.75,460.65
2024-06-05 01:00:00+00:00,22238.75,2356,436.575
2024-06-05 02:00:00+00:00,22097,2028,414.425
2024-06-05 03:00:00+00:00,22517.5,1784.5,376.625
2024-06-05 04:00:00+00:00,24416.75,1583.75,355
2024-06-05 05:00:00+00:00,26756.5,1427.5,1893.15
2024-06-05 06:00:00+00:00,28115.25,1223.75,7394.925
2024-06-05 07:00:00+00:00,28116.75,1050,13521.25
2024-06-05 08:00:00+00:00,28068,956,16317.5
2024-06-05 09:00:00+00:00,27967.5,1202.75,17632.375
2024-06-05 10:00:00+00:00,28325,1740.75,17912.65
2024-06-05 11:00:00+00:00,28740.75,2481,18003.1
2024-06-05 12:00:00+00:00,28460,2926.5,17555.375
2024-06-05 13:00:00+00:00,27904.75,3273.75,17123.575
2024-06-05 14:00:00+00:00,27933.5,3558.25,16390.85
2024-06-05 15:00:00+00:00,28501,3789.5,15524.5
2024-06-05 16:00:00+00:00,28905.75,4095.25,13378.3
2024-06-05 17:00:00+00:00,29795.75,4501.75,10096.7
2024-06-05 18:00:00+00:00,30494.75,4882.75,4451.275
2024-06-05 19:00:00+00:00,30466,5411.5,1194.675
2024-06-05 20:00:00+00:00,29050.75,5781,668.975
2024-06-05 21:00:00+00:00,26622,5735,560.65
2024-06-05 22:00:00+00:00,25229.5,5747.75,464.875
2024-06-05 23:00:00+00:00,24011.25,5697.75,431.125
2024-06-06 00:00:00+00:00,23116.75,5479.5,381.05
2024-06-06 01:00:00+00:00,22644,5179.25,350.55
2024-06-06 02:00:00+00:00,22487.75,4888.5,287.325
2024-06-06 03:00:00+00:00,22921.5,4779.25,211
2024-06-06 04:00:00+00:00,24863,4685,221.575
2024-06-06 05:00:00+00:00,27138,4549.75,1390.525
2024-06-06 06:00:00+00:00,28495.75,4232.75,5833.475
2024-06-06 07:00:00+00:00,28629.75,4054.5,10782.875
2024-06-06 08:00:00+00:00,28731.5,4111.75,13594.1
2024-06-06 09:00:00+00:00,28790.75,4499.5,15209.325
2024-06-06 10:00:00+00:00,29184.5,4951.25,15765.35
2024-06-06 11:00:00+00:00,29563.5,5395.5,15892.4
2024-06-06 12:00:00+00:00,29386.75,5715.75,15608.65
2024-06-06 13:00:00+00:00,28946,6035.5,14678.525
2024-06-06 14:00:00+00:00,29032.75,6321,13964.85
2024-06-06 15:00:00+00:00,29698.5,6542.75,12420.35
2024-06-06 16:00:00+00:00,30038,6760.75,10045.1
2024-06-06 17:00:00+00:00,30734.75,7153.5,7128.275
2024-06-06 18:00:00+00:00,31196,7743,2880.6
2024-06-06 19:00:00+00:00,31234,8221,661.95
2024-06-06 20:00:00+00:00,29809.25,8269.5,310.5
2024-06-06 21:00:00+00:00,27318.25,8146.5,267.675
2024-06-06 22:00:00+00:00,26006.75,8081,211.275
2024-06-06 23:00:00+00:00,24684.5,7845.25,167.9
2024-06-07 00:00:00+00:00,23608.75,7355,133.75
2024-06-07 01:00:00+00:00,23099.25,6984.25,115.95
2024-06-07 02:00:00+00:00,22894.25,6660,96.9
2024-06-07 03:00:00+00:00,23279.25,6363.75,73.875
2024-06-07 04:00:00+00:00,25095.5,6094.25,210.475
2024-06-07 05:00:00+00:00,27391.75,5793.25,1501.325
2024-06-07 06:00:00+00:00,28722.25,5490.5,6287.875
2024-06-07 07:00:00+00:00,29123.25,5440.75,11030.05
2024-06-07 08:00:00+00:00,29354.75,5694,13423.175
2024-06-07 09:00:00+00:00,29356.25,6232,14673.025
2024-06-07 10:00:00+00:00,29730.25,6805.75,15297.875
2024-06-07 11:00:00+00:00,30032.75,7348,15447
2024-06-07 12:00:00+00:00,29576.5,7608,15864.4
2024-06-07 13:00:00+00:00,28889.5,7889.5,14833.5
2024-06-07 14:00:00+00:00,28733.25,8217,14448.85
2024-06-07 15:00:00+00:00,29237,8585.25,13297.475
2024-06-07 16:00:00+00:00,29561.25,9112,11240.375
2024-06-07 17:00:00+00:00,30095.75,9644.25,8662.125
2024-06-07 18:00:00+00:00,30351.5,9602.25,3639.875
2024-06-07 19:00:00+00:00,30212.5,9403.25,1087.9
2024-06-07 20:00:00+00:00,29083,8985.75,344.5
2024-06-07 21:00:00+00:00,27044.75,8318.75,309.9
2024-06-07 22:00:00+00:00,25128.25,7561.5,213.875
2024-06-07 23:00:00+00:00,23790.25,6980.75,196.225
2024-06-08 00:00:00+00:00,22686.5,6270,162.925
2024-06-08 01:00:00+00:00,22047.5,5493,137
2024-06-08 02:00:00+00:00,21586.75,4873.75,111.1
2024-06-08 03:00:00+00:00,21302.75,4558.25,73.5
2024-06-08 04:00:00+00:00,21538.25,4333.25,202.275
2024-06-08 05:00:00+00:00,22015.5,4142.25,1233.7
2024-06-08 06:00:00+00:00,23133.25,3768,4169.525
2024-06-08 07:00:00+00:00,24328.25,3372.75,7630.775
2024-06-08 08:00:00+00:00,25163.5,3169.75,10023.25
2024-06-08 09:00:00+00:00,25151.25,3301.25,12116.425
2024-06-08 10:00:00+00:00,25108,3458.5,13287.65
2024-06-08 11:00:00+00:00,25491,3725.75,13667.4
2024-06-08 12:00:00+00:00,25029.75,4089.75,13847.275
2024-06-08 13:00:00+00:00,24074,4689.25,13674.85
2024-06-08 14:00:00+00:00,23506.25,5533.5,13049.975
2024-06-08 15:00:00+00:00,23946.5,6415,11846.25
2024-06-08 16:00:00+00:00,24626.25,7508.5,9994.925
2024-06-08 17:00:00+00:00,25571.25,8802,7093.075
2024-06-08 18:00:00+00:00,26022.5,8885.25,3125.75
2024-06-08 19:00:00+00:00,26698.25,9090.5,822.95
2024-06-08 20:00:00+00:00,26160.5,9519.25,387.75
2024-06-08 21:00:00+00:00,24433.75,9625,388.875
2024-06-08 22:00:00+00:00,22614,10815,270.575
2024-06-08 23:00:00+00:00,21499.25,11029.25,226.1
2024-06-09 00:00:00+00:00,20502.75,11167.75,209.7
2024-06-09 01:00:00+00:00,19844.25,11276.25,193.175
2024-06-09 02:00:00+00:00,19509.5,11411.75,160.625
2024-06-09 03:00:00+00:00,19382,11343,113.55
2024-06-09 04:00:00+00:00,19422.75,11279.5,142.3
2024-06-09 05:00:00+00:00,19395.5,11233.75,980.475
2024-06-09 06:00:00+00:00,19886.75,11238.5,3955.275
2024-06-09 07:00:00+00:00,20877,11165.75,7581.225
2024-06-09 08:00:00+00:00,21799.25,11055.25,9998.525
2024-06-09 09:00:00+00:00,22052.75,10712.25,11626.325
2024-06-09 10:00:00+00:00,22280.25,10384.5,12609.475
2024-06-09 11:00:00+00:00,22940.25,10035.5,13080.6
2024-06-09 12:00:00+00:00,22708,9683.75,13141.5
2024-06-09 13:00:00+00:00,21614.25,9505.25,12709.15
2024-06-09 14:00:00+00:00,21070.75,9399.75,12114.45
2024-06-09 15:00:00+00:00,21466.5,9480,11204.2
2024-06-09 16:00:00+00:00,22387.5,9680.5,9226.175
2024-06-09 17:00:00+00:00,23529.25,9999.75,6481.8
2024-06-09 18:00:00+00:00,24653.5,10403.5,2844.725
2024-06-09 19:00:00+00:00,25906,10712.75,566.175
2024-06-09 20:00:00+00:00,25785.5,10831.25,186.95
2024-06-09 21:00:00+00:00,23911.75,10795.75,173.2
2024-06-09 22:00:00+00:00,22547.5,11061.75,134.325
2024-06-09 23:00:00+00:00,21296,10946,194.8
2024-06-10 00:00:00+00:00,20568.5,10866.5,152.725
2024-06-10 01:00:00+00:00,20328.75,10435.5,91.175
2024-06-10 02:00:00+00:00,20266,10085.25,64.95
2024-06-10 03:00:00+00:00,20937.75,9790.75,101.1
2024-06-10 04:00:00+00:00,23328.25,9371.25,120.8
2024-06-10 05:00:00+00:00,25864.75,8916.5,999.15
2024-06-10 06:00:00+00:00,27512.5,8543.75,3722.525
2024-06-10 07:00:00+00:00,27926.75,8187.25,7024.925
2024-06-10 08:00:00+00:00,28023.75,7881.5,9243.85
2024-06-10 09:00:00+00:00,27778.25,7622.75,10827.775
2024-06-10 10:00:00+00:00,27856.5,7435.75,11916.75
2024-06-10 11:00:00+00:00,28142.5,7326,12648.9
2024-06-10 12:00:00+00:00,27652.5,7425.75,12749.175
2024-06-10 13:00:00+00:00,26817,7601.5,12382.975
2024-06-10 14:00:00+00:00,26570.25,7796,11518.625
2024-06-10 15:00:00+00:00,26997.25,8130.25,10683.55
2024-06-10 16:00:00+00:00,27447.25,8562.5,9119.55
2024-06-10 17:00:00+00:00,28064,8972.5,6622.825
2024-06-10 18:00:00+00:00,28889,9295.25,3116.375
2024-06-10 19:00:00+00:00,29379.5,9628.25,858.725
2024-06-10 20:00:00+00:00,28219.75,9923,138.175
2024-06-10 21:00:00+00:00,25609.5,9956.25,158.8
2024-06-10 22:00:00+00:00,24079.75,9188.5,265.1
2024-06-10 23:00:00+00:00,22871.75,8842.5,231.725
2024-06-11 00:00:00+00:00,22000.5,8476,202.675
2024-06-11 01:00:00+00:00,21678.25,8110.5,185.45
2024-06-11 02:00:00+00:00,21545.5,7776,166.125
2024-06-11 03:00:00+00:00,22009,7539.5,148.875
2024-06-11 04:00:00+00:00,23969.25,7264,217.875
2024-06-11 05:00:00+00:00,26188.5,7058.5,1517.275
2024-06-11 06:00:00+00:00,27579.5,6726.5,5849.975
2024-06-11 07:00:00+00:00,27748.75,6374.5,10487.85
2024-06-11 08:00:00+00:00,27716.5,5973,13320.125
2024-06-11 09:00:00+00:00,27521.5,5605,15149.15
2024-06-11 10:00:00+00:00,27619.5,5285,16029.975
2024-06-11 11:00:00+00:00,27831.25,5110.25,16499.55
2024-06-11 12:00:00+00:00,27350,5269.25,16487.3
2024-06-11 13:00:00+00:00,26447.25,5587.25,16020.475
2024-06-11 14:00:00+00:00,26288,6018.25,15386.675
2024-06-11 15:00:00+00:00,26774.25,6500.5,14689.1
2024-06-11 16:00:00+00:00,27139.25,7064.5,13214.125
2024-06-11 17:00:00+00:00,27906,7615,9811.925
2024-06-11 18:00:00+00:00,28720.75,8088,4776.85
2024-06-11 19:00:00+00:00,29116.75,8446.75,1381.8
2024-06-11 20:00:00+00:00,27841.25,8648,601.2
2024-06-11 21:00:00+00:00,25420,8445,589.55
2024-06-11 22:00:00+00:00,24023.5,9332.25,363.35
2024-06-11 23:00:00+00:00,22741.75,9134.25,353.125
2024-06-12 00:00:00+00:00,21984.5,8953.5,341.825
2024-06-12 01:00:00+00:00,21596,8649,316.725
2024-06-12 02:00:00+00:00,21554.5,8308.5,297.825
2024-06-12 03:00:00+00:00,22050,8028.5,283.8
2024-06-12 04:00:00+00:00,23981.5,7794,332.375
2024-06-12 05:00:00+00:00,26411.75,7480.5,1609.625
2024-06-12 06:00:00+00:00,27847,7215,5932.925
2024-06-12 07:00:00+00:00,28095,6954,10932.7
2024-06-12 08:00:00+00:00,27967.5,6736.75,14130.875
2024-06-12 09:00:00+00:00,27866,6504.75,15464.275
2024-06-12 10:00:00+00:00,28000.75,6219.75,16056.325
2024-06-12 11:00:00+00:00,28157.25,6108,16006.85
2024-06-12 12:00:00+00:00,27504.5,6373.5,15820.4
2024-06-12 13:00:00+00:00,26515.5,6710.5,15611.2
2024-06-12 14:00:00+00:00,26329.25,6971.5,14932.575
2024-06-12 15:00:00+00:00,26789.75,7332.75,14511.825
2024-06-12 16:00:00+00:00,27240,7776.25,13067.575
2024-06-12 17:00:00+00:00,27926.5,8055.5,10005.15
2024-06-12 18:00:00+00:00,28668.25,8118.25,5070.9
2024-06-12 19:00:00+00:00,28934.25,8104.5,1501.575
2024-06-12 20:00:00+00:00,27760.5,7987.5,642.35
2024-06-12 21:00:00+00:00,25466,7589,598.125
2024-06-12 22:00:00+00:00,23914.5,6545.75,504.45
2024-06-12 23:00:00+00:00,22650.25,5827.75,497.2
2024-06-13 00:00:00+00:00,21862.25,4506.75,458.625
2024-06-13 01:00:00+00:00,21538.25,3576.25,419.325
2024-06-13 02:00:00+00:00,21463.25,2774.5,377.875
2024-06-13 03:00:00+00:00,21929.25,2239.75,333.525
2024-06-13 04:00:00+00:00,23792,1927.25,341.5
2024-06-13 05:00:00+00:00,26090.75,1729.25,1936.9
2024-06-13 06:00:00+00:00,27329,1495,7335.875
2024-06-13 07:00:00+00:00,27551,1389.75,13372.675
2024-06-13 08:00:00+00:00,27494.25,1479.25,16422.45
2024-06-13 09:00:00+00:00,27407,1955.75,18075.825
2024-06-13 10:00:00+00:00,27593.25,2582.25,18568.05
2024-06-13 11:00:00+00:00,27930,3298.75,18727.9
2024-06-13 12:00:00+00:00,27621.25,3848.5,18659.7
2024-06-13 13:00:00+00:00,26915.25,4344.25,18183.5
2024-06-13 14:00:00+00:00,26693.25,4918.25,17397.85
2024-06-13 15:00:00+00:00,26929.25,5156.5,16879.35
2024-06-13 16:00:00+00:00,27380.75,5440.75,15114.825
2024-06-13 17:00:00+00:00,27872.75,5773.5,11562.85
2024-06-13 18:00:00+00:00,28790.75,5777.75,5757.35
2024-06-13 19:00:00+00:00,29095.5,5938.5,1670.225
2024-06-13 20:00:00+00:00,27938.5,6065.25,752.175
2024-06-13 21:00:00+00:00,25547.5,5972,729.2
2024-06-13 22:00:00+00:00,24078.5,5854.75,585.275
2024-06-13 23:00:00+00:00,22830.25,5752.75,579.725
2024-06-14 00:00:00+00:00,21935,5598.5,561.525
2024-06-14 01:00:00+00:00,21578.75,5414.5,524.7
2024-06-14 02:00:00+00:00,21496,5145.75,494.725
2024-06-14 03:00:00+00:00,21891.75,4771,452.2
2024-06-14 04:00:00+00:00,23691,4410.75,599.525
2024-06-14 05:00:00+00:00,26024.75,4157,1910.025
2024-06-14 06:00:00+00:00,27388.25,3785.25,7242.35
2024-06-14 07:00:00+00:00,27545.25,3505.75,13210.1
2024-06-14 08:00:00+00:00,27470.25,3651.75,16390.775
2024-06-14 09:00:00+00:00,27488.75,4447.75,17874.5
2024-06-14 10:00:00+00:00,27528,5620.25,18489.325
2024-06-14 11:00:00+00:00,27648,6926,18531.025
2024-06-14 12:00:00+00:00,27279.75,8003.75,18159.425
2024-06-14 13:00:00+00:00,26471.5,8824.5,17711.1
2024-06-14 14:00:00+00:00,26268.75,9540.25,17067.775
2024-06-14 15:00:00+00:00,26882.75,9953.25,16184.275
2024-06-14 16:00:00+00:00,27375.25,10219.75,14490.35
2024-06-14 17:00:00+00:00,27955,10174.75,11042.85
2024-06-14 18:00:00+00:00,28408,9917.25,5251.675
2024-06-14 19:00:00+00:00,28543,9612,1630.55
2024-06-14 20:00:00+00:00,27642.5,9355,718.2
2024-06-14 21:00:00+00:00,25565,8951,689.65
2024-06-14 22:00:00+00:00,24357.75,8016,581.25
2024-06-14 23:00:00+00:00,22936.5,7440.5,573.9
2024-06-15 00:00:00+00:00,21859,7001.5,557.375
2024-06-15 01:00:00+00:00,21202.75,6624,533.775
2024-06-15 02:00:00+00:00,20835,6321.5,482.475
2024-06-15 03:00:00+00:00,20471.25,6094.75,411.1
2024-06-15 04:00:00+00:00,20775.5,5813.75,399.925
2024-06-15 05:00:00+00:00,21243.25,5428.5,1758.85
2024-06-15 06:00:00+00:00,22415.5,4877.75,6796.475
2024-06-15 07:00:00+00:00,23679.75,4311.25,12629.05
2024-06-15 08:00:00+00:00,24378.5,3915.5,15852.25
2024-06-15 09:00:00+00:00,24481,3761.75,17302
2024-06-15 10:00:00+00:00,24692.5,3736.75,18005.15
2024-06-15 11:00:00+00:00,24730.75,3860.25,18158.55
2024-06-15 12:00:00+00:00,24249.75,4177.75,18077.425
2024-06-15 13:00:00+00:00,23149.25,4589.25,17679.45
2024-06-15 14:00:00+00:00,22579.5,4994.75,17259.4
2024-06-15 15:00:00+00:00,22909.25,5356,16342.075
2024-06-15 16:00:00+00:00,23724.75,5607,15175.5
2024-06-15 17:00:00+00:00,24499,5755.75,11732
2024-06-15 18:00:00+00:00,25183.25,5818.75,6006.55
2024-06-15 19:00:00+00:00,25844,5929.5,1905.825
2024-06-15 20:00:00+00:00,25389.25,6175.5,774.925
2024-06-15 21:00:00+00:00,23640.5,6193.25,658.025
2024-06-15 22:00:00+00:00,22575.75,7215,570.65
2024-06-15 23:00:00+00:00,21242.75,6940.75,532.65
2024-06-16 00:00:00+00:00,20258,6406.5,528.575
2024-06-16 01:00:00+00:00,19590.25,5811,508.85
2024-06-16 02:00:00+00:00,19195.75,5190,497.225
2024-06-16 03:00:00+00:00,19068.25,4650.25,469.25
2024-06-16 04:00:00+00:00,19082.75,4214,388.05
2024-06-16 05:00:00+00:00,19020.25,3832.25,2003.85
2024-06-16 06:00:00+00:00,19648.75,3296.75,7587.6
2024-06-16 07:00:00+00:00,20609.5,3010.25,13853.95
2024-06-16 08:00:00+00:00,21322.75,2979.25,17020.375
2024-06-16 09:00:00+00:00,21549,3136.5,18183.325
2024-06-16 10:00:00+00:00,21834.25,3446.25,18717.075
2024-06-16 11:00:00+00:00,22378.25,3893.5,18702.825
2024-06-16 12:00:00+00:00,22239,4369.75,18342.575
2024-06-16 13:00:00+00:00,21099.25,4850.25,18002.775
2024-06-16 14:00:00+00:00,20706.5,5300.25,17473.8
2024-06-16 15:00:00+00:00,21375.75,5733,16918.45
2024-06-16 16:00:00+00:00,22593.25,6272.25,15387.4
2024-06-16 17:00:00+00:00,23642.25,6875.5,11944.35
2024-06-16 18:00:00+00:00,24824,7394,5851.4
2024-06-16 19:00:00+00:00,25922.25,7731.25,1624.275
2024-06-16 20:00:00+00:00,26132.75,7861,670.25
2024-06-16 21:00:00+00:00,24301.75,7781.5,649.075
2024-06-16 22:00:00+00:00,22688.25,6619.25,660.1
2024-06-16 23:00:00+00:00,21333.5,6205.75,645.95
2024-06-17 00:00:00+00:00,20618.75,5739.25,624.25
2024-06-17 01:00:00+00:00,20294.75,5328.25,615.375
2024-06-17 02:00:00+00:00,20247,4992.75,611.575
2024-06-17 03:00:00+00:00,20891.25,4783.25,554.675
2024-06-17 04:00:00+00:00,23421.5,4588.25,485.2
2024-06-17 05:00:00+00:00,26094.75,4368.75,2137.325
2024-06-17 06:00:00+00:00,27403.75,4003.25,7668.925
2024-06-17 07:00:00+00:00,27317,3687.75,13929.6
2024-06-17 08:00:00+00:00,27116.5,3617.75,17174.9
2024-06-17 09:00:00+00:00,27560,3884,18513.525
2024-06-17 10:00:00+00:00,27861,4354.5,19177.175
2024-06-17 11:00:00+00:00,28179.75,5050.5,19238.7
2024-06-17 12:00:00+00:00,27866,5874.5,18818.475
2024-06-17 13:00:00+00:00,27234,6797,18305.15
2024-06-17 14:00:00+00:00,27222,8088.75,17570.85
2024-06-17 15:00:00+00:00,27959.5,8723,16547
2024-06-17 16:00:00+00:00,28427,9197,14918.325
2024-06-17 17:00:00+00:00,29220,9543.25,11458
2024-06-17 18:00:00+00:00,30007.25,8779.25,5397.325
2024-06-17 19:00:00+00:00,30282.75,8309.25,1632.5
2024-06-17 20:00:00+00:00,29006,7651.25,778.075
2024-06-17 21:00:00+00:00,26626.25,6769,694.25
2024-06-17 22:00:00+00:00,24863.75,6322.75,582.15
2024-06-17 23:00:00+00:00,23465.75,5867,556.8
2024-06-18 00:00:00+00:00,22623,5419.75,525.85
2024-06-18 01:00:00+00:00,22231,5093.5,495.8
2024-06-18 02:00:00+00:00,22152.5,4839.5,478.575
2024-06-18 03:00:00+00:00,22540,4427.5,460.775
2024-06-18 04:00:00+00:00,24579.75,4136.75,416
2024-06-18 05:00:00+00:00,27048.25,3763.5,1653.225
2024-06-18 06:00:00+00:00,28203,3444.25,5576.6
2024-06-18 07:00:00+00:00,28368.25,3278.5,9900.125
2024-06-18 08:00:00+00:00,28257,3519.5,12334.35
2024-06-18 09:00:00+00:00,28457.25,3995.5,13880.425
2024-06-18 10:00:00+00:00,28617,4621,14594.525
2024-06-18 11:00:00+00:00,28751.75,5317.75,14796.45
2024-06-18 12:00:00+00:00,28360.5,5939.25,14753.3
2024-06-18 13:00:00+00:00,27644.75,6472.75,14316.975
2024-06-18 14:00:00+00:00,27537.75,7018.75,13468.55
2024-06-18 15:00:00+00:00,28194.75,7251.5,12468.275
2024-06-18 16:00:00+00:00,28568.25,7240.5,11074.075
2024-06-18 17:00:00+00:00,29462.5,7035.25,8243.675
2024-06-18 18:00:00+00:00,30293.75,6637.25,4247.95
2024-06-18 19:00:00+00:00,30344.5,5838.25,1260.95
2024-06-18 20:00:00+00:00,28978,5197.75,495.2
2024-06-18 21:00:00+00:00,26234.25,4681.75,476.825
2024-06-18 22:00:00+00:00,25000,5254.25,394.35
2024-06-18 23:00:00+00:00,23995.5,5223,342.225
2024-06-19 00:00:00+00:00,22954.75,5078.5,275.7
2024-06-19 01:00:00+00:00,22437.25,4717,238.925
2024-06-19 02:00:00+00:00,22305.75,4235.75,215.725
2024-06-19 03:00:00+00:00,22691.25,3784.5,189.125
2024-06-19 04:00:00+00:00,24509.5,3340,229.625
2024-06-19 05:00:00+00:00,26836.25,2945.75,1394.7
2024-06-19 06:00:00+00:00,28086.25,2637.75,5862.85
2024-06-19 07:00:00+00:00,28565.5,2368,10663.725
2024-06-19 08:00:00+00:00,28466.5,2294,13754.625
2024-06-19 09:00:00+00:00,28370,2374.5,15094.75
2024-06-19 10:00:00+00:00,28458.5,2547,16060.6
2024-06-19 11:00:00+00:00,28690,2841.25,16326.425
2024-06-19 12:00:00+00:00,28068.5,3190.75,16441.6
2024-06-19 13:00:00+00:00,27299.75,3564.25,15658.875
2024-06-19 14:00:00+00:00,27131.25,3912.5,14707.575
2024-06-19 15:00:00+00:00,27619.75,4281.5,14550.8
2024-06-19 16:00:00+00:00,28015.75,4780,12449.325
2024-06-19 17:00:00+00:00,28719.5,5121.25,9077.45
2024-06-19 18:00:00+00:00,29431.75,5490,4354.75
2024-06-19 19:00:00+00:00,29671,6041.5,1369.45
2024-06-19 20:00:00+00:00,28526.5,6331.75,475.1
2024-06-19 21:00:00+00:00,26142.5,6293,446.025
2024-06-19 22:00:00+00:00,24619.5,6923.25,311.75
2024-06-19 23:00:00+00:00,23455,6490.75,272.35
2024-06-20 00:00:00+00:00,22465.75,6288.75,232.325
2024-06-20 01:00:00+00:00,22044.25,5930.75,175.325
2024-06-20 02:00:00+00:00,21942.25,5775.75,147.05
2024-06-20 03:00:00+00:00,22342,5530.75,112.1
2024-06-20 04:00:00+00:00,24191.25,5174.5,120.45
2024-06-20 05:00:00+00:00,26428,4871.25,977.425
2024-06-20 06:00:00+00:00,27617.5,4464.75,4250.625
2024-06-20 07:00:00+00:00,27781.25,4019.25,8204.65
2024-06-20 08:00:00+00:00,27518.75,3708,10940.425
2024-06-20 09:00:00+00:00,27487.75,3524.25,12811.775
2024-06-20 10:00:00+00:00,27570,3554.5,13946.325
2024-06-20 11:00:00+00:00,27888,3710,14526.125
2024-06-20 12:00:00+00:00,27478.25,3936.75,14636.925
2024-06-20 13:00:00+00:00,26757.25,4276.25,14563.875
2024-06-20 14:00:00+00:00,26643.75,4702.25,13966.6
2024-06-20 15:00:00+00:00,27228.5,5062.75,13173.625
2024-06-20 16:00:00+00:00,27515.5,5329.75,11774.925
2024-06-20 17:00:00+00:00,28258.25,5290.5,9120.475
2024-06-20 18:00:00+00:00,29181.75,5106.5,4570.85
2024-06-20 19:00:00+00:00,29389.25,4882,1225.6
2024-06-20 20:00:00+00:00,28220.75,4690.5,571.325
2024-06-20 21:00:00+00:00,25956.5,4489.5,526.05
2024-06-20 22:00:00+00:00,24359.75,5047.25,310.85
2024-06-20 23:00:00+00:00,23281.75,4702.5,314.75
2024-06-21 00:00:00+00:00,22277,4509,288.95
2024-06-21 01:00:00+00:00,21848,4168,265.525
2024-06-21 02:00:00+00:00,21716,3866,224.475
2024-06-21 03:00:00+00:00,22141,3527.75,269.3
2024-06-21 04:00:00+00:00,23971.25,3172.5,265.45
2024-06-21 05:00:00+00:00,26187.5,2783,2124.925
2024-06-21 06:00:00+00:00,27479.75,2419.5,7545.25
2024-06-21 07:00:00+00:00,27856.75,2207,13907.9
2024-06-21 08:00:00+00:00,27899.5,2216.25,17127.875
2024-06-21 09:00:00+00:00,27828.75,2229.25,18184.875
2024-06-21 10:00:00+00:00,28207.25,2212.5,18709.75
2024-06-21 11:00:00+00:00,28356,2216,18926.275
2024-06-21 12:00:00+00:00,27499.75,2292.25,18591
2024-06-21 13:00:00+00:00,26509.75,2490.5,18161.625
2024-06-21 14:00:00+00:00,26300.25,2702.75,17637.375
2024-06-21 15:00:00+00:00,26637,2891,17054.875
2024-06-21 16:00:00+00:00,27000,3100,15742.275
2024-06-21 17:00:00+00:00,27533.75,3365,12217.225
2024-06-21 18:00:00+00:00,28140,3379,6185.575
2024-06-21 19:00:00+00:00,28292,3301.5,1888.825
2024-06-21 20:00:00+00:00,27463,3144,794.925
2024-06-21 21:00:00+00:00,25494,3026.25,753.4
2024-06-21 22:00:00+00:00,24080.25,3029,619
2024-06-21 23:00:00+00:00,22637.75,2997.75,614.025
2024-06-22 00:00:00+00:00,21782,2862.25,599.25
2024-06-22 01:00:00+00:00,21194.5,2690.75,575.2
2024-06-22 02:00:00+00:00,20772,2624.25,539.8
2024-06-22 03:00:00+00:00,20580.5,2502,467.4
2024-06-22 04:00:00+00:00,20787.5,2538.25,429.5
2024-06-22 05:00:00+00:00,21257,2530.5,1764.775
2024-06-22 06:00:00+00:00,22307.25,2386.25,7163.1
2024-06-22 07:00:00+00:00,23502.75,2253.75,13253.075
2024-06-22 08:00:00+00:00,24211,2226,16364.125
2024-06-22 09:00:00+00:00,24353.75,2355.75,17645.1
2024-06-22 10:00:00+00:00,24258.5,2597.25,18069.05
2024-06-22 11:00:00+00:00,24530.75,3009,18081.475
2024-06-22 12:00:00+00:00,24199,3566.25,17660.3
2024-06-22 13:00:00+00:00,23249.75,4249.5,17096.3
2024-06-22 14:00:00+00:00,22769.75,5252,16186.625
2024-06-22 15:00:00+00:00,23150.75,6151,15148.675
2024-06-22 16:00:00+00:00,23976,6830.25,13429.85
2024-06-22 17:00:00+00:00,24917.25,7394.25,10188.15
2024-06-22 18:00:00+00:00,25610.25,7432,4720.6
2024-06-22 19:00:00+00:00,26197,7598.25,1566.075
2024-06-22 20:00:00+00:00,25923,7688.25,784.575
2024-06-22 21:00:00+00:00,24375.25,7477.25,754.625
2024-06-22 22:00:00+00:00,22537.25,7090.5,586.725
2024-06-22 23:00:00+00:00,21040.75,6907.75,579.175
2024-06-23 00:00:00+00:00,20187.75,6775.25,559.725
2024-06-23 01:00:00+00:00,19622.25,6687.75,538.075
2024-06-23 02:00:00+00:00,19256.25,6582.75,503.4
2024-06-23 03:00:00+00:00,19189.75,6469.75,443.1
2024-06-23 04:00:00+00:00,19241,6369,412.95
2024-06-23 05:00:00+00:00,19157.75,6245.75,1614.05
2024-06-23 06:00:00+00:00,19573.25,6084.5,6385.95
2024-06-23 07:00:00+00:00,20408.5,5931,12078.3
2024-06-23 08:00:00+00:00,21239,5829,14872.1
2024-06-23 09:00:00+00:00,21764.5,5763.5,16297.625
2024-06-23 10:00:00+00:00,22181.25,5846.75,16932
2024-06-23 11:00:00+00:00,22780,6068,17138.425
2024-06-23 12:00:00+00:00,22781.5,6089,16977.625
2024-06-23 13:00:00+00:00,21817,6292,16480.8
2024-06-23 14:00:00+00:00,21495.5,6679.5,15695.925
2024-06-23 15:00:00+00:00,22056.75,7288.25,14905.3
2024-06-23 16:00:00+00:00,22886,7983,13543.425
2024-06-23 17:00:00+00:00,23851.5,8679.75,10319.8
2024-06-23 18:00:00+00:00,24915.75,9183.5,5001.975
2024-06-23 19:00:00+00:00,26080.5,9651.5,1431.075
2024-06-23 20:00:00+00:00,26418.5,10032.25,579.55
2024-06-23 21:00:00+00:00,24617.5,10128.75,546.575
2024-06-23 22:00:00+00:00,22571.75,10498.75,569.225
2024-06-23 23:00:00+00:00,21767.75,10121.25,547.725
2024-06-24 00:00:00+00:00,20930.5,9700,510.45
2024-06-24 01:00:00+00:00,20548.25,8988.25,462.725
2024-06-24 02:00:00+00:00,20301,8383.25,407.4
2024-06-24 03:00:00+00:00,20778.5,7754.75,328.4
2024-06-24 04:00:00+00:00,22502,7141.5,303.175
2024-06-24 05:00:00+00:00,24197.5,6410,1859.775
2024-06-24 06:00:00+00:00,25240.75,5649,7015.8
2024-06-24 07:00:00+00:00,25950.75,4769.25,12930.675
2024-06-24 08:00:00+00:00,26399.5,4001.25,16301.625
2024-06-24 09:00:00+00:00,26653.75,3349,17853.975
2024-06-24 10:00:00+00:00,26851.5,2815.75,18492.525
2024-06-24 11:00:00+00:00,27281.25,2506.25,18683.95
2024-06-24 12:00:00+00:00,27220.5,2421.75,18559.825
2024-06-24 13:00:00+00:00,26529,2455.5,18129.825
2024-06-24 14:00:00+00:00,26430.25,2622.5,17510.675
2024-06-24 15:00:00+00:00,26915.25,2916,16595.975
2024-06-24 16:00:00+00:00,27394.25,3361.25,15048.675
2024-06-24 17:00:00+00:00,28297.25,3877.5,11489.5
2024-06-24 18:00:00+00:00,28998.5,4344.5,5582.05
2024-06-24 19:00:00+00:00,29219.75,4985,1557.3
2024-06-24 20:00:00+00:00,28442.25,5411,710.225
2024-06-24 21:00:00+00:00,26260.25,5629,697.3
2024-06-24 22:00:00+00:00,24799.75,5513.25,681.5
2024-06-24 23:00:00+00:00,23368.25,5182.75,665.55
2024-06-25 00:00:00+00:00,22483.75,4862,623.325
2024-06-25 01:00:00+00:00,22057.25,4450.25,589.075
2024-06-25 02:00:00+00:00,21996.75,4038.75,554.575
2024-06-25 03:00:00+00:00,22380.25,3822.25,520.85
2024-06-25 04:00:00+00:00,24259,3437,464.325
2024-06-25 05:00:00+00:00,26412,3016,1981.6
2024-06-25 06:00:00+00:00,27959.25,2558.75,7270.15
2024-06-25 07:00:00+00:00,28639.5,2087.5,13121.6
2024-06-25 08:00:00+00:00,28940.75,1821.75,16367.825
2024-06-25 09:00:00+00:00,28969.75,1826.25,17651.775
2024-06-25 10:00:00+00:00,29273.75,1975.5,18264.025
2024-06-25 11:00:00+00:00,29725.25,2203.25,18462.825
2024-06-25 12:00:00+00:00,29504.5,2516.75,17993.225
2024-06-25 13:00:00+00:00,28856.25,2849.75,17625.1
2024-06-25 14:00:00+00:00,28756.75,3132.5,16759.8
2024-06-25 15:00:00+00:00,29442.75,3764.25,15564.775
2024-06-25 16:00:00+00:00,29976.5,4196.75,13837.725
2024-06-25 17:00:00+00:00,30574.5,4731,10384.625
2024-06-25 18:00:00+00:00,30907,5017,5283.425
2024-06-25 19:00:00+00:00,30882.25,5481,1601.55
2024-06-25 20:00:00+00:00,29702.75,5832.75,748.25
2024-06-25 21:00:00+00:00,27205.25,5971.75,715.725
2024-06-25 22:00:00+00:00,26122.75,5431.25,600.925
2024-06-25 23:00:00+00:00,24672.25,5241.25,581.725
2024-06-26 00:00:00+00:00,23654,5003.25,541.775
2024-06-26 01:00:00+00:00,23161,4605,503.65
2024-06-26 02:00:00+00:00,23058,4307.25,464.85
2024-06-26 03:00:00+00:00,23421.5,4031.75,406.375
2024-06-26 04:00:00+00:00,25342.75,3817.5,351.45
2024-06-26 05:00:00+00:00,27608,3620.75,1637.2
2024-06-26 06:00:00+00:00,29041.25,3371.75,5867.675
2024-06-26 07:00:00+00:00,29751.25,3137.25,10684.15
2024-06-26 08:00:00+00:00,30077.25,3105.5,13068.25
2024-06-26 09:00:00+00:00,30281,3312.75,15468.625
2024-06-26 10:00:00+00:00,30629,3645.75,15945.05
2024-06-26 11:00:00+00:00,31092.75,3982,16326.15
2024-06-26 12:00:00+00:00,30803.5,4348,15738.05
2024-06-26 13:00:00+00:00,30278,4783.5,15198.7
2024-06-26 14:00:00+00:00,30223.5,5451.5,13925.475
2024-06-26 15:00:00+00:00,30699.25,5969.75,12377.425
2024-06-26 16:00:00+00:00,30923.75,6281.25,10774.35
2024-06-26 17:00:00+00:00,31307,6496.5,8046.025
2024-06-26 18:00:00+00:00,31700.25,5982.25,4269.5
2024-06-26 19:00:00+00:00,31428,5775.5,1186.525
2024-06-26 20:00:00+00:00,30291.25,5655,431.35
2024-06-26 21:00:00+00:00,27880.5,5462.75,414.9
2024-06-26 22:00:00+00:00,26299.5,5359,284.525
2024-06-26 23:00:00+00:00,24929.5,4871,247.85
2024-06-27 00:00:00+00:00,23824.5,4235.25,210.725
2024-06-27 01:00:00+00:00,23329.5,3922.75,180.9
2024-06-27 02:00:00+00:00,23111.5,3609,155
2024-06-27 03:00:00+00:00,23395.75,3347,137.55
2024-06-27 04:00:00+00:00,25174.75,3228.25,163.95
2024-06-27 05:00:00+00:00,27310,3101.75,1304.075
2024-06-27 06:00:00+00:00,28704.5,2883.5,5045.025
2024-06-27 07:00:00+00:00,29370.75,2732.75,9530.25
2024-06-27 08:00:00+00:00,29587.5,2840.75,12464.075
2024-06-27 09:00:00+00:00,29739,3250,13734.2
2024-06-27 10:00:00+00:00,29907.25,3776,14629.275
2024-06-27 11:00:00+00:00,30317.5,4449.75,15575.1
2024-06-27 12:00:00+00:00,30219.5,5175.25,16197.125
2024-06-27 13:00:00+00:00,29720.5,5973.25,15876.425
2024-06-27 14:00:00+00:00,29601.25,6877.5,15097.525
2024-06-27 15:00:00+00:00,30002.5,7743.75,14048.55
2024-06-27 16:00:00+00:00,30138,8612.75,12285.55
2024-06-27 17:00:00+00:00,30554.25,9377.25,9064.85
2024-06-27 18:00:00+00:00,30965.75,9757.5,4305.55
2024-06-27 19:00:00+00:00,30907.75,9774.75,1179.8
2024-06-27 20:00:00+00:00,29834.25,9515.75,440.775
2024-06-27 21:00:00+00:00,27615.25,9088.5,422.65
2024-06-27 22:00:00+00:00,26282.5,8489.75,306.1
2024-06-27 23:00:00+00:00,25633.75,7995.75,290.775
2024-06-28 00:00:00+00:00,24201.75,7457.25,276.85
2024-06-28 01:00:00+00:00,23436.25,7047.75,260.9
2024-06-28 02:00:00+00:00,23138.75,6722.75,242.8
2024-06-28 03:00:00+00:00,23405.75,6510.25,195
2024-06-28 04:00:00+00:00,25020.25,6298.25,187
2024-06-28 05:00:00+00:00,27264.5,6027.25,1325.9
2024-06-28 06:00:00+00:00,28579.5,5508.5,5088.675
2024-06-28 07:00:00+00:00,29370.25,5083.5,9072.875
2024-06-28 08:00:00+00:00,29656.75,4939,11572.925
2024-06-28 09:00:00+00:00,29736,4986.75,12931.7
2024-06-28 10:00:00+00:00,29883.25,5250.75,14164.2
2024-06-28 11:00:00+00:00,30099,5688.75,14642.575
2024-06-28 12:00:00+00:00,29747.5,6229.5,14710.175
2024-06-28 13:00:00+00:00,29042.5,7073,14592.125
2024-06-28 14:00:00+00:00,28737,7830.25,13731.975
2024-06-28 15:00:00+00:00,29039.25,8380,12948.425
2024-06-28 16:00:00+00:00,29269.75,8789.25,11072.225
2024-06-28 17:00:00+00:00,29708.75,9024.5,8268.35
2024-06-28 18:00:00+00:00,29962.5,8443.25,3897.7
2024-06-28 19:00:00+00:00,29976.75,7943,1037.425
2024-06-28 20:00:00+00:00,29127.5,7380.5,321.225
2024-06-28 21:00:00+00:00,27311.5,6798.25,307.75
2024-06-28 22:00:00+00:00,25294.75,7758,293.525
2024-06-28 23:00:00+00:00,24027.25,7430.5,276.475
2024-06-29 00:00:00+00:00,22842.5,7179,252.7
2024-06-29 01:00:00+00:00,22128.75,7087.75,217.525
2024-06-29 02:00:00+00:00,21719,7104.5,179.775
2024-06-29 03:00:00+00:00,21471.5,6769.25,147.175
2024-06-29 04:00:00+00:00,21634,6491.25,118.475
2024-06-29 05:00:00+00:00,22012.5,6271.5,781.175
2024-06-29 06:00:00+00:00,23060.5,6130.5,2914.625
2024-06-29 07:00:00+00:00,24410,6083.5,5542.325
2024-06-29 08:00:00+00:00,25146,6028.25,7573.575
2024-06-29 09:00:00+00:00,25294.25,6060,9149.15
2024-06-29 10:00:00+00:00,25317.5,6196.25,10547.125
2024-06-29 11:00:00+00:00,25609.5,6378.5,11550.075
2024-06-29 12:00:00+00:00,25457.5,6301.5,12047.975
2024-06-29 13:00:00+00:00,24347.5,6159,12156.175
2024-06-29 14:00:00+00:00,23816,6063.75,11817.825
2024-06-29 15:00:00+00:00,23996.75,5905.5,11430.05
2024-06-29 16:00:00+00:00,24555.5,5686,10304.45
2024-06-29 17:00:00+00:00,25337.5,5552.5,8054.725
2024-06-29 18:00:00+00:00,25925.75,5009.25,3944.075
2024-06-29 19:00:00+00:00,26561.75,4559,1053.425
2024-06-29 20:00:00+00:00,26123,4177.25,471.625
2024-06-29 21:00:00+00:00,24615.25,3760,471.175
2024-06-29 22:00:00+00:00,23114,3127.75,344.6
2024-06-29 23:00:00+00:00,21808.75,2795.75,354.45
2024-06-30 00:00:00+00:00,20928.5,2447.5,326.025
2024-06-30 01:00:00+00:00,20368.25,2144,291.6
2024-06-30 02:00:00+00:00,19998.5,1923,265.95
2024-06-30 03:00:00+00:00,19876.5,1678,241.025
2024-06-30 04:00:00+00:00,19865.25,1446.75,178.5
2024-06-30 05:00:00+00:00,19776.5,1181.5,936.675
2024-06-30 06:00:00+00:00,20378.25,978,4087.175
2024-06-30 07:00:00+00:00,21396,864,8194.025
2024-06-30 08:00:00+00:00,22222,877.75,11121.6
2024-06-30 09:00:00+00:00,22703.25,1039.75,12982.95
2024-06-30 10:00:00+00:00,22913.75,1294,14268.025
2024-06-30 11:00:00+00:00,23388.5,1592.5,15060
2024-06-30 12:00:00+00:00,23309,1927.5,15304.925
2024-06-30 13:00:00+00:00,22452,2314,15219.825
2024-06-30 14:00:00+00:00,22013.75,2676,14605.9
2024-06-30 15:00:00+00:00,22415.75,3023,13746.075
2024-06-30 16:00:00+00:00,23231.75,3454.5,12320.3
2024-06-30 17:00:00+00:00,24219.25,4036,9582.2
2024-06-30 18:00:00+00:00,25295,4377.25,4607.825
2024-06-30 19:00:00+00:00,26470,4591.25,1259.65
2024-06-30 20:00:00+00:00,26701.25,4723.25,608.125
2024-06-30 21:00:00+00:00,24878.5,4772.75,569.675
2024-06-30 22:00:00+00:00,23352.25,5105.25,413.275
2024-06-30 23:00:00+00:00,22079,5287.5,404.275
2024-07-01 00:00:00+00:00,21269.25,5438.25,391.175
2024-07-01 01:00:00+00:00,20871.25,5499.75,374.275
2024-07-01 02:00:00+00:00,20894,5867.5,360.05
2024-07-01 03:00:00+00:00,21511.75,6036,316.875
2024-07-01 04:00:00+00:00,23890.5,6211.75,262.975
2024-07-01 05:00:00+00:00,26380.5,6303.25,1385.525
2024-07-01 06:00:00+00:00,28190.75,6287.75,6360.625
2024-07-01 07:00:00+00:00,29140.75,6310,11803.475
2024-07-01 08:00:00+00:00,29481,6369,15181.85
2024-07-01 09:00:00+00:00,29501.75,6541,16568.25
2024-07-01 10:00:00+00:00,29718.75,6786,17423.125
2024-07-01 11:00:00+00:00,30031.5,7118.5,17693.5
2024-07-01 12:00:00+00:00,29550,7373.5,17585.925
2024-07-01 13:00:00+00:00,28809.25,7744.25,17389.475
2024-07-01 14:00:00+00:00,28752,8079.5,16841.325
2024-07-01 15:00:00+00:00,29105.75,8249.75,16161.85
2024-07-01 16:00:00+00:00,29341,8596.75,14583.275
2024-07-01 17:00:00+00:00,29834.25,9016.5,11438
2024-07-01 18:00:00+00:00,30399.75,9291.25,5816.75
2024-07-01 19:00:00+00:00,30458.75,9471.25,1732.675
2024-07-01 20:00:00+00:00,29331.5,9552.25,729.6
2024-07-01 21:00:00+00:00,26961.25,9432.5,706.7
2024-07-01 22:00:00+00:00,25306,9667.5,648.2
2024-07-01 23:00:00+00:00,23935,9309.5,634.5
2024-07-02 00:00:00+00:00,22965.5,8947,614.625
2024-07-02 01:00:00+00:00,22466.25,8779.5,595.25
2024-07-02 02:00:00+00:00,22315.25,8654.5,564.125
2024-07-02 03:00:00+00:00,22755.75,8626.75,549.975
2024-07-02 04:00:00+00:00,24585.25,8528.5,473.65
2024-07-02 05:00:00+00:00,26691,8333.5,1716.125
2024-07-02 06:00:00+00:00,28079,7958.5,7089.1
2024-07-02 07:00:00+00:00,28699.75,7446.5,13389.075
2024-07-02 08:00:00+00:00,28872,6964,16436.45
2024-07-02 09:00:00+00:00,28872.25,6588,17792.575
2024-07-02 10:00:00+00:00,29012.5,6333,18315.3
2024-07-02 11:00:00+00:00,29224.25,6187.25,18740.075
2024-07-02 12:00:00+00:00,28907.25,6152.5,18689.15
2024-07-02 13:00:00+00:00,28293.25,6304.5,18397.4
2024-07-02 14:00:00+00:00,28172.75,6400,17848.725
2024-07-02 15:00:00+00:00,28484.75,6667.75,17150.725
2024-07-02 16:00:00+00:00,28937.75,7072.25,15406.075
2024-07-02 17:00:00+00:00,29611.5,7447.25,12224.075
2024-07-02 18:00:00+00:00,30231.5,7899.75,6470.4
2024-07-02 19:00:00+00:00,30503.5,8219,1885.325
2024-07-02 20:00:00+00:00,29429,8386,794.225
2024-07-02 21:00:00+00:00,27155.25,8308.5,768.6
2024-07-02 22:00:00+00:00,25799.5,8377.25,607.6
2024-07-02 23:00:00+00:00,24441.25,7888.75,599.05
2024-07-03 00:00:00+00:00,23465.25,7333.5,578.975
2024-07-03 01:00:00+00:00,22996.25,6883.25,547.375
2024-07-03 02:00:00+00:00,22842.75,6575.25,556.1
2024-07-03 03:00:00+00:00,23232,6349.25,527.025
2024-07-03 04:00:00+00:00,25069.25,6140.75,496.525
2024-07-03 05:00:00+00:00,27175.5,5843.75,1915.425
2024-07-03 06:00:00+00:00,28423.25,5364,7349.775
2024-07-03 07:00:00+00:00,29049,4693.5,13337.45
2024-07-03 08:00:00+00:00,29289.5,4173,16756.575
2024-07-03 09:00:00+00:00,29308.5,3979,18190.55
2024-07-03 10:00:00+00:00,29613.25,3957,18905.3
2024-07-03 11:00:00+00:00,30183.75,3992.25,19093.8
2024-07-03 12:00:00+00:00,29820.75,4234,18940.775
2024-07-03 13:00:00+00:00,29200.25,4535.5,18685.125
2024-07-03 14:00:00+00:00,29074.25,4805.75,18086.525
2024-07-03 15:00:00+00:00,29430.25,5125.25,17283.925
2024-07-03 16:00:00+00:00,29856.5,5534.5,15542.8
2024-07-03 17:00:00+00:00,30421.5,5924.25,12219.3
2024-07-03 18:00:00+00:00,30961.75,6315.25,6381.9
2024-07-03 19:00:00+00:00,31014.75,6725.5,1853.05
2024-07-03 20:00:00+00:00,29990.5,7132,750.125
2024-07-03 21:00:00+00:00,27802.25,7238,726.5
2024-07-03 22:00:00+00:00,26775.5,6764.75,635.875
2024-07-03 23:00:00+00:00,25306.25,6436.25,634.1
2024-07-04 00:00:00+00:00,24169.25,6545.75,647.275
2024-07-04 01:00:00+00:00,23674.5,6436.5,633.775
2024-07-04 02:00:00+00:00,23508.75,6446.75,623.1
2024-07-04 03:00:00+00:00,23842.75,6427.25,591.4
2024-07-04 04:00:00+00:00,25656,6370.5,499.725
2024-07-04 05:00:00+00:00,27651,6188.75,1930.325
2024-07-04 06:00:00+00:00,28839.25,5746.25,7324.65
2024-07-04 07:00:00+00:00,29444,5387.25,13626.4
2024-07-04 08:00:00+00:00,29870.25,4965.5,16861.7
2024-07-04 09:00:00+00:00,30044.25,4753.75,18068.875
2024-07-04 10:00:00+00:00,30500.75,4569.5,18783.325
2024-07-04 11:00:00+00:00,31045.5,4510,19038.575
2024-07-04 12:00:00+00:00,30928.25,4495.25,18820.7
2024-07-04 13:00:00+00:00,30374.5,4523.75,18575.875
2024-07-04 14:00:00+00:00,30359,4684.5,18021.75
2024-07-04 15:00:00+00:00,30708.25,5033.75,17102.625
2024-07-04 16:00:00+00:00,30937.75,5567.25,15362.075
2024-07-04 17:00:00+00:00,31575.75,6277.25,11968.725
2024-07-04 18:00:00+00:00,32043.75,7219.5,6164.775
2024-07-04 19:00:00+00:00,32108,8167.5,1754.475
2024-07-04 20:00:00+00:00,31302.75,8719.25,743.65
2024-07-04 21:00:00+00:00,28995.25,8704,707.65
2024-07-04 22:00:00+00:00,27739.25,8611.5,606.4
2024-07-04 23:00:00+00:00,26148.5,8070,601.725
2024-07-05 00:00:00+00:00,24900.5,7372.75,596.75
2024-07-05 01:00:00+00:00,24284.25,6757.5,592.325
2024-07-05 02:00:00+00:00,24002,6192,584
2024-07-05 03:00:00+00:00,24282,5650,552.75
2024-07-05 04:00:00+00:00,26070.25,5088.75,439.425
2024-07-05 05:00:00+00:00,28162.75,4629.25,1750.55
2024-07-05 06:00:00+00:00,29365.25,4034,7007.45
2024-07-05 07:00:00+00:00,30178.75,3654,13324.375
2024-07-05 08:00:00+00:00,30786.75,3579.75,16487.275
2024-07-05 09:00:00+00:00,31099.5,3649.25,17874.1
2024-07-05 10:00:00+00:00,31591.25,3883,18587.65
2024-07-05 11:00:00+00:00,32002.5,4367,18888.525
2024-07-05 12:00:00+00:00,31723.25,4971.5,18721.475
2024-07-05 13:00:00+00:00,30988,5638.5,18329.525
2024-07-05 14:00:00+00:00,30901.5,6304.75,17520.6
2024-07-05 15:00:00+00:00,31247,6972.5,16153.575
2024-07-05 16:00:00+00:00,31663,7485.5,14366.55
2024-07-05 17:00:00+00:00,32032.75,7689.5,10946.575
2024-07-05 18:00:00+00:00,31974.75,7202.75,5631.075
2024-07-05 19:00:00+00:00,31742.75,6702.5,1532.975
2024-07-05 20:00:00+00:00,30986.5,6534.5,707.3
2024-07-05 21:00:00+00:00,29026.25,6057.5,668.3
2024-07-05 22:00:00+00:00,27300.25,4910,571.575
2024-07-05 23:00:00+00:00,25691.25,4780.25,558.8
2024-07-06 00:00:00+00:00,24386.75,4552,549.775
2024-07-06 01:00:00+00:00,23546.5,4331.25,553.1
2024-07-06 02:00:00+00:00,22980.5,4261.25,512.825
2024-07-06 03:00:00+00:00,22609.75,4359,442.85
2024-07-06 04:00:00+00:00,22614,4726,365.725
2024-07-06 05:00:00+00:00,22930.75,5190,1484.275
2024-07-06 06:00:00+00:00,24002.75,5316.25,5971.325
2024-07-06 07:00:00+00:00,25298.25,5460.5,11628.125
2024-07-06 08:00:00+00:00,26220.25,5733.75,15038.6
2024-07-06 09:00:00+00:00,26436.5,6062.75,16583.8
2024-07-06 10:00:00+00:00,26502.75,6424,17212.3
2024-07-06 11:00:00+00:00,26893,7040,17693.925
2024-07-06 12:00:00+00:00,26699.25,7430.75,17493.625
2024-07-06 13:00:00+00:00,25822.25,7831.25,17301.375
2024-07-06 14:00:00+00:00,25277.75,8275.75,16533.625
2024-07-06 15:00:00+00:00,25533.5,9023,15146.25
2024-07-06 16:00:00+00:00,26302.25,9874.25,13715.975
2024-07-06 17:00:00+00:00,27048,10620.5,10758.65
2024-07-06 18:00:00+00:00,27579,10754.25,5946.975
2024-07-06 19:00:00+00:00,28072.75,10716,1608.975
2024-07-06 20:00:00+00:00,27740.5,10455.25,667.325
2024-07-06 21:00:00+00:00,26179.25,9650.75,588.75
2024-07-06 22:00:00+00:00,24355,9495.5,544.825
2024-07-06 23:00:00+00:00,22951.75,8957.75,523.25
2024-07-07 00:00:00+00:00,21871,8261.25,509.925
2024-07-07 01:00:00+00:00,21162.5,7647.75,518.6
2024-07-07 02:00:00+00:00,20727.75,7174.25,487.05
2024-07-07 03:00:00+00:00,20557.25,6451.75,434.35
2024-07-07 04:00:00+00:00,20515.75,5673.5,329.5
2024-07-07 05:00:00+00:00,20352.5,4994,1433.325
2024-07-07 06:00:00+00:00,20730,4073,6483.175
2024-07-07 07:00:00+00:00,21675,3151.5,12509.15
2024-07-07 08:00:00+00:00,22571,2418,15637.775
2024-07-07 09:00:00+00:00,23037.25,1912.25,16912.475
2024-07-07 10:00:00+00:00,23319,1609.75,17592.6
2024-07-07 11:00:00+00:00,23833.5,1534.25,17870.4
2024-07-07 12:00:00+00:00,23892.5,1607.75,17665.225
2024-07-07 13:00:00+00:00,22902.5,1877,17405
2024-07-07 14:00:00+00:00,22562.25,2252,16885.625
2024-07-07 15:00:00+00:00,23031.5,2709,16325.925
2024-07-07 16:00:00+00:00,23962,3240.5,15014.275
2024-07-07 17:00:00+00:00,25293.5,3847.25,11929.325
2024-07-07 18:00:00+00:00,26395.75,4427,5879.775
2024-07-07 19:00:00+00:00,27426,4997.5,1749.3
2024-07-07 20:00:00+00:00,27624.25,5368.5,819.7
2024-07-07 21:00:00+00:00,25979.75,5443.75,753.875
2024-07-07 22:00:00+00:00,24240.25,4845,588.55
2024-07-07 23:00:00+00:00,22881.25,4740.75,564.775
2024-07-08 00:00:00+00:00,21900.5,4502.25,562.4
2024-07-08 01:00:00+00:00,21421.25,4182.75,559.875
2024-07-08 02:00:00+00:00,21404.25,3995.25,546.95
2024-07-08 03:00:00+00:00,22025,3982,516.35
2024-07-08 04:00:00+00:00,24390.5,4004.25,386.75
2024-07-08 05:00:00+00:00,26828.25,3895,1886.3
2024-07-08 06:00:00+00:00,28360,3636,6966.15
2024-07-08 07:00:00+00:00,29239.75,3503.5,13058.2
2024-07-08 08:00:00+00:00,29389.25,3542.5,16401.575
2024-07-08 09:00:00+00:00,29270.5,3860,17714.825
2024-07-08 10:00:00+00:00,29507.5,4449.75,18474.025
2024-07-08 11:00:00+00:00,29923.75,5100,18853.3
2024-07-08 12:00:00+00:00,29587.25,5553.5,18710.975
2024-07-08 13:00:00+00:00,28989.25,5921.5,18289.05
2024-07-08 14:00:00+00:00,28845,6253.75,17730.075
2024-07-08 15:00:00+00:00,29441.25,6673.5,16911.175
2024-07-08 16:00:00+00:00,29964.5,7149.25,15392.575
2024-07-08 17:00:00+00:00,30578,7508.25,12023.45
2024-07-08 18:00:00+00:00,30995.5,7769.25,6247.275
2024-07-08 19:00:00+00:00,31214.5,7916.75,1744.55
2024-07-08 20:00:00+00:00,30215,7841.5,696.375
2024-07-08 21:00:00+00:00,27901.25,7675.5,637.15
2024-07-08 22:00:00+00:00,26345.5,8259,571.4
2024-07-08 23:00:00+00:00,24938,8220,550.225
2024-07-09 00:00:00+00:00,23809.5,7885.75,545.675
2024-07-09 01:00:00+00:00,23241,7307.5,533.2
2024-07-09 02:00:00+00:00,23077.25,6734,494.625
2024-07-09 03:00:00+00:00,23548.75,6188.5,449.925
2024-07-09 04:00:00+00:00,25470.75,5736.5,371.8
2024-07-09 05:00:00+00:00,27660.25,5256.25,1474.575
2024-07-09 06:00:00+00:00,28883.5,4749,6212.5
2024-07-09 07:00:00+00:00,29449.5,4422.5,11853.55
2024-07-09 08:00:00+00:00,29678.5,4384.25,15172.45
2024-07-09 09:00:00+00:00,29846,4619.75,16770.7
2024-07-09 10:00:00+00:00,30151,5003.5,17640.575
2024-07-09 11:00:00+00:00,30593.25,5389,17808.1
2024-07-09 12:00:00+00:00,30502.75,5680,17736
2024-07-09 13:00:00+00:00,29899,5994,17300.3
2024-07-09 14:00:00+00:00,29790.25,6208.5,16765.625
2024-07-09 15:00:00+00:00,30338.25,6207.25,15595.35
2024-07-09 16:00:00+00:00,30842,6055.5,13899.65
2024-07-09 17:00:00+00:00,31550.25,5756.25,10992.15
2024-07-09 18:00:00+00:00,31888.5,5389,5721.5
2024-07-09 19:00:00+00:00,31934.25,4730.5,1542.05
2024-07-09 20:00:00+00:00,30804,4032.5,703.25
2024-07-09 21:00:00+00:00,28492.25,3559.5,661.075
2024-07-09 22:00:00+00:00,27064.25,3897.25,578.775
2024-07-09 23:00:00+00:00,25617,3486.75,582.275
2024-07-10 00:00:00+00:00,24358,3104.25,579.55
2024-07-10 01:00:00+00:00,23773.75,2744.75,576.2
2024-07-10 02:00:00+00:00,23540,2587.25,573.875
2024-07-10 03:00:00+00:00,23915.5,2420.25,636.3
2024-07-10 04:00:00+00:00,25842.25,2318,576.15
2024-07-10 05:00:00+00:00,28013.5,2204.25,1812.275
2024-07-10 06:00:00+00:00,29365,1999.5,6834.325
2024-07-10 07:00:00+00:00,30141,1898.75,13012.75
2024-07-10 08:00:00+00:00,30551,2065.75,16281.875
2024-07-10 09:00:00+00:00,30875,2494.25,17732.35
2024-07-10 10:00:00+00:00,31226.75,3082.25,18456.175
2024-07-10 11:00:00+00:00,31877.5,3568.5,18804.45
2024-07-10 12:00:00+00:00,31727.25,3882,18706.725
2024-07-10 13:00:00+00:00,31213,4139.5,18339.725
2024-07-10 14:00:00+00:00,31063.75,4306.5,17920.475
2024-07-10 15:00:00+00:00,31451,4477.75,17015.4
2024-07-10 16:00:00+00:00,31750.75,4524.75,15482.25
2024-07-10 17:00:00+00:00,32519.75,4558.5,12077
2024-07-10 18:00:00+00:00,32860.75,4558.5,6264.2
2024-07-10 19:00:00+00:00,32555.75,4436.5,1797.675
2024-07-10 20:00:00+00:00,31514.25,4394.5,850.275
2024-07-10 21:00:00+00:00,29257.75,4237.75,821.6
2024-07-10 22:00:00+00:00,28134,3321,633.675
2024-07-10 23:00:00+00:00,26444,3507.5,634.55
2024-07-11 00:00:00+00:00,25241.75,3551,632.675
2024-07-11 01:00:00+00:00,24662.25,3568.75,628.925
2024-07-11 02:00:00+00:00,24420,3463,619.125
2024-07-11 03:00:00+00:00,24780.25,3306.25,675.925
2024-07-11 04:00:00+00:00,26611.25,3154,578.5
2024-07-11 05:00:00+00:00,28724.75,3015.75,1764.875
2024-07-11 06:00:00+00:00,30135.75,2853.75,6899.775
2024-07-11 07:00:00+00:00,31017,2727,13181.775
2024-07-11 08:00:00+00:00,31463.75,2803.5,16467
2024-07-11 09:00:00+00:00,31915.5,3174.5,17960.05
2024-07-11 10:00:00+00:00,32401.25,3769,18683.175
2024-07-11 11:00:00+00:00,33078.75,4574.25,18902.2
2024-07-11 12:00:00+00:00,33085.5,5393.5,18739.3
2024-07-11 13:00:00+00:00,32682,6083.75,18398
2024-07-11 14:00:00+00:00,32646.75,6745,17907.925
2024-07-11 15:00:00+00:00,33154,7365.5,16708.85
2024-07-11 16:00:00+00:00,33523.25,7917,15040.025
2024-07-11 17:00:00+00:00,34200.5,8097,11713.05
2024-07-11 18:00:00+00:00,34307.75,8248,6110.2
2024-07-11 19:00:00+00:00,33992.75,8479.25,1627.775
2024-07-11 20:00:00+00:00,32661,8728.5,700.025
2024-07-11 21:00:00+00:00,30387.5,8793,684.6
2024-07-11 22:00:00+00:00,28629,8449,610.85
2024-07-11 23:00:00+00:00,26998,8353,606.625
2024-07-12 00:00:00+00:00,25787,8256.75,602.2
2024-07-12 01:00:00+00:00,25121.25,8180.25,597.825
2024-07-12 02:00:00+00:00,24919,8060,584.8
2024-07-12 03:00:00+00:00,25203.75,7961.5,536.125
2024-07-12 04:00:00+00:00,26959,7881,477.4
2024-07-12 05:00:00+00:00,28939.25,7732.25,1642.8
2024-07-12 06:00:00+00:00,30323.75,7344.75,6872.175
2024-07-12 07:00:00+00:00,31212,6872.5,13194.075
2024-07-12 08:00:00+00:00,31696.5,6469,16570.525
2024-07-12 09:00:00+00:00,32049.75,6294,17981.95
2024-07-12 10:00:00+00:00,32381.75,6258.75,18650.675
2024-07-12 11:00:00+00:00,32734,6306.75,18984.375
2024-07-12 12:00:00+00:00,32359,6380.75,18882.4
2024-07-12 13:00:00+00:00,31668.5,6598,18561.15
2024-07-12 14:00:00+00:00,31548,6910,18120.25
2024-07-12 15:00:00+00:00,31898.75,7413.5,17226.45
2024-07-12 16:00:00+00:00,32254.5,7894.25,15753.825
2024-07-12 17:00:00+00:00,32809.25,8338.5,12460.75
2024-07-12 18:00:00+00:00,32644,8788.25,6413.75
2024-07-12 19:00:00+00:00,32199.25,9044,1718.825
2024-07-12 20:00:00+00:00,31239.75,9230.75,736.35
2024-07-12 21:00:00+00:00,29103.75,9172.75,693.75
2024-07-12 22:00:00+00:00,27620.75,9114.25,614.45
2024-07-12 23:00:00+00:00,26064.75,8773,609.825
2024-07-13 00:00:00+00:00,24712,8421.25,617.6
2024-07-13 01:00:00+00:00,23930,7879.25,620.1
2024-07-13 02:00:00+00:00,23354.5,7564.25,598.15
2024-07-13 03:00:00+00:00,23050.5,6819.75,553.05
2024-07-13 04:00:00+00:00,23260.25,6208,476.15
2024-07-13 05:00:00+00:00,23486,5551.5,1412.975
2024-07-13 06:00:00+00:00,24523.5,4802,5865.85
2024-07-13 07:00:00+00:00,25880.75,4097,11829.025
2024-07-13 08:00:00+00:00,26853.5,3591.25,15115.275
2024-07-13 09:00:00+00:00,27141.25,3392.25,16665.625
2024-07-13 10:00:00+00:00,27230.25,3386,17630.225
2024-07-13 11:00:00+00:00,27478,3639,18008
2024-07-13 12:00:00+00:00,27250.25,4033.5,17838.825
2024-07-13 13:00:00+00:00,26520.75,4488.5,17632.9
2024-07-13 14:00:00+00:00,26091.75,4945.25,17173.525
2024-07-13 15:00:00+00:00,26367,5591.25,16253.4
2024-07-13 16:00:00+00:00,27100.75,6302.25,14767.15
2024-07-13 17:00:00+00:00,27872.75,6776.75,11543.55
2024-07-13 18:00:00+00:00,28412.75,6758.25,5774.2
2024-07-13 19:00:00+00:00,28693,6661,1602.575
2024-07-13 20:00:00+00:00,28348.5,6375.5,749.525
2024-07-13 21:00:00+00:00,26734,5837.75,716.025
2024-07-13 22:00:00+00:00,24930.5,5249.5,623.825
2024-07-13 23:00:00+00:00,23442.25,4965.5,609
2024-07-14 00:00:00+00:00,22362,4626.25,596.025
2024-07-14 01:00:00+00:00,21641.25,4711.25,596.825
2024-07-14 02:00:00+00:00,21129.75,4638.5,584.825
2024-07-14 03:00:00+00:00,20878.5,4432.25,557.975
2024-07-14 04:00:00+00:00,20936,4285.25,472
2024-07-14 05:00:00+00:00,20747.5,4101.25,1428.4
2024-07-14 06:00:00+00:00,21234.25,3779.5,6502.95
2024-07-14 07:00:00+00:00,22190,3444,12949.3
2024-07-14 08:00:00+00:00,23052.75,3206.5,16585.375
2024-07-14 09:00:00+00:00,23594,3276.5,18221.175
2024-07-14 10:00:00+00:00,24036.75,3527,18977.9
2024-07-14 11:00:00+00:00,24761.25,3839,19184.25
2024-07-14 12:00:00+00:00,25133.75,4397,19074.725
2024-07-14 13:00:00+00:00,24505.5,4728,18755.6
2024-07-14 14:00:00+00:00,24184.75,5241,18039.175
2024-07-14 15:00:00+00:00,24683.75,5668.5,16842.2
2024-07-14 16:00:00+00:00,25679.5,6076.5,15020.5
2024-07-14 17:00:00+00:00,26726.5,6438.75,11724.525
2024-07-14 18:00:00+00:00,27603.25,6507.75,5907.7
2024-07-14 19:00:00+00:00,28536.25,6468.75,1646.15
2024-07-14 20:00:00+00:00,28892.25,6399.75,823
2024-07-14 21:00:00+00:00,26982.25,6282.25,806.075
2024-07-14 22:00:00+00:00,24970,6320.5,635.625
2024-07-14 23:00:00+00:00,23588,6416.5,627.05
2024-07-15 00:00:00+00:00,22595.25,6662.25,641.975
2024-07-15 01:00:00+00:00,22065.75,6874.75,638.75
2024-07-15 02:00:00+00:00,21881.5,7086.75,614.3
2024-07-15 03:00:00+00:00,22494.25,7059.5,555.5
2024-07-15 04:00:00+00:00,24883.5,7143.75,462.975
2024-07-15 05:00:00+00:00,27340.5,7227.25,1631.825
2024-07-15 06:00:00+00:00,28915.5,7191.25,6194.875
2024-07-15 07:00:00+00:00,30026.5,7164,11911.85
2024-07-15 08:00:00+00:00,30359,7345.25,15166.925
2024-07-15 09:00:00+00:00,30482,7709.75,16662.35
2024-07-15 10:00:00+00:00,30867.75,8099,17671.175
2024-07-15 11:00:00+00:00,31515.5,8407.5,18404
2024-07-15 12:00:00+00:00,31379.5,8769.5,18500.6
2024-07-15 13:00:00+00:00,31004,9030.5,18163.475
2024-07-15 14:00:00+00:00,31073.75,9401.25,17677.35
2024-07-15 15:00:00+00:00,31692.75,9578.25,16862.675
2024-07-15 16:00:00+00:00,32187.25,9608,15217.95
2024-07-15 17:00:00+00:00,33013.75,9474.75,11588.575
2024-07-15 18:00:00+00:00,33186.75,9168.75,5830.05
2024-07-15 19:00:00+00:00,32726,8923.75,1614.85
2024-07-15 20:00:00+00:00,31243.5,8745.25,673.85
2024-07-15 21:00:00+00:00,28853,8456.25,676.675
2024-07-15 22:00:00+00:00,28056,7987.5,575.025
2024-07-15 23:00:00+00:00,26380.5,7350.25,560.975
2024-07-16 00:00:00+00:00,25065.75,6678.25,539.175
2024-07-16 01:00:00+00:00,24417.5,6084.5,517.55
2024-07-16 02:00:00+00:00,24140.75,5549,481.875
2024-07-16 03:00:00+00:00,24521.5,4919.5,497.575
2024-07-16 04:00:00+00:00,26519.75,4296.75,452.125
2024-07-16 05:00:00+00:00,28492.25,3591.5,1681.825
2024-07-16 06:00:00+00:00,29848.25,2839.25,6901.375
2024-07-16 07:00:00+00:00,30740.75,2124.25,13762.95
2024-07-16 08:00:00+00:00,31104,1633.25,17033.925
2024-07-16 09:00:00+00:00,31375.75,1420.25,18337.25
2024-07-16 10:00:00+00:00,31767.75,1370.75,19070.175
2024-07-16 11:00:00+00:00,32287.75,1443.5,19316.725
2024-07-16 12:00:00+00:00,32316.75,1655.25,19249.95
2024-07-16 13:00:00+00:00,31886,1972.5,18904.6
2024-07-16 14:00:00+00:00,31864,2436.25,18464.55
2024-07-16 15:00:00+00:00,32372.75,3054.75,17506.075
2024-07-16 16:00:00+00:00,32720,3920.75,15967.675
2024-07-16 17:00:00+00:00,33385,4920.25,12460.35
2024-07-16 18:00:00+00:00,33616.75,5826,6364.35
2024-07-16 19:00:00+00:00,33217,6684.5,1697.525
2024-07-16 20:00:00+00:00,32077.75,7352,804.275
2024-07-16 21:00:00+00:00,29910.75,7389,799.775
2024-07-16 22:00:00+00:00,28068.25,7656.5,632.8
2024-07-16 23:00:00+00:00,26356.25,6757.25,630.3
2024-07-17 00:00:00+00:00,25176.25,6052,627.375
2024-07-17 01:00:00+00:00,24553.25,5236.75,623.425
2024-07-17 02:00:00+00:00,24209.75,4530.25,613.35
2024-07-17 03:00:00+00:00,24493,3984,705.75
2024-07-17 04:00:00+00:00,26463.75,3551.25,602.05
2024-07-17 05:00:00+00:00,28489,3208.75,1528.875
2024-07-17 06:00:00+00:00,29863.5,2686.5,6412.8
2024-07-17 07:00:00+00:00,30758.5,2210.75,12636.125
2024-07-17 08:00:00+00:00,31151.5,2045.25,16136
2024-07-17 09:00:00+00:00,31399.25,2292,17678.125
2024-07-17 10:00:00+00:00,31837,2802.5,18586.925
2024-07-17 11:00:00+00:00,32311.25,3196.25,18932.65
2024-07-17 12:00:00+00:00,32194.75,3512.25,18916
2024-07-17 13:00:00+00:00,31820.5,3881,18676.825
2024-07-17 14:00:00+00:00,31684.75,4253.5,18171
2024-07-17 15:00:00+00:00,32079.5,4632.25,17237.925
2024-07-17 16:00:00+00:00,32390.25,5025,15450.05
2024-07-17 17:00:00+00:00,33095,5323,11933.8
2024-07-17 18:00:00+00:00,33348.5,5435.75,5782.05
2024-07-17 19:00:00+00:00,33164,5395.75,1484.925
2024-07-17 20:00:00+00:00,32007.75,5219.75,659.35
2024-07-17 21:00:00+00:00,29613.75,5057.25,617.825
2024-07-17 22:00:00+00:00,28315.25,4673,571.65
2024-07-17 23:00:00+00:00,26668.5,4432.75,555.65
2024-07-18 00:00:00+00:00,25468.25,3962.75,539.825
2024-07-18 01:00:00+00:00,24821.5,3450.25,517.3
2024-07-18 02:00:00+00:00,24522.25,2961.75,489.875
2024-07-18 03:00:00+00:00,24794.5,2554.75,554.7
2024-07-18 04:00:00+00:00,26741.5,2196.5,444.575
2024-07-18 05:00:00+00:00,28699,1886.75,1390.95
2024-07-18 06:00:00+00:00,30090,1529.75,6018.525
2024-07-18 07:00:00+00:00,31122.75,1248.5,12019.3
2024-07-18 08:00:00+00:00,31637,1145.75,15560.3
2024-07-18 09:00:00+00:00,32034.5,1338,17080.175
2024-07-18 10:00:00+00:00,32633.5,1741.25,18068.65
2024-07-18 11:00:00+00:00,33253.25,2294,18216.275
2024-07-18 12:00:00+00:00,33343.25,2886.25,17787.775
2024-07-18 13:00:00+00:00,33022.25,3355,17342.575
2024-07-18 14:00:00+00:00,32994,3804.75,16602.825
2024-07-18 15:00:00+00:00,33436.25,4189,14965.9
2024-07-18 16:00:00+00:00,33689.75,4425.75,12808.575
2024-07-18 17:00:00+00:00,34252.25,4616,9264.925
2024-07-18 18:00:00+00:00,34326.75,4654.5,4419.2
2024-07-18 19:00:00+00:00,34027,4711,964.25
2024-07-18 20:00:00+00:00,32976,4608.25,400.3
2024-07-18 21:00:00+00:00,30556.75,4516.5,373
2024-07-18 22:00:00+00:00,29494.75,3925.25,280.775
2024-07-18 23:00:00+00:00,27700.25,3668.5,286.175
2024-07-19 00:00:00+00:00,26347,3185.5,288.225
2024-07-19 01:00:00+00:00,25644.5,2641.75,280.075
2024-07-19 02:00:00+00:00,25153.75,2106.25,263.4
2024-07-19 03:00:00+00:00,25438.25,1595.25,247.55
2024-07-19 04:00:00+00:00,27290.75,1283,205.175
2024-07-19 05:00:00+00:00,29245.5,1124.5,1119.025
2024-07-19 06:00:00+00:00,30678.25,897.5,5905.1
2024-07-19 07:00:00+00:00,32084,622,12440.625
2024-07-19 08:00:00+00:00,32728.5,466,16347
2024-07-19 09:00:00+00:00,33321,617.5,18054.7
2024-07-19 10:00:00+00:00,33917.75,1112,18866.225
2024-07-19 11:00:00+00:00,34578.25,1847.75,19112.525
2024-07-19 12:00:00+00:00,34514.75,2595.25,18839.95
2024-07-19 13:00:00+00:00,34054,3180,18537.675
2024-07-19 14:00:00+00:00,33875,3873.25,17995.15
2024-07-19 15:00:00+00:00,34054.5,4281,17306.375
2024-07-19 16:00:00+00:00,34161.75,4591.75,15591.875
2024-07-19 17:00:00+00:00,34221.75,4755,11965.15
2024-07-19 18:00:00+00:00,33893.75,4664.5,5756.625
2024-07-19 19:00:00+00:00,33554.25,4613,1367.925
2024-07-19 20:00:00+00:00,32660,4711.75,585.65
2024-07-19 21:00:00+00:00,30588.5,4718.75,560.6
2024-07-19 22:00:00+00:00,28770,5050.75,579.15
2024-07-19 23:00:00+00:00,27095.75,4952.25,566.65
2024-07-20 00:00:00+00:00,25730.25,4709.25,539.675
2024-07-20 01:00:00+00:00,24782.5,4350,541.975
2024-07-20 02:00:00+00:00,24280.75,4160,534.45
2024-07-20 03:00:00+00:00,23734.5,4003.5,508.95
2024-07-20 04:00:00+00:00,24023.25,4050.25,389.65
2024-07-20 05:00:00+00:00,24052,4049.75,1301.225
2024-07-20 06:00:00+00:00,24691.25,3942,6251.65
2024-07-20 07:00:00+00:00,26207,3820.5,12995.075
2024-07-20 08:00:00+00:00,27593.25,4056,16755.9
2024-07-20 09:00:00+00:00,28100.75,4877,18118.15
2024-07-20 10:00:00+00:00,28598.25,6027,18841.575
2024-07-20 11:00:00+00:00,29202.25,7167,19091.25
2024-07-20 12:00:00+00:00,29381.75,8084.75,18869.35
2024-07-20 13:00:00+00:00,28975,8901.5,18540.95
2024-07-20 14:00:00+00:00,28435.5,9665,17908.925
2024-07-20 15:00:00+00:00,28646.75,10216.5,16824.075
2024-07-20 16:00:00+00:00,29234.25,10665.5,15039.9
2024-07-20 17:00:00+00:00,30021,10887.25,11483.025
2024-07-20 18:00:00+00:00,30326.75,11138,5453.625
2024-07-20 19:00:00+00:00,30438,11170,1323.925
2024-07-20 20:00:00+00:00,30259.5,11104,596.675
2024-07-20 21:00:00+00:00,28406.25,10936.5,573.975
2024-07-20 22:00:00+00:00,26415.75,10652.5,577.6
2024-07-20 23:00:00+00:00,24731.25,10456.75,596.075
2024-07-21 00:00:00+00:00,23477.25,10051.25,613.425
2024-07-21 01:00:00+00:00,22643,10022,626.725
2024-07-21 02:00:00+00:00,22069.75,9760.5,636.425
2024-07-21 03:00:00+00:00,21726.25,9422.75,606.875
2024-07-21 04:00:00+00:00,21648.25,9049.5,542.175
2024-07-21 05:00:00+00:00,21279.25,8658,1381.1
2024-07-21 06:00:00+00:00,21638.25,8128.25,6269.225
2024-07-21 07:00:00+00:00,22675.5,7495.5,13029.075
2024-07-21 08:00:00+00:00,24010.5,7040.5,16800.575
2024-07-21 09:00:00+00:00,24587,6738.25,18353.075
2024-07-21 10:00:00+00:00,25052,6702,19123.725
2024-07-21 11:00:00+00:00,25840,6843.5,19246.275
2024-07-21 12:00:00+00:00,26389.75,7080.25,19107.8
2024-07-21 13:00:00+00:00,25835.5,7200.25,18808.725
2024-07-21 14:00:00+00:00,25615.25,7841.5,18430.2
2024-07-21 15:00:00+00:00,26164.75,8045.75,17535.65
2024-07-21 16:00:00+00:00,27027.25,7957.5,15979.925
2024-07-21 17:00:00+00:00,27997.25,8535,12437.175
2024-07-21 18:00:00+00:00,28767.25,8820.75,5891.1
2024-07-21 19:00:00+00:00,29483,9052.25,1426.825
2024-07-21 20:00:00+00:00,29487.75,9457,651.75
2024-07-21 21:00:00+00:00,27741.75,9685.75,635.55
2024-07-21 22:00:00+00:00,26544,9291.25,598.975
2024-07-21 23:00:00+00:00,24867.25,8912.5,595.35
2024-07-22 00:00:00+00:00,23603.25,8478.75,577.55
2024-07-22 01:00:00+00:00,23031.25,7936.25,573.325
2024-07-22 02:00:00+00:00,22716.75,7543.75,559.625
2024-07-22 03:00:00+00:00,23278.25,7153.75,520.825
2024-07-22 04:00:00+00:00,25733.5,6780,436.225
2024-07-22 05:00:00+00:00,27958.75,6392,1358.475
2024-07-22 06:00:00+00:00,29547.75,5760,6327.075
2024-07-22 07:00:00+00:00,30665.25,4969.5,13399.7
2024-07-22 08:00:00+00:00,31227.75,4314.25,17427.3
2024-07-22 09:00:00+00:00,31342.75,3866.25,18894.85
2024-07-22 10:00:00+00:00,31698,3553.75,19613.475
2024-07-22 11:00:00+00:00,32242.5,3431.25,19902.15
2024-07-22 12:00:00+00:00,32309.25,3566,19817.925
2024-07-22 13:00:00+00:00,32057,3837.5,19560.875
2024-07-22 14:00:00+00:00,31954.75,4259.25,19000.775
2024-07-22 15:00:00+00:00,32309.5,4853.5,18082.125
2024-07-22 16:00:00+00:00,32441,5553,16315.675
2024-07-22 17:00:00+00:00,32930.75,6357.75,12351.175
2024-07-22 18:00:00+00:00,33142.75,7115.5,5888.05
2024-07-22 19:00:00+00:00,33324.75,7859.5,1483.1
2024-07-22 20:00:00+00:00,32141.25,8542.5,720.6
2024-07-22 21:00:00+00:00,29560.75,8736,700.9
2024-07-22 22:00:00+00:00,28090,9109.5,658.4
2024-07-22 23:00:00+00:00,26400.5,8742.75,653.35
2024-07-23 00:00:00+00:00,25125.5,8108.5,648.475
2024-07-23 01:00:00+00:00,24409.25,7413.25,643.65
2024-07-23 02:00:00+00:00,24120.5,6738,621.725
2024-07-23 03:00:00+00:00,24482.5,6086,595.025
2024-07-23 04:00:00+00:00,26408,5515.25,489.6
2024-07-23 05:00:00+00:00,28279.5,4993,1405.525
2024-07-23 06:00:00+00:00,29638,4359.5,6344.35
2024-07-23 07:00:00+00:00,30742.5,3646.5,13473.675
2024-07-23 08:00:00+00:00,31433.75,3170.25,17503.6
2024-07-23 09:00:00+00:00,31924,2977.5,19077.025
2024-07-23 10:00:00+00:00,32491.25,2882,19851.825
2024-07-23 11:00:00+00:00,33167,2872.5,20150.125
2024-07-23 12:00:00+00:00,33239.5,2943.25,20071.275
2024-07-23 13:00:00+00:00,32958.5,3144.25,19723.975
2024-07-23 14:00:00+00:00,32957.25,3492.5,19145.975
2024-07-23 15:00:00+00:00,33476.5,4048.75,18252.775
2024-07-23 16:00:00+00:00,33715.75,4807.75,16337.225
2024-07-23 17:00:00+00:00,34198.25,5722.75,12251.1
2024-07-23 18:00:00+00:00,34239.5,6795.75,5588.375
2024-07-23 19:00:00+00:00,34033.5,7869.75,1357.525
2024-07-23 20:00:00+00:00,32941.75,8670.25,638.025
2024-07-23 21:00:00+00:00,30629,8993.75,612.95
2024-07-23 22:00:00+00:00,29145.25,8917.75,652.075
2024-07-23 23:00:00+00:00,27341.5,8427.25,643.05
2024-07-24 00:00:00+00:00,26066.75,7789,636.45
2024-07-24 01:00:00+00:00,25281.25,7101.25,611.225
2024-07-24 02:00:00+00:00,24922.5,6425.75,610.3
2024-07-24 03:00:00+00:00,25193.75,5789.5,579.325
2024-07-24 04:00:00+00:00,27194,5240.25,476.225
2024-07-24 05:00:00+00:00,29202.75,4681,1237.625
2024-07-24 06:00:00+00:00,30575.25,3935.5,6063.725
2024-07-24 07:00:00+00:00,31804.75,3152,13210.55
2024-07-24 08:00:00+00:00,32715.25,2627.5,17350.05
2024-07-24 09:00:00+00:00,33439.75,2377.5,19095.4
2024-07-24 10:00:00+00:00,34050,2336.5,19886.825
2024-07-24 11:00:00+00:00,34890.5,2483.75,20236.925
2024-07-24 12:00:00+00:00,34939.5,2759.75,20140.425
2024-07-24 13:00:00+00:00,34653.5,3109,19818.9
2024-07-24 14:00:00+00:00,34597.75,3607.25,19260.975
2024-07-24 15:00:00+00:00,34874.75,4312.5,18280.05
2024-07-24 16:00:00+00:00,35047.75,5209.25,16309.775
2024-07-24 17:00:00+00:00,35389.25,6162.5,12271.325
2024-07-24 18:00:00+00:00,35223.5,7156.75,5627
2024-07-24 19:00:00+00:00,34823.75,8172.75,1329.7
2024-07-24 20:00:00+00:00,33659,8865.5,655.65
2024-07-24 21:00:00+00:00,31211.75,8977.75,637.7
2024-07-24 22:00:00+00:00,29792.75,8959,599.7
2024-07-24 23:00:00+00:00,27888.5,8466.5,596.575
2024-07-25 00:00:00+00:00,26395.5,7762.25,587.375
2024-07-25 01:00:00+00:00,25584.5,7015,574.175
2024-07-25 02:00:00+00:00,25130.75,6394.75,546.825
2024-07-25 03:00:00+00:00,25154.75,5850,484.725
2024-07-25 04:00:00+00:00,26479.25,5338.75,391.825
2024-07-25 05:00:00+00:00,27613.25,4701.75,1175.95
2024-07-25 06:00:00+00:00,28496.25,4078,6071.2
2024-07-25 07:00:00+00:00,29776.5,3407,13092.3
2024-07-25 08:00:00+00:00,30786.75,2909.25,17233.625
2024-07-25 09:00:00+00:00,31272.75,2669.25,18922.075
2024-07-25 10:00:00+00:00,31979,2644.25,19717.875
2024-07-25 11:00:00+00:00,32683,2835,19999.925
2024-07-25 12:00:00+00:00,33290,3201.5,19898.8
2024-07-25 13:00:00+00:00,32922.5,3657.5,19561.575
2024-07-25 14:00:00+00:00,32789,4291,18905.2
2024-07-25 15:00:00+00:00,32991.25,5018.75,17875.6
2024-07-25 16:00:00+00:00,33319,5845,15863.7
2024-07-25 17:00:00+00:00,33741.25,6671,12003.175
2024-07-25 18:00:00+00:00,33690.75,7590,5453.25
2024-07-25 19:00:00+00:00,33755,8228.25,1267.425
2024-07-25 20:00:00+00:00,33082.25,8569.5,638.075
2024-07-25 21:00:00+00:00,30728.5,8484.5,611.275
2024-07-25 22:00:00+00:00,29016.5,8254.25,643.15
2024-07-25 23:00:00+00:00,27271.5,7463.75,648.75
2024-07-26 00:00:00+00:00,25815.5,6582.25,660.05
2024-07-26 01:00:00+00:00,25026,5836.5,663.75
2024-07-26 02:00:00+00:00,24619,5225,641.675
2024-07-26 03:00:00+00:00,24781.75,4779.75,573
2024-07-26 04:00:00+00:00,26561.75,4497.75,474.45
2024-07-26 05:00:00+00:00,28306.5,4140,1189.075
2024-07-26 06:00:00+00:00,29431,3539,5854.675
2024-07-26 07:00:00+00:00,30589.75,2847.5,12668.275
2024-07-26 08:00:00+00:00,31514,2309.5,16779.375
2024-07-26 09:00:00+00:00,32040.5,2082.5,18672.05
2024-07-26 10:00:00+00:00,32626.25,2140.75,19534.25
2024-07-26 11:00:00+00:00,33317.5,2339,19920.575
2024-07-26 12:00:00+00:00,33274.5,2531.25,19819.225
2024-07-26 13:00:00+00:00,32798.75,2817.5,19415.05
2024-07-26 14:00:00+00:00,32602.75,3224.75,18743.3
2024-07-26 15:00:00+00:00,32930.75,3706.75,17618.875
2024-07-26 16:00:00+00:00,33223,4323.5,15484.1
2024-07-26 17:00:00+00:00,33627,5171.25,11422.4
2024-07-26 18:00:00+00:00,33359.75,6029.75,5201.25
2024-07-26 19:00:00+00:00,32946.25,6622.25,1222.65
2024-07-26 20:00:00+00:00,31974.5,6783.25,639.475
2024-07-26 21:00:00+00:00,30048.25,6493.75,607.875
2024-07-26 22:00:00+00:00,28283.5,6479,591.425
2024-07-26 23:00:00+00:00,26571,5888.25,593.125
2024-07-27 00:00:00+00:00,25153,5109.75,591
2024-07-27 01:00:00+00:00,24257.25,4521,578.85
2024-07-27 02:00:00+00:00,23690.75,4091.5,555.8
2024-07-27 03:00:00+00:00,23238.25,3751.25,502.875
2024-07-27 04:00:00+00:00,23394,3446.75,406.375
2024-07-27 05:00:00+00:00,23560.25,3133.5,1076.675
2024-07-27 06:00:00+00:00,24621.75,2710,5653.85
2024-07-27 07:00:00+00:00,26073,2269.5,12393.825
2024-07-27 08:00:00+00:00,27223,2073.5,16412.175
2024-07-27 09:00:00+00:00,27818.75,2143.75,18185.725
2024-07-27 10:00:00+00:00,28189.25,2394,19006.65
2024-07-27 11:00:00+00:00,28692,2808.25,19263.925
2024-07-27 12:00:00+00:00,28729.5,3300.5,19067.325
2024-07-27 13:00:00+00:00,28367.5,3832.5,18606.775
2024-07-27 14:00:00+00:00,28037.5,4525.25,17883.025
2024-07-27 15:00:00+00:00,28352.75,5158.75,16719.45
2024-07-27 16:00:00+00:00,28960,6076.25,14705.025
2024-07-27 17:00:00+00:00,29621.5,7150.5,10825.35
2024-07-27 18:00:00+00:00,29797.25,8083.25,4984.575
2024-07-27 19:00:00+00:00,30073.75,9053.75,1157.1
2024-07-27 20:00:00+00:00,29563.75,9593.75,630.35
2024-07-27 21:00:00+00:00,27835,9724.25,595.175
2024-07-27 22:00:00+00:00,26609,8645,602.7
2024-07-27 23:00:00+00:00,25375.75,8328,593.1
2024-07-28 00:00:00+00:00,23843.75,7836.5,587.875
2024-07-28 01:00:00+00:00,22857.75,7355.75,571.275
2024-07-28 02:00:00+00:00,22240.25,6892.5,540.35
2024-07-28 03:00:00+00:00,21904.25,6510.75,483.35
2024-07-28 04:00:00+00:00,21908.25,6260.5,378.175
2024-07-28 05:00:00+00:00,21670,6051.25,971.9
2024-07-28 06:00:00+00:00,22054.75,5511.25,5327.275
2024-07-28 07:00:00+00:00,22903.25,4960.5,11751.875
2024-07-28 08:00:00+00:00,23792.5,4652.25,15405.6
2024-07-28 09:00:00+00:00,24664.5,4907.75,17006.425
2024-07-28 10:00:00+00:00,25415,5392.25,17911.175
2024-07-28 11:00:00+00:00,26162.25,6024.5,18083.2
2024-07-28 12:00:00+00:00,27009,6600.25,17414.7
2024-07-28 13:00:00+00:00,26909.75,7024,17032.3
2024-07-28 14:00:00+00:00,26754.25,7257,16420.75
2024-07-28 15:00:00+00:00,27168.5,7443.25,14829.425
2024-07-28 16:00:00+00:00,27981.5,7725.75,12895.6
2024-07-28 17:00:00+00:00,28924.5,7969.5,9021.05
2024-07-28 18:00:00+00:00,29678.5,8179.75,3892.85
2024-07-28 19:00:00+00:00,30434.5,8149,774.925
2024-07-28 20:00:00+00:00,30747.75,7898.5,330.475
2024-07-28 21:00:00+00:00,29220.75,7688.25,274.375
2024-07-28 22:00:00+00:00,27483,7243.5,313.475
2024-07-28 23:00:00+00:00,25606.5,6745.5,291.075
2024-07-29 00:00:00+00:00,24300.5,6199.5,260.525
2024-07-29 01:00:00+00:00,23580,5671.5,219.1
2024-07-29 02:00:00+00:00,23327,5291.25,193.8
2024-07-29 03:00:00+00:00,23871.5,4910.25,164.2
2024-07-29 04:00:00+00:00,26203.75,4503,132.525
2024-07-29 05:00:00+00:00,28232.25,4154.25,731.675
2024-07-29 06:00:00+00:00,29925.5,3574.5,3952.325
2024-07-29 07:00:00+00:00,31686.5,2975.75,8190.525
2024-07-29 08:00:00+00:00,32780.5,2640.25,11520.875
2024-07-29 09:00:00+00:00,33587.75,2678,13223.3
2024-07-29 10:00:00+00:00,34246.25,2990.75,14003.825
2024-07-29 11:00:00+00:00,35220.25,3391.5,14660.65
2024-07-29 12:00:00+00:00,35637.25,3742.5,14737.875
2024-07-29 13:00:00+00:00,35240.5,4170,14575.15
2024-07-29 14:00:00+00:00,35145.5,4706,13812.875
2024-07-29 15:00:00+00:00,35420.25,4914,12848.05
2024-07-29 16:00:00+00:00,35568.25,5050.5,10885.7
2024-07-29 17:00:00+00:00,35691.5,5220.75,7664.65
2024-07-29 18:00:00+00:00,35639.25,5442,3702.75
2024-07-29 19:00:00+00:00,35703.5,5569.25,685.9
2024-07-29 20:00:00+00:00,34277.5,5662,278.125
2024-07-29 21:00:00+00:00,31546.75,5566.5,255.95
2024-07-29 22:00:00+00:00,29557.5,6094.75,197.375
2024-07-29 23:00:00+00:00,27714.5,5745.75,169.175
2024-07-30 00:00:00+00:00,26242.25,5523,154.25
2024-07-30 01:00:00+00:00,25473.5,5459.75,158.675
2024-07-30 02:00:00+00:00,25076,5502,152.025
2024-07-30 03:00:00+00:00,25294.25,5353.25,114.625
2024-07-30 04:00:00+00:00,27233.75,5131.75,94.2
2024-07-30 05:00:00+00:00,29259.75,4941.75,582.25
2024-07-30 06:00:00+00:00,30748.5,4621.25,4022.975
2024-07-30 07:00:00+00:00,32153.25,4199.25,9482.475
2024-07-30 08:00:00+00:00,32951.25,4016.25,13022.175
2024-07-30 09:00:00+00:00,33732.25,4286.5,15624.75
2024-07-30 10:00:00+00:00,34479,4853.75,17223.4
2024-07-30 11:00:00+00:00,35415,5492.5,18155.45
2024-07-30 12:00:00+00:00,35753.75,6083.25,18354.55
2024-07-30 13:00:00+00:00,35483,6603.25,18274.275
2024-07-30 14:00:00+00:00,35440.5,7055.25,17837.425
2024-07-30 15:00:00+00:00,35693.25,7320,16836.2
2024-07-30 16:00:00+00:00,35926,7474.5,14767.25
2024-07-30 17:00:00+00:00,36096.75,7538.25,10919.5
2024-07-30 18:00:00+00:00,35824.75,7541.25,4671.575
2024-07-30 19:00:00+00:00,35623.5,7371.75,1136.15
2024-07-30 20:00:00+00:00,34287.75,7017.5,714.15
2024-07-30 21:00:00+00:00,31895.75,6606.75,674.1
2024-07-30 22:00:00+00:00,29988.25,6101.5,517.25
2024-07-30 23:00:00+00:00,28051,5610.25,518.1
2024-07-31 00:00:00+00:00,26625.25,4871,522.5
2024-07-31 01:00:00+00:00,25836,4046,523.225
2024-07-31 02:00:00+00:00,25441.75,3278,494.675
2024-07-31 03:00:00+00:00,25717.25,2731.75,474.65
2024-07-31 04:00:00+00:00,27688,2337.25,418.4
2024-07-31 05:00:00+00:00,29596,2010.75,1115.65
2024-07-31 06:00:00+00:00,30899.75,1586.25,5700.35
2024-07-31 07:00:00+00:00,32136.75,1170.75,12662.425
2024-07-31 08:00:00+00:00,33002.25,952.5,16914.675
2024-07-31 09:00:00+00:00,33808.75,1142.75,18844.75
2024-07-31 10:00:00+00:00,34566.25,1604,19680.15
2024-07-31 11:00:00+00:00,35496.5,2233,20047.775
2024-07-31 12:00:00+00:00,35801.5,2893,19964.15
2024-07-31 13:00:00+00:00,35540.25,3586.5,19677.1
2024-07-31 14:00:00+00:00,35447,4207,19098.525
2024-07-31 15:00:00+00:00,35565.5,4635.5,18054.575
2024-07-31 16:00:00+00:00,35705,5077,16088.175
2024-07-31 17:00:00+00:00,35965.25,5424,11802.425
2024-07-31 18:00:00+00:00,35789.5,5706,5091.4
2024-07-31 19:00:00+00:00,35561.25,6096.75,1167.05
2024-07-31 20:00:00+00:00,34507.75,6503.75,671.55
2024-07-31 21:00:00+00:00,31975.25,6556.25,662.325
2024-07-31 22:00:00+00:00,30072.75,6105.5,599.475
2024-07-31 23:00:00+00:00,28110.75,5806.75,591.875
2024-08-01 00:00:00+00:00,26591.75,5323,596.95
2024-08-01 01:00:00+00:00,25727.25,4866.5,600.025
2024-08-01 02:00:00+00:00,25294.25,4457,582.55
2024-08-01 03:00:00+00:00,25318.25,4009.5,536.95
2024-08-01 04:00:00+00:00,27127.75,3579.25,495.55
2024-08-01 05:00:00+00:00,28799.5,3147.25,1091.4
2024-08-01 06:00:00+00:00,30101,2610.75,5780.125
2024-08-01 07:00:00+00:00,31464.75,2014.25,13040.7
2024-08-01 08:00:00+00:00,32381.25,1576,17286.875
2024-08-01 09:00:00+00:00,33260.5,1380.75,19173.4
2024-08-01 10:00:00+00:00,33998.75,1410,19928.4
2024-08-01 11:00:00+00:00,34974.25,1688.25,20301.75
2024-08-01 12:00:00+00:00,35341.25,2253,20191.025
2024-08-01 13:00:00+00:00,35061.25,3000,19873.625
2024-08-01 14:00:00+00:00,35085.5,3853.75,19316.675
2024-08-01 15:00:00+00:00,35351.75,4775.75,18330.45
2024-08-01 16:00:00+00:00,35458.5,5708,16186.875
2024-08-01 17:00:00+00:00,35588,6620.5,11995.25
2024-08-01 18:00:00+00:00,35468.75,7583.25,5049.8
2024-08-01 19:00:00+00:00,35360,8215.25,1202.075
2024-08-01 20:00:00+00:00,34287.75,8433.75,755.2
2024-08-01 21:00:00+00:00,31876.5,8345.5,759.05
2024-08-01 22:00:00+00:00,29894.25,8062,617.5
2024-08-01 23:00:00+00:00,28016.75,7586.75,625.925
2024-08-02 00:00:00+00:00,26513.75,7117.75,636.35
2024-08-02 01:00:00+00:00,25742.25,6748.5,630.975
2024-08-02 02:00:00+00:00,25273.75,6429.25,612.9
2024-08-02 03:00:00+00:00,25350.25,6172,577.475
2024-08-02 04:00:00+00:00,27129,5997,489.075
2024-08-02 05:00:00+00:00,28935.75,5717.5,1055.975
2024-08-02 06:00:00+00:00,29983.5,5200.5,5596.3
2024-08-02 07:00:00+00:00,31281.75,4664.5,12591.95
2024-08-02 08:00:00+00:00,32109.75,4262,16742.55
2024-08-02 09:00:00+00:00,32797,4103.25,18611.425
2024-08-02 10:00:00+00:00,33399.75,4327,19449.6
2024-08-02 11:00:00+00:00,34356.5,4823.25,19784.875
2024-08-02 12:00:00+00:00,34126.25,5558.5,19588.775
2024-08-02 13:00:00+00:00,33629.75,6272,19162.9
2024-08-02 14:00:00+00:00,33514.5,6896.5,18433.45
2024-08-02 15:00:00+00:00,33707.25,7471.25,17469.8
2024-08-02 16:00:00+00:00,33888.25,7940.25,15446.4
2024-08-02 17:00:00+00:00,33914,8347.25,11258.475
2024-08-02 18:00:00+00:00,33643.75,8569.25,4703.125
2024-08-02 19:00:00+00:00,33434.5,8816.5,1041.1
2024-08-02 20:00:00+00:00,32391,8900.25,637.825
2024-08-02 21:00:00+00:00,30229.75,8676.75,631.95
2024-08-02 22:00:00+00:00,28121.75,8725.75,628.85
2024-08-02 23:00:00+00:00,26472.25,8111.5,649
2024-08-03 00:00:00+00:00,25160,7392.5,644.375
2024-08-03 01:00:00+00:00,24265,6764.25,649.5
2024-08-03 02:00:00+00:00,23646,6266.75,635.35
2024-08-03 03:00:00+00:00,23146.5,5878.25,599.025
2024-08-03 04:00:00+00:00,23335.25,5581.5,499.425
2024-08-03 05:00:00+00:00,23463.25,5321.5,986.3
2024-08-03 06:00:00+00:00,24193.25,4904.75,5608.425
2024-08-03 07:00:00+00:00,25286.25,4446,12724.825
2024-08-03 08:00:00+00:00,26347.5,3974.5,16955.475
2024-08-03 09:00:00+00:00,26894.5,3499,18723.25
2024-08-03 10:00:00+00:00,27318.25,3147.75,19423.725
2024-08-03 11:00:00+00:00,27999,3000.25,19761.15
2024-08-03 12:00:00+00:00,28191.25,3045,19620.45
2024-08-03 13:00:00+00:00,27956.5,3224.75,19267.4
2024-08-03 14:00:00+00:00,27825.75,3511.25,18565.3
2024-08-03 15:00:00+00:00,28216.5,3944.5,17778.025
2024-08-03 16:00:00+00:00,28841.25,4559.25,15902.45
2024-08-03 17:00:00+00:00,29288.5,5294.5,11591.25
2024-08-03 18:00:00+00:00,29453.5,6066.25,4765.6
2024-08-03 19:00:00+00:00,29943.5,6756.25,991.125
2024-08-03 20:00:00+00:00,29044.25,7308.75,579.25
2024-08-03 21:00:00+00:00,27345.5,7630.25,569.8
2024-08-03 22:00:00+00:00,25963.5,7731.25,638.775
2024-08-03 23:00:00+00:00,24356,7305.5,636.65
2024-08-04 00:00:00+00:00,23411.5,6760,632.55
2024-08-04 01:00:00+00:00,22527.5,6173.75,621.05
2024-08-04 02:00:00+00:00,21933,5558.75,613.525
2024-08-04 03:00:00+00:00,21585.25,4946.5,548.35
2024-08-04 04:00:00+00:00,21660.75,4356.5,423.4
2024-08-04 05:00:00+00:00,21304,3707.5,879.475
2024-08-04 06:00:00+00:00,21685.25,2873,5465.1
2024-08-04 07:00:00+00:00,22491.5,1998,12863.55
2024-08-04 08:00:00+00:00,23371.25,1389.5,17174.65
2024-08-04 09:00:00+00:00,24186.25,1122,19183.8
2024-08-04 10:00:00+00:00,24791,1069.75,20021.15
2024-08-04 11:00:00+00:00,25657.25,1156.75,20400
2024-08-04 12:00:00+00:00,26358.75,1338.75,20315.6
2024-08-04 13:00:00+00:00,26032.5,1615.25,20003.25
2024-08-04 14:00:00+00:00,25969.5,1926,19349.725
2024-08-04 15:00:00+00:00,26545.5,2278.75,18238.2
2024-08-04 16:00:00+00:00,27443.25,2828.75,16118.2
2024-08-04 17:00:00+00:00,28364.25,3514.5,11871.1
2024-08-04 18:00:00+00:00,29065.75,4173.5,4848.35
2024-08-04 19:00:00+00:00,30005,4700.5,983.525
2024-08-04 20:00:00+00:00,30276.5,5095,623.75
2024-08-04 21:00:00+00:00,28421.25,5201.75,620.725
2024-08-04 22:00:00+00:00,26946.75,5441.25,617.15
2024-08-04 23:00:00+00:00,25236.75,5247,613.125
2024-08-05 00:00:00+00:00,24031.75,4630.25,615.45
2024-08-05 01:00:00+00:00,23376.75,4068.25,615.6
2024-08-05 02:00:00+00:00,23011.5,3486.75,606.05
2024-08-05 03:00:00+00:00,23518.5,2953.75,571.4
2024-08-05 04:00:00+00:00,25580.25,2409.25,501.775
2024-08-05 05:00:00+00:00,27471.75,1950.25,865.475
2024-08-05 06:00:00+00:00,28888.75,1431.5,5310.8
2024-08-05 07:00:00+00:00,30171.75,1002.25,12487.875
2024-08-05 08:00:00+00:00,31064.25,776.75,16823.3
2024-08-05 09:00:00+00:00,31785.75,791.5,18915.95
2024-08-05 10:00:00+00:00,32521,962.75,19778.95
2024-08-05 11:00:00+00:00,33574.25,1277.75,20292.975
2024-08-05 12:00:00+00:00,33800,1830,20194.925
2024-08-05 13:00:00+00:00,33685.5,2363,19853.725
2024-08-05 14:00:00+00:00,33543.25,2810.5,19070
2024-08-05 15:00:00+00:00,33679.75,3417.25,17774.5
2024-08-05 16:00:00+00:00,33805,3924.5,15702.175
2024-08-05 17:00:00+00:00,34040.25,4466.25,11461.925
2024-08-05 18:00:00+00:00,34019,4911.5,4647.4
2024-08-05 19:00:00+00:00,34355,5295.25,962.475
2024-08-05 20:00:00+00:00,33084.5,5730.75,623.675
2024-08-05 21:00:00+00:00,30535,5861,623.225
2024-08-05 22:00:00+00:00,28276.25,5642.75,650.45
2024-08-05 23:00:00+00:00,26574,5531.5,655.225
2024-08-06 00:00:00+00:00,25222.25,4958.75,662.85
2024-08-06 01:00:00+00:00,24385.75,4340.25,665.625
2024-08-06 02:00:00+00:00,23992.75,3910,639.3
2024-08-06 03:00:00+00:00,24140,3398.75,583.725
2024-08-06 04:00:00+00:00,25882.5,2898.5,459.975
2024-08-06 05:00:00+00:00,27574.25,2382.75,926.1
2024-08-06 06:00:00+00:00,28690.5,1783.25,5206.6
2024-08-06 07:00:00+00:00,29814.5,1332,12295.725
2024-08-06 08:00:00+00:00,30528.75,938.25,16711.65
2024-08-06 09:00:00+00:00,31179,794.75,18818.575
2024-08-06 10:00:00+00:00,31876.25,920,19721.025
2024-08-06 11:00:00+00:00,32812.75,1316.25,20208.175
2024-08-06 12:00:00+00:00,33051.25,1738,20146.325
2024-08-06 13:00:00+00:00,32735.5,2236.5,19769.325
2024-08-06 14:00:00+00:00,32629.25,2831.5,19032.825
2024-08-06 15:00:00+00:00,32884,3528,17892.925
2024-08-06 16:00:00+00:00,33137,4377.25,15629.5
2024-08-06 17:00:00+00:00,33413.5,5311,11066.025
2024-08-06 18:00:00+00:00,33418.75,6052.25,4391.65
2024-08-06 19:00:00+00:00,33639.25,6929.25,922.025
2024-08-06 20:00:00+00:00,32354,7490.75,619.075
2024-08-06 21:00:00+00:00,30040.5,7776.25,619.45
2024-08-06 22:00:00+00:00,28517.25,8172.25,626.975
2024-08-06 23:00:00+00:00,26698.5,7826,627.8
2024-08-07 00:00:00+00:00,25425.25,7380.75,628.05
2024-08-07 01:00:00+00:00,24634.5,7160.25,602.1
2024-08-07 02:00:00+00:00,24176.75,6947.25,562.8
2024-08-07 03:00:00+00:00,24353,6662.5,519.3
2024-08-07 04:00:00+00:00,26059.75,6383,433.375
2024-08-07 05:00:00+00:00,27670,6045.5,804.825
2024-08-07 06:00:00+00:00,28816.25,5328,4844.25
2024-08-07 07:00:00+00:00,29974.5,4435.5,11870.925
2024-08-07 08:00:00+00:00,30644,3608.5,16558.15
2024-08-07 09:00:00+00:00,31240.75,3079.75,18749.1
2024-08-07 10:00:00+00:00,32040.5,2770.25,19750.975
2024-08-07 11:00:00+00:00,33010.25,2731.5,20317.7
2024-08-07 12:00:00+00:00,33269,3002.75,20419.675
2024-08-07 13:00:00+00:00,32933.75,3280.75,20061.85
2024-08-07 14:00:00+00:00,32762.25,3696,19446.05
2024-08-07 15:00:00+00:00,32940.75,4431.25,18371.3
2024-08-07 16:00:00+00:00,33234.5,5325,16018.15
2024-08-07 17:00:00+00:00,33623.5,6455.25,11187.7
2024-08-07 18:00:00+00:00,33692.25,7420.75,4294.475
2024-08-07 19:00:00+00:00,34064,8200.25,894.2
2024-08-07 20:00:00+00:00,32672.25,8678.5,620.8
2024-08-07 21:00:00+00:00,30350,8682.75,622.775
2024-08-07 22:00:00+00:00,28475,8381,644.25
2024-08-07 23:00:00+00:00,26756.5,7863,634.925
2024-08-08 00:00:00+00:00,25433,7244.25,626.925
2024-08-08 01:00:00+00:00,24615.75,6728.25,616.225
2024-08-08 02:00:00+00:00,24186.25,6272.75,611.75
2024-08-08 03:00:00+00:00,24320.25,5825.5,591.6
2024-08-08 04:00:00+00:00,26007,5400.25,453.4
2024-08-08 05:00:00+00:00,27620.75,4952.5,814.95
2024-08-08 06:00:00+00:00,28641.25,4246.25,4964.15
2024-08-08 07:00:00+00:00,29617.5,3463,12248.55
2024-08-08 08:00:00+00:00,30400.75,2876.75,16965.525
2024-08-08 09:00:00+00:00,31065.75,2641.75,19083.925
2024-08-08 10:00:00+00:00,31879.5,2602.25,20053.325
2024-08-08 11:00:00+00:00,32735.75,2709,20567.575
2024-08-08 12:00:00+00:00,33053.5,2925,20583.175
2024-08-08 13:00:00+00:00,32743,3289.25,20230.025
2024-08-08 14:00:00+00:00,32726.25,3750.5,19501.475
2024-08-08 15:00:00+00:00,32900,4299.5,18369
2024-08-08 16:00:00+00:00,33160,5064.75,15942.875
2024-08-08 17:00:00+00:00,33422.75,5943.75,10953.15
2024-08-08 18:00:00+00:00,33620.5,6653,4147.575
2024-08-08 19:00:00+00:00,33771.25,7249.25,891.3
2024-08-08 20:00:00+00:00,32658,7621.75,616.6
2024-08-08 21:00:00+00:00,30334.75,7682,612.525
2024-08-08 22:00:00+00:00,28648,7328.5,627.7
2024-08-08 23:00:00+00:00,26873.75,6730.75,627.325
2024-08-09 00:00:00+00:00,25501.5,5805.75,621.45
2024-08-09 01:00:00+00:00,24625.5,4959.5,598.15
2024-08-09 02:00:00+00:00,24184,4439,569.35
2024-08-09 03:00:00+00:00,24316.25,4237.5,479.225
2024-08-09 04:00:00+00:00,25975.75,4169,344.4
2024-08-09 05:00:00+00:00,27599,3908.25,786.125
2024-08-09 06:00:00+00:00,28723,3367,4847.4
2024-08-09 07:00:00+00:00,29885.75,2764.75,12066.125
2024-08-09 08:00:00+00:00,30749.5,2324,17468.875
2024-08-09 09:00:00+00:00,31427.5,2104.25,19638.65
2024-08-09 10:00:00+00:00,32198,2129.25,20670.425
2024-08-09 11:00:00+00:00,32876.25,2327,21218.95
2024-08-09 12:00:00+00:00,33102.5,2652,21198.125
2024-08-09 13:00:00+00:00,32606.5,3061,20824.4
2024-08-09 14:00:00+00:00,32443.5,3510.75,20066.925
2024-08-09 15:00:00+00:00,32509.5,4043.5,18861.875
2024-08-09 16:00:00+00:00,32870.5,4794.5,16371.3
2024-08-09 17:00:00+00:00,32991,5596.5,10930.7
2024-08-09 18:00:00+00:00,32932.25,6816.75,4053.025
2024-08-09 19:00:00+00:00,32974.75,7839.5,828.975
2024-08-09 20:00:00+00:00,31809.25,8518.5,606.3
2024-08-09 21:00:00+00:00,29721.75,8601.25,594.85
2024-08-09 22:00:00+00:00,28209.75,7999.25,632.6
2024-08-09 23:00:00+00:00,26488.75,7370.75,624.925
2024-08-10 00:00:00+00:00,25225.75,6602.5,636.95
2024-08-10 01:00:00+00:00,24182.5,6107.75,575.325
2024-08-10 02:00:00+00:00,23474,5647.75,517.65
2024-08-10 03:00:00+00:00,23048,5278.5,412.5
2024-08-10 04:00:00+00:00,23441,4894.5,330.675
2024-08-10 05:00:00+00:00,23735.75,4544.25,713.725
2024-08-10 06:00:00+00:00,24485.5,4186,4610.35
2024-08-10 07:00:00+00:00,25601,3714,11722.375
2024-08-10 08:00:00+00:00,26648.5,3366.75,16992.625
2024-08-10 09:00:00+00:00,27283,3446.5,18931.05
2024-08-10 10:00:00+00:00,27915.75,3754.5,19828.425
2024-08-10 11:00:00+00:00,28572.75,4140.5,20331.925
2024-08-10 12:00:00+00:00,29067.5,4576.5,20281.2
2024-08-10 13:00:00+00:00,29161,4937,19923.125
2024-08-10 14:00:00+00:00,28980.75,5248.75,19353.5
2024-08-10 15:00:00+00:00,29188.75,5595.5,18386.775
2024-08-10 16:00:00+00:00,29916.25,6035,15901.35
2024-08-10 17:00:00+00:00,30547.5,6619.5,10660.125
2024-08-10 18:00:00+00:00,30906.5,7399.75,3834.95
2024-08-10 19:00:00+00:00,31299,8086.5,784.85
2024-08-10 20:00:00+00:00,30418,8311,597.7
2024-08-10 21:00:00+00:00,28453.25,8288,558.625
2024-08-10 22:00:00+00:00,26959.5,8411.75,581.075
2024-08-10 23:00:00+00:00,25305,8115.5,569.15
2024-08-11 00:00:00+00:00,23946.25,7478,569.075
2024-08-11 01:00:00+00:00,22969,6775.25,571.9
2024-08-11 02:00:00+00:00,22304.25,6089.75,533.875
2024-08-11 03:00:00+00:00,22033.5,5521.25,398.75
2024-08-11 04:00:00+00:00,22072.25,5133.25,283.8
2024-08-11 05:00:00+00:00,21774,4901.25,617.6
2024-08-11 06:00:00+00:00,21929,4577.25,4518.675
2024-08-11 07:00:00+00:00,22759.5,4177.75,11456.3
2024-08-11 08:00:00+00:00,23812.25,4040.25,16439.675
2024-08-11 09:00:00+00:00,24784,4242.25,18182.625
2024-08-11 10:00:00+00:00,25581.25,4729.75,18846.525
2024-08-11 11:00:00+00:00,26408.5,5226.25,19099.325
2024-08-11 12:00:00+00:00,27418.75,5480,18958.225
2024-08-11 13:00:00+00:00,27350.25,5633,18571.625
2024-08-11 14:00:00+00:00,27243.5,5776.75,18257.85
2024-08-11 15:00:00+00:00,27839.25,6089.75,17690.675
2024-08-11 16:00:00+00:00,28672,6672,15719.225
2024-08-11 17:00:00+00:00,29546.25,7254,10602.6
2024-08-11 18:00:00+00:00,30085.5,7461.5,3834.125
2024-08-11 19:00:00+00:00,31069.25,7433.25,754
2024-08-11 20:00:00+00:00,31047.5,7187.25,587.475
2024-08-11 21:00:00+00:00,29164.75,6884,519.65
2024-08-11 22:00:00+00:00,27284.25,6884,603.225
2024-08-11 23:00:00+00:00,25500.5,6708,593.875
2024-08-12 00:00:00+00:00,24169,6190.75,592.875
2024-08-12 01:00:00+00:00,23359,5416.5,585.3
2024-08-12 02:00:00+00:00,22989,4467.75,551.25
2024-08-12 03:00:00+00:00,23306,3716.25,460.675
2024-08-12 04:00:00+00:00,25202.75,3069.75,328.825
2024-08-12 05:00:00+00:00,26902,2508.5,599.425
2024-08-12 06:00:00+00:00,28008.25,1905.5,4318.275
2024-08-12 07:00:00+00:00,29239.75,1384.75,11416.35
2024-08-12 08:00:00+00:00,30151.75,1030.5,17040.05
2024-08-12 09:00:00+00:00,30732,948,19430.45
2024-08-12 10:00:00+00:00,31511,1047.25,20480.925
2024-08-12 11:00:00+00:00,32653.25,1386.75,20980.9
2024-08-12 12:00:00+00:00,33133.5,1889.25,20976.475
2024-08-12 13:00:00+00:00,32862.25,2509.75,20575.15
2024-08-12 14:00:00+00:00,32710.75,3251.75,19984.225
2024-08-12 15:00:00+00:00,32908.25,4051,18847.675
2024-08-12 16:00:00+00:00,32992.25,4934.5,16089.75
2024-08-12 17:00:00+00:00,33288.75,5844.25,10490.25
2024-08-12 18:00:00+00:00,33537.5,6392,3795.65
2024-08-12 19:00:00+00:00,34088,6480,875.1
2024-08-12 20:00:00+00:00,32548.5,6371,704.125
2024-08-12 21:00:00+00:00,30020.5,6038.75,756.825
2024-08-12 22:00:00+00:00,27810,5670,594.375
2024-08-12 23:00:00+00:00,26180.75,5142.25,573.85
2024-08-13 00:00:00+00:00,24845.75,4555.5,568.4
2024-08-13 01:00:00+00:00,24058.25,4099.25,549.125
2024-08-13 02:00:00+00:00,23647.75,3470,521.05
2024-08-13 03:00:00+00:00,23710.5,2900,462.225
2024-08-13 04:00:00+00:00,25173.5,2472.5,397.05
2024-08-13 05:00:00+00:00,26537.25,2196,614.6
2024-08-13 06:00:00+00:00,27459.25,1946,3715.95
2024-08-13 07:00:00+00:00,28518,1719.25,9360.575
2024-08-13 08:00:00+00:00,29221.5,1710.25,14106.05
2024-08-13 09:00:00+00:00,29800,1851.75,16233.225
2024-08-13 10:00:00+00:00,30540,2282.25,17213.175
2024-08-13 11:00:00+00:00,31448,2752.5,17573.25
2024-08-13 12:00:00+00:00,31713.5,3489.75,17381.85
2024-08-13 13:00:00+00:00,31428.5,4183.75,16740.9
2024-08-13 14:00:00+00:00,31241.25,4883,16102.5
2024-08-13 15:00:00+00:00,31491.25,5528,15026.625
2024-08-13 16:00:00+00:00,31788.75,6155.75,12644.7
2024-08-13 17:00:00+00:00,32149.75,6657.5,8206.05
2024-08-13 18:00:00+00:00,32379,6386.25,3218.25
2024-08-13 19:00:00+00:00,32954.5,6331,742.725
2024-08-13 20:00:00+00:00,31319.75,6157.25,529.2
2024-08-13 21:00:00+00:00,29010.25,6014.5,453.6
2024-08-13 22:00:00+00:00,26675.5,5698.75,404.225
2024-08-13 23:00:00+00:00,25330.75,5708,371.575
2024-08-14 00:00:00+00:00,23921.5,5834.25,382.675
2024-08-14 01:00:00+00:00,23241.75,5999.25,329.85
2024-08-14 02:00:00+00:00,22838.25,6129.75,340.25
2024-08-14 03:00:00+00:00,22942.25,6099.5,303.925
2024-08-14 04:00:00+00:00,24307.75,6118.75,226.575
2024-08-14 05:00:00+00:00,25520.25,6222.5,411.975
2024-08-14 06:00:00+00:00,26416,6204.5,3825
2024-08-14 07:00:00+00:00,27441.75,6097.75,10167.375
2024-08-14 08:00:00+00:00,28083,5987.75,15163.65
2024-08-14 09:00:00+00:00,28564,5895,17403.375
2024-08-14 10:00:00+00:00,29079.25,5825,18417.3
2024-08-14 11:00:00+00:00,30156.5,5875.25,19057.875
2024-08-14 12:00:00+00:00,30200.25,6235.25,18958.675
2024-08-14 13:00:00+00:00,29766.75,6805.25,18322
2024-08-14 14:00:00+00:00,29405.75,7425.75,17654.15
2024-08-14 15:00:00+00:00,29536.5,7993.75,16727.85
2024-08-14 16:00:00+00:00,29768,8536.75,14174.6
2024-08-14 17:00:00+00:00,30016,9340.5,9700.2
2024-08-14 18:00:00+00:00,30189.75,9985,3609.725
2024-08-14 19:00:00+00:00,30830.75,10383,811.225
2024-08-14 20:00:00+00:00,29519.75,10473,652.875
2024-08-14 21:00:00+00:00,27546.5,10334.5,660.2
2024-08-14 22:00:00+00:00,25483.5,9453.75,561.5
2024-08-14 23:00:00+00:00,24207,9303.75,536.775
2024-08-15 00:00:00+00:00,22888.5,9061.25,522.775
2024-08-15 01:00:00+00:00,22217.75,8818.75,520.525
2024-08-15 02:00:00+00:00,21572.25,8594.25,422.925
2024-08-15 03:00:00+00:00,21239.5,8389.75,315.85
2024-08-15 04:00:00+00:00,21348,8137.75,242.05
2024-08-15 05:00:00+00:00,21088.5,7811.25,553.325
2024-08-15 06:00:00+00:00,20853,7311.25,4797.75
2024-08-15 07:00:00+00:00,21412.5,6662.25,12263.5
2024-08-15 08:00:00+00:00,22179.5,5875.5,16964.1
2024-08-15 09:00:00+00:00,22763.75,5183,18970.55
2024-08-15 10:00:00+00:00,23243.25,4703.75,19661.675
2024-08-15 11:00:00+00:00,24033,4492,19983.25
2024-08-15 12:00:00+00:00,24607.25,4433,19771.125
2024-08-15 13:00:00+00:00,23901.25,4547.25,19416.625
2024-08-15 14:00:00+00:00,23527.75,4737.25,18709.625
2024-08-15 15:00:00+00:00,23660.25,5083.75,17970.95
2024-08-15 16:00:00+00:00,23994.75,5531,15987.975
2024-08-15 17:00:00+00:00,24576.25,6179.25,11116.65
2024-08-15 18:00:00+00:00,25542.25,6732.5,3954.7
2024-08-15 19:00:00+00:00,27120.75,7381,789.1
2024-08-15 20:00:00+00:00,26805.75,7801.25,684.275
2024-08-15 21:00:00+00:00,25236.75,7800.25,718.325
2024-08-15 22:00:00+00:00,24366.75,7412.25,590.025
2024-08-15 23:00:00+00:00,23014.5,7045,575
2024-08-16 00:00:00+00:00,22043,6750,575.475
2024-08-16 01:00:00+00:00,21398.5,6332,545.05
2024-08-16 02:00:00+00:00,20983.75,6068.75,514.8
2024-08-16 03:00:00+00:00,21163.25,5662.75,397.4
2024-08-16 04:00:00+00:00,22373,5145.25,300.25
2024-08-16 05:00:00+00:00,23487,4760.75,505.525
2024-08-16 06:00:00+00:00,24383,4173.5,4662.25
2024-08-16 07:00:00+00:00,25446.75,3542.75,12365.725
2024-08-16 08:00:00+00:00,26106.75,3003.5,17438.3
2024-08-16 09:00:00+00:00,26532,2712.5,19537.4
2024-08-16 10:00:00+00:00,26919,2581.25,20348.775
2024-08-16 11:00:00+00:00,27990.25,2575.75,20712.8
2024-08-16 12:00:00+00:00,28154.75,2657.25,20661.7
2024-08-16 13:00:00+00:00,27565.75,2890.5,20279.775
2024-08-16 14:00:00+00:00,27480,3239.75,19526.25
2024-08-16 15:00:00+00:00,27742.25,3686.5,18711.8
2024-08-16 16:00:00+00:00,28182.75,4145.75,16393.55
2024-08-16 17:00:00+00:00,28533.5,4751.5,11016.925
2024-08-16 18:00:00+00:00,28968.5,5215.75,3800.625
2024-08-16 19:00:00+00:00,29647.5,5855.25,683.7
2024-08-16 20:00:00+00:00,28367.75,6172,590.55
2024-08-16 21:00:00+00:00,26484.5,6242.5,592.3
2024-08-16 22:00:00+00:00,25316,6236,689.575
2024-08-16 23:00:00+00:00,23801.75,5989.75,682.475
2024-08-17 00:00:00+00:00,22728.75,5679.75,676.925
2024-08-17 01:00:00+00:00,21902.75,5286,654.175
2024-08-17 02:00:00+00:00,21364.75,4903.5,622.7
2024-08-17 03:00:00+00:00,21070,4575.5,583.95
2024-08-17 04:00:00+00:00,21365,4153.75,468.4
2024-08-17 05:00:00+00:00,21592.5,3707.25,592.025
2024-08-17 06:00:00+00:00,22177.75,3162,4403.85
2024-08-17 07:00:00+00:00,23088.25,2458,11660.3
2024-08-17 08:00:00+00:00,24078.75,1871,16888.25
2024-08-17 09:00:00+00:00,24722.25,1650.25,18956.025
2024-08-17 10:00:00+00:00,25144.25,1623,19947.1
2024-08-17 11:00:00+00:00,25775.5,1777,20403.925
2024-08-17 12:00:00+00:00,26122.5,2224.75,20235.525
2024-08-17 13:00:00+00:00,25805.5,2861.25,19805.95
2024-08-17 14:00:00+00:00,25607,3541.25,19141.85
2024-08-17 15:00:00+00:00,25977.5,4257.75,17768.85
2024-08-17 16:00:00+00:00,26666,5003,15278.225
2024-08-17 17:00:00+00:00,27325.75,5696,9804.9
2024-08-17 18:00:00+00:00,27853.75,6429,3220.05
2024-08-17 19:00:00+00:00,28748.75,6784,765.575
2024-08-17 20:00:00+00:00,27647.5,6825.75,624.925
2024-08-17 21:00:00+00:00,25799.5,6669.25,611.575
2024-08-17 22:00:00+00:00,24816,6369.25,622.475
2024-08-17 23:00:00+00:00,23262.5,6087.25,627.45
2024-08-18 00:00:00+00:00,22214.5,5723.75,639.75
2024-08-18 01:00:00+00:00,21376.75,5277.5,639.2
2024-08-18 02:00:00+00:00,20834.75,4819.25,617.375
2024-08-18 03:00:00+00:00,20548.75,4549.5,529.275
2024-08-18 04:00:00+00:00,20616.25,4315.5,420.9
2024-08-18 05:00:00+00:00,20468,4068.5,561.175
2024-08-18 06:00:00+00:00,20532.5,3883.25,4074.925
2024-08-18 07:00:00+00:00,21306.5,3733.75,11062.9
2024-08-18 08:00:00+00:00,22186,3752.25,16089.25
2024-08-18 09:00:00+00:00,22823,3998.75,18554.825
2024-08-18 10:00:00+00:00,23453,4380.5,19709.75
2024-08-18 11:00:00+00:00,24279,4925.25,20366.475
2024-08-18 12:00:00+00:00,24836.25,5609.25,20407.85
2024-08-18 13:00:00+00:00,24596.25,6314.5,19979.325
2024-08-18 14:00:00+00:00,24471.5,7041.75,19092.825
2024-08-18 15:00:00+00:00,24975,7710.5,17867.7
2024-08-18 16:00:00+00:00,25858,8338.5,15461.975
2024-08-18 17:00:00+00:00,26641.5,8909.5,10393.925
2024-08-18 18:00:00+00:00,27416,9580.25,3524.7
2024-08-18 19:00:00+00:00,28776,10278,779.05
2024-08-18 20:00:00+00:00,28393,10627.25,658
2024-08-18 21:00:00+00:00,26617.75,10676.75,661.225
2024-08-18 22:00:00+00:00,25228.75,9855.75,581.75
2024-08-18 23:00:00+00:00,23807,9484.25,570.175
2024-08-19 00:00:00+00:00,22660.5,8994,544.575
2024-08-19 01:00:00+00:00,21999,8549.5,493.175
2024-08-19 02:00:00+00:00,21714.75,7964.75,380.05
2024-08-19 03:00:00+00:00,22075.75,7051.75,291.025
2024-08-19 04:00:00+00:00,23864,6680.75,239.625
2024-08-19 05:00:00+00:00,25644.25,5877.25,373.125
2024-08-19 06:00:00+00:00,26825.5,4874.25,4120.775
2024-08-19 07:00:00+00:00,27949.25,3826.5,11694.425
2024-08-19 08:00:00+00:00,28631,2997.5,17027.825
2024-08-19 09:00:00+00:00,29154.5,2583.5,19286.775
2024-08-19 10:00:00+00:00,29866.75,2354.5,20220.625
2024-08-19 11:00:00+00:00,30950.25,2240,20682.15
2024-08-19 12:00:00+00:00,31207.25,2405,20747.725
2024-08-19 13:00:00+00:00,30806.5,2709.5,20418.025
2024-08-19 14:00:00+00:00,30569.25,3144.75,19768.525
2024-08-19 15:00:00+00:00,30844.25,3523.25,18539.325
2024-08-19 16:00:00+00:00,31060.25,3962.5,15973.375
2024-08-19 17:00:00+00:00,31221,4358.75,10266.5
2024-08-19 18:00:00+00:00,31386.5,4511.5,3258.025
2024-08-19 19:00:00+00:00,32440.5,4791.25,693.575
2024-08-19 20:00:00+00:00,30766.75,5170.75,622.975
2024-08-19 21:00:00+00:00,28498,5394.5,610.75
2024-08-19 22:00:00+00:00,26663.75,6358,604.6
2024-08-19 23:00:00+00:00,25051.5,6151.25,599.5
2024-08-20 00:00:00+00:00,23907.25,5691.25,580
2024-08-20 01:00:00+00:00,23158,5181,574.875
2024-08-20 02:00:00+00:00,22877,4688,559.575
2024-08-20 03:00:00+00:00,23045.25,4276.5,452.25
2024-08-20 04:00:00+00:00,24589.25,3933.75,316.825
2024-08-20 05:00:00+00:00,26068,3537,372.45
2024-08-20 06:00:00+00:00,26951.75,3042,3920.7
2024-08-20 07:00:00+00:00,27929.75,2539,11239.05
2024-08-20 08:00:00+00:00,28466.5,2203,16592.475
2024-08-20 09:00:00+00:00,28935.5,2182.25,19057.4
2024-08-20 10:00:00+00:00,29586,2376,20225.325
2024-08-20 11:00:00+00:00,30333,2729,20905.05
2024-08-20 12:00:00+00:00,30721.5,3248,20516.2
2024-08-20 13:00:00+00:00,30298,3867.25,20009.025
2024-08-20 14:00:00+00:00,30144.5,4627.5,19180.25
2024-08-20 15:00:00+00:00,30524.5,5634.75,17654.675
2024-08-20 16:00:00+00:00,30857,6855.5,14941.6
2024-08-20 17:00:00+00:00,31098.25,8361,9315.3
2024-08-20 18:00:00+00:00,31441.75,9544.75,2978.625
2024-08-20 19:00:00+00:00,32305,10490.5,598.075
2024-08-20 20:00:00+00:00,30585.75,10868.75,530.05
2024-08-20 21:00:00+00:00,28358.5,10800,492.1
2024-08-20 22:00:00+00:00,27130.25,10650.75,503.125
2024-08-20 23:00:00+00:00,25568.75,10558.75,490.5
2024-08-21 00:00:00+00:00,24376.25,10375,477.7
2024-08-21 01:00:00+00:00,23643,10141.75,461.125
2024-08-21 02:00:00+00:00,23356,9910,446.225
2024-08-21 03:00:00+00:00,23530.25,9675.75,340.35
2024-08-21 04:00:00+00:00,25089,9385,261.325
2024-08-21 05:00:00+00:00,26631,9006.25,381.875
2024-08-21 06:00:00+00:00,27511.75,8311.25,3797.25
2024-08-21 07:00:00+00:00,28457.25,7448,10798.45
2024-08-21 08:00:00+00:00,29052.25,6643.25,15903.4
2024-08-21 09:00:00+00:00,29413.75,5977.5,18164.75
2024-08-21 10:00:00+00:00,30111.75,5412.5,19358.375
2024-08-21 11:00:00+00:00,31037.75,4940,19881.975
2024-08-21 12:00:00+00:00,31216.75,4539.75,19377.275
2024-08-21 13:00:00+00:00,30828,4228.75,18726.65
2024-08-21 14:00:00+00:00,30725.75,4138.75,17848.175
2024-08-21 15:00:00+00:00,31066,4221,16058.975
2024-08-21 16:00:00+00:00,31364.5,4391.75,13288.55
2024-08-21 17:00:00+00:00,31625.5,4612.25,7959.275
2024-08-21 18:00:00+00:00,31939.75,4766.75,2745.175
2024-08-21 19:00:00+00:00,32633.5,4925.5,530.8
2024-08-21 20:00:00+00:00,30956.75,4822.25,497.1
2024-08-21 21:00:00+00:00,28576,4404,458.225
2024-08-21 22:00:00+00:00,27218,3605.5,457.175
2024-08-21 23:00:00+00:00,25824.25,2996.25,415.475
2024-08-22 00:00:00+00:00,24465,2444.25,399.3
2024-08-22 01:00:00+00:00,23691.25,2005.5,362.725
2024-08-22 02:00:00+00:00,23451.25,1691.5,319.475
2024-08-22 03:00:00+00:00,23592.5,1505,232.925
2024-08-22 04:00:00+00:00,25122.25,1414,131.925
2024-08-22 05:00:00+00:00,26646.25,1334,235.75
2024-08-22 06:00:00+00:00,27516.5,1152.5,3276.65
2024-08-22 07:00:00+00:00,28533.5,899.25,9992.725
2024-08-22 08:00:00+00:00,29007.25,679.75,15513.675
2024-08-22 09:00:00+00:00,29556.5,634.75,18006.975
2024-08-22 10:00:00+00:00,30242,800,19220.275
2024-08-22 11:00:00+00:00,31264.25,1122.25,19750.2
2024-08-22 12:00:00+00:00,31332,1434.25,19569.2
2024-08-22 13:00:00+00:00,31037,1783.25,18902.175
2024-08-22 14:00:00+00:00,30908,2248.75,17957.675
2024-08-22 15:00:00+00:00,31496.25,2729.25,16558.275
2024-08-22 16:00:00+00:00,31875,3172.5,13961.975
2024-08-22 17:00:00+00:00,32299.5,3602,8507.925
2024-08-22 18:00:00+00:00,32522.75,3784,2687.3
2024-08-22 19:00:00+00:00,33027.5,4298.5,584.525
2024-08-22 20:00:00+00:00,31275,4748.25,537
2024-08-22 21:00:00+00:00,29042,4781.5,510.65
2024-08-22 22:00:00+00:00,27508.75,5081.5,504.7
2024-08-22 23:00:00+00:00,25985.25,4680,474.025
2024-08-23 00:00:00+00:00,24655,4101.5,438.775
2024-08-23 01:00:00+00:00,23851.25,3538.25,399.6
2024-08-23 02:00:00+00:00,23532.5,3079,362.05
2024-08-23 03:00:00+00:00,23605.5,2707.75,277.225
2024-08-23 04:00:00+00:00,25061,2282.25,240.7
2024-08-23 05:00:00+00:00,26443.25,1922.75,246.075
2024-08-23 06:00:00+00:00,27234,1527.25,3422.475
2024-08-23 07:00:00+00:00,28321.75,1107,10380.425
2024-08-23 08:00:00+00:00,28927.75,843.5,16227.475
2024-08-23 09:00:00+00:00,29389.25,735,18828.825
2024-08-23 10:00:00+00:00,29928,751.25,20045.575
2024-08-23 11:00:00+00:00,30803.75,1010.75,20580.7
2024-08-23 12:00:00+00:00,31065,1502,20009.525
2024-08-23 13:00:00+00:00,30536,2129.5,19350.575
2024-08-23 14:00:00+00:00,30381.75,2736.75,18352.725
2024-08-23 15:00:00+00:00,30706.5,3244,17062.875
2024-08-23 16:00:00+00:00,31065.25,3683.75,14066.9
2024-08-23 17:00:00+00:00,31224,4191.75,8595.8
2024-08-23 18:00:00+00:00,31428,4697.5,2758.125
2024-08-23 19:00:00+00:00,31944.5,5206.75,619.475
2024-08-23 20:00:00+00:00,30363.25,5649.5,564.7
2024-08-23 21:00:00+00:00,28421,5862,541.15
2024-08-23 22:00:00+00:00,26999.5,5883.5,534.15
2024-08-23 23:00:00+00:00,25570.75,6485.5,504.3
2024-08-24 00:00:00+00:00,24358.75,6641.25,484.925
2024-08-24 01:00:00+00:00,23438.25,6880.5,447.8
2024-08-24 02:00:00+00:00,22831,7039.5,413.4
2024-08-24 03:00:00+00:00,22428.5,6873.75,362.025
2024-08-24 04:00:00+00:00,22738.75,6963.25,251.1
2024-08-24 05:00:00+00:00,23213.75,6837.25,287.375
2024-08-24 06:00:00+00:00,23612.5,6309.5,3559.875
2024-08-24 07:00:00+00:00,24572.75,5664.75,10561.7
2024-08-24 08:00:00+00:00,25641.5,5123.25,16179.3
2024-08-24 09:00:00+00:00,26142.75,5015.25,18673.975
2024-08-24 10:00:00+00:00,26716.5,5231.75,19907.775
2024-08-24 11:00:00+00:00,27455.75,5510,20642.275
2024-08-24 12:00:00+00:00,28006,5529.5,20453.9
2024-08-24 13:00:00+00:00,27805.25,5514.25,19922.125
2024-08-24 14:00:00+00:00,27636.5,5614.5,18785.25
2024-08-24 15:00:00+00:00,27911.75,6002.25,17451.025
2024-08-24 16:00:00+00:00,28621.25,6718.25,14384.8
2024-08-24 17:00:00+00:00,29172.25,7814.75,8832.975
2024-08-24 18:00:00+00:00,29602,8888.5,2676.625
2024-08-24 19:00:00+00:00,30451.75,9711.5,566.475
2024-08-24 20:00:00+00:00,29061,10205.25,557.35
2024-08-24 21:00:00+00:00,27174.5,10190.5,534.8
2024-08-24 22:00:00+00:00,25794,10137.5,517.575
2024-08-24 23:00:00+00:00,24410.5,9841,482.55
2024-08-25 00:00:00+00:00,23157,9783.25,468.4
2024-08-25 01:00:00+00:00,22359.75,9710.25,465.525
2024-08-25 02:00:00+00:00,21778.5,9582.25,410.2
2024-08-25 03:00:00+00:00,21489.5,9447.75,350.075
2024-08-25 04:00:00+00:00,21546,9411.25,259.6
2024-08-25 05:00:00+00:00,21588.5,9285,318.85
2024-08-25 06:00:00+00:00,21698.5,8988.25,2577.975
2024-08-25 07:00:00+00:00,22377.25,8641.5,8335.275
2024-08-25 08:00:00+00:00,23184,7932.25,13478.625
2024-08-25 09:00:00+00:00,23809.5,7226.75,15930.6
2024-08-25 10:00:00+00:00,24512.5,6650.75,16991.65
2024-08-25 11:00:00+00:00,25518.5,6234.75,17596.35
2024-08-25 12:00:00+00:00,25982.75,6016.5,17662.675
2024-08-25 13:00:00+00:00,25669,6129.25,17131.45
2024-08-25 14:00:00+00:00,25482.5,6683.5,16123.15
2024-08-25 15:00:00+00:00,25993.5,7564.25,14915.375
2024-08-25 16:00:00+00:00,26744.25,8498.75,12679
2024-08-25 17:00:00+00:00,27514.75,9487.5,7612.025
2024-08-25 18:00:00+00:00,28311,10262.25,2329.575
2024-08-25 19:00:00+00:00,29653,10880.5,616.05
2024-08-25 20:00:00+00:00,29136.5,11173,547.9
2024-08-25 21:00:00+00:00,27355.25,11208,533.9
2024-08-25 22:00:00+00:00,25909,10243,541.7
2024-08-25 23:00:00+00:00,24526.5,9580.5,504.975
2024-08-26 00:00:00+00:00,23315.5,8959,485.7
2024-08-26 01:00:00+00:00,22699.75,8457.5,459.775
2024-08-26 02:00:00+00:00,22492.5,7946,422.35
2024-08-26 03:00:00+00:00,22942.25,7524.25,381.65
2024-08-26 04:00:00+00:00,25123.75,7214.25,311.65
2024-08-26 05:00:00+00:00,27221.75,6861,307.35
2024-08-26 06:00:00+00:00,28410,6189.25,3066.1
2024-08-26 07:00:00+00:00,29705,5499,9461.875
2024-08-26 08:00:00+00:00,30119.75,4775.75,14907
2024-08-26 09:00:00+00:00,30353.75,4158.75,17592.4
2024-08-26 10:00:00+00:00,30905.75,3655.75,18817.4
2024-08-26 11:00:00+00:00,31908.25,3245.75,19410.275
2024-08-26 12:00:00+00:00,32098,2929.25,19393.5
2024-08-26 13:00:00+00:00,31713.75,2782.25,18946.475
2024-08-26 14:00:00+00:00,31622.75,2846.5,18129.9
2024-08-26 15:00:00+00:00,31988,3117.5,16550.975
2024-08-26 16:00:00+00:00,32125.75,3456.5,13442.25
2024-08-26 17:00:00+00:00,32351,3835.25,7792.075
2024-08-26 18:00:00+00:00,32649.25,4332.5,2230.625
2024-08-26 19:00:00+00:00,33411,4895.25,678.9
2024-08-26 20:00:00+00:00,31375,5209,694.1
2024-08-26 21:00:00+00:00,29049.25,5061.5,682.525
2024-08-26 22:00:00+00:00,27240,4420.5,419.15
2024-08-26 23:00:00+00:00,25694.25,3927.5,387.875
2024-08-27 00:00:00+00:00,24629.25,3341,367.875
2024-08-27 01:00:00+00:00,23921,2865.75,349.175
2024-08-27 02:00:00+00:00,23694.75,2507.25,317.5
2024-08-27 03:00:00+00:00,23934.25,2249,287.325
2024-08-27 04:00:00+00:00,25775,2073.5,214.975
2024-08-27 05:00:00+00:00,27683.25,1934,247.55
2024-08-27 06:00:00+00:00,28711.75,1615,3108.75
2024-08-27 07:00:00+00:00,29879.75,1439,9821.475
2024-08-27 08:00:00+00:00,30391,1121.25,15525.5
2024-08-27 09:00:00+00:00,30826.5,1102.75,18298.525
2024-08-27 10:00:00+00:00,31545.5,1219.25,19495.125
2024-08-27 11:00:00+00:00,32367.25,1435.5,20032.4
2024-08-27 12:00:00+00:00,32602.5,1642.25,19969.025
2024-08-27 13:00:00+00:00,32243.75,1871.75,19523.625
2024-08-27 14:00:00+00:00,32189.75,2105.75,18701.225
2024-08-27 15:00:00+00:00,32543.25,2355.25,17168.95
2024-08-27 16:00:00+00:00,32729,2667,13949.65
2024-08-27 17:00:00+00:00,32910.25,2996.75,8028.525
2024-08-27 18:00:00+00:00,33191.25,3279.25,2378.7
2024-08-27 19:00:00+00:00,33818.5,3583.5,764.85
2024-08-27 20:00:00+00:00,31699.75,3964.25,710.9
2024-08-27 21:00:00+00:00,29350.75,3923.75,667.05
2024-08-27 22:00:00+00:00,28051,3672.25,506.65
2024-08-27 23:00:00+00:00,27107.5,3565.5,457.225
2024-08-28 00:00:00+00:00,25723,3390.5,439.325
2024-08-28 01:00:00+00:00,24845,3144.75,419.55
2024-08-28 02:00:00+00:00,24387.75,2835,380.675
2024-08-28 03:00:00+00:00,24532.25,2558.75,323.475
2024-08-28 04:00:00+00:00,26119.5,2361.25,252.525
2024-08-28 05:00:00+00:00,28070.25,2207.25,300.625
2024-08-28 06:00:00+00:00,29227,1426,2999.9
2024-08-28 07:00:00+00:00,30294.75,1414.5,9705.825
2024-08-28 08:00:00+00:00,30745.5,1800.75,15251.575
2024-08-28 09:00:00+00:00,31470.75,2097.75,17963.15
2024-08-28 10:00:00+00:00,32059,2633.5,19377.025
2024-08-28 11:00:00+00:00,32821.25,3326,19813.525
2024-08-28 12:00:00+00:00,33128.25,3946.75,19832.95
2024-08-28 13:00:00+00:00,32885.25,4461,19423.65
2024-08-28 14:00:00+00:00,32770.25,4962,18039.925
2024-08-28 15:00:00+00:00,33010,5568.5,15878.45
2024-08-28 16:00:00+00:00,33173,6299.25,12338.725
2024-08-28 17:00:00+00:00,33192.5,7059,7177.875
2024-08-28 18:00:00+00:00,33447,7566,1914.925
2024-08-28 19:00:00+00:00,33951.25,7252.25,575.6
2024-08-28 20:00:00+00:00,32430.75,7925,515.95
2024-08-28 21:00:00+00:00,30083,7908,483.425
2024-08-28 22:00:00+00:00,28033.25,7710.25,376.15
2024-08-28 23:00:00+00:00,26577.5,7273.25,310.875
2024-08-29 00:00:00+00:00,25432,6743.75,276.025
2024-08-29 01:00:00+00:00,24723.25,6293.75,230.55
2024-08-29 02:00:00+00:00,24416.75,5942.25,171.5
2024-08-29 03:00:00+00:00,24659.5,5700.75,121.4
2024-08-29 04:00:00+00:00,26434.5,5513.25,77.175
2024-08-29 05:00:00+00:00,28283,5266,153.475
2024-08-29 06:00:00+00:00,29345.25,4143.5,1396.15
2024-08-29 07:00:00+00:00,30548.75,3785.5,5035.2
2024-08-29 08:00:00+00:00,31091,4113.25,8812.075
2024-08-29 09:00:00+00:00,31497.75,3995.75,11496.875
2024-08-29 10:00:00+00:00,32005.25,3912.25,12862.3
2024-08-29 11:00:00+00:00,32828.75,3881.25,13466.65
2024-08-29 12:00:00+00:00,32886.5,4026.75,14190
2024-08-29 13:00:00+00:00,32379.25,4447.5,13793.4
2024-08-29 14:00:00+00:00,32237.75,4935.75,12956.3
2024-08-29 15:00:00+00:00,32600.25,5351,12199.25
2024-08-29 16:00:00+00:00,32870.5,5613,9458.95
2024-08-29 17:00:00+00:00,32898.5,5710,5201.575
2024-08-29 18:00:00+00:00,33249.5,5682.75,1467.75
2024-08-29 19:00:00+00:00,33694,5338.25,366.825
2024-08-29 20:00:00+00:00,31394.75,6290,261.55
2024-08-29 21:00:00+00:00,29102.5,6112.5,216.75
2024-08-29 22:00:00+00:00,27685,6153.25,261.775
2024-08-29 23:00:00+00:00,26400.25,5965.75,250.475
2024-08-30 00:00:00+00:00,25138.5,5739.75,233.4
2024-08-30 01:00:00+00:00,24364.75,5433.75,164.85
2024-08-30 02:00:00+00:00,24032.5,5104.75,99.175
2024-08-30 03:00:00+00:00,24266.25,4824,86.525
2024-08-30 04:00:00+00:00,26090.5,4606,103.025
2024-08-30 05:00:00+00:00,27998.5,4409.5,201.775
2024-08-30 06:00:00+00:00,29004,4073.75,2282.625
2024-08-30 07:00:00+00:00,30087,3746.75,7761.425
2024-08-30 08:00:00+00:00,30672.25,3527.25,13000.475
2024-08-30 09:00:00+00:00,30912.25,3486,15562.6
2024-08-30 10:00:00+00:00,31278.75,3551,16853.725
2024-08-30 11:00:00+00:00,31822.5,3719.5,17691.55
2024-08-30 12:00:00+00:00,31801.75,3874.5,17503.875
2024-08-30 13:00:00+00:00,31109.5,4062.75,17095.95
2024-08-30 14:00:00+00:00,30810.75,4319.75,15741.8
2024-08-30 15:00:00+00:00,30941.75,4727.25,13091.725
2024-08-30 16:00:00+00:00,31203.75,5189,10444.175
2024-08-30 17:00:00+00:00,31405.5,5584.5,5322.15
2024-08-30 18:00:00+00:00,31702,5790.25,1812.05
2024-08-30 19:00:00+00:00,32176.75,6069,454.425
2024-08-30 20:00:00+00:00,30297,6204.75,396.15
2024-08-30 21:00:00+00:00,28217.25,6073.75,400.3
2024-08-30 22:00:00+00:00,26716.5,6132.25,266.525
2024-08-30 23:00:00+00:00,25414,5797.75,202
2024-08-31 00:00:00+00:00,24200.25,5493.25,119.4
2024-08-31 01:00:00+00:00,23359.25,5266.5,103.5
2024-08-31 02:00:00+00:00,22883.75,4977.75,86.125
2024-08-31 03:00:00+00:00,22580,4625,51.575
2024-08-31 04:00:00+00:00,23015.75,4334.25,39.95
2024-08-31 05:00:00+00:00,23626.75,4041.25,212.175
2024-08-31 06:00:00+00:00,24195,3653.5,2166.85
2024-08-31 07:00:00+00:00,25262.75,3308.75,7250.925
2024-08-31 08:00:00+00:00,26298.5,3265.25,11814.3
2024-08-31 09:00:00+00:00,26829.75,3466.25,13824.45
2024-08-31 10:00:00+00:00,27283.25,3669.75,15160.05
2024-08-31 11:00:00+00:00,27841.25,3920.75,15622.3
2024-08-31 12:00:00+00:00,28011,4321.5,15583.45
2024-08-31 13:00:00+00:00,27724.25,4711.25,15177.05
2024-08-31 14:00:00+00:00,27540,5083,13926.5
2024-08-31 15:00:00+00:00,27742.25,5281,12285.5
2024-08-31 16:00:00+00:00,28303.75,5298.25,9525.25
2024-08-31 17:00:00+00:00,28642,5350.75,5130.6
2024-08-31 18:00:00+00:00,29279,5230.75,1256.1
2024-08-31 19:00:00+00:00,30211,4914.5,309.325
2024-08-31 20:00:00+00:00,28473,4436.5,247.8
2024-08-31 21:00:00+00:00,26615.25,3734.75,188.575
2024-08-31 22:00:00+00:00,24733,3219.5,156.875
2024-08-31 23:00:00+00:00,23546.5,2807,126.225
2024-09-01 00:00:00+00:00,22428.5,2438.5,88.725
2024-09-01 01:00:00+00:00,21748.5,2111,60.85
2024-09-01 02:00:00+00:00,21253,1797.5,64.725
2024-09-01 03:00:00+00:00,21095.75,1525,48.275
2024-09-01 04:00:00+00:00,21360.25,1341.5,24.8
2024-09-01 05:00:00+00:00,21493.25,1226.5,171.3
2024-09-01 06:00:00+00:00,21547.75,1037,2004.525
2024-09-01 07:00:00+00:00,22264.75,772.5,6893.025
2024-09-01 08:00:00+00:00,22960.25,561.5,11789.275
2024-09-01 09:00:00+00:00,23548.75,464.25,14615.05
2024-09-01 10:00:00+00:00,24269,517,16077.35
2024-09-01 11:00:00+00:00,25053,743.5,16736.15
2024-09-01 12:00:00+00:00,25413,1061.75,16887.5
2024-09-01 13:00:00+00:00,25135,1332,16547.2
2024-09-01 14:00:00+00:00,25012.25,1642,15730.3
2024-09-01 15:00:00+00:00,25506.75,1978.25,14476.225
2024-09-01 16:00:00+00:00,26275.25,2308.75,12304.15
2024-09-01 17:00:00+00:00,26784.25,2574.75,6884.5
2024-09-01 18:00:00+00:00,27827.75,2732.75,1844.975
2024-09-01 19:00:00+00:00,29336.25,3013.75,529.225
2024-09-01 20:00:00+00:00,28188.75,3364.5,493.575
2024-09-01 21:00:00+00:00,26366,3539.75,480.75
2024-09-01 22:00:00+00:00,25316.75,3123,431.7
2024-09-01 23:00:00+00:00,23926.5,3088.75,408.325
2024-09-02 00:00:00+00:00,22971.25,2977,409.3
2024-09-02 01:00:00+00:00,22475.25,2785.75,364.55
2024-09-02 02:00:00+00:00,22439.5,2594.75,327.175
2024-09-02 03:00:00+00:00,22998.25,2489,281.275
2024-09-02 04:00:00+00:00,25504.5,2472,212.325
2024-09-02 05:00:00+00:00,28293.5,2534.5,220.525
2024-09-02 06:00:00+00:00,29380.25,2417.5,2513.475
2024-09-02 07:00:00+00:00,30605.5,2143.5,8331.275
2024-09-02 08:00:00+00:00,31020.75,1936.5,13482
2024-09-02 09:00:00+00:00,30600.75,1853,16245.825
2024-09-02 10:00:00+00:00,30667.5,1840.25,17527.775
2024-09-02 11:00:00+00:00,31331,1948.75,18218.75
2024-09-02 12:00:00+00:00,32133.5,2210.25,18201.925
2024-09-02 13:00:00+00:00,31901,2706,17595.1
2024-09-02 14:00:00+00:00,31954,3448.75,16434.35
2024-09-02 15:00:00+00:00,32453.5,4348.25,14703.75
2024-09-02 16:00:00+00:00,32722,5270.5,11874.575
2024-09-02 17:00:00+00:00,32524,5950.75,6501.525
2024-09-02 18:00:00+00:00,32865.75,6442.5,1758.625
2024-09-02 19:00:00+00:00,33426.25,6743.75,643.75
2024-09-02 20:00:00+00:00,31088.5,6775.75,586.8
2024-09-02 21:00:00+00:00,28678.5,6548.75,565.725
2024-09-02 22:00:00+00:00,26686.25,5891,532.475
2024-09-02 23:00:00+00:00,25418.25,5958.5,499.075
2024-09-03 00:00:00+00:00,24394.75,5620.25,465.25
2024-09-03 01:00:00+00:00,23887.5,5419.5,410.05
2024-09-03 02:00:00+00:00,23678.25,5467.5,352.825
2024-09-03 03:00:00+00:00,24016.25,5551.75,290.6
2024-09-03 04:00:00+00:00,25913.5,5172.5,242.125
2024-09-03 05:00:00+00:00,28258.75,5448.75,299.7
2024-09-03 06:00:00+00:00,29458,5209.25,2023.95
2024-09-03 07:00:00+00:00,30216.25,4952,7570.775
2024-09-03 08:00:00+00:00,30478,4830.25,13070.925
2024-09-03 09:00:00+00:00,30598.5,4751.5,15747.55
2024-09-03 10:00:00+00:00,31007.75,4672.75,16986.25
2024-09-03 11:00:00+00:00,31646.25,4656,17605.75
2024-09-03 12:00:00+00:00,31677,4838.25,17971.425
2024-09-03 13:00:00+00:00,31302.5,5203.5,17637.725
2024-09-03 14:00:00+00:00,31275,5793.75,16594.975
2024-09-03 15:00:00+00:00,31721.25,6452.5,15393.475
2024-09-03 16:00:00+00:00,31807.75,7184.5,12706.55
2024-09-03 17:00:00+00:00,31669.5,7856.5,6837.275
2024-09-03 18:00:00+00:00,32443,8230.75,1845.375
2024-09-03 19:00:00+00:00,32858.25,8455.25,693.775
2024-09-03 20:00:00+00:00,30188.75,8478.75,635.1
2024-09-03 21:00:00+00:00,27910.5,8337.5,603.55
2024-09-03 22:00:00+00:00,26572.5,8088.75,586.7
2024-09-03 23:00:00+00:00,25473.5,7584.25,548.95
2024-09-04 00:00:00+00:00,24315.25,7218.75,515.1
2024-09-04 01:00:00+00:00,23723.5,6795,472.225
2024-09-04 02:00:00+00:00,23499.75,6568.5,425.825
2024-09-04 03:00:00+00:00,23858,6587.25,363.95
2024-09-04 04:00:00+00:00,25857.75,6648.25,309.6
2024-09-04 05:00:00+00:00,28266.25,6813,357.275
2024-09-04 06:00:00+00:00,29421.25,6682.25,1905.275
2024-09-04 07:00:00+00:00,30234.75,6524.75,7553.6
2024-09-04 08:00:00+00:00,30538.25,6492.5,12695.725
2024-09-04 09:00:00+00:00,30663.5,6585.75,15622.65
2024-09-04 10:00:00+00:00,30951,6746.25,16963.775
2024-09-04 11:00:00+00:00,31339.75,6947.25,17709.375
2024-09-04 12:00:00+00:00,31094.75,7147,18214.7
2024-09-04 13:00:00+00:00,30584.5,7382.25,17947.775
2024-09-04 14:00:00+00:00,30459,7733,17090.75
2024-09-04 15:00:00+00:00,30727.5,7933.75,16103.375
2024-09-04 16:00:00+00:00,30867.25,8260.75,12835.525
2024-09-04 17:00:00+00:00,30976.75,8492.5,6847.05
2024-09-04 18:00:00+00:00,31982.75,9180,1795.5
2024-09-04 19:00:00+00:00,32395.5,9371.5,646.5
2024-09-04 20:00:00+00:00,29856.5,9438.25,567.4
2024-09-04 21:00:00+00:00,27637.75,9233.25,550.25
2024-09-04 22:00:00+00:00,25118.25,8270,509.5
2024-09-04 23:00:00+00:00,24097.75,7997,476.2
2024-09-05 00:00:00+00:00,23018.25,7590.25,439.225
2024-09-05 01:00:00+00:00,22592.75,7124.25,424.65
2024-09-05 02:00:00+00:00,22455.75,6691.25,350.1
2024-09-05 03:00:00+00:00,22840.75,6265.75,225.9
2024-09-05 04:00:00+00:00,24995.5,5792.75,176.625
2024-09-05 05:00:00+00:00,27346,5295.75,248.45
2024-09-05 06:00:00+00:00,28460.25,4745.5,2004.525
2024-09-05 07:00:00+00:00,29439,4108,8453
2024-09-05 08:00:00+00:00,29574.25,3597.5,14082.95
2024-09-05 09:00:00+00:00,29474.5,3151.5,17099.8
2024-09-05 10:00:00+00:00,29485.5,2778.25,18137.725
2024-09-05 11:00:00+00:00,30148.25,2543.25,18489.75
2024-09-05 12:00:00+00:00,29486,2474.25,18554.075
2024-09-05 13:00:00+00:00,28925.25,2525.5,17794
2024-09-05 14:00:00+00:00,28865.5,2761,16399.275
2024-09-05 15:00:00+00:00,29193.25,3067.25,14508.65
2024-09-05 16:00:00+00:00,29537.5,3424.5,10980.9
2024-09-05 17:00:00+00:00,29829.25,3883.25,5099.425
2024-09-05 18:00:00+00:00,30916.75,4448,1376.875
2024-09-05 19:00:00+00:00,31300,4859.75,568.35
2024-09-05 20:00:00+00:00,28709.75,5247.25,520.1
2024-09-05 21:00:00+00:00,26506,5591.5,499.975
2024-09-05 22:00:00+00:00,25056,5741,417.5
2024-09-05 23:00:00+00:00,23787,5851.75,396.175
2024-09-06 00:00:00+00:00,22890.75,6129.75,357.35
2024-09-06 01:00:00+00:00,22473,6192,320.25
2024-09-06 02:00:00+00:00,22318,6241.5,301.25
2024-09-06 03:00:00+00:00,22713.75,6151.5,244.725
2024-09-06 04:00:00+00:00,24756.75,6105.75,227.55
2024-09-06 05:00:00+00:00,27217.75,5822.75,266.95
2024-09-06 06:00:00+00:00,28107.75,5460.25,2390.2
2024-09-06 07:00:00+00:00,28874.75,5134.25,8646.55
2024-09-06 08:00:00+00:00,29027,5002,14524.3
2024-09-06 09:00:00+00:00,29161.5,5084,17267.525
2024-09-06 10:00:00+00:00,29304,5164.75,18246.875
2024-09-06 11:00:00+00:00,29501.25,5874.5,18966.075
2024-09-06 12:00:00+00:00,29163.25,6278,19261.175
2024-09-06 13:00:00+00:00,28524.75,6921,18850.975
2024-09-06 14:00:00+00:00,28602.75,7448,17794.125
2024-09-06 15:00:00+00:00,28956,7658.5,16695.375
2024-09-06 16:00:00+00:00,29370.25,7515,13993.625
2024-09-06 17:00:00+00:00,29641.75,7096.5,7344.25
2024-09-06 18:00:00+00:00,30422.75,6607,1677.125
2024-09-06 19:00:00+00:00,30590.75,6290.5,628.275
2024-09-06 20:00:00+00:00,28139.25,6104.75,580.775
2024-09-06 21:00:00+00:00,26109.75,6034.75,564.775
2024-09-06 22:00:00+00:00,24747.5,5081.5,540.375
2024-09-06 23:00:00+00:00,23612,4879.75,491.575
2024-09-07 00:00:00+00:00,22627.25,4724.5,454.975
2024-09-07 01:00:00+00:00,21946.5,4687.5,401.65
2024-09-07 02:00:00+00:00,21563.25,4671.5,360.3
2024-09-07 03:00:00+00:00,21326.75,4694.25,270.75
2024-09-07 04:00:00+00:00,21763.5,4784.75,227.05
2024-09-07 05:00:00+00:00,22512.75,4899.25,221.075
2024-09-07 06:00:00+00:00,23223.5,4777.5,2292.675
2024-09-07 07:00:00+00:00,24492.25,4375.75,9211.15
2024-09-07 08:00:00+00:00,25368.5,4019.25,15877.4
2024-09-07 09:00:00+00:00,25554.75,3959,18517.95
2024-09-07 10:00:00+00:00,25573,4098,19154.8
2024-09-07 11:00:00+00:00,25935.5,4271.25,19614.275
2024-09-07 12:00:00+00:00,25745,4381.25,19187.15
2024-09-07 13:00:00+00:00,24892,4278.75,18736.85
2024-09-07 14:00:00+00:00,24454.75,4229.75,17711.95
2024-09-07 15:00:00+00:00,24887.5,4040,14865.1
2024-09-07 16:00:00+00:00,25516.25,3686.5,11061.225
2024-09-07 17:00:00+00:00,26258.5,3332.25,5168.85
2024-09-07 18:00:00+00:00,27553.75,3005.25,928.275
2024-09-07 19:00:00+00:00,28157.5,2683,387.575
2024-09-07 20:00:00+00:00,26442.5,2446.75,349.6
2024-09-07 21:00:00+00:00,24644.75,2271.25,323.225
2024-09-07 22:00:00+00:00,22944,2008,158.6
2024-09-07 23:00:00+00:00,22007.25,2099.75,168.275
2024-09-08 00:00:00+00:00,20698.25,2109.25,174.6
2024-09-08 01:00:00+00:00,20087,2160.75,155.175
2024-09-08 02:00:00+00:00,19758.75,2115.75,153.925
2024-09-08 03:00:00+00:00,19630,2173.25,130.4
2024-09-08 04:00:00+00:00,19954,2310,82.825
2024-09-08 05:00:00+00:00,20218.5,2469.75,83.325
2024-09-08 06:00:00+00:00,20347.25,2524.25,2118.85
2024-09-08 07:00:00+00:00,21193.25,2399.5,7859.45
2024-09-08 08:00:00+00:00,21958.5,2229,13270.8
2024-09-08 09:00:00+00:00,22274.5,2396,15973.275
2024-09-08 10:00:00+00:00,22453.75,2864.25,17320.625
2024-09-08 11:00:00+00:00,23303,3543.75,18141.275
2024-09-08 12:00:00+00:00,23616,4433.25,18416.9
2024-09-08 13:00:00+00:00,22863,5190,18300.325
2024-09-08 14:00:00+00:00,22684.5,6051,17974.425
2024-09-08 15:00:00+00:00,23160.75,6554.25,17060.2
2024-09-08 16:00:00+00:00,24027.5,6896.5,13953.125
2024-09-08 17:00:00+00:00,24808.5,7012,7117.175
2024-09-08 18:00:00+00:00,26187.5,6927.5,1554.275
2024-09-08 19:00:00+00:00,27509.75,6864.25,625.9
2024-09-08 20:00:00+00:00,26360.75,6693.5,593.15
2024-09-08 21:00:00+00:00,24612,6641.5,586.55
2024-09-08 22:00:00+00:00,22855.5,7061.25,490.4
2024-09-08 23:00:00+00:00,21765.25,6751.25,472.95
2024-09-09 00:00:00+00:00,20998,6378.75,435.225
2024-09-09 01:00:00+00:00,20666,6002,404.875
2024-09-09 02:00:00+00:00,20770,5631.25,294.475
2024-09-09 03:00:00+00:00,21149.75,5300.75,215.85
2024-09-09 04:00:00+00:00,23603.25,5055,144.825
2024-09-09 05:00:00+00:00,26190.5,4866.75,84.725
2024-09-09 06:00:00+00:00,27234.5,4701.75,2738.325
2024-09-09 07:00:00+00:00,27772.75,4459.5,9770.95
2024-09-09 08:00:00+00:00,28039.5,4328.5,16444.875
2024-09-09 09:00:00+00:00,28093.25,4156,19374.35
2024-09-09 10:00:00+00:00,28221.5,4291.25,20183.675
2024-09-09 11:00:00+00:00,28487.75,4455.75,20459.575
2024-09-09 12:00:00+00:00,28203.75,4659.75,20506.25
2024-09-09 13:00:00+00:00,27637.75,4764,20085.7
2024-09-09 14:00:00+00:00,27713.5,4933,19357.5
2024-09-09 15:00:00+00:00,28270,5029.5,17965.975
2024-09-09 16:00:00+00:00,28724.75,5344,14254.5
2024-09-09 17:00:00+00:00,29214.75,5827.25,7066.325
2024-09-09 18:00:00+00:00,30366,6428.5,1454.575
2024-09-09 19:00:00+00:00,31043.75,6980,598.625
2024-09-09 20:00:00+00:00,28362.75,7372.5,585.725
2024-09-09 21:00:00+00:00,26168.25,7588.75,577.575
2024-09-09 22:00:00+00:00,24506.5,7363,592.575
2024-09-09 23:00:00+00:00,23358,7266,579.6
2024-09-10 00:00:00+00:00,22562.25,7176.5,522.45
2024-09-10 01:00:00+00:00,22271.25,7115,465.275
2024-09-10 02:00:00+00:00,21992.75,7031,392.9
2024-09-10 03:00:00+00:00,22493.75,6878.25,299.6
2024-09-10 04:00:00+00:00,24741.5,6687.75,180.25
2024-09-10 05:00:00+00:00,27623.75,6431.5,100.375
2024-09-10 06:00:00+00:00,28815.5,6138.25,2919.725
2024-09-10 07:00:00+00:00,29082.5,5735.25,9844.575
2024-09-10 08:00:00+00:00,29077.5,5306.25,16325.825
2024-09-10 09:00:00+00:00,29192.5,5069.75,19187.025
2024-09-10 10:00:00+00:00,29325.75,4970.5,20256.575
2024-09-10 11:00:00+00:00,29604,4960.25,20605.95
2024-09-10 12:00:00+00:00,29145.5,5105.5,20689.075
2024-09-10 13:00:00+00:00,28578.25,5292.5,20197.775
2024-09-10 14:00:00+00:00,28602.75,5601.25,19363.525
2024-09-10 15:00:00+00:00,29207,5987.5,17901.875
2024-09-10 16:00:00+00:00,29646.25,6438.5,14376.75
2024-09-10 17:00:00+00:00,30091.75,7092.25,7207.75
2024-09-10 18:00:00+00:00,31243.25,7990.25,1423.125
2024-09-10 19:00:00+00:00,31404,8431,601.625
2024-09-10 20:00:00+00:00,28711.5,8682.75,599.475
2024-09-10 21:00:00+00:00,26337.5,8721.25,605.575
2024-09-10 22:00:00+00:00,25101,8698.75,570.95
2024-09-10 23:00:00+00:00,23994.5,8442.5,550.2
2024-09-11 00:00:00+00:00,23112.75,8114.25,487.25
2024-09-11 01:00:00+00:00,22596,7792.5,423.075
2024-09-11 02:00:00+00:00,22540.5,7472,377.65
2024-09-11 03:00:00+00:00,22646.5,7127.75,285.575
2024-09-11 04:00:00+00:00,24373.25,6771.75,194.4
2024-09-11 05:00:00+00:00,26641.5,6413.25,108.225
2024-09-11 06:00:00+00:00,27400.25,5975,2419.85
2024-09-11 07:00:00+00:00,27916.25,5505.5,8913.575
2024-09-11 08:00:00+00:00,28076.75,5100.75,15276.8
2024-09-11 09:00:00+00:00,28046,4896,18273.45
2024-09-11 10:00:00+00:00,28127.25,4849,19267.025
2024-09-11 11:00:00+00:00,28443.25,4943.75,19554.125
2024-09-11 12:00:00+00:00,28103.75,5299.5,19496.55
2024-09-11 13:00:00+00:00,27372.25,5669.5,18708.35
2024-09-11 14:00:00+00:00,27187.75,6070.25,17354.45
2024-09-11 15:00:00+00:00,27621.25,6562.25,15136.075
2024-09-11 16:00:00+00:00,28151.75,7089,11673.325
2024-09-11 17:00:00+00:00,28917.25,7563.5,5691.725
2024-09-11 18:00:00+00:00,30318,7900.75,1088.6
2024-09-11 19:00:00+00:00,30801.25,8023.75,542.25
2024-09-11 20:00:00+00:00,28304.75,7960.5,517.95
2024-09-11 21:00:00+00:00,26001.25,7790,472.9
2024-09-11 22:00:00+00:00,24364.75,7180,411.575
2024-09-11 23:00:00+00:00,23304,6887.5,359.975
2024-09-12 00:00:00+00:00,22522.75,6510.25,319.325
2024-09-12 01:00:00+00:00,22135,6076.5,269.7
2024-09-12 02:00:00+00:00,22037.75,5766.75,242.325
2024-09-12 03:00:00+00:00,22504,5619.5,205.4
2024-09-12 04:00:00+00:00,24873.25,5548.25,143.925
2024-09-12 05:00:00+00:00,27735.5,5586,120.675
2024-09-12 06:00:00+00:00,28956,5554,1914.15
2024-09-12 07:00:00+00:00,29169.25,5325,7766.575
2024-09-12 08:00:00+00:00,29115.25,5218,13666.95
2024-09-12 09:00:00+00:00,28847.25,5420.25,16701.75
2024-09-12 10:00:00+00:00,29000,5753,18136.625
2024-09-12 11:00:00+00:00,29304.25,6176.75,18678.75
2024-09-12 12:00:00+00:00,28929.75,6758.25,18720.55
2024-09-12 13:00:00+00:00,28420.75,7146.75,18089.225
2024-09-12 14:00:00+00:00,28553.25,7597.25,16894.7
2024-09-12 15:00:00+00:00,29343.5,8128,15638.1
2024-09-12 16:00:00+00:00,29697.5,8527.75,11892.35
2024-09-12 17:00:00+00:00,30117,8798.25,5531.925
2024-09-12 18:00:00+00:00,31544.75,9196,1123.1
2024-09-12 19:00:00+00:00,31271,9233.5,522.475
2024-09-12 20:00:00+00:00,28530.25,9188.75,450.55
2024-09-12 21:00:00+00:00,26250.5,9140.75,451.15
2024-09-12 22:00:00+00:00,25053.75,8413.75,419.8
2024-09-12 23:00:00+00:00,23936,8524.25,396.475
2024-09-13 00:00:00+00:00,23011,8489.5,349.05
2024-09-13 01:00:00+00:00,22581.25,8510,304.7
2024-09-13 02:00:00+00:00,22433.25,9069.75,268.725
2024-09-13 03:00:00+00:00,22762.5,9360,220.825
2024-09-13 04:00:00+00:00,24907.25,9637.75,157.2
2024-09-13 05:00:00+00:00,27677.25,9821.5,143.95
2024-09-13 06:00:00+00:00,28771.25,9450.25,2302.75
2024-09-13 07:00:00+00:00,29062.5,9583.75,8809.25
2024-09-13 08:00:00+00:00,29058,9768.75,14826.325
2024-09-13 09:00:00+00:00,28939.75,9865,17444.8
2024-09-13 10:00:00+00:00,29000.25,9841.75,18621.875
2024-09-13 11:00:00+00:00,29115.75,9713.5,19244.275
2024-09-13 12:00:00+00:00,28439.75,9703,19543.825
2024-09-13 13:00:00+00:00,27652.25,9787,19019.25
2024-09-13 14:00:00+00:00,27410,10061.75,18219.35
2024-09-13 15:00:00+00:00,28063.5,10497,17014.375
2024-09-13 16:00:00+00:00,28424.5,11105.5,13515.2
2024-09-13 17:00:00+00:00,29063.75,11844.25,6151.5
2024-09-13 18:00:00+00:00,30355.25,12743,1107.5
2024-09-13 19:00:00+00:00,30193.5,13291.75,529.075
2024-09-13 20:00:00+00:00,27562.75,13427,457.9
2024-09-13 21:00:00+00:00,25473,13136,460.15
2024-09-13 22:00:00+00:00,24044.5,12621.5,535.85
2024-09-13 23:00:00+00:00,22887,11779.75,481.775
2024-09-14 00:00:00+00:00,21968.5,10738.5,450.175
2024-09-14 01:00:00+00:00,21310.5,9724.75,394.15
2024-09-14 02:00:00+00:00,20899.75,8829.5,306.725
2024-09-14 03:00:00+00:00,20674.25,8100.25,214.1
2024-09-14 04:00:00+00:00,21252.75,7520.5,115.475
2024-09-14 05:00:00+00:00,22238,7052.5,59.95
2024-09-14 06:00:00+00:00,22858.75,6376.25,2183.775
2024-09-14 07:00:00+00:00,23803.75,5512.75,8689.725
2024-09-14 08:00:00+00:00,24270,4711.75,14617.75
2024-09-14 09:00:00+00:00,24217.25,4167.25,17512.275
2024-09-14 10:00:00+00:00,24146.75,3928.25,18602.375
2024-09-14 11:00:00+00:00,24251.25,3659.75,19004.65
2024-09-14 12:00:00+00:00,23979.25,3544,19425.175
2024-09-14 13:00:00+00:00,23027,3584.5,18950.825
2024-09-14 14:00:00+00:00,22800.25,3744.5,18035.775
2024-09-14 15:00:00+00:00,23288.75,4001.75,16851.35
2024-09-14 16:00:00+00:00,24296.25,4543.25,12680.35
2024-09-14 17:00:00+00:00,25077.75,5483.75,5728.225
2024-09-14 18:00:00+00:00,26597,6438,1138.25
2024-09-14 19:00:00+00:00,27100.25,7137.25,550.375
2024-09-14 20:00:00+00:00,25266.25,7790.75,553.025
2024-09-14 21:00:00+00:00,23958,8168.25,526.475
2024-09-14 22:00:00+00:00,22035.75,8162.25,492.6
2024-09-14 23:00:00+00:00,20790.5,7976.5,443.35
2024-09-15 00:00:00+00:00,19970,7780.75,352.325
2024-09-15 01:00:00+00:00,19414.5,7397.5,260.425
2024-09-15 02:00:00+00:00,19086.5,7078,209.25
2024-09-15 03:00:00+00:00,19031.25,6883.25,127.15
2024-09-15 04:00:00+00:00,19368,6788.25,76.825
2024-09-15 05:00:00+00:00,19888,6756.75,63.475
2024-09-15 06:00:00+00:00,20120.75,6604.75,2353.875
2024-09-15 07:00:00+00:00,20742.75,6321,9451.825
2024-09-15 08:00:00+00:00,21418.5,5978.25,15927.7
2024-09-15 09:00:00+00:00,21730,5909.25,18477.125
2024-09-15 10:00:00+00:00,21797.75,5975.25,19277.075
2024-09-15 11:00:00+00:00,22244.25,5917.25,19590.05
2024-09-15 12:00:00+00:00,22304.25,5877.75,19514.35
2024-09-15 13:00:00+00:00,21313,6175,19116.95
2024-09-15 14:00:00+00:00,21125.75,6702.25,18331.4
2024-09-15 15:00:00+00:00,21706,7234.5,16717.775
2024-09-15 16:00:00+00:00,22840,8073.25,12407.875
2024-09-15 17:00:00+00:00,23995.5,9082.5,5398.95
2024-09-15 18:00:00+00:00,25802.5,10073.75,942.025
2024-09-15 19:00:00+00:00,26972,10836,600.925
2024-09-15 20:00:00+00:00,25672.25,11318.75,591.175
2024-09-15 21:00:00+00:00,23865.75,11513,576.3
2024-09-15 22:00:00+00:00,22402.25,11882.25,498.475
2024-09-15 23:00:00+00:00,21377.25,11837.5,490.4
2024-09-16 00:00:00+00:00,20755,11722.5,454.9
2024-09-16 01:00:00+00:00,20384,11588.25,388.2
2024-09-16 02:00:00+00:00,20381.75,11429,355.275
2024-09-16 03:00:00+00:00,21018,11295.5,238.675
2024-09-16 04:00:00+00:00,23683.75,11193.25,155.1
2024-09-16 05:00:00+00:00,26907,11014.75,89.75
2024-09-16 06:00:00+00:00,28051.25,10602,2323.15
2024-09-16 07:00:00+00:00,28145.75,10295.5,9477.075
2024-09-16 08:00:00+00:00,28102.25,9878.25,16241.2
2024-09-16 09:00:00+00:00,27818.75,9450,19031.45
2024-09-16 10:00:00+00:00,27862.5,9355.25,20039.7
2024-09-16 11:00:00+00:00,28058.25,9449.75,20351.425
2024-09-16 12:00:00+00:00,27783.5,9641,20332.775
2024-09-16 13:00:00+00:00,27298.25,9866.25,19761.1
2024-09-16 14:00:00+00:00,27487.5,10199,18809.525
2024-09-16 15:00:00+00:00,28315.25,10752,17089.475
2024-09-16 16:00:00+00:00,29116.5,11461.5,12597.825
2024-09-16 17:00:00+00:00,29804.5,12270.75,5386.4
2024-09-16 18:00:00+00:00,31513.75,12910.75,891.55
2024-09-16 19:00:00+00:00,31494.75,13324,584.55
2024-09-16 20:00:00+00:00,28461.25,13449,560.6
2024-09-16 21:00:00+00:00,25878,13269.5,540.375
2024-09-16 22:00:00+00:00,24529.25,13201.75,429.725
2024-09-16 23:00:00+00:00,23303.25,12930.75,394.4
2024-09-17 00:00:00+00:00,22591.25,12691.25,390.8
2024-09-17 01:00:00+00:00,22200.5,12410.5,366.8
2024-09-17 02:00:00+00:00,22068,12130.25,330.325
2024-09-17 03:00:00+00:00,22487.25,12032,267.3
2024-09-17 04:00:00+00:00,24685.25,12040.5,200.375
2024-09-17 05:00:00+00:00,27612,12024.75,133.525
2024-09-17 06:00:00+00:00,28679.75,11783.75,2070.15
2024-09-17 07:00:00+00:00,28715.25,11357.75,8652.9
2024-09-17 08:00:00+00:00,28495.5,10792.25,14852.1
2024-09-17 09:00:00+00:00,28293,10406.5,17925.1
2024-09-17 10:00:00+00:00,28303.75,10370.75,18937.625
2024-09-17 11:00:00+00:00,28644,10343.75,19249.225
2024-09-17 12:00:00+00:00,28218,10198,19435.75
2024-09-17 13:00:00+00:00,27767.75,10008.75,18818.7
2024-09-17 14:00:00+00:00,27798.5,10155,17979.075
2024-09-17 15:00:00+00:00,28506.25,10572.75,16280.975
2024-09-17 16:00:00+00:00,29065.75,11335.75,11941.625
2024-09-17 17:00:00+00:00,29824,12256,4994.6
2024-09-17 18:00:00+00:00,31616,12981.5,923.875
2024-09-17 19:00:00+00:00,31450.25,13232.25,519.975
2024-09-17 20:00:00+00:00,28435,13018,494.875
2024-09-17 21:00:00+00:00,26008.75,12261,464.15
2024-09-17 22:00:00+00:00,24695.25,10986.75,410.125
2024-09-17 23:00:00+00:00,23462.25,10036.25,380.725
2024-09-18 00:00:00+00:00,22632.75,9109.25,331.375
2024-09-18 01:00:00+00:00,22183.25,8354.25,303.35
2024-09-18 02:00:00+00:00,22023.75,7744.75,270.725
2024-09-18 03:00:00+00:00,22500.25,7236.5,172.925
2024-09-18 04:00:00+00:00,24780.75,6876.75,108
2024-09-18 05:00:00+00:00,27803,6542,91.425
2024-09-18 06:00:00+00:00,28659,6050,1620.6
2024-09-18 07:00:00+00:00,28762,5487.75,6928.725
2024-09-18 08:00:00+00:00,28466.5,4847.75,12241.4
2024-09-18 09:00:00+00:00,28206.75,4387.75,14690.95
2024-09-18 10:00:00+00:00,28199.25,4123,15692.225
2024-09-18 11:00:00+00:00,28231.75,3990.5,16429.825
2024-09-18 12:00:00+00:00,27753.25,3860,16424.725
2024-09-18 13:00:00+00:00,27195.5,3888.5,15705.025
2024-09-18 14:00:00+00:00,27231.25,4115.5,14827.05
2024-09-18 15:00:00+00:00,27942,4636.5,13448
2024-09-18 16:00:00+00:00,28555.5,5358.5,10210.925
2024-09-18 17:00:00+00:00,29104.25,6362.25,4463.525
2024-09-18 18:00:00+00:00,30751.75,7372.5,786.95
2024-09-18 19:00:00+00:00,30883,7962,430.525
2024-09-18 20:00:00+00:00,27866.25,8228,400.55
2024-09-18 21:00:00+00:00,25502.75,8214.5,360.975
2024-09-18 22:00:00+00:00,24359,7399.75,287.4
2024-09-18 23:00:00+00:00,23227.25,6940.25,236.9
2024-09-19 00:00:00+00:00,22488.75,6344.5,208.6
2024-09-19 01:00:00+00:00,22098.25,5811.25,171.975
2024-09-19 02:00:00+00:00,21981.25,5383.75,147.575
2024-09-19 03:00:00+00:00,22438.5,5040.5,130.075
2024-09-19 04:00:00+00:00,24714.75,4732.75,114.05
2024-09-19 05:00:00+00:00,27643.75,4535.25,66.75
2024-09-19 06:00:00+00:00,28706.75,4188,1049.9
2024-09-19 07:00:00+00:00,28930,3782.75,4635.775
2024-09-19 08:00:00+00:00,28762.25,3457.75,8825.575
2024-09-19 09:00:00+00:00,28592,3215.75,10734.675
2024-09-19 10:00:00+00:00,28712.25,3067.75,12159.475
2024-09-19 11:00:00+00:00,28817.25,3028.75,12934.1
2024-09-19 12:00:00+00:00,28368.5,3048.75,12820.4
2024-09-19 13:00:00+00:00,27788,3174.75,11905.925
2024-09-19 14:00:00+00:00,27818.25,3393.25,10860.225
2024-09-19 15:00:00+00:00,28363.25,3751.25,9548.45
2024-09-19 16:00:00+00:00,28927,4001.75,6742
2024-09-19 17:00:00+00:00,29657.75,4174,2777.275
2024-09-19 18:00:00+00:00,31423.75,4203.75,552.1
2024-09-19 19:00:00+00:00,31051.25,4234.25,387.35
2024-09-19 20:00:00+00:00,28083.5,4265.25,356.55
2024-09-19 21:00:00+00:00,25815.25,4252,316.6
2024-09-19 22:00:00+00:00,24242.5,3856.5,112.4
2024-09-19 23:00:00+00:00,23168.25,3782.25,103.175
2024-09-20 00:00:00+00:00,22363.5,3605.5,102.35
2024-09-20 01:00:00+00:00,21950.25,3365.5,95.25
2024-09-20 02:00:00+00:00,21831.5,3164.5,91.575
2024-09-20 03:00:00+00:00,22273.25,3021.25,79.825
2024-09-20 04:00:00+00:00,24547.25,2868.75,61.775
2024-09-20 05:00:00+00:00,27537,2701.75,44.7
2024-09-20 06:00:00+00:00,28586,2546.25,833.6
2024-09-20 07:00:00+00:00,28761.25,2390.75,4194.675
2024-09-20 08:00:00+00:00,28718.25,2285.5,8182.95
2024-09-20 09:00:00+00:00,28563.75,2292.75,10606.225
2024-09-20 10:00:00+00:00,28534.75,2399.5,12094.825
2024-09-20 11:00:00+00:00,28567,2597.5,12985.25
2024-09-20 12:00:00+00:00,27892.5,2822,13159.525
2024-09-20 13:00:00+00:00,27111,3031.25,12761.85
2024-09-20 14:00:00+00:00,26956.25,3265.25,12067.125
2024-09-20 15:00:00+00:00,27512.25,3489.25,10443.65
2024-09-20 16:00:00+00:00,28075,3679,6944.15
2024-09-20 17:00:00+00:00,28602.5,3924.5,2395.375
2024-09-20 18:00:00+00:00,30166.5,4333.5,386
2024-09-20 19:00:00+00:00,29667.25,4635,200.925
2024-09-20 20:00:00+00:00,26893,4705.75,178.2
2024-09-20 21:00:00+00:00,24826.25,4636.75,163.075
2024-09-20 22:00:00+00:00,23730.75,5184,90.4
2024-09-20 23:00:00+00:00,22616.75,4923,50.125
2024-09-21 00:00:00+00:00,21769.75,4695.5,45.05
2024-09-21 01:00:00+00:00,21165,4442.25,33.7
2024-09-21 02:00:00+00:00,20826.5,4213.25,30.05
2024-09-21 03:00:00+00:00,20692.25,3977,17.325
2024-09-21 04:00:00+00:00,21187.5,3751.75,8.5
2024-09-21 05:00:00+00:00,22231.5,3581.25,15.05
2024-09-21 06:00:00+00:00,23050.5,3515,793.825
2024-09-21 07:00:00+00:00,24215.5,3531.75,3726.6
2024-09-21 08:00:00+00:00,25018.5,3587.75,7142.95
2024-09-21 09:00:00+00:00,24957.25,3718.25,9103.5
2024-09-21 10:00:00+00:00,24878.5,3982.5,10476.575
2024-09-21 11:00:00+00:00,24868.75,4342,11477.2
2024-09-21 12:00:00+00:00,24476.75,4631.5,11849.925
2024-09-21 13:00:00+00:00,23486.75,4792,11257.4
2024-09-21 14:00:00+00:00,23044.75,4907.75,10574.4
2024-09-21 15:00:00+00:00,23407.75,4807,9143.625
2024-09-21 16:00:00+00:00,24228.5,4593,6819.5
2024-09-21 17:00:00+00:00,25084,4289.75,2790.7
2024-09-21 18:00:00+00:00,26675,3886,422.775
2024-09-21 19:00:00+00:00,26829.5,3563.25,189.1
2024-09-21 20:00:00+00:00,24900.5,3309,144.825
2024-09-21 21:00:00+00:00,23183.25,3039.5,121.025
2024-09-21 22:00:00+00:00,21763.75,3224.75,124.225
2024-09-21 23:00:00+00:00,20690.25,2996.75,57
2024-09-22 00:00:00+00:00,19819,2791.5,46.425
2024-09-22 01:00:00+00:00,19298.5,2609.5,35.875
2024-09-22 02:00:00+00:00,18962.25,2423.75,34.975
2024-09-22 03:00:00+00:00,18882.25,2227,28.15
2024-09-22 04:00:00+00:00,19189.75,2005.25,15.85
2024-09-22 05:00:00+00:00,19819.75,1806.5,19.125
2024-09-22 06:00:00+00:00,20160.5,1542.25,1262.85
2024-09-22 07:00:00+00:00,21083.5,1204.5,5752.125
2024-09-22 08:00:00+00:00,21864.75,921,10843.95
2024-09-22 09:00:00+00:00,21983.75,859.5,13777.925
2024-09-22 10:00:00+00:00,21969.25,1073.75,15211.475
2024-09-22 11:00:00+00:00,22441.75,1454.5,15456.85
2024-09-22 12:00:00+00:00,22506.75,1989,15724.7
2024-09-22 13:00:00+00:00,21463.25,2555,15126.125
2024-09-22 14:00:00+00:00,21023,3084.75,14022.65
2024-09-22 15:00:00+00:00,21526,3434.5,11901.325
2024-09-22 16:00:00+00:00,22571.25,3688.75,8266.9
2024-09-22 17:00:00+00:00,23566.5,3925,3180.9
2024-09-22 18:00:00+00:00,25776.75,4138,452.775
2024-09-22 19:00:00+00:00,26539.75,4344.75,246.85
2024-09-22 20:00:00+00:00,25116.5,4459.75,227.85
2024-09-22 21:00:00+00:00,23238.75,4359.25,184.225
2024-09-22 22:00:00+00:00,21673.5,3544,134.925
2024-09-22 23:00:00+00:00,20570.5,3434.25,123.325
2024-09-23 00:00:00+00:00,20013,3294,113.225
2024-09-23 01:00:00+00:00,19695.75,3167,103.1
2024-09-23 02:00:00+00:00,19680.5,3067.25,85.3
2024-09-23 03:00:00+00:00,20328.25,2969,60.675
2024-09-23 04:00:00+00:00,22952,2898.25,35
2024-09-23 05:00:00+00:00,26218.5,2836.25,21.375
2024-09-23 06:00:00+00:00,27552.25,2680.75,1578.275
2024-09-23 07:00:00+00:00,28039.75,2316.75,7909.8
2024-09-23 08:00:00+00:00,28009,1969,13682.275
2024-09-23 09:00:00+00:00,27859,1841.5,16494.15
2024-09-23 10:00:00+00:00,27921,2049,17649.825
2024-09-23 11:00:00+00:00,28097,2409.25,17798.675
2024-09-23 12:00:00+00:00,27631.75,2802.25,17741.2
2024-09-23 13:00:00+00:00,27016,3174.25,17178
2024-09-23 14:00:00+00:00,26909.25,3506.25,16302.075
2024-09-23 15:00:00+00:00,27376.75,3755.25,14705.9
2024-09-23 16:00:00+00:00,27813.25,3932.5,10527.425
2024-09-23 17:00:00+00:00,28250.75,4094,3992.35
2024-09-23 18:00:00+00:00,30215,4205.25,600.65
2024-09-23 19:00:00+00:00,30079.75,4232,500.325
2024-09-23 20:00:00+00:00,27061.5,4316.25,437.45
2024-09-23 21:00:00+00:00,24743,4498.25,449.45
2024-09-23 22:00:00+00:00,23356.25,5549.5,274.525
2024-09-23 23:00:00+00:00,22324.75,5365,232.5
2024-09-24 00:00:00+00:00,21604.25,5147.75,197.625
2024-09-24 01:00:00+00:00,21215.25,4974.5,166.875
2024-09-24 02:00:00+00:00,21159.5,4883,148.25
2024-09-24 03:00:00+00:00,21641.5,4818.5,108.45
2024-09-24 04:00:00+00:00,23858,4759.25,83.275
2024-09-24 05:00:00+00:00,26851.75,4671,65.975
2024-09-24 06:00:00+00:00,27753.75,4404.25,1030.325
2024-09-24 07:00:00+00:00,28031,3942.25,5256.375
2024-09-24 08:00:00+00:00,27957,3437,9320.35
2024-09-24 09:00:00+00:00,27769,3244.25,11003.725
2024-09-24 10:00:00+00:00,27764.75,3535.5,12304.2
2024-09-24 11:00:00+00:00,27888.75,4028.75,12526.5
2024-09-24 12:00:00+00:00,27436.75,4555.25,12226.575
2024-09-24 13:00:00+00:00,26734,4915.5,11485.4
2024-09-24 14:00:00+00:00,26651.75,5102,10769.15
2024-09-24 15:00:00+00:00,27181,5042.75,9071.925
2024-09-24 16:00:00+00:00,27740,5116.25,6039.85
2024-09-24 17:00:00+00:00,28379.25,5024.5,2367.35
2024-09-24 18:00:00+00:00,30488.75,5081.5,363.75
2024-09-24 19:00:00+00:00,30207,5208,297.325
2024-09-24 20:00:00+00:00,27207.25,5430,305.525
2024-09-24 21:00:00+00:00,24817.5,5786.5,284.325
2024-09-24 22:00:00+00:00,23546,6061.5,134.275
2024-09-24 23:00:00+00:00,22515.5,6664.75,128.1
2024-09-25 00:00:00+00:00,21855,7340.75,113.3
2024-09-25 01:00:00+00:00,21488,7909.5,101.6
2024-09-25 02:00:00+00:00,21365.75,8457.25,74.275
2024-09-25 03:00:00+00:00,21813.5,8808.5,46.65
2024-09-25 04:00:00+00:00,24327.25,9050.75,27
2024-09-25 05:00:00+00:00,27739.25,9251.75,15.3
2024-09-25 06:00:00+00:00,28913.5,9401.75,821.95
2024-09-25 07:00:00+00:00,29038.25,9575,3399.475
2024-09-25 08:00:00+00:00,29071.5,10011.25,7066.175
2024-09-25 09:00:00+00:00,28854,11015.5,8779.1
2024-09-25 10:00:00+00:00,28922.25,11838.25,9893.575
2024-09-25 11:00:00+00:00,29146,12414,10577.85
2024-09-25 12:00:00+00:00,28738.5,12828.75,10764.75
2024-09-25 13:00:00+00:00,28087.75,13112.5,10338.7
2024-09-25 14:00:00+00:00,27978,13411,9657.625
2024-09-25 15:00:00+00:00,28491.5,13467,7929.675
2024-09-25 16:00:00+00:00,28793.25,13556,5007.125
2024-09-25 17:00:00+00:00,29360,13634,1905.5
2024-09-25 18:00:00+00:00,31260,13735.25,172.775
2024-09-25 19:00:00+00:00,31004.25,13735.75,118.075
2024-09-25 20:00:00+00:00,27816,13709.25,114.675
2024-09-25 21:00:00+00:00,25425,13792.5,104.65
2024-09-25 22:00:00+00:00,24227.5,14130.75,74.475
2024-09-25 23:00:00+00:00,23097.25,14046.75,64.025
2024-09-26 00:00:00+00:00,22423,13931,66.85
2024-09-26 01:00:00+00:00,22041.5,13917.5,64.325
2024-09-26 02:00:00+00:00,21973.5,14008,53.525
2024-09-26 03:00:00+00:00,22418.25,14170,34.15
2024-09-26 04:00:00+00:00,24898,14270.5,16.175
2024-09-26 05:00:00+00:00,28226.5,14363.25,11.9
2024-09-26 06:00:00+00:00,29582.75,14405.5,1149.65
2024-09-26 07:00:00+00:00,29866.75,14580.75,5061.55
2024-09-26 08:00:00+00:00,29850,14700.5,8949.3
2024-09-26 09:00:00+00:00,29824,14821.5,11703.825
2024-09-26 10:00:00+00:00,30035.75,14978.5,13061.275
2024-09-26 11:00:00+00:00,30232.75,15244,13809.35
2024-09-26 12:00:00+00:00,29822.75,15692.75,13686.125
2024-09-26 13:00:00+00:00,29345.5,16004.25,12863.225
2024-09-26 14:00:00+00:00,29328.25,16180.5,11974.2
2024-09-26 15:00:00+00:00,29826.25,16214.25,10211.375
2024-09-26 16:00:00+00:00,30246,15877.75,6691.65
2024-09-26 17:00:00+00:00,31008.25,15529,2543.225
2024-09-26 18:00:00+00:00,33019.75,15042.75,348.2
2024-09-26 19:00:00+00:00,32075.25,14650.5,235.75
2024-09-26 20:00:00+00:00,28935,14429.25,204.325
2024-09-26 21:00:00+00:00,26423.25,14371.75,168.05
2024-09-26 22:00:00+00:00,24743,13304,114.225
2024-09-26 23:00:00+00:00,23565.5,13397.25,86.05
2024-09-27 00:00:00+00:00,22562,13450,71.075
2024-09-27 01:00:00+00:00,22263.75,13635.75,57.25
2024-09-27 02:00:00+00:00,22065.75,13772.75,47.175
2024-09-27 03:00:00+00:00,22479.5,13627.75,31.2
2024-09-27 04:00:00+00:00,24884.75,13447.5,22.675
2024-09-27 05:00:00+00:00,28168,13292.75,14.175
2024-09-27 06:00:00+00:00,29240.5,13163,1389.225
2024-09-27 07:00:00+00:00,29542,12908.25,7187.775
2024-09-27 08:00:00+00:00,29450.5,12554.5,12586.675
2024-09-27 09:00:00+00:00,29142.5,12345,15412.9
2024-09-27 10:00:00+00:00,28956,12229.75,16985.975
2024-09-27 11:00:00+00:00,28955.75,12240,17556.15
2024-09-27 12:00:00+00:00,28147.75,12238,17531.95
2024-09-27 13:00:00+00:00,27275.75,12174.25,16891.7
2024-09-27 14:00:00+00:00,27111.75,12028,15978.05
2024-09-27 15:00:00+00:00,27543.25,11441.25,14219.9
2024-09-27 16:00:00+00:00,28106.25,10743.5,9987
2024-09-27 17:00:00+00:00,28845.5,9957.25,3547.7
2024-09-27 18:00:00+00:00,30640.25,9386.75,569.625
2024-09-27 19:00:00+00:00,29865.5,8809.25,472.975
2024-09-27 20:00:00+00:00,27190.5,8308.25,409.525
2024-09-27 21:00:00+00:00,25049.75,8038.25,356.4
2024-09-27 22:00:00+00:00,23584.75,7967.75,240.625
2024-09-27 23:00:00+00:00,23069.75,7681.5,215.825
2024-09-28 00:00:00+00:00,21794.25,7477.25,207
2024-09-28 01:00:00+00:00,21221.5,7401.5,192.675
2024-09-28 02:00:00+00:00,20713.5,7292.75,181.15
2024-09-28 03:00:00+00:00,20532.5,7184.75,161.25
2024-09-28 04:00:00+00:00,20883.25,7086.75,148.575
2024-09-28 05:00:00+00:00,21837,7037.25,95.7
2024-09-28 06:00:00+00:00,22692.75,6742.75,1669.925
2024-09-28 07:00:00+00:00,23763.25,6279.75,8436.45
2024-09-28 08:00:00+00:00,24442.25,5756.5,14714.45
2024-09-28 09:00:00+00:00,24413.75,5307,17586.85
2024-09-28 10:00:00+00:00,24135.75,4982,18460.675
2024-09-28 11:00:00+00:00,24089.5,4657.5,18492.35
2024-09-28 12:00:00+00:00,23644.75,4450,18759.9
2024-09-28 13:00:00+00:00,22632.5,4256,18230.45
2024-09-28 14:00:00+00:00,22140.75,4135.75,17399.475
2024-09-28 15:00:00+00:00,22438.75,4087,15465.725
2024-09-28 16:00:00+00:00,23381.75,4118,10464.3
2024-09-28 17:00:00+00:00,24403.25,4464.75,3759.575
2024-09-28 18:00:00+00:00,26081.25,4682.25,640.75
2024-09-28 19:00:00+00:00,26438,4718.5,521.3
2024-09-28 20:00:00+00:00,24750.5,4778,390.475
2024-09-28 21:00:00+00:00,23193,4859.5,401.775
2024-09-28 22:00:00+00:00,21373.25,4584.5,470.225
2024-09-28 23:00:00+00:00,20231,4558.5,431.925
2024-09-29 00:00:00+00:00,19385.25,4769.5,294.175
2024-09-29 01:00:00+00:00,18903.5,5103.5,243.325
2024-09-29 02:00:00+00:00,18711.5,5379.5,169.55
2024-09-29 03:00:00+00:00,18672.75,5589.25,98.05
2024-09-29 04:00:00+00:00,19160.25,5792.25,52.225
2024-09-29 05:00:00+00:00,19807.5,5980,44.6
2024-09-29 06:00:00+00:00,20084,5954.75,1538.05
2024-09-29 07:00:00+00:00,20816,5790.5,8043.65
2024-09-29 08:00:00+00:00,21272.5,5578.5,14633.525
2024-09-29 09:00:00+00:00,21248,5598.5,17689.275
2024-09-29 10:00:00+00:00,21141.25,5679,18364.5
2024-09-29 11:00:00+00:00,21454.25,5745.75,18514.175
2024-09-29 12:00:00+00:00,21578.5,5345.25,18695.375
2024-09-29 13:00:00+00:00,20528.75,5536.5,18257.9
2024-09-29 14:00:00+00:00,20340,5431,17573.6
2024-09-29 15:00:00+00:00,21079.5,5427.75,15895.95
2024-09-29 16:00:00+00:00,22246.25,5589.75,10716.425
2024-09-29 17:00:00+00:00,23491.25,5841.25,3759.675
2024-09-29 18:00:00+00:00,25814.5,5944,601.8
2024-09-29 19:00:00+00:00,26354.25,5932.25,613.675
2024-09-29 20:00:00+00:00,24920.75,5749.75,577.675
2024-09-29 21:00:00+00:00,23077.75,5512.5,565.75
2024-09-29 22:00:00+00:00,21164,4914,506.4
2024-09-29 23:00:00+00:00,20258.5,4554,468.35
2024-09-30 00:00:00+00:00,19684.25,4262.75,374.825
2024-09-30 01:00:00+00:00,19375.5,3974,269.425
2024-09-30 02:00:00+00:00,19437.75,3675.75,201.9
2024-09-30 03:00:00+00:00,20159.5,3367,113.425
2024-09-30 04:00:00+00:00,22932,3037.5,94.6
2024-09-30 05:00:00+00:00,26463,2708,204.475
2024-09-30 06:00:00+00:00,27833.25,2392,1691
2024-09-30 07:00:00+00:00,27982.25,2128.25,7955.025
2024-09-30 08:00:00+00:00,27835.25,1948.25,14990.45
2024-09-30 09:00:00+00:00,27360.25,1888,18308.075
2024-09-30 10:00:00+00:00,27240.25,1882.5,19070.15
2024-09-30 11:00:00+00:00,27324.5,1934.25,19209.2
2024-09-30 12:00:00+00:00,26894,1977,19224.975
2024-09-30 13:00:00+00:00,26276.5,2018.75,18726.3
2024-09-30 14:00:00+00:00,26430.25,2070.75,17945.25
2024-09-30 15:00:00+00:00,27393.25,2139.75,15975
2024-09-30 16:00:00+00:00,28132,2274.75,10351.125
2024-09-30 17:00:00+00:00,28892.25,2481.25,3454.5
2024-09-30 18:00:00+00:00,31000.25,2657.5,591.05
2024-09-30 19:00:00+00:00,30318,2883,607.825
2024-09-30 20:00:00+00:00,27225.25,3215.75,569.4
2024-09-30 21:00:00+00:00,24831,3640.25,538.275
2024-09-30 22:00:00+00:00,23562.5,3938.25,511.075
2024-09-30 23:00:00+00:00,22442.75,4351,482.325
2024-10-01 00:00:00+00:00,21708.75,4698,439.85
2024-10-01 01:00:00+00:00,21340.25,4905.75,386.525
2024-10-01 02:00:00+00:00,21315.25,5070.75,267.8
2024-10-01 03:00:00+00:00,21833,5185.75,245.05
2024-10-01 04:00:00+00:00,24251.75,5275.25,215.725
2024-10-01 05:00:00+00:00,27584,5289,202.45
2024-10-01 06:00:00+00:00,28668.5,5088.75,1114.225
2024-10-01 07:00:00+00:00,28833.25,4768.75,5523.425
2024-10-01 08:00:00+00:00,28434.75,4406.75,10533.375
2024-10-01 09:00:00+00:00,28172.25,4315.25,13406.65
2024-10-01 10:00:00+00:00,28113.75,4546.25,14948.85
2024-10-01 11:00:00+00:00,28279.25,4934.25,15605.525
2024-10-01 12:00:00+00:00,27957.5,5329.25,15694.95
2024-10-01 13:00:00+00:00,27416.75,5749.25,15053.675
2024-10-01 14:00:00+00:00,27496.25,6077,14237.075
2024-10-01 15:00:00+00:00,28166.75,6022.75,12733.65
2024-10-01 16:00:00+00:00,28633.25,5710.5,8328.15
2024-10-01 17:00:00+00:00,29584.25,5320,2706.5
2024-10-01 18:00:00+00:00,31677.75,5157.75,539.325
2024-10-01 19:00:00+00:00,30834.5,5184,457.075
2024-10-01 20:00:00+00:00,27787,5397.5,388.95
2024-10-01 21:00:00+00:00,25428.5,5651.25,347.625
2024-10-01 22:00:00+00:00,23779,6489.5,228.825
2024-10-01 23:00:00+00:00,22726.75,6612.25,178.175
2024-10-02 00:00:00+00:00,21897.75,6580.75,130.35
2024-10-02 01:00:00+00:00,21558.75,6483,99.975
2024-10-02 02:00:00+00:00,21516.5,6421.75,96.125
2024-10-02 03:00:00+00:00,22015,6370.75,174.675
2024-10-02 04:00:00+00:00,24510,6423.25,196.6
2024-10-02 05:00:00+00:00,27896.5,6467.25,175.05
2024-10-02 06:00:00+00:00,29164,6398.75,983.725
2024-10-02 07:00:00+00:00,29213.75,6173.75,5170.6
2024-10-02 08:00:00+00:00,29005,6107.75,10260.9
2024-10-02 09:00:00+00:00,28659.5,6148.25,12744.775
2024-10-02 10:00:00+00:00,28706.5,6289.5,13888.075
2024-10-02 11:00:00+00:00,28828.25,6817,13946.025
2024-10-02 12:00:00+00:00,28411,7193.5,13820.5
2024-10-02 13:00:00+00:00,27999.75,7571,12989.05
2024-10-02 14:00:00+00:00,28077,8059.5,11597.3
2024-10-02 15:00:00+00:00,28763.25,8278.75,8948.25
2024-10-02 16:00:00+00:00,29091.25,8381,5314.5
2024-10-02 17:00:00+00:00,29860,8482,1845.075
2024-10-02 18:00:00+00:00,31809.75,8288.5,376.925
2024-10-02 19:00:00+00:00,30721.75,8324,271.8
2024-10-02 20:00:00+00:00,27723,8634.25,284.35
2024-10-02 21:00:00+00:00,25277.75,9133.25,263.95
2024-10-02 22:00:00+00:00,23983.75,12690.5,79.15
2024-10-02 23:00:00+00:00,22857.25,12423.75,84.4
2024-10-03 00:00:00+00:00,22125,12140.25,98.475
2024-10-03 01:00:00+00:00,21711.25,11906,116.6
2024-10-03 02:00:00+00:00,21621,11503.75,97.35
2024-10-03 03:00:00+00:00,22181.75,11099.5,89.175
2024-10-03 04:00:00+00:00,24607.5,10732,83.75
2024-10-03 05:00:00+00:00,28027.25,10384.25,50.525
2024-10-03 06:00:00+00:00,29367.5,10022.75,1140.05
2024-10-03 07:00:00+00:00,29480.5,9532.75,6346.5
2024-10-03 08:00:00+00:00,29204.75,8959,11580.85
2024-10-03 09:00:00+00:00,29067.75,8510.5,14588.725
2024-10-03 10:00:00+00:00,29079.75,8048,16138.25
2024-10-03 11:00:00+00:00,29038,7795.75,16703.625
2024-10-03 12:00:00+00:00,28495.5,7793.25,16519.925
2024-10-03 13:00:00+00:00,28110.5,7859,15863.5
2024-10-03 14:00:00+00:00,28067.5,7998.25,14766.025
2024-10-03 15:00:00+00:00,28617.25,7990.5,12508.125
2024-10-03 16:00:00+00:00,29006.75,7862.5,7601.45
2024-10-03 17:00:00+00:00,29847.75,7629.75,2105.175
2024-10-03 18:00:00+00:00,31637.5,7337.75,431.4
2024-10-03 19:00:00+00:00,30614.25,7016,335.775
2024-10-03 20:00:00+00:00,27740,6657.25,332.475
2024-10-03 21:00:00+00:00,25433.5,6328,336
2024-10-03 22:00:00+00:00,24020,6075,141.925
2024-10-03 23:00:00+00:00,23042.75,5984.5,118.275
2024-10-04 00:00:00+00:00,22293.75,5672,137.55
2024-10-04 01:00:00+00:00,21975.5,5418,111.775
2024-10-04 02:00:00+00:00,21808.75,5227.25,95.45
2024-10-04 03:00:00+00:00,22246.5,5072.75,140.65
2024-10-04 04:00:00+00:00,24533,4965,135.45
2024-10-04 05:00:00+00:00,27726.25,4830.75,106.1
2024-10-04 06:00:00+00:00,28900.25,4586.5,1179.15
2024-10-04 07:00:00+00:00,28855,4125.25,6681.525
2024-10-04 08:00:00+00:00,28460.25,3767.75,12492.75
2024-10-04 09:00:00+00:00,28062.5,3621,15527.825
2024-10-04 10:00:00+00:00,27848.25,3562,16867.05
2024-10-04 11:00:00+00:00,27699,3545,17093.125
2024-10-04 12:00:00+00:00,27225.5,3580,16954.6
2024-10-04 13:00:00+00:00,26484.5,3706.5,16460.85
2024-10-04 14:00:00+00:00,26466.5,3891.5,15578.975
2024-10-04 15:00:00+00:00,27156.25,3954.75,13541.175
2024-10-04 16:00:00+00:00,27916,3873.75,8103.325
2024-10-04 17:00:00+00:00,28633.75,3693.25,2385.225
2024-10-04 18:00:00+00:00,30437.25,3422,398.375
2024-10-04 19:00:00+00:00,29548.5,3101,326.4
2024-10-04 20:00:00+00:00,26814.75,2884,338.425
2024-10-04 21:00:00+00:00,24759.25,2703,346.625
2024-10-04 22:00:00+00:00,23474.75,2901,139.3
2024-10-04 23:00:00+00:00,22329.75,2718.25,96.425
2024-10-05 00:00:00+00:00,21458.25,2591,84.375
2024-10-05 01:00:00+00:00,20944.75,2862,78.275
2024-10-05 02:00:00+00:00,20581.25,3066.25,69.725
2024-10-05 03:00:00+00:00,20486.5,3320.25,55.875
2024-10-05 04:00:00+00:00,21044.75,3670.75,41.6
2024-10-05 05:00:00+00:00,22183.75,4109.5,24.6
2024-10-05 06:00:00+00:00,23061.25,4460.25,946.375
2024-10-05 07:00:00+00:00,24121.5,4625,5846.925
2024-10-05 08:00:00+00:00,24520.75,4731.75,11401.975
2024-10-05 09:00:00+00:00,24322.75,5186.5,14067.425
2024-10-05 10:00:00+00:00,24051.5,5993.5,15456.65
2024-10-05 11:00:00+00:00,24164.5,7097,15900.4
2024-10-05 12:00:00+00:00,23803.5,7893.75,16062.225
2024-10-05 13:00:00+00:00,22897.75,8619.25,15524.175
2024-10-05 14:00:00+00:00,22718.75,9185.75,14571.4
2024-10-05 15:00:00+00:00,23198.25,9459.5,12390.275
2024-10-05 16:00:00+00:00,24148,9564.25,7233.95
2024-10-05 17:00:00+00:00,25113.5,9484.5,2104.95
2024-10-05 18:00:00+00:00,26896.75,9408,394.425
2024-10-05 19:00:00+00:00,26619,9292.5,328.675
2024-10-05 20:00:00+00:00,24864.75,9351,279.425
2024-10-05 21:00:00+00:00,23257.5,9517.5,225.55
2024-10-05 22:00:00+00:00,22000,10025,157.9
2024-10-05 23:00:00+00:00,20892,10125.25,136.6
2024-10-06 00:00:00+00:00,19959.25,10108.5,119.55
2024-10-06 01:00:00+00:00,19437.25,10006,59.675
2024-10-06 02:00:00+00:00,19135.25,9892,39.425
2024-10-06 03:00:00+00:00,19102.75,9801.25,29.9
2024-10-06 04:00:00+00:00,19489.5,9605,18.45
2024-10-06 05:00:00+00:00,20298,9494.25,8.45
2024-10-06 06:00:00+00:00,20709.75,9279,638.8
2024-10-06 07:00:00+00:00,21399.25,8945.5,4488.25
2024-10-06 08:00:00+00:00,22086.25,8668.75,8746.775
2024-10-06 09:00:00+00:00,22175.25,8951,11352.35
2024-10-06 10:00:00+00:00,22229.5,9569.5,12685.65
2024-10-06 11:00:00+00:00,22739.5,10204.25,13296.325
2024-10-06 12:00:00+00:00,22819,10676.25,13367.325
2024-10-06 13:00:00+00:00,21906.25,10771.5,12535.9
2024-10-06 14:00:00+00:00,21821.25,10632,11388.425
2024-10-06 15:00:00+00:00,22577.25,10193.25,9060
2024-10-06 16:00:00+00:00,23764,9603.25,5154.3
2024-10-06 17:00:00+00:00,25257.5,8941,1399.3
2024-10-06 18:00:00+00:00,27495.25,8490.25,215.3
2024-10-06 19:00:00+00:00,27317.5,8241.75,183.325
2024-10-06 20:00:00+00:00,25819.25,8147.75,207.5
2024-10-06 21:00:00+00:00,23870.75,8156.25,178.375
2024-10-06 22:00:00+00:00,22257.5,8558.75,82.825
2024-10-06 23:00:00+00:00,21161.75,8816.5,74.2
2024-10-07 00:00:00+00:00,20514.75,9045.75,69.325
2024-10-07 01:00:00+00:00,20183.75,9221.25,55.675
2024-10-07 02:00:00+00:00,20204,9301.5,47.85
2024-10-07 03:00:00+00:00,20912.5,9339.5,34.45
2024-10-07 04:00:00+00:00,23725.75,9504,18.475
2024-10-07 05:00:00+00:00,27377,9800,8.875
2024-10-07 06:00:00+00:00,28871.5,10071.75,352.05
2024-10-07 07:00:00+00:00,29144.25,10286,2887.175
2024-10-07 08:00:00+00:00,29058,10349.75,6331.275
2024-10-07 09:00:00+00:00,28779.5,10665.75,8588.6
2024-10-07 10:00:00+00:00,28806,11335.5,9707.8
2024-10-07 11:00:00+00:00,29046.5,12138.25,9987.85
2024-10-07 12:00:00+00:00,28585.25,13218.25,9604.5
2024-10-07 13:00:00+00:00,27916.5,13714.25,8816.475
2024-10-07 14:00:00+00:00,28066.5,13861.75,7463.4
2024-10-07 15:00:00+00:00,28740.75,13721,5570.75
2024-10-07 16:00:00+00:00,29112.75,13440,2915.6
2024-10-07 17:00:00+00:00,30054.5,13143,753.175
2024-10-07 18:00:00+00:00,32065.75,12920.75,167.775
2024-10-07 19:00:00+00:00,30875.25,12918.25,179.3
2024-10-07 20:00:00+00:00,27760.25,13105,170.4
2024-10-07 21:00:00+00:00,25195,13385.5,135.175
2024-10-07 22:00:00+00:00,23859.25,13114,33.175
2024-10-07 23:00:00+00:00,22731.75,13474,30.375
2024-10-08 00:00:00+00:00,22122,14086.25,29.825
2024-10-08 01:00:00+00:00,21760.25,14362.5,28.6
2024-10-08 02:00:00+00:00,21739.75,14636.5,27.125
2024-10-08 03:00:00+00:00,22255.5,14728.25,22.525
2024-10-08 04:00:00+00:00,24627.75,14616.25,16.35
2024-10-08 05:00:00+00:00,27966.5,14521.5,10.75
2024-10-08 06:00:00+00:00,29301,14337.25,531.4
2024-10-08 07:00:00+00:00,29404.75,14262.5,4251.475
2024-10-08 08:00:00+00:00,29158,14352.25,8593.025
2024-10-08 09:00:00+00:00,28897.25,14477.5,11012.4
2024-10-08 10:00:00+00:00,28841.75,14686.25,12388.2
2024-10-08 11:00:00+00:00,28968.5,14967.25,13042.825
2024-10-08 12:00:00+00:00,28393.75,14955.75,12917.1
2024-10-08 13:00:00+00:00,27789.25,14852.75,12118.05
2024-10-08 14:00:00+00:00,27900.5,14549.5,10617.3
2024-10-08 15:00:00+00:00,28356.25,14105.75,8036.425
2024-10-08 16:00:00+00:00,28616,13624.25,3883.35
2024-10-08 17:00:00+00:00,29707,13304,671.5
2024-10-08 18:00:00+00:00,31685.75,13168.75,147.45
2024-10-08 19:00:00+00:00,30662.5,13279.5,87
2024-10-08 20:00:00+00:00,27565.5,13608.25,86.85
2024-10-08 21:00:00+00:00,25132.5,13996.25,84.2
2024-10-08 22:00:00+00:00,23767.25,14176,51.75
2024-10-08 23:00:00+00:00,22702.5,14244.25,49.1
2024-10-09 00:00:00+00:00,21996.75,14071.75,49.7
2024-10-09 01:00:00+00:00,21663.25,13944.75,47.975
2024-10-09 02:00:00+00:00,21609.75,13851,43.675
2024-10-09 03:00:00+00:00,22053,13879,33.575
2024-10-09 04:00:00+00:00,24223.5,14036.25,21.025
2024-10-09 05:00:00+00:00,27311.25,14327,10.4
2024-10-09 06:00:00+00:00,28614.25,14184.75,382.975
2024-10-09 07:00:00+00:00,28700,14469,2943.2
2024-10-09 08:00:00+00:00,28470,14605.5,5860
2024-10-09 09:00:00+00:00,28221.75,15501.25,7534.1
2024-10-09 10:00:00+00:00,28278,16174.5,8549.25
2024-10-09 11:00:00+00:00,28340.5,15935.5,8812.975
2024-10-09 12:00:00+00:00,27889,16492.75,9218.5
2024-10-09 13:00:00+00:00,27293.5,16646.5,8392.7
2024-10-09 14:00:00+00:00,27291,16778.5,7474.825
2024-10-09 15:00:00+00:00,27655.75,17029.75,6211.475
2024-10-09 16:00:00+00:00,28196,16918.75,3039.05
2024-10-09 17:00:00+00:00,29474.75,16853.75,841.425
2024-10-09 18:00:00+00:00,31518.75,16557.5,67.975
2024-10-09 19:00:00+00:00,30627,16310.25,85.475
2024-10-09 20:00:00+00:00,27764.25,15960.25,103.5
2024-10-09 21:00:00+00:00,25290.5,15473.5,70.175
2024-10-09 22:00:00+00:00,23911.5,14235.75,23.025
2024-10-09 23:00:00+00:00,22807,13577.75,16.65
2024-10-10 00:00:00+00:00,22072,12792.75,19.05
2024-10-10 01:00:00+00:00,21814.25,12292.25,20.15
2024-10-10 02:00:00+00:00,21743.5,11560.5,15.05
2024-10-10 03:00:00+00:00,22228,10916.5,5
2024-10-10 04:00:00+00:00,24534.5,10350.5,3.325
2024-10-10 05:00:00+00:00,28007.5,9886.5,2.45
2024-10-10 06:00:00+00:00,29454.5,8937.5,662.025
2024-10-10 07:00:00+00:00,29358.5,7837,5435.475
2024-10-10 08:00:00+00:00,28893.75,6978.25,10783
2024-10-10 09:00:00+00:00,28374.75,6078.25,13746.9
2024-10-10 10:00:00+00:00,28330,5520.25,15418.75
2024-10-10 11:00:00+00:00,28238,5219.75,15968.725
2024-10-10 12:00:00+00:00,27576.75,4960,15851.325
2024-10-10 13:00:00+00:00,27049,5012.25,15412
2024-10-10 14:00:00+00:00,27051,5031.75,14305.35
2024-10-10 15:00:00+00:00,27770.75,4882.5,11822.4
2024-10-10 16:00:00+00:00,28467.25,4526.75,6449.375
2024-10-10 17:00:00+00:00,29735.25,4137.25,1474.7
2024-10-10 18:00:00+00:00,31907.25,3681,306.825
2024-10-10 19:00:00+00:00,30825.75,3192.75,277.425
2024-10-10 20:00:00+00:00,27765,2639.5,256.05
2024-10-10 21:00:00+00:00,25462.25,2258.25,230.65
2024-10-10 22:00:00+00:00,23786,2277,127.425
2024-10-10 23:00:00+00:00,22598,2299,121.75
2024-10-11 00:00:00+00:00,21786,2365.5,113.45
2024-10-11 01:00:00+00:00,21425,2397.75,93.425
2024-10-11 02:00:00+00:00,21354.75,2465.25,72.275
2024-10-11 03:00:00+00:00,21701,2588.75,42.175
2024-10-11 04:00:00+00:00,24051.25,2773.25,21.825
2024-10-11 05:00:00+00:00,27380.25,3081,172.775
2024-10-11 06:00:00+00:00,28520.5,3493.75,609.075
2024-10-11 07:00:00+00:00,28615.5,3933,3235.55
2024-10-11 08:00:00+00:00,28094.75,4388,5689.375
2024-10-11 09:00:00+00:00,27542,4857.75,6752.525
2024-10-11 10:00:00+00:00,27340.75,5322.25,7502.975
2024-10-11 11:00:00+00:00,27271.5,5771,8041.325
2024-10-11 12:00:00+00:00,26596.75,6188,7672.225
2024-10-11 13:00:00+00:00,25937.25,6677,6772
2024-10-11 14:00:00+00:00,25819,7612.5,5802.375
2024-10-11 15:00:00+00:00,26434.25,8468.75,4357.775
2024-10-11 16:00:00+00:00,27158,9308,2389.675
2024-10-11 17:00:00+00:00,28260,10024,604.075
2024-10-11 18:00:00+00:00,29795.25,10378.75,79.825
2024-10-11 19:00:00+00:00,29169.25,10597,90.575
2024-10-11 20:00:00+00:00,26509.5,10661.75,97.525
2024-10-11 21:00:00+00:00,24182,10641.25,100.675
2024-10-11 22:00:00+00:00,23031.5,11945.75,80.25
2024-10-11 23:00:00+00:00,21834.25,11672.75,79.65
2024-10-12 00:00:00+00:00,20836.25,11308.75,80.975
2024-10-12 01:00:00+00:00,20347.25,10756.5,78.775
2024-10-12 02:00:00+00:00,19994.25,10082,75.6
2024-10-12 03:00:00+00:00,19668.75,9352,63.75
2024-10-12 04:00:00+00:00,20088.5,8601.25,45.925
2024-10-12 05:00:00+00:00,21102,7973.75,32.15
2024-10-12 06:00:00+00:00,21755,7175.5,349.35
2024-10-12 07:00:00+00:00,22623.25,6240,2377.95
2024-10-12 08:00:00+00:00,23155.75,5442.5,5432.55
2024-10-12 09:00:00+00:00,23182.75,4942.75,6878.85
2024-10-12 10:00:00+00:00,22980.75,4647.5,7900.65
2024-10-12 11:00:00+00:00,23110.75,4460.75,8205.15
2024-10-12 12:00:00+00:00,22758.75,4213.25,9166.825
2024-10-12 13:00:00+00:00,21782.5,3903,8914.125
2024-10-12 14:00:00+00:00,21540,3436.75,7670.025
2024-10-12 15:00:00+00:00,21951,3084.25,6880.475
2024-10-12 16:00:00+00:00,23053.75,2859,3108.5
2024-10-12 17:00:00+00:00,24315.25,2710,881.425
2024-10-12 18:00:00+00:00,26162,2490.25,172.875
2024-10-12 19:00:00+00:00,25945.25,2576.5,312.225
2024-10-12 20:00:00+00:00,24395.75,2576.25,309.2
2024-10-12 21:00:00+00:00,22746,2747.5,282.5
2024-10-12 22:00:00+00:00,21251.5,3282.5,54.825
2024-10-12 23:00:00+00:00,20200.5,3436,52.775
2024-10-13 00:00:00+00:00,19305.25,3474.5,52.625
2024-10-13 01:00:00+00:00,18693,3484.25,54.6
2024-10-13 02:00:00+00:00,18434.75,3673.5,50.825
2024-10-13 03:00:00+00:00,18461.25,3944.5,38.325
2024-10-13 04:00:00+00:00,18900,4157.5,19.6
2024-10-13 05:00:00+00:00,19779.5,4248.5,8.15
2024-10-13 06:00:00+00:00,20379,4205,430.225
2024-10-13 07:00:00+00:00,21387.5,4027.25,3493.625
2024-10-13 08:00:00+00:00,22225.5,3759.25,7734.425
2024-10-13 09:00:00+00:00,22238.5,3775.25,10264.625
2024-10-13 10:00:00+00:00,22194,4083.75,11638.025
2024-10-13 11:00:00+00:00,22636.75,4527,12294.275
2024-10-13 12:00:00+00:00,22566.25,4801.5,12443.325
2024-10-13 13:00:00+00:00,21361.5,4921.5,11912.7
2024-10-13 14:00:00+00:00,20971.5,4769.5,11059.325
2024-10-13 15:00:00+00:00,21508.75,4343.5,8882
2024-10-13 16:00:00+00:00,22462.25,3964.25,4655.475
2024-10-13 17:00:00+00:00,24039,3686.25,1054.675
2024-10-13 18:00:00+00:00,26313.25,3260.25,229.725
2024-10-13 19:00:00+00:00,26296.5,2849.75,247.425
2024-10-13 20:00:00+00:00,24720.25,2526,252.1
2024-10-13 21:00:00+00:00,22750.5,2388.5,237.325
2024-10-13 22:00:00+00:00,21141.25,2592.75,38.4
2024-10-13 23:00:00+00:00,20100,2560.75,36.6
2024-10-14 00:00:00+00:00,19500,2383.75,35.075
2024-10-14 01:00:00+00:00,19226.5,2264,32.325
2024-10-14 02:00:00+00:00,19298.5,2096.75,26.75
2024-10-14 03:00:00+00:00,20041.25,1667.5,21.2
2024-10-14 04:00:00+00:00,22750,1718.75,7.775
2024-10-14 05:00:00+00:00,26329.25,1526.25,195.3
2024-10-14 06:00:00+00:00,28057.5,1515.5,594.625
2024-10-14 07:00:00+00:00,28434.5,1500,3315.8
2024-10-14 08:00:00+00:00,28391.25,1500.25,7551.65
2024-10-14 09:00:00+00:00,27946.75,1635,10586.15
2024-10-14 10:00:00+00:00,28047,1969.75,12381.85
2024-10-14 11:00:00+00:00,28112.75,2449,13321.025
2024-10-14 12:00:00+00:00,27577.25,2887.75,13374.975
2024-10-14 13:00:00+00:00,26956.5,3305.25,12821.9
2024-10-14 14:00:00+00:00,26863.25,3688.75,11544.6
2024-10-14 15:00:00+00:00,27430.75,3990.25,8477.075
2024-10-14 16:00:00+00:00,27990.5,4338.75,3871.975
2024-10-14 17:00:00+00:00,29496.75,4787.25,771.875
2024-10-14 18:00:00+00:00,31293.75,5077.25,182.55
2024-10-14 19:00:00+00:00,30246,5364.25,250.5
2024-10-14 20:00:00+00:00,27096.25,5706.5,255.75
2024-10-14 21:00:00+00:00,24531.25,5988.5,191.6
2024-10-14 22:00:00+00:00,23310,7155.75,2.45
2024-10-14 23:00:00+00:00,22200.5,7375,5.075
2024-10-15 00:00:00+00:00,21458.5,7683.25,2.225
2024-10-15 01:00:00+00:00,21175.25,7590,7.65
2024-10-15 02:00:00+00:00,21185.25,7493.25,4.6
2024-10-15 03:00:00+00:00,21754.25,7299.25,6.35
2024-10-15 04:00:00+00:00,24139,7032.25,5.5
2024-10-15 05:00:00+00:00,27657,6810.5,63.5
2024-10-15 06:00:00+00:00,29163.5,6758.25,290.55
2024-10-15 07:00:00+00:00,29464.25,6656,2089.35
2024-10-15 08:00:00+00:00,29269.25,6689,4683.7
2024-10-15 09:00:00+00:00,28944.25,6933.75,6570.375
2024-10-15 10:00:00+00:00,28809.5,7372.75,7746.725
2024-10-15 11:00:00+00:00,28747.5,7743.75,8421.85
2024-10-15 12:00:00+00:00,28156.5,7655.75,8465.425
2024-10-15 13:00:00+00:00,27541.75,7461.75,7923.2
2024-10-15 14:00:00+00:00,27284.5,7093,6868.425
2024-10-15 15:00:00+00:00,27786.25,6766.25,5065.925
2024-10-15 16:00:00+00:00,28116.5,6632.75,2278.4
2024-10-15 17:00:00+00:00,29618.5,6433.5,521.975
2024-10-15 18:00:00+00:00,31590.5,6688.75,123.75
2024-10-15 19:00:00+00:00,30524.75,6839.25,130.975
2024-10-15 20:00:00+00:00,27450.5,7281.5,125.575
2024-10-15 21:00:00+00:00,24935,7567.75,134.025
2024-10-15 22:00:00+00:00,23731,8748.75,60.95
2024-10-15 23:00:00+00:00,22575,9300.25,117.225
2024-10-16 00:00:00+00:00,21759.75,9815.75,70.675
2024-10-16 01:00:00+00:00,21438.25,10338.75,67.275
2024-10-16 02:00:00+00:00,21326.5,10815.75,60.975
2024-10-16 03:00:00+00:00,21865.5,11293.25,42.125
2024-10-16 04:00:00+00:00,24265.75,11821.5,15.325
2024-10-16 05:00:00+00:00,27775,12285.75,22.575
2024-10-16 06:00:00+00:00,29352.25,12670,261.55
2024-10-16 07:00:00+00:00,29504.25,12865.75,2305.825
2024-10-16 08:00:00+00:00,29335.25,12921.5,5235.075
2024-10-16 09:00:00+00:00,28881.25,12814.75,7780.1
2024-10-16 10:00:00+00:00,29180,12623.25,9392.05
2024-10-16 11:00:00+00:00,29154.5,12350.5,10772.925
2024-10-16 12:00:00+00:00,28563,11766.5,11623.75
2024-10-16 13:00:00+00:00,27865.75,11111.75,11869.1
2024-10-16 14:00:00+00:00,27606.75,10224.75,11523.225
2024-10-16 15:00:00+00:00,28051.75,9128.25,9618.825
2024-10-16 16:00:00+00:00,28522.75,8095,4970.225
2024-10-16 17:00:00+00:00,29948.5,7208.5,834.875
2024-10-16 18:00:00+00:00,31667,6729.75,205.525
2024-10-16 19:00:00+00:00,30568,6448,233.525
2024-10-16 20:00:00+00:00,27494.75,6259.75,221.275
2024-10-16 21:00:00+00:00,25044,6289.5,249.3
2024-10-16 22:00:00+00:00,23476,6903,53.625
2024-10-16 23:00:00+00:00,22406.75,6335.5,48.525
2024-10-17 00:00:00+00:00,21679.75,6522,19.1
2024-10-17 01:00:00+00:00,21396,6856.5,28.65
2024-10-17 02:00:00+00:00,21259.25,7203,14.625
2024-10-17 03:00:00+00:00,21811,7858,6.025
2024-10-17 04:00:00+00:00,24237.75,8553.75,7.725
2024-10-17 05:00:00+00:00,27784.75,9131.75,4.05
2024-10-17 06:00:00+00:00,29241.25,9597,238.725
2024-10-17 07:00:00+00:00,29386,10064.75,3113.275
2024-10-17 08:00:00+00:00,29157.75,10718,7772.9
2024-10-17 09:00:00+00:00,28661,11390.5,10803.125
2024-10-17 10:00:00+00:00,28648,12010.25,12314.1
2024-10-17 11:00:00+00:00,28477.25,12582.75,13104.625
2024-10-17 12:00:00+00:00,27858.25,13399.75,12890.5
2024-10-17 13:00:00+00:00,27370,13733.75,12470.8
2024-10-17 14:00:00+00:00,27237.25,14147.75,11842.425
2024-10-17 15:00:00+00:00,27701.5,14011.75,10115.675
2024-10-17 16:00:00+00:00,28152.75,13686.75,5307.125
2024-10-17 17:00:00+00:00,29614.25,13200.75,1098.925
2024-10-17 18:00:00+00:00,31417.25,12733,254.7
2024-10-17 19:00:00+00:00,30389.5,12595,177.5
2024-10-17 20:00:00+00:00,27410,12219.75,152.325
2024-10-17 21:00:00+00:00,24967.75,11960.25,119.375
2024-10-17 22:00:00+00:00,23355.5,11894.5,28.875
2024-10-17 23:00:00+00:00,22275.5,11699.75,26.55
2024-10-18 00:00:00+00:00,21528,11452.75,26.5
2024-10-18 01:00:00+00:00,21192.75,11434.5,22.65
2024-10-18 02:00:00+00:00,21040.25,11440.5,12.4
2024-10-18 03:00:00+00:00,21549.75,11218.5,8.625
2024-10-18 04:00:00+00:00,23897.25,10885.5,6.2
2024-10-18 05:00:00+00:00,27263.25,10326,3.175
2024-10-18 06:00:00+00:00,28939,9833.75,526.4
2024-10-18 07:00:00+00:00,29241.25,9549.5,5561.3
2024-10-18 08:00:00+00:00,29073.25,9324,11042.975
2024-10-18 09:00:00+00:00,28594.25,9393.75,13286.725
2024-10-18 10:00:00+00:00,28419.25,9520.5,14443
2024-10-18 11:00:00+00:00,28145.75,9770.5,14443.075
2024-10-18 12:00:00+00:00,27362.25,9749.5,13774.275
2024-10-18 13:00:00+00:00,26588.5,10048.75,13278.7
2024-10-18 14:00:00+00:00,26422,10345,12180.275
2024-10-18 15:00:00+00:00,26722,10168.25,9365.75
2024-10-18 16:00:00+00:00,27439.25,9609.75,4576.475
2024-10-18 17:00:00+00:00,28996,8967.25,796.2
2024-10-18 18:00:00+00:00,30461.75,8991.25,142.25
2024-10-18 19:00:00+00:00,29384,8882.25,158.225
2024-10-18 20:00:00+00:00,26700.25,8855.75,226.5
2024-10-18 21:00:00+00:00,24447.5,9039.75,242.85
2024-10-18 22:00:00+00:00,22769.5,8013.75,59.8
2024-10-18 23:00:00+00:00,21607,7899,60.525
2024-10-19 00:00:00+00:00,20814.25,7845.25,33.625
2024-10-19 01:00:00+00:00,20237,7755,18.5
2024-10-19 02:00:00+00:00,19932.25,7681.75,9.4
2024-10-19 03:00:00+00:00,19832,7337.5,3.2
2024-10-19 04:00:00+00:00,20455,6878,2.25
2024-10-19 05:00:00+00:00,21787.75,6363,2.1
2024-10-19 06:00:00+00:00,22945.75,5841.5,235.075
2024-10-19 07:00:00+00:00,24226.25,5404.25,2846.775
2024-10-19 08:00:00+00:00,24974,5144.25,6839.5
2024-10-19 09:00:00+00:00,24814.75,5221.75,10011.75
2024-10-19 10:00:00+00:00,24707.75,5427.75,11458.25
2024-10-19 11:00:00+00:00,24526.75,5655,12406.1
2024-10-19 12:00:00+00:00,23964.5,6060.25,12593.15
2024-10-19 13:00:00+00:00,22753,6297,11969.575
2024-10-19 14:00:00+00:00,22441,6557.25,10826.925
2024-10-19 15:00:00+00:00,22739.75,6675,8482.675
2024-10-19 16:00:00+00:00,23640.5,6787,4072.825
2024-10-19 17:00:00+00:00,25244,7001.25,614
2024-10-19 18:00:00+00:00,26692.25,7172.25,97.225
2024-10-19 19:00:00+00:00,26247.25,7231.25,135.25
2024-10-19 20:00:00+00:00,24395.25,7283.75,129.925
2024-10-19 21:00:00+00:00,22563.75,7240.75,132.775
2024-10-19 22:00:00+00:00,21200.5,7357,30.75
2024-10-19 23:00:00+00:00,20042.25,7232.75,23.525
2024-10-20 00:00:00+00:00,19172,7066.25,13.825
2024-10-20 01:00:00+00:00,18642.5,6906.5,15.475
2024-10-20 02:00:00+00:00,18424,6683.5,11
2024-10-20 03:00:00+00:00,18360.25,6403.75,7.15
2024-10-20 04:00:00+00:00,18724.25,6180.75,7.3
2024-10-20 05:00:00+00:00,19474.5,6012.5,4.675
2024-10-20 06:00:00+00:00,20065.5,5799,323.8
2024-10-20 07:00:00+00:00,21026.5,5426.5,3897.125
2024-10-20 08:00:00+00:00,21706,4977.75,9268.1
2024-10-20 09:00:00+00:00,21536,4511.75,12648.275
2024-10-20 10:00:00+00:00,21337,4259,14024.7
2024-10-20 11:00:00+00:00,21703.25,4195.5,14382.125
2024-10-20 12:00:00+00:00,21612.5,4088.5,14327.375
2024-10-20 13:00:00+00:00,20554.25,3994.5,13820.25
2024-10-20 14:00:00+00:00,20326.75,3839.5,12910.425
2024-10-20 15:00:00+00:00,20939.25,3700.5,10275.05
2024-10-20 16:00:00+00:00,22083.5,3576.75,5050.725
2024-10-20 17:00:00+00:00,24049.75,3661,924.125
2024-10-20 18:00:00+00:00,26095.75,3772.75,212.3
2024-10-20 19:00:00+00:00,25978.25,3753,210.575
2024-10-20 20:00:00+00:00,24355,3779,170.95
2024-10-20 21:00:00+00:00,22426.75,3899.5,169.775
2024-10-20 22:00:00+00:00,21179,4296,29.375
2024-10-20 23:00:00+00:00,20209,4526.5,28.25
2024-10-21 00:00:00+00:00,19615.5,4763.25,100.525
2024-10-21 01:00:00+00:00,19329.25,4748.5,111.425
2024-10-21 02:00:00+00:00,19428.75,4768.25,99.4
2024-10-21 03:00:00+00:00,20098.25,4834.5,76.15
2024-10-21 04:00:00+00:00,22816.75,4701.75,154.075
2024-10-21 05:00:00+00:00,26668,4408.5,133.65
2024-10-21 06:00:00+00:00,28483,3920,459.775
2024-10-21 07:00:00+00:00,28728.5,3312.25,4997.725
2024-10-21 08:00:00+00:00,28428.5,2682.5,11165.475
2024-10-21 09:00:00+00:00,27913.5,2437.75,14475.95
2024-10-21 10:00:00+00:00,27626,2295.5,15581.125
2024-10-21 11:00:00+00:00,27612.5,2335,15698.8
2024-10-21 12:00:00+00:00,27072,2261.25,15691.75
2024-10-21 13:00:00+00:00,26484.5,2492.5,14867.325
2024-10-21 14:00:00+00:00,26539.25,2575.5,13974.325
2024-10-21 15:00:00+00:00,26999.5,2429.5,10872.425
2024-10-21 16:00:00+00:00,27565.75,2862.5,5310.925
2024-10-21 17:00:00+00:00,29260.5,3382.75,1010.3
2024-10-21 18:00:00+00:00,31086.75,3780.75,324.75
2024-10-21 19:00:00+00:00,29947,4129,358.75
2024-10-21 20:00:00+00:00,26898.25,4356,298.7
2024-10-21 21:00:00+00:00,24438.25,4832.25,220.6
2024-10-21 22:00:00+00:00,23174.75,5250,86.75
2024-10-21 23:00:00+00:00,21985,5786.25,97.925
2024-10-22 00:00:00+00:00,21257,6154,85.575
2024-10-22 01:00:00+00:00,20924.75,6459.75,71.75
2024-10-22 02:00:00+00:00,20851.5,6720,59.85
2024-10-22 03:00:00+00:00,21349,6966.5,40.85
2024-10-22 04:00:00+00:00,23838.25,7120.75,34.325
2024-10-22 05:00:00+00:00,27371.75,7187.25,139.675
2024-10-22 06:00:00+00:00,28977.5,7115.5,301.875
2024-10-22 07:00:00+00:00,28958.75,6698.5,3534.075
2024-10-22 08:00:00+00:00,28356.25,6441.25,8943.475
2024-10-22 09:00:00+00:00,27740.75,6436.5,12375.725
2024-10-22 10:00:00+00:00,27764.5,6375,13620.05
2024-10-22 11:00:00+00:00,27631.75,6217,13865.55
2024-10-22 12:00:00+00:00,27030.25,5997.5,13577.175
2024-10-22 13:00:00+00:00,26478.25,5884.25,12965.6
2024-10-22 14:00:00+00:00,26576.75,6299.75,11910.15
2024-10-22 15:00:00+00:00,27152.25,6548.5,9253.85
2024-10-22 16:00:00+00:00,27765.25,7197.5,4415.3
2024-10-22 17:00:00+00:00,29737.25,8028.75,883.75
2024-10-22 18:00:00+00:00,31378.75,8614,307.65
2024-10-22 19:00:00+00:00,30296,8673.5,296.825
2024-10-22 20:00:00+00:00,27232.75,8400.5,268.675
2024-10-22 21:00:00+00:00,24719.75,8240.75,260
2024-10-22 22:00:00+00:00,22999.75,8294.25,109.15
2024-10-22 23:00:00+00:00,21809.75,7751.5,91.525
2024-10-23 00:00:00+00:00,21117,7211.5,80.1
2024-10-23 01:00:00+00:00,20817.5,6683.25,73.25
2024-10-23 02:00:00+00:00,20748.25,6238.75,62.4
2024-10-23 03:00:00+00:00,21203,5873.5,59.375
2024-10-23 04:00:00+00:00,23618.25,5533.25,232.275
2024-10-23 05:00:00+00:00,27204.75,5304.5,183.7
2024-10-23 06:00:00+00:00,28809.25,4919.75,328.275
2024-10-23 07:00:00+00:00,28810.25,4421.25,3803.575
2024-10-23 08:00:00+00:00,28472.75,3959.25,9604.85
2024-10-23 09:00:00+00:00,27972,3854.25,12722.675
2024-10-23 10:00:00+00:00,27804.25,3748.5,13763.2
2024-10-23 11:00:00+00:00,27711.25,3697,14012.875
2024-10-23 12:00:00+00:00,27131.5,3814.25,13787.975
2024-10-23 13:00:00+00:00,26489.75,3899.25,13373.6
2024-10-23 14:00:00+00:00,26534,3950.75,12723.225
2024-10-23 15:00:00+00:00,27039.5,3907,10037.65
2024-10-23 16:00:00+00:00,27635,3969.5,4715.725
2024-10-23 17:00:00+00:00,29364.5,4132,875.925
2024-10-23 18:00:00+00:00,30920.5,4445,272
2024-10-23 19:00:00+00:00,29832.75,4665,283.425
2024-10-23 20:00:00+00:00,26808.5,4877,256.35
2024-10-23 21:00:00+00:00,24314.25,5352,247.475
2024-10-23 22:00:00+00:00,22975.25,5853.25,45.975
2024-10-23 23:00:00+00:00,21824.25,6265.25,24.725
2024-10-24 00:00:00+00:00,21144.25,6457.25,27.6
2024-10-24 01:00:00+00:00,20790.25,6498.5,29.75
2024-10-24 02:00:00+00:00,20737.5,6488.5,26.1
2024-10-24 03:00:00+00:00,21210,6446.75,42.175
2024-10-24 04:00:00+00:00,23621.25,6479.75,13.975
2024-10-24 05:00:00+00:00,27139.75,6514,9.375
2024-10-24 06:00:00+00:00,28917.25,6431,176.725
2024-10-24 07:00:00+00:00,29032.25,6174.75,3378.225
2024-10-24 08:00:00+00:00,28723,5798.25,9187.375
2024-10-24 09:00:00+00:00,28245.25,5751,13177.75
2024-10-24 10:00:00+00:00,28007.75,5836.25,14679.925
2024-10-24 11:00:00+00:00,27781.75,6204.75,14964.525
2024-10-24 12:00:00+00:00,27204.5,6548.5,14748.55
2024-10-24 13:00:00+00:00,26526.25,6876.25,14096.55
2024-10-24 14:00:00+00:00,26613.25,7168.75,12829.875
2024-10-24 15:00:00+00:00,27155.75,7304.5,9345.925
2024-10-24 16:00:00+00:00,27806.5,7497.5,3921.75
2024-10-24 17:00:00+00:00,29335.25,7824.25,469.2
2024-10-24 18:00:00+00:00,30909,8115.75,184.375
2024-10-24 19:00:00+00:00,29868.75,8420.75,153.525
2024-10-24 20:00:00+00:00,26979.75,8577,163.525
2024-10-24 21:00:00+00:00,24536,8562.5,171.875
2024-10-24 22:00:00+00:00,23213,9397.75,64.5
2024-10-24 23:00:00+00:00,22058,9315.25,45.1
2024-10-25 00:00:00+00:00,21266.25,9122,32.625
2024-10-25 01:00:00+00:00,20938.5,8736,22.975
2024-10-25 02:00:00+00:00,20870,8234.5,16.15
2024-10-25 03:00:00+00:00,21340,7656.75,30.525
2024-10-25 04:00:00+00:00,23773.5,7040,2.725
2024-10-25 05:00:00+00:00,27353.5,6416.5,38.225
2024-10-25 06:00:00+00:00,29097.75,5721,104.35
2024-10-25 07:00:00+00:00,29093.75,4991.75,1665.675
2024-10-25 08:00:00+00:00,28729.25,4527,4885.55
2024-10-25 09:00:00+00:00,28196.5,4359,7830.225
2024-10-25 10:00:00+00:00,27936.25,4471,9500.175
2024-10-25 11:00:00+00:00,27793,4762,10380.05
2024-10-25 12:00:00+00:00,27250.75,5046.25,10668.45
2024-10-25 13:00:00+00:00,26419.5,5250.25,10471.175
2024-10-25 14:00:00+00:00,26388.5,5270,9675.125
2024-10-25 15:00:00+00:00,26973.25,5271.25,7315.375
2024-10-25 16:00:00+00:00,27669.75,5443.5,3557.525
2024-10-25 17:00:00+00:00,29330.5,5673.5,667.35
2024-10-25 18:00:00+00:00,30374.75,5810,259.85
2024-10-25 19:00:00+00:00,29186.75,5898.25,228.325
2024-10-25 20:00:00+00:00,26420,6046,232.225
2024-10-25 21:00:00+00:00,24266,6151.25,256.5
2024-10-25 22:00:00+00:00,22934.25,5686.5,87.3
2024-10-25 23:00:00+00:00,21553,5899.75,67.7
2024-10-26 00:00:00+00:00,20637.75,6182.25,68.95
2024-10-26 01:00:00+00:00,20135.75,6669.75,65.325
2024-10-26 02:00:00+00:00,19855.5,7200.25,63.275
2024-10-26 03:00:00+00:00,19764.5,7531.75,52.625
2024-10-26 04:00:00+00:00,20527.75,7687.5,33.35
2024-10-26 05:00:00+00:00,21852.5,7707.75,16.475
2024-10-26 06:00:00+00:00,23120.25,7606.5,127.1
2024-10-26 07:00:00+00:00,24570.75,7383.5,2679.525
2024-10-26 08:00:00+00:00,25336.75,7223.25,7274.45
2024-10-26 09:00:00+00:00,25255,7379.5,9627.725
2024-10-26 10:00:00+00:00,25019.25,7572.75,10122.45
2024-10-26 11:00:00+00:00,25092.5,7632.5,9888.5
2024-10-26 12:00:00+00:00,24588.5,7686,9305.525
2024-10-26 13:00:00+00:00,23306.25,7751.25,8511.45
2024-10-26 14:00:00+00:00,22838.75,7799,7523.85
2024-10-26 15:00:00+00:00,23212.75,7688,5611.95
2024-10-26 16:00:00+00:00,24165.75,7500.25,2166.525
2024-10-26 17:00:00+00:00,25872,7284.75,220.025
2024-10-26 18:00:00+00:00,27066.75,7016.5,73.8
2024-10-26 19:00:00+00:00,26569.5,6594.25,54.9
2024-10-26 20:00:00+00:00,24611.25,6299.75,44.225
2024-10-26 21:00:00+00:00,22629.25,6170.75,34.825
2024-10-26 22:00:00+00:00,20892.5,4742.75,20.75
2024-10-26 23:00:00+00:00,19366.75,4416.75,19.925
2024-10-27 00:00:00+00:00,18204.5,4071.5,14.65
2024-10-27 01:00:00+00:00,18135,3753.75,8.7
2024-10-27 02:00:00+00:00,17689.5,3450,4.875
2024-10-27 03:00:00+00:00,17654.75,3176.75,2.475
2024-10-27 04:00:00+00:00,17806.25,2900.75,5.075
2024-10-27 05:00:00+00:00,18456.25,2669.75,3.225
2024-10-27 06:00:00+00:00,19083,2449.75,151.6
2024-10-27 07:00:00+00:00,20362.25,2276.25,2976.1
2024-10-27 08:00:00+00:00,21860.75,2140.5,7700.05
2024-10-27 09:00:00+00:00,22397,2264,10362.225
2024-10-27 10:00:00+00:00,22124,2747.75,11334.525
2024-10-27 11:00:00+00:00,21914.75,3387.75,11128.575
2024-10-27 12:00:00+00:00,22398,4078.25,10466.675
2024-10-27 13:00:00+00:00,22256.5,4677.5,9218.35
2024-10-27 14:00:00+00:00,21186.5,5213.25,7656.675
2024-10-27 15:00:00+00:00,21001.25,5622.75,5630.25
2024-10-27 16:00:00+00:00,21817.25,6005.25,2523.8
2024-10-27 17:00:00+00:00,24245.75,6408.25,339.725
2024-10-27 18:00:00+00:00,26278.5,6932.25,127.475
2024-10-27 19:00:00+00:00,26759.5,7336,147.95
2024-10-27 20:00:00+00:00,25995.75,7616.25,134.875
2024-10-27 21:00:00+00:00,24231.75,7860.75,145.975
2024-10-27 22:00:00+00:00,22213,8186.25,143.45
2024-10-27 23:00:00+00:00,20953.75,8021,8.65
2024-10-28 00:00:00+00:00,20143.25,8112.25,54.8
2024-10-28 01:00:00+00:00,19178.5,8125.5,8.225
2024-10-28 02:00:00+00:00,18949,8042.75,8.275
2024-10-28 03:00:00+00:00,19081.25,7948.75,7.05
2024-10-28 04:00:00+00:00,19591.25,7992,6.05
2024-10-28 05:00:00+00:00,21953.25,7915.25,6.075
2024-10-28 06:00:00+00:00,25649.75,7809.25,145.825
2024-10-28 07:00:00+00:00,28104.75,7569.25,2890.475
2024-10-28 08:00:00+00:00,28581.25,7179.25,7312.075
2024-10-28 09:00:00+00:00,28796,6942.5,9815.175
2024-10-28 10:00:00+00:00,28487,7178.5,10856.15
2024-10-28 11:00:00+00:00,28391,7464.25,11097.225
2024-10-28 12:00:00+00:00,28673,7638.25,10804.475
2024-10-28 13:00:00+00:00,28386.75,7837.75,9935.075
2024-10-28 14:00:00+00:00,27988.25,8019,8687.7
2024-10-28 15:00:00+00:00,27874.25,8133.75,6444.75
2024-10-28 16:00:00+00:00,28318.75,8251.25,2764.075
2024-10-28 17:00:00+00:00,29709,8515.5,286.225
2024-10-28 18:00:00+00:00,31089.75,8707,137.05
2024-10-28 19:00:00+00:00,31808.25,8819.75,101.2
2024-10-28 20:00:00+00:00,31349,8826,147.4
2024-10-28 21:00:00+00:00,28346.5,8771.25,136.65
2024-10-28 22:00:00+00:00,25602.5,8682.5,139.975
2024-10-28 23:00:00+00:00,22992.5,9338.75,24.65
2024-10-29 00:00:00+00:00,21641.75,9262.75,24.15
2024-10-29 01:00:00+00:00,20887.5,9213.5,50.85
2024-10-29 02:00:00+00:00,20654.75,9299.75,37.875
2024-10-29 03:00:00+00:00,20729.25,9527.75,10.875
2024-10-29 04:00:00+00:00,21358.75,9736,26.375
2024-10-29 05:00:00+00:00,24043,10005.25,40.675
2024-10-29 06:00:00+00:00,27404,10158,159.3
2024-10-29 07:00:00+00:00,29093.5,10156.75,1422.025
2024-10-29 08:00:00+00:00,29362,9948.25,4349.925
2024-10-29 09:00:00+00:00,29005.25,9628.75,6300.75
2024-10-29 10:00:00+00:00,28845.25,9627,7318.95
2024-10-29 11:00:00+00:00,28963.75,9812,7859.15
2024-10-29 12:00:00+00:00,29162,10134.5,7572.425
2024-10-29 13:00:00+00:00,28712.25,10563,6943.6
2024-10-29 14:00:00+00:00,28283.5,10968,5536.15
2024-10-29 15:00:00+00:00,28237.5,11335.25,3839.45
2024-10-29 16:00:00+00:00,28913,11725,1315.45
2024-10-29 17:00:00+00:00,30351.75,12278,167.975
2024-10-29 18:00:00+00:00,31708.75,12416.25,104.425
2024-10-29 19:00:00+00:00,32049,12499.5,61.65
2024-10-29 20:00:00+00:00,30420.75,12635.25,99.375
2024-10-29 21:00:00+00:00,27551.75,12805,93.35
2024-10-29 22:00:00+00:00,24948.5,12937,63.025
2024-10-29 23:00:00+00:00,23427.5,12965.5,18.75
2024-10-30 00:00:00+00:00,22072.5,12707.25,45.625
2024-10-30 01:00:00+00:00,21192.25,12349.25,28.475
2024-10-30 02:00:00+00:00,20868,11818.5,23.325
2024-10-30 03:00:00+00:00,20925.5,11700.5,13.9
2024-10-30 04:00:00+00:00,21567.75,11450,6.725
2024-10-30 05:00:00+00:00,24126,11075.25,4.775
2024-10-30 06:00:00+00:00,27437.5,10652,76
2024-10-30 07:00:00+00:00,29206.75,10291.75,2041.95
2024-10-30 08:00:00+00:00,29689.25,9849.5,5597.425
2024-10-30 09:00:00+00:00,29686,9443,8113.875
2024-10-30 10:00:00+00:00,29540,9128.75,9320.575
2024-10-30 11:00:00+00:00,29473.75,8973.25,9782.075
2024-10-30 12:00:00+00:00,29604.25,8733.5,9645.65
2024-10-30 13:00:00+00:00,29203.75,8524.75,9004.9
2024-10-30 14:00:00+00:00,28644.5,8239.5,7960.125
2024-10-30 15:00:00+00:00,28607.5,8049.25,5623.5
2024-10-30 16:00:00+00:00,28898,7951.75,2048.825
2024-10-30 17:00:00+00:00,30274,7921.5,317.475
2024-10-30 18:00:00+00:00,31572.5,7793.75,220.575
2024-10-30 19:00:00+00:00,32359.75,7479,198.725
2024-10-30 20:00:00+00:00,30775.75,7285.5,187.775
2024-10-30 21:00:00+00:00,27801.75,7179.25,176.625
2024-10-30 22:00:00+00:00,25190.5,6996.75,129.4
2024-10-30 23:00:00+00:00,23092.75,7821.75,18.525
2024-10-31 00:00:00+00:00,21783,7518,20.625
2024-10-31 01:00:00+00:00,20949.5,7251.75,17.9
2024-10-31 02:00:00+00:00,20679,6982.75,15
2024-10-31 03:00:00+00:00,20606,6772.75,11.725
2024-10-31 04:00:00+00:00,21172.5,6587.5,9.15
2024-10-31 05:00:00+00:00,23602.75,6422.75,8
2024-10-31 06:00:00+00:00,26845,6125.75,67.1
2024-10-31 07:00:00+00:00,28609,5720.5,1931.225
2024-10-31 08:00:00+00:00,29004.5,5205.5,5382.525
2024-10-31 09:00:00+00:00,28699.5,4815.75,7787.725
2024-10-31 10:00:00+00:00,28538.5,4686,8930.575
2024-10-31 11:00:00+00:00,28498,4665.75,9486.85
2024-10-31 12:00:00+00:00,28647.5,4601.75,9365.475
2024-10-31 13:00:00+00:00,28337,4418,8918.1
2024-10-31 14:00:00+00:00,27894.75,4088.5,7903.575
2024-10-31 15:00:00+00:00,27513.5,3710.75,5703.25
2024-10-31 16:00:00+00:00,27762.25,3586.25,2062.75
2024-10-31 17:00:00+00:00,29078.5,3764.75,257.775
2024-10-31 18:00:00+00:00,29877.25,3922,302.8
2024-10-31 19:00:00+00:00,29879.75,3915.25,240.35
2024-10-31 20:00:00+00:00,29030,3930.5,257.4
2024-10-31 21:00:00+00:00,26770.5,3885,214.1
2024-10-31 22:00:00+00:00,24422.5,3772,200.55
2024-10-31 23:00:00+00:00,22623,4143.5,28.9
2024-11-01 00:00:00+00:00,21458.25,4054.5,64.95
2024-11-01 01:00:00+00:00,20225.75,3957,44.325
2024-11-01 02:00:00+00:00,19710.5,3718.25,36.125
2024-11-01 03:00:00+00:00,19421.25,3499.75,31.525
2024-11-01 04:00:00+00:00,19290.75,3358.5,15.125
2024-11-01 05:00:00+00:00,19795.25,3257.25,6.05
2024-11-01 06:00:00+00:00,20357.75,3158.25,50.975
2024-11-01 07:00:00+00:00,20867.25,3024.25,1695.475
2024-11-01 08:00:00+00:00,22186,2777,5208.775
2024-11-01 09:00:00+00:00,22896.75,2534,8033.55
2024-11-01 10:00:00+00:00,23060.25,2456.5,9595.95
2024-11-01 11:00:00+00:00,23005,2405.25,10322.925
2024-11-01 12:00:00+00:00,23434.5,2430.75,10395.95
2024-11-01 13:00:00+00:00,23639.5,2395.5,9826.8
2024-11-01 14:00:00+00:00,22767.75,2348.5,8696.1
2024-11-01 15:00:00+00:00,22403.5,2341,6079.85
2024-11-01 16:00:00+00:00,22488.25,2514.75,1979.175
2024-11-01 17:00:00+00:00,24375.75,2807,178.275
2024-11-01 18:00:00+00:00,25433,2966.5,131.1
2024-11-01 19:00:00+00:00,25759.75,2981.75,113.775
2024-11-01 20:00:00+00:00,25575.25,2904.5,133
2024-11-01 21:00:00+00:00,24361,2790.25,140.75
2024-11-01 22:00:00+00:00,22616.75,2626.25,143.65
2024-11-01 23:00:00+00:00,20989,2497,51.325
2024-11-02 00:00:00+00:00,19588,2358,51.225
2024-11-02 01:00:00+00:00,18732.25,2259,47.2
2024-11-02 02:00:00+00:00,18364.25,2210.25,36.15
2024-11-02 03:00:00+00:00,18321,2229,30.6
2024-11-02 04:00:00+00:00,18494.25,2243.75,26.125
2024-11-02 05:00:00+00:00,19297,2222.25,17.375
2024-11-02 06:00:00+00:00,20386,2172.75,116.1
2024-11-02 07:00:00+00:00,21814,2029.5,2225.325
2024-11-02 08:00:00+00:00,23324.5,1844.5,7598.625
2024-11-02 09:00:00+00:00,23943.5,1700.25,11660.25
2024-11-02 10:00:00+00:00,23946.25,1632.75,13101.125
2024-11-02 11:00:00+00:00,23760.5,1662.25,13460.575
2024-11-02 12:00:00+00:00,24235.75,1596.5,13132.55
2024-11-02 13:00:00+00:00,24058.25,1697,12842.325
2024-11-02 14:00:00+00:00,23299,1739.25,12058.25
2024-11-02 15:00:00+00:00,23215.5,1880.25,8676.425
2024-11-02 16:00:00+00:00,23550.75,2056.75,3413.2
2024-11-02 17:00:00+00:00,25514,2451,523.775
2024-11-02 18:00:00+00:00,26451,2972.25,293.45
2024-11-02 19:00:00+00:00,26712.75,3330,257.725
2024-11-02 20:00:00+00:00,25946,3551.25,241.175
2024-11-02 21:00:00+00:00,23895.25,3642.5,221
2024-11-02 22:00:00+00:00,22040.5,3645.5,200.05
2024-11-02 23:00:00+00:00,20772,4171.25,77.825
2024-11-03 00:00:00+00:00,19468.75,4226.5,56.875
2024-11-03 01:00:00+00:00,18588.25,4258.5,36.65
2024-11-03 02:00:00+00:00,18098.25,4205.5,32.6
2024-11-03 03:00:00+00:00,17807.75,4194.25,30.575
2024-11-03 04:00:00+00:00,17878.25,4284.25,29.625
2024-11-03 05:00:00+00:00,18250,4450.5,24.65
2024-11-03 06:00:00+00:00,19009.25,4587.75,102.4
2024-11-03 07:00:00+00:00,19478.75,4787.5,2506.4
2024-11-03 08:00:00+00:00,20571.25,4808,8095.95
2024-11-03 09:00:00+00:00,21239.5,4820,11494.425
2024-11-03 10:00:00+00:00,21429.5,4914.25,12812.15
2024-11-03 11:00:00+00:00,21654,5057.25,13051.95
2024-11-03 12:00:00+00:00,22341.25,5095.75,12835.4
2024-11-03 13:00:00+00:00,22413,5097.5,12195
2024-11-03 14:00:00+00:00,21379.5,5098.75,11228.9
2024-11-03 15:00:00+00:00,21232.25,5150.5,8219.075
2024-11-03 16:00:00+00:00,21965.5,5271.5,3004.525
2024-11-03 17:00:00+00:00,23740.5,5628,303.575
2024-11-03 18:00:00+00:00,25005.25,6149.25,139.975
2024-11-03 19:00:00+00:00,26116.75,6480.25,113.9
2024-11-03 20:00:00+00:00,25868.25,6821.75,177.175
2024-11-03 21:00:00+00:00,24251.5,6973,179.225
2024-11-03 22:00:00+00:00,22145.75,7087.5,98.125
2024-11-03 23:00:00+00:00,20607.5,6425.25,38.5
2024-11-04 00:00:00+00:00,19468.25,6231.5,30.075
2024-11-04 01:00:00+00:00,18808.75,6142,28.35
2024-11-04 02:00:00+00:00,18560.5,5882,25.825
2024-11-04 03:00:00+00:00,18572.5,5566,21.225
2024-11-04 04:00:00+00:00,19312,5267.25,14.7
2024-11-04 05:00:00+00:00,22152,5032.5,41.75
2024-11-04 06:00:00+00:00,25667.5,4855,104.8
2024-11-04 07:00:00+00:00,27523.5,4686,1560.1
2024-11-04 08:00:00+00:00,28096,4445,5329.575
2024-11-04 09:00:00+00:00,28066.25,4197,8784.775
2024-11-04 10:00:00+00:00,27999.25,4117.25,11028.025
2024-11-04 11:00:00+00:00,28089,4245.75,11325.875
2024-11-04 12:00:00+00:00,28365,4280.75,11086.525
2024-11-04 13:00:00+00:00,28014.75,4102.75,10737.4
2024-11-04 14:00:00+00:00,27827.5,3930,9792.45
2024-11-04 15:00:00+00:00,27992.75,3803.75,6935.4
2024-11-04 16:00:00+00:00,28656.75,3889.5,2335.1
2024-11-04 17:00:00+00:00,30057.5,4110,275
2024-11-04 18:00:00+00:00,31028.75,4506,57.475
2024-11-04 19:00:00+00:00,31011,4682.25,152.15
2024-11-04 20:00:00+00:00,29785.25,4837.75,245.675
2024-11-04 21:00:00+00:00,26927.75,4966.75,158.35
2024-11-04 22:00:00+00:00,24411.75,4932.25,124.1
2024-11-04 23:00:00+00:00,22364,4820,76.6
2024-11-05 00:00:00+00:00,21055.5,4494.25,43.55
2024-11-05 01:00:00+00:00,20365.25,4138,37.775
2024-11-05 02:00:00+00:00,20023,3779.25,30.7
2024-11-05 03:00:00+00:00,20072,3397.75,29.2
2024-11-05 04:00:00+00:00,20613,3010.5,35.825
2024-11-05 05:00:00+00:00,23128.5,2674.75,45.925
2024-11-05 06:00:00+00:00,26361,2368.5,70.25
2024-11-05 07:00:00+00:00,27947,2074.25,1976.375
2024-11-05 08:00:00+00:00,28412.25,1774,6779.125
2024-11-05 09:00:00+00:00,28038.25,1531.75,10625.625
2024-11-05 10:00:00+00:00,27969.5,1316,12450.975
2024-11-05 11:00:00+00:00,28093.75,1205.25,12889.25
2024-11-05 12:00:00+00:00,28308.25,1184.5,12721.7
2024-11-05 13:00:00+00:00,27998,1109.75,12355.3
2024-11-05 14:00:00+00:00,27622.75,1018.25,11249.075
2024-11-05 15:00:00+00:00,27652,949,7961.15
2024-11-05 16:00:00+00:00,28340.75,937,2831.175
2024-11-05 17:00:00+00:00,29766.75,990.25,375.825
2024-11-05 18:00:00+00:00,30646.5,1047.75,253.525
2024-11-05 19:00:00+00:00,31057.25,1102,187.7
2024-11-05 20:00:00+00:00,29924.25,1123.5,244.125
2024-11-05 21:00:00+00:00,27015.75,1179.5,241.375
2024-11-05 22:00:00+00:00,24339,1233,234.275
2024-11-05 23:00:00+00:00,23116.5,686,69.025
2024-11-06 00:00:00+00:00,21903.25,815,54.925
2024-11-06 01:00:00+00:00,21112.25,928.25,22.075
2024-11-06 02:00:00+00:00,20806.25,1018,20.375
2024-11-06 03:00:00+00:00,20836.5,1175.25,26.95
2024-11-06 04:00:00+00:00,21369.25,1339.75,27.075
2024-11-06 05:00:00+00:00,23862.25,1515.75,22.225
2024-11-06 06:00:00+00:00,27350.5,1695.25,52.675
2024-11-06 07:00:00+00:00,28838.25,1783.25,2650.225
2024-11-06 08:00:00+00:00,28759.25,1783,8941.175
2024-11-06 09:00:00+00:00,28215.75,1726.75,13216.9
2024-11-06 10:00:00+00:00,27933.25,1759.5,14766.1
2024-11-06 11:00:00+00:00,27971,1866.75,15191.9
2024-11-06 12:00:00+00:00,28155.75,1887,15068.875
2024-11-06 13:00:00+00:00,27869.75,1922,14754.2
2024-11-06 14:00:00+00:00,27609.5,1970.75,13894.725
2024-11-06 15:00:00+00:00,27711.75,2043.5,10182.025
2024-11-06 16:00:00+00:00,28218,2267.75,3758.725
2024-11-06 17:00:00+00:00,29938.25,2670.75,428.125
2024-11-06 18:00:00+00:00,30908.5,3163.5,274.4
2024-11-06 19:00:00+00:00,31153.25,3586.5,204.1
2024-11-06 20:00:00+00:00,30025.5,3878,253.15
2024-11-06 21:00:00+00:00,27358.5,4077.5,229.5
2024-11-06 22:00:00+00:00,24870,4242.5,124.9
2024-11-06 23:00:00+00:00,23238.75,4240,46.825
2024-11-07 00:00:00+00:00,21940.75,4200.5,31
2024-11-07 01:00:00+00:00,21126,3907,53.65
2024-11-07 02:00:00+00:00,20789,3816,38.65
2024-11-07 03:00:00+00:00,20783.5,3734.75,33.825
2024-11-07 04:00:00+00:00,21278.25,3792.75,28.4
2024-11-07 05:00:00+00:00,23719.75,3801,19.425
2024-11-07 06:00:00+00:00,27049,3776.75,79.025
2024-11-07 07:00:00+00:00,28495,3722.75,2392.475
2024-11-07 08:00:00+00:00,28481.75,3546.5,8061.8
2024-11-07 09:00:00+00:00,28036,3589.25,12039.1
2024-11-07 10:00:00+00:00,27662.25,3239.25,13638.025
2024-11-07 11:00:00+00:00,27657.5,3009.75,14275.55
2024-11-07 12:00:00+00:00,27918.75,2972.5,14455.575
2024-11-07 13:00:00+00:00,27753.75,2888.75,14083.1
2024-11-07 14:00:00+00:00,27662.5,2895,13110.45
2024-11-07 15:00:00+00:00,27919.75,3024.5,9714.975
2024-11-07 16:00:00+00:00,28447.5,3234.25,3423.925
2024-11-07 17:00:00+00:00,29914,3622.5,385.2
2024-11-07 18:00:00+00:00,30688.75,3928,251.55
2024-11-07 19:00:00+00:00,31138.25,4180,233.55
2024-11-07 20:00:00+00:00,29911.5,4365.75,287.8
2024-11-07 21:00:00+00:00,27329,4412.75,224.675
2024-11-07 22:00:00+00:00,24850,4582.5,127.35
2024-11-07 23:00:00+00:00,23207.5,4509.5,104.1
2024-11-08 00:00:00+00:00,21835,4728,70.7
2024-11-08 01:00:00+00:00,21108.75,4435.5,19.8
2024-11-08 02:00:00+00:00,20841,4324.75,11.075
2024-11-08 03:00:00+00:00,20758.75,4264.5,9.625
2024-11-08 04:00:00+00:00,21282.75,4196,8.05
2024-11-08 05:00:00+00:00,23644.25,4127.75,45.7
2024-11-08 06:00:00+00:00,27037.5,4038,28.35
2024-11-08 07:00:00+00:00,28332,3910,1456.375
2024-11-08 08:00:00+00:00,28388.75,3758.75,4904.4
2024-11-08 09:00:00+00:00,28115.75,3484.75,8087.3
2024-11-08 10:00:00+00:00,27811,3286.25,9554.575
2024-11-08 11:00:00+00:00,27821.25,3139.75,9903.525
2024-11-08 12:00:00+00:00,27894.5,3153.75,9818.35
2024-11-08 13:00:00+00:00,27672,3206,8982.325
2024-11-08 14:00:00+00:00,27349.25,3216.25,7445.75
2024-11-08 15:00:00+00:00,27456.75,3250.5,4667.875
2024-11-08 16:00:00+00:00,28040.75,3345,1479.6
2024-11-08 17:00:00+00:00,29796.75,3525.25,105.5
2024-11-08 18:00:00+00:00,30388,3776.5,116.6
2024-11-08 19:00:00+00:00,30269.75,3974,107.575
2024-11-08 20:00:00+00:00,29183.25,4111.5,226.45
2024-11-08 21:00:00+00:00,26563.25,4065.75,145.1
2024-11-08 22:00:00+00:00,24400,4131.5,132.025
2024-11-08 23:00:00+00:00,23130.5,3918.25,45.675
2024-11-09 00:00:00+00:00,21628.75,3933.75,39.5
2024-11-09 01:00:00+00:00,20647.5,3761.25,30.55
2024-11-09 02:00:00+00:00,20095,3738.25,22.575
2024-11-09 03:00:00+00:00,19823,3756,16.05
2024-11-09 04:00:00+00:00,19720.25,3807.75,8.6
2024-11-09 05:00:00+00:00,20336.75,3872.75,4.65
2024-11-09 06:00:00+00:00,21303.75,3822.5,28.925
2024-11-09 07:00:00+00:00,22252,3692.75,1260.975
2024-11-09 08:00:00+00:00,23574.5,3563,4529.45
2024-11-09 09:00:00+00:00,24434,3638.25,7465.275
2024-11-09 10:00:00+00:00,24435.25,3817.75,9181.75
2024-11-09 11:00:00+00:00,24356.75,3804,10529.35
2024-11-09 12:00:00+00:00,24768.75,4213.5,11324
2024-11-09 13:00:00+00:00,24680.75,4254.75,11392.725
2024-11-09 14:00:00+00:00,23670,4564.75,10614.025
2024-11-09 15:00:00+00:00,23369.75,4945.75,7815.15
2024-11-09 16:00:00+00:00,23742,5434.25,2636.55
2024-11-09 17:00:00+00:00,25501.75,5921.25,283.65
2024-11-09 18:00:00+00:00,26429.25,6489.25,192.075
2024-11-09 19:00:00+00:00,26742.5,6869.75,162.075
2024-11-09 20:00:00+00:00,26358.5,7031,239.375
2024-11-09 21:00:00+00:00,24711,6970,255.475
2024-11-09 22:00:00+00:00,22932.25,6935.5,250.9
2024-11-09 23:00:00+00:00,21248.25,7350.5,63.1
2024-11-10 00:00:00+00:00,19890.75,7233.5,21.575
2024-11-10 01:00:00+00:00,19033.25,7120.25,38.2
2024-11-10 02:00:00+00:00,18543.5,7089.5,63.9
2024-11-10 03:00:00+00:00,18313,7091.25,68.375
2024-11-10 04:00:00+00:00,18288,7001.5,25.475
2024-11-10 05:00:00+00:00,18809.5,6816.75,23.925
2024-11-10 06:00:00+00:00,19479.5,6513.75,39.9
2024-11-10 07:00:00+00:00,19935.75,6132.75,2464.95
2024-11-10 08:00:00+00:00,21095.75,5553.75,8307.475
2024-11-10 09:00:00+00:00,21757.75,5190,12347.85
2024-11-10 10:00:00+00:00,21924,5212.25,13920.475
2024-11-10 11:00:00+00:00,21966,5318.5,14364.275
2024-11-10 12:00:00+00:00,22484,5530.25,14035.7
2024-11-10 13:00:00+00:00,22777.75,5700,13429.175
2024-11-10 14:00:00+00:00,21867.75,5925,12288.45
2024-11-10 15:00:00+00:00,21712.25,6190.5,8045.25
2024-11-10 16:00:00+00:00,22382,6486.5,2621.925
2024-11-10 17:00:00+00:00,24282.75,6795.5,283.275
2024-11-10 18:00:00+00:00,25529.75,6891.75,161.95
2024-11-10 19:00:00+00:00,26364,6849.5,124.575
2024-11-10 20:00:00+00:00,26286,6839.25,217.025
2024-11-10 21:00:00+00:00,24699.25,6883.75,254.125
2024-11-10 22:00:00+00:00,22776.5,6970.5,159.65
2024-11-10 23:00:00+00:00,21052.5,7280,102.5
2024-11-11 00:00:00+00:00,19861,7283.5,72
2024-11-11 01:00:00+00:00,19142.25,7419.5,61.25
2024-11-11 02:00:00+00:00,18928.75,7504.25,51.65
2024-11-11 03:00:00+00:00,18981.75,7540.75,44.6
2024-11-11 04:00:00+00:00,19762.25,7626.5,43.925
2024-11-11 05:00:00+00:00,22628.25,7719.25,74.3
2024-11-11 06:00:00+00:00,26236.75,7710,59.125
2024-11-11 07:00:00+00:00,27955,7858,2465.65
2024-11-11 08:00:00+00:00,28248.5,8006,8518.5
2024-11-11 09:00:00+00:00,28010.25,8448,12961.6
2024-11-11 10:00:00+00:00,27685.5,8923.25,14690.15
2024-11-11 11:00:00+00:00,27793,9445.75,15136.875
2024-11-11 12:00:00+00:00,28173.75,9802.75,14967.775
2024-11-11 13:00:00+00:00,28031.25,10084.5,14669.35
2024-11-11 14:00:00+00:00,27771.5,10338.5,13504.7
2024-11-11 15:00:00+00:00,27754.75,10730.75,9351.8
2024-11-11 16:00:00+00:00,28372.75,11363.75,3095.925
2024-11-11 17:00:00+00:00,29862.75,11937.5,339.425
2024-11-11 18:00:00+00:00,30588.75,12317,222.45
2024-11-11 19:00:00+00:00,31062.5,12616.5,164.525
2024-11-11 20:00:00+00:00,30069.5,12824.5,219.7
2024-11-11 21:00:00+00:00,27036,12819.5,189.75
2024-11-11 22:00:00+00:00,24521.25,12730.75,228.925
2024-11-11 23:00:00+00:00,23438,13132,51.2
2024-11-12 00:00:00+00:00,22192.25,13032.75,34.475
2024-11-12 01:00:00+00:00,21350.75,12896.75,23.725
2024-11-12 02:00:00+00:00,21048.75,12704.75,24.625
2024-11-12 03:00:00+00:00,21029.25,12505,23.775
2024-11-12 04:00:00+00:00,21676,12541.5,23.2
2024-11-12 05:00:00+00:00,24359.25,12594.25,14.2
2024-11-12 06:00:00+00:00,28045.75,12528.75,46.4
2024-11-12 07:00:00+00:00,29517.5,12239,2179.525
2024-11-12 08:00:00+00:00,29379.5,11900.25,8458.3
2024-11-12 09:00:00+00:00,28858,11722.75,12895.9
2024-11-12 10:00:00+00:00,28381.25,11816.75,14290.125
2024-11-12 11:00:00+00:00,28346.75,11852.25,14578.125
2024-11-12 12:00:00+00:00,28743.75,11784.5,14338.95
2024-11-12 13:00:00+00:00,28735.5,11798.25,14077.85
2024-11-12 14:00:00+00:00,28417.25,12022.25,13171.1
2024-11-12 15:00:00+00:00,28625,12345.25,9014.075
2024-11-12 16:00:00+00:00,29454,12764.25,2970.25
2024-11-12 17:00:00+00:00,31016,13075,344.95
2024-11-12 18:00:00+00:00,32088.25,12920,234.025
2024-11-12 19:00:00+00:00,32526.25,12356.5,177
2024-11-12 20:00:00+00:00,31336.75,11595.5,249.975
2024-11-12 21:00:00+00:00,28352.25,10671.25,154.075
2024-11-12 22:00:00+00:00,25721.5,9672.25,113.725
2024-11-12 23:00:00+00:00,23907.25,8148.25,66.275
2024-11-13 00:00:00+00:00,22469.25,7595.25,54.875
2024-11-13 01:00:00+00:00,21702.25,7372.75,44.8
2024-11-13 02:00:00+00:00,21343,7493,25.775
2024-11-13 03:00:00+00:00,21364.25,7884.5,16.6
2024-11-13 04:00:00+00:00,21988,8361.75,7.075
2024-11-13 05:00:00+00:00,24623.25,8976.25,7.25
2024-11-13 06:00:00+00:00,28376.5,9363.25,92.725
2024-11-13 07:00:00+00:00,29967,9639,988.025
2024-11-13 08:00:00+00:00,29982,9879,3917.775
2024-11-13 09:00:00+00:00,29630,10384,6554.25
2024-11-13 10:00:00+00:00,29254,11031.5,7012.575
2024-11-13 11:00:00+00:00,29280,11528,7511.8
2024-11-13 12:00:00+00:00,29604.75,11777.5,6914.05
2024-11-13 13:00:00+00:00,29654.5,12026,6590.325
2024-11-13 14:00:00+00:00,29527.5,12127.25,5949.6
2024-11-13 15:00:00+00:00,29799.5,12041.75,4378.325
2024-11-13 16:00:00+00:00,30508,12024.75,1365.475
2024-11-13 17:00:00+00:00,31981.75,12167.5,132.5
2024-11-13 18:00:00+00:00,32826.25,12353.5,85.575
2024-11-13 19:00:00+00:00,33169.5,12387.25,75.575
2024-11-13 20:00:00+00:00,31862.75,12255.5,179.6
2024-11-13 21:00:00+00:00,28826,12085,195.325
2024-11-13 22:00:00+00:00,26209,11904.25,98.675
2024-11-13 23:00:00+00:00,24255.25,11247.5,50.375
2024-11-14 00:00:00+00:00,22815.75,10930.25,46.1
2024-11-14 01:00:00+00:00,21864.5,10540.75,35.25
2024-11-14 02:00:00+00:00,21575.5,10146.25,33.675
2024-11-14 03:00:00+00:00,21506.5,9681.5,35.575
2024-11-14 04:00:00+00:00,22114.25,9427,6.125
2024-11-14 05:00:00+00:00,24717.25,9363.5,2.775
2024-11-14 06:00:00+00:00,28318,9311,125.1
2024-11-14 07:00:00+00:00,30102.5,9090.25,1157.675
2024-11-14 08:00:00+00:00,30410.75,8671.75,4092.3
2024-11-14 09:00:00+00:00,30279.75,8201.5,6390.7
2024-11-14 10:00:00+00:00,30105,7911.5,7605.1
2024-11-14 11:00:00+00:00,30177.5,7733,8315.9
2024-11-14 12:00:00+00:00,30328.75,7570.5,8279.55
2024-11-14 13:00:00+00:00,30063.75,7512.5,7671.875
2024-11-14 14:00:00+00:00,29621.25,7459,6458.575
2024-11-14 15:00:00+00:00,29603.25,7531.25,3986.875
2024-11-14 16:00:00+00:00,30267,7786,1239.15
2024-11-14 17:00:00+00:00,32147.5,8134,70.375
2024-11-14 18:00:00+00:00,32521.25,8308.5,53.2
2024-11-14 19:00:00+00:00,32829.75,8297.5,33.325
2024-11-14 20:00:00+00:00,31791.5,8208.75,147.25
2024-11-14 21:00:00+00:00,28879.25,7905.75,168.1
2024-11-14 22:00:00+00:00,26219.25,7538,125.65
2024-11-14 23:00:00+00:00,24296.5,7580,18.8
2024-11-15 00:00:00+00:00,22852.75,7143,23.6
2024-11-15 01:00:00+00:00,21868.75,6819.75,24.225
2024-11-15 02:00:00+00:00,21557.75,6443,23.025
2024-11-15 03:00:00+00:00,21447,6112.25,22.175
2024-11-15 04:00:00+00:00,22015.5,6007,12.075
2024-11-15 05:00:00+00:00,24547.5,6041.25,2.55
2024-11-15 06:00:00+00:00,28092.25,6193.25,96.825
2024-11-15 07:00:00+00:00,29775.25,6292,911.4
2024-11-15 08:00:00+00:00,29961.25,6229.5,3793.325
2024-11-15 09:00:00+00:00,29698.75,6077.5,6965.325
2024-11-15 10:00:00+00:00,29307.75,5961.25,8571.475
2024-11-15 11:00:00+00:00,29177.25,5892.25,9098.25
2024-11-15 12:00:00+00:00,29280,5888,9193.05
2024-11-15 13:00:00+00:00,29036.75,5959,8791.275
2024-11-15 14:00:00+00:00,28541.25,6048,7680.675
2024-11-15 15:00:00+00:00,28489.5,6239.75,4834.65
2024-11-15 16:00:00+00:00,29051.75,6691,1330.525
2024-11-15 17:00:00+00:00,30855.75,7211.75,117.55
2024-11-15 18:00:00+00:00,31386,7467.25,91.9
2024-11-15 19:00:00+00:00,31336.75,7502.75,76.45
2024-11-15 20:00:00+00:00,30369,7458.5,138.425
2024-11-15 21:00:00+00:00,27711.5,7371.75,126.55
2024-11-15 22:00:00+00:00,25298.75,7251.5,128.825
2024-11-15 23:00:00+00:00,23914.5,6869.75,61.5
2024-11-16 00:00:00+00:00,22441.25,6587.75,62.45
2024-11-16 01:00:00+00:00,21318,6322.75,107.8
2024-11-16 02:00:00+00:00,20796,6138.5,36.8
2024-11-16 03:00:00+00:00,20520.25,5948.25,48.075
2024-11-16 04:00:00+00:00,20521,5796,12.1
2024-11-16 05:00:00+00:00,21302.75,5713,91.775
2024-11-16 06:00:00+00:00,22533.75,5629.25,12.6
2024-11-16 07:00:00+00:00,23643,5501,802.275
2024-11-16 08:00:00+00:00,24980.5,5235.75,3643.35
2024-11-16 09:00:00+00:00,25691.5,4803,6743.8
2024-11-16 10:00:00+00:00,25468.5,4342,8705.125
2024-11-16 11:00:00+00:00,25159.75,3888.75,9505.525
2024-11-16 12:00:00+00:00,25459.5,3473,9809.2
2024-11-16 13:00:00+00:00,25491.75,3039.75,9548.725
2024-11-16 14:00:00+00:00,24691.75,2758,8339.65
2024-11-16 15:00:00+00:00,24367.5,2656,5190.675
2024-11-16 16:00:00+00:00,24944.25,2751.5,1497.425
2024-11-16 17:00:00+00:00,26655,2941.25,176.575
2024-11-16 18:00:00+00:00,27415.25,3027,120.175
2024-11-16 19:00:00+00:00,27748.75,3065.5,98.775
2024-11-16 20:00:00+00:00,27331.75,3044.75,193.425
2024-11-16 21:00:00+00:00,25315.75,2955.75,216.85
2024-11-16 22:00:00+00:00,23372.75,2860.5,238.975
2024-11-16 23:00:00+00:00,22001.75,3121.25,55.575
2024-11-17 00:00:00+00:00,20615.25,3097,53.675
2024-11-17 01:00:00+00:00,19582,3020.5,46.25
2024-11-17 02:00:00+00:00,19028.5,2986.25,55.325
2024-11-17 03:00:00+00:00,18776.25,2931.5,48.275
2024-11-17 04:00:00+00:00,18759.75,2914,27.425
2024-11-17 05:00:00+00:00,19339.25,2917.75,18.45
2024-11-17 06:00:00+00:00,20049.25,2899.5,18.75
2024-11-17 07:00:00+00:00,20545.75,2818.25,1438.125
2024-11-17 08:00:00+00:00,21781.25,2615.25,5727.9
2024-11-17 09:00:00+00:00,22630.25,2310.5,9322.175
2024-11-17 10:00:00+00:00,22712.25,2154.75,10867.325
2024-11-17 11:00:00+00:00,22877,2025.25,11618.875
2024-11-17 12:00:00+00:00,23518.5,1900.25,12028.5
2024-11-17 13:00:00+00:00,23705.5,1866,11537.525
2024-11-17 14:00:00+00:00,22890.75,1890.75,10168.175
2024-11-17 15:00:00+00:00,22620.5,2015.75,6630.7
2024-11-17 16:00:00+00:00,23380.5,2304,1741
2024-11-17 17:00:00+00:00,25302.5,2590,109.025
2024-11-17 18:00:00+00:00,26512.25,2781.75,66.725
2024-11-17 19:00:00+00:00,27428,2958.5,51.25
2024-11-17 20:00:00+00:00,27201.25,3011.5,121.925
2024-11-17 21:00:00+00:00,25578.5,3204,139.3
2024-11-17 22:00:00+00:00,23482,3202.5,145.75
2024-11-17 23:00:00+00:00,21653.25,3035.5,29.3
2024-11-18 00:00:00+00:00,20478.5,2939.5,31.225
2024-11-18 01:00:00+00:00,19700.25,2651.75,32.525
2024-11-18 02:00:00+00:00,19431.25,2403.75,29.05
2024-11-18 03:00:00+00:00,19544.25,2259,25.4
2024-11-18 04:00:00+00:00,20344.75,2182.25,19.9
2024-11-18 05:00:00+00:00,23329.25,2130.75,155.8
2024-11-18 06:00:00+00:00,27365,2069.25,133.025
2024-11-18 07:00:00+00:00,29155.5,1861,1502.95
2024-11-18 08:00:00+00:00,29332.25,1568,6744.7
2024-11-18 09:00:00+00:00,29024.75,1272,11242.825
2024-11-18 10:00:00+00:00,28473.25,1084.5,13034.925
2024-11-18 11:00:00+00:00,28443,1093.25,13655.35
2024-11-18 12:00:00+00:00,28857,1208.5,13755.875
2024-11-18 13:00:00+00:00,28788.75,1320,13338.6
2024-11-18 14:00:00+00:00,28728,1324.75,11998.925
2024-11-18 15:00:00+00:00,28862.75,1262.25,7791.6
2024-11-18 16:00:00+00:00,29649.5,1324.5,2212.2
2024-11-18 17:00:00+00:00,30978.75,1579.75,294.4
2024-11-18 18:00:00+00:00,31561.5,1963.5,250.175
2024-11-18 19:00:00+00:00,32514.5,2301.5,213.325
2024-11-18 20:00:00+00:00,31192.75,2588.25,278.35
2024-11-18 21:00:00+00:00,28104,2816.25,229.725
2024-11-18 22:00:00+00:00,25416,2988.5,231.95
2024-11-18 23:00:00+00:00,23817.75,2373.5,71.75
2024-11-19 00:00:00+00:00,22482.25,2584.5,78.525
2024-11-19 01:00:00+00:00,21567,2826.25,79.2
2024-11-19 02:00:00+00:00,21246.25,3164.5,64.95
2024-11-19 03:00:00+00:00,21296.75,3557.75,48.525
2024-11-19 04:00:00+00:00,21967.5,3897,44.25
2024-11-19 05:00:00+00:00,24612.75,4128,58.225
2024-11-19 06:00:00+00:00,28564.25,4252.5,39.45
2024-11-19 07:00:00+00:00,30204.75,4295.25,1345.1
2024-11-19 08:00:00+00:00,29974,4162,5504.85
2024-11-19 09:00:00+00:00,29477.25,3974,9371.15
2024-11-19 10:00:00+00:00,28952.5,4212.25,10546.575
2024-11-19 11:00:00+00:00,28922,4896.5,11305.625
2024-11-19 12:00:00+00:00,29232.75,5730.25,11769.525
2024-11-19 13:00:00+00:00,29148,6604.5,11745.4
2024-11-19 14:00:00+00:00,29064.5,7244,10705.65
2024-11-19 15:00:00+00:00,29179.25,7631.75,7326.025
2024-11-19 16:00:00+00:00,30031.5,8130.25,2011.8
2024-11-19 17:00:00+00:00,31626.75,8772.25,195.85
2024-11-19 18:00:00+00:00,32360,9498,176.025
2024-11-19 19:00:00+00:00,32746,10187.75,169.1
2024-11-19 20:00:00+00:00,31470.25,10860.25,224.75
2024-11-19 21:00:00+00:00,28375.25,11463,245.825
2024-11-19 22:00:00+00:00,25745.5,11934.25,235
2024-11-19 23:00:00+00:00,23773,13236,73.725
2024-11-20 00:00:00+00:00,22485.5,13406.5,51.875
2024-11-20 01:00:00+00:00,21588.5,13320,34.975
2024-11-20 02:00:00+00:00,21308,13341.25,18.225
2024-11-20 03:00:00+00:00,21301.75,13505,19.875
2024-11-20 04:00:00+00:00,21937.75,13780,23.95
2024-11-20 05:00:00+00:00,24626.75,14040,90.15
2024-11-20 06:00:00+00:00,28417.25,14156.75,55.4
2024-11-20 07:00:00+00:00,30157,14104,1142.625
2024-11-20 08:00:00+00:00,30163.75,13923,5222.325
2024-11-20 09:00:00+00:00,29790.75,13752,9524.4
2024-11-20 10:00:00+00:00,29468,13627.25,11477.925
2024-11-20 11:00:00+00:00,29299,13554.25,12385.85
2024-11-20 12:00:00+00:00,29457.75,13613.25,12742.8
2024-11-20 13:00:00+00:00,29297.5,13680.75,12505.4
2024-11-20 14:00:00+00:00,29110.5,13652.75,11383.5
2024-11-20 15:00:00+00:00,29295.5,13601.5,7525.175
2024-11-20 16:00:00+00:00,30163.25,13681.75,2140.5
2024-11-20 17:00:00+00:00,31652.25,14028,265.95
2024-11-20 18:00:00+00:00,32413.25,13896.25,173.575
2024-11-20 19:00:00+00:00,32869,13857,128.975
2024-11-20 20:00:00+00:00,31570,13873.75,202.8
2024-11-20 21:00:00+00:00,28451,13789.75,205.75
2024-11-20 22:00:00+00:00,25761.75,13832.25,175.5
2024-11-20 23:00:00+00:00,23954.5,15532,44.525
2024-11-21 00:00:00+00:00,22586,15655.75,36.525
2024-11-21 01:00:00+00:00,21662.5,15770.5,31.875
2024-11-21 02:00:00+00:00,21352.25,15878.25,27.35
2024-11-21 03:00:00+00:00,21307.5,15968,17.325
2024-11-21 04:00:00+00:00,21948,16086.5,8.175
2024-11-21 05:00:00+00:00,24583.75,16140.5,5.45
2024-11-21 06:00:00+00:00,28440,16174.5,7.475
2024-11-21 07:00:00+00:00,29975.25,16146.25,755.475
2024-11-21 08:00:00+00:00,29966,16075.5,3724.95
2024-11-21 09:00:00+00:00,29540.5,16163.5,6842.175
2024-11-21 10:00:00+00:00,29049,16425.5,8455.1
2024-11-21 11:00:00+00:00,29079.25,16380.5,9092.5
2024-11-21 12:00:00+00:00,29158,16736.25,9018.875
2024-11-21 13:00:00+00:00,29092,16946,8703.125
2024-11-21 14:00:00+00:00,29034.5,17643.25,7505.725
2024-11-21 15:00:00+00:00,29275.5,17756,4641.45
2024-11-21 16:00:00+00:00,30353.25,18072.25,1129.175
2024-11-21 17:00:00+00:00,32101,17785.75,80.5
2024-11-21 18:00:00+00:00,32564.25,17451,55.15
2024-11-21 19:00:00+00:00,32734,17331.75,41.35
2024-11-21 20:00:00+00:00,31684.75,17070.25,59.475
2024-11-21 21:00:00+00:00,28672.25,16806.75,47.175
2024-11-21 22:00:00+00:00,25943.5,16683,39.575
2024-11-21 23:00:00+00:00,24142,16542,14.675
2024-11-22 00:00:00+00:00,22697,16210,13.475
2024-11-22 01:00:00+00:00,21955.25,15896,15
2024-11-22 02:00:00+00:00,21581,15513,11.025
2024-11-22 03:00:00+00:00,21576,15029,7.225
2024-11-22 04:00:00+00:00,22197,14501.75,17.4
2024-11-22 05:00:00+00:00,24867.5,13849.75,5.225
2024-11-22 06:00:00+00:00,28721.5,13151.5,12.925
2024-11-22 07:00:00+00:00,30450.25,12338.5,823.025
2024-11-22 08:00:00+00:00,30543,11519.5,3769.8
2024-11-22 09:00:00+00:00,30220,10838.5,7005.325
2024-11-22 10:00:00+00:00,29966.75,10190.75,8323
2024-11-22 11:00:00+00:00,29967.5,9565,8963.15
2024-11-22 12:00:00+00:00,30228,8789.25,9098.175
2024-11-22 13:00:00+00:00,29952.25,8009.75,9037.825
2024-11-22 14:00:00+00:00,29491,7029.75,7726.9
2024-11-22 15:00:00+00:00,29452,5996,4821.95
2024-11-22 16:00:00+00:00,30186.25,5105,1327.05
2024-11-22 17:00:00+00:00,31871,4459.25,109.025
2024-11-22 18:00:00+00:00,32309.5,4206.75,77.175
2024-11-22 19:00:00+00:00,32275.75,4238.5,56.375
2024-11-22 20:00:00+00:00,31182.5,4622.75,137.5
2024-11-22 21:00:00+00:00,28317.5,5086,141.375
2024-11-22 22:00:00+00:00,25799.5,5604.25,135.55
2024-11-22 23:00:00+00:00,24272,5964.5,15.95
2024-11-23 00:00:00+00:00,22768.75,6542.25,13.45
2024-11-23 01:00:00+00:00,21506.25,7079.75,13.4
2024-11-23 02:00:00+00:00,20907.5,7592.25,15.25
2024-11-23 03:00:00+00:00,20648.25,8045,18.175
2024-11-23 04:00:00+00:00,20625,8450.25,17.3
2024-11-23 05:00:00+00:00,21454.75,8874.5,16.375
2024-11-23 06:00:00+00:00,22758.25,9317,17
2024-11-23 07:00:00+00:00,23834,9595,879.5
2024-11-23 08:00:00+00:00,25263.25,9721.5,4901.175
2024-11-23 09:00:00+00:00,25915.75,9537.5,9190.175
2024-11-23 10:00:00+00:00,25711.75,9768.5,10913.825
2024-11-23 11:00:00+00:00,25479.75,10089.75,11999.475
2024-11-23 12:00:00+00:00,25711.5,9894,12244.9
2024-11-23 13:00:00+00:00,25710.25,9796.25,12138.825
2024-11-23 14:00:00+00:00,25027.5,10030.75,11066.475
2024-11-23 15:00:00+00:00,24787.5,10398,6765.975
2024-11-23 16:00:00+00:00,25440,11037,1988.5
2024-11-23 17:00:00+00:00,27259.75,11563,301.05
2024-11-23 18:00:00+00:00,27825,11892.75,249.475
2024-11-23 19:00:00+00:00,28188,12105,226.675
2024-11-23 20:00:00+00:00,27808.25,12140,255.65
2024-11-23 21:00:00+00:00,25896.25,12063,217.2
2024-11-23 22:00:00+00:00,23918.75,11977.25,207.125
2024-11-23 23:00:00+00:00,22258.75,12666.5,91.575
2024-11-24 00:00:00+00:00,20761.75,12706.25,81.475
2024-11-24 01:00:00+00:00,19694,12736.75,71.875
2024-11-24 02:00:00+00:00,19131.5,12594.75,66.325
2024-11-24 03:00:00+00:00,18877.25,12491,58.225
2024-11-24 04:00:00+00:00,18845.25,12337.5,35.9
2024-11-24 05:00:00+00:00,19440.25,12054.5,22.975
2024-11-24 06:00:00+00:00,20380,12165,22.575
2024-11-24 07:00:00+00:00,20909.25,12192,1044.4
2024-11-24 08:00:00+00:00,21974.75,12140.25,4689.75
2024-11-24 09:00:00+00:00,22810,11849.25,8169.15
2024-11-24 10:00:00+00:00,22966,11807,9419.075
2024-11-24 11:00:00+00:00,23053.25,11946.75,9833.75
2024-11-24 12:00:00+00:00,23710.5,12315.25,9409.675
2024-11-24 13:00:00+00:00,23891.75,12722.25,8530.45
2024-11-24 14:00:00+00:00,23118.5,12806,6704.25
2024-11-24 15:00:00+00:00,23022.75,13264.25,3376.35
2024-11-24 16:00:00+00:00,23836.25,13595.75,789.55
2024-11-24 17:00:00+00:00,25887.25,13538.25,67.475
2024-11-24 18:00:00+00:00,26851.5,13402.5,65.025
2024-11-24 19:00:00+00:00,27750.25,13083.75,65.225
2024-11-24 20:00:00+00:00,27459.25,12940.5,90
2024-11-24 21:00:00+00:00,25780.75,13259.25,89
2024-11-24 22:00:00+00:00,23701.5,13628.5,82.425
2024-11-24 23:00:00+00:00,22034.5,14335,54.025
2024-11-25 00:00:00+00:00,20818.75,14500.25,53.1
2024-11-25 01:00:00+00:00,19927.5,14580.75,39.5
2024-11-25 02:00:00+00:00,19617.25,14760.5,24.925
2024-11-25 03:00:00+00:00,19727.25,15009.25,10.7
2024-11-25 04:00:00+00:00,20591.75,15005.5,2.325
2024-11-25 05:00:00+00:00,23599.25,14585,1.2
2024-11-25 06:00:00+00:00,27765,14324,8.05
2024-11-25 07:00:00+00:00,29678.75,13944,464.75
2024-11-25 08:00:00+00:00,29938.25,13428,2454.525
2024-11-25 09:00:00+00:00,29665.75,12545.75,5049.9
2024-11-25 10:00:00+00:00,29290.75,11723.75,6553.45
2024-11-25 11:00:00+00:00,29216.5,11548,7605.875
2024-11-25 12:00:00+00:00,29542,11415.5,8085.5
2024-11-25 13:00:00+00:00,29548.25,11062,7989.625
2024-11-25 14:00:00+00:00,29557.5,10318.75,7213.925
2024-11-25 15:00:00+00:00,29702.5,9329.25,4835.5
2024-11-25 16:00:00+00:00,30496.75,8676.75,1461.475
2024-11-25 17:00:00+00:00,32071.75,8444.25,193.95
2024-11-25 18:00:00+00:00,32427.75,7813,169.35
2024-11-25 19:00:00+00:00,32895.75,7293.25,111.55
2024-11-25 20:00:00+00:00,31829.5,6729,223.575
2024-11-25 21:00:00+00:00,28594.25,6127.5,246.975
2024-11-25 22:00:00+00:00,25809.75,5618,250.175
2024-11-25 23:00:00+00:00,23869,7296,41.4
2024-11-26 00:00:00+00:00,22502.5,7361.25,55.325
2024-11-26 01:00:00+00:00,21598.5,7205.25,45.6
2024-11-26 02:00:00+00:00,21272.75,6394,46
2024-11-26 03:00:00+00:00,21301.5,5877,33.425
2024-11-26 04:00:00+00:00,22030.25,5411.5,26.05
2024-11-26 05:00:00+00:00,24738.75,4924.25,55.325
2024-11-26 06:00:00+00:00,28620.5,4364,88.925
2024-11-26 07:00:00+00:00,30491.5,3793.75,895.95
2024-11-26 08:00:00+00:00,30636,3091.75,4557.6
2024-11-26 09:00:00+00:00,30292.75,2908.25,8126.875
2024-11-26 10:00:00+00:00,29961.75,2962,9732.15
2024-11-26 11:00:00+00:00,29919.25,3003.5,10556.025
2024-11-26 12:00:00+00:00,30213.75,3145.5,10695.45
2024-11-26 13:00:00+00:00,29978,3196.25,9972.625
2024-11-26 14:00:00+00:00,29762.75,3256.5,8313
2024-11-26 15:00:00+00:00,29874,3278,5006.975
2024-11-26 16:00:00+00:00,30769.75,3501.25,1152.025
2024-11-26 17:00:00+00:00,32249.25,3294.75,186.175
2024-11-26 18:00:00+00:00,32944.75,3570.5,96.275
2024-11-26 19:00:00+00:00,33321,3897.75,72.45
2024-11-26 20:00:00+00:00,32084.25,4014.25,216.775
2024-11-26 21:00:00+00:00,29127.5,4070.75,234.925
2024-11-26 22:00:00+00:00,26201,3976,235.275
2024-11-26 23:00:00+00:00,24198.25,4040,134.625
2024-11-27 00:00:00+00:00,22799.5,4017.75,116.775
2024-11-27 01:00:00+00:00,21299.5,3975.25,108.975
2024-11-27 02:00:00+00:00,21435,4041.5,90.475
2024-11-27 03:00:00+00:00,21483.75,3937.25,94.875
2024-11-27 04:00:00+00:00,22121.25,3861.25,93.65
2024-11-27 05:00:00+00:00,24924.25,3834.5,86.05
2024-11-27 06:00:00+00:00,29351.75,3537.5,74.725
2024-11-27 07:00:00+00:00,31084.5,3439.25,1283.95
2024-11-27 08:00:00+00:00,31112.5,3258.5,6286.3
2024-11-27 09:00:00+00:00,30433.5,2904.5,11244.375
2024-11-27 10:00:00+00:00,30286.75,2646,13262.35
2024-11-27 11:00:00+00:00,30051.25,2529.25,13858.725
2024-11-27 12:00:00+00:00,30347.75,2489,13943.3
2024-11-27 13:00:00+00:00,30148.25,2409.5,13743.35
2024-11-27 14:00:00+00:00,29799.25,2303,12528.975
2024-11-27 15:00:00+00:00,30112.75,2190.25,8049.1
2024-11-27 16:00:00+00:00,30871.25,2280.5,2361.275
2024-11-27 17:00:00+00:00,32388.5,2306.75,345.775
2024-11-27 18:00:00+00:00,33086.75,2473.75,262.675
2024-11-27 19:00:00+00:00,33645.75,2659.75,230.125
2024-11-27 20:00:00+00:00,32890.5,2823.25,249.5
2024-11-27 21:00:00+00:00,29364.25,3062.75,254.4
2024-11-27 22:00:00+00:00,26505.5,3156.25,275.175
2024-11-27 23:00:00+00:00,25028.75,3015,134.8
2024-11-28 00:00:00+00:00,24114.5,3062.5,112.375
2024-11-28 01:00:00+00:00,22543,3105,100.125
2024-11-28 02:00:00+00:00,22168.5,3225.5,99.15
2024-11-28 03:00:00+00:00,22081.25,3336.25,86
2024-11-28 04:00:00+00:00,22585,3432.25,65.05
2024-11-28 05:00:00+00:00,24895.75,3522.5,38.15
2024-11-28 06:00:00+00:00,28653.25,3606.75,25.925
2024-11-28 07:00:00+00:00,30998.5,3546.25,1286.55
2024-11-28 08:00:00+00:00,31440,3469.5,5902.675
2024-11-28 09:00:00+00:00,30819,3271,10889.75
2024-11-28 10:00:00+00:00,30405.75,3051.75,12954.575
2024-11-28 11:00:00+00:00,30016.75,2773,13614.725
2024-11-28 12:00:00+00:00,29976.75,2565.5,13593.525
2024-11-28 13:00:00+00:00,29852,2508.75,13338.075
2024-11-28 14:00:00+00:00,29700.5,2553.75,11963.6
2024-11-28 15:00:00+00:00,29760.5,2814.5,7445.1
2024-11-28 16:00:00+00:00,30673.75,3113.25,2104.85
2024-11-28 17:00:00+00:00,32293.25,3548.5,214.725
2024-11-28 18:00:00+00:00,33044.25,3856,162.75
2024-11-28 19:00:00+00:00,33721.75,4277.75,131.025
2024-11-28 20:00:00+00:00,33331,4735.75,111.825
2024-11-28 21:00:00+00:00,30595.5,5136,90.975
2024-11-28 22:00:00+00:00,27576,5431.75,77.725
2024-11-28 23:00:00+00:00,25099,5863.75,62.275
2024-11-29 00:00:00+00:00,23656.25,6102.75,50.25
2024-11-29 01:00:00+00:00,22612,6333.25,43.25
2024-11-29 02:00:00+00:00,22258.25,6571.5,32.725
2024-11-29 03:00:00+00:00,22273.5,6780.75,25
2024-11-29 04:00:00+00:00,22916.75,6988.75,15.825
2024-11-29 05:00:00+00:00,25532,7066.5,5.825
2024-11-29 06:00:00+00:00,29692.25,6444.75,3.025
2024-11-29 07:00:00+00:00,31415.25,6105,977.8
2024-11-29 08:00:00+00:00,31326.5,6409.75,4168.475
2024-11-29 09:00:00+00:00,30836.25,6021.75,8378.45
2024-11-29 10:00:00+00:00,30356.25,5440,10203.375
2024-11-29 11:00:00+00:00,29859.25,5299.75,10837.9
2024-11-29 12:00:00+00:00,29877,5264,11087.3
2024-11-29 13:00:00+00:00,29665.5,5076,10744.325
2024-11-29 14:00:00+00:00,29410.25,4716,9223.1
2024-11-29 15:00:00+00:00,29620,4528.5,5585.1
2024-11-29 16:00:00+00:00,30434,4662,1503
2024-11-29 17:00:00+00:00,32035.5,4256.75,93.1
2024-11-29 18:00:00+00:00,32492.25,4202.75,74.175
2024-11-29 19:00:00+00:00,32493,4246.25,54.4
2024-11-29 20:00:00+00:00,31667,4269.25,56.625
2024-11-29 21:00:00+00:00,28679.5,4343,51.1
2024-11-29 22:00:00+00:00,26194.75,4822.25,48.925
2024-11-29 23:00:00+00:00,24604,4660.75,47.35
2024-11-30 00:00:00+00:00,22991.25,4609,45.95
2024-11-30 01:00:00+00:00,21765.75,4530,51
2024-11-30 02:00:00+00:00,21140,4411.25,57.975
2024-11-30 03:00:00+00:00,20856.25,4282,53.525
2024-11-30 04:00:00+00:00,20862.75,4136,41.1
2024-11-30 05:00:00+00:00,21587.75,4015.5,27.425
2024-11-30 06:00:00+00:00,23080.75,3989.5,23.675
2024-11-30 07:00:00+00:00,24462.5,3993.75,1068.775
2024-11-30 08:00:00+00:00,25843.25,3910,5577.725
2024-11-30 09:00:00+00:00,26388.5,3619,10407.025
2024-11-30 10:00:00+00:00,26029.75,3402.5,12104.525
2024-11-30 11:00:00+00:00,25579.25,3321,12554.95
2024-11-30 12:00:00+00:00,25745.75,3466.25,12535.05
2024-11-30 13:00:00+00:00,25727.25,3627.25,12646
2024-11-30 14:00:00+00:00,25085,3884.5,11710.6
2024-11-30 15:00:00+00:00,25035.75,4415.75,7176.75
2024-11-30 16:00:00+00:00,25788.5,4797.5,2076.975
2024-11-30 17:00:00+00:00,27598.75,5122.5,213.375
2024-11-30 18:00:00+00:00,27988.25,5228.25,182.425
2024-11-30 19:00:00+00:00,28510.25,5471.75,149.5
2024-11-30 20:00:00+00:00,28210.5,5906.75,137.95
2024-11-30 21:00:00+00:00,26251,6222.25,121.55
2024-11-30 22:00:00+00:00,24108.25,6149.25,107.325
2024-11-30 23:00:00+00:00,22436,5839.75,87.45
2024-12-01 00:00:00+00:00,21038.25,5683.5,96.575
2024-12-01 01:00:00+00:00,19898.75,5423,69.8
2024-12-01 02:00:00+00:00,19255.5,5378.25,43.825
2024-12-01 03:00:00+00:00,19021,5188.25,14.725
2024-12-01 04:00:00+00:00,19047,4960.25,0.225
2024-12-01 05:00:00+00:00,19630.75,4622.25,0
2024-12-01 06:00:00+00:00,20574.25,4323.25,0.075
2024-12-01 07:00:00+00:00,21267.25,4033.5,674.675
2024-12-01 08:00:00+00:00,22582.5,3743.5,4101.5
2024-12-01 09:00:00+00:00,23337.5,3571.5,7210.85
2024-12-01 10:00:00+00:00,23354.5,3336.75,8493.35
2024-12-01 11:00:00+00:00,23245.25,3164,9000.075
2024-12-01 12:00:00+00:00,23835,3002.5,8945.05
2024-12-01 13:00:00+00:00,24136.5,2594.5,8601.8
2024-12-01 14:00:00+00:00,23434,2411.25,7593.45
2024-12-01 15:00:00+00:00,23402.25,2359.5,4437.5
2024-12-01 16:00:00+00:00,24512,2479,902.3
2024-12-01 17:00:00+00:00,26449.75,2594,11.65
2024-12-01 18:00:00+00:00,27337,2544.25,10.35
2024-12-01 19:00:00+00:00,28253,2515,7.625
2024-12-01 20:00:00+00:00,28029,2459,9.2
2024-12-01 21:00:00+00:00,26349,2487.75,14.55
2024-12-01 22:00:00+00:00,24095,2499.25,21.025
2024-12-01 23:00:00+00:00,22211.75,2812.5,26.55
2024-12-02 00:00:00+00:00,20893.25,2757.75,28.25
2024-12-02 01:00:00+00:00,20050.5,2753,26.475
2024-12-02 02:00:00+00:00,19722,2801.25,17.8
2024-12-02 03:00:00+00:00,19874.5,2907.5,4.8
2024-12-02 04:00:00+00:00,20744,2839.25,0
2024-12-02 05:00:00+00:00,23859.5,2941.5,0
2024-12-02 06:00:00+00:00,28203,2842,0.15
2024-12-02 07:00:00+00:00,30342.75,2716.75,802.925
2024-12-02 08:00:00+00:00,30630.5,2566.25,4076.075
2024-12-02 09:00:00+00:00,30336,2234.75,7177.875
2024-12-02 10:00:00+00:00,30028.75,2062,8440.175
2024-12-02 11:00:00+00:00,29769.25,2241.25,9280.925
2024-12-02 12:00:00+00:00,30011.5,2600.75,9459.375
2024-12-02 13:00:00+00:00,29811.5,3011.25,9221.1
2024-12-02 14:00:00+00:00,29838,3411.5,8210.05
2024-12-02 15:00:00+00:00,30246.25,3909.5,5370.3
2024-12-02 16:00:00+00:00,31046.5,4463,1578.325
2024-12-02 17:00:00+00:00,32303.25,5079.25,70.275
2024-12-02 18:00:00+00:00,32870.5,5473.5,55.775
2024-12-02 19:00:00+00:00,33129,5699.75,50.725
2024-12-02 20:00:00+00:00,32084,5665.25,53.4
2024-12-02 21:00:00+00:00,28896.5,5507.5,64.025
2024-12-02 22:00:00+00:00,26130.75,5324,74.6
2024-12-02 23:00:00+00:00,24523.75,4078.5,78.825
2024-12-03 00:00:00+00:00,22974.75,4048.75,82.525
2024-12-03 01:00:00+00:00,22041,3909.75,82.65
2024-12-03 02:00:00+00:00,21673.5,3754,72.125
2024-12-03 03:00:00+00:00,21723.5,3676,54.5
2024-12-03 04:00:00+00:00,22393.25,3655,29.5
2024-12-03 05:00:00+00:00,25099.25,3623.5,12.775
2024-12-03 06:00:00+00:00,29304.75,3496.5,7.525
2024-12-03 07:00:00+00:00,31302,3339.5,912.5
2024-12-03 08:00:00+00:00,31405,3216,4761.85
2024-12-03 09:00:00+00:00,30796.5,3157.75,8601.825
2024-12-03 10:00:00+00:00,30387.5,3412.25,9806.35
2024-12-03 11:00:00+00:00,30142.5,4031,10710.15
2024-12-03 12:00:00+00:00,30247.25,4860.25,10831.05
2024-12-03 13:00:00+00:00,30208.75,5562,10415.3
2024-12-03 14:00:00+00:00,30132.5,6207.5,9269.4
2024-12-03 15:00:00+00:00,30370.25,6573.5,6206.775
2024-12-03 16:00:00+00:00,31466.75,7018.25,1871.5
2024-12-03 17:00:00+00:00,32945.25,7453.5,182.175
2024-12-03 18:00:00+00:00,33537,7978.75,141.375
2024-12-03 19:00:00+00:00,34180.75,8123.75,121.85
2024-12-03 20:00:00+00:00,32960,8148.25,104.55
2024-12-03 21:00:00+00:00,29503.25,8587.75,95.625
2024-12-03 22:00:00+00:00,26869.75,8569.75,93.5
2024-12-03 23:00:00+00:00,24821.25,8734.75,83.65
2024-12-04 00:00:00+00:00,23322.75,9040.25,72.175
2024-12-04 01:00:00+00:00,22322.75,9345.5,58.35
2024-12-04 02:00:00+00:00,21957.25,9885.5,41.975
2024-12-04 03:00:00+00:00,21899.5,10584.75,25.1
2024-12-04 04:00:00+00:00,22632.25,11063,7.7
2024-12-04 05:00:00+00:00,25359.75,11263.75,0
2024-12-04 06:00:00+00:00,29514.5,11115.25,0.5
2024-12-04 07:00:00+00:00,31390,10204.75,900.625
2024-12-04 08:00:00+00:00,31557.5,10625.75,4986.5
2024-12-04 09:00:00+00:00,31010.5,10277.25,8778.65
2024-12-04 10:00:00+00:00,30479.5,9945,9742.5
2024-12-04 11:00:00+00:00,30188.75,9447,10536.675
2024-12-04 12:00:00+00:00,30345.75,8860.75,10624.6
2024-12-04 13:00:00+00:00,30202.75,8159.25,10278.05
2024-12-04 14:00:00+00:00,30123.75,7647.25,9124.775
2024-12-04 15:00:00+00:00,30534.5,7388.75,6090.925
2024-12-04 16:00:00+00:00,31386.75,7544.25,1955.55
2024-12-04 17:00:00+00:00,32796.25,7302.75,169.875
2024-12-04 18:00:00+00:00,33445.5,7379.25,122.9
2024-12-04 19:00:00+00:00,33950.5,7181.25,100.625
2024-12-04 20:00:00+00:00,32724.25,6886,80.375
2024-12-04 21:00:00+00:00,29622.75,6398.25,70.725
2024-12-04 22:00:00+00:00,26750.5,6771.75,68.7
2024-12-04 23:00:00+00:00,25084.5,6557.25,61.675
2024-12-05 00:00:00+00:00,23602,6552.5,54.45
2024-12-05 01:00:00+00:00,22669.5,6645.75,46.6
2024-12-05 02:00:00+00:00,22303.5,6559.75,33.875
2024-12-05 03:00:00+00:00,22238,6782.75,19.575
2024-12-05 04:00:00+00:00,23025.25,7063.25,6.975
2024-12-05 05:00:00+00:00,25728.5,6860.75,0.525
2024-12-05 06:00:00+00:00,29817,6734,0.35
2024-12-05 07:00:00+00:00,31625.25,6580.75,984.575
2024-12-05 08:00:00+00:00,31469.5,7407.5,4787.925
2024-12-05 09:00:00+00:00,30824.25,6779.25,8460.825
2024-12-05 10:00:00+00:00,30251.25,6430.25,9321.225
2024-12-05 11:00:00+00:00,30126.5,6485.25,10116.25
2024-12-05 12:00:00+00:00,30362.75,6713.25,10207.175
2024-12-05 13:00:00+00:00,30286.75,6914,9956.475
2024-12-05 14:00:00+00:00,30152.25,6952,9068.95
2024-12-05 15:00:00+00:00,30524.5,7240.75,6125.825
2024-12-05 16:00:00+00:00,31394.25,7436.25,1751.325
2024-12-05 17:00:00+00:00,32992.25,8009.5,111.875
2024-12-05 18:00:00+00:00,33399.25,8241.75,77.325
2024-12-05 19:00:00+00:00,33836.5,8292.25,64.175
2024-12-05 20:00:00+00:00,32808,8357.75,54.925
2024-12-05 21:00:00+00:00,29967.5,8349,54.05
2024-12-05 22:00:00+00:00,27145,8434.5,57.4
2024-12-05 23:00:00+00:00,25232,9417.25,54.7
2024-12-06 00:00:00+00:00,23596.75,9685.75,48.875
2024-12-06 01:00:00+00:00,22468.5,9709.75,40.925
2024-12-06 02:00:00+00:00,21808.25,9680.25,29.15
2024-12-06 03:00:00+00:00,21431.75,9585,16.725
2024-12-06 04:00:00+00:00,21380.5,9540.75,5.425
2024-12-06 05:00:00+00:00,22204.5,9430,0
2024-12-06 06:00:00+00:00,23184.75,9290,0
2024-12-06 07:00:00+00:00,23471.25,9182.75,404.15
2024-12-06 08:00:00+00:00,24379.5,8815.5,4035.85
2024-12-06 09:00:00+00:00,24940.25,7909.5,8139.425
2024-12-06 10:00:00+00:00,25067.25,7245.25,9828.475
2024-12-06 11:00:00+00:00,24778.25,7230.5,10308.45
2024-12-06 12:00:00+00:00,25167.75,7482.75,10407.4
2024-12-06 13:00:00+00:00,25583.75,7558.5,10143.625
2024-12-06 14:00:00+00:00,24954.25,7750,9116.3
2024-12-06 15:00:00+00:00,24801.25,8002.5,5947.95
2024-12-06 16:00:00+00:00,25271.5,8317.75,1772.525
2024-12-06 17:00:00+00:00,26953.75,8210,144.85
2024-12-06 18:00:00+00:00,27676.75,8155.75,107.725
2024-12-06 19:00:00+00:00,28317.5,8012.25,90.775
2024-12-06 20:00:00+00:00,28448.25,7903.5,77.45
2024-12-06 21:00:00+00:00,26971.5,8084.5,74.8
2024-12-06 22:00:00+00:00,25056.25,8691.25,77.675
2024-12-06 23:00:00+00:00,23209,8204,77.21900826
2024-12-07 00:00:00+00:00,21492.5,9467.25,76.76301653
2024-12-07 01:00:00+00:00,20444.5,9907.25,76.30702479
2024-12-07 02:00:00+00:00,19802.25,10327,75.85103306
2024-12-07 03:00:00+00:00,19542.75,10625,75.39504132
2024-12-07 04:00:00+00:00,19746.5,11109,74.93904959
2024-12-07 05:00:00+00:00,20653.25,11715.75,74.48305785
2024-12-07 06:00:00+00:00,22267.5,11684.75,74.02706612
2024-12-07 07:00:00+00:00,23781.5,12585.75,73.57107438
2024-12-07 08:00:00+00:00,25195.5,13723,73.11508264
2024-12-07 09:00:00+00:00,25778.5,14182.25,72.65909091
2024-12-07 10:00:00+00:00,25506.75,14595,72.20309917
2024-12-07 11:00:00+00:00,25181,14918.75,71.74710744
2024-12-07 12:00:00+00:00,25494.75,13922.75,71.2911157
2024-12-07 13:00:00+00:00,25366.5,14422.25,70.83512397
2024-12-07 14:00:00+00:00,24857.75,14713,70.37913223
2024-12-07 15:00:00+00:00,24823,15981,69.9231405
2024-12-07 16:00:00+00:00,25643,16258.25,69.46714876
2024-12-07 17:00:00+00:00,27216.5,15477.25,69.01115702
2024-12-07 18:00:00+00:00,27574.5,15484,68.55516529
2024-12-07 19:00:00+00:00,27788.75,15347.25,68.09917355
2024-12-07 20:00:00+00:00,27602.75,15251.25,67.64318182
2024-12-07 21:00:00+00:00,25838,15878.5,67.18719008
2024-12-07 22:00:00+00:00,23826,15894.75,66.73119835
2024-12-07 23:00:00+00:00,22492.25,16172.5,66.27520661
2024-12-08 00:00:00+00:00,21218.25,17191.5,65.81921488
2024-12-08 01:00:00+00:00,20134,17278.5,65.36322314
2024-12-08 02:00:00+00:00,19538,17295,64.9072314
2024-12-08 03:00:00+00:00,19281.5,16600.5,64.45123967
2024-12-08 04:00:00+00:00,19311.5,16394.75,63.99524793
2024-12-08 05:00:00+00:00,19927,15682.75,63.5392562
2024-12-08 06:00:00+00:00,20957.75,15871.5,63.08326446
2024-12-08 07:00:00+00:00,21639,15960.25,62.62727273
2024-12-08 08:00:00+00:00,23155.5,15815,62.17128099
2024-12-08 09:00:00+00:00,24304,15499.5,61.71528926
2024-12-08 10:00:00+00:00,24444.25,15147,61.25929752
2024-12-08 11:00:00+00:00,24493.75,14954.75,60.80330579
2024-12-08 12:00:00+00:00,25043.25,14702.25,60.34731405
2024-12-08 13:00:00+00:00,25287.25,14893,59.89132231
2024-12-08 14:00:00+00:00,24399.75,15340.75,59.43533058
2024-12-08 15:00:00+00:00,24345,15778.75,58.97933884
2024-12-08 16:00:00+00:00,25595.25,16045.25,58.52334711
2024-12-08 17:00:00+00:00,27690.25,16281.25,58.06735537
2024-12-08 18:00:00+00:00,28449.5,16504,57.61136364
2024-12-08 19:00:00+00:00,29393.75,16269,57.1553719
2024-12-08 20:00:00+00:00,29001.75,16587,56.69938017
2024-12-08 21:00:00+00:00,27250,16674.5,56.24338843
2024-12-08 22:00:00+00:00,24935.5,16596,55.78739669
2024-12-08 23:00:00+00:00,23001.25,15676.75,55.33140496
2024-12-09 00:00:00+00:00,21593.25,15570.5,54.87541322
2024-12-09 01:00:00+00:00,20725,15523.25,54.41942149
2024-12-09 02:00:00+00:00,20315.25,15546.75,53.96342975
2024-12-09 03:00:00+00:00,20076.5,15611.75,53.50743802
2024-12-09 04:00:00+00:00,20633.75,15647.75,53.05144628
2024-12-09 05:00:00+00:00,22891.25,15613.25,52.59545455
2024-12-09 06:00:00+00:00,25766.5,15442.75,52.13946281
2024-12-09 07:00:00+00:00,27290,15117,51.68347107
2024-12-09 08:00:00+00:00,27969.5,14957.25,51.22747934
2024-12-09 09:00:00+00:00,28483.5,15054,50.7714876
2024-12-09 10:00:00+00:00,28814.75,15320.25,50.31549587
2024-12-09 11:00:00+00:00,28707.25,15595.75,49.85950413
2024-12-09 12:00:00+00:00,29217,15623.25,49.4035124
2024-12-09 13:00:00+00:00,29474,15627.75,48.94752066
2024-12-09 14:00:00+00:00,28899.25,15576.5,48.49152893
2024-12-09 15:00:00+00:00,29126.25,15419.5,48.03553719
2024-12-09 16:00:00+00:00,30194.5,15386,47.57954545
2024-12-09 17:00:00+00:00,32051.75,15323.5,47.12355372
2024-12-09 18:00:00+00:00,32375,15088.25,46.66756198
2024-12-09 19:00:00+00:00,33217,14466.25,46.21157025
2024-12-09 20:00:00+00:00,32872.75,13789.25,45.75557851
2024-12-09 21:00:00+00:00,30024.75,12900,45.29958678
2024-12-09 22:00:00+00:00,27095.75,12161.75,44.84359504
2024-12-09 23:00:00+00:00,25450.25,11781.25,44.38760331
2024-12-10 00:00:00+00:00,23490.25,11341,43.93161157
2024-12-10 01:00:00+00:00,22586.25,11076.5,43.47561983
2024-12-10 02:00:00+00:00,22509,10726,43.0196281
2024-12-10 03:00:00+00:00,22485.75,10284.75,42.56363636
2024-12-10 04:00:00+00:00,23480.5,9932.25,42.10764463
2024-12-10 05:00:00+00:00,26824.25,9585.75,41.65165289
2024-12-10 06:00:00+00:00,32080,9133,41.19566116
2024-12-10 07:00:00+00:00,35085.75,8652.75,40.73966942
2024-12-10 08:00:00+00:00,35363.25,8103.25,40.28367769
2024-12-10 09:00:00+00:00,34629.75,7515,39.82768595
2024-12-10 10:00:00+00:00,33586.75,7021,39.37169421
2024-12-10 11:00:00+00:00,33517.75,6677,38.91570248
2024-12-10 12:00:00+00:00,33526,6310,38.45971074
2024-12-10 13:00:00+00:00,33554.25,5973.25,38.00371901
2024-12-10 14:00:00+00:00,33600.75,5720.75,37.54772727
2024-12-10 15:00:00+00:00,34026.25,5568.75,37.09173554
2024-12-10 16:00:00+00:00,35239.25,5612.75,36.6357438
2024-12-10 17:00:00+00:00,36864.75,5674,36.17975207
2024-12-10 18:00:00+00:00,37474.5,5482.5,35.72376033
2024-12-10 19:00:00+00:00,37850.75,5166.25,35.2677686
2024-12-10 20:00:00+00:00,36212.75,4958.75,34.81177686
2024-12-10 21:00:00+00:00,32579.75,4731.75,34.35578512
2024-12-10 22:00:00+00:00,29144.75,4450.25,33.89979339
2024-12-10 23:00:00+00:00,27282.5,3962,33.44380165
2024-12-11 00:00:00+00:00,25359.5,3633.25,32.98780992
2024-12-11 01:00:00+00:00,24168.75,3339,32.53181818
2024-12-11 02:00:00+00:00,23664.75,3086,32.07582645
2024-12-11 03:00:00+00:00,23628,2898.75,31.61983471
2024-12-11 04:00:00+00:00,24399,2757.75,31.16384298
2024-12-11 05:00:00+00:00,27311.75,2640.5,30.70785124
2024-12-11 06:00:00+00:00,32114.25,2514.25,30.2518595
2024-12-11 07:00:00+00:00,34706.5,2414,29.79586777
2024-12-11 08:00:00+00:00,34903,2318.75,29.33987603
2024-12-11 09:00:00+00:00,34376,2171.25,28.8838843
2024-12-11 10:00:00+00:00,33533.75,2042,28.42789256
2024-12-11 11:00:00+00:00,33283.5,1970.25,27.97190083
2024-12-11 12:00:00+00:00,33386.75,1900.75,27.51590909
2024-12-11 13:00:00+00:00,33456,1850.75,27.05991736
2024-12-11 14:00:00+00:00,33695.75,1985,26.60392562
2024-12-11 15:00:00+00:00,34066,2262.75,26.14793388
2024-12-11 16:00:00+00:00,35066.5,2683,25.69194215
2024-12-11 17:00:00+00:00,36563.75,3152.5,25.23595041
2024-12-11 18:00:00+00:00,37230,3552.75,24.77995868
2024-12-11 19:00:00+00:00,37699.5,3743,24.32396694
2024-12-11 20:00:00+00:00,36498.75,3842.75,23.86797521
2024-12-11 21:00:00+00:00,33145,3872,23.41198347
2024-12-11 22:00:00+00:00,29560.25,3868,22.95599174
2024-12-11 23:00:00+00:00,27189.25,3716.25,22.5
2024-12-12 00:00:00+00:00,25174.75,3659.5,34.75
2024-12-12 01:00:00+00:00,24033,3602,34.75
2024-12-12 02:00:00+00:00,23602.5,3549.5,34.5
2024-12-12 03:00:00+00:00,23547.25,3500.75,32.75
2024-12-12 04:00:00+00:00,24309.25,3492.5,13.75
2024-12-12 05:00:00+00:00,27288.5,3580.25,17
2024-12-12 06:00:00+00:00,31918.5,3644.5,6
2024-12-12 07:00:00+00:00,34791.25,3662.5,287.75
2024-12-12 08:00:00+00:00,35254.5,3546.5,3106.25
2024-12-12 09:00:00+00:00,34957.75,3237.5,7154.5
2024-12-12 10:00:00+00:00,34240.75,2880,8745.75
2024-12-12 11:00:00+00:00,33797.75,2663.75,9000.75
2024-12-12 12:00:00+00:00,33898.75,2547.5,8734.5
2024-12-12 13:00:00+00:00,34112.25,2437.75,8280.25
2024-12-12 14:00:00+00:00,34301,2360.25,7033.5
2024-12-12 15:00:00+00:00,34434,2362.75,4031.25
2024-12-12 16:00:00+00:00,35198.5,2595.75,934.25
2024-12-12 17:00:00+00:00,36481.5,2884.5,73.25
2024-12-12 18:00:00+00:00,36639.5,3100,58.25
2024-12-12 19:00:00+00:00,36825,3176.75,39
2024-12-12 20:00:00+00:00,36049,3201.75,34.75
2024-12-12 21:00:00+00:00,32937,3149,55.75
2024-12-12 22:00:00+00:00,29426,3091.25,50.5
2024-12-12 23:00:00+00:00,27119.25,2753.5,10.75
2024-12-13 00:00:00+00:00,25151.25,2642.5,11
2024-12-13 01:00:00+00:00,23953.5,2466.75,11
2024-12-13 02:00:00+00:00,23475,2264,10.5
2024-12-13 03:00:00+00:00,23456.75,2054.75,9.25
2024-12-13 04:00:00+00:00,24137,1869.25,8.75
2024-12-13 05:00:00+00:00,26939.25,1738.75,6.5
2024-12-13 06:00:00+00:00,31656.75,1632.5,7.5
2024-12-13 07:00:00+00:00,34557.75,1533.5,226.5
2024-12-13 08:00:00+00:00,34946.25,1354.75,2581.75
2024-12-13 09:00:00+00:00,34338,1172,6080
2024-12-13 10:00:00+00:00,33523.5,1093,8298.25
2024-12-13 11:00:00+00:00,33040.5,1138.75,9434.75
2024-12-13 12:00:00+00:00,33080.25,1261.5,9957.5
2024-12-13 13:00:00+00:00,32891,1371.25,10119.25
2024-12-13 14:00:00+00:00,32878.75,1286.5,9247.5
2024-12-13 15:00:00+00:00,33203.25,1135.25,5924.25
2024-12-13 16:00:00+00:00,34135,1123.5,1527.25
2024-12-13 17:00:00+00:00,35366,1253.5,91.75
2024-12-13 18:00:00+00:00,35493.75,1465.25,72.5
2024-12-13 19:00:00+00:00,35535.5,1686.5,60.75
2024-12-13 20:00:00+00:00,34760.25,1909,56.5
2024-12-13 21:00:00+00:00,31712,2114.75,64.75
2024-12-13 22:00:00+00:00,28597.25,2300.5,52.25
2024-12-13 23:00:00+00:00,26859.75,2305.5,60.5
2024-12-14 00:00:00+00:00,24907.75,2426.25,62.5
2024-12-14 01:00:00+00:00,23561.75,2480.25,52.75
2024-12-14 02:00:00+00:00,22764,2594.25,29.25
2024-12-14 03:00:00+00:00,22447.25,2757.5,15.75
2024-12-14 04:00:00+00:00,22433,2896.5,15.25
2024-12-14 05:00:00+00:00,23390,2975,31.25
2024-12-14 06:00:00+00:00,25202.25,3017.25,35.25
2024-12-14 07:00:00+00:00,26782,3051.25,395.5
2024-12-14 08:00:00+00:00,28578.5,2962.5,3942.5
2024-12-14 09:00:00+00:00,29407.25,2723.25,9370.25
2024-12-14 10:00:00+00:00,28965.25,2594.5,12023.25
2024-12-14 11:00:00+00:00,28491,2742.5,12543.25
2024-12-14 12:00:00+00:00,28679.25,3121,12216.75
2024-12-14 13:00:00+00:00,28738.25,3410,11976.75
2024-12-14 14:00:00+00:00,28262.75,3680.5,10508.75
2024-12-14 15:00:00+00:00,28298.75,4040.75,6254.5
2024-12-14 16:00:00+00:00,29280.5,4506.5,1556.25
2024-12-14 17:00:00+00:00,31189,5114.75,194
2024-12-14 18:00:00+00:00,31726,5216.25,146.25
2024-12-14 19:00:00+00:00,32237,5478,74
2024-12-14 20:00:00+00:00,31835,5731.5,119.25
2024-12-14 21:00:00+00:00,29764.75,6308.75,115.75
2024-12-14 22:00:00+00:00,27198.5,6526,23
2024-12-14 23:00:00+00:00,24918.75,7483.75,10.5
2024-12-15 00:00:00+00:00,23148.75,7603,13
2024-12-15 01:00:00+00:00,21817.25,7724.75,11.25
2024-12-15 02:00:00+00:00,21069.75,7912.25,11.25
2024-12-15 03:00:00+00:00,20745,8169.5,6.5
2024-12-15 04:00:00+00:00,20751,8445.75,1.75
2024-12-15 05:00:00+00:00,21385,8720.5,0.25
2024-12-15 06:00:00+00:00,22505.75,8880,0.25
2024-12-15 07:00:00+00:00,23433.75,8891.75,506.75
2024-12-15 08:00:00+00:00,25068.5,8622.25,4797.25
2024-12-15 09:00:00+00:00,26234.5,8263.75,10588.25
2024-12-15 10:00:00+00:00,26251.75,8026,12627
2024-12-15 11:00:00+00:00,26045,7858.25,13085.5
2024-12-15 12:00:00+00:00,26569.75,7752,13029.5
2024-12-15 13:00:00+00:00,27074.25,7725.75,12804.25
2024-12-15 14:00:00+00:00,26480.75,7843.5,11760.5
2024-12-15 15:00:00+00:00,26581.5,8124.25,7387.25
2024-12-15 16:00:00+00:00,27756.75,8659.5,2109
2024-12-15 17:00:00+00:00,29893.5,8806,369.25
2024-12-15 18:00:00+00:00,30953.75,8838,320
2024-12-15 19:00:00+00:00,31863,8659,241.5
2024-12-15 20:00:00+00:00,31678.75,8266.75,204.25
2024-12-15 21:00:00+00:00,29859,7802.25,209.75
2024-12-15 22:00:00+00:00,27135.25,7094,170.25
2024-12-15 23:00:00+00:00,25148,7126.5,38.5
2024-12-16 00:00:00+00:00,23284.5,6295.5,44
2024-12-16 01:00:00+00:00,22205.5,5637,48.25
2024-12-16 02:00:00+00:00,21731.5,5292,42
2024-12-16 03:00:00+00:00,21675,5219.5,34
2024-12-16 04:00:00+00:00,22599.75,5256.5,20.25
2024-12-16 05:00:00+00:00,26014,5237.75,7.25
2024-12-16 06:00:00+00:00,31331,5166.75,8
2024-12-16 07:00:00+00:00,34536.25,5072.75,565.75
2024-12-16 08:00:00+00:00,34828.75,5108,4636
2024-12-16 09:00:00+00:00,34223.5,5013.25,10421.5
2024-12-16 10:00:00+00:00,33448.25,4821,12752.25
2024-12-16 11:00:00+00:00,32996.75,4660.25,13428.75
2024-12-16 12:00:00+00:00,32982.75,4538.75,13135.75
2024-12-16 13:00:00+00:00,32764.25,4548,12923.5
2024-12-16 14:00:00+00:00,32924.75,4685,11631.75
2024-12-16 15:00:00+00:00,33356.75,4945.5,6818
2024-12-16 16:00:00+00:00,34605.25,5341,1823.75
2024-12-16 17:00:00+00:00,36186.75,5726.5,143.5
2024-12-16 18:00:00+00:00,36806.5,5426.25,129.25
2024-12-16 19:00:00+00:00,37484.5,5715.75,109.5
2024-12-16 20:00:00+00:00,36377.75,5902,179.75
2024-12-16 21:00:00+00:00,32835.75,6545,172.25
2024-12-16 22:00:00+00:00,29542.75,6748.5,149.25
2024-12-16 23:00:00+00:00,27124.5,6472.25,105
2024-12-17 00:00:00+00:00,25107.75,6450.25,96
2024-12-17 01:00:00+00:00,23979.25,6344.25,88
2024-12-17 02:00:00+00:00,23455,6222.25,79.75
2024-12-17 03:00:00+00:00,23385,6134.75,68.75
2024-12-17 04:00:00+00:00,24109.75,6072.5,52.5
2024-12-17 05:00:00+00:00,27208.25,5966.75,34.25
2024-12-17 06:00:00+00:00,32055.25,5850.5,29.75
2024-12-17 07:00:00+00:00,34760,5688,277.5
2024-12-17 08:00:00+00:00,34815,5484.5,3253
2024-12-17 09:00:00+00:00,34240.5,5292,8162.25
2024-12-17 10:00:00+00:00,33240,4944.5,10633.5
2024-12-17 11:00:00+00:00,32675.25,4669.75,11435.25
2024-12-17 12:00:00+00:00,32415,4502.25,11713
2024-12-17 13:00:00+00:00,32442.5,4494.5,11439
2024-12-17 14:00:00+00:00,32871.75,4608.5,10059.75
2024-12-17 15:00:00+00:00,33355.5,4910.75,5807.25
2024-12-17 16:00:00+00:00,34400.25,5436,1326
2024-12-17 17:00:00+00:00,35889.25,5651,204.25
2024-12-17 18:00:00+00:00,36712.5,6061.25,138.75
2024-12-17 19:00:00+00:00,37274.25,6310.5,130.75
2024-12-17 20:00:00+00:00,36347.5,6468,110.75
2024-12-17 21:00:00+00:00,32907.5,6747.25,96.5
2024-12-17 22:00:00+00:00,29497,7079.25,97.75
2024-12-17 23:00:00+00:00,26852.5,8313.75,16.5
2024-12-18 00:00:00+00:00,24878.5,8333.25,20
2024-12-18 01:00:00+00:00,23725.75,8246.5,21.75
2024-12-18 02:00:00+00:00,23262.25,8164,20.5
2024-12-18 03:00:00+00:00,23231.75,8094.75,21
2024-12-18 04:00:00+00:00,23917.75,7998,15
2024-12-18 05:00:00+00:00,27122,7864.5,20.25
2024-12-18 06:00:00+00:00,31887.25,7825.25,8.5
2024-12-18 07:00:00+00:00,34478,7531.25,340.25
2024-12-18 08:00:00+00:00,34857,7450.5,3480.25
2024-12-18 09:00:00+00:00,34075.75,7622.75,8902.75
2024-12-18 10:00:00+00:00,33182.75,6899.75,11448.25
2024-12-18 11:00:00+00:00,32657.5,6767.75,11929
2024-12-18 12:00:00+00:00,32621.25,7083.75,12013
2024-12-18 13:00:00+00:00,32316.25,7366,11847.25
2024-12-18 14:00:00+00:00,32264.75,7728,10410.25
2024-12-18 15:00:00+00:00,32557.75,8454.25,6161.5
2024-12-18 16:00:00+00:00,33822.25,9276,1455
2024-12-18 17:00:00+00:00,35410.5,9793,77.5
2024-12-18 18:00:00+00:00,35931,10495.75,66
2024-12-18 19:00:00+00:00,36571.5,10938,50
2024-12-18 20:00:00+00:00,35489,11441.75,130.75
2024-12-18 21:00:00+00:00,32272.75,11876.5,127.75
2024-12-18 22:00:00+00:00,28907,13365.75,85.75
2024-12-18 23:00:00+00:00,26255.5,13795.5,22
2024-12-19 00:00:00+00:00,24363.25,13968.75,17.25
2024-12-19 01:00:00+00:00,23229.75,14135,1
2024-12-19 02:00:00+00:00,22786.75,14263.5,1.25
2024-12-19 03:00:00+00:00,22776.75,14355,1
2024-12-19 04:00:00+00:00,23443.25,14449.75,2
2024-12-19 05:00:00+00:00,26499,14626,21.5
2024-12-19 06:00:00+00:00,31118.5,14427.5,42.25
2024-12-19 07:00:00+00:00,33623.75,14448,174
2024-12-19 08:00:00+00:00,33909.25,14355.5,1779.75
2024-12-19 09:00:00+00:00,32955.25,14690.25,4286.25
2024-12-19 10:00:00+00:00,32134.5,14681.25,6014.25
2024-12-19 11:00:00+00:00,31650.25,14952.5,6954.25
2024-12-19 12:00:00+00:00,31554.25,15223.75,7315.5
2024-12-19 13:00:00+00:00,31367.5,15491.5,7386.5
2024-12-19 14:00:00+00:00,31462.5,15535.25,6675.5
2024-12-19 15:00:00+00:00,32081.25,15406.75,4191
2024-12-19 16:00:00+00:00,33138.75,14654.25,1201.25
2024-12-19 17:00:00+00:00,34637.25,14573.5,117.25
2024-12-19 18:00:00+00:00,35004,14440.25,79.75
2024-12-19 19:00:00+00:00,35390.5,13898,64.75
2024-12-19 20:00:00+00:00,34683.75,13687,94.5
2024-12-19 21:00:00+00:00,31544,12629,104.75
2024-12-19 22:00:00+00:00,28279,12508.5,70.25
2024-12-19 23:00:00+00:00,25902.5,11318.75,43.25
2024-12-20 00:00:00+00:00,24092.25,10840.5,51.5
2024-12-20 01:00:00+00:00,22962.75,10510,50
2024-12-20 02:00:00+00:00,22466.5,10326.75,55.25
2024-12-20 03:00:00+00:00,22415,10258.75,42.25
2024-12-20 04:00:00+00:00,23027.75,10175,8.25
2024-12-20 05:00:00+00:00,25994,10145.5,1.25
2024-12-20 06:00:00+00:00,30405.5,9549,6.25
2024-12-20 07:00:00+00:00,32990.5,9261,374.75
2024-12-20 08:00:00+00:00,33523.25,9376.25,4112.5
2024-12-20 09:00:00+00:00,33133.75,8864,9845.75
2024-12-20 10:00:00+00:00,32451.5,8613.75,12268.75
2024-12-20 11:00:00+00:00,31942.75,8441,12814.5
2024-12-20 12:00:00+00:00,31985,8372,13006
2024-12-20 13:00:00+00:00,31351.5,8255.75,12791.25
2024-12-20 14:00:00+00:00,31008.5,8204,11836.25
2024-12-20 15:00:00+00:00,31335.25,7951.75,7680.75
2024-12-20 16:00:00+00:00,32328.75,7545.75,2122.25
2024-12-20 17:00:00+00:00,33847.25,7239.5,257.25
2024-12-20 18:00:00+00:00,34270.25,7387.25,182.75
2024-12-20 19:00:00+00:00,34466,7357.75,164.75
2024-12-20 20:00:00+00:00,33686,7257.5,206
2024-12-20 21:00:00+00:00,30876.25,7089,171
2024-12-20 22:00:00+00:00,27866,7021.5,174.5
2024-12-20 23:00:00+00:00,25884.75,7578.25,30.25
2024-12-21 00:00:00+00:00,23893.25,7443.75,36
2024-12-21 01:00:00+00:00,22517.25,7284.75,32.5
2024-12-21 02:00:00+00:00,21782.25,7180,33.75
2024-12-21 03:00:00+00:00,21428,7367,32.75
2024-12-21 04:00:00+00:00,21407.75,7390.75,33.25
2024-12-21 05:00:00+00:00,22428.5,7289.75,29
2024-12-21 06:00:00+00:00,24107.25,7219.25,27.25
2024-12-21 07:00:00+00:00,25871.5,6961.5,348.5
2024-12-21 08:00:00+00:00,27658.5,6459.75,4633.25
2024-12-21 09:00:00+00:00,28160.5,5741.5,11101.25
2024-12-21 10:00:00+00:00,27646.25,5264.75,13774.75
2024-12-21 11:00:00+00:00,26955,5004,14046
2024-12-21 12:00:00+00:00,27151.5,4957.5,14002.75
2024-12-21 13:00:00+00:00,26844,4893,13695.5
2024-12-21 14:00:00+00:00,26362.25,5020.25,12767
2024-12-21 15:00:00+00:00,26637.75,5267.25,8309.5
2024-12-21 16:00:00+00:00,27739.75,5708.5,2389.25
2024-12-21 17:00:00+00:00,29782.5,6042.75,290.25
2024-12-21 18:00:00+00:00,30248.5,6362,231
2024-12-21 19:00:00+00:00,30757.75,6421,188.5
2024-12-21 20:00:00+00:00,30612.75,6411.25,217.75
2024-12-21 21:00:00+00:00,28822.25,6508,161.75
2024-12-21 22:00:00+00:00,26505.75,6850.25,141.75
2024-12-21 23:00:00+00:00,24237,7332.75,22.5
2024-12-22 00:00:00+00:00,22287.5,7464,21.5
2024-12-22 01:00:00+00:00,20940.5,7677.25,15.5
2024-12-22 02:00:00+00:00,20200,7916.75,23.5
2024-12-22 03:00:00+00:00,19849,8267.75,24
2024-12-22 04:00:00+00:00,19878.25,8521.25,19
2024-12-22 05:00:00+00:00,20534.5,8683.75,13.5
2024-12-22 06:00:00+00:00,21563,8776.25,13.25
2024-12-22 07:00:00+00:00,22756.75,8781.5,289
2024-12-22 08:00:00+00:00,24277.75,8642,4528.25
2024-12-22 09:00:00+00:00,25093.5,8367,11158.25
2024-12-22 10:00:00+00:00,24936.25,8145.25,13568.25
2024-12-22 11:00:00+00:00,24901.5,8414,14022.75
2024-12-22 12:00:00+00:00,25197.75,9186.25,13897.5
2024-12-22 13:00:00+00:00,25583,10082.25,13665
2024-12-22 14:00:00+00:00,24991.75,10994.5,12704.25
2024-12-22 15:00:00+00:00,25183.25,11995.75,8335
2024-12-22 16:00:00+00:00,26400.25,12763.5,2329.5
2024-12-22 17:00:00+00:00,28759.5,13041.25,237.25
2024-12-22 18:00:00+00:00,29983.5,13490.25,156
2024-12-22 19:00:00+00:00,31111.5,13597.25,119.75
2024-12-22 20:00:00+00:00,30935.5,13641.5,129.75
2024-12-22 21:00:00+00:00,29032.5,13826.75,97.5
2024-12-22 22:00:00+00:00,26283.75,14124.25,73.75
2024-12-22 23:00:00+00:00,23663.5,14175.75,38.75
2024-12-23 00:00:00+00:00,21755.5,14203.5,38.5
2024-12-23 01:00:00+00:00,20534,14298,25.5
2024-12-23 02:00:00+00:00,20021,14347,34.75
2024-12-23 03:00:00+00:00,20003.75,14354.75,33.75
2024-12-23 04:00:00+00:00,20696.5,14365.5,22.5
2024-12-23 05:00:00+00:00,23236.75,14332.75,12.5
2024-12-23 06:00:00+00:00,26742.75,14268,14
2024-12-23 07:00:00+00:00,29374,14133.25,247.75
2024-12-23 08:00:00+00:00,30917.5,13978.75,4058.25
2024-12-23 09:00:00+00:00,30370.5,13662.75,10268.75
2024-12-23 10:00:00+00:00,29243.25,13676,12679
2024-12-23 11:00:00+00:00,28758.25,13866.5,12914.25
2024-12-23 12:00:00+00:00,28705,13901.75,12974.25
2024-12-23 13:00:00+00:00,28692.75,13791,12853.25
2024-12-23 14:00:00+00:00,28441,13658.25,12121.5
2024-12-23 15:00:00+00:00,28837.5,13515.25,7991
2024-12-23 16:00:00+00:00,29879.25,13750.75,2295
2024-12-23 17:00:00+00:00,31461.75,13956.25,235
2024-12-23 18:00:00+00:00,32052.5,13947.75,160.5
2024-12-23 19:00:00+00:00,32469,13635.25,117.75
2024-12-23 20:00:00+00:00,32052,13182.25,86
2024-12-23 21:00:00+00:00,29578.5,12799.5,56
2024-12-23 22:00:00+00:00,26664,12382.75,81.5
2024-12-23 23:00:00+00:00,23931.5,12754.25,127.5
2024-12-24 00:00:00+00:00,22036,12400.75,78.25
2024-12-24 01:00:00+00:00,20799.5,12127,58.5
2024-12-24 02:00:00+00:00,20105,11950.25,47.75
2024-12-24 03:00:00+00:00,19832.5,11843.5,106.75
2024-12-24 04:00:00+00:00,20113.75,11724.5,89.25
2024-12-24 05:00:00+00:00,21633.75,11548.5,27.25
2024-12-24 06:00:00+00:00,24071,11355.75,32.75
2024-12-24 07:00:00+00:00,26011.25,11139,333.25
2024-12-24 08:00:00+00:00,27624.75,10652,4363.5
2024-12-24 09:00:00+00:00,27621.5,9909.25,10449
2024-12-24 10:00:00+00:00,26882.25,9362.75,13103.25
2024-12-24 11:00:00+00:00,25977.25,9090.75,13482.25
2024-12-24 12:00:00+00:00,25645.5,9003.5,13433.75
2024-12-24 13:00:00+00:00,25530.25,9094.25,13199.5
2024-12-24 14:00:00+00:00,25123,9297.5,12330.75
2024-12-24 15:00:00+00:00,25323.75,9651.5,8223
2024-12-24 16:00:00+00:00,26370.75,10302,2493.25
2024-12-24 17:00:00+00:00,28221,10965.25,221.5
2024-12-24 18:00:00+00:00,28753.75,11221.5,152
2024-12-24 19:00:00+00:00,28075.25,11123,108
2024-12-24 20:00:00+00:00,26585,10786.5,103.75
2024-12-24 21:00:00+00:00,24032.75,10453.5,78.25
2024-12-24 22:00:00+00:00,22788.5,10066.5,112.5
2024-12-24 23:00:00+00:00,21663.5,9360.5,12.25
2024-12-25 00:00:00+00:00,20661.5,8796,11.75
2024-12-25 01:00:00+00:00,19459.25,8180.5,15.75
2024-12-25 02:00:00+00:00,18430.25,7454.75,14.75
2024-12-25 03:00:00+00:00,17808,6873.25,18
2024-12-25 04:00:00+00:00,17683.5,6596.25,21
2024-12-25 05:00:00+00:00,18274.75,6274.25,7
2024-12-25 06:00:00+00:00,18951.75,5700.75,14.75
2024-12-25 07:00:00+00:00,18861.75,5005.75,273
2024-12-25 08:00:00+00:00,19460,4244.5,4188
2024-12-25 09:00:00+00:00,20298.5,3500,10425.25
2024-12-25 10:00:00+00:00,20953,2835,13241.25
2024-12-25 11:00:00+00:00,21334.25,2252.25,13667.75
2024-12-25 12:00:00+00:00,21653.5,1896.75,13739.25
2024-12-25 13:00:00+00:00,21709,1940.5,13755.5
2024-12-25 14:00:00+00:00,20718.5,2006.25,12905
2024-12-25 15:00:00+00:00,20810.5,2215.25,8526
2024-12-25 16:00:00+00:00,21656.25,2536.25,2498
2024-12-25 17:00:00+00:00,23785.25,2863.5,229
2024-12-25 18:00:00+00:00,24801.5,3134.25,149.75
2024-12-25 19:00:00+00:00,25998.5,3228,99
2024-12-25 20:00:00+00:00,26501,3237.5,104.25
2024-12-25 21:00:00+00:00,25555.25,3265.5,86.5
2024-12-25 22:00:00+00:00,23447,3235.25,106.75
2024-12-25 23:00:00+00:00,21227,3097.25,63.5
2024-12-26 00:00:00+00:00,19557.75,2924.75,59.5
2024-12-26 01:00:00+00:00,18533,2780,37
2024-12-26 02:00:00+00:00,17989.25,2703.25,47.5
2024-12-26 03:00:00+00:00,17845,2620.75,46.5
2024-12-26 04:00:00+00:00,18360.5,2576.5,44
2024-12-26 05:00:00+00:00,20262.75,2545.25,42.25
2024-12-26 06:00:00+00:00,22856.5,2542.25,42.25
2024-12-26 07:00:00+00:00,25427.25,2521.25,242.5
2024-12-26 08:00:00+00:00,27033.5,2426,3439
2024-12-26 09:00:00+00:00,27307.75,2286.75,9131
2024-12-26 10:00:00+00:00,27394,2140,11776.5
2024-12-26 11:00:00+00:00,27000,2017.5,12635
2024-12-26 12:00:00+00:00,27238.25,1926.25,12930.5
2024-12-26 13:00:00+00:00,26928.5,1892.25,12876.25
2024-12-26 14:00:00+00:00,26294.5,1894.25,12261
2024-12-26 15:00:00+00:00,26664.25,1997.25,8379.5
2024-12-26 16:00:00+00:00,27855.25,2233.5,2516.25
2024-12-26 17:00:00+00:00,29621.5,2515.5,328
2024-12-26 18:00:00+00:00,29580.75,2764.75,270.25
2024-12-26 19:00:00+00:00,29952,2956.25,159.75
2024-12-26 20:00:00+00:00,29955.5,3104.25,170.25
2024-12-26 21:00:00+00:00,27926.5,3233.5,151.25
2024-12-26 22:00:00+00:00,25158.5,3264.25,110
2024-12-26 23:00:00+00:00,23195.5,3788,32.75
2024-12-27 00:00:00+00:00,21428.75,3848,10.75
2024-12-27 01:00:00+00:00,20335,3945.5,4.25
2024-12-27 02:00:00+00:00,19808,4026.75,4
2024-12-27 03:00:00+00:00,19741.25,4032.25,3.5
2024-12-27 04:00:00+00:00,20246.75,4012,2.75
2024-12-27 05:00:00+00:00,22559.25,3990.25,8.25
2024-12-27 06:00:00+00:00,25958.75,3986.75,17.5
2024-12-27 07:00:00+00:00,28298.75,4000.25,231.25
2024-12-27 08:00:00+00:00,29787.5,3896.25,3546.5
2024-12-27 09:00:00+00:00,29630.25,3712,9179.5
2024-12-27 10:00:00+00:00,29043.5,3531.5,12080
2024-12-27 11:00:00+00:00,28455,3388.25,12888
2024-12-27 12:00:00+00:00,28558.5,3265,13029.5
2024-12-27 13:00:00+00:00,28223.25,3145,12980.25
2024-12-27 14:00:00+00:00,27859,3184.75,12245.5
2024-12-27 15:00:00+00:00,28271.5,3190.5,8514.5
2024-12-27 16:00:00+00:00,29588.5,3205.5,2612
2024-12-27 17:00:00+00:00,31313.75,3268.75,241.5
2024-12-27 18:00:00+00:00,31196,3370.25,177.25
2024-12-27 19:00:00+00:00,31299.75,3389,123.25
2024-12-27 20:00:00+00:00,30672,3343,177.75
2024-12-27 21:00:00+00:00,28328.25,3245.5,162
2024-12-27 22:00:00+00:00,25692,3107.25,104.25
2024-12-27 23:00:00+00:00,24122.75,3306.5,24.25
2024-12-28 00:00:00+00:00,22116.5,3109,16.25
2024-12-28 01:00:00+00:00,20745.75,2913.5,4.5
2024-12-28 02:00:00+00:00,19973.25,2739.25,5.5
2024-12-28 03:00:00+00:00,19499.5,2562.75,11.75
2024-12-28 04:00:00+00:00,19551.5,2423.5,13.75
2024-12-28 05:00:00+00:00,20197.75,2291.75,11.5
2024-12-28 06:00:00+00:00,21568.75,2193.25,10.25
2024-12-28 07:00:00+00:00,23496.25,2125.25,206.5
2024-12-28 08:00:00+00:00,25262.75,1999.75,3375.75
2024-12-28 09:00:00+00:00,26326.5,1873.5,9192.75
2024-12-28 10:00:00+00:00,26059.75,1787.5,12044.75
2024-12-28 11:00:00+00:00,25626.5,1718.25,12795.75
2024-12-28 12:00:00+00:00,25759,1666,13013
2024-12-28 13:00:00+00:00,25841.5,1578,13034.5
2024-12-28 14:00:00+00:00,25357,1482.25,12299
2024-12-28 15:00:00+00:00,25469.75,1442.25,8426.5
2024-12-28 16:00:00+00:00,26539.25,1414.25,2612.5
2024-12-28 17:00:00+00:00,28596.75,1412.5,182.5
2024-12-28 18:00:00+00:00,29120,1392.25,139.25
2024-12-28 19:00:00+00:00,29518.75,1355.75,95.25
2024-12-28 20:00:00+00:00,29393.5,1304.25,99
2024-12-28 21:00:00+00:00,27550.5,1249.25,71.75
2024-12-28 22:00:00+00:00,25297,1192,113
2024-12-28 23:00:00+00:00,23591,1165.5,17.25
2024-12-29 00:00:00+00:00,21700.25,1147.5,17.25
2024-12-29 01:00:00+00:00,20364.5,1152.5,16
2024-12-29 02:00:00+00:00,19573.75,1162.75,13
2024-12-29 03:00:00+00:00,19068,1164,16.75
2024-12-29 04:00:00+00:00,19042.5,1156.5,8.25
2024-12-29 05:00:00+00:00,19479.5,1151.25,7
2024-12-29 06:00:00+00:00,20405,1158.5,6
2024-12-29 07:00:00+00:00,21644.75,1168.25,236.25
2024-12-29 08:00:00+00:00,23272.5,1143.5,3749.75
2024-12-29 09:00:00+00:00,24468,1123,9351.75
2024-12-29 10:00:00+00:00,24674.75,1099.75,12164.75
2024-12-29 11:00:00+00:00,24437,1199,13000.75
2024-12-29 12:00:00+00:00,24771.75,1272.25,13258.5
2024-12-29 13:00:00+00:00,25046.5,1324.5,13103.25
2024-12-29 14:00:00+00:00,24580,1376,12379.25
2024-12-29 15:00:00+00:00,24655.75,1461,8577.75
2024-12-29 16:00:00+00:00,25846.25,1587.5,2785
2024-12-29 17:00:00+00:00,28205.75,1693.75,246
2024-12-29 18:00:00+00:00,29190.5,1703.5,176.25
2024-12-29 19:00:00+00:00,29983.5,1694.25,138.5
2024-12-29 20:00:00+00:00,29919,1702.25,170.75
2024-12-29 21:00:00+00:00,28174,1701.5,151.5
2024-12-29 22:00:00+00:00,25697,1709,35
2024-12-29 23:00:00+00:00,23136.5,1928.5,28.5
2024-12-30 00:00:00+00:00,21175,1887,15.25
2024-12-30 01:00:00+00:00,20003.75,1860.25,11.25
2024-12-30 02:00:00+00:00,19460.5,1827.5,9
2024-12-30 03:00:00+00:00,19307,1791.25,7.5
2024-12-30 04:00:00+00:00,19859.5,1759.5,7.5
2024-12-30 05:00:00+00:00,21941,1743,19.5
2024-12-30 06:00:00+00:00,24940.5,1701.75,13.5
2024-12-30 07:00:00+00:00,27663.5,1672,241
2024-12-30 08:00:00+00:00,29437.75,1617,3688
2024-12-30 09:00:00+00:00,29602,1539,9412.75
2024-12-30 10:00:00+00:00,28858.75,1432.5,12252.5
2024-12-30 11:00:00+00:00,28185.25,1326.25,12973
2024-12-30 12:00:00+00:00,28311.75,1406.5,13258.75
2024-12-30 13:00:00+00:00,28325.75,1253,13106.5
2024-12-30 14:00:00+00:00,28079.25,1350.5,12444.75
2024-12-30 15:00:00+00:00,28360.25,1251.25,8606.5
2024-12-30 16:00:00+00:00,29537.5,1205.25,2732.5
2024-12-30 17:00:00+00:00,31203,1198.5,254.25
2024-12-30 18:00:00+00:00,31819.75,1215.75,146.75
2024-12-30 19:00:00+00:00,32366.75,1259.5,113.75
2024-12-30 20:00:00+00:00,31917,1285,118
2024-12-30 21:00:00+00:00,29311.5,1294.5,102.75
2024-12-30 22:00:00+00:00,26415.75,1308.75,140.5
2024-12-30 23:00:00+00:00,24633,1293.5,54
2024-12-31 00:00:00+00:00,22399.25,1314.25,44.25
2024-12-31 01:00:00+00:00,21063.25,1309.25,31.75
2024-12-31 02:00:00+00:00,20353.75,1284.25,23.25
2024-12-31 03:00:00+00:00,20071.5,1275,16.25
2024-12-31 04:00:00+00:00,20341.75,1270.5,6.5
2024-12-31 05:00:00+00:00,21961,1291.25,10
2024-12-31 06:00:00+00:00,24363.25,1315.5,24.5
2024-12-31 07:00:00+00:00,26419.5,1293.5,208.5
2024-12-31 08:00:00+00:00,28088.5,1227.75,3337.25
2024-12-31 09:00:00+00:00,28557.5,1140.75,8706.25
2024-12-31 10:00:00+00:00,27973.25,1004.75,11339.75
2024-12-31 11:00:00+00:00,27211,960.5,12170.5
2024-12-31 12:00:00+00:00,27041.75,980.75,12280.5
2024-12-31 13:00:00+00:00,26960.75,1076,12150.25
2024-12-31 14:00:00+00:00,26614.5,1192.75,11353.75
2024-12-31 15:00:00+00:00,26677.75,1339.75,8060.25
2024-12-31 16:00:00+00:00,27704.25,1536,2683.25
2024-12-31 17:00:00+00:00,30093.5,1712.25,232.5
2024-12-31 18:00:00+00:00,31214.75,1847,130
2024-12-31 19:00:00+00:00,30677.25,1993.75,95.5
2024-12-31 20:00:00+00:00,28933.25,2155.25,109.25
2024-12-31 21:00:00+00:00,25797.5,2315.25,86.75
2024-12-31 22:00:00+00:00,24187.5,2491,59.5
2024-12-31 23:00:00+00:00,24187.5,2491,59.5
