run_id,model_tag,scenario_tag,demand_tag,day_of_year,date_utc,has_incumbent,is_optimal,hit_time_limit,mip_gap,is_within_target_gap,is_acceptable,total_cost_eur,obj1_total_unmet_kg,obj2_operating_cost_eur,res_generation_kWh,res_used_kWh,res_curtailed_kWh,grid_import_kWh,grid_share_percent,battery_soc_avg,tank_H2_level_avg_kg,tank_NH3_level_avg_kg,tank_MeOH_level_avg_kg,H2_prod_green_share,NH3_prod_green_share,MeOH_prod_green_share,emissions_grid_aef_kg,emissions_grid_mef_upramp_kg,emissions_grid_mef_soft_kg,emissions_direct_nh3_kg,emissions_direct_meoh_kg,emissions_direct_total_kg,unmet_H2_kg,unmet_NH3_kg,unmet_MeOH_kg,demand_H2_kg_day,demand_NH3_kg_day,demand_MeOH_kg_day,elz_consumption_kWh_day,nh3_consumption_kWh_day,meoh_consumption_kWh_day,crk_consumption_kWh_day,units_total_consumption_kWh_day,H2_sell_g_kg_day,H2_sell_ng_kg_day,H2_sell_total_kg_day,NH3_sell_g_kg_day,NH3_sell_ng_kg_day,NH3_sell_total_kg_day,MeOH_sell_g_kg_day,MeOH_sell_ng_kg_day,MeOH_sell_total_kg_day,eod_H2_total_kg,eod_NH3_total_kg,eod_MeOH_total_kg,eod_req_H2_kg,eod_req_NH3_kg,eod_req_MeOH_kg,eod_margin_H2_kg,eod_margin_NH3_kg,eod_margin_MeOH_kg,cost_grid_eur,cost_water_eur,cost_co2_eur,cost_startup_elz_eur,cost_startup_nh3_eur,cost_startup_meoh_eur,cost_startup_crk_eur
M0__S1__D1__start001__ndays366__20260324T080704Z,M0,S1,D1,1,2024-01-01,True,True,False,0.00877433768296222,True,True,64184.86217418027,1.0015487594519558e-06,64184.86217418027,785207.4487380537,767867.4122547894,17340.03648326437,1846892.1485042397,70.6333452689666,0.4702852849659555,5368.097988898965,24383.51580931798,9724.82118531064,0.23502357739848104,0.6261049581681176,0.3793800022163945,160016.59604832454,164881.49663560523,162366.65955813383,158.57728455180705,2738.4696444963884,2897.0469290481956,4.838171682590132e-07,2.0512103134989097e-07,3.1261055984305164e-07,34851.94192382107,30554.390081763533,34230.87054308259,2620514.075711525,12807.178148889514,5536.843312470126,0.0,2638858.0971728847,6155.904567168976,28696.03735632875,34851.941923497725,17361.30648465478,13193.083597282046,30554.39008193682,15518.323592688912,18712.546950302363,34230.87054299128,6583.619600487996,24249.67200557074,10473.940813259454,6583.619592,24249.672000000002,10473.940799999998,8.487995728501119e-06,5.5707387218717486e-06,1.325945595453959e-05,42805.762541992124,1608.8527953149926,10885.416836873146,5328.0,2397.46,1159.37,0.0
M0__S1__D1__start001__ndays366__20260324T080704Z,M0,S1,D1,2,2024-01-02,True,True,False,0.008908328785943427,True,True,64648.986615356276,0.0,64648.986615356276,699157.2497221513,675751.2651420156,23405.98458013554,2042368.9947301513,75.13902254001829,0.5400695849781698,8623.93171270772,21867.023141535814,13677.54771351885,0.1886371176158682,0.8193476968398838,0.28964295158897874,161762.52395426016,199233.09913712548,231049.58622351324,163.04330872261016,2817.549531143096,2980.592839865706,0.0,0.0,0.0,35587.83255774663,31414.895712300655,35219.36912848012,2668074.546773392,13167.867684823039,5696.732958337685,0.0,2686939.1474165525,3558.9835231713178,32028.849034986335,35587.83255815765,20967.83442144065,10447.061291179056,31414.89571261971,5719.382993421586,29499.98613519336,35219.36912861495,6583.619592642274,24249.672001263105,10473.940824095655,6583.619592,24249.672000000002,10473.940799999998,6.422742444556206e-07,1.2631026038434356e-06,2.4095656044664793e-05,48246.30718946391,1646.0900395985727,11199.759386293807,0.0,2397.46,1159.37,0.0
M0__S1__D1__start001__ndays366__20260324T080704Z,M0,S1,D1,3,2024-01-03,True,True,False,0.0041107610696208665,True,True,45686.850889806075,0.0,45686.850889806075,1201232.6350098844,1163166.3734018696,38066.26160801495,1475997.431417711,55.92670787323918,0.657859392497143,7993.241863309813,34991.110167187675,22129.74545752267,0.3818495415195434,0.4719784377646392,0.17945841129713,118573.32586501288,200125.0416537663,132905.67303162237,166.33950769142416,2593.1536477230766,2759.4931554145005,0.0,0.0,0.0,35220.636276886624,32050.001481140825,32414.42061947522,2625707.565355017,13434.078621190147,5243.032531497456,0.0,2644384.6765077044,11807.924485647785,23412.71179066947,35220.63627631725,18981.742125595945,13068.259355056573,32050.001480652514,9456.047784982398,22958.372834078145,32414.420619060547,6583.619592457964,24249.672002425425,10473.940801397373,6583.619592,24249.672000000002,10473.940799999998,4.5796423364663497e-07,2.4254222807940096e-06,1.3973749446449801e-06,31364.745955196064,1616.8591849107788,10307.78574969923,0.0,2397.46,0.0,0.0
M0__S1__D1__start001__ndays366__20260324T080704Z,M0,S1,D1,4,2024-01-04,True,True,False,0.002222356614576248,True,True,178036.41774483613,1.0002673345983598e-06,178036.41774483613,693747.8071657736,693747.8071025207,6.325289092899526e-05,1937037.7018785533,73.62963249059345,0.5595798985291837,5879.41955457329,34768.05081571159,18979.257990082897,0.21163939424060305,0.21745144691341886,0.23172174183459254,230934.64081260393,331653.363734116,158752.739521457,162.31926935763767,2540.4034834544623,2702.7227528120998,3.5340970754841893e-07,2.9356556341197284e-07,3.532920636379681e-07,35935.99526305011,31275.38908879734,31755.04354458531,2601593.8349436484,13109.392089392662,5136.378293109808,0.0,2619839.6053261505,7766.974890223579,28169.020372481413,35935.99526270499,12227.975319055517,19047.413769456547,31275.389088512064,8240.097555251614,23514.945988988697,31755.04354424031,6583.619592048037,24249.672000168946,10473.940800341978,6583.619592,24249.672000000002,10473.940799999998,4.803678166354075e-08,1.6894409782253206e-07,3.4197910281363875e-07,161418.14762389215,1631.3362758779201,10098.103846731488,1332.0,2397.4599983347057,1159.37,0.0
M0__S1__D1__start001__ndays366__20260324T080704Z,M0,S1,D1,5,2024-01-05,True,True,False,0.00692249605571187,True,True,15067.571816454241,9.970086329612447e-07,15067.571816454241,2763477.0001002937,2642093.2330924324,121383.76700786133,0.004904036074734073,1.8561177191660593e-07,0.5762529132289577,6981.226804765506,14552.36191079717,8060.299874728451,0.9267356899918264,0.8393881347867175,0.7730275405419513,0.00037860660833621026,0.00022910759068980164,0.00046159661863885097,152.02874672811643,2496.1276432776044,2648.156390005721,3.2282971092423925e-07,3.460979183301262e-07,3.280810037068793e-07,35143.7540491805,29292.62265931058,31201.59480913049,2610546.974865227,12278.298550783074,5046.858078753114,-1.3279656295151686e-08,2627872.13149475,31153.12382338982,3990.6302255221867,35143.754048912,13330.131107989004,15962.491551030602,29292.622659019602,19047.913911929492,12153.680896925418,31201.594808854912,6583.620303894541,24249.6787691793,10473.941532181438,6583.619592,24249.672000000002,10473.940799999998,0.0007118945413822075,0.0067691792974073905,0.0007321814391616499,0.00025908105528776334,1588.6341769803457,9922.107382028478,0.0,2397.4599983643643,1159.37,0.0
M0__S1__D1__start001__ndays366__20260324T080704Z,M0,S1,D1,6,2024-01-06,True,True,False,0.002954580385674303,True,True,12648.742065293098,9.899758753695176e-07,12648.742065293098,2320993.368950108,2236779.756308321,84213.61264178761,9072.921903439126,0.4039856216509872,0.4249086776702166,8321.341269379976,15903.703472717825,11898.91694192731,0.9367334087690563,0.9999991950065813,0.7320469018674676,593.1247934255584,464.2256807485021,254.77686160976123,133.32244292211973,2221.4664102889383,2354.788853211058,3.0256197398357e-07,3.384833193940049e-07,3.4893058199194263e-07,30505.870190199363,25688.33870261546,27768.33084978086,2220955.075723267,10767.521228369682,4491.527398303195,0.0,2236214.12434994,29324.765264428366,1181.1049254712814,30505.870189899648,22422.469362058167,3265.8693402243393,25688.338702282505,20157.391741690546,7610.939107746648,27768.330849437192,6583.619597054238,24249.67203649865,10473.940811359014,6583.619592,24249.672000000002,10473.940799999998,5.054237590229604e-06,3.649864811450243e-05,1.1359015843481757e-05,35.32934170097751,1385.6237426935904,8830.328980898532,0.0,2397.46,0.0,0.0
M0__S1__D1__start001__ndays366__20260324T080704Z,M0,S1,D1,7,2024-01-07,True,True,False,0.00587251404194072,True,True,117520.17160929952,0.0,117520.17160929952,776164.2089885757,775406.9101646142,757.2988239614899,1608272.1156657594,67.47016264513654,0.4839660628019482,9467.055057738293,29763.736818303176,10348.775493388755,0.2510030462393315,0.9683568509823147,0.37032083648553815,129513.90447275051,223009.21545469013,118406.40290333875,131.5943785154479,2330.025450791854,2461.6198293073016,0.0,0.0,0.0,32031.332632066555,25355.37161723896,29125.318093787835,2356567.3942110315,10627.957552704263,4711.020208323167,0.0,2371906.3719720594,8928.753553064627,23102.579078764327,32031.33263182896,24416.053254381884,939.3183626348451,25355.37161701673,15005.006116448534,14120.311977113806,29125.31809356234,6583.619592366104,24249.672002520478,10473.940852776592,6583.619592,24249.672000000002,10473.940799999998,3.6610435927286744e-07,2.520475391065702e-06,5.277659329294693e-05,100592.5940271439,1444.8964152579715,9261.851166897619,2664.0,2397.46,1159.37,0.0
M0__S1__D1__start001__ndays366__20260324T080704Z,M0,S1,D1,8,2024-01-08,True,True,False,0.005029131370230671,True,True,224660.82833122372,9.143435302505392e-07,224660.82833122372,522422.9762596125,521391.7286141204,1031.247645492109,2178639.8484136015,80.68942107750887,0.36714843525098534,9096.65714424975,35679.70690719012,10490.806566476716,0.1676176181496702,0.0,0.3194321061529426,262361.28341043787,350909.1402161523,174607.27103445583,153.2501840231867,2641.067029667702,2794.317213690889,4.4030621825468893e-07,2.3587766355399667e-07,2.3815964844185368e-07,36578.4254091093,29527.97380274422,33013.33792365696,2676175.1296685073,12376.94549810384,5339.907400609443,0.0,2693891.9825672205,6322.1895256232765,30256.23588304752,36578.425408670795,16843.316386063947,12684.657416446156,29527.973802510103,7389.963932364091,25623.37399105646,33013.33792342055,6583.61959204588,24249.67200023724,10473.940800203321,6583.619592,24249.672000000002,10473.940799999998,4.588036972563714e-08,2.372362359892577e-07,2.0332299754954875e-07,203626.1020160758,1651.6548728056757,10498.241442929117,5328.0,2397.46,1159.3699994130973,0.0
M0__S1__D1__start001__ndays366__20260324T080704Z,M0,S1,D1,9,2024-01-09,True,True,False,0.003407031144572264,True,True,283148.95451636455,1.013345844536161e-06,283148.95451636455,246090.0288176987,246090.0288176987,0.0,2547396.442801021,91.19057739072926,0.39399927552123654,5905.556267340529,33251.1192209823,18900.131830851155,0.05584364925596522,0.0,0.23611237294429097,548968.5571971419,496622.9330526669,295988.4167331611,159.54039368102147,2637.9869317666935,2797.527325447715,0.0,0.0,1.013345844536161e-06,38566.246292245356,30739.960247061812,32974.83664830034,2768693.944682643,12884.961737059142,5333.679827665784,0.0,2786912.586247368,2089.3381996322937,36476.90809261307,38566.246292245356,0.0,30739.960247061812,30739.960247061812,14630.178826955635,18344.65782033136,32974.836647287,6583.619592,24249.672000000002,10473.940799999998,6583.619592,24249.672000000002,10473.940799999998,0.0,0.0,0.0,268540.005315106,1725.4911474859402,10485.998053772608,0.0,2397.46,0.0,0.0
M0__S1__D1__start001__ndays366__20260324T080704Z,M0,S1,D1,10,2024-01-10,True,True,False,0.009723975293820467,True,True,235138.50613303497,3.1605420511349054e-07,235138.50613303497,575302.9932654107,575302.9928212911,0.00044411950206224636,2331002.5558187813,80.20500655581486,0.36295674131035743,4276.602990955117,37102.5751785152,20691.897684964075,0.1640663797894127,0.0,0.0,463684.03371291916,361575.6559054143,342984.39881816506,158.41700580666105,2582.8703569294707,2741.287362736132,-3.410210648244834e-08,2.58770742672879e-07,9.138556892305984e-08,40790.49580558995,30523.507862186056,32285.879460928605,2880211.5737286573,12794.233555668601,5222.241002916774,0.0,2898228.0482872427,7396.530290038123,33393.965515525946,40790.495805564075,4924.937750005646,25598.570111877314,30523.507861882958,1.520743353466969e-08,32285.879460746615,32285.879460761822,6583.619593944471,24249.672000703747,10473.940800918628,6583.619592,24249.672000000002,10473.940799999998,1.944470568560064e-06,7.037451723590493e-07,9.186296665575355e-07,219520.9424085745,1793.824055665814,10266.909668794648,0.0,2397.46,1159.37,0.0
M0__S1__D1__start001__ndays366__20260324T080704Z,M0,S1,D1,11,2024-01-11,True,True,False,0.009862586210559125,True,True,207689.99708291952,1.5544628695352003e-08,207689.99708291952,727531.4266492198,727531.4266492198,0.0,2202117.130066596,75.16659720219839,0.46632582377863124,7355.549521544769,33086.931464182955,13633.10462698843,0.19926494279455964,3.12616630447147e-09,0.39814641270998075,357037.8644878648,339294.2761366986,289427.4079313588,152.08516298968297,2507.2969213436936,2659.3820843333765,0.0,0.0,1.5544628695352003e-08,41078.14831360095,29303.499613601984,31341.211517531076,2901582.059927571,12282.854897640773,5069.440962842104,0.0,2918934.355788054,8012.168701678887,33065.97961161567,41078.14831329456,1624.4480081595523,27679.051605128116,29303.49961328767,6609.711910383027,24731.49960681119,31341.21151719422,6583.619592075521,24249.672000244598,10473.940800513807,6583.619592,24249.672000000002,10473.940799999998,7.552080205641687e-08,2.4459586711600423e-07,5.138081178301945e-07,192377.53423612585,1789.1275844524903,9966.505262341183,0.0,2397.46,1159.37,0.0
M0__S1__D1__start001__ndays366__20260324T080704Z,M0,S1,D1,12,2024-01-12,True,True,False,0.009999289335481965,True,True,208813.69240388658,0.0,208813.69240388658,750714.8687286649,730749.2800048206,19965.588723844485,2117671.821724035,74.34546178718831,0.44328134237973815,7493.091721627202,35985.50978663342,6131.27342110806,0.1911117194293685,0.2215075062936441,0.5879550194208474,354943.5465261736,372486.0613250758,333528.10312687117,158.2326676321631,2589.5808815412656,2747.813549173429,0.0,0.0,0.0,39899.846849965805,30487.989910000062,32369.761001617007,2816648.9056842686,12779.34585062146,5235.808844887092,0.0,2834664.060379777,5243.104044472756,34656.742805485905,39899.84684995866,5025.138293919206,25462.851616019896,30487.9899099391,15472.776198952133,16896.984802683844,32369.76100163598,6583.619592078654,24249.672000632352,10473.940818327477,6583.619592,24249.672000000002,10473.940799999998,7.865401130402461e-08,6.323498382698745e-07,1.8327478755963966e-05,193198.97490917295,1764.3034905870695,10293.584004126531,0.0,2397.46,1159.37,0.0
M0__S1__D1__start001__ndays366__20260324T080704Z,M0,S1,D1,13,2024-01-13,True,True,False,0.00968933896268119,True,True,193945.82961300743,0.0,193945.82961300743,247410.52455630922,247410.52455630922,0.0,2215798.048110269,89.95576228088264,0.36284770925520754,6903.58246665301,35443.40164367522,11599.97522710755,0.059964755687707136,0.05891256175247815,0.247727522169506,317786.3666048616,293625.85824487644,293228.7121587594,138.3253540644008,2227.690073723187,2366.015427787588,0.0,0.0,0.0,34804.81803504387,26385.076973362786,27846.125939960653,2439847.766904326,11171.571369872127,4504.1108678102,373.0049973192,2455896.454139327,1335.7951593657608,33469.02287529386,34804.81803465962,2997.2816628367377,23387.795310246594,26385.076973083334,12724.3415657977,15121.784373910203,27846.1259397079,6583.61959220897,24249.672000075225,10473.94080017044,6583.619592,24249.672000000002,10473.940799999998,2.0897005015285686e-07,7.522248779423535e-08,1.704411261016503e-07,180157.05422079604,1536.247349161715,8855.06804304967,0.0,2397.46,0.0,1000.0
M0__S1__D1__start001__ndays366__20260324T080704Z,M0,S1,D1,14,2024-01-14,True,False,True,0.03080623653134732,False,False,138405.16176543452,1.0074163608587698e-06,138405.16176543452,749798.7067389691,713193.5492812037,36605.15745776554,1793620.6408369013,71.54980404640192,0.30049816044541655,9074.897379507946,14107.127063259873,3863.2210395270263,0.2253840054950599,0.34220704929705753,0.8425401499348629,174374.80240348412,133319.95370687416,186707.74575243678,144.65829470880175,2129.809951798776,2274.468246507578,0.0,1.0074163608587698e-06,0.0,35932.4505901078,27872.50379854757,26622.62439904455,2480181.9151070975,11683.0386917398,4306.209496331992,0.0,2496171.1632951694,271.90119335741855,35660.54939669087,35932.45059004828,5339.022658086079,22533.481139445863,27872.50379753194,16140.351257682323,10482.273141362002,26622.624399044325,6583.619592000093,24249.67199999992,10473.940799999995,6583.619592,24249.672000000002,10473.940799999998,9.276845958083868e-11,-8.36735125631094e-11,-3.637978807091713e-12,124809.63952473443,1572.6976822999407,8465.994558400136,0.0,2397.46,1159.37,0.0
M0__S1__D1__start001__ndays366__20260324T080704Z,M0,S1,D1,15,2024-01-15,True,True,False,0.001186968987954676,True,True,71418.65679713941,9.877715205950958e-07,71418.65679713941,1887038.6281786838,1887038.628178142,5.416538623321648e-07,894797.6165602066,32.16571853403141,0.30948264209988113,4404.629421936807,34896.44471939095,16079.767862569903,0.6658464751815655,1.7073732095850576e-09,0.5209931574173712,82305.29272845121,148833.92692450804,61559.62205531345,162.2520671668928,2429.5488801264646,2591.8009472933572,4.0878667269548414e-07,3.032745952867331e-07,2.757102526128786e-07,39267.39273870559,31262.44068754464,30369.36100179886,2757933.707922291,13103.964638472677,4912.244142006043,0.0,2775949.9167027697,28112.501428753018,11154.891309547449,39267.39273830046,3592.952825635536,27669.487861606976,31262.44068724251,19022.16347260266,11347.197528921712,30369.361001524376,6583.619592000404,24249.67200000938,10473.940800004639,6583.619592,24249.672000000002,10473.940799999998,4.0381564758718014e-10,9.378709364682436e-09,4.64024196844548e-09,57630.790046489885,1732.9499538051027,9657.456798502697,0.0,2397.459998341686,0.0,0.0
M0__S1__D1__start001__ndays366__20260324T080704Z,M0,S1,D1,16,2024-01-16,True,True,False,0.009038351009972315,True,True,43469.69813600163,1.0184240604207487e-06,43469.69813600163,2286438.647900548,2282902.979296793,3535.6686037547656,468225.8705766244,17.0194089818137,0.38738416585340224,3369.8958325231383,37989.5272695885,6381.477939195502,0.8045533263158509,0.999999560188142,0.6442562960251556,44055.60759179345,34989.09089880236,82447.39337668265,167.69040030635955,2306.2470684702644,2473.937468776624,4.128075517893692e-07,3.302308379042706e-07,2.753856707271087e-07,39190.480750715215,32310.289027518582,28828.088354481588,2726776.146324133,13543.180769255747,4662.943291573007,6.796507979162527e-05,2744982.270452927,34763.52504439434,4426.955705908081,39190.48075030242,18770.213635294203,13540.075391894148,32310.28902718835,15485.051540541132,13343.036813665072,28828.0883542062,6583.619592064129,24249.672000518356,10473.940801632665,6583.619592,24249.672000000002,10473.940799999998,6.412938091671094e-08,5.183537723496556e-07,1.6326666809618473e-06,29020.22603385429,1725.3100106291095,9167.332097169301,0.0,2397.4599925461475,1159.37,1.8027773990105057e-06
M0__S1__D1__start001__ndays366__20260324T080704Z,M0,S1,D1,17,2024-01-17,True,True,False,0.0,True,True,13241.858828120248,9.873552667339022e-07,13241.858828120248,2876823.45493498,2756726.171217015,120097.28371796428,9.319042614885392e-06,3.3804745324922144e-10,0.4610158204232457,6916.44567310205,15148.399573614864,12948.904431569565,0.9333820000080467,0.8381527741999739,0.7201811609710477,6.432215039750878e-07,3.173954346479741e-07,1.7842234262639108e-06,163.449595391983,2299.0884732620234,2462.5380686540066,3.1598264819953986e-07,3.4636545839143636e-07,3.2500716014292574e-07,38768.3223079347,31493.17830340367,28738.605917727742,2720693.146914793,13200.680617438076,4648.469506876659,0.0,2738542.297039108,36049.80674726901,2718.515560349805,38768.322307618815,19798.23088676695,11694.947416290452,31493.1783030574,22948.487684613174,5790.118232789651,28738.605917402823,6583.619592063016,24249.67200034797,10473.94080000516,6583.619592,24249.672000000002,10473.940799999998,6.301615940174088e-08,3.4796903491951525e-07,5.162291927263141e-09,6.255265197645116e-08,1705.5221468411473,9138.876681216545,0.0,2397.46,0.0,0.0
M0__S1__D1__start001__ndays366__20260324T080704Z,M0,S1,D1,18,2024-01-18,True,True,False,0.008086711771108661,True,True,14132.47112313794,1.0123920467524698e-06,14132.47112313794,2343202.9798313053,2337417.3019241346,5785.677907170724,371271.47500201536,13.706686355578228,0.694540629947466,6697.659161797048,31849.659589433024,20517.8267606543,0.8216252937035394,0.5337758499608262,0.48005077268054674,24765.160122331024,39701.02644051863,58250.09323678835,156.08611424405032,2359.5042310654762,2515.5903453095266,3.387738787667786e-07,3.418701050627959e-07,3.3174806292289523e-07,36522.0295767155,30074.395803898704,29493.802888278795,2686517.290143154,12605.983746924108,4770.622617185531,0.0,2703893.8965072636,33757.56520415722,2764.4643722210067,36522.02957637822,20661.24181671838,9413.153986839396,30074.395803557774,16072.213131939085,13421.589756008889,29493.80288794797,6583.619599333661,24249.67200487066,10473.940800370983,6583.619592,24249.672000000002,10473.940799999998,7.333661415032111e-06,4.870656994171441e-06,3.70984707842581e-07,728.933473843538,1627.0483308091323,9379.029318485269,0.0,2397.46,0.0,0.0
M0__S1__D1__start001__ndays366__20260324T080704Z,M0,S1,D1,19,2024-01-19,True,True,False,0.005689915658202454,True,True,53308.81303329304,0.0,53308.81303329304,1787424.3617819557,1787424.3617819557,0.0,630869.7595196688,26.087387549869614,0.2984436633675743,3943.7004140085155,33173.569694122445,9488.358619688357,0.7262083063704801,1.8475066869943395e-09,0.8521048954059778,63040.444612069696,33380.74204072326,106916.4136359515,153.346521104079,2518.124473549741,2671.47099465382,0.0,0.0,0.0,33405.7562175263,29546.53586335164,31476.55592003626,2397013.5666763303,12384.725970324806,5091.332919958388,0.0,2414489.6255666134,27032.462172745843,6373.294044425592,33405.75621717144,10449.693673577647,19096.84218945977,29546.535863037418,23270.6031596256,8205.95276009247,31476.55591971807,6583.619592007157,24249.67200003725,10473.940800024797,6583.619592,24249.672000000002,10473.940799999998,7.156813808251172e-09,3.724926500581205e-08,2.479828253854066e-08,35544.63269205563,1533.8055588772006,10009.544782360223,2664.0,2397.46,1159.37,0.0
M0__S1__D1__start001__ndays366__20260324T080704Z,M0,S1,D1,20,2024-01-20,True,True,False,0.009701490862123073,True,True,110625.60838890822,0.0,110625.60838890822,759186.5155447649,757490.9761693275,1695.5393754375941,1429536.2112590866,65.36435484096508,0.5887710603512027,9352.76485025493,33290.39664128496,16032.507560289085,0.28889588963854035,0.539904751825022,0.7061949546770342,136655.5853533576,156786.8835455213,208352.11090009465,139.09989707357067,2115.1239631695407,2254.2238602431116,0.0,0.0,0.0,29548.256935031375,26801.521594305137,26439.049538478062,2161826.050890145,11234.125791398454,4276.516263043729,0.0,2177336.6929445867,9367.59595880333,20180.660975969644,29548.25693477297,11705.467780440911,15096.05381367838,26801.52159411929,19981.208716283683,6457.840821992189,26439.049538275875,6583.61959102521,24249.672000051658,10473.940801532019,6583.619592,24249.672000000002,10473.940799999998,-9.74790054897312e-07,5.165566108189523e-08,1.5320201782742515e-06,97310.80614556838,1350.3544897409183,8407.617753598925,0.0,2397.46,1159.37,0.0
M0__S1__D1__start001__ndays366__20260324T080704Z,M0,S1,D1,21,2024-01-21,True,True,False,0.003643237789281429,True,True,103059.1395421785,9.88813016605665e-07,103059.1395421785,601307.349746669,597473.2954294122,3834.0543172568523,1542912.651077718,72.08572143708841,0.36996651358329596,9609.374759334509,31327.865530124054,3927.7375068749084,0.2390006220458545,0.018769996733573543,0.7297228964993587,150292.41213437036,176757.85552843037,207332.42064003123,142.2735878516155,2232.3130330819686,2374.586620933584,3.55729061015238e-07,3.1425406509901405e-07,3.1882989049141276e-07,28904.752012859157,27413.022707768392,27903.912915193843,2118186.2794364025,11490.442598050702,4513.457913762619,0.0,2134190.179948216,5486.678300797002,23418.073711706922,28904.752012503923,7049.9062498865605,20363.116457568078,27413.02270745464,18171.77778438163,9732.135130493876,27903.912914875506,6583.61959200896,24249.672000038052,10473.940800181328,6583.619592,24249.672000000002,10473.940799999998,8.960341801866889e-09,3.8049620343372226e-08,1.813295966712758e-07,86621.60588243313,1343.259353244545,8873.444306500824,2664.0,2397.46,1159.37,0.0
M0__S1__D1__start001__ndays366__20260324T080704Z,M0,S1,D1,22,2024-01-22,True,True,False,0.00940401753132833,True,True,107441.17507555599,0.0,107441.17507555599,615264.452028814,611810.9200154518,3453.532013362125,1958500.4111237805,76.19701113233312,0.3975248256627923,8238.391618774673,34617.019000419896,23463.310663013628,0.20190638151040913,8.504517593841048e-10,2.6964136331446177e-09,182492.11827347902,226374.80316010895,296263.7701850614,155.8512718088645,2719.034942523173,2874.8862143320375,0.0,0.0,0.0,33171.56676445579,30029.14678425609,33987.93678198803,2544157.6776309106,12587.017165973753,5497.548774414074,0.0,2562242.2435712987,8369.441493365146,24802.125270731318,33171.56676409647,2411.129767413829,27618.01701653171,30029.146783945536,8640.348015552288,25347.588766122873,33987.93678167516,6583.619592074222,24249.67200007625,10473.940800050612,6583.619592,24249.672000000002,10473.940799999998,7.422204362228513e-08,7.624839781783521e-08,5.0613380153663456e-08,90024.13142731195,1547.4197517144516,10808.163896529612,2664.0,2397.46,0.0,0.0
M0__S1__D1__start001__ndays366__20260324T080704Z,M0,S1,D1,23,2024-01-23,True,True,False,0.009418639187445345,True,True,152790.15396303358,0.0,152790.15396303358,586309.4839819928,585490.3423331085,819.1416488842025,2111428.733670183,78.29040005157374,0.35170029993115953,11285.20018339075,36819.68615566005,8679.425047565806,0.1873383804248476,0.0,0.5496730622899036,241571.3261591001,351014.81090584514,291653.382091018,157.65412798948125,2914.448917847407,3072.103045836888,0.0,0.0,0.0,34384.15647258118,30376.517917043042,36430.6114724817,2671983.4151718933,12732.621250110013,5892.6514057728145,0.0,2690608.687827776,4809.576376862698,29574.58009518178,34384.15647204448,432.2777035677274,29944.240213191824,30376.517916759552,14081.720084415452,22348.891387734337,36430.611472149794,6583.619591999982,24249.67200034119,10473.94080098934,6583.619592,24249.672000000002,10473.940799999998,-1.8189894035458565e-11,3.411878424230963e-07,9.893410606309772e-07,133376.06959677124,1608.3199178188654,11584.934448443444,2664.0,2397.46,1159.37,0.0
M0__S1__D1__start001__ndays366__20260324T080704Z,M0,S1,D1,24,2024-01-24,True,True,False,0.009773292961960422,True,True,156312.74459191537,9.884736292134253e-07,156312.74459191537,669947.5468671356,669947.5464905468,0.000376588856820792,1941722.4795226597,74.34792528085019,0.35786610612922676,5592.387779283475,34120.48101442398,9707.40177176946,0.2149647469315684,8.748640857502985e-09,0.40597206984969686,259265.3646648015,274186.45274785464,304167.6756065673,152.27639390275803,2874.0348081534917,3026.31120205625,3.399766746008911e-07,3.2343720589747817e-07,3.2505974871505607e-07,34338.76214284701,29340.345646571688,35925.435105040524,2586080.271745073,12298.299280978816,5810.939127735324,0.0,2604189.510153787,7737.941632031299,26600.820509967478,34338.762141998785,23.3818358617225,29316.963805447318,29340.34564130904,19510.79998537185,16414.63511639473,35925.435101766576,6583.619592071861,24249.67200305982,10473.94080016801,6583.619592,24249.672000000002,10473.940799999998,7.18609953764826e-08,3.0598166631534696e-06,1.6801095625851303e-07,134406.83259475903,1596.79363474621,11424.28836241013,5328.0,2397.46,1159.37,0.0
M0__S1__D1__start001__ndays366__20260324T080704Z,M0,S1,D1,25,2024-01-25,True,True,False,0.009183926983614369,True,True,140212.1123230721,0.0,140212.1123230721,654594.5684131167,654594.5684131167,0.0,1930022.7281039376,74.67344317105565,0.3414134062118963,6779.0583429759745,33828.124802510625,17965.122814052516,0.2251477419867449,0.0,0.35938438954460744,277288.7151452084,293042.1928772994,267494.7465973692,146.63709337004684,2688.62679505057,2835.2638884206167,0.0,0.0,0.0,34737.398365648085,28253.775218085928,33607.83491955008,2561428.381736393,11842.85241945835,5436.067301251023,0.0,2578707.3014571024,7547.13694498418,27190.2614205943,34737.39836557848,1.3760141660134806,28252.399203878675,28253.77521804469,9855.431736541028,23752.40318296309,33607.83491950412,6583.619627987815,24249.672001068484,10473.940819026886,6583.619592,24249.672000000002,10473.940799999998,3.5987814953841735e-05,1.0684816516004503e-06,1.9026887457584962e-05,124381.50627808511,1586.4845346609272,10687.291510326015,0.0,2397.46,1159.37,0.0
M0__S1__D1__start001__ndays366__20260324T080704Z,M0,S1,D1,26,2024-01-26,True,True,False,0.005911634557201939,True,True,152218.08959937346,0.0,152218.08959937346,568788.881038736,565279.3853257638,3509.4957129720738,2137225.4110939233,79.08313109842938,0.3718232747454305,10857.054270274502,12904.760503653471,5206.609765375536,0.17072399425124052,0.1600501670440592,0.384532332692072,278876.98319261614,299287.94293126755,258705.4044336862,142.41461591987738,2374.406369253773,2516.82098517365,0.0,0.0,0.0,38063.60011440005,27440.19574699793,29680.079634912094,2678842.2042068094,11501.832448743036,4800.752877835114,0.0,2695144.7895333874,5254.434623239847,32809.16549075073,38063.600113990586,937.7889742753903,26502.40677237684,27440.19574665223,9622.392999760961,20057.686634792528,29680.079634553484,6583.619592016143,24249.672000066326,10473.940800146333,6583.619592,24249.672000000002,10473.940799999998,1.6142621461767703e-08,6.632399163208902e-08,1.4633405953645706e-07,136226.703866579,1664.2904150106408,9438.26531778375,1332.0,2397.46,1159.37,0.0
M0__S1__D1__start001__ndays366__20260324T080704Z,M0,S1,D1,27,2024-01-27,True,True,False,0.007050475888625329,True,True,109350.63059294618,9.878173315253743e-07,109350.63059294618,515279.4308676,513023.92479026807,2255.506077332004,1790913.3228557114,77.73273012038656,0.36888001989636204,9293.328407532703,25851.908594433375,13100.931939241496,0.17829995515078526,4.555231219676908e-08,0.1502886097448635,199578.473519434,204401.76593316824,150148.73121110804,127.95339430914406,1937.0351072526112,2064.988501561755,3.3873591382921537e-07,3.2779079498759957e-07,3.2129062270855933e-07,32218.16229419684,23887.81071594987,24212.938841019815,2282233.785633427,10333.900724204404,3916.4428574763947,0.0,2296484.1292151078,6685.274982614265,25532.88731124463,32218.1622938589,3168.111793599205,20719.69892202367,23887.810715622873,8284.341373417574,15928.59746728174,24212.938840699313,6583.61959202047,25015.69448466441,10473.940800105047,6583.619592,24249.672000000002,10473.940799999998,2.0469997252803296e-08,766.0224846644087,1.0504845704417676e-07,97842.83736143814,1410.6186801788783,7699.71455132913,0.0,2397.46,0.0,0.0
M0__S1__D1__start001__ndays366__20260324T080704Z,M0,S1,D1,28,2024-01-28,True,True,False,0.009947237426725826,True,True,90194.09571461809,9.945890029453513e-07,90194.09571461809,607525.2763522586,605863.6495233377,1661.6268289208792,1666167.2641799026,73.33382896028358,0.3368494821125958,8649.67463251046,32628.809263854422,6722.723277279525,0.22403473017222222,0.0,0.5320636366175077,160158.41572010686,182465.7840838579,129136.54857252126,127.95339430826793,2029.2746711488444,2157.2280654571123,-9.57702879005393e-09,2.135325476915013e-07,7.90633484043904e-07,31309.66225426551,24119.314250545678,25365.93339124938,2250939.861230201,10333.900724133639,4102.939725729013,0.0,2265376.7016800637,5341.507150392507,25968.15510384128,31309.66225423379,202.3047123989138,23917.009537922248,24119.314250321164,5475.392500179519,19890.54088928645,25365.933389465972,6583.619591999985,25550.21343444361,10473.9408,6583.619592,24249.672000000002,10473.940799999998,-1.546140993013978e-11,1300.5414344436067,1.8189894035458565e-12,73186.2828822668,1388.6160145346348,8066.366817816657,3996.0,2397.46,1159.37,0.0
M0__S1__D1__start001__ndays366__20260324T080704Z,M0,S1,D1,29,2024-01-29,True,True,False,0.009904586928131509,True,True,144184.84444652693,8.38182819771241e-07,144184.84444652693,539693.8357487656,536835.4336762074,2858.402072558092,1989197.1529106372,78.74788169690339,0.4817128508774591,8697.042228470018,36272.63848733523,10412.32340899788,0.17388673389797812,5.699092257352034e-09,0.39336201862827114,218220.90293560008,211808.50573896308,213847.1361386156,135.71352109040794,2366.8478466651823,2502.5613677555903,4.16590435065963e-07,3.6958578721036035e-07,5.2006597494917617e-08,34779.22976230195,27449.58210676706,29585.59808283579,2501979.9190560146,10960.631888297481,4785.470489978999,0.0,2517726.021434291,6339.414712123364,28439.81504979391,34779.229761917275,65.69658330656196,27383.885523143814,27449.58210645038,13038.031631434696,16547.566451246563,29585.59808268126,6583.619592184764,24249.672000583658,10473.940800658735,6583.619592,24249.672000000002,10473.940799999998,1.8476384866517037e-07,5.836554919369519e-07,6.587360985577106e-07,126837.735997006,1545.428259026867,9408.220190494101,3996.0,2397.46,0.0,0.0
M0__S1__D1__start001__ndays366__20260324T080704Z,M0,S1,D1,30,2024-01-30,True,True,False,0.009884846706072517,True,True,150844.3852506631,0.0,150844.3852506631,693621.0932894426,693621.0932894426,0.0,1889450.9242285406,73.1474349694699,0.4270912674161726,6493.221349436331,33334.512940940964,17083.567934572417,0.2295544521494793,1.9955847583311335e-08,0.5543934808268928,281169.48727310717,301669.92835869174,203027.52539976194,138.0792062732429,2671.926750325366,2810.005956598609,0.0,0.0,0.0,35278.79416343808,26604.856700922814,33399.08438006112,2559064.350253711,11151.691734391541,5402.30189831409,0.0,2575618.343886417,6798.245172595019,28480.548990486885,35278.794163081904,15.638991110876308,26589.217709515564,26604.85670062644,20375.043165670573,13024.041214051249,33399.084379721826,6583.619592010965,24249.672000002993,10473.940800002725,6583.619592,24249.672000000002,10473.940799999998,1.0964868124574423e-08,2.990418579429388e-09,2.726665115915239e-09,136232.85672919458,1593.1596889252132,10620.90883254333,0.0,2397.46,0.0,0.0
M0__S1__D1__start001__ndays366__20260324T080704Z,M0,S1,D1,31,2024-01-31,True,True,False,0.009535461755776027,True,True,173783.15769708884,0.0,173783.15769708884,679969.2148594281,679242.1598767592,727.0549826689225,2155527.2494081166,76.03889199410717,0.32622172219002404,10008.064060901395,12685.618102925195,9623.752702967568,0.2081270554093914,0.5605019370713503,0.41592772967937136,310114.83246699325,299696.2726203068,256138.87405501847,133.5962916915053,2886.474578463965,3020.0708701554704,0.0,0.0,0.0,39107.360238695124,25741.096665250614,36080.93222976064,2812157.9584676065,10789.638078114014,5836.090788331969,0.0,2828783.6873340523,5459.444854091413,33647.91538426649,39107.36023835791,495.0469302829575,25246.049734647615,25741.096664930574,18178.201232880507,17902.730996561746,36080.93222944225,6583.619592034056,24249.67200010596,10473.940801363246,6583.619592,24249.672000000002,10473.940799999998,3.40560291078873e-08,1.0595613275654614e-07,1.3632470654556528e-06,157016.19154000471,1736.3997076898688,11473.73644939426,0.0,2397.46,1159.37,0.0
M0__S1__D1__start001__ndays366__20260324T080704Z,M0,S1,D1,32,2024-02-01,True,True,False,0.0007401983088984273,True,True,142509.1651208684,1.147847019625742e-06,142509.1651208684,795089.7282179901,795089.7279671165,0.00025087358795315446,2191005.9998560133,73.37360217360686,0.5086123190901621,7284.770718100838,36090.522751938515,11555.325509525557,0.21921680264198143,1.2335847944737544e-08,0.14864517922394124,253941.4604745756,202530.23511575448,225347.36020389857,141.60021275187398,2513.6589355040705,2655.2591482559446,4.135374055515417e-07,3.8700881561213124e-07,3.4730079846206937e-07,41675.294553600266,27283.27798643211,31420.736692714432,2959133.422654519,11436.058800979685,5082.3041602269195,0.0,2975651.7856157254,10257.815219299617,31417.47933404618,41675.2945533458,9404.377326509762,17878.900659694053,27283.277986203815,6642.035040986216,24778.701651539628,31420.73669252584,6583.619592255465,24249.67200091445,10473.94080272688,6583.619592,24249.672000000002,10473.940799999998,2.554652382968925e-07,9.144459909293801e-07,2.726881575654261e-06,129560.43960433459,1797.5612479051115,9991.794268628682,0.0,0.0,1159.37,0.0
M0__S1__D1__start001__ndays366__20260324T080704Z,M0,S1,D1,33,2024-02-02,True,True,False,0.00928823217206651,True,True,139502.8373999652,1.6061925810489952e-06,139502.8373999652,836330.7594674072,824287.3671483058,12043.392319101407,2147534.23770263,72.2632285261399,0.42895988544101565,8478.62188529616,23297.73477922525,6306.637606919408,0.23723587667265647,0.9999998827979905,0.7266669868508053,210379.8976313237,243714.4952383653,211477.4542291151,155.5761489417443,2530.8178021110707,2686.393951052815,1.1879651685904855e-06,2.0993666222473833e-07,2.0829075023377166e-07,41479.572365486645,29976.13659837384,31635.222516760005,2946448.118674225,12564.79741627008,5116.997243640468,0.0,2964129.913334136,2328.2611521465137,39151.311212176144,41479.57236432265,14273.450882705976,15702.685715379825,29976.1365980858,15219.858506788572,16415.36400984366,31635.22251663223,6583.619593210977,24249.672000513576,10473.940812462199,6583.619592,24249.672000000002,10473.940799999998,1.2109767340007238e-06,5.135734681971371e-07,1.2462200174923055e-05,124077.14976610483,1808.856870468879,10060.000763391507,0.0,2397.46,1159.37,0.0
M0__S1__D1__start001__ndays366__20260324T080704Z,M0,S1,D1,34,2024-02-03,True,True,False,0.00936488628533138,True,True,101084.30055502644,1.235635213281386e-06,101084.30055502644,757196.7851995318,746173.5994664228,11023.185733108934,1755944.276744465,70.17831947244629,0.46984424038812883,11227.153798756844,22286.5506227997,10372.743321382308,0.24291662128437339,0.3133434071170578,0.3207326862510281,189127.9269743875,258931.50643487755,147460.03264335287,136.1162658966688,2328.848601464334,2464.9648673610027,4.068746413662285e-07,4.3561867568043723e-07,3.9314189623472033e-07,34377.788494117165,26226.640826936877,29110.607530195317,2477118.2455748348,10993.158769414711,4708.640766089779,0.0,2492820.0451103393,5975.4258476787445,28402.362646244677,34377.78849392342,17648.618259987976,8578.022566760354,26226.64082674833,14993.727480464928,14116.880049583233,29110.60753004816,6583.619593142643,24249.672001829204,10473.94080096133,6583.619592,24249.672000000002,10473.940799999998,1.1426427590777166e-06,1.829201210057363e-06,9.61332261795178e-07,86741.39933630155,1528.8980279041427,9257.173190820728,0.0,2397.46,1159.37,0.0
M0__S1__D1__start001__ndays366__20260324T080704Z,M0,S1,D1,35,2024-02-04,True,True,False,0.008445246923169667,True,True,91510.5659063451,1.0440935953130793e-06,91510.5659063451,706252.081615798,704994.5592469247,1257.5223688731842,1583052.5933386516,69.18793572718748,0.313884809162252,7068.534677682907,24350.43945230774,8867.978763816174,0.2608434016685335,0.34251353877215013,0.6129169388112871,192111.71170110162,217989.72251926456,107262.6485756468,129.73996968776507,2214.493811285514,2344.233780973279,3.6482357634875995e-07,3.3840485726264316e-07,3.408651617016762e-07,30520.629651660653,24998.06737797777,27681.17263933029,2266110.8050505305,10478.189921835681,4477.429674694304,0.0,2281066.4246470607,6533.052802172862,23987.576849178287,30520.629651351148,10305.005622408102,14693.06175528655,24998.06737769465,13042.426916855049,14638.74572218965,27681.1726390447,6583.619592146942,24249.67200138781,10473.94080301663,6583.619592,24249.672000000002,10473.940799999998,1.4694160199724138e-07,1.3878088793717325e-06,3.0166320357238874e-06,73773.82231057274,1381.300695912461,8802.61289985992,3996.0,2397.46,1159.37,0.0
M0__S1__D1__start001__ndays366__20260324T080704Z,M0,S1,D1,36,2024-02-05,True,True,False,0.008748339534087072,True,True,151794.9609855676,0.0,151794.9609855676,469638.2435480997,468628.30431254295,1009.9392355567443,1963103.017825651,80.7286150387501,0.34585547442485964,7140.511503883489,36074.2208160934,8156.9189044088125,0.15737129496487312,0.0,0.41541154775643035,313385.65056279965,318211.6864641551,169786.42309222,158.40721223078197,2433.2960302389197,2591.7032424697018,0.0,0.0,0.0,32429.94758516928,30521.6208553283,30416.20038116389,2407855.778415226,12793.442597043268,4919.820411139299,0.0,2425569.0414234083,5222.221578928205,27207.72600579985,32429.947584728056,7219.128021897158,23302.49283316537,30521.620855062527,15159.881989123025,15256.318391757306,30416.200380880335,6583.619592013393,24249.67200004481,10473.94080012499,6583.619592,24249.672000000002,10473.940799999998,1.3393218978308141e-08,4.480898496694863e-08,1.2499185686465353e-07,131738.7017104077,1499.0775549601628,9672.351720199707,5328.0,2397.46,1159.37,0.0
M0__S1__D1__start001__ndays366__20260324T080704Z,M0,S1,D1,37,2024-02-06,True,True,False,0.008281034713666908,True,True,116278.94975244929,0.0,116278.94975244929,867711.5364111761,867672.9959631725,38.5404480034538,1579785.8686597818,64.54800493258371,0.3165515205970362,4765.311992285055,21821.809379315408,4649.042606879512,0.32479017524261183,1.1457815244674192e-08,0.24354223221545365,197118.58169030322,122431.91480574803,168181.5440028462,151.7454077701906,2704.767456255998,2856.5128640261883,0.0,0.0,0.0,32512.424258086437,29238.03617953955,33809.59320273659,2423332.472693663,12255.415244885824,5468.701700618738,0.0,2441056.5896391678,10559.470771518438,21952.95348083097,32512.424252349403,1317.2230081493026,27920.813171068556,29238.03617921786,9176.051622120587,24633.541580759298,33809.593202879885,6583.619592086317,24249.672000077226,10473.940800852808,6583.619592,24249.672000000002,10473.940799999998,8.63174136611633e-08,7.722337613813579e-08,8.528095349902287e-07,99119.49950312608,1519.169610705621,10751.450638617593,1332.0,2397.46,1159.37,0.0
M0__S1__D1__start001__ndays366__20260324T080704Z,M0,S1,D1,38,2024-02-07,True,True,False,0.006588513849759873,True,True,42434.20787271853,0.0,42434.20787271853,1484992.6863731886,1484992.6863731886,0.0,905747.1196178385,37.88564181464246,0.5231905329161731,5139.672905484468,35684.655878302765,16553.296976205584,0.5676465599337326,0.3040393708532071,0.19031080198807374,75757.78378839421,83862.5197523402,81548.90214344548,140.2817526410489,2567.749133022491,2708.03088566354,0.0,0.0,0.0,32632.623663827286,27029.239427944507,32096.864156295367,2362651.7321349424,11329.575999443668,5191.667778354904,0.0,2379172.9759127414,20552.713171695017,12079.91049153988,32632.6236632349,4677.151923544863,22352.087503552582,27029.239427097444,7492.071299506167,24604.792856294003,32096.864155800173,6583.619593324655,24249.6720024984,10473.940807483212,6583.619592,24249.672000000002,10473.940799999998,1.3246553862700239e-06,2.4983964976854622e-06,7.483213266823441e-06,28332.756053842088,1497.1890151120379,10206.802803764404,0.0,2397.46,0.0,0.0
M0__S1__D1__start001__ndays366__20260324T080704Z,M0,S1,D1,39,2024-02-08,True,True,False,0.007895746739106134,True,True,38191.844129316094,1.399561494757121e-06,38191.844129316094,1783216.7461132547,1779681.0736458749,3535.672467379841,731618.2174464206,29.133055547839607,0.328173405630116,4928.417481136392,21014.857094299852,4946.270551746688,0.6704409110643024,0.9999999363599736,0.7921810317585011,52701.35454656824,60822.33252849635,63944.29171347155,147.97033479558576,2531.826376211521,2679.7967110071068,4.664481078519704e-07,4.5551975420857636e-07,4.775936326965743e-07,34729.93345536347,28510.661812519895,31647.8297093096,2487278.0322518097,11950.52900442067,5119.036454423567,0.0,2504347.597710654,20879.009223094374,13850.924232225636,34729.93345532001,11410.43147252134,17100.230339965896,28510.661812487233,17191.289438590484,14456.54027066434,31647.829709254824,6583.619592460685,24249.672000617433,10473.940801037315,6583.619592,24249.672000000002,10473.940799999998,4.6068544179433957e-07,6.174304871819913e-07,1.0373169061494991e-06,22997.70528001806,1573.2990038572416,10064.0098454408,0.0,2397.46,1159.37,0.0
M0__S1__D1__start001__ndays366__20260324T080704Z,M0,S1,D1,40,2024-02-09,True,True,False,0.0043922539432102265,True,True,15436.7686661022,0.0,15436.7686661022,2078730.2594272164,2058575.612974273,20154.64645294349,399067.4684102552,16.237812212562538,0.4533353429125162,4128.9366617353,35590.445868470626,17123.82390492337,0.8134316153289012,0.9999998500074805,0.7586153789599378,25075.716829511577,25444.455172053968,21661.986414398307,156.71331343881718,2534.241570412274,2690.9548838510914,0.0,0.0,0.0,33306.13888042819,30195.24342354701,31678.019596371687,2433976.191879761,12656.638239140606,5123.919675270113,0.0,2451756.7497941717,24145.081118744107,9161.05776276156,33306.13888150567,28048.56778793681,2146.6756365867695,30195.24342452358,26514.758708733716,5163.260888836114,31678.01959756983,6583.619624016684,24249.67201466684,10473.940834346373,6583.619592,24249.672000000002,10473.940799999998,3.201668369001709e-05,1.4666838978882879e-05,3.4346374377491884e-05,1429.8274028364808,1535.8710208769282,10073.610242388793,0.0,2397.46,0.0,0.0
M0__S1__D1__start001__ndays366__20260324T080704Z,M0,S1,D1,41,2024-02-10,True,True,False,0.003330232022081315,True,True,13530.571182968546,1.0278017394728504e-06,13530.571182968546,2483554.264189123,1799625.3205588316,683928.9436302916,427125.1793343616,19.181546354423126,0.39681734528157,5074.1966015917415,35109.77898059061,14515.057399091158,0.7395305824410917,0.9999407916236129,0.8144529391833906,26159.683875298062,24349.001017095707,29888.57615762944,134.64529042268762,2153.574856421301,2288.2201468439885,3.386864855279668e-07,3.428813172011987e-07,3.4623393674368496e-07,30128.759064612925,25943.215870493957,26919.68573931871,2191015.788123696,10874.35836870517,4354.2591628273585,0.0,2206244.4056552285,22590.77084715126,7537.9882171625395,30128.759064313796,25222.785619117727,720.4302510734384,25943.215870191165,22069.957237679995,4849.728501332562,26919.68573901256,6583.619598848516,24249.67202556618,10473.9408006215,6583.619592,24249.672000000002,10473.940799999998,6.84851602272829e-06,2.556617619120516e-05,6.21501385467127e-07,45.05994063675015,1368.2211900969419,8560.460054274672,0.0,2397.4599979601808,1159.37,0.0
M0__S1__D1__start001__ndays366__20260324T080704Z,M0,S1,D1,42,2024-02-11,True,True,False,0.009430182523726356,True,True,51319.67888203518,9.812272242960654e-07,51319.67888203518,877752.2819105026,877752.2815814554,0.00032904720764471496,1295867.120102582,59.61794043145702,0.6542048463439379,12548.425247599253,12568.782230486344,19789.245186904376,0.37614985841539095,0.040670509195702746,0.5506510413368361,87564.50676527117,98202.57081578759,69164.72565432111,136.67762563391506,2197.983829515535,2334.66145514945,4.526336058373298e-07,5.2261940098174575e-08,4.763316783605611e-07,29176.32193623556,26334.80265243946,27474.79786997189,2159680.7752574217,11038.49586911596,4444.048555301718,0.0,2175163.319681839,11769.141376101587,17407.18055616397,29176.321932265557,24191.743926125768,2143.058726260985,26334.802652386752,14666.571973608961,12808.22589490804,27474.797868517002,6583.61959358465,24249.672000137565,10473.940801048693,6583.619592,24249.672000000002,10473.940799999998,1.5846499081817456e-06,1.3756289263255894e-07,1.0486946848686785e-06,35019.172150762744,1342.6910089481728,8736.985722324252,2664.0,2397.46,1159.37,0.0
M0__S1__D1__start001__ndays366__20260324T080704Z,M0,S1,D1,43,2024-02-12,True,True,False,0.0032148372942880444,True,True,52440.658238406504,9.99588183082849e-07,52440.658238406504,1380579.1270723864,1380579.1270710519,1.334802197407717e-06,1061508.9152932023,43.46726640803358,0.5329575534115883,5680.850041738008,37100.5130558148,14676.771024032316,0.5022945029886422,0.7258647735161875,0.2215896949741525,75104.12287352252,172176.1416344585,88546.6606527689,157.48225746170291,2674.635348144894,2832.117605606597,9.560473694288418e-07,1.9906209590291577e-08,2.3634604063715816e-08,32689.08064072604,30343.402208572836,33432.94185287591,2411696.9393749973,12718.74046968158,5407.7783445304585,0.0,2429823.4581892095,17324.08820611654,15364.992433653617,32689.08063977016,12996.44856582884,17346.953642724235,30343.402208553074,12691.871705148329,20741.070147704064,33432.94185285239,6583.619592006002,24249.67200000518,10473.94080000752,6583.619592,24249.672000000002,10473.940799999998,6.0017555369995534e-09,5.1768438424915075e-09,7.521521183662117e-09,36456.60641736216,1529.00631216835,10631.675508875955,2664.0,0.0,1159.37,0.0
M0__S1__D1__start001__ndays366__20260324T080704Z,M0,S1,D1,44,2024-02-13,True,True,False,0.005201755553696816,True,True,80281.16310075123,0.0,80281.16310075123,1188371.9191537583,1184901.427094803,3470.492058955399,1370861.373283014,53.638051742531054,0.5714584161009318,7696.585968364522,35739.316431542604,16768.71335358929,0.41163993791321085,0.38823665823273223,0.636587777177106,151093.80537922564,187879.53828572,137842.70943347365,156.93699138117626,2855.2359414933153,3012.1729328744914,0.0,0.0,0.0,33496.19636382983,30238.341306677743,35690.44926876823,2525126.2101063943,12674.703142068174,5772.930169206797,0.0,2543573.843417669,14221.911989090031,19274.28437454727,33496.196363637304,13151.733686967726,17086.6076194645,30238.34130643223,18225.23057489264,17465.218693686104,35690.44926857875,6583.619593565455,24249.67200027763,10473.940800202574,6583.619592,24249.672000000002,10473.940799999998,1.565455022500828e-06,2.77628714684397e-07,2.025753929046914e-07,63802.5927462264,1572.1774870889083,11349.56286743593,0.0,2397.46,1159.37,0.0
M0__S1__D1__start001__ndays366__20260324T080704Z,M0,S1,D1,45,2024-02-14,True,True,False,0.008660712658059955,True,True,130618.93509146546,0.0,130618.93509146546,438359.8391315588,433834.2639668727,4525.575164686134,2201505.1688965885,83.53782216602417,0.3319283464868588,8833.570585331487,15359.820726810134,5001.221570917941,0.12439426885707912,0.6819544351128116,0.5141450176157826,234510.6082003261,202737.99642584115,182175.8626795845,160.61134075923957,2933.9103863733003,3094.52172713254,0.0,0.0,0.0,34339.395212847405,30946.3084242236,36673.87969090312,2609495.2408908126,12971.454642175253,5932.000062604765,0.0,2628398.6955955927,213.60535029302423,34125.7898648307,34339.395215123724,12022.62992713192,18923.67849937427,30946.30842650619,16620.386167479788,20053.493525712565,36673.87969319235,6583.61959375101,24249.672007827394,10473.940938324367,6583.619592,24249.672000000002,10473.940799999998,1.7510101315565407e-06,7.827391527825966e-06,0.00013832436889060773,113787.75103324717,1612.060272384388,11662.29378583387,0.0,2397.46,1159.37,0.0
M0__S1__D1__start001__ndays366__20260324T080704Z,M0,S1,D1,46,2024-02-15,True,True,False,0.008439437940143868,True,True,90001.32597749717,0.0,90001.32597749717,742385.9758497364,742385.9758497364,0.0,1803665.5439842227,70.84167503813312,0.47651990610425043,5135.39485214736,34893.02201706854,23404.800509721365,0.24988323294018555,3.985886268353023e-09,4.54682194883361e-07,166397.50134102904,207655.0699339041,136948.31856602675,162.6332944201616,2878.8772939614855,3041.5105883816473,0.0,0.0,0.0,32979.56096953953,31335.894886528116,35985.9663129805,2516958.5805319333,13134.753697334258,5820.730028730585,0.0,2535914.0642579985,8048.227453033118,24931.33351626662,32979.56096929973,10990.901082161372,20344.993804167927,31335.894886329297,7417.326361248638,28568.63995151357,35985.96631276221,6583.619592620439,24249.67200024901,10473.940800180233,6583.619592,24249.672000000002,10473.940799999998,6.204390956554562e-07,2.490087354090065e-07,1.802345650503412e-07,74596.68773128181,1563.6410027184602,11443.537243496907,0.0,2397.46,0.0,0.0
M0__S1__D1__start001__ndays366__20260324T080704Z,M0,S1,D1,47,2024-02-16,True,True,False,0.009586020176973905,True,True,67431.49680652651,0.0,67431.49680652651,1428101.419032629,1426176.3510023402,1925.0680302889612,1107413.44702067,43.709263744462405,0.5068530738420004,11758.437878519491,15807.327758848534,8257.907468355195,0.5063979544229654,0.7057572210610688,0.2533397895269298,99500.92835411061,112999.32642115683,75887.35047433528,170.6045257516385,2888.6880434432564,3059.292569194895,0.0,0.0,0.0,32559.984859679884,32518.617823298973,36108.60054132962,2502536.5007280065,13778.534299437382,5840.566137848753,0.0,2522155.601165293,19384.32767325114,13175.657186320812,32559.984859571952,11115.197439597448,21403.42038351963,32518.617823117078,6123.9523962882895,29984.648144938266,36108.60054122656,6583.619592067248,24602.831778796477,10473.940802110399,6583.619592,24249.672000000002,10473.940799999998,6.724803824909031e-08,353.1597787964747,2.1104006009409204e-06,50832.39305643087,1559.7387774086733,11482.534972686946,0.0,2397.46,1159.37,0.0
M0__S1__D1__start001__ndays366__20260324T080704Z,M0,S1,D1,48,2024-02-17,True,True,False,0.006021674677866967,True,True,74019.29835791735,9.93432516625153e-07,74019.29835791735,759026.2130495491,759026.2130472257,2.323485078590747e-06,1450584.5604939777,65.64887254641764,0.36305009484893397,7167.5075981144955,31336.7192352587,9266.661182477683,0.3028364304654781,0.04369357414882533,0.41373673853482595,132244.52221566867,196064.13413848513,115423.11951145789,140.54524618336404,2583.4529567669556,2723.99820295032,3.432869706580615e-07,3.2237811503102745e-07,3.27767430936064e-07,28207.641000240015,27433.168677601636,32293.16196191831,2187135.2925647497,11350.856529907294,5223.418946963237,0.0,2203709.5680416203,8716.332956802136,19491.308043096702,28207.64099989884,13428.769851421477,14004.398825859891,27433.168677281366,15366.525680480738,16926.636281111918,32293.16196159265,6583.619592149326,24249.672000045215,10473.940800105847,6583.619592,24249.672000000002,10473.940799999998,1.4932629710529e-07,4.521280061453581e-08,1.0584881238173693e-07,56178.97517014576,1350.2676846229413,10269.22550314865,2664.0,2397.46,1159.37,0.0
M0__S1__D1__start001__ndays366__20260324T080704Z,M0,S1,D1,49,2024-02-18,True,True,False,0.008900751670339808,True,True,76919.19743117676,0.0,76919.19743117676,667129.6432410948,667129.6432410948,0.0,1460797.6427053995,68.6488515069556,0.3545059518727977,6724.506249636631,27584.35572363385,8882.988729894494,0.2680459970458227,0.38482322343710923,0.11700458455116912,149055.36825043382,154063.3777768523,104374.40575485163,138.30626830406123,2387.18709114498,2525.4933594490412,0.0,0.0,0.0,27456.067008068327,26648.606607267324,29839.838626105517,2105470.497006677,11170.029946502607,4826.5938999162,0.0,2121467.1208530962,8603.448944145504,18852.61806378865,27456.067007934154,10094.849401042744,16553.757206099137,26648.606607141883,6655.959000694651,23183.87962526816,29839.83862596281,6583.619604525535,24249.672002741707,10473.940813619643,6583.619592,24249.672000000002,10473.940799999998,1.2525534657470416e-05,2.741704520303756e-06,1.3619644960272126e-05,57241.02803199481,1304.2707118806488,9489.068687301298,5328.0,2397.46,1159.37,0.0
M0__S1__D1__start001__ndays366__20260324T080704Z,M0,S1,D1,50,2024-02-19,True,False,True,0.04994081244645001,False,False,84940.10260434481,1.8825110400917688e-06,84940.10260434481,781373.009597099,774825.3013168912,6547.708280207764,1693892.4301815238,68.61426110280325,0.36839536056533656,9530.944651709753,24028.655258821487,7153.525339448713,0.2622791879269723,0.5097218148615649,0.7114396927265685,147102.01010986464,183994.96695757093,149409.99432648616,170.6045257617653,2581.947780375199,2752.552306136964,6.852265363756426e-07,5.940492950481542e-07,6.032352086679721e-07,31761.730029825776,28864.18129106702,32274.347248425227,2441316.4141925797,13778.534300261266,5220.375668472338,0.0,2460315.324161313,3233.0645162864703,28528.665513727166,31761.730030013634,9505.6091423352,19358.572149011048,28864.18129134625,15764.710917795252,16509.636330900008,32274.34724869526,6583.619592373687,28257.26831539234,10473.940820001433,6583.619592,24249.672000000002,10473.940799999998,3.7368681660154834e-07,4007.5963153923367,2.00014346773969e-05,63221.99556289651,1504.5746144568768,10263.242426991417,3996.0,4794.92,1159.37,0.0
M0__S1__D1__start001__ndays366__20260324T080704Z,M0,S1,D1,51,2024-02-20,True,True,False,0.00926326437499299,True,True,72512.11067443097,2.369336521800925e-06,72512.11067443097,897758.5683098717,884385.8469801194,13372.721329752392,1609952.0099412468,64.54426394058454,0.46747691337126224,11192.727082541862,24219.695490019327,5919.164093393784,0.2842769484286162,0.999996664328061,0.5901710992055871,171974.75224738815,326075.73401806643,147001.0997342754,130.29583755192007,2498.654541692431,2628.950379244351,7.781445394380102e-07,8.148587670099376e-07,7.76333215352977e-07,33215.58695338604,29112.767262903842,31233.18150956647,2467291.14438458,10523.083481377029,5051.96715152813,0.0,2482866.1950174854,4839.017739028574,28376.569214970084,33215.58695399866,19469.35958584302,9643.40767763681,29112.76726347983,23546.591587229035,7686.589922951891,31233.181510180926,6583.6195960502655,24249.67206473397,10473.941081556506,6583.619592,24249.672000000002,10473.940799999998,4.050265488331206e-06,6.47339693387039e-05,0.00028155650761618745,54860.37339548988,1498.7554757136495,9932.151803227413,2664.0,2397.46,1159.37,0.0
M0__S1__D1__start001__ndays366__20260324T080704Z,M0,S1,D1,52,2024-02-21,True,True,False,0.009922711431119613,True,True,68386.34052267397,0.0,68386.34052267397,1170128.133792501,1170128.133635221,0.00015727985386823485,1310399.6825521784,52.82745365727356,0.3613905279346054,4819.952305650141,24498.922373623675,5837.746411422274,0.4388670522710169,0.39644899438049624,0.5683374259756051,129149.44933049027,106736.17118994871,109573.69676442216,148.13074569073845,2566.736548269947,2714.8672939606854,0.0,0.0,0.0,33382.77265801442,28541.569552543515,32084.20711605431,2457455.52521838,11963.484270478662,5189.620458567113,0.0,2474608.629947426,10653.573527207169,22729.199131076217,33382.772658283386,19443.38073648967,9098.188816105525,28541.569552595196,16238.70419104008,15845.502925322751,32084.20711636283,6583.619596013172,24249.67200979515,10473.940818844005,6583.619592,24249.672000000002,10473.940799999998,4.013171746919397e-06,9.795148798730224e-06,1.8844006262952462e-05,48926.65571260292,1531.4470306980247,10202.777779373038,5328.0,2397.46,0.0,0.0
M0__S1__D1__start001__ndays366__20260324T080704Z,M0,S1,D1,53,2024-02-22,True,True,False,0.002236086912126044,True,True,14121.07310462891,1.1191121821638153e-06,14121.07310462891,2787373.4463983476,2646057.11162622,141316.33477212721,9867.481270591927,0.371527162216209,0.38282175291393045,4614.596600301033,22126.854144498637,11761.984559449438,0.9331974953804004,0.999999834680956,0.9999908896072155,582.1164073498278,240.67444892687865,216.0240667164841,153.47933736407919,2535.0942208911442,2688.5735582552234,3.8959092305777484e-07,3.4277652466968626e-07,3.867447344363542e-07,35772.10430969333,29572.126666291322,31688.67777759735,2626375.613836532,12395.452610701257,5125.643627871187,0.0,2643896.7100751046,30630.33851970588,5141.765789731493,35772.104309437374,20022.55434872782,9549.572317354365,29572.126666082186,26556.760034010353,5131.91774333389,31688.677777344245,6583.619593026739,24249.672003543506,10473.940802689023,6583.619592,24249.672000000002,10473.940799999998,1.0267385732731782e-06,3.5435041354503483e-06,2.6890247681876644e-06,31.57594560837792,1615.0376327438416,10076.999528042297,0.0,2397.4599982343916,0.0,0.0
M0__S1__D1__start001__ndays366__20260324T080704Z,M0,S1,D1,54,2024-02-23,True,True,False,0.009688918913106779,True,True,18064.554377694894,0.0,18064.554377694894,2249096.7576385746,2222062.2889419743,27034.468696600146,526247.323037871,19.14803633273216,0.5326587090281336,8517.247882738198,20465.112658338097,13360.177286686821,0.7467846439858489,0.9999872995628969,0.8882198555186669,38521.39547856992,108636.51348558633,24931.38355658607,161.73569556444164,2499.115796048516,2660.851491612958,0.0,0.0,0.0,36382.24077329808,31162.947125235023,31238.94744940844,2718105.262713801,13062.260915765712,5052.899750152688,0.0,2736220.4233797193,26530.127392725968,9852.113380601853,36382.24077332782,28810.15798660593,2352.78913859526,31162.94712520119,28310.760791050343,2928.186658423514,31238.94744947386,6583.619592130471,24249.672000944505,10473.940804071703,6583.619592,24249.672000000002,10473.940799999998,1.3047065294813365e-07,9.445029718335718e-07,4.071704097441398e-06,1599.9039947008775,1641.8350937011714,9933.985289292852,1332.0,2397.46,1159.37,0.0
M0__S1__D1__start001__ndays366__20260324T080704Z,M0,S1,D1,55,2024-02-24,True,True,False,0.003477682241243883,True,True,14400.800229547533,9.940412633135225e-07,14400.800229547533,2572944.995875613,1795797.4896329562,777147.5062426566,476607.19625428854,20.973693603707765,0.41614178807657193,4646.802552457856,34785.81886192355,10407.299451946967,0.7439689636224969,0.999998836468426,0.6317495236463979,29610.569399001422,34042.698024294936,9884.003991013138,131.12307481245406,2371.2845110320095,2502.4075858444635,3.3426366308169795e-07,3.342371790821367e-07,3.2554042114968764e-07,29687.91733361823,25264.56162169789,29641.05639217128,2247760.6985185854,10589.89364901487,4794.440870742903,0.0,2263145.033038343,21411.422522982615,8276.494810303559,29687.91733328617,24514.240014380302,750.3216069856442,25264.56162136595,22505.198206057707,7135.858185790235,29641.05639184794,6583.619592727249,24249.672000402014,10473.940800125067,6583.619592,24249.672000000002,10473.940799999998,7.272492439369671e-07,4.0201121009886265e-07,1.2506825441960245e-07,48.69351827432151,1369.4207799209667,9425.85593135224,0.0,2397.46,1159.37,0.0
M0__S1__D1__start001__ndays366__20260324T080704Z,M0,S1,D1,56,2024-02-25,True,True,False,0.0009539315377030955,True,True,14969.108497296473,1.1450348773722733e-06,14969.108497296473,2669851.094890377,2541625.8210543348,128225.2738360427,12.548590509254623,0.0004937205331460313,0.36775422652039674,7565.034373771835,14276.452275083007,11486.592439480091,0.999999999613778,0.8936424859804456,0.8138516515770233,0.8317655751686356,0.45434509380946597,0.23512309859210342,128.72783235494614,2502.6401339656486,2631.367966320595,3.825927879063561e-07,3.3350449845697457e-07,4.289375910089427e-07,32233.070299793817,24803.050528766224,31283.001673939652,2486654.8622939894,10396.446668560427,5060.025520867652,0.0,2502111.3344834177,31972.642703880952,260.4275955793064,32233.07029946026,23744.011545237234,1059.0389833545455,24803.050528591775,23319.347722842867,7963.6539508406295,31283.001673683495,6583.619673869318,24249.672019978443,10473.94080078735,6583.619592,24249.672000000002,10473.940799999998,8.186931790987728e-05,1.9978440832346678e-05,7.873513823142275e-07,1.8481897231722442e-06,1464.2839629348268,9947.994532513454,2.7324753482831695e-19,2397.46,1159.37,0.0
M0__S1__D1__start001__ndays366__20260324T080704Z,M0,S1,D1,57,2024-02-26,True,True,False,0.0014545118459859993,True,True,17586.2164065819,1.1348839734637295e-06,17586.2164065819,2853815.364999469,2616707.483678041,237107.88132142817,154978.53037545946,5.591489425196775,0.5293375948628164,5797.030151999839,24511.56960007276,9388.92822034588,0.8883207183999858,0.7019979005595699,0.7651242500639915,11189.670765952696,30808.787550879788,12560.04395592248,157.3792251838222,2763.5213226339642,2920.9005478177864,2.6509951567277312e-08,1.0060613249152084e-06,1.0231269698124379e-07,37444.79473497669,30323.550148268318,34544.01653446681,2781714.9536857563,12710.419273227628,5587.494674200545,0.0,2800012.8676331844,35913.81455873361,1530.9801761259243,37444.79473485953,23362.953576251024,6960.5965708789445,30323.55014712997,25896.78664054251,8647.229893660466,34544.016534202965,6583.619592630048,24249.672004741304,10473.940800063947,6583.619592,24249.672000000002,10473.940799999998,6.300479071796872e-07,4.7413013817276806e-06,6.394839147105813e-08,15.497847344442862,1696.891301767451,10984.997257470008,1332.0,2397.46,1159.37,0.0
M0__S1__D1__start001__ndays366__20260324T080704Z,M0,S1,D1,58,2024-02-27,True,True,False,0.008563234019273282,True,True,15390.827213098992,0.0,15390.827213098992,2816482.1148454314,1609683.694203953,1206798.420641479,1308581.5491298963,44.841076462088914,0.5808017638992827,8300.790460864215,34645.958348521875,11376.87665488728,0.5011208560425403,0.2600678495181774,0.6294121660361695,88272.54782845464,153374.83170842106,65311.420154555395,160.45426423781078,2525.790996259502,2686.245260497313,0.0,0.0,0.0,38927.20102316375,30916.042983532938,31572.38745131142,2888426.9775423626,12958.768670132346,5106.83367059449,0.0,2906492.5798830893,22749.290738665753,16177.910285052818,38927.20102371857,16461.89024962854,14454.152734463885,30916.042984092426,21948.039766223097,9624.347685600751,31572.387451823848,6583.619605174845,24249.672227547308,10473.940802162444,6583.619592,24249.672000000002,10473.940799999998,1.3174844752938952e-05,0.00022754730525775813,2.1624455257551745e-06,65.66073079790502,1728.3172721695628,10040.019210131526,0.0,2397.46,1159.37,0.0
M0__S1__D1__start001__ndays366__20260324T080704Z,M0,S1,D1,59,2024-02-28,True,True,False,0.003958031013847485,True,True,21300.89214522418,8.287998815838044e-07,21300.89214522418,1151634.3913146309,1046152.0089412199,105482.38237341112,1792843.5496689817,63.15062889871684,0.44502148690623894,8808.290720634563,21931.239947341022,21148.47695258183,0.30835166289474303,0.486890164962306,0.15434370416958657,135068.97907647066,204678.79823658036,72108.8176166194,159.85015112110528,2587.185474103213,2747.035625224318,3.54880856483746e-07,2.3585922713196482e-07,2.380597979680936e-07,38244.96475018092,30799.643976282783,32339.818427320457,2804115.3472153656,12909.97867898328,5230.965630453682,0.0,2822256.2915248023,11906.127854126295,26338.836895675784,38244.96474980208,14908.700221401274,15890.94375459593,30799.643975997205,7834.852738780086,24504.96568824315,32339.818427023238,6583.619594294672,24249.672012849922,10473.940801436858,6583.619592,24249.672000000002,10473.940799999998,2.2946724129724316e-06,1.2849919585278258e-05,1.43685974762775e-06,3085.6368871610052,1710.3629985029092,10284.06225956027,2664.0,2397.46,1159.37,0.0
M0__S1__D1__start001__ndays366__20260324T080704Z,M0,S1,D1,60,2024-02-29,True,True,False,0.004287240052635767,True,True,23880.479448826092,0.0,23880.479448826092,1996255.2007093825,1767755.3388846908,228499.86182469182,1043159.2208729165,37.111025564678535,0.4199200666474054,4328.39612042727,19708.486044367473,4475.727476625539,0.5859232870143244,0.6580605951503571,0.7761899429527178,77482.31551366097,56636.69368269475,31030.85903270809,172.51667051513084,2731.330188535421,2903.8468590505518,0.0,0.0,0.0,36486.61991244609,33240.206277407764,34141.6273580764,2789079.2917810986,13932.964858019455,5522.4082249451585,0.0,2808534.664864063,17713.67815088129,18772.941761233586,36486.619912114875,17581.81964179608,15658.38663529348,33240.20627708956,19883.505621651755,14258.12173609006,34141.62735774182,6583.619592119669,24249.672000719336,10473.940800384906,6583.619592,24249.672000000002,10473.940799999998,1.1966858437517658e-07,7.193339115474373e-07,3.8490725273732096e-07,3791.2498435124917,1679.3621058853064,10857.0374994283,3996.0,2397.46,1159.37,0.0
M0__S1__D1__start001__ndays366__20260324T080704Z,M0,S1,D1,61,2024-03-01,True,True,False,0.00022092769799901947,True,True,15826.715103513012,1.3743194784875617e-06,15826.715103513012,2686059.5363671174,2522440.202443215,163619.3339239023,401250.15763185965,13.724098937123982,0.536657108428099,6852.088543407018,21439.12514983641,14160.724226015986,0.8122873820515278,0.5885491881814559,0.6224245088768866,26140.132571095324,37943.91466445898,11994.32060419675,170.60452638414114,2932.6030645136716,3103.2075908978127,4.251957166504346e-07,4.594589208791652e-07,4.89664840957962e-07,38407.85802035926,32816.18349989181,36657.53830505513,2892213.9647458303,13778.534350522925,5929.356821075653,0.0,2911921.8559174286,33833.23775959528,4574.620260725538,38407.85802032081,21221.41683436839,11594.766665450647,32816.18349981904,26485.436683434156,10172.101621518477,36657.538304952635,6583.6196118791395,24305.26622448611,10473.940802033852,6583.619592,24249.672000000002,10473.940799999998,1.9879139472323004e-05,55.59422448610712,2.0338538888609037e-06,11.8728586684774,1760.285064975324,11657.097181441844,0.0,2397.459998427365,0.0,0.0
M0__S1__D1__start001__ndays366__20260324T080704Z,M0,S1,D1,62,2024-03-02,True,True,False,1.157243164741681e-05,True,True,15466.45926281676,0.0,15466.45926281676,2361642.830488202,2330797.5196717964,30845.31081640546,305260.2749699438,11.580181420545482,0.659690673485504,5089.597318103681,35052.82662791638,16209.604988893005,0.8426322692621946,0.8089839103984416,0.5333852968165234,20629.038723737845,21378.36179665147,6870.924838496713,148.94882272877516,2591.3662465376638,2740.315069266439,0.0,0.0,0.0,35564.750110855166,28754.789298499105,32392.078083094668,2609883.701903315,12029.554631021365,5239.418629720678,0.0,2627152.675164057,32479.143031547635,3085.607079050196,35564.75011059783,19927.961702658562,8826.827595582106,28754.78929824067,17557.785072246465,14834.293010572015,32392.078082818483,6583.619670542088,24249.672057110525,10473.940800993427,6583.619592,24249.672000000002,10473.940799999998,7.854208797652973e-05,5.7110522902803496e-05,9.934283298207447e-07,0.9578538124871194,1607.990579017059,10300.680829987214,0.0,2397.46,1159.37,0.0
M0__S1__D1__start001__ndays366__20260324T080704Z,M0,S1,D1,63,2024-03-03,True,True,False,0.0023912518993763907,True,True,15882.065591338649,9.825123409522162e-07,15882.065591338649,2165530.232394588,1437742.839096302,727787.393298286,1429970.029016285,49.86447719075284,0.5248121842015849,12756.630109688791,12699.826978838364,11418.024216656282,0.45143327367386105,5.081883575596984e-05,0.5661067965799098,100374.55162539543,120126.612025131,26982.371382665755,170.60452802455814,2674.061234288967,2844.665762313525,3.391257987700197e-07,3.133906332916205e-07,3.2999590889057605e-07,37045.968153211,27453.105362196697,33425.76542917774,2836755.093491471,13778.534483001089,5406.617558078061,0.0,2855940.24553255,18618.72250180907,18427.245651065277,37045.968152874346,17739.905930301757,9713.199431576975,27453.105361878734,18230.833743205156,15194.931685645362,33425.76542885052,6583.619605145441,29668.344734650636,10473.940800748172,6583.619592,24249.672000000002,10473.940799999998,1.3145440789230634e-05,5418.672734650634,7.481739885406569e-07,5.205885670185916,1690.6362993698153,10629.393406298645,0.0,2397.46,1159.37,0.0
M0__S1__D1__start001__ndays366__20260324T080704Z,M0,S1,D1,64,2024-03-04,True,True,False,0.008600397353913271,True,True,21958.836537759664,1.4691319727766026e-06,21958.836537759664,1959870.8210788672,1938033.5581841783,21837.26289468883,1118136.3649178725,36.586197529977326,0.5356848899324852,7524.960991819913,37669.27559420042,8810.86014442186,0.5727412340993612,0.24250662021098873,0.6188764748485318,82869.73002266913,77422.17908577432,35165.38285553469,125.60726514101273,3186.391674635265,3311.998939776278,5.113603834232496e-07,4.582262654880786e-07,4.995453238652745e-07,40968.124449304545,29620.457920372915,39829.89592924112,3025092.096633424,10144.42028064587,6442.485667170324,0.0,3041679.0025812406,26111.68412334851,14856.440325921263,40968.12444926977,3944.0014102413534,25676.45651014514,29620.457920386492,23536.9167010696,16292.979228148666,39829.89592921826,6583.619592842968,24249.672005490687,10473.940804693928,6583.619592,24249.672000000002,10473.940799999998,8.429678928223439e-07,5.490684998221695e-06,4.693929440691136e-06,3652.235662434943,1817.3239686495378,12665.906906675182,2664.0,0.0,1159.37,0.0
M0__S1__D1__start001__ndays366__20260324T080704Z,M0,S1,D1,65,2024-03-05,True,True,False,0.008347148125519661,True,True,32869.67303596808,1.006281425157795e-06,32869.67303596808,1098537.4130851477,1094395.395021364,4142.018063783621,2055648.1720708208,65.25776956057774,0.45638971429492187,13228.74517727666,20670.12093598058,9393.472521772434,0.29506564238842165,0.5317991852213686,0.8180142645968387,172479.8510079108,416241.7108984627,90773.16121755597,152.0994353792484,3157.3888200417914,3309.48825542104,0.0,0.0,1.006281425157795e-06,41499.19884943645,29306.249596868023,39467.3602562226,3114230.8722236333,12284.007578721728,6383.845520521998,0.0,3132898.725322877,3369.2532221424653,38129.945627293986,41499.19884943645,0.0,29306.249596868023,29306.249596868023,31701.022660711125,7766.337594505195,39467.36025521632,6583.619591999999,24249.672000000002,10473.940799999997,6583.619592,24249.672000000002,10473.940799999998,-9.094947017729282e-13,0.0,-1.8189894035458565e-12,13566.862470488717,1863.3600058132527,12550.620559666124,1332.0,2397.46,1159.37,0.0
M0__S1__D1__start001__ndays366__20260324T080704Z,M0,S1,D1,66,2024-03-06,True,True,False,0.009229843212616929,True,True,79577.71589289454,0.0,79577.71589289454,767507.8545013947,747205.862590307,20301.991911087647,2355137.2335216096,75.91478958188861,0.42561878693813177,5346.724723804433,23120.19231496485,10702.028715909446,0.19600170095556838,0.8753752015040953,0.5362434458954755,218971.23753446375,185982.96082070674,144030.20295506404,141.42730455197068,3244.3603586076924,3385.787663159663,0.0,0.0,0.0,41114.02892012529,27249.96234100773,40554.50448229983,3080225.9684465937,11422.09421502998,6559.691100061297,0.0,3098207.753761685,7323.038081764616,33790.990838126214,41114.02891989083,21234.79902443214,6015.163316390474,27249.962340822618,23710.094117607034,16844.410364489617,40554.50448209666,6583.619592492992,24249.672000628412,10473.940800556074,6583.619592,24249.672000000002,10473.940799999998,4.929916030960158e-07,6.284099072217941e-07,5.560759746003896e-07,57109.905426325684,1846.0180411033054,12896.332425465578,5328.0,2397.46,0.0,0.0
M0__S1__D1__start001__ndays366__20260324T080704Z,M0,S1,D1,67,2024-03-07,True,True,False,0.00046470183930675597,True,True,22237.385320219022,2.3999989028737445e-06,22237.385320219022,1386543.9632016248,1359467.3133332413,27076.64986838309,1655443.2134693465,54.908535386123006,0.4229031944946748,6917.619818932886,22358.20033327758,10846.650088967834,0.4058116529042302,0.9999995831094681,0.764709603279732,114898.48241293135,85768.75686402022,58912.49825726429,133.28191588767132,3191.8038078603095,3325.085723747981,7.556480806224008e-07,8.765201804129041e-07,7.678306418384396e-07,40449.09722955478,25680.52329015046,39897.54759386122,2986931.957143994,10764.248143272198,6453.428324067811,0.0,3004149.633611334,7674.50661156863,32774.59061894953,40449.09723051815,23035.148344435907,2645.37494655927,25680.523290995177,26203.215260442168,13694.332334372557,39897.54759481473,6583.619596348082,24249.67200320746,10473.940804879518,6583.619592,24249.672000000002,10473.940799999998,4.348082256910857e-06,3.2074567570816725e-06,4.879519110545516e-06,4183.807040184576,1809.3281437897147,12687.420136244733,0.0,2397.46,1159.37,0.0
M0__S1__D1__start001__ndays366__20260324T080704Z,M0,S1,D1,68,2024-03-08,True,True,False,6.2440513305107e-08,True,True,16752.919628931526,7.552925340376613e-05,16752.919628931526,3061262.3987761857,2501885.4765421934,559376.9222339926,438315.16440682067,14.907661684793895,0.40684625534864677,6389.530761086981,15496.165580294071,10231.380022502033,0.8146332414062442,0.5428553932486232,0.5518193814925739,25768.818868545255,25966.8486902307,16168.879083908667,142.57815697011964,2875.0241566010827,3017.6023135712026,2.5649227616865485e-05,2.39994220204461e-05,2.5880603766454543e-05,39763.8901727919,27471.705590125544,35937.801177047615,2900022.193692566,11515.040516397852,5812.939469310009,0.0,2917350.173678274,34265.87051217198,5498.019709591139,39763.890221763126,23622.21684676184,3849.488793984764,27471.7056407466,24580.042206095542,11357.759019692054,35937.801225787596,6583.619935114022,24249.67295751234,10473.941571844536,6583.619592,24249.672000000002,10473.940799999998,0.000343114022143709,0.0009575123367540073,0.000771844537666766,0.0007710795324905055,1767.867835362684,11428.221022489304,0.0,2397.46,1159.37,0.0
M0__S1__D1__start001__ndays366__20260324T080704Z,M0,S1,D1,69,2024-03-09,True,True,False,0.004216220822137435,True,True,16606.564698821523,0.0,16606.564698821523,3047597.415415396,2289688.4132293426,757909.0021860534,368981.4547931341,13.878423163067747,0.6028181348006506,4338.194180519999,34644.139694533435,11397.678190549186,0.8405586748692518,0.5623918469465425,0.6543704298503463,25158.563257182912,60988.753385754695,9236.693177193672,127.95339431561372,2563.6602590170223,2691.613653332636,0.0,0.0,0.0,33964.18420852452,24618.411922370884,32045.754017227453,2593572.609625002,10333.900724726907,5183.400587394187,0.0,2609089.910937123,31476.546508416162,2487.6376994070506,33964.184207823215,14530.089229105273,10088.32269314484,24618.41192225011,20447.53223292277,11598.2217841251,32045.754017047875,6583.619592224051,24285.09423683772,10473.940800198903,6583.619592,24249.672000000002,10473.940799999998,2.2405129129765555e-07,35.4222368377159,1.9890467228833586e-07,3.8862094567548864e-07,1527.1851688402396,10190.549529592665,1332.0,2397.46,1159.37,0.0
M0__S1__D1__start001__ndays366__20260324T080704Z,M0,S1,D1,70,2024-03-10,True,True,False,5.2899529208065834e-05,True,True,16499.640457136116,2.819671312622363e-06,16499.640457136116,2739459.444904804,1489750.7394645484,1249708.7054402567,1140237.06247825,43.35522247045957,0.4940583128114468,8698.911023480614,30802.905924862145,14110.818129333979,0.5367625013025152,0.4433054820903644,0.47227321898392727,77564.40875514242,105057.37481293661,25072.910336627596,127.95339439476032,2525.8500495765693,2653.8034439713297,9.573976995688535e-07,1.1022323521808007e-06,7.600412608727087e-07,35358.975711876854,24544.940426389498,31573.125603764915,2632681.403644766,10333.90073114094,5106.953069059258,0.0,2648122.257444966,20861.211364781848,14497.764348030742,35358.97571281259,12413.647911090206,12131.292516090223,24544.94042718043,16062.187642049546,15510.937962848528,31573.125604898072,6583.619593311344,24393.987027653282,10473.940815871276,6583.619592,24249.672000000002,10473.940799999998,1.3113440218148753e-06,144.31502765327969,1.5871277355472557e-05,2.9698143978893325e-07,1570.5565118457205,10040.253947066863,1332.0,2397.459997926551,1159.37,0.0
M0__S1__D1__start001__ndays366__20260324T080704Z,M0,S1,D1,71,2024-03-11,True,True,False,0.008914588423663227,True,True,20139.42009865112,1.0001000000000002e-06,20139.42009865112,2566099.9311598544,1948637.458235961,617462.4729238937,944772.2660847575,32.65255722836005,0.5449304564378027,8311.287557767007,27787.815978226732,14691.39560998951,0.6224306181102507,0.6734248403982671,0.5682584988459539,71878.72031237007,150627.7244862951,40569.53355806665,139.23861543918255,2731.0196081943755,2870.258223633558,0.0,0.0,1.0001000000000002e-06,39172.12746452793,26972.56450007155,34137.74511297286,2899508.794188126,11245.32910356201,5521.780270318008,0.0,2916275.903562006,24055.05332431852,15117.074140209528,39172.12746452805,15451.960967691495,11520.60353235579,26972.564500047287,17897.773138155073,16239.97197351559,34137.745111670665,6583.619591999999,24249.672131455853,10473.940806619179,6583.619592,24249.672000000002,10473.940799999998,-9.094947017729282e-13,0.00013145585035090335,6.619180567213334e-06,0.00020792772617083088,1730.786948150753,10855.802942572644,3996.0,2397.46,1159.37,0.0
M0__S1__D1__start001__ndays366__20260324T080704Z,M0,S1,D1,72,2024-03-12,True,True,False,0.009573647873334883,True,True,44644.576180062875,1.2500735166499832e-06,44644.576180062875,899711.6935575542,859204.6230914848,40507.07046606931,1893317.0020068404,68.784818427692,0.4079845676341381,9615.300161972418,23344.933359654606,10817.590616929096,0.24977543343588088,0.9999887835363459,0.965472532436776,172378.1869347794,312313.10990643414,89497.91858264193,135.48450666135807,2709.033523620697,2844.518030282055,4.1916571648651003e-07,4.2550195551709836e-07,4.054058446463746e-07,36835.84607916903,26104.91470594082,33862.91904696713,2724999.23647943,10942.13599464178,5477.327155575354,0.0,2741418.6996296467,3551.641823512725,33284.20425550177,36835.846079014496,19425.45467643384,6679.460029346066,26104.914705779905,28774.353834308706,5088.565212517605,33862.91904682631,6583.619592329699,24249.67200414917,10473.940805202938,6583.619592,24249.672000000002,10473.940799999998,3.2969910535030067e-07,4.149169399170205e-06,5.202939064474776e-06,26009.45627445156,1645.8816492190388,10768.408256392271,2664.0,2397.46,1159.37,0.0
M0__S1__D1__start001__ndays366__20260324T080704Z,M0,S1,D1,73,2024-03-13,True,True,False,0.00999514651165052,True,True,51687.91971762385,1.2958653476471384e-06,51687.91971762385,805185.3989718958,783400.6340445323,21784.76492736347,1965955.4963260856,71.50603279834364,0.4419444984577807,7647.23485860307,34087.18844840999,10274.699408223842,0.22104581057396033,8.376966372246382e-09,0.9476903601592083,191059.36045293667,206275.01897120147,92252.5149591948,133.40286397675743,2670.5808383569747,2803.9837023337323,4.347322921169371e-07,4.2314117433347215e-07,4.379918811967291e-07,36222.35245547409,25703.827358875893,33382.26048344302,2720262.263702612,10774.016274470854,5399.580632559121,0.0,2736435.8606096418,3503.5846280518467,32718.76782727864,36222.35245533048,12340.32613807763,13363.501220674401,25703.82735875203,31430.720017190844,1951.5404661113457,33382.26048330219,6583.619592336312,24249.6720014234,10473.940801550101,6583.619592,24249.672000000002,10473.940799999998,3.3631204132689163e-07,1.4233992260415107e-06,1.5501027519349009e-06,30568.241425360535,1619.289459794336,10615.558832468974,5328.0,2397.46,1159.37,0.0
M0__S1__D1__start001__ndays366__20260324T080704Z,M0,S1,D1,74,2024-03-14,True,True,False,0.009924806356575664,True,True,35367.193940038866,1.3260851868561336e-06,35367.193940038866,1497879.9577585652,1497879.956743271,0.0010152942263048565,1101673.9565981128,42.379346354161825,0.4480510845811372,5064.352903986216,23383.229751741037,8744.29439838725,0.5224460375191051,0.39640218330828286,0.6098523874897905,91650.18765923058,99554.44822124837,46360.40065741633,134.07161543636278,2667.7419513014393,2801.813566737802,4.1017282654075484e-07,4.982877689685414e-07,4.1762459134683753e-07,35280.29761775293,25832.681200054285,33346.77437488559,2571965.9534656024,10828.026652467415,5393.8407577874805,0.0,2588187.8208758575,14704.898520577812,20575.39909586602,35280.29761644383,9668.239062580727,16164.442136958787,25832.68119953952,24694.3429752097,8652.431399426368,33346.774374636065,6583.6195950788215,24249.67200298322,10473.94081820497,6583.619592,24249.672000000002,10473.940799999998,3.0788214644417167e-06,2.9832190193701535e-06,1.8204971638624556e-05,15621.93627140901,1588.1534122066366,10604.274256423221,3996.0,2397.46,1159.37,0.0
M0__S1__D1__start001__ndays366__20260324T080704Z,M0,S1,D1,75,2024-03-15,True,True,False,0.009512059682843566,True,True,45606.26322411603,1.228542558235984e-06,45606.26322411603,987175.7597102025,974370.8124978188,12804.947212383508,1690472.7719443263,63.43609740600245,0.5088898537498411,9486.901564492122,24431.6545204679,10327.358459977477,0.30348730396742946,0.6856155580640024,0.7033101522313222,144709.761066394,260226.97984652827,65081.212850669515,135.66553063430186,2569.1970413469608,2704.8625719812626,4.2186374823008606e-07,4.0608726866855706e-07,4.0059154133734103e-07,36151.88639518856,26139.793939258787,32114.96302977529,2636984.4722642847,10956.756034817434,5194.595267981884,0.0,2653135.823567084,8688.517720397438,27463.368674842146,36151.886395239584,12320.0029290157,13819.791010309855,26139.79393932556,20635.234442548568,11479.728587298956,32114.963029847524,6583.619592913405,24249.672020492722,10473.940805469116,6583.619592,24249.672000000002,10473.940799999998,9.134046194958501e-07,2.049272006843239e-05,5.469117240863852e-06,30226.68432148597,1610.190663275879,10212.55823935417,0.0,2397.46,1159.37,0.0
M0__S1__D1__start001__ndays366__20260324T080704Z,M0,S1,D1,76,2024-03-16,True,True,False,0.009987876074388195,True,True,41746.00730547753,0.0,41746.00730547753,741097.6678391878,734594.0189516204,6503.648887567389,1703959.6747969664,69.87583169340061,0.39902112302212367,6624.696125527039,25733.513918254906,8598.5457782624,0.23159133559059208,0.8862240568775636,0.6539512898957422,138439.31140538052,168305.1277296,61815.508024658746,127.95339431395638,2138.616702763548,2266.570097077504,0.0,0.0,0.0,32969.33563721401,21963.714224243697,26732.708789974793,2412462.2326201196,10333.900724593539,4324.015645900561,0.0,2427120.148990614,4271.9552895916995,28697.380347296436,32969.33563688813,15210.172475573048,6753.541748379001,21963.714223952047,16437.282817783922,10295.42597187576,26732.708789659682,6583.619592272422,26939.79099770628,10473.940800367152,6583.619592,24249.672000000002,10473.940799999998,2.7242185751674697e-07,2690.1189977062786,3.671539161587134e-07,22905.691668077914,1454.4842439145111,8501.001393485105,5328.0,2397.46,1159.37,0.0
M0__S1__D1__start001__ndays366__20260324T080704Z,M0,S1,D1,77,2024-03-17,True,True,False,0.009624551737410326,True,True,31927.29981047096,0.0,31927.29981047096,624528.100382995,586219.2105527238,38308.88983027121,1753869.3492425445,74.94884507259796,0.4303347163773019,7155.426721713807,27170.667236663303,9852.095852966168,0.18501371828192217,0.9884999721453375,0.15374042648703976,151155.66292241623,178561.58104923222,57330.31509678332,127.95339432152979,2162.5466482744455,2290.500042595975,0.0,0.0,0.0,30974.25917807535,22701.57260938103,27031.833102231627,2314890.399829258,10333.900725205236,4372.399004480643,0.0,2329596.6995589444,2098.2952583721217,28875.96391947859,30974.25917785071,19443.232034777255,3258.3405744062416,22701.572609183495,11790.343522889478,15241.489579147441,27031.833102036915,6583.619592195463,28892.05159127198,10473.940801883156,6583.619592,24249.672000000002,10473.940799999998,1.954631443368271e-07,4642.379591271976,1.8831578927347437e-06,14388.686081696951,1389.660801883087,8596.122926890921,3996.0,2397.46,1159.37,0.0
M0__S1__D1__start001__ndays366__20260324T080704Z,M0,S1,D1,78,2024-03-18,True,True,False,0.008563886491238732,True,True,108965.53878099781,3.3645200002902963e-06,108965.53878099781,533033.352789175,532965.3795232852,67.97326588977619,2035713.3180809198,79.25138009590769,0.4343969565799197,10650.388145000372,27848.618148019497,10205.737467177833,0.1730635797049089,0.5586724144711347,0.42778257563362687,226914.56003894034,210607.8918272443,75457.25182379669,127.95339444805934,2432.5349722542737,2560.488366702333,9.516191406240525e-07,1.200080622241241e-06,1.2128202374250025e-06,35049.451571830825,25586.786755690737,30406.68712835136,2547483.2650706726,10333.900735451549,4918.281647080115,0.0,2562735.447453204,2387.906992943647,32661.544579522168,35049.45157246582,19788.17309789529,5798.613658908818,25586.786756804107,9484.17532667835,20922.51180277362,30406.68712945197,6583.619593563898,27959.09806297288,10473.940826929604,6583.619592,24249.672000000002,10473.940799999998,1.5638979675713927e-06,3709.426062972878,2.6929605155601166e-05,88859.848078567,1551.5341877201136,9669.32651471074,5328.0,2397.46,1159.37,0.0
M0__S1__D1__start001__ndays366__20260324T080704Z,M0,S1,D1,79,2024-03-19,True,True,False,0.009821238005686352,True,True,94660.68960496389,0.0,94660.68960496389,933386.0686576776,931023.2460659225,2362.8225917549703,1619306.78715966,63.49400924834847,0.38125360412885173,8499.690928015336,24389.694319157847,9658.870423669403,0.3200410789568135,0.9987816203169987,0.7985873490775648,183599.95007301227,262473.0573341571,76787.03567898183,127.9533943188522,2511.846548080096,2639.799942398948,0.0,0.0,0.0,34564.39784799563,26014.79540968346,31398.081869731697,2527631.0320767816,10333.900724990375,5078.639739403119,0.0,2543043.572541175,4301.191597409938,30263.206250287876,34564.397847697815,20831.922107535203,5182.873301938217,26014.795409473423,20252.365050269706,11145.71681924806,31398.08186951777,6583.619592069645,26598.135855695455,10473.940808495332,6583.619592,24249.672000000002,10473.940799999998,6.964455678826198e-08,2348.4638556954524,8.495333531755023e-06,75580.70480446232,1542.5647718832008,9984.590028618382,3996.0,2397.46,1159.37,0.0
M0__S1__D1__start001__ndays366__20260324T080704Z,M0,S1,D1,80,2024-03-20,True,True,False,0.009644537262580102,True,True,63481.3883329299,1.2674400900802986e-06,63481.3883329299,1325154.9552399092,1325154.9547959827,0.0004439265563837461,1133265.8896719688,46.097310483764176,0.39388892475073717,4130.804485788004,24869.627985136718,7598.064217211907,0.51594248479478,0.05000583050864463,0.24909414874252014,105172.3617769513,109728.13904887001,42539.51112300948,127.95339432727073,2324.0864894203023,2452.039883747573,4.2409844400416096e-07,4.1941144405389625e-07,4.239302020222412e-07,34419.46053690299,24410.011600113947,29051.08112545609,2437416.8591400622,10333.900725673973,4699.012370805389,3.648369160141052e-05,2452449.772273025,18553.437552248048,15866.022984504245,34419.46053675229,17113.633718561243,7296.377881407024,24410.011599968268,16143.604474935473,12907.476650371394,29051.081125306868,6583.619595870482,26841.95743349124,10473.940801050072,6583.619592,24249.672000000002,10473.940799999998,3.870482032652944e-06,2592.285433491237,1.0500734788365662e-06,45169.968679569385,1520.345848981097,9238.243795445704,3996.0,2397.46,1159.37,8.933714220313819e-06
M0__S1__D1__start001__ndays366__20260324T080704Z,M0,S1,D1,81,2024-03-21,True,True,False,0.009693202138815563,True,True,35903.83910473682,1.009637097230369e-06,35903.83910473682,1581699.1524926107,1565019.7344493712,16679.418043239435,972607.6067446378,38.32744039899116,0.5419281362570734,6420.778633214053,28793.5182568343,9988.461363404487,0.5566273306087546,0.9999999657439472,0.9097698721335733,76131.95441589397,123373.62225539716,41248.636356028284,127.9533943140925,2109.993471736267,2237.9468660503594,3.5447332432044173e-07,3.2231409012695536e-07,3.3284968278297225e-07,35561.97412583142,23142.249218249322,26374.918397174435,2512266.574702104,10333.900724604378,4266.14305066724,0.0,2526866.6184773757,17692.05274631137,17869.921379190426,35561.974125501794,12080.210981670474,11062.03823628031,23142.249217950783,14981.817702152724,11393.100694711648,26374.918396864374,6583.619592516728,28353.5414167298,10473.940800901479,6583.619592,24249.672000000002,10473.940799999998,5.167275958228856e-07,4103.869416729798,9.014802344609052e-07,22420.83294409173,1538.9521104934283,8387.224050151663,0.0,2397.46,1159.37,0.0
M0__S1__D1__start001__ndays366__20260324T080704Z,M0,S1,D1,82,2024-03-22,True,True,False,0.009330175214192245,True,True,26755.171800636435,0.0,26755.171800636435,1044722.3138963879,1024733.6838978601,19988.629998527926,1476729.6264886647,59.03463066426033,0.40825664658472144,5027.798684692002,24685.830734930845,9855.554070925524,0.34460852430107103,0.9999999025985802,0.6330916115535519,118196.91619144088,150821.35488838225,65177.424180135145,90.39584110147285,2130.1769439964205,2220.5727850978933,0.0,0.0,0.0,36034.74196572136,21521.17984069279,26627.211799460623,2478136.4249418993,7300.639837397962,4306.951508643727,0.0,2489744.016287941,10187.411075510263,25847.330889939138,36034.7419654494,16952.218036441212,4568.961803971027,21521.17984041224,20581.77790922761,6045.433889932134,26627.211799159744,6583.619593262139,24249.67200054905,10473.940801735753,6583.619592,24249.672000000002,10473.940799999998,1.2621385394595563e-06,5.490473995450884e-07,1.7357542674290016e-06,11885.952875115356,1512.9355731353007,8467.453352385772,1332.0,2397.46,1159.37,0.0
M0__S1__D1__start001__ndays366__20260324T080704Z,M0,S1,D1,83,2024-03-23,True,True,False,0.004156293741672717,True,True,12967.28677899342,1.0054987137244896e-06,12967.28677899342,1060211.2690181567,927810.7062832839,132400.5627348729,1520808.3021657644,62.108817129907116,0.4775758528031176,5712.0900632327075,26810.868742044182,9644.839328485921,0.34056458962844655,0.25238254473407057,0.46394706189595036,106994.47017585007,97519.33170189393,53531.019407295535,127.95339504733553,1862.2575433890388,1990.2109384363744,2.4572792756283917e-07,3.48404584464367e-07,4.113662016972832e-07,33990.33484351096,20123.042726657914,23278.219292184847,2427584.609978801,10333.900783822963,3765.25197053971,0.0,2441683.762733164,11231.03579073727,22759.299052642466,33990.33484337974,13205.212780876704,6917.829945585971,20123.04272646267,11928.763704135648,11349.455587946246,23278.219292081896,6583.619608427234,28780.462616667468,10473.940802077555,6583.619592,24249.672000000002,10473.940799999998,1.6427234186267015e-05,4530.790616667466,2.0775569282704964e-06,544.7288117065743,1463.2542323154191,7402.4737349714305,0.0,2397.46,1159.37,0.0
M0__S1__D1__start001__ndays366__20260324T080704Z,M0,S1,D1,84,2024-03-24,True,True,False,0.0039239675762280804,True,True,12517.11582127761,9.864123619495877e-07,12517.11582127761,1396070.6441730252,1271570.4585725842,124500.18560044089,1214310.4028429724,48.84829444929622,0.47804604837367565,10417.178466598603,19434.987356392798,9659.027496074445,0.45707634811818554,0.590737509272609,0.4965180474277247,100143.59447130506,103643.96038288652,45490.010941488974,127.95339431180803,1880.1920639254454,2008.1454582372535,3.271773767701415e-07,3.266000984667338e-07,3.326348867127125e-07,34633.51893029944,21572.008625332433,23502.4008014884,2459951.0397171015,10333.900724418112,3801.513329249338,0.0,2474086.453770769,12424.020917805658,22209.498012165794,34633.51892997145,11269.804864186262,10302.203760819619,21572.008625005885,11409.079274292677,12093.321526863065,23502.400801155745,6583.619592046153,31862.287192394724,10473.940800004448,6583.619592,24249.672000000002,10473.940799999998,4.6153218136169016e-08,7612.615192394722,4.449248081073165e-09,1.782725020273598e-06,1486.5223653998635,7473.763454103646,0.0,2397.46,1159.3699999913736,0.0
M0__S1__D1__start001__ndays366__20260324T080704Z,M0,S1,D1,85,2024-03-25,True,True,False,0.0082108900073029,True,True,35722.147576890224,1.15201514200114e-06,35722.147576890224,1490271.9850472286,1486736.3092895555,3535.675757673197,1334256.0283825921,47.29739994556687,0.4719056477800785,4688.493908751579,17757.549200608275,3826.7119318260898,0.48999118135188136,0.14681889153296776,0.5337551532819054,121007.95949231925,130375.36153123956,47369.957954819576,179.5746845010863,2212.131941362866,2391.7066258639525,3.265523760330744e-07,4.847112607874105e-07,3.407515051806549e-07,40220.06225252444,26279.570346570214,27651.649262062983,2771434.5676274495,14502.991282368339,4472.65426894955,22241.758191294713,2812651.9713700623,20062.330157059227,20157.732095319807,40220.06225237903,18437.399990086393,7842.170356180216,26279.570346266606,13338.386447957444,14313.262813945892,27651.649261903334,6583.6195927149565,24249.67201378165,10473.940805222433,6583.619592,24249.672000000002,10473.940799999998,7.149565135478042e-07,1.3781645975541323e-05,5.222434992901981e-06,17956.51924849911,1751.5738614737234,8793.224466917392,2664.0,2397.46,1159.37,1000.0
M0__S1__D1__start001__ndays366__20260324T080704Z,M0,S1,D1,86,2024-03-26,True,True,False,0.003952801331967784,True,True,13602.699950715,1.0041589245328019e-06,13602.699950715,2176400.6947424407,1941003.673096214,235397.02164622687,865891.0786190568,30.848719143812488,0.6388378172700803,5881.086070298076,17635.607112565718,11994.288849551005,0.6460261840269397,0.7650859871969405,0.6698731239084118,51778.09696600499,32403.78049390248,24201.176997632385,145.232738213567,2382.0533873776844,2527.286125591251,-1.9063312892571222e-07,1.194792053458514e-06,0.0,39521.72104381468,27983.186551761162,29775.667332697514,2778682.9129794966,11729.432475837883,4816.2141925568785,0.0,2795228.559647891,25055.404863386615,14466.316180637954,39521.72104402457,6668.491697116441,21314.694853406567,27983.186550523005,21683.318344537045,8092.348988158977,29775.667332696026,6583.619625046191,24249.6720159776,10473.94081452115,6583.619592,24249.672000000002,10473.940799999998,3.3046190765162464e-05,1.5977599105099216e-05,1.452115066058468e-05,19.30386244907871,1717.2738734396248,9468.662214826296,0.0,2397.46,0.0,0.0
M0__S1__D1__start001__ndays366__20260324T080704Z,M0,S1,D1,87,2024-03-27,True,True,False,0.0027149496535311566,True,True,15338.115663192486,1.0471322836983808e-06,15338.115663192486,2819663.6902759476,2393098.8663437986,426564.8239321492,566470.9926043751,19.140314964746192,0.5400502338912868,8318.22880418879,13695.59407952196,10452.19177364665,0.760475129728223,0.6655573764980359,0.5485686242979151,37651.54397496317,59042.63133868385,16938.79604573301,170.60452574685274,2519.9929393967413,2690.597465143594,2.880487641231203e-07,2.8684095154380463e-07,4.722425680314557e-07,39662.43665040935,28205.97076478597,31499.911757438484,2928666.8337761527,13778.534299046467,5095.110724342907,0.0,2947540.478799542,32226.078125299595,7436.35852482647,39662.43665012607,19445.568445494522,8760.402319009634,28205.97076450416,16865.341105366828,14634.57065160446,31499.911756971283,6583.619592031126,28915.478852024626,10473.940800011336,6583.619592,24249.672000000002,10473.940799999998,3.112563717877492e-08,4665.806852024623,1.1337760952301323e-08,2.2710599894961725e-07,1764.3137288633363,10016.971934102046,0.0,2397.46,1159.37,0.0
M0__S1__D1__start001__ndays366__20260324T080704Z,M0,S1,D1,88,2024-03-28,True,True,False,0.009854428899267444,True,True,16946.957456998363,1.0146730519860658e-06,16946.957456998363,2764942.534067653,2019524.5956700542,745417.9383975988,937260.933843351,31.69864450728677,0.49169254412184227,5390.7328552331865,37447.14667744411,12039.303728169878,0.6402848417375728,0.4871869260279135,0.5746179500129942,65848.93303873773,78484.59036702535,21451.033463754866,127.95339393903967,2602.568378467965,2730.521772407005,1.51653619030242e-07,1.318378536580179e-07,7.31181579297806e-07,39384.953915224796,28895.35040515632,32532.104731578467,2874420.3817980513,10333.900694313998,5262.0679402156875,0.0,2890016.350432581,25345.864402028154,14039.089513064882,39384.953915093036,17047.169450922738,11848.180954121926,28895.35040504466,17091.806666391072,15440.298064476381,32532.104730867453,6583.619592054855,24673.961575912566,10473.940800003278,6583.619592,24249.672000000002,10473.940799999998,5.4855263442732394e-08,424.28957591256403,3.2796378945931792e-09,1.0635074062116479e-07,1712.9181524818534,10345.209304410162,1332.0,2397.46,1159.37,0.0
M0__S1__D1__start001__ndays366__20260324T080704Z,M0,S1,D1,89,2024-03-29,True,True,False,0.008847716153434718,True,True,18071.424399330666,9.26592571839603e-07,18071.424399330666,1329667.0172108063,1245320.0783477188,84346.93886308737,1576592.9297971176,55.86965031333801,0.5470646367973369,7760.572092996224,36304.26158732033,12579.540536991059,0.37676439180908355,0.9999981121420859,0.7250934077702228,126571.10348828096,152331.51684384327,40625.376844442566,158.40504036024777,2544.998726559701,2703.403766919949,0.0,0.0,9.26592571839603e-07,38196.161340655686,30945.491710889073,31812.484081823073,2847122.1732007773,12793.267190263508,5145.669300261643,0.0,2865061.1096913023,10450.91034936237,27745.25099126411,38196.16134062648,22234.57837598574,8710.913335068068,30945.491711053808,22815.445371971204,8997.038708965494,31812.484080936694,6583.619593649404,24249.672246439797,10473.940800270379,6583.619592,24249.672000000002,10473.940799999998,1.6494041119585745e-06,0.0002464397948642727,2.7038004191126674e-07,1363.0833258098041,1703.141135446057,10116.369938074813,1332.0,2397.46,1159.37,0.0
M0__S1__D1__start001__ndays366__20260324T080704Z,M0,S1,D1,90,2024-03-30,True,True,False,0.008373111535162365,True,True,19245.97693192158,0.0,19245.97693192158,1466639.7744348713,1463643.2537776777,2996.52065719343,1031553.959474096,41.341580296563464,0.4837579586026018,4898.062520476429,21907.11803036297,11366.304307327116,0.49901931085550516,0.7921885810364816,0.9772439931416785,81912.0495633678,83617.32758200812,24487.160216776403,151.1620573810289,2056.099135052025,2207.2611924330536,0.0,0.0,0.0,33419.72151198804,29125.637506673425,25701.23918874847,2463295.108596329,12208.302114033424,4157.175438683362,0.0,2479660.586149046,12616.684634956084,20803.036876689403,33419.72151164549,24555.156495450385,4570.481011505468,29125.637506955856,21988.106886918664,3713.132301516849,25701.239188435513,6583.61959210672,24249.672000410115,10473.94080004616,6583.619592,24249.672000000002,10473.940799999998,1.067201083060354e-07,4.101129889022559e-07,4.6162313083186746e-08,2031.114813121361,1489.0380569684253,8172.994061831801,3996.0,2397.46,1159.37,0.0
M0__S1__D1__start001__ndays366__20260324T080704Z,M0,S1,D1,91,2024-03-31,True,True,False,0.0003756957115724446,True,True,12776.301862538432,1.0001e-06,12776.301862538432,2655215.2824375476,1923712.9500709283,731502.3323666193,540174.4594387382,21.92366653418783,0.6071981821684796,6080.531172091465,24367.672566505993,4224.905269683402,0.7252690037613424,0.2844487934370104,0.2550221406372425,39074.61321711634,26008.828854842093,13801.5674403923,149.94309141073893,1957.73045239632,2107.673543807059,0.0,0.0,1.0001e-06,32055.584797701442,28890.769058355952,24471.63065600026,2403436.2678290303,12109.85475832858,3958.2862584388095,0.0,2419504.4088457976,24688.96128861857,7366.623509082872,32055.584797701442,26118.644635476794,2772.1244228791606,28890.769058355952,13152.22726224301,11319.40339275715,24471.630655000157,6583.619592,24249.672000000002,10473.940799999998,6583.619592,24249.672000000002,10473.940799999998,0.0,0.0,0.0,4.8,1432.6933142630594,7781.978548275374,0.0,2397.46,1159.37,0.0
M0__S1__D1__start001__ndays366__20260324T080704Z,M0,S1,D1,92,2024-04-01,True,True,False,0.007507380345225086,True,True,14916.93086249859,0.0,14916.93086249859,2915592.3055508207,1366606.5713362768,1548985.734214544,1359512.3230336243,49.86988373256016,0.5873284295576147,7249.658534517769,21666.164021443295,10671.71667486923,0.46098025758463673,1.1816717779641213e-06,0.3044163198068039,94261.17621993179,154705.69415312062,32890.237569401936,165.92875401610868,2410.2012253478906,2576.129979363999,0.0,0.0,0.0,35587.00568554748,31970.858184018805,30127.51532072758,2713388.078562462,13400.90491972873,4873.125602500265,0.0,2731662.1090846905,21574.34311036548,14012.662574363581,35587.00568472906,3371.508794823977,28599.349389195675,31970.858184019657,10768.317734940925,19359.197585892496,30127.515320833423,6583.619591999794,24249.67200921379,10473.9408,6583.619592,24249.672000000002,10473.940799999998,-2.064552973024547e-10,9.213788871420547e-06,1.8189894035458565e-12,-4.864742767259257,1611.7857345079876,9580.549870757864,1332.0,2397.46,0.0,0.0
M0__S1__D1__start001__ndays366__20260324T080704Z,M0,S1,D1,93,2024-04-02,True,True,False,0.005768316881899539,True,True,18774.46689904172,9.774922272881143e-07,18774.46689904172,953298.0576963255,915985.6727725972,37312.38492372836,1766536.0104550652,65.85355941389948,0.5390004019541215,7616.558967156944,18917.096223097353,9920.565542252714,0.2829141440785841,0.5921166185331851,0.7119333277632137,144677.0637829968,223452.5687130568,60185.54098799065,167.67951115483146,2427.1694567361737,2594.848967891005,3.56523972642745e-07,3.061108204210285e-07,3.148574342243408e-07,35137.85138928479,32308.190976560858,30339.618207897536,2670128.9425730268,13542.301328644662,4907.433245340676,0.0,2688578.677147012,8934.963408644366,26202.8879802839,35137.85138892826,5980.192649226332,26327.998327028414,32308.190976254744,15960.438380197626,14379.179827385055,30339.61820758268,6583.619597087747,24249.672006918423,10473.94080161646,6583.619592,24249.672000000002,10473.940799999998,5.087747013021726e-06,6.9184206950012594e-06,1.6164613043656573e-06,2637.336104860161,1600.3022036552645,9647.998590526293,1332.0,2397.46,1159.37,0.0
M0__S1__D1__start001__ndays366__20260324T080704Z,M0,S1,D1,94,2024-04-03,True,True,False,0.000584759770664885,True,True,15231.06100536292,0.0,15231.06100536292,1784863.021613821,1490892.807023664,293970.21459015715,1188132.8781083354,44.34943960045663,0.5192492423498424,6563.750787598986,24190.35960492353,11004.864526865407,0.5034043917626175,0.5426177847110674,0.5405974460003298,94010.47679164696,131386.378077493,60080.87376838793,160.84297239660856,2407.241404895264,2568.084377291873,0.0,0.0,0.0,35577.1169324081,30990.938614203893,30090.51752604463,2649396.200276039,12990.161909444005,4867.14121564462,0.0,2667253.5034011276,16392.152825548328,19184.96410946441,35577.11693501274,17268.750991498127,13722.187624982529,30990.938616480656,18321.014463142135,11769.503065396915,30090.51752853905,6583.6196690268,24249.672198014174,10473.940836385718,6583.619592,24249.672000000002,10473.940799999998,7.7026799772284e-05,0.00019801417147391476,3.638571979536209e-05,500.1929857953209,1605.2534351089193,9568.784584458674,0.0,2397.46,1159.37,0.0
M0__S1__D1__start001__ndays366__20260324T080704Z,M0,S1,D1,95,2024-04-04,True,True,False,0.009140989220462517,True,True,17561.378317709015,0.0,17561.378317709015,928128.9366808727,767465.0376576693,160663.89902320356,1945086.4321651494,71.70689492178377,0.40639970594990715,6693.545127384608,18220.950091830153,9995.07636187564,0.22432571765753492,0.34623532309883415,0.471969444436498,144441.83204515988,139536.16790228218,86708.53267450849,152.4420540422455,2421.870748667461,2574.312802709707,0.0,0.0,0.0,36040.68969067717,29372.264945213043,30273.384391914034,2684396.723182872,12311.678491786843,4896.719919970363,0.0,2701605.1215946293,7997.809866670159,28042.87982394981,36040.68969061997,14878.51131810637,14493.753627019087,29372.264945125455,15184.675005292967,15088.709386459923,30273.384391752894,6583.619592326437,24249.67200115831,10473.940803160527,6583.619592,24249.672000000002,10473.940799999998,3.264367478550412e-07,1.1583069863263518e-06,3.160528649459593e-06,1433.220606355338,1612.3914854005168,9626.936225953157,1332.0,2397.46,1159.37,0.0
M0__S1__D1__start001__ndays366__20260324T080704Z,M0,S1,D1,96,2024-04-05,True,True,False,0.0033450006554926926,True,True,16391.963276459253,1.0047780304157642e-06,16391.963276459253,968522.8257661931,456172.2495526206,512350.5762135724,2429500.54071752,84.19182344267396,0.4494601490012504,4902.037327835674,23472.055311879765,7551.995672097476,0.1269779463155829,0.27005387958343585,0.17534978903673631,169488.4067079008,131961.46362149765,100566.07868768688,157.93563677659563,2443.2298247238678,2601.1654615004636,0.0,0.0,1.0047780304157642e-06,38211.86808751198,30430.758533736793,30540.372813213653,2861889.1048294604,12755.35674591095,4939.90530186357,-2.013661934351752e-06,2879584.3668752215,2682.262588022415,35529.60549948957,38211.86808751198,614.8074048069597,29815.951128929835,30430.758533736793,9938.177982315876,20602.194829892996,30540.372812208872,6583.619592,24249.672000000002,10473.940799999998,6583.619592,24249.672000000002,10473.940799999998,0.0,0.0,0.0,97.57629205042683,1693.718431131451,9711.838553277375,1332.0,2397.46,1159.37,0.0
M0__S1__D1__start001__ndays366__20260324T080704Z,M0,S1,D1,97,2024-04-06,True,True,False,0.0020190752568482015,True,True,13515.783507585671,1.122634785133414e-08,13515.783507585671,1038075.8159107427,361787.78054030624,676288.0353704364,2350508.1049250364,86.6611978995708,0.44538008472399304,14082.991811914248,13914.9995807525,12268.050355241461,0.1060458683262321,0.1697815756881808,0.1275101651004955,170404.88691216655,202603.36032474923,81076.186216406,170.60452683836382,2108.7177156257017,2279.3222424640653,0.0,0.0,1.122634785133414e-08,35633.87926249714,28444.89273800834,26358.97144464338,2687851.600202241,13778.534387203315,4263.563631285651,0.0,2705893.69822073,3021.9687900442796,32611.910472237993,35633.87926228227,17234.235930947678,11210.656806854433,28444.89273780211,2039.6247231074067,24319.346721324473,26358.97144443188,6583.619630583398,28676.55707317571,10473.940800999992,6583.619592,24249.672000000002,10473.940799999998,3.858339823636925e-05,4426.885073175708,9.999930625781417e-07,-14.151785669988676,1590.952373643497,8382.152919612165,0.0,2397.46,1159.37,0.0
M0__S1__D1__start001__ndays366__20260324T080704Z,M0,S1,D1,98,2024-04-07,True,True,False,0.007249198520530544,True,True,17600.283566411254,1.0013882299754188e-06,17600.283566411254,1208982.1564806225,630006.2746688869,578975.8818117357,2024495.9264934137,76.26650019754995,0.33519261520865945,9538.975159458354,24753.892641691997,9770.338027879641,0.21327278943410266,0.0,0.07665283537406811,173145.8834617176,182144.72558211786,97030.2160209741,129.9664679100118,2135.429804460254,2265.396272370266,0.0,0.0,1.0013882299754188e-06,36213.258710181806,29468.59372815936,26692.87255775456,2634646.43287969,10496.482599067544,4317.572135893076,0.0,2649460.4876146507,5413.825365735046,30799.433344446756,36213.258710181806,3771.887663763052,25696.706064396312,29468.59372815936,3367.4964434786975,23325.37611327453,26692.872556753227,6583.619592,24249.672000000002,10473.940799999998,6583.619592,24249.672000000002,10473.940799999998,0.0,0.0,0.0,-6.411365556371155,1565.5314592381108,8488.333472729511,3996.0,2397.46,1159.37,0.0
M0__S1__D1__start001__ndays366__20260324T080704Z,M0,S1,D1,99,2024-04-08,True,True,False,0.009991387160769744,True,True,17708.599232425757,9.80251685947655e-07,17708.599232425757,2735498.008604942,1338770.8178308809,1396727.1907740613,1574148.255275207,54.04023303663806,0.5321807214532651,4794.215361434539,35737.02475238474,9157.522061567126,0.4094685871632006,0.6778939822503782,0.4365916721842699,112795.95244924907,83256.98176076575,70503.86807262918,181.27157589303368,2456.1264530455683,2637.398028938602,3.3145283920429423e-07,3.0698013378175775e-07,3.418187129616032e-07,38335.0711780176,34927.08590724192,30701.58066337408,2869058.8512879815,14640.037331661846,4965.9806722516905,0.0,2888664.869291895,17366.80138161264,20968.269796080007,38335.07117769265,13578.08096347524,21349.004943466145,34927.085906941385,9138.697575553259,21562.88308748408,30701.580663037334,6583.619592335597,24249.67200694196,10473.940800048036,6583.619592,24249.672000000002,10473.940799999998,3.355971784912981e-07,6.941958417883143e-06,4.8037691158242524e-08,-1.5769098805939636,1726.243491450218,9763.102650856135,2664.0,2397.46,1159.37,0.0
M0__S1__D1__start001__ndays366__20260324T080704Z,M0,S1,D1,100,2024-04-09,True,True,False,1.5409654022394125e-05,True,True,14932.681690405365,0.0,14932.681690405365,1607184.842730166,363588.3482374607,1243596.4944927052,2523385.179415199,87.40589947379645,0.50628290857288,11782.209484541543,23587.36668046171,9632.145585928723,0.09812987425936433,5.888814486488573e-06,0.04708333037160959,206847.05261487866,294931.23012022313,138587.6675537451,176.3577448483391,2439.29322834958,2615.6509731979195,0.0,0.0,0.0,37764.91333849456,33980.29749694026,30491.165351263102,2875092.6987104965,14243.18156659705,4931.9459960713975,0.0,2894267.8262731647,5110.646105019703,32654.267233114097,37764.913338133796,7702.275175040675,26278.022321555858,33980.29749659654,5696.015027573203,24795.150323284342,30491.165350857547,6583.619658438366,24249.672168966896,10473.940803479192,6583.619592,24249.672000000002,10473.940799999998,6.643836604780518e-05,0.0001689668933977373,3.4791937650879845e-06,-20.1435171965117,1699.804624912292,9696.190582689582,0.0,2397.46,1159.37,0.0
M0__S1__D1__start001__ndays366__20260324T080704Z,M0,S1,D1,101,2024-04-10,True,True,False,0.009780277323449334,True,True,18828.641567930405,1.048641682101039e-06,18828.641567930405,977786.232505206,154028.40134822528,823757.8311569808,2804446.8949856227,94.79365599100666,0.4115983161696651,9063.583939919277,21545.094035891347,9053.227116868247,0.010327260781374142,1.3120770982414136e-05,0.01331710350141219,234348.73268025616,231448.13391227362,135757.44278219863,160.04414376857605,2411.512303668125,2571.5564474367006,3.7745588779782314e-07,3.387848092867372e-07,3.3240098501647846e-07,39611.8559254482,30837.022082180512,30143.903798857355,2931749.5693029496,12925.646108292882,4875.776438980374,4.414517415856733e-08,2949550.991850267,1765.1652511851626,37846.690673947174,39611.85592513234,2165.667238079628,28671.35484382369,30837.02208190332,401.7886329423353,29742.115165641644,30143.903798583982,6583.619593225162,24249.672007809444,10473.940800778448,6583.619592,24249.672000000002,10473.940799999998,1.2251621228642762e-06,7.809441740391776e-06,7.784492481732741e-07,1281.7657602060888,1740.2844023287093,9585.761407080796,2664.0,2397.4599983147996,1159.37,0.0
M0__S1__D1__start001__ndays366__20260324T080704Z,M0,S1,D1,102,2024-04-11,True,True,False,0.0036423447608713226,True,True,15845.833464660673,0.0,15845.833464660673,1414162.7311780117,461136.1638584763,953026.5673195354,2430915.0768025313,84.05504863208859,0.5107869251945674,8586.653522499071,23220.149643273402,10015.79606312288,0.1317260508642513,7.887336716357466e-06,0.029626162443014175,198330.42423806989,290427.10171822645,148451.67561753577,158.07133338175947,2320.093832742767,2478.1651661245264,0.0,0.0,0.0,39038.78619657415,30456.904319478865,29001.17291028955,2867166.1008697245,12766.31601161827,4690.9397180767955,0.0,2884623.35659942,3962.754699010914,35076.0314972354,39038.786196246314,549.5816572749503,29907.32266187838,30456.904319153335,860.5800197555657,28140.59289020034,29001.172909955905,6583.619592192833,24249.672001096544,10473.940800153905,6583.619592,24249.672000000002,10473.940799999998,1.928328856592998e-07,1.0965413821395487e-06,1.5390651242341846e-07,1356.3472359212833,1710.2832435868902,9222.372985152499,0.0,2397.46,1159.37,0.0
M0__S1__D1__start001__ndays366__20260324T080704Z,M0,S1,D1,103,2024-04-12,True,True,False,0.009164356687400335,True,True,26683.28689145496,0.0,26683.28689145496,922446.4924652363,464249.78523990617,458196.7072253302,2394083.6135734655,83.7580253782628,0.4504805853149281,8670.288719395758,29079.463972556234,9898.048906105312,0.1234970465642159,0.4751926176032822,0.09710387505702794,210646.91389437573,255666.3580753376,140380.99349149398,157.30556121803485,2396.233685249874,2553.5392464679085,0.0,0.0,0.0,38080.722158158766,30309.356689542507,29952.921065584364,2832855.419041309,12704.469949919301,4844.884982365084,0.0,2850404.7739735935,4499.786066787399,33580.93609112026,38080.72215790766,7270.741877330201,23038.614811895543,30309.356689225744,2346.505851298064,27606.415213972457,29952.921065270522,6583.619592268102,24249.672001285824,10473.940800528278,6583.619592,24249.672000000002,10473.940799999998,2.6810175768332556e-07,1.2858217814937234e-06,5.282799975248054e-07,10585.192746338897,1684.2352462478138,9525.02889886825,1332.0,2397.46,1159.37,0.0
M0__S1__D1__start001__ndays366__20260324T080704Z,M0,S1,D1,104,2024-04-13,True,True,False,0.007245212261243836,True,True,18750.95375303977,9.231311593668027e-07,18750.95375303977,914556.1449974976,144185.37840985018,770370.7665876474,2242580.835375474,93.95896516478764,0.33264228297271753,6927.9820896676465,26651.902475629988,9402.539541926382,0.023225575195797515,2.2826952601547725e-11,7.185084287865424e-11,186349.64939409553,164728.56275536743,84933.68971582438,131.907518767464,1970.8801107291456,2102.7876294966095,-8.287374839710537e-07,-7.745340558393143e-07,2.5264026991771703e-06,31827.43179750965,25415.70688913972,24636.001384925818,2357720.7220228435,10653.247700546899,3984.8732239004557,0.0,2372358.8429472907,2202.855358003423,29624.57644010497,31827.431798108395,6121.889679963329,19293.81720985211,25415.70688981544,520.376391640054,24115.62499080704,24636.001382447088,6583.619591999436,24249.672003997086,10473.940803285284,6583.619592,24249.672000000002,10473.940799999998,-5.638867150992155e-10,3.997083695139736e-06,3.285285856691189e-06,1958.6500869676001,1405.2252259238103,7834.2484401483525,3996.0,2397.46,1159.37,0.0
M0__S1__D1__start001__ndays366__20260324T080704Z,M0,S1,D1,105,2024-04-14,True,False,True,0.05650383952103958,False,False,17925.306458239917,9.75968155944439e-07,17925.306458239917,916352.0434677089,188473.4188139795,727878.6246537294,2261979.1050698934,92.30862801964201,0.47748518314110333,9043.743915639518,15936.149106924879,9903.654963349283,0.018894286899900952,0.10447744213691244,1.308283042017505e-09,183035.92733291694,152212.58450261882,120635.06828149065,149.6440257935132,1935.296511203092,2084.9405369966053,3.3318371998382365e-07,3.187912774962538e-07,3.239931584643614e-07,32366.47677720766,27764.317302702628,24191.206397356567,2421306.1122228564,12085.70132015587,3912.9276335887907,1492.0201768928935,2438796.761353494,316.5923783111298,32049.88439787633,32366.47677618746,2434.6379178205107,25329.679382710558,27764.317300531067,33.838636027980904,24157.367755324816,24191.2063913528,6583.619592311961,24249.67200169985,10473.940801011768,6583.619592,24249.672000000002,10473.940799999998,3.1196123018162325e-07,1.69984923559241e-06,1.0117691999766976e-06,-1092.1406022520714,1439.8134284596988,7692.803632032291,5328.0,2397.46,1159.37,1000.0
M0__S1__D1__start001__ndays366__20260324T080704Z,M0,S1,D1,106,2024-04-15,True,True,False,0.008584953580128021,True,True,19373.540872487138,1.3259250480662237e-06,19373.540872487138,958440.3107097957,275363.1379945889,683077.1727152069,2561895.945075415,90.29474820830823,0.5003056004726089,4793.95610405053,38191.7090561759,9285.814207390273,0.05661076502562718,4.0524439241495526e-09,0.02654994449097205,201435.75295265357,131977.41006505582,113476.37993558301,176.3818343204141,2451.9873177915265,2628.369152111941,4.288300101685402e-07,4.4536502444087766e-07,4.5173001345680585e-07,36948.78331008715,33984.93917340998,30649.841473422734,2819043.8423172114,14245.127104771573,4957.611858167373,0.0,2838246.5812801505,2434.738524946933,34514.0447850503,36948.78330999723,1489.3199709787123,32495.619202325557,33984.93917330427,824.5725450387839,29825.26892827179,30649.841473310575,6583.619598173084,24249.672004022268,10473.940800282999,6583.619592,24249.672000000002,10473.940799999998,6.173084329930134e-06,4.022265784442425e-06,2.830001903930679e-07,400.47762455659137,1673.5836597092339,9746.649588221318,3996.0,2397.46,1159.37,0.0
M0__S1__D1__start001__ndays366__20260324T080704Z,M0,S1,D1,107,2024-04-16,True,True,False,0.004850363422085702,True,True,15835.08278426149,0.0,15835.08278426149,1120106.583622684,234739.01350812684,885367.5701145573,2727168.97411965,92.07473647092826,0.41711732390108375,8553.647050009755,23810.1635878972,9106.451987070623,0.04553338208802108,0.00021389184187692753,0.02330577589845275,225586.27674376935,303767.08215525775,135671.41018136154,176.55847811069663,2450.563339769389,2627.121817880086,0.0,0.0,0.0,39070.745728368354,34018.97458818379,30632.041747242183,2935086.5362629043,14259.393388240976,4954.732752616972,0.0,2954300.6624037623,1492.424750737932,37578.32097799698,39070.74572873491,125.74470250282093,33893.2298860553,34018.97458855812,713.3029549344842,29918.73879263157,30632.041747566054,6583.619592826398,24249.67200393187,10473.940800411696,6583.619592,24249.672000000002,10473.940799999998,8.263978088507429e-07,3.93186928704381e-06,4.1169732867274433e-07,792.3076414745659,1744.9558672036,9740.989275583323,0.0,2397.46,1159.37,0.0
M0__S1__D1__start001__ndays366__20260324T080704Z,M0,S1,D1,108,2024-04-17,True,True,False,4.299430363743293e-05,True,True,16378.372979638567,1.1560498524596785e-06,16378.372979638567,1282628.72214656,515854.4331641814,766774.2889823788,2482801.686732122,82.79714603680463,0.49496830977217315,8704.276570445913,23903.791335890568,9632.295076016233,0.130162268346965,0.00012809327695962756,0.0765374052823516,182279.99273052806,227257.1685892741,114717.4847745756,186.15520353656058,2330.4459504168954,2516.601153953456,3.954536968444094e-07,3.857176606933585e-07,3.748784949219104e-07,40009.18926960785,35868.05461330128,29130.574379146874,2968507.573792287,15034.453779271338,4711.870406002476,0.0,2988253.8979775608,5954.926054399227,34054.263214982144,40009.18926938137,27.54653019194881,35840.508082900305,35868.05461309225,2205.2451273704833,26925.329251570554,29130.574378941037,6583.619596285153,24249.67202226622,10473.940801794084,6583.619592,24249.672000000002,10473.940799999998,4.285153409000486e-06,2.2266216546995565e-05,1.7940856196219102e-06,449.44836837013645,1776.5719597953116,9263.52265290716,1332.0,2397.459998574594,1159.369999991362,0.0
M0__S1__D1__start001__ndays366__20260324T080704Z,M0,S1,D1,109,2024-04-18,True,True,False,0.006416159966814759,True,True,17952.651696710247,1.0915172570146082e-06,17952.651696710247,1594891.769168464,1018150.3946284852,576741.3745399789,1946151.2356796756,65.65294218987287,0.48461910099649574,5836.73462789864,32660.510831900912,11029.594089075736,0.29514167403638303,0.514847743091408,0.3512224356792054,148488.82299324241,159509.32276018805,91738.12954128264,191.04193524422516,2113.1501733712853,2304.1921086155103,3.621422957907186e-07,3.6569788665144976e-07,3.6367707457243986e-07,40059.99308825247,36809.62143465766,26414.377166745166,2932827.327120907,15429.120920419831,4272.525506787184,0.0,2952528.973548114,6767.242817661841,33292.750270333236,40059.99308799508,10146.05497598953,26663.566458405992,36809.62143439552,5965.904348230635,20448.472818255497,26414.37716648613,6583.619597442597,24249.672022281593,10473.94080251161,6583.619592,24249.672000000002,10473.940799999998,5.442597284854855e-06,2.2281590645434335e-05,2.511611455702223e-06,1568.1543233101993,1763.8954342491895,8399.77193915086,2664.0,2397.46,1159.37,0.0
M0__S1__D1__start001__ndays366__20260324T080704Z,M0,S1,D1,110,2024-04-19,True,True,False,0.009709918725700737,True,True,23993.580193946844,1.6900845193816303e-06,23993.580193946844,1248923.9197456115,1086237.6313202702,162686.28842534128,1897623.4559529042,63.59623992037319,0.4844030385074767,8566.478343838533,26863.584432052547,9061.201044147834,0.3014658559319405,0.8542801600728803,0.6383568359938228,154966.55113096585,146906.2996894148,78595.37693066432,184.2698844480048,2225.0053980117164,2409.275282459721,5.427813727722534e-07,5.341188398712931e-07,6.131843067380837e-07,40039.87297579328,35504.79471212316,27812.56746994436,2950872.5928350124,14882.189742829094,4498.682789116352,0.0,2970253.4653669577,10058.151812502152,29981.721163383292,40039.872975885446,21318.78335620665,14186.011356017409,35504.79471222406,14801.239727795431,13011.32774217072,27812.567469966154,6583.619592175709,24249.67200180573,10473.940808062433,6583.619592,24249.672000000002,10473.940799999998,1.757089194143191e-07,1.8057289707940072e-06,8.062434062594548e-06,8494.690507967258,1765.663228883016,8844.396457096573,1332.0,2397.46,1159.37,0.0
M0__S1__D1__start001__ndays366__20260324T080704Z,M0,S1,D1,111,2024-04-20,True,True,False,0.006276376398840182,True,True,18992.444198565816,1.0649006712804341e-06,18992.444198565816,1299125.0976878332,745027.6368049167,554097.4608829167,1883650.6340791746,71.65770931129032,0.3723013632218386,4655.445202585158,21591.752786292313,8814.23923030238,0.252067082412385,0.012626006638628824,0.18489758769342388,140342.18059574757,85132.53235676253,71575.76893731856,163.08648653957442,2100.242916570755,2263.329403110329,3.558543682960583e-07,3.3783372523721006e-07,3.712125777471658e-07,36171.11324223991,31423.215123118003,26253.036464950706,2603236.0514781387,13171.354855093054,4246.428646942834,0.0,2620653.834980175,7049.981384747853,29121.131857187323,36171.11324193518,15368.921279633456,16054.29384321957,31423.215122853027,10013.112238706666,16239.924225947461,26253.036464654127,6583.619596606222,24249.672011856877,10473.94080057456,6583.619592,24249.672000000002,10473.940799999998,4.6062223191256635e-06,1.1856875062221661e-05,5.745623639086261e-07,2823.689149503443,1599.4594556936281,8348.465593368752,2664.0,2397.46,1159.37,0.0
M0__S1__D1__start001__ndays366__20260324T080704Z,M0,S1,D1,112,2024-04-21,True,True,False,0.008306079385046985,True,True,12934.074166045035,0.0,12934.074166045035,1250111.9157687016,600645.4878180088,649466.427950693,2149491.0530834505,78.1594303088266,0.446437528785558,8753.844119130039,14408.70776446428,9640.707769487964,0.18012024267936108,0.5333999217667235,0.002204405793506539,162547.50095977716,116508.27992137457,91429.91380319517,170.60452582544187,2182.800623061782,2353.4051488872237,0.0,0.0,0.0,36581.27346539187,29966.57317108529,27285.00778737308,2723015.0087624607,13778.53430540582,4413.350009788028,0.0,2741206.8930776543,10106.192345976582,26475.08112051269,36581.27346648927,5475.9400045179855,24490.63316781212,29966.573172330107,1188.1367517199878,26096.87103677899,27285.00778849898,6583.619593550313,27154.87645667253,10473.9408016178,6583.619592,24249.672000000002,10473.940799999998,1.5503128452110104e-06,2905.204456672527,1.6178018995560706e-06,-929.0183875736345,1629.6300769480792,8676.632476670586,0.0,2397.46,1159.37,0.0
M0__S1__D1__start001__ndays366__20260324T080704Z,M0,S1,D1,113,2024-04-22,True,True,False,0.009258042196737988,True,True,16235.158157705744,1.0245325125107853e-06,16235.158157705744,2003068.7009211322,1169378.9273302308,833689.7735909012,1838885.9036284133,61.12779316182796,0.5482740254981874,7169.982418823954,24685.944630231057,8812.686558225556,0.34909886920647687,6.900556249543442e-07,0.06203123532220864,134044.3893567601,118619.4083629458,76119.31687817944,158.57243869666297,2385.080807894885,2543.653246591548,3.391750832728282e-07,3.3480997155142323e-07,3.505474576865341e-07,41570.517575675025,33458.660804697414,29813.51009963158,2978863.0531008253,12806.78678306273,4822.335258463242,0.0,2996492.1751423515,13728.53050329785,27841.987072076226,41570.51757537408,11036.204530628469,22422.456273772397,33458.66080440086,1845.5374047126193,27967.972694606677,29813.510099319297,6583.619593730538,24249.672048571167,10473.940801007417,6583.619592,24249.672000000002,10473.940799999998,1.7305383153143339e-06,4.857116437051445e-05,1.0074181773234159e-06,63.6937848597687,1801.938161472435,9480.696211382166,1332.0,2397.46,1159.3699999913733,0.0
M0__S1__D1__start001__ndays366__20260324T080704Z,M0,S1,D1,114,2024-04-23,True,True,False,0.002167909965984881,True,True,15992.79571479671,1.145514344168621e-06,15992.79571479671,1248200.2472266895,851983.055690445,396217.19153624447,2014157.1786814341,70.2742020270631,0.5181245118046461,7277.958049875709,19659.75989278739,9724.470321898161,0.2500978463895366,0.28918598286461306,0.192590583602244,154565.247963187,129873.31771154412,81210.89012356475,171.43632380818215,2130.500397679234,2301.9367214874164,4.3220537576572655e-07,3.7115135414834313e-07,3.4215761425455147e-07,39082.117668673935,33032.046932019126,26631.25496489994,2836879.335533547,13845.712810688618,4307.6054915618915,0.0,2855032.6538357977,12454.066300798975,26628.051367442757,39082.117668241735,6785.4314342075595,26246.615497440413,33032.04693164797,3604.6539757996948,23026.600988758088,26631.254964557786,6583.619596218254,24249.672093424666,10473.940807317342,6583.619592,24249.672000000002,10473.940799999998,4.218253707222175e-06,9.342466364614666e-05,7.317343261092901e-06,925.431423416497,1709.795210605252,8468.73908077496,1332.0,2397.46,1159.37,0.0
M0__S1__D1__start001__ndays366__20260324T080704Z,M0,S1,D1,115,2024-04-24,True,True,False,0.0004539206108567495,True,True,24074.73645044218,1.2772536741903638e-06,24074.73645044218,1065734.5206499482,747179.7151435959,318554.8055063521,2197775.3780753966,74.62848527422234,0.48693091113365633,9795.484907385622,22610.150295274874,10508.024513106342,0.20761941092152447,0.39492504804290846,0.4701265747166381,187194.2720836287,191524.62197085132,107664.66924622167,172.2525166398597,2319.7733938498573,2492.025910489717,4.101979977693752e-07,4.5130919325955103e-07,4.1574648316143755e-07,39953.34390219675,33189.30965459533,28997.16742279033,2916590.490234905,13911.630997069371,4690.29183069543,0.0,2935192.4130626693,7116.835567280772,32836.50833479768,39953.34390207846,10826.887075923132,22362.422578512793,33189.30965443592,10069.362432432388,18927.8049902341,28997.16742266649,6583.61959226032,24249.672003692678,10473.940807944466,6583.619592,24249.672000000002,10473.940799999998,2.603201210149564e-07,3.692675818456337e-06,7.944467142806388e-06,8207.298850626004,1757.5083608158664,9221.099240553183,1332.0,2397.459998447125,1159.37,0.0
M0__S1__D1__start001__ndays366__20260324T080704Z,M0,S1,D1,116,2024-04-25,True,True,False,0.008622025522905825,True,True,54548.1837826223,0.0,54548.1837826223,1323079.5862804418,1284185.63042076,38893.95585968184,1640151.640666252,56.08626805404656,0.4775014030176448,5885.068826423027,18410.99504111626,9050.087475488419,0.4091844525595524,0.758652359926841,0.7197407816069985,163737.18333274298,154077.4499876103,71984.81044590342,176.72083242204462,2465.242146101825,2641.9629785238694,0.0,0.0,0.0,39650.44936307584,34050.25673014979,30815.526825652996,2897860.7421964547,14272.505610425693,4984.411464170389,0.0,2917117.6592710507,8754.953735359235,30895.495627832523,39650.44936319176,16326.015177514857,17724.241552891348,34050.25673040621,18107.720423784303,12707.806402139351,30815.526825923655,6583.619592476396,24249.672002635303,10473.94080881334,6583.619592,24249.672000000002,10473.940799999998,4.7639605327276513e-07,2.6353009161539376e-06,8.813341992208734e-06,34098.03682625608,1765.9794256114776,9799.337530754756,5328.0,2397.46,1159.37,0.0
M0__S1__D1__start001__ndays366__20260324T080704Z,M0,S1,D1,117,2024-04-26,True,True,False,0.006381990211944108,True,True,63597.653959105264,0.0,63597.653959105264,1624495.6380147748,1601024.1725808133,23471.465433961534,1251026.6696476613,43.86410828041764,0.41616120759121467,6043.849822803216,19415.12323476696,8898.049281127021,0.5092899091731894,0.7184868209390076,0.6372286668133015,122992.85579264419,104194.14324137977,59392.52716574837,185.0234607961549,2460.972042560004,2645.9955033561587,0.0,0.0,0.0,38076.61780448072,35649.992448214565,30762.15053782864,2821910.961039168,14943.050833781064,4975.777848552399,0.0,2841829.7897215015,18553.260622138485,19523.357182022442,38076.61780416093,26618.056283424543,9031.936164530332,35649.99244795487,20973.550132787073,9788.600404755483,30762.150537542555,6583.6195922483475,24249.672000990373,10473.940803306494,6583.619592,24249.672000000002,10473.940799999998,2.4834753276081756e-07,9.903706086333841e-07,3.306495273136534e-06,48536.080760669734,1722.3793292595306,9782.363869176017,0.0,2397.46,1159.37,0.0
M0__S1__D1__start001__ndays366__20260324T080704Z,M0,S1,D1,118,2024-04-27,True,True,False,0.0013255843337213313,True,True,14143.399616219258,1.0199923674733522e-06,14143.399616219258,2649013.7014445774,2362096.852192291,286916.84925228637,233863.54709878107,9.00874863740782,0.4721198847222305,5824.787655389368,27945.65339805212,6781.275131931386,0.8413690986758833,0.6369908473494417,0.6036149460102651,13723.208570621333,18954.319477240137,7794.057580060893,170.60452609916408,2264.290448000069,2434.894974099233,3.532635683307082e-07,3.33794170329947e-07,3.3293462881269715e-07,35059.111117912376,29940.713556310577,28303.630603273694,2561609.253374761,13778.534327500212,4578.112249550168,0.0,2579965.899951811,30443.103535733702,4616.007581826213,35059.111117559914,19689.823733039688,10250.889822938047,29940.713555977738,19519.4099739746,8784.220628967127,28303.63060294173,6583.619595534084,27180.73611344641,10473.94080036584,6583.619592,24249.672000000002,10473.940799999998,3.5340835893293843e-06,2931.0641134464095,3.658406058093533e-07,3.0246770288906485e-06,1586.015082394305,9000.554530800275,0.0,2397.46,1159.37,0.0
M0__S1__D1__start001__ndays366__20260324T080704Z,M0,S1,D1,119,2024-04-28,True,True,False,0.009749011631941428,True,True,27610.274475205977,0.0,27610.274475205977,1066077.4042478325,676526.0730370911,389551.33121074154,1888386.0537027959,73.62381089066841,0.4501373422699317,7216.321484462586,24878.677974125505,11089.409762010562,0.2141009867159824,0.21842856651245485,0.43127324152450863,194499.3320507401,143164.13299832403,72499.94380183308,147.23005157559254,2251.44971589779,2398.6797674733825,0.0,0.0,0.0,34378.785666514435,31299.089465066187,28143.121447794216,2540824.234141404,11890.741506440838,4552.149894332157,0.0,2557267.125542177,7937.905627258877,26440.88003891246,34378.78566617134,16076.792061208414,15222.297403592038,31299.089464800454,13470.058027171588,14673.063420328353,28143.121447499943,6583.619592111076,24249.672000426275,10473.940801607996,6583.619592,24249.672000000002,10473.940799999998,1.1107567843282595e-07,4.262728907633573e-07,1.6079975466709584e-06,14728.570885168028,1534.7309693442292,8949.512620693715,0.0,2397.46,0.0,0.0
M0__S1__D1__start001__ndays366__20260324T080704Z,M0,S1,D1,120,2024-04-29,True,True,False,0.007474037172729373,True,True,95034.68264429874,9.74969075711174e-07,95034.68264429874,1146552.2084264401,1146403.0910304687,149.11739597136062,1696614.6548099753,59.67654114337677,0.40839756140202876,9595.722796525668,27992.786883245968,4214.0028532986025,0.34803986055114167,0.021558007714926306,0.17778755640782742,210082.93272696238,214850.29246226247,81939.44390477055,187.3376777164288,2758.330532098811,2945.66820981524,3.5677080271844057e-07,3.478682934752812e-07,2.7032997951745236e-07,36920.980733140124,36095.891660492314,34479.13163760232,2810409.012976921,15129.95394829068,5576.999544591638,0.0,2831115.9664698034,16515.095370427283,20405.88536235607,36920.980732783355,6715.624075798174,29380.26758434628,36095.89166014445,6205.340431899753,28273.791205432222,34479.13163733198,6583.619592054807,24249.672000477814,10473.940815513792,6583.619592,24249.672000000002,10473.940799999998,5.480706022353843e-08,4.778121365234256e-07,1.5513793186983094e-05,74803.76613265596,1713.722646550015,10964.363865092773,3996.0,2397.46,1159.37,0.0
M0__S1__D1__start001__ndays366__20260324T080704Z,M0,S1,D1,121,2024-04-30,True,True,False,0.009555752119676847,True,True,55671.9580615358,0.0,55671.9580615358,2221648.597475833,2221620.3957042857,28.2017715472392,599651.5957137072,21.254653841876397,0.41121913328932225,4059.3116836105055,20921.998545120812,6795.050806058665,0.753061913041714,0.8776529155325652,0.834954026370605,70715.57923624846,39382.9882728558,26701.41589798263,177.77786794319974,2907.1581362592437,3084.9360042024437,0.0,0.0,0.0,37570.458722426905,34253.924459744885,36339.47671870929,2794878.7909231335,14357.874976314426,5877.9103565921705,0.0,2815114.5762560405,23196.911606737674,14373.547115184669,37570.45872192234,13055.530126519023,21198.394332902917,34253.92445942195,24352.864312501417,11986.612404723506,36339.47671722493,6583.619592062085,24249.67200024725,10473.940800367525,6583.619592,24249.672000000002,10473.940799999998,6.20848368271254e-08,2.472479536663741e-07,3.675268089864403e-07,33493.01790992587,1738.1565599794108,11555.953591630496,5328.0,2397.46,1159.37,0.0
M0__S1__D1__start001__ndays366__20260324T080704Z,M0,S1,D1,122,2024-05-01,True,False,True,0.05426680872435391,False,False,15349.809446217349,1.0120345475806973e-06,15349.809446217349,1941116.8831497217,886328.0840521595,1054788.799097562,1829193.1642519508,67.36066474877755,0.38362127913773175,7093.68499049573,36688.9912348867,9978.992720093196,0.30720974188752664,0.9999999436517196,0.07185237495163478,151092.35840724234,70416.2689685819,71655.74154461674,175.85363129616655,2621.0099301684922,2796.8635614646587,0.0,0.0,1.0120345475806973e-06,35243.83317911208,33883.16595331802,32762.624128486634,2677259.962666143,14202.467840867292,5299.354452585127,0.0,2696761.7849595957,11525.638639287326,23718.194539203912,35243.83317849124,31193.993419765276,2689.1725327667236,33883.165952532,12294.25052816269,20468.373599306724,32762.62412746941,6583.6195919999755,24249.672000027003,10473.94080030663,6583.619592,24249.672000000002,10473.940799999998,-2.4556356947869062e-11,2.7001078706234694e-08,3.066306817345321e-07,-256.83452624735173,1631.2995000449423,10418.514472419758,0.0,2397.46,1159.37,0.0
M0__S1__D1__start001__ndays366__20260324T080704Z,M0,S1,D1,123,2024-05-02,True,True,False,0.009621504621959575,True,True,20673.435666791756,0.0,20673.435666791756,1640455.3565167254,1579724.5572339785,60730.799282746615,911533.8935493344,36.58929458975747,0.5750360104243757,5043.66858358602,21059.117741257538,9178.208054844332,0.5660845463079485,0.5743641560505978,0.5531415753051592,71168.56431959162,53614.889306686295,36535.07131261086,175.6193821227823,2482.424612356911,2658.043994479693,0.0,0.0,0.0,32529.289536461813,33838.031232756846,31030.307654450433,2470481.473255175,14183.54917352337,5019.152263109546,0.0,2489684.174691808,16809.337191259343,15719.952344830615,32529.289536089957,26012.551763341704,7825.479469051309,33838.03123239301,11047.759430142156,19982.548223949525,31030.307654091685,6583.619593071084,24249.672005176923,10473.94080070833,6583.619592,24249.672000000002,10473.940799999998,1.0710837159422226e-06,5.1769202400464565e-06,7.083308446453884e-07,1725.9552571179208,1527.012575555113,9867.637834118723,3996.0,2397.46,1159.37,0.0
M0__S1__D1__start001__ndays366__20260324T080704Z,M0,S1,D1,124,2024-05-03,True,True,False,0.007892443719275001,True,True,19619.87949174463,0.0,19619.87949174463,1660920.7886306175,1649885.8629134945,11034.925717123224,751949.612167792,31.307290610417162,0.3542713529492596,4369.940442633404,22439.281849623763,8433.118717046678,0.6463598958383489,0.5041053914000903,0.4949434023506911,57958.50358257581,42062.41498900956,28896.54731773733,173.38109397453792,2613.322325576837,2786.703419551375,0.0,0.0,0.0,30644.02449084375,33406.76185002144,32666.529070514436,2373372.664250562,14002.77829486865,5283.811077026282,0.0,2392659.253622457,21223.24740240723,9420.777088086863,30644.02449049409,19754.47478199307,13652.287067723877,33406.76184971695,16588.307403018185,16078.221667178743,32666.529070196928,6583.619592324089,24249.67200027372,10473.940800224813,6583.619592,24249.672000000002,10473.940799999998,3.2408934202976525e-07,2.737178874667734e-07,2.2481435735244304e-07,4201.938946201006,1473.1543013756957,10387.956244167928,0.0,2397.46,1159.37,0.0
M0__S1__D1__start001__ndays366__20260324T080704Z,M0,S1,D1,125,2024-05-04,True,True,False,0.00957863381694774,True,True,13107.937492384426,0.0,13107.937492384426,2492359.01363834,1553496.7829345546,938862.2307037853,658905.8044166104,29.78236457431991,0.45307391398788477,4417.9426963240085,20760.128225915534,10986.470795771165,0.6589703795931582,0.5487259682649075,0.40794260625159423,48974.77379470908,42363.922098689836,23323.755094131044,157.1842031339919,2072.9030226413643,2230.0872257753563,0.0,0.0,0.0,27875.3627627192,30285.973505486523,25911.287782621876,2187400.7760358267,12694.668706271948,4191.150798903047,0.0,2204286.5955410013,19872.69844752264,8002.664314832156,27875.362762354798,15852.167872999313,14433.805632223903,30285.973505223214,13557.64299393049,12353.644788364407,25911.2877822949,6583.619613556614,24249.67212483122,10473.940800948192,6583.619592,24249.672000000002,10473.940799999998,2.15566142287571e-05,0.00012483121827244759,9.481937013333663e-07,-1.994189389227913e-05,1311.3179973268914,8239.789514999424,0.0,2397.46,1159.37,0.0
M0__S1__D1__start001__ndays366__20260324T080704Z,M0,S1,D1,126,2024-05-05,True,True,False,0.009509304740612852,True,True,16386.37342750811,9.923169148626573e-07,16386.37342750811,2409452.807732716,1456040.3694881834,953412.4382445326,762683.5556638478,34.37487408946506,0.4784222128841494,5661.939562834043,24295.294777036663,9956.519274416505,0.6169729042049191,0.2427343334073592,0.15706020559902492,55728.72722841687,24619.582176526856,26662.48232181124,164.43643560936323,2254.3663272792583,2418.8027628886216,3.2742089087251006e-07,3.253540396503915e-07,3.3954198433975585e-07,27422.743176026102,31683.321049433827,28179.579092247754,2150710.6738965893,13280.380799618626,4558.046917967751,0.0,2168549.101614176,21747.096515625824,5675.646660072878,27422.743175698703,14987.332602270646,16695.988446837866,31683.321049108516,6598.970115254473,21580.60897665377,28179.579091908243,6583.619592299951,24249.672002382627,10473.940800030714,6583.619592,24249.672000000002,10473.940799999998,2.9995135264471173e-07,2.3826250981073827e-06,3.071545506827533e-08,-116.89106537671276,1321.3283435943022,8961.106150935053,2664.0,2397.459998355469,1159.37,0.0
M0__S1__D1__start001__ndays366__20260324T080704Z,M0,S1,D1,127,2024-05-06,True,True,False,0.008045631251342306,True,True,42184.73569609071,1.0237685131830187e-06,42184.73569609071,1294478.8695894517,1275254.963684266,19223.905905185937,1276436.6371433598,50.023154707620435,0.4341154943900916,5930.293581838218,23765.704707418947,8421.191499333067,0.45766340037710806,0.9491624354873421,0.8749437243136271,105934.8359593202,137147.81760318257,38812.90693731102,180.31553993290987,2603.762009674088,2784.0775496069978,3.6154462783407593e-07,3.388457301730015e-07,3.2337815517594103e-07,32795.21970101694,34742.87860208803,32547.025119944352,2564713.26047321,14562.824993889295,5264.481313311469,0.0,2584540.5667804107,13279.302798324581,19515.916902380424,32795.219700705005,19398.582683707944,15344.295918092263,34742.87860180021,19483.613845169446,13063.41127449868,32547.025119668127,6583.6195920720975,24249.672000401166,10473.940801322806,6583.619592,24249.672000000002,10473.940799999998,7.209746399894357e-08,4.011635610368103e-07,1.3228072930360213e-06,21397.319786234904,1552.6319214013135,10349.953988454501,5328.0,2397.46,1159.37,0.0
M0__S1__D1__start001__ndays366__20260324T080704Z,M0,S1,D1,128,2024-05-07,True,True,False,0.009195796181880898,True,True,33577.54497037597,0.0,33577.54497037597,1271259.82655393,1199803.5957632037,71456.23079072652,1377938.4225691678,53.4552493139171,0.3145073559346238,5098.657817419764,21024.775340315286,8431.544889362323,0.41713936501299853,0.4521254273883245,0.48415357299514633,104694.2895770918,118511.55066063066,36545.52747661088,226.20358754325235,2476.034866462708,2702.2384540059606,0.0,0.0,0.0,31881.87530476877,34410.29670364842,30950.43582884118,2532524.9239826957,18268.88164829186,5006.232995630024,12806.64579994767,2568606.6844265657,10259.999541556186,21621.875762887295,31881.87530444348,22328.12811911556,12082.168584241019,34410.29670335658,19879.515967252333,11070.91986128256,30950.435828534894,6583.619592498353,24249.67200280037,10473.940803581145,6583.619592,24249.672000000002,10473.940799999998,4.983530743629672e-07,2.80036692856811e-06,3.5811463021673262e-06,13626.623961573116,1555.8524146135999,9842.238594189266,3996.0,2397.46,1159.37,1000.0
M0__S1__D1__start001__ndays366__20260324T080704Z,M0,S1,D1,129,2024-05-08,True,True,False,0.00785099892838522,True,True,24533.268733081324,1.0845716854208257e-06,24533.268733081324,1183060.0688950627,1163695.9280255828,19364.140869479976,1287626.5670380453,52.52783220612606,0.4380180255326374,7888.861006556562,23682.42941404173,8858.92547490951,0.42882571954445736,0.9999996004730086,0.877081269022323,109516.91003683546,129919.59267253295,50910.51138434881,174.97037095617912,2271.9918558308555,2446.9622267870345,3.6597270426009703e-07,3.574503929230497e-07,3.611485882376789e-07,31275.569210132497,33712.9809163658,28399.89819619868,2424578.0713215177,14131.133080929723,4593.683533519807,0.0,2443302.887935967,10102.36132715803,21173.207882987226,31275.56921014526,22871.887285024226,10841.093631362255,33712.98091638648,19562.67650195854,8837.22169425696,28399.8981962155,6583.619592493341,24249.672003034262,10473.940805413826,6583.619592,24249.672000000002,10473.940799999998,4.933408490614966e-07,3.0342598620336503e-06,5.413827238953672e-06,9148.583824629173,1464.6872815244985,9031.16762692765,1332.0,2397.46,1159.37,0.0
M0__S1__D1__start001__ndays366__20260324T080704Z,M0,S1,D1,130,2024-05-09,True,False,True,0.09878562412647209,False,False,37368.360813910855,0.0,37368.360813910855,949426.3491700578,863260.5259235918,86165.82324646597,1605949.8479686426,65.03900457202325,0.484553463438616,8025.949351511568,23378.890074286915,9971.052999107093,0.2703681462067048,0.5173299714200401,0.9484030155609058,152490.83158025943,119305.48315224698,62324.194433777535,176.72996541277297,2321.782522508681,2498.5124879214536,0.0,0.0,0.0,31407.06000449114,34052.01645845293,29022.28153635293,2436496.1949804816,14273.2432181929,4694.354037698386,0.0,2455463.792236373,3446.1014097234847,27960.95859446218,31407.060004185667,18596.995784235456,15455.02067392685,34052.01645816231,27031.48150783102,1990.8000282256867,29022.281536056704,6583.619592291006,24249.672002117528,10473.940800730608,6583.619592,24249.672000000002,10473.940799999998,2.910055627580732e-07,2.1175255824346095e-06,7.306098268600181e-07,16713.22877018912,1475.7565167497394,9229.085526972005,3996.0,4794.92,1159.37,0.0
M0__S1__D1__start001__ndays366__20260324T080704Z,M0,S1,D1,131,2024-05-10,True,True,False,0.0030557127347377814,True,True,28319.44570079261,2.4167833112156754e-06,28319.44570079261,1376595.190239647,1350597.3053343815,25997.884905265397,1183012.7282408795,46.69277089069193,0.4054258476446749,4733.017797528493,22525.1005161107,9625.551920822492,0.49333851929179046,0.8114101409823201,0.4741048452410049,97140.13229558081,59039.94772307968,40738.54793176177,177.71593764305806,2144.461733128745,2322.177670771803,7.414833848722388e-07,8.141885492997934e-07,8.611113770436431e-07,33726.787514495685,34241.99181115889,26805.771624172274,2506870.6041193437,14352.873299150904,4335.833566695239,0.0,2525559.31098519,10111.164903681667,23615.622611257768,33726.78751493943,27438.842223330874,6803.149588436551,34241.991811767424,18626.039066841062,8179.732557832927,26805.771624673987,6583.619599685328,24249.672030019185,10473.940840938678,6583.619592,24249.672000000002,10473.940799999998,7.685327545914333e-06,3.001918230438605e-05,4.093867937626783e-05,10703.916420063168,1538.4638915426747,8524.235389186762,3996.0,2397.46,1159.37,0.0
M0__S1__D1__start001__ndays366__20260324T080704Z,M0,S1,D1,132,2024-05-11,True,True,False,0.009324522639956269,True,True,14880.370573536668,1.0089176268897132e-06,14880.370573536668,1276836.6510941128,962880.521793789,313956.1293003238,1293927.195701044,57.33440140559987,0.36470620492574257,6038.688247989914,21639.85690420632,9602.023856052276,0.3982311776412304,5.8656230117515306e-08,0.17912362303870208,103607.85098506958,50914.09088969708,43319.408812462454,161.92522295278036,1941.6770265913406,2103.602249544121,3.045982720523104e-07,3.5555104863893317e-07,3.4876830619846973e-07,29285.608327114158,31199.464947287102,24270.9628735866,2229568.5971957278,13077.567717319584,3925.828238140056,0.0,2246571.993151187,16861.96546690173,12423.64285992845,29285.60832683018,17840.98897350957,13358.47597344243,31199.464946952,7587.18668559473,16683.776187663545,24270.96287325828,6583.619602693794,24249.67200654521,10473.940800082088,6583.619592,24249.672000000002,10473.940799999998,1.0693794138205703e-05,6.545207725139335e-06,8.208917279262096e-08,921.2726318395208,1352.1017609965672,7718.166180700579,1332.0,2397.46,1159.3700000000003,0.0
M0__S1__D1__start001__ndays366__20260324T080704Z,M0,S1,D1,133,2024-05-12,True,True,False,0.009608725743206363,True,True,18686.201275151026,9.87023352960129e-07,18686.201275151026,906089.2235117428,343214.7199762378,562874.5035355049,1848721.8232556297,84.34194087251312,0.3681108140652419,6162.011262322852,22413.986338455532,9641.937560279688,0.12147803454855137,0.051380137288708244,0.001307106373571057,169921.81963762088,92772.42260976884,71683.58852365274,218.21638524347546,1977.6445466578607,2195.8609319013362,3.2935128004299074e-07,3.2569211218127906e-07,3.31979960735859e-07,26341.73891225308,29848.06325970585,24720.556833605995,2148768.437065813,17623.811182785208,3998.5500677738682,17026.95405973283,2187417.752376105,6116.363050217179,20225.37586170705,26341.73891192423,2098.2473970610417,27749.815862319607,29848.06325938065,1302.7047408226533,23417.852092451903,24720.556833274553,6583.619593050293,24249.67200875946,10473.940800031762,6583.619592,24249.672000000002,10473.940799999998,1.0502926670596935e-06,8.759456250118092e-06,3.1763192964717746e-08,-371.55240844982313,1311.7866106358501,7861.137072964997,5328.0,2397.46,1159.37,1000.0
M0__S1__D1__start001__ndays366__20260324T080704Z,M0,S1,D1,134,2024-05-13,True,True,False,0.007438054704581909,True,True,26898.824118112563,9.864174201352967e-07,26898.824118112563,1887075.9331028867,1557239.9526601625,329835.98044272454,706349.3099764975,31.204835684444454,0.34567363696289094,4017.797207356929,20547.944366589752,6043.459041466671,0.6024622130801669,0.7256518778275529,0.7930979193801723,64806.26205076941,29516.671019107907,24532.754616088467,166.21112660131178,2163.9803117401493,2330.191438341461,3.294186902761191e-07,3.278545081514585e-07,3.2914422170771906e-07,28771.07640622226,32025.265242778216,27049.75389703237,2234015.1953710094,13423.710178459696,4375.29769279962,0.0,2251814.2032422684,11360.121590218558,17410.95481567417,28771.07640589273,7157.405512883955,24867.85972956642,32025.265242450376,12098.486633648148,14951.267263055028,27049.753896703172,6583.61959235253,24249.67200740961,10473.94080008027,6583.619592,24249.672000000002,10473.940799999998,3.525301508489065e-07,7.409606041619554e-06,8.027200237847865e-08,9383.823626747764,1360.3487521977108,8601.821739167095,3996.0,2397.46,1159.37,0.0
M0__S1__D1__start001__ndays366__20260324T080704Z,M0,S1,D1,135,2024-05-14,True,True,False,0.004180244308288809,True,True,14866.004322564768,0.0,14866.004322564768,1996383.5799296517,1239766.0690892534,756617.5108403979,1051267.1685236036,45.8861596272157,0.47777066169404264,6440.569072500858,32164.736366368114,9472.398641442787,0.4656973470827637,0.9940680917929133,0.2695286188362002,81825.52820438409,89446.36396641882,40086.49962898421,173.20975353117393,2199.6402807313557,2372.85003426253,0.0,0.0,0.0,27971.048237620053,33373.74827831678,27495.503508477337,2259840.102884275,13988.940325650647,4447.39769260371,0.0,2278276.4409025293,13024.959090686933,14946.089147070597,27971.048237757528,27429.23674506031,5944.511533541457,33373.748278601764,14810.728008671675,12684.775500162259,27495.503508833935,6583.619592154313,24249.672001283052,10473.940800907023,6583.619592,24249.672000000002,10473.940799999998,1.5431305655511096e-07,1.2830496416427195e-06,9.07024514162913e-07,1220.6857943914606,1344.918412266166,8743.570115907141,0.0,2397.46,1159.37,0.0
M0__S1__D1__start001__ndays366__20260324T080704Z,M0,S1,D1,136,2024-05-15,True,True,False,0.004470693903856036,True,True,17407.610185445767,1.657494402950332e-06,17407.610185445767,1325667.3221839922,1176979.0767431795,148688.24544081267,1184766.8504503553,50.164873232499446,0.30928462959603475,5682.506688557915,23851.651189386957,9259.881407969247,0.4701694662066437,0.47527581497672816,0.5234478290083017,88097.48811333015,72766.55261737769,37795.90526678998,175.33098897891102,2271.295913157838,2446.6269021367493,5.3255146033111e-07,6.082386779158479e-07,5.167042647033743e-07,29659.80018022886,33782.4641527278,28391.198914455334,2337107.0645216224,14160.257676393358,4592.276424429414,0.0,2355859.598622445,15840.994145933886,13818.806034425204,29659.80018035909,24542.071171420775,9240.392981362149,33782.46415278292,11204.952314319633,17186.246600282248,28391.198914601882,6583.619592348961,24249.672006711262,10473.940801161176,6583.619592,24249.672000000002,10473.940799999998,3.489612936391495e-07,6.711259629810229e-06,1.1611773516051471e-06,747.6255589787851,1410.7533716645805,9028.40125480241,2664.0,2397.46,1159.37,0.0
M0__S1__D1__start001__ndays366__20260324T080704Z,M0,S1,D1,137,2024-05-16,True,True,False,0.004161298051928238,True,True,17928.807333720488,0.0,17928.807333720488,1904546.8543685712,1887252.3723575054,17294.48201106573,392611.86863981956,17.22084418798866,0.477892612803164,4173.684550066561,21189.045164491028,6315.132045454399,0.7984882087425597,0.595461630615413,0.7881997354673418,26653.961072495233,19191.575676423097,13039.091465254898,170.6045258896035,2410.664216780221,2581.2687426698244,0.0,0.0,0.0,28842.656076475345,32415.256989553087,30133.30271033311,2254946.4449937027,13778.534310575415,4874.061713302577,0.0,2273599.041017581,20150.728698704672,8691.927377437929,28842.6560761426,19298.05212323544,13117.204865987864,32415.256989223304,21752.137811783796,8381.164898214465,30133.302709998265,6583.6195932233595,24706.192645543815,10473.940800918625,6583.619592,24249.672000000002,10473.940799999998,1.2233595043653622e-06,456.52064554381286,9.186260285787284e-07,734.9199431118873,1390.6671289072167,9582.390261701381,2664.0,2397.46,1159.37,0.0
M0__S1__D1__start001__ndays366__20260324T080704Z,M0,S1,D1,138,2024-05-17,True,True,False,0.005175237307446547,True,True,29984.94198556335,0.0,29984.94198556335,1591114.9926508656,1591114.9926508656,0.0,755133.8100158426,32.184728625436904,0.37314851118844045,6134.747766885305,22195.65705304594,9434.65062249532,0.6489442032170434,0.15293955048553812,0.8106115790449678,56319.758875638305,48608.95565108846,24884.62909469213,168.29234646884254,2457.962379554391,2626.2547260232336,0.0,0.0,0.0,29548.784989371023,32882.79163890259,30724.52972745166,2321192.3191221403,13591.795750659392,4969.692686175691,0.0,2339753.807558975,24288.930636254692,5259.854353215767,29548.78498947046,14501.906021412524,18380.885617611675,32882.7916390242,24520.682508599653,6203.847219030793,30724.529727630448,6583.619593133634,24249.672002878055,10473.940818128574,6583.619592,24249.672000000002,10473.940799999998,1.1336342140566558e-06,2.8780523280147463e-06,1.8128575902665034e-05,13909.642540338133,1416.068986496507,9770.400458728705,1332.0,2397.46,1159.37,0.0
M0__S1__D1__start001__ndays366__20260324T080704Z,M0,S1,D1,139,2024-05-18,True,True,False,0.009775047839835842,True,True,22865.408456364472,0.0,22865.408456364472,1089287.1797137214,922927.9536865957,166359.22602712573,1090772.2547127048,54.16755931012018,0.40029623061559944,5219.751703570055,24303.71627358225,9065.703788874342,0.41715497987103906,0.39349645369743413,0.4674693602273623,91554.8939256802,48312.37356598823,29381.736097415953,158.79103675835717,2037.0714061088374,2195.8624428671947,0.0,0.0,0.0,25003.69955004985,30595.57543320492,25463.39258364112,1990017.5623651356,12824.441419590548,4118.703749237931,0.0,2006960.707533964,8694.629959792299,16309.069590359719,25003.699550152014,9166.841836481452,21428.733596808135,30595.57543328959,14997.798462576407,10465.594121186132,25463.392583762543,6583.61960747538,24249.672053311093,10473.940811103592,6583.619592,24249.672000000002,10473.940799999998,1.5475379768759012e-05,5.331109059625305e-05,1.1103593351435848e-05,6001.8278732725585,1213.3917438092883,8097.35883928263,3996.0,2397.46,1159.37,0.0
M0__S1__D1__start001__ndays366__20260324T080704Z,M0,S1,D1,140,2024-05-19,True,True,False,0.007795073002622718,True,True,19783.374111022902,9.896229144839401e-07,19783.374111022902,1117878.608321316,637380.0518950272,480498.5564262889,1312445.595759124,67.31092071427702,0.37422776316144285,5345.560536371998,21441.742599770307,7871.045102173596,0.28427441490607314,0.3385754417571615,0.31342127778463735,112517.91143123257,46130.74144430185,32162.383949569517,213.255657243389,1881.9812536511108,2095.2369108945,3.867501556116419e-07,2.7928082012184363e-07,3.2359193875045466e-07,22775.731791741833,29045.43862661342,23524.765682028876,1905763.0531093988,17223.167878639484,3805.1308472258434,16043.64063576435,1942834.9924710286,8366.847011911064,14408.884779446995,22775.73179135806,7629.314048397082,21416.124577937102,29045.438626334184,9556.079178649326,13968.686503056018,23524.765681705347,6583.61959223215,24800.88194659591,10473.940800038623,6583.619592,24249.672000000002,10473.940799999998,2.3215034161694348e-07,551.2099465959072,3.8624420994892716e-08,1239.7238914176912,1177.944736342041,7480.875483263168,5328.0,2397.46,1159.37,1000.0
M0__S1__D1__start001__ndays366__20260324T080704Z,M0,S1,D1,141,2024-05-20,True,True,False,0.0057137128204233605,True,True,29525.396550240264,0.0,29525.396550240264,1105137.888339174,1077798.9773282073,27338.911010966684,1066023.350721376,49.72535908286894,0.42077147165862977,5356.588124525955,20847.3256132008,10308.20386714558,0.45612159347487236,0.9683747755674733,0.6512954870707349,94097.93513783373,50968.45970251506,28957.46533556882,152.62516697621476,2342.7418417390772,2495.367008715292,0.0,0.0,0.0,26845.689854629098,29958.756562059618,29284.27296926399,2119302.3081371468,12326.467242738065,4736.731161283984,0.0,2136365.506541169,6415.177526320388,20430.512328628934,26845.689854949323,14610.536016006436,15348.220546396438,29958.756562402876,14554.775737283482,14729.497232317295,29284.272969600774,6583.619597108491,24249.672008337035,10473.94085275941,6583.619592,24249.672000000002,10473.940799999998,5.108490768179763e-06,8.337032340932637e-06,5.275941111904103e-05,11363.826361884905,1296.3413674425312,9312.398820912831,3996.0,2397.46,1159.37,0.0
M0__S1__D1__start001__ndays366__20260324T080704Z,M0,S1,D1,142,2024-05-21,True,True,False,0.009098381264242218,True,True,44854.11695578189,1.0604016506044066e-06,44854.11695578189,1035983.3859357379,1027798.4481698722,8184.9377658656795,1285346.7876807174,55.56705942020411,0.37085271136378495,5595.955238592926,24149.668104733923,7740.2273608434525,0.39523830511483743,0.1804667539439226,0.26850425254853255,106495.27619805062,71204.31407850154,36980.46371035311,146.09321923572645,2487.9264033728036,2634.01962260853,3.8545871234444986e-07,3.3035868246953385e-07,3.4458425579042283e-07,29394.86844595224,28148.982517512814,31099.080095405763,2287007.5344921434,11798.927509598292,5030.276196821606,0.0,2303836.7381985635,13990.214943684281,15404.653501943261,29394.86844562754,17527.5710779238,10621.411439342746,28148.98251726655,11646.308904042846,19452.771191081687,31099.080095124536,6583.619592152467,24249.672001333995,10473.94080117255,6583.619592,24249.672000000002,10473.940799999998,1.5246678231051192e-07,1.3339922588784248e-06,1.1725514923455194e-06,26023.982476830897,1387.7970255440985,9889.507453406895,3996.0,2397.46,1159.37,0.0
M0__S1__D1__start001__ndays366__20260324T080704Z,M0,S1,D1,143,2024-05-22,True,True,False,0.006708686796613582,True,True,44317.46898692757,0.0,44317.46898692757,1003529.7135394819,979508.6173584213,24021.09618106053,1349361.004531786,57.9405988144836,0.3662101361392203,6906.036387371845,20131.761322847287,9013.277528169057,0.3736057416469853,0.9999997814855824,0.7932265227012156,110304.73544965095,76961.7208921173,38377.86881017704,142.9231738539691,2405.9326305268673,2548.8558043808366,0.0,0.0,0.0,29894.476908306428,27538.183752341727,30074.157765162534,2305302.199574634,11542.905116125092,4864.495037366842,0.0,2321709.5997281256,7120.739990660315,22773.736917994946,29894.476908655262,14652.602192322918,12885.581560342474,27538.18375266539,18543.14813850829,11531.009627012714,30074.157765521006,6583.619601338356,24249.672036264135,10473.940917796195,6583.619592,24249.672000000002,10473.940799999998,9.338355994259473e-06,3.626413308666088e-05,0.00011779619671870023,27139.7432455433,1393.3135350399846,9563.582206344297,2664.0,2397.46,1159.37,0.0
M0__S1__D1__start001__ndays366__20260324T080704Z,M0,S1,D1,144,2024-05-23,True,True,False,0.006099119394418789,True,True,70143.10601790059,1.0341041382600882e-06,70143.10601790059,1049260.0667610848,1039811.8809053586,9448.185855726262,1293844.8320797519,55.442808913600786,0.42124345909619826,7657.847853230546,20783.56100501584,6411.572764568911,0.39874043202809945,0.8802806764747099,0.838118011911229,116333.21604923086,90860.5717686529,39837.145503843116,156.8153388662276,2415.1214739860325,2571.93681285226,4.2839543326474534e-07,3.156393472729432e-07,2.9006935772239957e-07,29223.28442014301,30214.90155171204,30189.01853687512,2308565.7261450887,12664.878119303128,4883.073730223459,0.0,2326113.677994615,6000.547966928767,23222.736452785848,29223.28441971462,24396.558979400696,5818.342571995705,30214.901551396397,25647.101961949815,4541.91657463523,30189.01853658505,6583.619592182091,24249.672000861046,10473.940806001741,6583.619592,24249.672000000002,10473.940799999998,1.8209084373665974e-07,8.610441000200808e-07,6.001742804073729e-06,51602.368854040265,1387.7993047658274,9600.10785909448,3996.0,2397.46,1159.37,0.0
M0__S1__D1__start001__ndays366__20260324T080704Z,M0,S1,D1,145,2024-05-24,True,True,False,0.009975608757892818,True,True,73276.12751513328,0.0,73276.12751513328,1197807.9997164884,1184942.372950735,12865.626765753474,1153237.712801537,49.322022705984224,0.5109877975444977,9112.292917355364,21786.201895095874,5248.309805959377,0.42511745917358373,0.1805482065473824,0.685625321535024,104946.74487644587,96447.71539333454,35004.22898793117,160.18762362865036,2224.712761887982,2384.9003855166325,0.0,0.0,0.0,30215.309819620237,30864.667365025198,27808.909528863813,2306166.79612227,12937.233973061691,4498.091115449592,0.0,2323602.1212107814,12271.400869267087,17943.90895011397,30215.30981938106,22250.59594807968,8614.0714167272,30864.66736480688,17555.86238494573,10253.047144233336,27808.909529179065,6583.619592253582,24249.672001326544,10473.94080105631,6583.619592,24249.672000000002,10473.940799999998,2.5358167476952076e-07,1.326541678281501e-06,1.056310793501325e-06,55472.596909260064,1407.4673773685004,8843.233228504729,3996.0,2397.46,1159.37,0.0
M0__S1__D1__start001__ndays366__20260324T080704Z,M0,S1,D1,146,2024-05-25,True,True,False,0.009525168447216254,True,True,22018.812292789025,4.055498226203014e-06,22018.812292789025,1826706.6274786715,1572738.6235941974,253968.0038844737,608387.7655303123,27.893283422906787,0.45560890796521,3908.1857177375446,18634.601999710165,7169.835406153209,0.6850922365985573,0.6148930388027276,0.605474942060921,54264.62994096376,26658.348121669354,20908.611528867958,195.1956345518754,1882.7688513456578,2077.9644858975335,1.2903991553303955e-06,1.4968569119752715e-06,1.2682421588973474e-06,27730.073905390644,27802.66927883226,23534.61063991968,2141958.0132589657,15764.586161665122,3806.723271376951,13690.373511789941,2175219.6962037976,16103.442553320157,11626.631353865181,27730.07390718534,7914.46568198258,19888.203598442444,27802.669280425027,19047.24181270681,4487.368829034787,23534.6106417416,6583.619593278788,24249.672014921867,10473.940802892383,6583.619592,24249.672000000002,10473.940799999998,1.2787877494702116e-06,1.4921864931238815e-05,2.892384145525284e-06,5989.111834470023,1324.8642742200161,7484.006184098991,2664.0,2397.46,1159.37,1000.0
M0__S1__D1__start001__ndays366__20260324T080704Z,M0,S1,D1,147,2024-05-26,True,True,False,0.006306519155769921,True,True,18749.645725816656,0.0,18749.645725816656,1345541.5864146058,594471.0017797314,751070.5846348747,1523085.9574681185,71.92656380818745,0.528310683626851,4603.856851634254,25528.59137318391,8921.637290470711,0.2489361042119431,0.0,0.0,139011.52817668175,78532.40881546291,48294.612608995,145.80361568611943,1985.8557020426756,2131.659317728795,0.0,0.0,0.0,27196.63012966609,28093.18222132877,24823.19627852168,2095154.2114915717,11775.538255987556,4015.151996870148,0.0,2110944.9017444295,10865.568965893048,16331.061162556713,27196.63012844976,10573.52823488393,17519.653986124664,28093.18222100859,5665.562150643824,19157.634127551977,24823.1962781958,6583.619597937711,24249.672007195033,10473.940800140925,6583.619592,24249.672000000002,10473.940799999998,5.937710739090107e-06,7.195030775619671e-06,1.4092620403971523e-07,4699.8319048086105,1267.2074053884007,7893.776415619637,1332.0,2397.46,1159.37,0.0
M0__S1__D1__start001__ndays366__20260324T080704Z,M0,S1,D1,148,2024-05-27,True,False,True,0.016328671240995688,False,False,46693.24609305693,0.0,46693.24609305693,1119387.8978552758,1116983.5842840672,2404.313571208729,1285649.9392680977,53.51003083347198,0.33488646699129254,6240.288299350762,32370.748134898025,6909.746902572656,0.43003241516372576,0.5739476705942494,0.5867656296174343,129556.74944078739,154113.69169374046,50187.708868528476,163.4295258387482,2368.4913142266137,2531.920840065362,0.0,0.0,0.0,32053.75823322869,31489.311343249017,29606.141412445664,2378087.712374179,13199.059739996188,4788.793375962121,0.0,2396075.5654901373,11386.690096412513,20667.068136730384,32053.758233142897,11550.977245603017,19938.334097542014,31489.311343145033,10977.83880374126,18628.30260860884,29606.1414123501,6583.6195926177015,24249.672001228086,10473.940815803137,6583.619592,24249.672000000002,10473.940799999998,6.177015166031197e-07,1.2280834198463708e-06,1.580313801241573e-05,30903.360890150612,1486.3022288555221,9414.752974050789,1332.0,2397.46,1159.37,0.0
M0__S1__D1__start001__ndays366__20260324T080704Z,M0,S1,D1,149,2024-05-28,True,True,False,0.008933182921429274,True,True,25489.51991899197,0.0,25489.51991899197,1113456.3239036766,933988.404545214,179467.91935846253,1490971.6192518566,61.48437931431344,0.5558876085490094,6062.21459373111,24467.615970227464,8634.212243917735,0.3115292282162863,0.40033045235749265,0.6039802401694591,130970.05683021226,111201.42481307052,42745.20243107178,165.56657201718025,2093.6295833842096,2259.1961554013897,0.0,0.0,0.0,31552.80935691746,31901.073607304264,26170.369807974894,2393934.5766416783,13371.65401285608,4233.057313905548,0.0,2411539.28796844,11580.360722207344,19972.448634388034,31552.809356595382,15341.91781789724,16559.155789108365,31901.073607005605,15230.879339710875,10939.490467955668,26170.36980766654,6583.619592154295,24249.672000635175,10473.940800456112,6583.619592,24249.672000000002,10473.940799999998,1.542948666610755e-07,6.351729098241776e-07,4.5611341192852706e-07,10831.94886399761,1446.5634610421282,8322.177593952232,1332.0,2397.46,1159.37,0.0
M0__S1__D1__start001__ndays366__20260324T080704Z,M0,S1,D1,150,2024-05-29,True,True,False,0.008378108764789982,True,True,50183.321975343904,1.1357215483157152e-06,50183.321975343904,983209.6107400997,961965.2706941302,21244.34004596949,1399017.940032131,59.25573437694119,0.42649901619035296,7259.655507133367,19918.803640073027,7545.031653753576,0.32762784807641543,0.9999999474146074,0.8162065834373328,118346.95320093133,78316.94451405329,39872.29654965801,170.76127776023634,2159.659211727241,2330.4204894874774,3.80239232833158e-07,3.802837174399598e-07,3.7519859804259736e-07,30124.482047646718,32901.98029906316,26995.740129857164,2330261.946714027,13791.19406281259,4366.560968714968,0.0,2348419.7017455543,2332.012894274309,27792.46915312128,30124.482047395588,18648.892479090697,14253.087819738372,32901.98029882906,18848.636600337086,8147.103529290853,26995.740129627942,6583.6195926508435,24249.672002541814,10473.940817488761,6583.619592,24249.672000000002,10473.940799999998,6.508435035357252e-07,2.5418121367692947e-06,1.748876275087241e-05,32635.12032389934,1410.7262848287849,8584.645366615783,3996.0,2397.46,1159.37,0.0
M0__S1__D1__start001__ndays366__20260324T080704Z,M0,S1,D1,151,2024-05-30,True,True,False,0.009392635173202428,True,True,20463.073323205637,1.0189499772010052e-06,20463.073323205637,1536389.7504680865,1469685.383548973,66704.36691911353,835060.2055666451,36.23220755949364,0.33831958663521466,4084.8765507951066,18121.005293290727,9056.397809929476,0.6166836007804845,0.5116403663942789,0.504170891358374,57594.45088905387,23166.278447940804,17374.488354552508,178.16778680630168,2449.753155770325,2627.9209425766267,3.526622184388736e-07,3.279630047397076e-07,3.383247540224242e-07,29224.448609230607,34329.053286540235,30621.914463943296,2279404.4056450375,14389.365995709542,4953.094661823774,0.0,2298746.866302571,15092.654008988942,14131.794599920719,29224.44860890966,27489.92131524606,6839.131970998035,34329.05328624409,21010.25167199296,9611.662791643783,30621.914463636742,6583.619610870332,24249.67205086749,10473.940800998895,6583.619592,24249.672000000002,10473.940799999998,1.887033158709528e-05,5.0867489335360005e-05,9.988962119678035e-07,1756.5537489865567,1415.9207800320391,9737.768794187044,3996.0,2397.46,1159.37,0.0
M0__S1__D1__start001__ndays366__20260324T080704Z,M0,S1,D1,152,2024-05-31,True,True,False,1.5335492830934216e-05,True,True,14736.226467850991,1.1947299409833772e-06,14736.226467850991,2182393.9479379533,1141718.1605491717,1040675.7873887816,1232334.0379341247,51.90846430088699,0.4491331022146576,6161.221046283036,32295.324703813316,9489.847435381713,0.41684730853395635,0.7085301807944469,0.17632672646779354,80559.4086635629,49896.760320558235,33942.54412202208,177.08868573730382,2452.7461680972915,2629.8348538345954,3.8809562457603677e-07,3.8490977797310015e-07,4.2172453843424054e-07,29914.546711343304,34121.134038745455,30659.327097148427,2340346.121620275,14302.214549839466,4959.146158627777,0.0,2359607.4823287423,14810.428750225155,15104.11796093775,29914.546711162904,22185.98931854241,11935.144720025908,34121.13403856832,9593.371556387545,21065.955540546947,30659.32709693449,6583.619613138442,24249.67206586512,10473.94080537593,6583.619592,24249.672000000002,10473.940799999998,2.1138442207302433e-05,6.586511881323531e-05,5.3759322327096015e-06,-8.396684592657506,1438.127134256917,9749.666018186734,0.0,2397.46,1159.37,0.0
M0__S1__D1__start001__ndays366__20260324T080704Z,M0,S1,D1,153,2024-06-01,True,True,False,3.537146546602211e-05,True,True,12097.516588176428,9.884684934595275e-07,12097.516588176428,2213178.6569782123,941671.0092952298,1271507.6476829825,1157870.9716235735,55.148741113376786,0.4976318883116122,6025.6268235498355,21783.61105773385,10116.176406052711,0.38713988012542927,2.3998488870234272e-08,0.15667739619879642,84473.41137829387,65979.24509686191,41941.37520258382,155.33825247293638,1943.3810035748024,2098.719256047739,3.2803346146742324e-07,3.281349329448088e-07,3.323000990472956e-07,25407.290021158264,29930.299192640246,24292.26255032379,2037286.273074574,12545.584182380759,3929.2734666028773,0.0,2053761.1307235577,11462.322794056088,13944.96722677634,25407.290020832428,11580.369445111215,18349.929747203092,29930.299192314305,3106.912214061642,21185.35033593205,24292.26254999369,6583.619592338456,24249.672001285682,10473.940800071387,6583.619592,24249.672000000002,10473.940799999998,3.384557203389704e-07,1.2856799003202468e-06,7.138805813156068e-08,-398.52469714760866,1214.2717978559085,7724.93948920984,0.0,2397.4599982582854,1159.37,0.0
M0__S1__D1__start001__ndays366__20260324T080704Z,M0,S1,D1,154,2024-06-02,True,True,False,0.008844592561664128,True,True,13045.63833126738,0.0,13045.63833126738,1893348.3810251188,702673.8118194367,1190674.5692056823,1196443.3073875625,62.99997484552994,0.5089235263094224,7185.399390562879,25591.04409197067,9615.668249450497,0.31315698069053216,2.3107893388792354e-07,1.161732747505843e-06,89912.46601734853,123406.60240248931,50545.43549861494,146.6866699847116,1780.13665109181,1926.8233210765218,0.0,0.0,0.0,23997.69481907237,28263.327445170195,22251.708138287257,1911782.025844817,11846.856375878357,3599.2137914276846,0.0,1927228.0960121232,12278.100480608162,11719.594338810966,23997.694819419128,2780.3941913215385,25482.933253581697,28263.327444903236,1054.1076571401552,21197.60048090411,22251.708138044265,6583.619622939679,24249.672106640093,10473.9408008323,6583.619592,24249.672000000002,10473.940799999998,3.0939679163566325e-05,0.00010664009096217342,8.323022484546527e-07,-1392.9786353340578,1141.7437785114926,7076.043188089945,2664.0,2397.46,1159.37,0.0
M0__S1__D1__start001__ndays366__20260324T080704Z,M0,S1,D1,155,2024-06-03,True,True,False,0.00882635815217901,True,True,24670.857203656917,1.3494907066451813e-06,24670.857203656917,1150712.7894651731,1122955.001778141,27757.78768703215,1209834.5076570623,51.862137700969775,0.5058679935276359,10568.740153684465,21837.31815298462,5233.3979314158405,0.40550006730356136,0.6256510905269353,0.9158098836496096,107560.65862347677,139103.6370932982,40355.636276206,158.69261334668386,2213.0500671817736,2371.7426805284576,4.4874735101239534e-07,4.408096161201907e-07,4.599337395125952e-07,30184.84592329914,30576.61153611508,27663.125802830742,2301881.1429485446,12816.492449031426,4474.510604593006,0.0,2319172.1460021688,9806.520998539407,20378.324924676395,30184.8459232158,7238.232504582726,23338.379031456585,30576.611536039312,15766.651605000035,11896.474197735712,27663.125802735747,6583.619592948882,24249.6720055899,10473.940838049375,6583.619592,24249.672000000002,10473.940799999998,9.488821888226084e-07,5.5898963182698935e-06,3.804937659879215e-05,8249.52919413599,1403.6239941744266,8796.874017047552,2664.0,2397.459998298949,1159.37,0.0
M0__S1__D1__start001__ndays366__20260324T080704Z,M0,S1,D1,156,2024-06-04,True,True,False,0.009825984204947444,True,True,100910.06153354199,0.0,100910.06153354199,844900.4217985766,831027.848252195,13872.573546381449,1605757.2482145051,65.89654748557136,0.4597511301808283,7444.079027028027,21819.728948359316,7481.379780752381,0.2678619784574198,0.2254977525575739,0.591043732469397,178652.7704401501,158442.45917574546,71563.80584513374,166.73244953235607,2256.753334173518,2423.485783705874,0.0,0.0,0.0,31186.76626093828,32125.712823624977,28209.416678669215,2406219.044839068,13465.813785353057,4562.873147532082,0.0,2424247.731771953,7270.188439140962,23916.57782192865,31186.766261069617,13620.05585768865,18505.656965941067,32125.712823629714,17370.434160797635,10838.982517939792,28209.416678737427,6583.619592310353,24249.672001712708,10473.940836695416,6583.619592,24249.672000000002,10473.940799999998,3.103532435488887e-07,1.712705852696672e-06,3.6695417293231e-05,84095.3113646454,1450.6956655568672,8970.594503339735,3996.0,2397.46,0.0,0.0
M0__S1__D1__start001__ndays366__20260324T080704Z,M0,S1,D1,157,2024-06-05,True,True,False,0.005735844004243516,True,True,88918.63102115701,0.0,88918.63102115701,1054874.9931871626,1051279.0695525846,3595.923634577876,1236496.1870475146,54.047974488765654,0.377206838663055,6413.645584258103,21640.260951116157,8802.235379240783,0.4088387586245653,0.7401314023154307,0.637770658553848,128693.41495141399,78128.7203500141,55691.81026283341,164.1257651330558,2201.1927952525675,2365.318560385623,0.0,0.0,0.0,29192.56796627341,31623.461491271028,27514.909969416425,2261514.668293063,13255.290117797102,4450.53668291917,0.0,2279220.495093779,7046.58298520954,22145.984981326892,29192.56796653643,11969.231559526448,19654.229932149494,31623.46149167594,18792.014767676053,8722.895201964791,27514.909969640845,6583.619593461975,24249.672000751212,10473.940808264682,6583.619592,24249.672000000002,10473.940799999998,1.4619745343225077e-06,7.512098818551749e-07,8.264683856396005e-06,71240.54046694058,1375.5191930874978,8749.741361128958,3996.0,2397.46,1159.37,0.0
M0__S1__D1__start001__ndays366__20260324T080704Z,M0,S1,D1,158,2024-06-06,True,True,False,0.008724521644480758,True,True,97389.87649379109,0.0,97389.87649379109,1073169.6466300036,1073169.6466300036,0.0,1126614.3364786387,51.21477131979816,0.3691483577101966,5479.164882424987,20323.57825522925,9832.458399407305,0.4536497063907902,0.13587028736547455,0.0639960394728625,110885.40752529129,60789.22232316441,33373.82616948233,163.88356556964828,2068.9862392073364,2232.869804776985,0.0,0.0,0.0,28623.73657773483,31576.79490823172,25862.327998418317,2175766.400405619,13235.729353405552,4183.231552397604,0.0,2193185.361311422,14502.092068636117,14121.644508732592,28623.736577368712,17545.604207671247,14031.19070026943,31576.794907940675,9323.28467024837,16539.043327872263,25862.32799812063,6583.61959213282,24249.67200026857,10473.940800245648,6583.619592,24249.672000000002,10473.940799999998,1.3281987776281312e-07,2.685665094759315e-07,2.456490619806573e-07,80268.91785988407,1343.9083330578314,8224.220300849162,3996.0,2397.46,1159.37,0.0
M0__S1__D1__start001__ndays366__20260324T080704Z,M0,S1,D1,159,2024-06-07,True,True,False,0.009848326487710304,True,True,24712.242028836048,3.6979110324485706e-07,24712.242028836048,1998637.9719367367,1997174.9683407857,1463.0035959507622,147557.58676140156,6.879999392482345,0.45467189869689034,4971.400491366796,17934.801970924247,5022.88453899149,0.8928420833988289,0.9999999985904353,0.8703208201445484,14189.13836954511,10042.01303646365,2848.9586655304497,157.05316468369728,2153.817953188279,2310.871117871976,0.0,3.6979110324485706e-07,0.0,28765.84659733319,30260.72537314929,26922.724415280645,2121807.3915533135,12684.08564717121,4354.750674075219,0.0,2138846.2278745603,24182.829444735573,4583.0171521967095,28765.846596932286,11400.237507084303,18860.48786542394,30260.725372508245,15358.351344171158,11564.373070811464,26922.724414982622,6583.619593204919,24249.672000012564,10473.940801019426,6583.619592,24249.672000000002,10473.940799999998,1.2049185897922143e-06,1.2561940820887685e-08,1.0194271453656256e-06,8581.423573331147,1348.562091581488,8561.42636392341,2664.0,2397.46,1159.37,0.0
M0__S1__D1__start001__ndays366__20260324T080704Z,M0,S1,D1,160,2024-06-08,True,True,False,0.00757142852417035,True,True,26052.74459865595,1.0028288430961671e-06,26052.74459865595,1369177.1109366906,1369177.1109024405,3.4249884460996674e-05,546908.6366152418,28.54301470191353,0.38114274420255717,4929.180772420725,23430.29829515409,7925.920619613589,0.6637685058283528,0.9999999294785277,0.7427682524359448,45199.989012300764,15198.490103339778,18111.85760213986,138.2158357557398,1954.618099422105,2092.8339351778445,3.536904157501912e-07,3.2103487146867937e-07,3.2810355587729633e-07,25612.58945139138,26631.182226736648,24432.726243777164,1892190.4853511653,11162.726342076428,3951.9934697694725,0.0,1907305.205163011,20097.540495057125,5515.048955988392,25612.58945104552,25790.43600025292,840.7462261706037,26631.182226423523,21593.5142280002,2839.2120154567256,24432.726243456927,6583.619592022585,24249.67200013393,10473.940800341294,6583.619592,24249.672000000002,10473.940799999998,2.2584572434425354e-08,1.3392855180427432e-07,3.412951627979055e-07,14683.42254544543,1202.2551080076526,7769.60694520287,0.0,2397.46,0.0,0.0
M0__S1__D1__start001__ndays366__20260324T080704Z,M0,S1,D1,161,2024-06-09,True,True,False,0.0,True,True,11887.359865347287,1.0001000000000002e-06,11887.359865347287,707876.6457241641,370019.4437712473,337857.2019529168,1666091.6742553648,81.82714879874199,0.358178911296569,8109.224143780888,22202.651459844423,11206.380581214273,0.13765964887882756,0.0,0.15623195122174022,125306.47464698217,80725.87768941328,40842.20682842021,138.22300576010406,1846.3809001493591,1984.6039059094633,0.0,0.0,1.0001000000000002e-06,25605.33522120297,26632.563732058046,23079.76125220828,2002728.9596813358,11163.305413180195,3733.151382489486,0.0,2017625.4164770057,1669.8380376416035,23935.49718356137,25605.33522120297,15012.833411097985,11619.730320960061,26632.563732058046,8233.202551225764,14846.558699982419,23079.761251208183,6583.619592,24249.672000000002,10473.940799999998,6583.619592,24249.672000000002,10473.940799999998,0.0,0.0,0.0,958.5171832094805,1192.0186040440992,7339.364078093703,0.0,2397.46,0.0,0.0
M0__S1__D1__start001__ndays366__20260324T080704Z,M0,S1,D1,162,2024-06-10,True,True,False,0.00288725409768,True,True,78705.91609020137,9.916591899028328e-07,78705.91609020137,573647.7323920641,573630.3055190707,17.426872993337607,1674735.9504364831,74.48679440017311,0.4775449371967482,11282.033722799795,21996.94718754366,7824.72442200971,0.18620204044913102,0.7183997562794,0.8928948692811157,151189.26731940897,182558.92510684283,36187.96941439496,151.46002324334256,2172.954662689707,2324.41468593305,3.5000979549926636e-07,3.1748048474611926e-07,3.24168909657447e-07,30851.299260321994,29183.04879461131,27161.9332836502,2232755.5871852534,12232.3667326938,4393.442708625876,0.0,2249381.396626573,1100.6699395311612,29750.629320445398,30851.299259976557,13415.138348506836,15767.910445791555,29183.04879429839,14024.657904421803,13137.27537890828,27161.933283330087,6583.619592034782,24249.672000182378,10473.940800293241,6583.619592,24249.672000000002,10473.940799999998,3.4781805879902095e-08,1.8237551557831466e-07,2.932429197244346e-07,59769.70756272282,1413.8837450779347,8637.49478419159,5328.0,2397.459998209035,1159.37,0.0
M0__S1__D1__start001__ndays366__20260324T080704Z,M0,S1,D1,163,2024-06-11,True,True,False,0.006703579903359041,True,True,64913.501760356645,9.612794949479515e-05,64913.501760356645,1207225.39373656,1207225.3627593112,0.030977248506263787,1052320.2608610597,46.57220681275615,0.3921682121887275,5213.881375904743,22042.831691172934,8686.135130439996,0.4910963690014211,0.3011792753966901,0.2599925955570727,93190.8168863194,71198.70842855787,23296.198636417146,140.63441842737834,2073.8460586277615,2214.48047705514,3.0255086647524958e-05,3.0962659612556543e-05,3.491020323471365e-05,30519.269549416225,27097.18993642307,25923.07503482589,2235665.3531444934,11358.058349475226,4193.057501499611,0.0,2251216.468995468,13653.292938082108,16865.976676314247,30519.269614396355,15140.910613293225,11956.279387402847,27097.19000069607,14421.397075007404,11501.67802014391,25923.07509515132,6583.61985593141,24249.672511398916,10473.94149354237,6583.619592,24249.672000000002,10473.940799999998,0.00026393140979052987,0.0005113989136589225,0.0006935423716640798,46404.1790260234,1380.9546512878778,8243.538083045354,5328.0,2397.46,1159.37,0.0
M0__S1__D1__start001__ndays366__20260324T080704Z,M0,S1,D1,164,2024-06-12,True,True,False,0.00803349861574499,True,True,32812.33195829977,0.0,32812.33195829977,1341842.7980290637,1311697.6377599575,30145.160269106203,814280.9992057375,38.30146667738491,0.39085698396077956,6090.379073009469,20163.440452008592,8743.746360599858,0.5864018661561891,0.6336909935388191,0.4823658604296153,65243.61470905824,34990.81956008723,12356.586191122617,134.61170059392117,2089.664795916053,2224.2764965099745,0.0,0.0,0.0,28774.012040537113,25936.744361800673,26120.81063697043,2104159.217982105,10871.645553180895,4225.041009263292,0.0,2119255.904544549,18030.39770864546,10743.614332711655,28774.01204135712,12193.981842788042,13742.762519362508,25936.74436215055,11060.543271452101,15060.267365829923,26120.810637282026,6583.619592410485,24249.672002311592,10473.940805788325,6583.619592,24249.672000000002,10473.940799999998,4.10484972235281e-07,2.31158992392011e-06,5.788326234323904e-06,18300.3271448551,1316.7572496783614,8306.417563766312,1332.0,2397.46,1159.37,0.0
M0__S1__D1__start001__ndays366__20260324T080704Z,M0,S1,D1,165,2024-06-13,True,True,False,0.002348883507711925,True,True,17588.792509689756,0.0,17588.792509689756,1536736.0115781585,1359659.6709740078,177076.3406041506,818417.7755799448,37.57523759656964,0.48484045445652696,4727.458791121987,22219.187361809007,8414.858589596157,0.5917624197861611,0.3174324840584342,0.4486211025969692,67437.8278014037,24371.913073321877,15554.210346245527,143.3198485330202,2061.7544742220034,2205.074322755024,0.0,0.0,0.0,29138.057469887488,27614.61434135944,25771.930895886304,2154621.558053812,11574.941755525668,4168.609827590106,0.0,2170365.109636928,18527.567927650336,10610.489542799234,29138.057470449567,14064.017861867935,13550.59647992154,27614.61434178948,12149.874177942136,13622.05671846639,25771.93089640853,6583.619600875059,24249.67202222512,10473.940837868022,6583.619592,24249.672000000002,10473.940799999998,8.875059393176343e-06,2.222511830041185e-05,3.786802335525863e-05,3167.9304422973264,1336.5580323599634,8195.474035032465,1332.0,2397.46,1159.37,0.0
M0__S1__D1__start001__ndays366__20260324T080704Z,M0,S1,D1,166,2024-06-14,True,True,False,0.0073644095643090254,True,True,25797.582833790748,1.0020494583877208e-06,25797.582833790748,1812505.839615517,1586211.3811546387,226294.45846087832,732121.4667912442,31.579652914805877,0.44196826772575754,4424.535904578709,19327.182450886794,5933.38228514825,0.6441444769056199,0.621975916569761,0.6510880505272928,56204.72511994461,26812.05390644486,10920.562479319737,193.29576307979988,1812.0856387668146,2005.3814018466144,3.4603384968023005e-07,3.343648331247753e-07,3.2165077558271534e-07,31305.131093635526,27424.199107575943,22651.070522227277,2277189.2156669796,15611.146830930771,3663.810650882072,13707.691973336076,2310171.8651221283,19927.86030334796,11377.270789955419,31305.13109330338,8489.78325174686,18934.41585551027,27424.19910725713,11005.129599421607,11645.940922499374,22651.070521920978,6583.619601863216,24249.672030895636,10473.940800540133,6583.619592,24249.672000000002,10473.940799999998,9.863216291705612e-06,3.0895633244654164e-05,5.401343514677137e-07,11269.481805460166,1436.2306142324944,7203.040414098087,1332.0,2397.46,1159.37,1000.0
M0__S1__D1__start001__ndays366__20260324T080704Z,M0,S1,D1,167,2024-06-15,True,True,False,0.009914675702286732,True,True,15324.489044332133,0.0,15324.489044332133,1155781.5071502393,298473.11536332325,857308.3917869162,1777150.1342262477,85.62007264939133,0.4143966484505397,6148.082251851581,21919.51082578745,8947.05147762662,0.10005550534011867,1.228375274083508e-09,5.867353587020597e-09,145109.78605125647,111699.62019012292,30228.45502063856,127.95339433286948,1694.938198915403,1822.8915932482726,0.0,0.0,0.0,27603.32260124132,23591.325985739153,21186.727486040872,2055145.0102111816,10333.900726123395,3426.95317082579,0.0,2068905.8641081308,6924.085421868723,20679.237173568217,27603.32259543694,10596.165923724266,12995.16006201489,23591.325985739153,6905.0468539034555,14281.680632137415,21186.727486040872,6583.619592423904,25312.179249948895,10473.940800926262,6583.619592,24249.672000000002,10473.940799999998,4.239036570652388e-07,1062.5072499488924,9.262639650842175e-07,3797.0893917513968,1233.1903118920052,6737.379340688729,0.0,2397.46,1159.37,0.0
M0__S1__D1__start001__ndays366__20260324T080704Z,M0,S1,D1,168,2024-06-16,True,True,False,0.009053152660636294,True,True,15246.744251312943,1.0607110568392863e-06,15246.744251312943,1442959.920692625,410663.09220324294,1032296.828489382,1764645.7383357226,81.12161885071302,0.36843775641197585,4493.744003865695,22978.908747426904,8660.852172500418,0.1388008267262253,1.7312743547164143e-10,1.616102523428974e-09,154395.21789107576,118858.17430540908,49489.57406225172,204.85143715286534,1833.6324752293306,2038.483912382196,3.511144852269734e-07,3.561894733508657e-07,3.534070982614472e-07,26738.814525751015,25503.27818559193,22920.405941070225,2114672.7130884035,16544.417802892036,3707.3756608554613,20980.47633698315,2155904.982889134,3410.9329208565186,23327.8816046247,26738.81452548122,35.72358042599704,25467.55460488465,25503.278185310646,335.37021041256935,22585.035730378582,22920.405940791148,6583.61959864918,24249.67201220992,10473.940800546898,6583.619592,24249.672000000002,10473.940799999998,6.649180249951314e-06,1.220991907757707e-05,5.468991730595008e-07,-1888.625459321715,1293.8506215980665,7288.689089036589,3996.0,2397.46,1159.37,1000.0
M0__S1__D1__start001__ndays366__20260324T080704Z,M0,S1,D1,169,2024-06-17,True,True,False,0.00932923706956508,True,True,20812.498295141555,0.0,20812.498295141555,1609984.5924045397,1563006.9600046566,46977.63239988314,777163.7838532833,33.20970428730653,0.47376633646551225,4635.922151478743,19725.92419782465,8325.440136011655,0.6390694105793786,0.5341037364374706,0.7333991309722288,60069.55371026401,30693.151453294973,11364.189932330806,199.20461971251854,2289.786482391262,2488.9911021037806,0.0,0.0,0.0,30042.215193575612,29482.193236412328,28622.330966094923,2310901.8760219635,16088.36385332637,4629.662044099641,12424.144532744962,2344044.0464521344,17980.692564920468,12061.522628034669,30042.215192955133,7779.965536459314,21702.227700866613,29482.193237325926,13588.289048965336,15034.041976566561,28622.331025531894,6583.619611345897,24249.672045497762,10473.940805359878,6583.619592,24249.672000000002,10473.940799999998,1.9345897271705326e-05,4.5497759856516495e-05,5.359879651223309e-06,1712.167054075672,1445.5999735606113,9101.901267505269,3996.0,2397.46,1159.37,1000.0
M0__S1__D1__start001__ndays366__20260324T080704Z,M0,S1,D1,170,2024-06-18,True,True,False,0.0005659822622912385,True,True,38261.03989601922,0.0,38261.03989601922,1479502.5563239567,1479502.5563239567,0.0,815976.6337345078,35.5471152719849,0.47468355239459886,5161.36530053421,21722.053200732826,9020.612843070616,0.5964822008199473,0.8330368050686139,0.49009882012706374,68984.36084994816,37210.895714193124,23279.303359081012,159.7706061818596,2305.8867937766877,2465.657399958547,0.0,0.0,0.0,29779.20898478921,30784.31722628542,28823.58492647463,2269403.969285243,12903.554390608104,4662.21486119021,0.0,2286969.738537042,17179.30350783506,12599.9054762916,29779.208984126657,19781.599478781172,11002.717746762668,30784.317225543844,15382.488680289462,13441.096245146271,28823.584925435738,6583.619601158959,24249.672003047424,10473.94080123804,6583.619592,24249.672000000002,10473.940799999998,9.158959073829465e-06,3.047422069357708e-06,1.2380423868307844e-06,21474.480979126518,1399.8289116303613,9165.900005262336,2664.0,2397.46,1159.37,0.0
M0__S1__D1__start001__ndays366__20260324T080704Z,M0,S1,D1,171,2024-06-19,True,True,False,0.004753435472467696,True,True,68159.76595869804,1.0027892301477057e-06,68159.76595869804,1124047.1051919614,1124047.104840509,0.0003514524677115538,1084353.1898417375,49.101297099661835,0.3873962626166798,4763.420273924663,21934.3868158628,8479.915040212873,0.46569042278753797,0.6525870289085071,0.44269308786774664,98381.40787393198,74503.414232248,28756.342497134436,157.22434000280293,2324.121480813081,2481.3458208158836,3.432710267671846e-07,3.254903812785269e-07,3.34027822101994e-07,28218.897910941276,30293.707132110914,29051.51851070059,2182920.314384845,12697.910280457756,4699.083119019313,0.0,2200317.307784322,12870.32020167468,15348.577708938108,28218.897910612788,22501.025760663186,7792.68137113702,30293.707131800205,14749.23517458247,14302.283335798917,29051.518510381386,6583.619592217166,24249.67200089177,10473.940801028468,6583.619592,24249.672000000002,10473.940799999998,2.1716641640523449e-07,8.917668310459703e-07,1.028469341690652e-06,51354.432937422804,1346.120135043275,9238.382886231995,2664.0,2397.46,1159.37,0.0
M0__S1__D1__start001__ndays366__20260324T080704Z,M0,S1,D1,172,2024-06-20,True,True,False,0.005308609499899174,True,True,83494.26470156955,1.2680218633250768e-06,83494.26470156955,1179604.222334653,1176196.5920139179,3407.630320734986,980550.8658177698,45.46433390970951,0.5324945540473908,4895.256973153543,24486.407416601392,9266.243631716405,0.499012264053269,0.6465603413680742,0.8183008884087208,84852.92530620602,82339.91479755973,32175.939402830427,167.13093855834381,2299.9164715781094,2467.0474101364534,4.1138090837558826e-07,4.630740686535576e-07,3.93566886295931e-07,27126.12105664385,32202.492979200313,28748.955895109622,2131346.830239069,13497.9969568656,4650.143615977071,0.0,2149494.970811912,10759.94446856597,16366.176587949278,27126.121056515247,21173.544624639544,11028.948354380429,32202.492979019975,19139.296193822614,9609.659701176177,28748.95589499879,6583.619592841602,24249.67200054785,10473.940800920796,6583.619592,24249.672000000002,10473.940799999998,8.416018317802809e-07,5.478468665387481e-07,9.207979019265622e-07,65480.556101934606,1318.7106270273184,9142.167974522985,3996.0,2397.4599985008167,1159.369999583801,0.0
M0__S1__D1__start001__ndays366__20260324T080704Z,M0,S1,D1,173,2024-06-21,True,True,False,0.007829655809651604,True,True,101380.86219974753,0.0,101380.86219974753,1007049.5514968601,996265.8764526693,10783.67504419088,1376781.5483493134,58.01744769024993,0.40823829717199583,7483.323441552641,18487.859455956055,4014.3942212674206,0.3658684087028721,0.24178362672649661,0.6746482419157961,131342.42073198603,121407.76423123364,41205.67340653632,173.90771735936144,2405.480264204616,2579.3879815639775,0.0,0.0,0.0,29727.104091312256,33508.230684703645,30068.50315113308,2345063.321900394,14045.309982400126,4863.580409323384,0.0,2363972.212292117,12053.817563055112,17673.28653033841,29727.104093393522,17678.115020508947,15830.115665954218,33508.23068646317,18456.617226338545,11611.885927024607,30068.503153363148,6583.619594754771,24249.672021538463,10473.940951649316,6583.619592,24249.672000000002,10473.940799999998,2.7547712306841277e-06,2.153846071450971e-05,0.000151649317558622,85506.49329622678,1423.754853307375,9561.78405021335,1332.0,2397.46,1159.37,0.0
M0__S1__D1__start001__ndays366__20260324T080704Z,M0,S1,D1,174,2024-06-22,True,True,False,0.009400821405022403,True,True,26500.816688802686,1.3698991775449788e-06,26500.816688802686,1059722.31599089,949348.4069660688,110373.90902482125,1378630.1599900355,59.220053807996706,0.42146611945940154,5013.838904765186,20998.306813906314,8052.176850910478,0.3494546864522365,0.45662947138689214,0.5021785322382928,107677.20905669553,59854.84763588615,39966.010385879265,201.32963210836024,2169.0346483283674,2370.3642804367278,4.530492638296739e-07,4.9840717372189e-07,4.1844273999341476e-07,29091.63011450545,30050.286351353025,27112.933242601244,2284770.3373239376,16259.986241729212,4385.516929596693,12202.679434183563,2317618.5199294467,7414.164561265268,21677.465553173493,29091.63011443876,8107.535238203709,21942.75111303816,30050.286351241873,18725.53631699642,8387.39692556627,27112.933242562693,6583.619593574227,24249.672004642798,10473.940813405427,6583.619592,24249.672000000002,10473.940799999998,1.5742270988994278e-06,4.642795829568058e-06,1.3405428035184741e-05,9252.960550906946,1405.1134107904861,8621.912727105262,2664.0,2397.46,1159.37,1000.0
M0__S1__D1__start001__ndays366__20260324T080704Z,M0,S1,D1,175,2024-06-23,True,True,False,0.00823739121899877,True,True,14498.817361257245,0.0,14498.817361257245,1175288.5404175795,416783.72955039784,758504.8108671815,1775938.7851712308,80.99240890025204,0.4103344643184257,5341.625441099686,23308.49132074896,9533.639838434696,0.15656967701682528,1.7085328942018868e-07,0.01413739650530608,136265.75940678577,103349.48959072659,45886.31009620729,156.01538128575868,2138.434336264404,2294.449717550163,0.0,0.0,0.0,27404.667588057877,30060.767103244973,26730.42921408469,2168694.9299218925,12600.271140613564,4323.646923646513,0.0,2185618.8479861524,5992.639506600813,21412.0280812208,27404.667587821616,7187.529837693133,22873.237265751846,30060.76710344498,5741.69634146442,20988.732873081124,26730.429214545544,6583.619594764499,24249.672008788235,10473.940802926849,6583.619592,24249.672000000002,10473.940799999998,2.764499186014291e-06,8.788232662482187e-06,2.926850356743671e-06,-190.4848085273927,1300.1956831336272,8500.276486651006,1332.0,2397.46,1159.37,0.0
M0__S1__D1__start001__ndays366__20260324T080704Z,M0,S1,D1,176,2024-06-24,True,True,False,0.008161893306841625,True,True,37259.53960342227,1.1521704965702754e-06,37259.53960342227,1115526.620867909,981568.6346261814,133957.9862417276,1536619.255874957,61.020834135182746,0.3799166353417409,9357.852775567977,21274.075566870175,9160.291927617372,0.3135084998884353,0.4450867404890344,0.3493933502176324,137692.3501130912,164738.7044018937,38997.46442304823,189.40225486746402,2466.8479149171444,2656.2501697846083,3.9817595066758717e-07,3.8350575461758244e-07,3.704887912851057e-07,31767.42639259012,36493.69073033941,30835.59892274286,2483504.6805280494,15296.695404674867,4987.658127976747,0.0,2503789.034060701,10224.752407894966,21542.673984477296,31767.42639237227,9603.746429746177,26889.944300390045,36493.69073013622,6059.429768439495,24776.16915409817,30835.59892253767,6583.619592489617,24249.672004677872,10473.940816957267,6583.619592,24249.672000000002,10473.940799999998,4.896173777524382e-07,4.6778695832472295e-06,1.695726859907154e-05,21048.95302607135,1516.0361155552687,9805.72046179565,1332.0,2397.46,1159.37,0.0
M0__S1__D1__start001__ndays366__20260324T080704Z,M0,S1,D1,177,2024-06-25,True,True,False,0.003502558321212085,True,True,83612.33193234725,0.0,83612.33193234725,1107558.2066804245,1100591.6380428434,6966.5686375813275,1469610.6046255021,57.17879240116818,0.44174455880940844,6368.33751633891,20327.259098982475,8348.950439176062,0.38366021511336224,0.5237868672164795,0.7633147301427878,130196.60854233065,96807.74049425162,43754.51824603737,216.5426535662185,2424.052856753032,2640.5955103192505,0.0,0.0,0.0,31522.745845950674,41723.054640028764,30300.66072423821,2539272.988021115,17488.635581660958,4901.131869748869,0.0,2561662.7554725246,6848.8741487867055,24673.871696901722,31522.74584568843,17784.026346358645,23939.02829345895,41723.054639817594,20626.722514823145,9673.93820920341,30300.660724026555,6583.6195920977025,24249.672000464005,10473.940802363517,6583.619592,24249.672000000002,10473.940799999998,9.770246833795682e-08,4.6400236897170544e-07,2.363518433412537e-06,63556.40404794649,1535.48777880749,9635.610105593301,5328.0,2397.46,1159.37,0.0
M0__S1__D1__start001__ndays366__20260324T080704Z,M0,S1,D1,178,2024-06-26,True,True,False,0.007474915007939195,True,True,159098.4805430169,1.0277899316571795e-06,159098.4805430169,847053.571319231,838626.0694611382,8427.501858092803,1730305.7650221267,67.3550672616494,0.4653444426002789,6776.86917332506,24586.024298503617,9264.802417824701,0.2815700692328661,4.2334909018323167e-07,0.26940870451963816,200495.11326095904,191356.8556990293,59033.03104912186,217.30411167311212,2319.8328326626633,2537.1369443357753,3.5289638637740713e-07,3.348759257693712e-07,3.400176195104014e-07,33109.75756654008,41869.771035637285,28997.91041028899,2537350.8186175944,17550.133227149687,4690.412008540674,0.0,2559591.3638532846,13487.203076564176,19622.55448966453,33109.757566228705,12147.23541498645,29722.535620357547,41869.771035344,12127.006283534458,16870.904126456102,28997.910409990556,6583.619592211511,24249.672000425715,10473.940800679648,6583.619592,24249.672000000002,10473.940799999998,2.1151117834961042e-07,4.2571264202706516e-07,6.796490197302774e-07,143408.24624999455,1580.0687831882142,9221.335509834089,1332.0,2397.46,1159.37,0.0
M0__S1__D1__start001__ndays366__20260324T080704Z,M0,S1,D1,179,2024-06-27,True,True,False,0.00863622176803421,True,True,94581.42672196304,1.009903815008801e-06,94581.42672196304,1400439.4333667294,1396684.552724821,3754.880641908354,1194216.476817401,46.09270918497428,0.44900692786507296,5137.038157981399,20026.869947804546,7571.540801394996,0.49752526397507857,0.6959910080714528,0.4884622153796295,118739.15141042482,84524.33876264049,43567.309453905764,215.58247221102897,2082.163551546616,2297.746023757645,3.654040723025381e-07,3.1202416637261057e-07,3.324755763336523e-07,33793.07172802867,41538.048596250774,26027.044395044715,2560886.574024773,17411.08844932079,4209.874430783314,0.0,2582507.536904877,11317.094542136261,22475.977185549964,33793.07172768623,12483.111389075628,29054.93720688676,41538.048595962384,8427.43387489708,17599.610519858863,26027.044394755947,6583.619592473379,24249.672000053848,10473.940800329283,6583.619592,24249.672000000002,10473.940799999998,4.7337925934698433e-07,5.3845724323764443e-08,3.292843757662922e-07,81168.93536444081,1579.0612401244575,8276.600117397798,0.0,2397.46,1159.37,0.0
M0__S1__D1__start001__ndays366__20260324T080704Z,M0,S1,D1,180,2024-06-28,True,True,False,0.002562019063579385,True,True,95903.17812517857,1.0581260102320114e-06,95903.17812517857,1111953.4897446954,1111953.4896449507,9.974489729725839e-05,1379233.4571389307,55.364510436260865,0.3375623878528114,5132.13410486028,19538.323872954545,8464.81147129612,0.39950973131491685,0.40069437645776146,0.4922055728364501,128361.05460255069,141303.5117549047,67451.87160660457,214.59115650465088,1932.0609822730762,2146.652138777727,3.98658749551182e-07,2.8720791422327057e-07,3.7225934645755887e-07,32143.438928583717,41347.04364227171,24150.76227701218,2460773.224223111,17331.026813198583,3906.385798535798,0.0,2482010.6368348454,15757.386627888325,16386.052300394524,32143.43892828285,25790.418980291415,15556.624661761623,41347.04364205304,14211.934705995058,9938.827570743226,24150.762276738285,6583.619592342551,24249.672000590806,10473.940802057587,6583.619592,24249.672000000002,10473.940799999998,3.425511749810539e-07,5.908041202928871e-07,2.05758806259837e-06,83157.7968179449,1508.6089026981917,7679.942404535479,0.0,2397.46,1159.37,0.0
M0__S1__D1__start001__ndays366__20260324T080704Z,M0,S1,D1,181,2024-06-29,True,True,False,3.0024265805209757e-09,True,True,10505.303873665542,1.0005338617994436e-06,10505.303873665542,2526389.261581769,2045693.5009010236,480695.7606807459,0.0010478992890364635,5.1224647682467324e-08,0.42288980317129105,5403.259181782679,26732.786636637058,9732.577405534712,0.8849482949502605,0.7475208036416123,0.721641304397858,8.765682961341063e-05,6.527070321179438e-05,9.854881250096505e-05,189.88859893528183,1430.9223906812208,1620.8109896165026,3.3644924159800666e-07,2.7352191555532786e-07,3.9056270464610904e-07,26995.819185459666,36587.398522007454,17886.529885349162,2000338.0667118877,15335.974013432151,2893.146208658747,0.0,2018567.1869339787,21961.334152909047,5034.485032217801,26995.81918512685,20407.331926547617,16180.066595189928,36587.39852173754,11321.992078121764,6564.53780684046,17886.529884962227,6583.620006434472,24249.67211763955,10473.940800612201,6583.619592,24249.672000000002,10473.940799999998,0.0004144344720771187,0.00011763954898924567,6.122027116362005e-07,1.6307684777807556e-05,1260.5573544000047,5687.9165029578535,0.0,2397.46,1159.37,0.0
M0__S1__D1__start001__ndays366__20260324T080704Z,M0,S1,D1,182,2024-06-30,True,True,False,0.004289944411792075,True,True,22890.694153413082,7.580725810924127e-07,22890.694153413082,877424.8376846284,780139.7383201992,97285.09936442932,1230647.4613203034,61.20227250005987,0.39119952947760245,5991.602203088223,20861.66363365784,8710.145506645984,0.31517315316676864,0.48689740676652965,0.48675842274449116,108203.85199051045,50664.51401747773,122043.25857880863,180.98805215219048,1394.002993546528,1574.9910456987184,2.592658595840683e-07,2.5190829945104823e-07,2.4689842205729613e-07,25889.487130779868,34872.45717630772,17425.03741922453,1990642.1091501066,14617.139102148249,2818.4998025805794,0.0,2008077.7480548355,10467.29873515564,15422.188395775745,25889.487130931386,19544.88294589018,15327.574230576573,34872.45717646675,9820.343526954726,7604.69389243385,17425.037419388576,6583.619593163288,24249.67200351746,10473.940800817587,6583.619592,24249.672000000002,10473.940799999998,1.163288288807962e-06,3.5174562071915716e-06,8.175884431693703e-07,9919.101003438165,1209.6012506274658,5541.1618993474485,2664.0,2397.46,1159.37,0.0
M0__S1__D1__start001__ndays366__20260324T080704Z,M0,S1,D1,183,2024-07-01,True,True,False,0.009916171188927977,True,True,51722.62587225176,0.0,51722.62587225176,1058597.7381184949,1034492.8807305832,24104.85738791178,1230308.2490428332,54.323014628923296,0.3983048270434835,6131.156847252324,18886.694551022887,8107.321299684717,0.4059823915790763,0.9999999374486194,0.6702040829932602,94673.09724465235,71419.19172486839,126572.72193161675,202.32524883294855,1701.1358874469765,1903.461136279925,0.0,0.0,0.0,28813.7058137501,38983.6702971428,21264.198591370485,2237047.6503064996,16340.395241038741,3439.484122457142,0.0,2256827.5296699954,4563.597185315286,24250.10862924007,28813.705814555356,27977.50812005507,11006.162177994363,38983.67029804943,11379.151191421943,9885.047401056887,21264.19859247883,6583.61959688296,24249.6720021523,10473.940802518777,6583.619592,24249.672000000002,10473.940799999998,4.882959729002323e-06,2.152297383872792e-06,2.5187782739521936e-06,36046.68201020859,1361.098709441444,6762.015152601731,3996.0,2397.46,1159.37,0.0
M0__S1__D1__start001__ndays366__20260324T080704Z,M0,S1,D1,184,2024-07-02,True,True,False,0.007158951423530713,True,True,38805.17538829619,0.0,38805.17538829619,1202366.048596886,1179154.8858974385,23211.16269944772,1181814.7623678627,50.056330170791874,0.41164299599065096,7860.99328365639,18905.821229443874,9079.716815548614,0.4370909347468447,0.797647728846336,0.7319622834427362,95966.51447380392,82251.46241818479,101627.61628171196,202.42616406068265,2043.3641281573653,2245.790292218048,0.0,0.0,0.0,29868.411854040725,39003.11446436912,25542.05157797409,2329704.1514802347,16348.545457729404,4131.426846628142,0.0,2350184.1237845924,9363.923376150713,20504.488477699335,29868.411853850048,35421.5707522298,3581.5437119349826,39003.11446416478,17509.631809576837,8032.419768887372,25542.05157846421,6583.619593195252,24249.67200068076,10473.940826770846,6583.619592,24249.672000000002,10473.940799999998,1.1952515706070699e-06,6.807567842770368e-07,2.677084739843849e-05,24365.696658994362,1428.2763198763134,8122.372409425528,1332.0,2397.46,1159.37,0.0
M0__S1__D1__start001__ndays366__20260324T080704Z,M0,S1,D1,185,2024-07-03,True,True,False,0.009501242869878957,True,True,63150.13179366247,0.0,63150.13179366247,1002003.4057601322,987359.9617129818,14643.444047150286,1492959.8277837448,60.192231425395214,0.3636528668586254,7364.422762841772,21748.38711639062,4704.180344035832,0.33341055815285603,0.2608436220935727,0.7943313801102904,126005.67433499472,122651.36133107918,69536.88576359129,209.32967998798915,2137.6823251018423,2347.0120050898313,0.0,0.0,0.0,30657.698454403544,40333.27167090344,26721.028941623095,2447612.6071658595,16906.094154883296,4322.12645109651,0.0,2468840.827771839,8687.935714865798,21969.762739795082,30657.69845466088,25015.214006946902,15318.057664196273,40333.27167114318,20161.957149956186,6559.07179192401,26721.0289418802,6583.619592234252,24249.672004091444,10473.940949074076,6583.619592,24249.672000000002,10473.940799999998,2.3425218387274072e-07,4.091441951459274e-06,0.00014907407785358373,46960.458409418046,1471.5561419645912,8497.287242279823,2664.0,2397.46,1159.37,0.0
M0__S1__D1__start001__ndays366__20260324T080704Z,M0,S1,D1,186,2024-07-04,True,False,True,0.07180479628122088,False,False,28684.2479831726,0.0,28684.2479831726,1038198.7887902046,656615.1764089889,381583.61238121556,1730087.415193737,72.48860504366166,0.454481216703043,5794.469991660529,25351.262715422403,10430.361570772293,0.23150823144611832,0.1747262028100234,0.2542085242487805,131345.7838526248,106004.06051692768,44652.24547880344,213.2556571962374,2239.7695573169494,2453.0252145131867,0.0,0.0,0.0,28563.187004764903,39883.39482530798,27997.119615427873,2356541.485856668,17223.167874831714,4528.534073700484,0.0,2378293.1878052005,7437.696459601376,21125.49054482299,28563.187004424362,8551.722446327121,31331.672378677336,39883.39482500446,15110.497599163398,12886.62201594944,27997.11961511284,6583.6195921381695,25455.99918222444,10473.940800431035,6583.619592,24249.672000000002,10473.940799999998,1.3816952559864148e-07,1206.3271822244387,4.310368240112439e-07,9653.775563722429,1415.1884291153042,8903.083990334873,3996.0,2397.46,2318.74,0.0
M0__S1__D1__start001__ndays366__20260324T080704Z,M0,S1,D1,187,2024-07-05,True,True,False,0.009825456969387853,True,True,24723.240118620863,6.409742079599839e-07,24723.240118620863,1566530.894720369,1565708.1567234944,822.7379968746558,740314.1254958068,32.103511366912436,0.4399845277798457,4072.9154202622376,22575.211964404374,7157.021381057802,0.6290279615977767,0.727431307007219,0.6047465716142273,57621.92253784321,26581.243209025888,20732.79486982328,219.37558533547252,2258.39398605311,2477.7695713885823,2.9789961235203876e-07,1.2216244101317442e-07,2.2091215459477064e-07,28205.95452688805,43475.22609062514,28229.924826045888,2273403.731694353,17717.431666516168,4566.190340551175,0.0,2295687.35370142,13262.205865844926,14943.748660745225,28205.95452659015,17112.989717751745,26362.236372644715,43475.226090396456,11327.800687005614,16902.124138819363,28229.92482582498,6583.619592074861,24249.672000418897,10473.940800298848,6583.619592,24249.672000000002,10473.940799999998,7.48614183976315e-08,4.188950697425753e-07,2.9884904506616294e-07,6781.256047058643,1412.0379770011075,8977.116094561114,3996.0,2397.46,1159.37,0.0
M0__S1__D1__start001__ndays366__20260324T080704Z,M0,S1,D1,188,2024-07-06,True,True,False,0.009924252356022449,True,True,17299.658497797955,1.0001000000000002e-06,17299.658497797955,1512623.8998202279,430998.970289297,1081624.929530931,1666166.8967192876,79.44850347464039,0.3990308735825578,4948.556674665633,20190.506438552093,8471.35250787269,0.1708037014898086,8.051472241187467e-08,2.1173823352538707e-05,127782.32231728383,77976.2937445845,49060.92773648225,199.20186510316066,1908.5547961136513,2107.756661216812,0.0,0.0,1.0001000000000002e-06,24643.369405953083,38381.8622474929,23856.934953800836,2061400.3266076178,16088.141382782454,3858.8592285521886,0.0,2081347.3272189524,8520.337674798251,16123.031729648927,24643.36940444718,17139.209111732183,21242.653135680586,38381.86224741278,7983.074606547253,15873.860346161819,23856.934952709074,6583.619593461668,24249.672008179252,10473.94080015756,6583.619592,24249.672000000002,10473.940799999998,1.4616680346080102e-06,8.179249562090263e-06,1.575608621351421e-07,2255.8220051342923,1236.5011781119033,7586.505314551766,2664.0,2397.46,1159.37,0.0
M0__S1__D1__start001__ndays366__20260324T080704Z,M0,S1,D1,189,2024-07-07,True,True,False,0.009915981025771658,True,True,13930.736717331876,9.65232323721322e-07,13930.736717331876,1413995.282772576,655204.3587371642,758790.9240354116,1368405.9863769258,67.6220098242172,0.4270494315148176,6160.850586629606,22025.259561642288,9673.08152928324,0.27965356855148704,5.537279934458483e-07,3.7642693549166214e-08,119120.35901703054,88728.61424561148,39832.1771531879,198.15010160981421,1835.1115058262535,2033.2616074360676,5.057529976227248e-07,1.3336010578193294e-07,3.261192203166642e-07,23144.169662061657,38179.21026744698,22938.89382313744,1986505.4803762876,16003.197801689734,3710.366075842511,0.0,2006219.0442538199,8153.682196183736,14990.48746537398,23144.169661557717,264.3931107010691,37914.817156612546,38179.21026731362,0.03619429297476266,22938.85762851981,22938.893822812784,6583.619597398694,24249.672070303805,10473.940800173461,6583.619592,24249.672000000002,10473.940799999998,5.398694156610873e-06,7.030380220385268e-05,1.7346246750093997e-07,-762.7777862989608,1178.1162679714746,7294.568235659358,2664.0,2397.46,1159.37,0.0
M0__S1__D1__start001__ndays366__20260324T080704Z,M0,S1,D1,190,2024-07-08,True,True,False,0.00999753912855471,True,True,46731.308853553666,0.0,46731.308853553666,1421677.4599839877,1417612.5017944525,4064.9581895350384,793955.7252910722,35.90012352173156,0.5277685483349225,4161.285157570684,23628.98184443663,7772.701466302165,0.5916391506163868,0.04599809218093586,0.7008882184511375,63712.12961268891,38389.69906683262,26682.30636293962,231.0157973510942,2096.9650186438116,2327.9808159949057,0.0,0.0,0.0,26725.934619740616,44511.7143947227,26212.06273266689,2198381.6705029877,18657.530176836866,4239.801147091438,0.0,2221279.0018269164,18573.159652021073,8152.774968102025,26725.934620123102,1498.359436965892,43013.35495810528,44511.714395071176,10710.83673994095,15501.225993272998,26212.062733213945,6583.619593581117,24249.672001820923,10473.94080064464,6583.619592,24249.672000000002,10473.940799999998,1.5811174307600595e-06,1.8209211702924222e-06,6.446407496696338e-07,29482.085085379294,1360.9578190652328,8335.43594910915,3996.0,2397.46,1159.37,0.0
M0__S1__D1__start001__ndays366__20260324T080704Z,M0,S1,D1,191,2024-07-09,True,True,False,0.009961316365573517,True,True,26457.454834353903,0.0,26457.454834353903,1805522.3924227671,1777111.592253581,28410.800169185986,569301.1421819296,24.262617306280923,0.49255761013732763,4679.150232131039,22838.845768772622,9372.83287406327,0.7267001059307909,0.6464526673208549,0.5344992589932531,48271.445520575726,23418.25433598036,19031.947295052658,241.27540228977983,2143.272279217873,2384.5476815076527,0.0,0.0,0.0,28699.34375265993,46488.51681993938,26790.903490480217,2315489.5163580803,19486.126709786775,4333.428639545355,0.0,2339309.0717074126,22574.49228816839,6124.851464202655,28699.343752371045,14390.772120338408,32097.744699248542,46488.51681958695,17207.648389532915,9583.255100742701,26790.90349027561,6583.619592225656,24249.672001076124,10473.940800626442,6583.619592,24249.672000000002,10473.940799999998,2.25655639951583e-07,1.0761214070953429e-06,6.264435796765611e-07,12937.618666130082,1443.4988583327684,8519.507309891043,0.0,2397.46,1159.37,0.0
M0__S1__D1__start001__ndays366__20260324T080704Z,M0,S1,D1,192,2024-07-10,True,True,False,0.007949253490683567,True,True,60463.46198613996,0.0,60463.46198613996,1770928.024430819,1770928.024430819,0.0,813627.4126421754,31.480362191944597,0.3946995632115964,5143.583441794602,24130.394598227667,8589.579705806087,0.6545139731898331,0.3939348808231482,0.4575438580250851,80111.54460619726,67500.2621038165,77600.09777863682,258.4343002946821,2262.4231662750367,2520.857466569719,0.0,0.0,0.0,31215.72199942731,49794.66287031382,28280.289578139345,2550954.6558400444,20871.930888560644,4574.336839328704,0.0,2576400.9235679335,24931.625436855044,6284.096562740808,31215.72199959585,26985.04564365476,22809.61722685192,49794.66287050668,13405.341753714758,14874.947824548552,28280.289578263306,6583.61959260117,24249.672000828494,10473.940801208406,6583.619592,24249.672000000002,10473.940799999998,6.011696314089932e-07,8.284914656542242e-07,1.2084074114682153e-06,45022.44561939813,1559.0542807985612,8993.132085943273,1332.0,2397.46,1159.37,0.0
M0__S1__D1__start001__ndays366__20260324T080704Z,M0,S1,D1,193,2024-07-11,True,True,False,0.009225981666103698,True,True,41141.8861308763,1.1939771356737318e-06,41141.8861308763,2228189.683116712,2228189.6827206416,0.0003960706663576951,271134.6232616976,10.848316987623994,0.45533290272639637,4009.9418177334646,18313.366302522725,7754.906559054275,0.8526611463844447,0.9999999975605258,0.9371672057529055,39239.99947406831,21144.39172293804,35499.10326902877,270.53879417218604,2195.8705538542326,2466.4093480264187,4.2681541681498207e-07,4.180551526776513e-07,3.491065661810986e-07,30779.870003653265,52126.93529387945,27448.381921886197,2466570.5170164695,21849.52619754179,4439.775776080454,0.0,2492859.818990092,23356.625412328445,7423.244591138991,30779.87000346744,37151.751512228235,14975.183781473661,52126.9352937019,19556.876026173875,7891.505895577118,27448.381921750995,6583.619592646472,24249.672000559698,10473.940802763611,6583.619592,24249.672000000002,10473.940799999998,6.464715625043027e-07,5.596957635134459e-07,2.7636124286800623e-06,23574.644903358378,1552.3657759473417,8728.585451570576,1332.0,4794.92,1159.37,0.0
M0__S1__D1__start001__ndays366__20260324T080704Z,M0,S1,D1,194,2024-07-12,True,True,False,0.0072643836841361775,True,True,80944.55949357213,0.0,80944.55949357213,1007176.5578316128,993122.8049476694,14053.75288394337,1564160.4793442795,61.16492799026598,0.4070705155964678,7977.48401939289,24005.81520707396,5443.567439123355,0.3350781125914099,3.089170069453822e-07,0.7013019621499647,136988.73495480078,150619.24562694944,81119.32285914989,249.09522567042598,2304.3922621154525,2553.4874877858783,0.0,0.0,0.0,30354.066092193705,47995.22652357303,28804.903272700096,2522359.413488292,20117.67915068101,4659.1931049695095,0.0,2547136.2857439425,14206.930586320685,16147.135505638878,30354.06609195956,22913.105333770258,25082.121189532558,47995.22652330281,20823.27829391914,7981.624978568611,28804.903272487747,6583.619592180047,24249.672003446718,10473.94080678618,6583.619592,24249.672000000002,10473.940799999998,1.8004720914177597e-07,3.4467157092876732e-06,6.786181984352879e-06,66704.67265594244,1523.097595720763,9159.959241908926,0.0,2397.46,1159.37,0.0
M0__S1__D1__start001__ndays366__20260324T080704Z,M0,S1,D1,195,2024-07-13,True,True,False,0.004994643722776865,True,True,15832.959490491497,0.0,15832.959490491497,1846023.828285051,1783869.413303936,62154.41498111527,350160.8944400522,16.40843118157157,0.39240973403707713,4454.942946237493,20185.747465159428,5203.641295686691,0.7786805328153211,0.6216333974431586,0.861510859706116,30816.425040377373,13206.12880083098,13924.425198045581,216.98231837567323,2067.3358826813733,2284.3182010570463,0.0,0.0,0.0,25387.64177435553,41807.76846878967,25841.69854014904,2102448.9521204336,17524.144233207684,4179.894737796442,0.0,2124152.9910914376,16836.00032407481,8551.641449952056,25387.641774026863,11349.40876158302,30458.35970688324,41807.76846846625,21736.24501700636,4105.453522812272,25841.698539818633,6583.619593947768,24249.67200811481,10473.940800463615,6583.619592,24249.672000000002,10473.940799999998,1.9477683963486925e-06,8.11480640550144e-06,4.636167432181537e-07,97.56937388177222,1296.8999829512663,8217.660133658457,2664.0,2397.46,1159.37,0.0
M0__S1__D1__start001__ndays366__20260324T080704Z,M0,S1,D1,196,2024-07-14,True,True,False,6.947703936474873e-06,True,True,12180.83180269716,1.0168291044264032e-06,12180.83180269716,2409704.1199024646,969419.0398244672,1440285.0800779974,1245172.7192539908,56.225835490877806,0.5225644858159469,7500.069254599053,21588.531990892872,10065.833577235857,0.3675348218283181,6.690278147718392e-09,0.011232399072964815,114509.29635981395,49356.43972966836,94651.18107074335,219.4263359286303,2028.9140784568453,2248.3404143854755,3.3728183550485525e-07,3.515360748132589e-07,3.2801119410828895e-07,25294.725981157862,42278.67744959584,25361.425981486438,2159904.1107024625,17721.530436964313,4102.210652379958,0.0,2181727.8517918065,15431.310296230386,9863.415684591731,25294.72598082212,15006.171721546569,27272.505727699267,42278.677449245835,10415.680834294872,14945.745146865085,25361.425981159955,6583.619592826686,24249.672001765986,10473.940800015138,6583.619592,24249.672000000002,10473.940799999998,8.266861186712049e-07,1.7659840523265302e-06,1.5139448805712163e-08,-734.0075541107891,1293.075894941985,8064.93346186596,0.0,2397.46,1159.37,0.0
M0__S1__D1__start001__ndays366__20260324T080704Z,M0,S1,D1,197,2024-07-15,True,True,False,0.0,True,True,18708.283380921614,9.867736404413964e-07,18708.283380921614,3181364.7567303805,2452643.5791736078,728721.177556773,0.00025867077543132735,1.054661091405718e-08,0.4314072714244313,5969.5127312373,23852.896585919178,9141.562528619303,0.9160599539604586,0.8492042659147743,0.7741261879058043,1.9601515978012748e-05,1.1507385773608902e-05,1.0369167569343741e-05,257.7446531570197,2433.9849400088005,2691.72959316582,3.327200176921359e-07,3.146086885123537e-07,3.394449342369068e-07,28425.85037102837,49661.78287705929,30424.81175043951,2429018.2574563883,20816.23291277208,4921.21330058043,0.0,2454755.703669741,26294.368468037617,2131.481902663876,28425.850370701497,22640.624687688367,27021.158189062087,49661.782876750454,16418.614896271978,14006.196853833553,30424.81175010553,6583.6196000531,24249.672006930996,10473.940800024613,6583.619592,24249.672000000002,10473.940799999998,8.053099918470252e-06,6.930993549758568e-06,2.461456460878253e-08,1.3398109247918103e-06,1480.3632440246224,9675.090136534984,3996.0,2397.4599990221986,1159.37,0.0
M0__S1__D1__start001__ndays366__20260324T080704Z,M0,S1,D1,198,2024-07-16,True,True,False,0.0047714434839568635,True,True,133756.70718764354,1.0915603598436928e-06,133756.70718764354,1013710.5250931178,1011970.3448181232,1740.1802749947597,1587993.920561172,61.07752870709198,0.42911206404682556,8013.05584716958,25708.181225444278,6331.9453409499765,0.33809942876260846,0.4998305245496319,0.6094071176047138,190188.0160314001,150942.3134511293,126826.87176857924,256.61724642601473,2465.189490381172,2721.806736807187,3.9143784648754606e-07,3.419140371373298e-07,3.5820847621881683e-07,30720.100108024853,49444.55615776658,30814.86862880495,2569301.13160882,20725.18015644455,4984.305000867658,0.0,2595010.6167661324,12198.075980211794,18522.02412752404,30720.100107735838,30209.715832823473,19234.8403247037,49444.55615752717,17291.820864727044,13523.047763822196,30814.868628549244,6583.619592111873,24249.672000910025,10473.940801290793,6583.619592,24249.672000000002,10473.940799999998,1.1187330528628081e-07,9.100222086999565e-07,1.2907948985230178e-06,114845.72941551032,1559.0195478681012,9799.128224265161,3996.0,2397.46,1159.37,0.0
M0__S1__D1__start001__ndays366__20260324T080704Z,M0,S1,D1,199,2024-07-17,True,True,False,0.009648588870915364,True,True,146968.1104062834,1.0542645015450243e-06,146968.1104062834,878157.9367980907,870988.0109942436,7169.925803847168,1570761.4303595822,64.32934533564078,0.4389431646607225,9354.131347643977,21868.359744854144,3886.578230295386,0.3198642632518503,0.2688087146598509,0.5955927305138975,199800.11200520943,178564.55926296546,39652.72671891916,261.82492800406106,2353.7364493657547,2615.5613773698155,3.815216286772888e-07,3.4625728520550176e-07,3.264855876622338e-07,28398.483905343674,50447.96300758327,29421.705618150434,2409800.3983559525,21145.768173832894,4758.960883564193,0.0,2435705.1274133497,6031.07634858577,22367.407556443904,28398.483905029676,23008.677097029726,27439.28591027481,50447.96300730454,15917.8662472054,13503.83937068607,29421.70561789147,6583.619592019396,24249.67200020992,10473.940800499207,6583.619592,24249.672000000002,10473.940799999998,1.9395884010009468e-08,2.0991865312680602e-07,4.992089088773355e-07,128582.39443266325,1476.78358739123,9356.102386228875,3996.0,2397.46,1159.37,0.0
M0__S1__D1__start001__ndays366__20260324T080704Z,M0,S1,D1,200,2024-07-18,True,True,False,0.0019227694057534453,True,True,146127.40476534914,0.0,146127.40476534914,910111.6489318728,910111.6489318728,0.0,1432414.1058153554,61.148275655561406,0.3521854790616182,9208.525128162502,21886.95824453796,11398.067085458759,0.3413623985510175,0.9999998761758656,0.39351309890413255,226845.09692959915,202516.55039405043,35235.25477379213,258.813774558267,2184.8495280491397,2443.663302607407,0.0,0.0,0.0,28049.04949369935,49867.77929875886,27310.619101377073,2310625.1506020813,20902.578370682724,4417.492639524367,0.0,2335945.2216122886,3429.7982891183765,24619.25120423539,28049.049493353767,30847.23090004411,19020.548398394065,49867.77929843818,16296.922635204222,11013.696465852976,27310.6191010572,6583.619592023297,24249.67200008575,10473.94080005645,6583.619592,24249.672000000002,10473.940799999998,2.3296706785913557e-08,8.574716048315167e-08,5.6452336139045656e-08,130935.23940278894,1445.9284885648005,8684.776873995332,2664.0,2397.46,0.0,0.0
M0__S1__D1__start001__ndays366__20260324T080704Z,M0,S1,D1,201,2024-07-19,True,True,False,0.0029275255900971056,True,True,122574.38220106447,1.5437758362363622e-06,122574.38220106447,1268208.4246374257,1268208.4247675617,-0.00013013598975113308,1226324.5061107648,49.16048575389924,0.3255465649160023,4770.267436911961,22071.026322513168,7391.113091019836,0.4697449847972935,0.3152153684233662,0.7627709733520227,168812.80525223885,122136.20529025201,24202.40793473232,255.83782354782522,2086.556959838593,2342.394783386418,5.32968269862943e-07,4.752987818195237e-07,5.355087845538955e-07,30468.498973249803,49294.37833265215,26081.9619856794,2462608.835346915,20662.23162203736,4218.757353189902,0.0,2487489.824322142,13080.300289198633,17388.198684074174,30468.498973272806,32796.0013781655,16498.37695454406,49294.378332709566,16959.22464789272,9122.737337807037,26081.96198569976,6583.619592226165,24249.672000613707,10473.940812625111,6583.619592,24249.672000000002,10473.940799999998,2.2616495698457584e-07,6.137051968835294e-07,1.2625112503883429e-05,105212.81645791902,1514.6718287560416,8294.063915358409,3996.0,2397.459999030991,1159.37,0.0
M0__S1__D1__start001__ndays366__20260324T080704Z,M0,S1,D1,202,2024-07-20,True,True,False,0.0005695306751099388,True,True,11577.581155616981,9.864325842323462e-07,11577.581155616981,2586487.342018886,1694153.3610104255,892333.9810084604,520890.9896401648,23.516052375527902,0.3852935500850241,5480.367454914424,22818.499673276223,10964.12574694738,0.6866636249009214,0.477994197229156,0.4750520845210858,37717.929028807834,16480.869675997285,11916.114237368758,213.25565843555717,1685.2015884476898,1898.457246883247,2.9344575005328103e-07,3.5355160185160224e-07,3.394352323274632e-07,27380.517560577064,40003.1281099475,21065.01986841284,2176373.186624245,17223.167974922675,3407.266961642689,0.0,2197003.62156081,20647.222186402974,6733.29537388165,27380.51756028463,15511.51724246278,24491.610867132047,40003.12810959482,13541.915403577445,7523.104464496838,21065.019868074283,6583.619602313242,25336.266132939243,10473.94080014648,6583.619592,24249.672000000002,10473.940799999998,1.0313241546100471e-05,1086.5941329392408,1.4648139767814428e-07,-2.1338157189544456,1324.2086572563653,6698.6763140795665,0.0,2397.46,1159.37,0.0
M0__S1__D1__start001__ndays366__20260324T080704Z,M0,S1,D1,203,2024-07-21,True,True,False,0.009862242563869585,True,True,15838.539493159142,9.867632672049742e-07,15838.539493159142,1396189.4018671357,915027.614566524,481161.78730061185,1159565.4374689986,55.8936335167647,0.46153986591565593,4459.157025863896,24282.377922085056,9415.914842223106,0.4079784817158196,4.4549253515107387e-07,0.351151870974443,84009.74670458371,68603.1287346808,27550.361019150834,192.22830134206217,1783.7329791615202,1975.9612805035824,3.235382543786904e-07,3.2585821394256234e-07,3.3736679888372153e-07,25650.926623126605,38124.80248241189,22296.66223993391,2051627.924573624,15524.935412435274,3606.485117242102,0.0,2070759.3451033016,12509.070828283955,13141.855794520507,25650.92662280446,9114.419218085328,29010.383264000615,38124.80248208594,8252.047236205031,14044.615003391893,22296.662239596924,6583.619592554514,24249.67200192869,10473.940800077093,6583.619592,24249.672000000002,10473.940799999998,5.545143721974455e-07,1.9286890164949e-06,7.709422789048404e-08,-55.324244588551565,1250.6951455806482,7090.338592167045,3996.0,2397.46,1159.37,0.0
M0__S1__D1__start001__ndays366__20260324T080704Z,M0,S1,D1,204,2024-07-22,True,True,False,0.00923225807170162,True,True,83685.6862000012,0.00013167221874640147,83685.6862000012,1227525.8903699773,1222190.5354648193,5335.354905157922,1202005.5888951728,49.58367752578237,0.5102164203839533,8260.673157876361,24985.597927104976,7408.832954975391,0.4692883523741304,0.09693806097623155,0.5631276576971584,106835.49723923256,87234.00069906983,26133.838051265,225.12566548417817,2049.751223483925,2274.8768889681032,4.2544910975796945e-05,4.80708230242383e-05,4.105648474636625e-05,29763.801634294192,43376.81381722162,25621.885962438868,2393918.3126554256,18181.825426612806,4144.340759397583,0.0,2416244.478841436,19503.178929937858,10260.622792862421,29763.80172280028,4610.922599714531,38765.89130049109,43376.81390020562,10450.959612485938,15170.926439944775,25621.886052430713,6583.619620755087,24249.672342223996,10473.945104798006,6583.619592,24249.672000000002,10473.940799999998,2.875508744182298e-05,0.0003422239933570381,0.004304798007069621,69197.2913636378,1451.803723014801,8147.7611133486025,1332.0,2397.46,1159.37,0.0
M0__S1__D1__start001__ndays366__20260324T080704Z,M0,S1,D1,205,2024-07-23,True,True,False,0.008310011863674154,True,True,145785.6320154056,0.0,145785.6320154056,954755.6763957363,943985.0869291502,10770.589466586158,1576629.9751181402,62.549414976421346,0.4765104097394876,8259.279201755984,27386.851544033456,10757.411281759423,0.3215263567253249,0.29822592501004014,0.41517163394788353,176729.18813208683,131526.76235353953,25508.81599205848,234.45273700140896,2351.6648673042373,2586.117604305646,0.0,0.0,0.0,30613.66433846492,45173.938107606955,29395.815146251785,2487742.1775168264,18935.107753663215,4754.772403581053,0.0,2511432.057674071,8268.294738426857,22345.369599706824,30613.664338133683,10169.341405053814,35004.59670222556,45173.93810727938,15664.418503069923,13731.396642887896,29395.81514595782,6583.619592024195,24249.672000157683,10473.9408001533,6583.619592,24249.672000000002,10473.940799999998,2.419528755126521e-08,1.5768091543577611e-07,1.533007889520377e-07,126033.8092377324,1519.124930138854,9347.867847534342,5328.0,2397.46,1159.37,0.0
M0__S1__D1__start001__ndays366__20260324T080704Z,M0,S1,D1,206,2024-07-24,True,True,False,0.004388083987988924,True,True,146808.36035251722,0.0,146808.36035251722,968462.279598255,968462.279598255,0.0,1489435.7604828374,60.59794735967556,0.38584014631691255,7896.060512840685,22530.805196807894,8012.385525737428,0.33235002156859333,0.5222372188174408,0.21113424463347338,194556.0466466304,157207.8233639743,24353.59252665734,248.33452470007228,2287.1942577269083,2535.528782426981,0.0,0.0,0.0,29663.707333858554,47848.65601102168,28589.92822079923,2422805.8683608472,20056.24265381279,4624.420889842839,0.0,2447486.531904503,8729.906664743552,20933.800668806103,29663.707333549653,18950.074427323358,28898.58158341238,47848.656010735736,9402.553292221835,19187.374928328543,28589.928220550384,6583.619592349287,24249.672000993123,10473.94080123389,6583.619592,24249.672000000002,10473.940799999998,3.492868927423842e-07,9.931209206115454e-07,1.2338914530118927e-06,127334.50719066142,1497.4259873913213,9091.597174464461,5328.0,2397.46,1159.37,0.0
M0__S1__D1__start001__ndays366__20260324T080704Z,M0,S1,D1,207,2024-07-25,True,True,False,0.005396845467716427,True,True,102869.36966864875,1.4082929936229483e-06,102869.36966864875,1182210.1183897292,1180299.0154836327,1911.1029060964497,1266608.688526037,51.76364790754001,0.38420263215753775,5907.269665806175,21634.82864424915,11419.273848669143,0.45411044005177326,0.44229844458640893,0.4483135882266319,130764.74572733053,98024.5118986076,23848.968013965587,259.67373202617625,2072.1034935696775,2331.777225595854,5.047298683438099e-07,4.551931184227198e-07,4.4837000685641855e-07,29181.818745327626,50033.474378616396,25901.293670580322,2415567.8295124876,20972.03112065153,4189.534251065938,0.0,2440729.394884205,13961.640703960875,15220.178041284682,29181.818745245553,24052.65062715083,25980.823751433047,50033.47437858387,7390.876727941868,18510.416942595144,25901.29367053701,6583.619592182624,24249.672001490144,10473.940800564273,6583.619592,24249.672000000002,10473.940799999998,1.8262380763189867e-07,1.4901415852364153e-06,5.642741598421708e-07,86937.35435699673,1474.5739256817867,8236.611386939467,2664.0,2397.4599990307875,1159.37,0.0
M0__S1__D1__start001__ndays366__20260324T080704Z,M0,S1,D1,208,2024-07-26,True,True,False,0.009624250732618796,True,True,137067.53946777008,0.0,137067.53946777008,896308.8498615011,894519.8851745832,1788.964686917934,1485404.0057361869,62.413928924749754,0.3958294046935345,6845.969657763821,22168.587566475733,3654.796421052169,0.3351679076962096,3.267517675360597e-08,0.6446889306185617,176617.9103412218,146133.552095855,16501.277702743933,249.5305911262969,1972.9394813212743,2222.470072447571,0.0,0.0,0.0,28446.38157200955,48079.111971665174,24661.743496436622,2348508.62605261,20152.840573523903,3989.037013823167,0.0,2372650.5036399574,11849.508692386335,16596.872879799295,28446.38157218563,8651.162992188503,39427.948979667046,48079.11197185554,11097.385624310607,13564.357872278699,24661.743496589304,6583.619592317095,24249.672000479684,10473.940820841503,6583.619592,24249.672000000002,10473.940799999998,3.1709532777313143e-07,4.796820576302707e-07,2.0841504010604694e-05,121575.39453141738,1428.8804981006053,7842.434438252065,2664.0,2397.46,1159.37,0.0
M0__S1__D1__start001__ndays366__20260324T080704Z,M0,S1,D1,209,2024-07-27,True,True,False,0.009056550319666559,True,True,55163.4122433077,0.0,55163.4122433077,939147.8912402056,924129.3190205595,15018.57221964622,1118277.209092062,54.752919837435925,0.421899302752012,5949.847201058726,23390.064364785067,6318.979084446949,0.37779368453686923,0.492512569164189,0.8216072326374981,100988.94305550985,58802.62890670142,48623.32031066469,214.68720193417073,1565.675587110419,1780.3627890445896,0.0,0.0,0.0,24649.302510532074,41365.54950484205,19570.944834371432,2010531.7603989867,17338.78373077591,3165.6003276888787,0.0,2031036.1444574515,6169.273979874112,18480.028531220156,24649.30251109427,9351.701897912815,32013.847607459167,41365.549505371986,16358.320471567537,3212.6243633495883,19570.944834917125,6583.619592125012,24249.67200130948,10473.940825473983,6583.619592,24249.672000000002,10473.940799999998,1.2501186574809253e-07,1.3094759196974337e-06,2.5473984351265244e-05,40163.957952518525,1223.0638320252508,6223.560458763916,3996.0,2397.46,1159.37,0.0
M0__S1__D1__start001__ndays366__20260324T080704Z,M0,S1,D1,210,2024-07-28,True,True,False,0.0005154457490583103,True,True,12316.789383793477,9.837305430410378e-07,12316.789383793477,1594231.9594285544,1508360.07589675,85871.8835318047,605707.8375284309,28.6512951491266,0.4969622963735661,4594.338224834532,20250.18166952487,9744.650244515426,0.6859969015580278,0.3735431791240472,0.5342076425180152,49270.202626350074,23856.62464194424,42934.04499317172,203.69258157976694,1539.378461305929,1743.071042885696,3.2832211889329595e-07,3.2704051116120784e-07,3.2836791298653394e-07,26841.739075670415,39247.12551147926,19242.230790571404,2088618.2240546576,16450.825143540504,3112.4308264529363,0.0,2108181.480024651,17772.008773770965,9069.73030157197,26841.739075342935,16877.075388779864,22370.05012237314,39247.125511153004,14067.944544631351,5174.286245612474,19242.230790243826,6583.619664610453,24249.67203539121,10473.940801554712,6583.619592,24249.672000000002,10473.940799999998,7.261045266204746e-05,3.5391207347856835e-05,1.5547138900728896e-06,27.442380902379405,1281.4876204892548,6119.029383691068,1332.0,2397.459998719372,1159.3699999914052,0.0
M0__S1__D1__start001__ndays366__20260324T080704Z,M0,S1,D1,211,2024-07-29,True,True,False,0.0009544990265134078,True,True,152832.907211719,9.170845884536517e-07,152832.907211719,1085994.6516500188,1085994.6516402385,9.780279351361961e-06,1324181.8775076205,54.94128174817958,0.3365975795027963,7076.553636286764,21767.280931755362,7910.175107973887,0.41481632817212727,0.285248936870865,0.5951442038811556,229013.22499864508,273244.004284302,94845.89064713717,227.6382007893487,2004.7249897410265,2232.363190530375,3.9485278384416013e-07,2.818266443650074e-07,2.4040516024448413e-07,32008.697917112244,43860.92504322355,25059.06237353864,2381412.339956214,18384.745326178152,4053.30333863285,0.0,2403850.3886210253,15120.639384570282,16888.05853214711,32008.697916717396,14985.241864907537,28875.683178034185,43860.92504294172,14394.146302474172,10664.916070824063,25059.062373298235,6583.619592040247,24249.672000039893,10473.940800078835,6583.619592,24249.672000000002,10473.940799999998,4.024695954285562e-08,3.989043761976063e-08,7.883681973908097e-08,138449.29566751135,1525.9997110615961,7968.781834220581,1332.0,2397.4599989254816,1159.37,0.0
M0__S1__D1__start001__ndays366__20260324T080704Z,M0,S1,D1,212,2024-07-30,True,True,False,0.008283223089759355,True,True,78320.71255046979,0.0,78320.71255046979,1542676.5618009907,1538169.9473732926,4506.614427697986,852136.3097325787,35.6496707147613,0.4908878929943441,7108.824158891293,21737.17394376056,4669.278593922617,0.618433552096072,1.3827382624316617e-08,0.5096957861377747,109893.00021135708,58971.8617597017,43883.010383479064,235.7235518706106,1917.9442789523732,2153.667830822984,0.0,0.0,0.0,30307.88806602858,45418.79612185059,23974.303487263023,2360809.8014732394,19037.742582290153,3877.8435890075525,0.0,2383725.387644537,23904.359373587475,6403.528692168296,30307.88806575577,6408.76723296037,39010.0288886359,45418.79612159627,10133.223745972093,13841.079740890702,23974.303486862795,6583.619592019626,24249.672000031132,10473.940800131517,6583.619592,24249.672000000002,10473.940799999998,1.962598616955802e-08,3.113018465228379e-08,1.3151839084457606e-07,65669.7980723067,1470.255969327366,7623.828508835685,0.0,2397.46,1159.37,0.0
M0__S1__D1__start001__ndays366__20260324T080704Z,M0,S1,D1,213,2024-07-31,True,True,False,0.006429245404889487,True,True,105616.1526011652,0.0,105616.1526011652,1392530.0571829618,1392530.0571829618,0.0,1025298.04814105,42.405746127417544,0.41765300289595403,4552.06028867954,22624.668945470414,11758.628384710371,0.5313331449253563,0.9999999749735896,0.6004837011031684,157703.9703052627,99686.72718987556,46610.57188418431,248.38152263022639,1907.2021132523096,2155.583635882536,0.0,0.0,0.0,30145.092650521165,47857.711489596106,23840.026415328168,2386798.547933054,20060.038347916634,3856.124272732514,0.0,2410714.7105537034,11118.89400733939,19026.19864287411,30145.092650213504,24473.522324515594,23384.1891648463,47857.7114893619,17531.135350381315,6308.891064662056,23840.026415043372,6583.619592036569,24249.672000125007,10473.940800748689,6583.619592,24249.672000000002,10473.940799999998,3.65689629688859e-08,1.2500458979047835e-07,7.486905815312639e-07,92827.02017358689,1478.5440274003922,7581.128400177931,1332.0,2397.46,0.0,0.0
M0__S1__D1__start001__ndays366__20260324T080704Z,M0,S1,D1,214,2024-08-01,True,True,False,0.00939091041088758,True,True,84467.02633297787,1.1639553092170547e-06,84467.02633297787,1648424.7503780434,1648424.7503614342,1.6609343188187032e-05,726481.9404204704,30.589915100255432,0.3856367160634926,4802.060435314429,21560.67808579287,4240.307084507208,0.6592190994439401,0.2882659311511615,0.6940459617366711,116302.0133187489,81356.105630915,57686.66837667524,263.23999081072776,2149.928256657926,2413.1682474686536,4.372256122568692e-07,3.769117493619046e-07,3.4981794759828087e-07,29097.997469804668,50720.614799899355,26874.10320620235,2342281.703250452,21260.052899470393,4346.886193936518,0.0,2367888.642343859,21217.16889907336,7880.828570468804,29097.997469542166,31456.6005449964,19264.014254700654,50720.614799697054,16823.839029267583,10050.264176759592,26874.10320602718,6583.619592050642,24249.6720002737,10473.940803028116,6583.619592,24249.672000000002,10473.940799999998,5.064157448941842e-08,2.7369605959393084e-07,3.028117134817876e-06,70881.12714948507,1483.1043642008367,8545.964820215257,0.0,2397.4599990767047,1159.37,0.0
M0__S1__D1__start001__ndays366__20260324T080704Z,M0,S1,D1,215,2024-08-02,True,True,False,0.009971831095540912,True,True,84516.3733087956,0.0,84516.3733087956,1422966.0792904133,1422966.0792904133,0.0,1101191.6194040177,43.62610228249948,0.4590365179088814,5391.381686206695,23602.253801810966,11382.666405942664,0.5138635113409846,0.35914058242497965,0.6213538763599635,110274.55024367133,73982.16769569983,69539.38471498217,258.1537553801877,2288.150612664718,2546.304368044906,0.0,0.0,0.0,29700.763039809477,49740.6079734622,28601.88265955781,2488152.533271826,20849.273237992355,4626.3545199853,0.0,2513628.1610298036,17756.731535223,11944.031504967123,29700.76304019012,16267.861600347398,33472.74637287988,49740.607973227285,19823.24604519594,8778.636614129244,28601.882659325187,6583.619592138013,24249.672000177037,10473.940802051085,6583.619592,24249.672000000002,10473.940799999998,1.3801309250993654e-07,1.7703496268950403e-07,2.051086994470097e-06,71513.31267169163,1510.201951761735,9095.398685342256,0.0,2397.46,0.0,0.0
M0__S1__D1__start001__ndays366__20260324T080704Z,M0,S1,D1,216,2024-08-03,True,True,False,0.003250836630701587,True,True,35694.552420957196,0.0,35694.552420957196,1111819.7897968655,1098977.4159297408,12842.37386712473,1138178.7230624184,50.87614150951345,0.40862107067683545,7241.021534075008,22965.07365179223,6918.177626557965,0.4396145555879878,0.6154285630200805,0.8003157310337132,101492.34108982065,67378.64317311009,101492.34108982065,221.81209118490898,1860.0586146802011,2081.8707058651103,0.0,0.0,0.0,26823.098296492957,42738.36053359255,23250.73266579557,2205893.97527187,17914.211201542323,3760.8060115977946,0.0,2227568.99248501,11362.530802735573,15460.567494622388,26823.09829735796,19141.50888767474,23596.851646836214,42738.36053451095,14303.033075684114,8947.699591014247,23250.732666698364,6583.619592960408,24249.67200406514,10473.94081985864,6583.619592,24249.672000000002,10473.940799999998,9.604082151781768e-07,4.065139364684001e-06,1.9858642190229148e-05,20748.3823042725,1331.6071233309033,7393.7329933537985,2664.0,2397.46,1159.37,0.0
M0__S1__D1__start001__ndays366__20260324T080704Z,M0,S1,D1,217,2024-08-04,True,True,False,0.008890203379452125,True,True,24949.805886637234,0.0,24949.805886637234,1165735.0687211654,1103759.973553977,61975.09516718844,1154960.1115026856,51.13338829117075,0.44003265867985425,7860.658308425353,23368.870064287916,9079.488018691567,0.40255999834132744,0.7008759319513166,0.856842653282064,105958.42605357425,65473.41933315584,81585.76240591222,230.3696809994243,1641.4935264195747,1871.863207418999,0.0,0.0,0.0,27419.343162749967,44387.22177549513,20518.66909942955,2218600.232858005,18605.3478781733,3318.8947237296775,0.0,2240524.475459908,6676.992922467014,20742.350239999807,27419.343162466823,30142.10058806897,14245.121187095945,44387.221775164915,17656.07412026339,2862.5949788003563,20518.669099063747,6583.619592279873,24249.67200145263,10473.94080102574,6583.619592,24249.672000000002,10473.940799999998,2.7987334760837257e-07,1.4526267477776855e-06,1.0257408575853333e-06,9530.621269762552,1341.4178493568722,6524.936767517811,3996.0,2397.46,1159.37,0.0
M0__S1__D1__start001__ndays366__20260324T080704Z,M0,S1,D1,218,2024-08-05,True,True,False,0.00894716362361291,True,True,113472.18593501559,0.0,113472.18593501559,1417492.809741878,1417492.809741878,0.0,1034781.8943646981,42.19681802498936,0.4264208286647438,4324.731307263858,22560.29266840727,8276.384604771121,0.543976763797694,0.1151015475646796,0.2931649139814644,134960.4432595856,106938.35685332968,91066.77777819081,251.0967357287964,2102.743639572004,2353.8403753008006,0.0,0.0,0.0,30260.398147239386,48380.87393788237,26284.295495731094,2423301.4813507944,20279.327119090773,4251.484796260263,0.0,2447832.2932661455,17753.10821492405,12507.289931975367,30260.398146899417,19534.95271642742,28845.921221128243,48380.87393755566,15039.395784978731,11244.899710479793,26284.295495458522,6583.619592172905,24249.672000095583,10473.940800226886,6583.619592,24249.672000000002,10473.940799999998,1.7290494724875316e-07,9.558061719872057e-08,2.2688800527248532e-07,94725.2995521223,1503.6504155946454,8358.405967298717,5328.0,2397.46,1159.37,0.0
M0__S1__D1__start001__ndays366__20260324T080704Z,M0,S1,D1,219,2024-08-06,True,True,False,0.005821089019196598,True,True,155432.70492311395,1.0058919988561385e-06,155432.70492311395,1043041.8467692877,1038011.3578750156,5030.488894272124,1495050.3800024274,59.02147419648728,0.36537427883107415,7332.384858665159,22514.82184204189,4562.027808771242,0.3705039815906854,3.6027510969557053e-06,0.37177211828748546,210963.27050034178,129375.9277053703,134305.17316077632,267.01345677785844,2003.3773736076323,2270.3908303854905,3.446617637018854e-07,3.2921809795976616e-07,3.3201213719448707e-07,31265.052658183486,51447.67953357,25042.21716827349,2500177.1137514645,21564.809353180983,4050.5786272635837,0.0,2525792.5017319093,18067.126156768252,13197.926501088721,31265.052657856973,2483.5359036622044,48964.14362959673,51447.67953325893,4216.178102883687,20826.039065075944,25042.21716795963,6583.619592030736,24249.67200015354,10473.940802370947,6583.619592,24249.672000000002,10473.940799999998,3.073637344641611e-08,1.5353725757449865e-07,2.370949005126022e-06,142365.6764585855,1546.7734044380682,7963.425060090339,0.0,2397.46,1159.37,0.0
M0__S1__D1__start001__ndays366__20260324T080704Z,M0,S1,D1,220,2024-08-07,True,True,False,0.0038454581991597373,True,True,146952.51142251384,0.0,146952.51142251384,972333.5964586884,971715.9113645894,617.68509409909,1561943.9079690864,61.64773566089311,0.4865270479880699,6861.307550122307,29899.239506736576,9900.00643189208,0.3381649040993967,0.36315957033577234,0.746140510384818,182680.27557613127,158333.11054854817,107116.48184245854,279.2321066492319,1729.6855395653683,2008.9176462146002,0.0,0.0,0.0,31421.712629741527,53801.94733024284,21621.069241329988,2500110.082461333,22551.624243386104,3497.207950333037,0.0,2526158.914655052,8000.798743000744,23420.91388678453,31421.712629785274,10815.516919041096,42986.43041115175,53801.94733019285,14640.614957149417,6980.454284275701,21621.069241425117,6583.619592312335,24249.672001556093,10473.940805690389,6583.619592,24249.672000000002,10473.940799999998,3.123350325040519e-07,1.5560908650513738e-06,5.6903900258475915e-06,136138.56473704716,1540.9866656943227,6875.500019772339,0.0,2397.46,0.0,0.0
M0__S1__D1__start001__ndays366__20260324T080704Z,M0,S1,D1,221,2024-08-08,True,True,False,0.005086166651579954,True,True,154324.30063180026,1.0392352713614e-06,154324.30063180026,1047568.2770688194,1045793.4497395569,1774.8273292624492,1499528.6484220985,58.91311946354941,0.5345234728582761,10248.31778300697,24584.830875728443,6183.11426315323,0.35281386568472156,3.445420494494809e-08,0.6541825249163491,183355.43226423685,180734.61461129828,127066.92821611765,276.71308640046834,1746.5370465859326,2023.2501329864008,3.315282124864111e-07,3.2539392688911146e-07,3.8231313198587744e-07,31943.733423077174,53316.586976701525,21831.71308634532,2508613.0063621737,22348.180596460887,3531.279591068189,0.0,2534492.466549703,13145.92623204163,18797.807190756186,31943.733422797814,8438.213234453087,44878.37374197529,53316.58697642838,15433.215434545236,6398.497651470341,21831.71308601558,6583.619592137209,24249.672000240913,10473.940802018898,6583.619592,24249.672000000002,10473.940799999998,1.3720909919356927e-07,2.409105945844203e-07,2.018899976974353e-06,138271.83768838912,1557.1481841303878,6942.4847601790825,3996.0,2397.459999101616,1159.37,0.0
M0__S1__D1__start001__ndays366__20260324T080704Z,M0,S1,D1,222,2024-08-09,True,True,False,0.0094937703192773,True,True,158996.93024179188,0.0,158996.93024179188,974025.6886964969,973781.807823056,243.88087344093816,1550465.0812568138,61.422877768584044,0.3929371614063813,5732.4723096171,25082.382471392164,8879.580107330308,0.32983008670865505,0.9381962172506162,0.9024044490335362,181172.75833505715,165653.64624057972,123690.83356688704,298.5579200605055,1908.3481946166264,2206.906114677132,0.0,0.0,0.0,30060.38077541138,57011.25419986436,23854.35242984001,2488264.2382749566,24112.435023621056,3858.4415059980324,0.0,2516235.1148045757,2062.5925359708676,27997.7882392024,30060.380775173267,31518.994393737543,25492.259805893926,57011.25419963147,21065.154414666278,2789.198015004319,23854.352429670595,6583.619592182222,24764.02860235627,10473.940805129016,6583.619592,24249.672000000002,10473.940799999998,1.8222181097371504e-07,514.3566023562671,5.129017154104076e-06,142151.51110683187,1534.2750613588796,7585.684073601092,5328.0,2397.46,0.0,0.0
M0__S1__D1__start001__ndays366__20260324T080704Z,M0,S1,D1,223,2024-08-10,True,True,False,0.007302744416213119,True,True,11642.084226024344,9.947167352150907e-07,11642.084226024344,1888084.638614115,1864347.575377887,23737.063236227994,317936.3594147507,14.568973099504637,0.3393376375865566,4150.736478865058,21636.844314100148,3864.2756574505584,0.8006919629601277,0.605981313008662,0.9276742347290676,24210.885797038893,11861.926804299997,24145.76026056252,264.9627080474328,1647.7449369120889,1912.7076449595215,3.314779014470334e-07,3.308301890419366e-07,3.324086447261209e-07,25665.39510773273,51566.901499491374,20596.811716610784,2147538.698182283,21399.1847216112,3331.53429431916,0.0,2172269.4171982133,16399.58330945966,9265.811797942559,25665.39510740222,40296.09698979819,11270.804509363355,51566.90149916155,16920.02284292409,3676.78887335532,20596.811716279408,6583.619592614194,24249.672006359637,10473.940800253278,6583.619592,24249.672000000002,10473.940799999998,6.141935955383815e-07,6.3596344261895865e-06,2.5327972252853215e-07,212.09340243899194,1323.3746993684886,6549.786124225553,0.0,2397.46,1159.36999999131,0.0
M0__S1__D1__start001__ndays366__20260324T080704Z,M0,S1,D1,224,2024-08-11,True,True,False,0.0023166263720213287,True,True,13849.890071270593,9.894470230970645e-07,13849.890071270593,1255086.6573042145,1044638.2962275594,210448.36107665504,1257724.4964167345,54.62755480739077,0.5108062728265438,6030.62852312881,22523.038724282913,13194.682733606607,0.4026399414064456,0.3475118872771023,0.4779528097814044,99974.67930514016,54285.32859060479,71276.30525882117,264.5588937011987,1715.2676391330788,1979.8265328342775,3.2553886685905156e-07,3.2984562550803635e-07,3.340625307299765e-07,26999.945130143202,50974.73867607907,21440.845485567494,2267089.8979950612,21366.57146123216,3468.0567578723094,0.0,2291924.526214166,14169.701433650527,12830.243696170925,26999.94512982145,23041.27714867655,27933.46152707663,50974.73867575318,15044.646896168642,6396.198589068578,21440.845485237223,6583.619593217205,24249.672001360366,10473.940804181337,6583.619592,24249.672000000002,10473.940799999998,1.2172049537184648e-06,1.3603639672510326e-06,4.1813382267719135e-06,596.257099997736,1373.9841057188664,6818.188865553988,2664.0,2397.46,0.0,0.0
M0__S1__D1__start001__ndays366__20260324T080704Z,M0,S1,D1,225,2024-08-12,True,True,False,0.003093431507649613,True,True,137587.4092968087,0.0,137587.4092968087,1274518.5088099297,1274518.5088099297,0.0,1330478.6677115909,51.07409250585801,0.5050298007674661,6015.019854537266,27024.086432931665,8469.064125930034,0.4307329939132212,0.7544218413939279,0.4761268254617905,157491.77141652553,155256.7084645084,100525.63357438156,308.93826028419664,2074.705326606881,2383.6435868910776,0.0,0.0,0.0,30703.3321735438,59525.67635571749,25933.816584797274,2565359.407477757,24950.782501112124,4194.794832238078,0.0,2594504.984811107,8460.204181549427,22243.12799182591,30703.332173375336,36037.550231817935,23488.12612374414,59525.67635556208,12096.064533957768,13837.752050711977,25933.816584669745,6583.619592065143,24249.67200130145,10473.94080225266,6583.619592,24249.672000000002,10473.940799999998,6.514255801448599e-08,1.3014469004701823e-06,2.2526619432028383e-06,121536.27959978429,1583.346023762031,8246.953673262351,2664.0,2397.46,1159.37,0.0
M0__S1__D1__start001__ndays366__20260324T080704Z,M0,S1,D1,226,2024-08-13,True,True,False,0.006390197960680707,True,True,167704.42553135304,0.0,167704.42553135304,1054975.9356132727,1049157.564825376,5818.370787896677,1537207.5015081058,59.43505507083355,0.39827719119376664,6205.576082995881,24738.274709044694,4579.563225449169,0.36965138625098104,1.153401362489062e-07,0.3551320180408789,203222.06896275305,197832.84561395014,77909.25773345558,301.74197361815936,2243.067075191855,2544.8090488100142,0.0,0.0,0.0,30775.134055873383,58139.108597737366,28038.33844179044,2549727.1925447984,24369.58875949709,4535.201242653952,0.0,2578631.9825469498,17705.127859864457,13070.006195692065,30775.134055556526,16661.014353543156,41478.09424394593,58139.108597489096,8652.695130488333,19385.64331105178,28038.338441540112,6583.619592137552,24249.672000775645,10473.940800641481,6583.619592,24249.672000000002,10473.940799999998,1.3755197869613767e-07,7.756425475236028e-07,6.414829840650782e-07,149642.4746766541,1592.9292308113756,8916.191623887624,3996.0,2397.46,1159.37,0.0
M0__S1__D1__start001__ndays366__20260324T080704Z,M0,S1,D1,227,2024-08-14,True,True,False,0.00675981799291132,True,True,111077.58485415473,1.005221374379494e-06,111077.58485415473,1162138.7082307795,1162138.7082307795,0.0,1311717.8471524266,53.02319749696394,0.37623750827086155,4284.885659161934,25196.950848197575,8513.506593742019,0.4231583003540262,0.8189265462161878,0.48448387050508795,132989.8994371365,102033.50734893252,66988.75001863216,294.9570331897485,2278.28276435761,2573.2397975473586,3.9159350790721e-07,3.0485305862597763e-07,3.087748078463063e-07,28828.447206695302,56831.798303414864,28478.534554861515,2438086.5811059703,23821.616576457956,4606.4029641861525,0.0,2466514.600646614,6899.01834223162,21929.428864084428,28828.44720631605,27395.893811374153,29435.904491748224,56831.79830312238,13298.248492601484,15180.286061963636,28478.53455456512,6583.619592028215,24249.672000114784,10473.940800551143,6583.619592,24249.672000000002,10473.940799999998,2.8215254133101553e-08,1.1478186934255064e-07,5.511446943273768e-07,98101.08299614472,1522.86786968846,9056.1739883215,0.0,2397.46,0.0,0.0
M0__S1__D1__start001__ndays366__20260324T080704Z,M0,S1,D1,228,2024-08-15,True,True,False,0.0017439258215410673,True,True,26482.684071183947,0.0,26482.684071183947,1190955.597145869,930747.7457630034,260207.85138286566,1751520.3530332055,65.299973325533,0.39578628926250375,6647.841921875166,25743.72370217934,11920.933355523957,0.31941882015019846,0.34170062227062076,0.4882461417844914,146576.26512097535,122773.70977655015,24839.705436563243,288.40600727820174,2479.604606055003,2768.0106133332047,0.0,0.0,0.0,30466.788776798254,55569.55824092745,30995.057574464412,2647646.357976404,23292.536032305325,5013.450562872493,0.0,2675952.3445715816,8494.75275321729,21972.03602332798,30466.788776545265,29300.909880633917,26268.648360066065,55569.558240699975,17241.23490571353,13753.822669492576,30995.057575206105,6583.619592211706,24249.672001938765,10473.94080206223,6583.619592,24249.672000000002,10473.940799999998,2.1170581021578982e-07,1.938762579811737e-06,2.0622319425456226e-06,12639.91150536832,1588.8842567469942,9856.428309068637,0.0,2397.46,0.0,0.0
M0__S1__D1__start001__ndays366__20260324T080704Z,M0,S1,D1,229,2024-08-16,True,True,False,0.00936551821166205,True,True,136923.29783032133,0.0,136923.29783032133,927431.0677597257,922205.5921119743,5225.475647751593,1737575.3377047693,65.32776132899362,0.5562096140178814,8493.698269274926,26470.289974186773,6041.113437945729,0.2908279676534689,0.1470374877074719,0.4658581580978939,166892.94562355423,160103.27908915185,30427.525441243735,290.0697890103609,2562.4891604047875,2852.5589494151486,0.0,0.0,0.0,29801.84413118552,55890.132759149536,32031.114497655835,2620687.1110589756,23426.908046552366,5181.0327712004955,0.0,2649295.0518767284,9680.255361961594,20121.588769014474,29801.844130976067,15126.623187038833,40763.50957193061,55890.132758969456,13429.049086495657,18602.065410963132,32031.114497458788,6583.619592038633,24249.672000337483,10473.940809748816,6583.619592,24249.672000000002,10473.940799999998,3.863260644720867e-08,3.3748074201866984e-07,9.748817319632508e-06,118940.43393358146,1576.13948413089,10185.894412609032,2664.0,2397.46,1159.37,0.0
M0__S1__D1__start001__ndays366__20260324T080704Z,M0,S1,D1,230,2024-08-17,True,True,False,0.00924049548568667,True,True,88547.4837707096,2.308904827105814e-06,88547.4837707096,1041732.8910979973,1035295.7070377282,6437.184060269243,1298728.2758656277,55.643313238371455,0.4065311471654156,5819.008943834269,22360.228008473747,7618.65617563694,0.4025497440491788,0.5284011198166012,0.5364944669603001,115746.96594566264,81378.52706188863,9509.644517411703,236.3085038700525,2295.3460119464876,2531.65451581654,8.74693723311958e-07,7.299730970305086e-07,7.042380067633476e-07,27189.046689204668,45531.50362729418,28691.825039981773,2303045.1511908537,19084.985064033113,4640.902717940094,0.0,2326771.0389728267,6980.939677772194,20208.107011885702,27189.0466896579,12977.142584827028,32554.361043065117,45531.50362789215,15937.85839780761,12753.966642797819,28691.82504060543,6583.619592640954,24249.672009145062,10473.940919156608,6583.619592,24249.672000000002,10473.940799999998,6.409536581486464e-07,9.14506017579697e-06,0.00011915660979866516,70469.6368989421,1401.0164742802476,9124.000397487287,3996.0,2397.46,1159.37,0.0
M0__S1__D1__start001__ndays366__20260324T080704Z,M0,S1,D1,231,2024-08-18,True,True,False,0.006183828984953327,True,True,16579.37496588001,8.998985034829126e-07,16579.37496588001,1282594.132299205,918537.7152772092,364056.417021996,1290118.824971656,58.41192604923032,0.46764664990980037,4791.937943738026,20789.39817634334,10133.57544226277,0.3545312119368894,0.14558825914332146,0.31169860804309757,95868.95172422919,48215.425353380866,9235.06179220001,226.70862865735495,2268.9454919559225,2495.6541206132774,3.255762752726713e-07,3.1391152565360446e-07,2.6041070255663685e-07,25266.26759167288,43681.81667035933,28361.81876785292,2173432.829180592,18309.670286708682,4587.524166548591,0.0,2196330.0236338493,10507.730112525282,14758.537478822022,25266.267591347303,16684.07437697577,26997.74229306965,43681.81667004542,12628.379884829053,15733.438882763458,28361.818767592507,6583.619599448166,24249.672036104414,10473.9408010793,6583.619592,24249.672000000002,10473.940799999998,7.448165888490621e-06,3.610441126511432e-05,1.079301000572741e-06,16.701853216237822,1322.7847821389812,9019.058330524793,2664.0,2397.46,1159.37,0.0
M0__S1__D1__start001__ndays366__20260324T080704Z,M0,S1,D1,232,2024-08-19,True,True,False,0.0064813738524504535,True,True,101424.28813553441,0.0,101424.28813553441,1273252.2929190986,1265670.7364914543,7581.556427644458,1149740.0716906697,47.60018742136797,0.5023012350517205,10652.21260558913,26002.538604358706,5581.367244552211,0.46058470253201717,0.4101033350560534,0.6591095067867273,117423.16710713855,177776.22376978892,25455.65573444926,263.3988494911305,2583.4591456537446,2846.857995144875,0.0,0.0,0.0,27928.426836506893,50751.22344481951,32293.23931989687,2377216.4772594655,21272.882803989538,5223.431460119458,0.0,2403712.7915235744,13085.897704018462,14842.52913214303,27928.426836161492,13619.445706178,37131.77773832783,50751.22344450583,14776.711684139045,17516.527635485727,32293.239319624772,6583.61959202707,24249.67200031653,10473.940802156083,6583.619592,24249.672000000002,10473.940799999998,2.7070200303569436e-08,3.165259840898216e-07,2.1560845198109746e-06,84782.15786587857,1484.0501656822191,10269.250103973636,1332.0,2397.46,1159.37,0.0
M0__S1__D1__start001__ndays366__20260324T080704Z,M0,S1,D1,233,2024-08-20,True,True,False,0.00089941655466611,True,True,110775.28867850633,1.155119032879777e-06,110775.28867850633,1103297.8804327487,1102797.3717027116,500.5087300372486,1375621.912412892,55.5040029437056,0.3966815692217027,5496.746272254101,23424.266870224343,6904.791418880209,0.4145890915053175,0.08973835978539352,0.38549911801218667,118421.47415016814,99157.48821124737,25568.003965035892,272.43348728889737,2244.8709791558585,2517.304466444756,4.1399766235668787e-07,3.69617701217295e-07,3.715036693057942e-07,28265.211758764817,52492.00140461796,28060.887237266623,2444902.3062880114,22002.547308678542,4538.848510985387,0.0,2471443.7021076754,15522.4422903445,12742.769468173376,28265.211758517875,12689.819086580075,39802.18231783557,52492.00140441564,13663.011089864043,14397.876147199055,28060.887237063096,6583.619592114765,24249.6720002978,10473.940804629052,6583.619592,24249.672000000002,10473.940799999998,1.1476458894321695e-07,2.9779766919091344e-07,4.629053364624269e-06,94156.48771922066,1474.6088180564739,8923.362142144537,2664.0,2397.4599990846523,1159.37,0.0
M0__S1__D1__start001__ndays366__20260324T080704Z,M0,S1,D1,234,2024-08-21,True,True,False,0.007530912253652914,True,True,39552.50134457649,0.0,39552.50134457649,1611533.1297361888,1589406.3015861358,22126.828150053072,867025.6742194882,35.296140204946404,0.5570516384475859,8715.826978177465,29335.381767300958,8806.434604453714,0.5954391803470579,0.7354987645388048,0.8639867172375945,81671.88336237305,58953.26923022064,19372.759117337664,280.6224354598666,2301.6395044855394,2582.261939945406,0.0,0.0,0.0,28738.392652812665,54069.83342142787,28770.493805034912,2418501.007505889,22663.911377173095,4653.6273731633755,0.0,2445818.5462562256,12051.543343292693,16686.84931013796,28738.392653430652,25461.343315662045,28608.490106376626,54069.833422038675,22230.648431783804,6539.845373860728,28770.493805644535,6583.619596029537,24249.672001096755,10473.940805798893,6583.619592,24249.672000000002,10473.940799999998,4.029537194583099e-06,1.09675238491036e-06,5.798894562758505e-06,24009.358478214876,1505.2958360316054,9149.01703033002,1332.0,2397.46,1159.37,0.0
M0__S1__D1__start001__ndays366__20260324T080704Z,M0,S1,D1,235,2024-08-22,True,True,False,0.009527630971588437,True,True,142784.32561440844,1.0518319610038875e-06,142784.32561440844,1294786.124585139,1294786.124585139,0.0,1355476.8184127482,51.14499382010296,0.33744171876511103,4519.333121246841,22903.320737044138,8613.076194252535,0.4586238184290851,1.2442444623303722e-07,0.4460822915262882,188005.9536985621,163196.47844574475,47539.47804182306,285.247239244076,2402.0328142373064,2687.2800534813823,3.705268852754894e-07,3.5232105009523786e-07,3.289840256331601e-07,31369.861930638814,54960.932417597665,30025.410183366883,2615183.2465998614,23037.424431897278,4856.610096286054,0.0,2643077.2811280447,19190.418850665752,12179.443079654418,31369.861930320174,16563.299054168525,38397.633363131405,54960.932417299926,19401.76457417457,10623.645608918117,30025.41018309269,6583.619592359418,24249.67200088936,10473.940800166813,6583.619592,24249.672000000002,10473.940799999998,3.5941775422543287e-07,8.893584890756756e-07,1.6681406123097986e-07,125407.0362657868,1608.3789120283473,9548.080436593295,2664.0,2397.46,1159.37,0.0
M0__S1__D1__start001__ndays366__20260324T080704Z,M0,S1,D1,236,2024-08-23,True,True,False,0.005630577356760286,True,True,152188.0884871024,0.0,152188.0884871024,1193063.6905766148,1190938.4125709166,2125.2780056981373,1466106.1279014,55.17807870999351,0.40002711159539855,6266.777175585082,23966.329784235702,6615.990961388554,0.40866241801045516,2.6736896783571505e-08,0.4504703471973299,192547.82087376592,167112.58860757056,44033.828407129404,268.838809138259,2331.479091239181,2600.31790037744,0.0,0.0,0.0,32484.05904473145,51799.38519101306,29143.48864057921,2622022.3465300654,21712.230296414764,4713.959287599218,0.0,2648448.5361140794,15565.268314484158,16918.79073008612,32484.059044570276,3.8829381221209194,51795.50225275586,51799.385190877976,8081.073605705875,21062.415034797796,29143.48864050367,6583.619592326427,24249.672000622213,10473.94080029909,6583.619592,24249.672000000002,10473.940799999998,3.264267434133217e-07,6.222107913345098e-07,2.9909097065683454e-07,137743.45336586548,1620.1757335612053,9267.629387675745,0.0,2397.46,1159.37,0.0
M0__S1__D1__start001__ndays366__20260324T080704Z,M0,S1,D1,237,2024-08-24,True,True,False,0.0009613833379288509,True,True,15730.685910670289,0.0,15730.685910670289,1292099.9955806104,1060535.2956583523,231564.699922258,1344368.6828199103,55.90113762756461,0.5210272586074889,5695.527755755342,25062.05443567767,8826.573313596258,0.40138915760695515,0.26425635059116515,0.47581619429529154,97282.53085930506,79449.58945818173,16626.000595853784,229.38866006199373,1952.0389078229034,2181.427567884897,0.0,0.0,0.0,29532.18734113541,44198.20039285769,24400.486347377882,2373501.4131695735,18526.11767853319,3946.7786667547475,0.0,2395974.3095148616,14581.364590321245,14950.82275046912,29532.187340790366,6783.670355010321,37414.53003756237,44198.20039257269,14159.676701969067,10240.809645091595,24400.486347060658,6583.619592757945,24249.672005414817,10473.940801038065,6583.619592,24249.672000000002,10473.940799999998,7.579446901218034e-07,5.414814950199798e-06,1.03806632978376e-06,1642.5406463238357,1439.960605750411,7759.35465859604,1332.0,2397.46,1159.37,0.0
M0__S1__D1__start001__ndays366__20260324T080704Z,M0,S1,D1,238,2024-08-25,True,True,False,0.0071461166848336855,True,True,17352.253372264408,9.99926256656759e-07,17352.253372264408,1304390.973371041,754297.7968498019,550093.1765212392,1607782.4772588224,68.06637754364846,0.43247471663088116,7046.357385908245,27342.963617340323,11850.359435960554,0.2962264023684774,3.667697477092881e-06,0.0600925703467026,121524.36396244372,75632.45642967938,22857.837772498613,235.96203528103342,1893.8803141862095,2129.842349467243,3.3279087042661305e-07,3.324409379338955e-07,3.346944482962505e-07,28575.425140235995,45464.746649815774,23673.50392805828,2332650.8391432017,19057.00321934459,3829.1892602453117,0.0,2355537.0316227917,13621.504614944244,14953.920524962477,28575.42513990672,3605.8696582702696,41858.876991217345,45464.74664948761,5611.357895992703,18062.146031735367,23673.50392772807,6583.619600833917,24249.672038206216,10473.940800650545,6583.619592,24249.672000000002,10473.940799999998,8.833916581352241e-06,3.820621350314468e-05,6.505470082629472e-07,-470.85048947702234,1410.0996139377876,7528.174248890184,5328.0,2397.459998913448,1159.37,0.0
M0__S1__D1__start001__ndays366__20260324T080704Z,M0,S1,D1,239,2024-08-26,True,True,False,0.008808306693149925,True,True,157754.50739442804,0.0,157754.50739442804,923644.6315251897,923553.16551752,91.46600766966631,1864332.530852777,66.87263158887951,0.5210101189396799,12103.92058483303,26293.180201026164,10070.627140688992,0.28617088288990555,0.3305464796994399,0.5332294557211349,224744.0102429442,335536.2664741084,62957.33239292655,274.6356641087005,2314.1507784583437,2588.786442567044,0.0,0.0,0.0,33532.7560923816,52916.312967800506,28926.884728579713,2751592.3735514353,22180.40172790133,4678.92360519686,0.0,2778451.6988845333,6488.779689717829,27043.976402375432,33532.75609209326,10977.402205736724,41938.91076178306,52916.312967519785,9730.378088900468,19196.506639392468,28926.884728292935,6583.619592022867,24249.67200110805,10473.940803111584,6583.619592,24249.672000000002,10473.940799999998,2.2867425286676735e-08,1.1080483091063797e-06,3.1115851015783846e-06,138010.36205312624,1660.5659969298679,9198.749344371916,5328.0,2397.46,1159.37,0.0
M0__S1__D1__start001__ndays366__20260324T080704Z,M0,S1,D1,240,2024-08-27,True,True,False,0.008483229944123486,True,True,180665.1473363212,1.164687063598336e-06,180665.1473363212,1102665.3589164314,1102665.3588149534,0.0001014780028813783,1689542.9738067477,60.50920176935284,0.405776630883909,6784.298538714669,23416.087409584983,10038.991583236553,0.355969092008595,2.1516119463243835e-08,0.021003424888968197,280249.0531515064,255936.13776746282,68208.4362673339,275.40389620135466,2216.223672068003,2491.6275682693577,3.733017107078924e-07,3.9364428328191813e-07,3.9774106960852554e-07,34949.19291911686,53064.33452916866,27702.795902297603,2757286.46046454,22242.4464608447,4480.927236965742,0.0,2784009.8341623503,17199.11792404523,17750.074994854614,34949.19291889985,7329.890114834442,45734.444414096884,53064.33452893133,7143.4293597609285,20559.366542295273,27702.7959020562,6583.619592754001,24249.672000475643,10473.940801989755,6583.619592,24249.672000000002,10473.940799999998,7.54001121094916e-07,4.756402631755918e-07,1.9897561287507415e-06,161270.82319522533,1700.005044625567,8809.489096470314,5328.0,2397.46,1159.37,0.0
M0__S1__D1__start001__ndays366__20260324T080704Z,M0,S1,D1,241,2024-08-28,True,True,False,0.002645978785279461,True,True,187246.63981164928,1.4587914857142381e-06,187246.63981164928,1024259.0795153789,1024259.0723224662,0.007192912875802049,1748232.4468962653,63.05636770311581,0.3854305329814049,6179.177395649106,23962.034056437125,9748.35484782628,0.3222363458402793,0.46950995315447563,0.597987455379295,262555.7852280459,202114.14008134726,52296.85153960859,284.7523748798112,2246.201567655331,2530.9539425351422,5.862325237362102e-07,4.5038834492209036e-07,4.221706170559375e-07,34302.28286727129,54865.58282433603,28077.51958427566,2736520.0599919986,22997.457698396727,4541.538794615026,0.0,2764059.0564850103,9638.588697925934,24663.694169242328,34302.282867168266,14334.017578230149,40531.56524613839,54865.582824368525,10823.28360719289,17254.235977143137,28077.519584336027,6583.619592675892,24249.672004914722,10473.940813602407,6583.619592,24249.672000000002,10473.940799999998,6.758918971172534e-07,4.9147201934829354e-06,1.3602408216684125e-05,173069.22580608737,1691.9327741319298,8928.65123142994,0.0,2397.46,1159.37,0.0
M0__S1__D1__start001__ndays366__20260324T080704Z,M0,S1,D1,242,2024-08-29,True,True,False,0.0012699968319937916,True,True,247420.00010626123,0.0,247420.00010626123,743802.9735950081,742502.7593795843,1300.214215423767,1968907.1277281456,72.61562101288882,0.5625769012154819,7352.409203983213,26964.32330201121,4404.19698318917,0.21740986400107892,0.5888670683917847,0.5611150131176209,349935.4305306573,362517.73019079247,75420.16776958347,293.62102083193986,2280.8828744161865,2574.5038952481264,0.0,0.0,0.0,34031.63851141641,56574.37781214446,28511.03594348966,2670655.582571991,23713.716202302887,4611.6600617168415,0.0,2698980.9588360107,2943.2360786500667,31088.402432559687,34031.638511209756,31980.82418022905,24593.55363168822,56574.37781191727,14703.054968643955,13807.980974639588,28511.035943283547,6583.619592184968,24249.672000594044,10473.940800569635,6583.619592,24249.672000000002,10473.940799999998,1.849675754783675e-07,5.940419214311987e-07,5.69636540603824e-07,233100.28221191265,1696.3784685442602,9066.509425804343,0.0,2397.46,1159.37,0.0
M0__S1__D1__start001__ndays366__20260324T080704Z,M0,S1,D1,243,2024-08-30,True,True,False,0.002681936751030791,True,True,179189.21486396893,9.942411574490753e-07,179189.21486396893,1144518.0146036088,1144518.0145886277,1.4981046768049493e-05,1560695.4568231064,57.6921368060705,0.48293757753668193,6592.475666974141,25324.5235545616,11865.49940342074,0.3781071216940393,0.14539855886372208,0.10560366126580828,238471.93346889043,216353.87872968212,69946.38700994856,293.33944602446763,2204.0361936930512,2497.375639717519,3.833184404824915e-07,3.0297004458993724e-07,3.0795267237664665e-07,33314.00758573277,56520.1244756961,27550.45242184958,2670145.540004802,23690.975374878028,4456.285679123329,0.0,2698292.801058803,13698.645925597855,19615.361659757626,33314.00758535549,17625.683550876565,38894.4409245226,56520.12447539916,8559.416961133904,18991.035460413746,27550.45242154765,6583.619592016845,24249.672000046037,10473.940800188037,6583.619592,24249.672000000002,10473.940799999998,1.6844751371536404e-08,4.6034983824938536e-08,1.880380295915529e-07,166365.87368287606,1664.837311983403,8761.043869929881,0.0,2397.4599991795344,0.0,0.0
M0__S1__D1__start001__ndays366__20260324T080704Z,M0,S1,D1,244,2024-08-31,True,True,False,0.003444880309678247,True,True,178368.1590351294,0.0,178368.1590351294,683869.6023964519,683818.2112837755,51.3911126763426,1662688.6161416573,70.85803444969922,0.44966841778307876,8574.650262646048,24596.325340379175,10656.926108607846,0.2471382461384274,0.829096001543815,0.840041582417846,215306.27267974702,186772.91848107328,124751.72702654992,249.56203472135152,1942.8766928157854,2192.438727537137,0.0,0.0,0.0,28391.837366295033,48085.17046628387,24285.958659155483,2315457.52848706,20155.380052755827,3928.2538132872423,0.0,2339541.1623531035,1915.8130942173639,26476.024271650018,28391.837365867385,23667.551239936834,24417.619226119292,48085.17046605612,15299.345733718972,8986.612925124402,24285.958658843374,6583.619592106693,24249.672000539053,10473.940801545941,6583.619592,24249.672000000002,10473.940799999998,1.0669282346498221e-07,5.390502337832004e-07,1.5459427231689915e-06,165664.08752829276,1424.306652893881,7722.934853942748,0.0,2397.46,1159.37,0.0
M0__S1__D1__start001__ndays366__20260324T080704Z,M0,S1,D1,245,2024-09-01,True,True,False,0.0019418781489831207,True,True,140181.25785933106,0.0,140181.25785933106,700845.43249465,695838.2457916257,5007.186703024372,1760885.2031562352,71.67616704722577,0.431584545977165,8054.486662294278,22313.11075175475,8496.19523818797,0.2124014573723562,0.3120242971891455,0.468178013147392,243441.6429777776,222554.71274947078,191245.37349274367,262.0170882039929,1933.8249291633379,2195.8420173673308,0.0,0.0,0.0,29147.72538802934,50484.988089825085,24172.81161390955,2419668.220666633,21161.287609195104,3909.952278657558,0.0,2444739.4605544857,3357.061115743066,25790.66427211617,29147.72538785924,30363.774531614243,20121.213558071806,50484.98808968605,13221.112185881379,10951.69942781,24172.81161369138,6583.619592276416,24249.672004275693,10473.940802535943,6583.619592,24249.672000000002,10473.940799999998,2.7641635824693367e-07,4.275691026123241e-06,2.535944076953456e-06,123478.09156142511,1463.3822044815986,7686.954093424269,3996.0,2397.46,1159.37,0.0
M0__S1__D1__start001__ndays366__20260324T080704Z,M0,S1,D1,246,2024-09-02,True,True,False,0.004075204685884556,True,True,228798.4533196895,0.0,228798.4533196895,918012.708943085,918012.708943085,0.0,1915983.9832863505,67.6071354825433,0.4626040337802233,6119.191771179571,28147.616594693816,10771.443901004253,0.27714586041379796,0.24585959244635028,0.39695823766322746,318349.99990707537,267948.13301700586,216122.58216000907,326.3774186217932,2123.908419678827,2450.2858383006205,0.0,0.0,0.0,34354.41888451564,62885.822474633605,26548.85524838672,2794841.99327864,26359.22134672673,4294.277336038525,0.0,2825495.491961405,7917.5610274461615,26436.857857069477,34354.41888451564,14246.123058803481,48639.699415830124,62885.822474633605,10990.480682248133,15558.374566138613,26548.855248386746,6583.619592044504,24249.67200013408,10473.940800133929,6583.619592,24249.672000000002,10473.940799999998,4.45043042418547e-08,1.3407770893536508e-07,1.3393037079367787e-07,209740.1962846748,1730.891066791347,8442.53596822334,5328.0,2397.46,1159.37,0.0
M0__S1__D1__start001__ndays366__20260324T080704Z,M0,S1,D1,247,2024-09-03,True,True,False,0.008912662242672668,True,True,215286.9106410386,0.0,215286.9106410386,919477.7902749886,919476.9987822899,0.7914926986566,2016004.8459007211,68.6771355630176,0.4099975891914509,6120.628306153114,26395.66600712539,9221.571339509044,0.27743242145114855,0.12333256351833118,0.24819043809728644,285518.9876548442,330387.89103773027,244875.33572689974,345.82191303861464,2374.2511962205335,2720.073109259148,0.0,0.0,0.0,34567.23938969523,66632.35318694312,29678.139953132693,2895683.9945550114,27929.61716170844,4800.439137358593,0.0,2928414.0508540785,12085.70976722354,22481.529622127426,34567.23938935097,11144.207750753816,55488.145435873164,66632.35318662698,8856.71069293067,20821.429259894332,29678.139952825004,6583.619592099891,24249.67200014183,10473.940800068083,6583.619592,24249.672000000002,10473.940799999998,9.989071259042248e-08,1.4182660379447043e-07,6.808477337472141e-08,200508.5996099744,1783.8325260875731,9437.648504976622,0.0,2397.46,1159.37,0.0
M0__S1__D1__start001__ndays366__20260324T080704Z,M0,S1,D1,248,2024-09-04,True,True,False,0.008998574853972773,True,True,97522.34233088582,1.0731053081757425e-06,97522.34233088582,1782555.4965298525,1782555.4945078436,0.0020220088730813963,1140674.9111678293,39.02104018051819,0.4668901384915419,7394.483811592051,26454.500691245223,8657.283411956196,0.5664871339439258,0.5665612356828719,0.42920355775236063,119965.93116627209,133430.7013302559,82954.37864207903,327.46817838635826,2479.9462108690577,2807.414389255416,3.9868489476579035e-07,3.4769827777382587e-07,3.267221356361263e-07,34489.0528003237,63095.98812823072,30999.32763303638,2880849.5400543,26447.314383908328,5014.141245107171,0.0,2912310.995683315,18486.233920320148,16002.818879604865,34489.05279992502,26651.186856893077,36444.801270989934,63095.988127883014,13273.421113213784,17725.906519495868,30999.327632709654,6583.619592134541,24249.672000579703,10473.940803156187,6583.619592,24249.672000000002,10473.940799999998,1.345406417385675e-07,5.797010089736432e-07,3.1561885407427326e-06,82338.14240357332,1769.583740171873,9857.786188204505,0.0,2397.4599994726404,1159.36999946347,0.0
M0__S1__D1__start001__ndays366__20260324T080704Z,M0,S1,D1,249,2024-09-05,True,True,False,0.0022251063609035554,True,True,194021.82526109525,1.0638192346965143e-06,194021.82526109525,963410.709688755,958331.3001287109,5079.409560044075,1882673.114161963,66.26787007763303,0.4888875126993453,8763.322173218694,27165.632664319575,5810.943098814904,0.278000275593664,4.921005305172748e-07,0.3944313311213148,258265.5227030502,264897.77648826875,153529.3230875436,308.766148638289,2478.5441056898853,2787.3102543281743,4.1553037763684623e-07,3.4002602124384e-07,3.082628358158281e-07,33750.49670512827,59492.514189163194,30981.801321253308,2798891.8702854714,24936.882247252106,5011.306363695056,0.0,2828840.058896418,14140.732900307306,19609.763804479357,33750.49670478666,11871.43971070565,47621.074478191425,59492.51418889707,6810.23303674795,24171.568284270987,30981.80132101894,6583.61959211082,24249.67200021808,10473.940803289757,6583.619592,24249.672000000002,10473.940799999998,1.1082011042162776e-07,2.1807863959111273e-07,3.2897587516345084e-06,177557.9375505204,1722.8448904576073,9852.212820117295,1332.0,2397.46,1159.37,0.0
M0__S1__D1__start001__ndays366__20260324T080704Z,M0,S1,D1,250,2024-09-06,True,True,False,0.009695596261882329,True,True,97696.00991807463,1.4183435961968513e-06,97696.00991807463,1550322.834691358,1513868.584328109,36454.250363249186,1267717.0742561268,45.575338309062396,0.4876174218921681,5153.186892364087,24367.13080447464,10462.06896576285,0.488675358336668,0.47468133163234355,0.4092036784964497,136446.77549482265,144942.27629381747,109325.40766392517,299.2169967678774,2304.782370085886,2603.9993668537636,4.860514674504433e-07,4.890859049917864e-07,4.432062237546215e-07,33721.839223616786,57652.60052972323,28809.779625408875,2740865.866421109,24165.66403955985,4659.981854535598,0.0,2769691.5123152044,13519.570772068626,20202.268451568714,33721.83922363734,15093.600501524177,42559.000028216666,57652.60052974084,16621.18794600402,12188.591679468344,28809.779625472365,6583.619592265672,24249.672004096887,10473.940804123133,6583.619592,24249.672000000002,10473.940799999998,2.656715878401883e-07,4.096884367754683e-06,4.123134203837253e-06,84442.34138004459,1694.6986169386353,9161.509921091396,0.0,2397.46,0.0,0.0
M0__S1__D1__start001__ndays366__20260324T080704Z,M0,S1,D1,251,2024-09-07,True,True,False,0.009345669897828566,True,True,53407.40933733329,3.0841672475672786e-06,53407.40933733329,1326767.4159823568,1282375.3796005955,44392.036381761354,1162708.4189170338,47.552906760166834,0.44730840468832533,5627.285002143887,25977.427309225954,9181.642810554667,0.4730378160307484,0.5161582749189153,0.7478191103373572,113468.29533030701,137623.0399859691,90155.60578852292,242.2932655376258,1937.9187259049204,2180.211991442546,1.0024569194657373e-06,1.1392930049489372e-06,9.424173231526042e-07,29719.816251613403,46684.63690603523,24223.984016259124,2412014.7916665096,19568.332405204685,3918.2294239722096,0.0,2435501.353495687,13582.79637512852,16137.01987761983,29719.81625274835,25561.103597499234,21123.53330951083,46684.63690701006,14266.923461687073,9957.06055574364,24223.98401743071,6583.619596506604,24249.6720035975,10473.940861750649,6583.619592,24249.672000000002,10473.940799999998,4.506603545451071e-06,3.5974990169052035e-06,6.175065027491655e-05,40687.35420134789,1459.9982005133654,7703.226935472059,0.0,2397.46,1159.37,0.0
M0__S1__D1__start001__ndays366__20260324T080704Z,M0,S1,D1,252,2024-09-08,True,True,False,0.0010640893602874351,True,True,24336.493582800857,0.0,24336.493582800857,1347291.5474640066,1068952.571798461,278338.97566554544,1392719.506760869,56.57615889992728,0.4326761956278629,6024.524995171417,21641.427222688824,9516.096790777083,0.394486212367093,0.384734181391424,0.5691435478344228,117917.29528388963,103372.00602826162,102766.23229940207,232.476156255589,2070.4930379242955,2302.9691941798847,0.0,0.0,0.0,29792.26824170376,44793.09369327641,25881.163030252024,2430453.187480292,18775.473151468737,4186.2781110580145,0.0,2453414.9387428183,11940.093203694669,17852.17503783808,29792.268241532744,20142.16717571722,24650.926517428925,44793.09369314615,16603.180827831602,9277.982202273724,25881.163030105326,6583.619592253295,24249.67200148866,10473.940805854692,6583.619592,24249.672000000002,10473.940799999998,2.532951839384623e-07,1.4886572898831218e-06,5.854693881701678e-06,9754.21135693018,1463.242400121604,8230.209825749076,1332.0,2397.46,1159.37,0.0
M0__S1__D1__start001__ndays366__20260324T080704Z,M0,S1,D1,253,2024-09-09,True,True,False,0.007793465784872445,True,True,141964.80836367924,0.0,141964.80836367924,846746.4384664495,829754.4646102525,16991.973856196953,1904876.196660229,69.65753085556507,0.34708506546131,6059.014359014301,23633.333871387324,9176.033080993366,0.24821962433264155,0.6085569132788002,0.37795580223992115,216835.06440251312,262791.25017699145,136697.2276921896,268.8339374078929,2444.576673941471,2713.410611349364,0.0,0.0,0.0,32784.060405990895,51798.44650796268,30557.20841788305,2698421.939204575,21711.83684085243,4942.62846264295,0.0,2725076.4045080706,5351.523862471708,27432.536543751005,32784.060406222714,25936.36082432815,25862.08568381051,51798.44650813866,13698.554780620634,16858.653637518357,30557.208418138995,6583.619594228495,24249.67200799456,10473.940812443772,6583.619592,24249.672000000002,10473.940799999998,2.228494849987328e-06,7.99455665401183e-06,1.2443773812265135e-05,123054.08576584495,1640.7003189169668,9717.19227891735,3996.0,2397.46,1159.37,0.0
M0__S1__D1__start001__ndays366__20260324T080704Z,M0,S1,D1,254,2024-09-10,True,True,False,0.0018773539817027625,True,True,98117.32988411478,0.0,98117.32988411478,932048.1536433779,913297.5650191568,18750.58862422111,1796243.0723502638,66.29326933048551,0.37138578817360574,4604.002931601999,23361.78887094016,8503.096405629309,0.2769634828718171,0.4501019855735077,0.29611984808982905,181100.73627233662,197304.26565677096,144174.7568751069,260.3015395202853,2413.6812247781195,2673.9827642984046,0.0,0.0,0.0,32487.139589455976,50154.4392079139,30171.015294518224,2672284.997793682,21022.734740943844,4880.16172638002,0.0,2698187.894261006,7323.824835645273,25163.31475411059,32487.139589755865,25948.19915729292,24206.240051047098,50154.439208340016,9748.123731406224,20422.891563518657,30171.01529492488,6583.619601702022,24249.672014279513,10473.940827823108,6583.619592,24249.672000000002,10473.940799999998,9.702021998236887e-06,1.4279510651249439e-05,2.7823109121527523e-05,83348.1909316031,1617.9260840186462,9594.382868493025,0.0,2397.46,1159.37,0.0
M0__S1__D1__start001__ndays366__20260324T080704Z,M0,S1,D1,255,2024-09-11,True,True,False,0.002855616270016182,True,True,111779.09962538024,0.0,111779.09962538024,1082760.6311961955,1076351.1635377898,6409.46765840564,1702785.5988004804,61.27030601285757,0.5229907841668985,9295.962685909335,22264.0862598942,10276.60750771565,0.3368751759416795,0.2876527874177011,0.34973294465562343,178204.64403319694,271452.39868067205,119702.60902173395,264.7848957605206,2428.862813476442,2693.647709236963,0.0,0.0,0.0,33789.05946022527,51018.284360288395,30360.78518981597,2742241.9054946518,21384.824066897243,4910.857001033952,0.0,2768537.586562583,10024.081587068744,23764.97787315653,33789.05946022527,20223.966139001855,30794.318221286536,51018.284360288395,10248.499330505674,20112.285859310297,30360.78518981597,6583.619600453764,24249.672000863047,10473.940806287972,6583.619592,24249.672000000002,10473.940799999998,8.45376416691579e-06,8.630449883639812e-07,6.287973519647494e-06,96899.24203626142,1668.2979055499613,9654.72968356886,0.0,2397.46,1159.37,0.0
M0__S1__D1__start001__ndays366__20260324T080704Z,M0,S1,D1,256,2024-09-12,True,True,False,0.008162624678003627,True,True,90089.3940371323,6.7425758701316395e-06,90089.3940371323,1747733.5199734243,1699154.8958424032,48578.62413102111,1243891.9496412145,42.2654485282857,0.3914077380257848,4954.928389678679,23453.467510437662,7634.804255821121,0.5283674964979685,0.8157720039800646,0.7610421388419991,144076.6097208513,149962.35261425457,86662.20334007396,273.68176183276285,2537.9882126682874,2811.66997450105,2.303171342976207e-06,2.2783068036485563e-06,2.1610977235068754e-06,36423.47579011201,52732.51665804774,31724.852524470218,2906644.6010357,22103.36171300972,5131.494917644572,0.0,2933879.4576663547,13304.866984012293,23118.60880958077,36423.47579359307,26753.055289953503,25979.46137160005,52732.516661553556,19149.07387534758,12575.778652745823,31724.85252809341,6583.619648033526,24249.672073779264,10473.94093959253,6583.619592,24249.672000000002,10473.940799999998,5.6033525652310345e-05,7.377926158369519e-05,0.00013959253192297183,72002.79573144524,1777.2651603306238,10088.503145356444,2664.0,2397.46,1159.37,0.0
M0__S1__D1__start001__ndays366__20260324T080704Z,M0,S1,D1,257,2024-09-13,True,True,False,0.0008335018930898227,True,True,15395.83803094665,4.7595580284844875e-06,15395.83803094665,2221858.427706293,1720578.767828504,501279.65987778886,1166428.2808427392,40.40268212644623,0.4299303654905697,5435.76395300693,24175.25402762872,7186.583102209188,0.5815210564821711,0.5171378747845615,0.50454651340814,77771.90359154611,84266.19393123683,61028.47669676002,275.45299567775606,2479.751832482273,2755.204828160029,1.5878505986300924e-06,1.5515733118166558e-06,1.620134118037739e-06,35863.507535632096,53073.79500232938,30996.898047149567,2853296.731947764,22246.411882136483,5013.748236300098,0.0,2880556.8920662003,21663.342549640547,14200.164984403824,35863.50753404437,36664.83191479067,16408.96308598725,53073.79500077792,19406.257422763127,11590.640622766408,30996.898045529535,6583.619593234569,24249.672001277868,10473.940800091807,6583.619592,24249.672000000002,10473.940799999998,1.2345690265647136e-06,1.2778655218426138e-06,9.180803317576647e-08,226.861264479408,1755.1332323502093,9857.013534117037,0.0,2397.46,1159.37,0.0
M0__S1__D1__start001__ndays366__20260324T080704Z,M0,S1,D1,258,2024-09-14,True,True,False,0.007880734715381863,True,True,33429.10277636251,0.0,33429.10277636251,1068614.8422093447,1055619.6462612904,12995.195948054048,1368508.027525274,56.453628343247324,0.5049705404618808,9110.953633183259,22986.564184202565,10409.492928765316,0.34088974580500264,0.7759415628395295,0.7975467469216145,121127.39772927787,139603.47981293758,72531.8881700678,235.94798168547857,2160.3524731857506,2396.3004548712292,0.0,0.0,0.0,28977.398738295502,45462.038859812674,27004.405913264134,2384544.9047497553,19055.868208745756,4367.962656746014,0.0,2407968.7356152474,6668.572410042681,22308.826328644365,28977.398738687047,28645.979521423902,16816.059338831034,45462.038860254936,17390.019425509156,9614.386488276137,27004.40591378529,6583.619593205692,24249.67200219373,10473.94080212584,6583.619592,24249.672000000002,10473.940799999998,1.2056916602887213e-06,2.1937266865279526e-06,2.125842001987621e-06,19836.660118282853,1448.2115771663,8587.40108091336,0.0,2397.46,1159.37,0.0
M0__S1__D1__start001__ndays366__20260324T080704Z,M0,S1,D1,259,2024-09-15,True,True,False,0.009929229440356749,True,True,31622.386648342334,0.0,31622.386648342334,857385.3556173682,137906.52637445356,719478.8292429147,2437962.7268572478,94.6462140420584,0.4145661710707036,5431.631291885628,26392.123332341213,9729.17112618696,0.019654374245640694,2.1949838011988007e-10,7.182919911739116e-10,188315.4929695453,198451.86062853516,64534.706617226584,231.3670125387309,2222.6598204822253,2454.026833020956,0.0,0.0,0.0,31082.72178923058,44579.385844652395,27783.247758012887,2546156.7970891977,18685.89537105787,4493.940324544838,0.0,2569336.6327848006,1713.1660748008633,29369.555714426693,31082.72178922756,16806.0803805351,27773.305464066463,44579.385844601566,8420.61428715699,19362.63347076311,27783.2477579201,6583.619592223661,24249.672003510685,10473.940800512935,6583.619592,24249.672000000002,10473.940799999998,2.2366111807059497e-07,3.510682290652767e-06,5.129368219058961e-07,12383.114516837995,1519.369345087497,8835.072786416848,5328.0,2397.46,1159.37,0.0
M0__S1__D1__start001__ndays366__20260324T080704Z,M0,S1,D1,260,2024-09-16,True,False,True,0.11342100648574065,False,False,21531.454974517463,0.0,21531.454974517463,1822867.6284828188,1543861.2175985049,279006.41088431387,1323859.229652369,46.16416606860965,0.40403854892230817,4418.381965470544,24998.463022486816,10507.781380155475,0.51250014615567,0.4409603886948873,0.6085929629869973,88692.77803355732,110802.8918126768,23921.297791490902,274.12167664748756,2347.8550433854693,2621.976720032957,0.0,0.0,0.0,35341.70053229715,52817.27873339035,29348.188041402962,2832661.306066425,22138.89055561452,4747.0694158526785,0.0,2859547.2660378926,13044.616976478796,22297.083555788686,35341.70053226748,15173.454341227696,37643.824392122115,52817.27873334981,11861.652222927158,17486.535818434324,29348.18804136148,6583.619599282552,24249.672007387795,10473.940801589455,6583.619592,24249.672000000002,10473.940799999998,7.282552360265981e-06,7.387792720692232e-06,1.5894565876806155e-06,1856.5793311341206,1723.8618459261081,9332.72379745724,2664.0,4794.92,1159.37,0.0
M0__S1__D1__start001__ndays366__20260324T080704Z,M0,S1,D1,261,2024-09-17,True,True,False,0.00039551219002629227,True,True,14667.080860002938,1.0072219263199783e-06,14667.080860002938,2073766.0274105454,1848879.1469298329,224886.8804807128,908676.0164568317,32.95223350458201,0.3933032425038645,9621.386526024167,25864.052788692803,11148.835133931118,0.6536883300818014,0.6039750741888116,0.6693375757226857,59192.05443791632,39854.40254902042,6404.2015626027105,279.10324013337237,2355.3559958673336,2634.459236000706,3.3562389850778433e-07,3.3290401010738605e-07,3.3869401770480795e-07,33603.52785527103,53777.11756040107,29441.94994762535,2724365.382335338,22541.216596206577,4762.235404144776,0.0,2751668.8343356894,24258.367449281857,9345.160405673523,33603.52785495538,29277.729767016477,24499.387793072485,53777.11756008896,19655.30964274439,9786.640304562938,29441.949947307327,6583.619595029971,24249.672006738667,10473.940802635194,6583.619592,24249.672000000002,10473.940799999998,3.029970685020089e-06,6.738664524164051e-06,2.635195414768532e-06,75.75333962827268,1671.9574368020142,9362.54008357265,0.0,2397.46,1159.37,0.0
M0__S1__D1__start001__ndays366__20260324T080704Z,M0,S1,D1,262,2024-09-18,True,True,False,0.005907397135350964,True,True,124756.78537670797,0.0,124756.78537670797,1224178.4843409583,1221926.5357680824,2251.9485728759955,1488230.5152519965,54.913072830662706,0.46442222783542086,9505.604576039355,23667.58340157199,8135.240189401066,0.38421189383853704,0.6406274502614098,0.6994041157157108,156799.5052159963,166425.81668723997,51715.430219088994,276.01266815658914,2362.329371348572,2638.3420395051608,0.0,0.0,0.0,32830.72260782658,53181.631635568876,29529.117133334592,2670376.3318777336,22291.612713789946,4776.334697594069,0.0,2697444.2792891175,8720.087561367503,24110.63504634739,32830.722607714895,32800.281576519,20381.35005891877,53181.63163543778,19182.47077609334,10346.646356885078,29529.11713297842,6583.619592202815,24249.672000923703,10473.940811408145,6583.619592,24249.672000000002,10473.940799999998,2.0281459001125768e-07,9.237010090146214e-07,1.140814674727153e-05,107502.66210406834,1643.0340215290787,9390.259251110574,2664.0,2397.46,1159.37,0.0
M0__S1__D1__start001__ndays366__20260324T080704Z,M0,S1,D1,263,2024-09-19,True,True,False,0.002556148092952399,True,True,184867.15662644117,9.2720356976939e-07,184867.15662644117,941324.8917353821,941324.891617057,0.00011832518364012667,1691710.439933071,64.24943940790655,0.4821986302186762,7836.402505097237,23922.78567531035,11236.807460365553,0.30027250000396366,0.04656307350101219,0.27161335349301374,295033.30355660326,345187.7406022444,107562.30070464403,271.021343086622,2346.5548725858107,2617.5762156724327,3.811163007598758e-07,4.122635278584463e-07,1.3382374115106794e-07,32646.553437676303,52219.91196375055,29331.93591818078,2595090.2770506972,21888.498298302315,4744.440633009644,0.0,2621723.215982009,13693.01980466114,18953.53363263935,32646.553437300492,16181.052262659872,36038.859700683635,52219.9119633435,11061.697799948255,18270.238118103938,29331.935918052193,6583.619592094458,24249.67200032558,10473.940800681232,6583.619592,24249.672000000002,10473.940799999998,9.445830073673278e-08,3.2557727536186576e-07,6.812333595007658e-07,167689.1991146453,1629.5718932672567,9327.555618528599,2664.0,2397.46,1159.37,0.0
M0__S1__D1__start001__ndays366__20260324T080704Z,M0,S1,D1,264,2024-09-20,True,True,False,0.007123340471126783,True,True,200244.03622877583,1.1700584212774493e-06,200244.03622877583,660778.7672011926,660769.7262855552,9.04091563732748,1934535.5651008335,74.53980737917048,0.4206947270044325,6387.612034881061,25585.8854711439,9027.528985425119,0.20903700649372958,0.10665747753693981,0.3736029111245186,338537.7807277271,291367.5661684306,146495.30425438625,276.17229862371767,2283.2131087509206,2559.3854073746384,3.561084843471582e-07,4.184975426272192e-07,3.9545239430307205e-07,31423.250566674993,53212.388943166115,28540.163855735238,2559914.060677642,22304.50495012283,4616.371504259774,0.0,2586834.9371320247,8036.295842429952,23386.954724052477,31423.250566482435,4934.644235520211,48277.74470738988,53212.388942910104,11369.71460542375,17170.449250079375,28540.163855503124,6583.619592899195,24249.672002327417,10473.94080469321,6583.619592,24249.672000000002,10473.940799999998,8.991946742753498e-07,2.327415131730959e-06,4.693210939876735e-06,186022.81548283875,1588.6186386521174,9075.77210728491,0.0,2397.46,1159.37,0.0
M0__S1__D1__start001__ndays366__20260324T080704Z,M0,S1,D1,265,2024-09-21,True,True,False,0.006907008306466347,True,True,102965.47304086773,0.0,102965.47304086773,693121.8697308846,683831.8300135422,9290.039717342313,1669491.1228678003,70.9418620518583,0.389560084006237,5276.965591409006,21522.66437365785,6824.498628716991,0.2632736519458344,0.23345395951049042,0.2481895155497295,204240.60503300745,212880.5518423253,71836.84908507799,233.07571749783256,1993.234021377376,2226.3097388752085,0.0,0.0,0.0,28895.04849066325,44908.616090422205,24915.425271929333,2324457.919027172,18823.89551953593,4030.0700369723822,0.0,2347311.8845836804,4131.6290520714265,24763.419438222485,28895.048490293913,7439.777745905305,37468.83834420818,44908.616090113486,5838.439519748101,19076.98575188019,24915.425271628294,6583.6195920789405,24249.672000438506,10473.940800272632,6583.619592,24249.672000000002,10473.940799999998,7.894050213508308e-08,4.385037755127996e-07,2.7263376978226006e-07,90058.88204297752,1426.655762915117,7923.10523497507,0.0,2397.46,1159.37,0.0
M0__S1__D1__start001__ndays366__20260324T080704Z,M0,S1,D1,266,2024-09-22,True,True,False,0.0012180626091197254,True,True,43202.105953795115,3.348809886352349e-06,43202.105953795115,1448323.753208154,1363616.4990974006,84707.25411075365,1130012.6148194051,45.31598578605244,0.470737026424699,6137.815892537325,22637.425572761294,9245.615986925652,0.4847776582504226,0.8207513733353521,0.720329692674639,122606.57285393718,118953.4133459106,31519.047883435545,242.97155080307394,1977.1233747003748,2220.094925503449,1.3336409808143744e-06,1.0178658810465138e-06,9.97303024491461e-07,30510.095756896695,46815.32770364826,24714.042174498485,2458041.283892794,19623.112762161927,3997.496323271702,0.0,2481661.8929782277,11590.040719493969,18920.05503606909,30510.095755563056,23490.47531423611,23324.852388394283,46815.3277026304,14284.696032216458,10429.346141284725,24714.042173501184,6583.619594710011,24249.67200434954,10473.94080956822,6583.619592,24249.672000000002,10473.940799999998,2.7100113584310748e-06,4.349538357928395e-06,9.568220775690861e-06,30295.246019994724,1490.964519366383,7859.065414433991,0.0,2397.46,1159.37,0.0
M0__S1__D1__start001__ndays366__20260324T080704Z,M0,S1,D1,267,2024-09-23,True,True,False,0.009464003093571876,True,True,121076.45740831792,1.5883151693401009e-06,121076.45740831792,1230754.217067773,1209504.4168345737,21249.800233199298,1544906.9465458947,56.08846111678257,0.44173179508753657,6414.714444168836,23566.439865817607,11177.259736663602,0.3852672510630592,0.5540016321190817,0.6798960911769303,192158.02249841555,232789.73278011288,78540.54831718217,272.73345282347634,2187.4017850845426,2460.135237908019,5.074582371454299e-07,5.313546739389423e-07,5.495022582557287e-07,34281.2735406862,52549.79823215501,27342.52230648694,2717838.2848597434,22026.773426893746,4422.652984231239,0.0,2744287.7112708683,9392.739188191881,24888.534352584076,34281.27354077596,35740.14628584133,16809.65194637955,52549.79823222088,19582.312328030544,7760.209978504147,27342.522306534695,6583.619594374042,24249.672004385175,10473.940816912253,6583.619592,24249.672000000002,10473.940799999998,2.3740421966067515e-06,4.385172360343859e-06,1.691225406830199e-05,104488.91741700207,1671.7878956047182,8694.922095711057,2664.0,2397.46,1159.37,0.0
M0__S1__D1__start001__ndays366__20260324T080704Z,M0,S1,D1,268,2024-09-24,True,True,False,0.007527329443125511,True,True,89261.17125807359,1.1182721494521117e-06,89261.17125807359,1738566.8150423565,1738566.8147421347,0.0003002221086924058,1029983.9761451421,37.20300091785741,0.46882803551153973,4534.756051050076,21535.902271601066,6125.272914129889,0.5843257108983794,0.11462273140155582,0.5580266262818467,128494.63309861436,104901.96225941347,50438.102073700575,261.1504796139206,2235.8466722482935,2496.997151862214,4.073711703010842e-07,3.4552121537710574e-07,3.653797637739218e-07,35492.72460770121,50318.01149002336,27948.08341919736,2732492.740042866,21091.297694604164,4520.602490459701,0.0,2758104.64022793,23437.03963846918,12055.684968961494,35492.724607430675,16707.028113609078,33610.98337620547,50318.01148981454,13279.422645338935,14668.66077362977,27948.083418968705,6583.619592177783,24249.672000951694,10473.940801098588,6583.619592,24249.672000000002,10473.940799999998,1.7778256733436137e-07,9.51691617956385e-07,1.0985895642079413e-06,75113.3796241239,1703.4711127199014,8887.490522186969,0.0,2397.4599990427964,1159.37,0.0
M0__S1__D1__start001__ndays366__20260324T080704Z,M0,S1,D1,269,2024-09-25,True,True,False,0.009056402726642172,True,True,61415.11596908413,1.012962721333629e-06,61415.11596908413,1459725.858808701,1456190.1869157911,3535.671892909883,1377430.5805961164,48.6102655792428,0.436812750152548,4441.307700968939,23795.91803916605,4852.0212965071605,0.471801684340882,0.014760328663303906,0.39789021720232326,110688.5367441063,58657.0825834135,43308.31451700894,275.39175428403854,2336.3582682691604,2611.750022553199,3.521310796546853e-07,3.271396159707744e-07,3.3369202570816905e-07,35576.622480213984,53061.9950459399,29204.478353472485,2795433.9337386694,22241.46584310194,4723.824373657475,0.0,2822399.2239554287,23550.586075095638,12026.036404790457,35576.62247988609,2339.8059024822255,50722.18914315681,53061.995045639036,14708.149560911432,14496.328792253438,29204.478353164868,6583.619592095281,24249.67200041098,10473.940801310022,6583.619592,24249.672000000002,10473.940799999998,9.528139344183728e-08,4.109788278583437e-07,1.310023435507901e-06,46839.088887371865,1732.172965342366,9287.024116369912,0.0,2397.46,1159.37,0.0
M0__S1__D1__start001__ndays366__20260324T080704Z,M0,S1,D1,270,2024-09-26,True,True,False,0.0009392193182919168,True,True,13522.141084451436,0.0,13522.141084451436,3128824.9125384595,2569005.850348796,559819.0621896634,414417.14974972385,13.89066014896442,0.47445199297275575,6015.207185917864,33052.508601383815,9399.68157872138,0.8130266693344081,0.8685172383679438,0.650900227057493,24982.659405148115,14568.098350436467,6996.153956247263,298.55792560559007,2348.725258796846,2647.283184402436,0.0,0.0,0.0,36415.507920585704,55425.70199675981,29359.065736486627,2939571.8672928726,24112.435471435805,4748.828882629863,0.0,2968433.1316469386,28291.32450402792,8124.18341619909,36415.50792022701,27636.717350899286,27788.98464560676,55425.701996506046,19146.886723077234,10212.179013042776,29359.065736120006,6583.619593596429,26349.58187412379,10473.940800150674,6583.619592,24249.672000000002,10473.940799999998,1.5964287740644068e-06,2099.9098741237867,1.5067598724272102e-07,4.82239826595897e-08,1788.4981806857456,9336.182903717465,0.0,2397.46,0.0,0.0
M0__S1__D1__start001__ndays366__20260324T080704Z,M0,S1,D1,271,2024-09-27,True,True,False,0.008432162546826988,True,True,16864.162651387313,4.4188497912616894e-07,16864.162651387313,2467331.6594427,1687737.465388379,779594.1940543209,1249659.205454655,42.54308646356579,0.614382919990212,8110.69068456949,23634.708730445942,13115.463977013618,0.5296090999694523,0.13703822267185325,0.3498670286382544,95717.59207559974,138781.80550489863,40258.34558489689,257.85598217584567,2266.1854401440914,2524.0414223199373,4.5033297624286206e-07,-8.447997116693122e-09,0.0,36870.42411518248,51783.14342909615,28327.31800140866,2904364.6572169755,20825.224178964847,4581.943686791338,0.0,2929771.8250827314,24440.5472037341,12429.87691080738,36870.424114541485,27051.892317233443,24731.25111149448,51783.14342872791,11725.493103154451,16601.824897979066,28327.318001133517,6583.619603585164,24249.67200534296,10473.940800851336,6583.619592,24249.672000000002,10473.940799999998,1.15851644295617e-05,5.342957592802122e-06,8.513379725627601e-07,1218.519545016711,1748.7259817978356,9008.087124572765,1332.0,2397.46,1159.37,0.0
M0__S1__D1__start001__ndays366__20260324T080704Z,M0,S1,D1,272,2024-09-28,True,True,False,0.009747166906052006,True,True,38139.38331360803,0.0,38139.38331360803,1105222.3139407483,747490.3295546041,357731.9843861442,1887490.0152262808,71.63203395292261,0.5010057559195705,9281.154696682263,24175.541486420247,10096.502333140234,0.2157911553001815,0.41172944296770864,0.5191249579548473,176542.2344186006,212848.1079554177,43134.49034043125,234.2561096214424,2021.958276455104,2256.2143860765464,0.0,0.0,0.0,33053.27846619823,45136.05194569352,25274.478433389315,2599423.9996498777,18919.22753544193,4088.146890210246,0.0,2622431.37407553,7337.997689006969,25715.280776967054,33053.27846597403,11901.7865264305,33234.265419015916,45136.05194544641,11632.119677843875,13642.358755356163,25274.478433200034,6583.619592402609,24249.672010183443,10473.94082343833,6583.619592,24249.672000000002,10473.940799999998,4.0260874811792746e-07,1.0183441190747544e-05,2.3438331481884234e-05,23642.867221703855,1570.4019429951336,8037.284148909039,1332.0,2397.46,1159.37,0.0
M0__S1__D1__start001__ndays366__20260324T080704Z,M0,S1,D1,273,2024-09-29,True,True,False,0.008688030279377116,True,True,37421.54354914242,0.0,37421.54354914242,835991.5984557909,194111.46127453336,641880.1371812575,2336973.222075886,92.33089818956249,0.43405472970853515,6631.1691899479,26723.553818927856,9846.040765783133,0.035660249028070454,0.07394721453564904,0.05279274692436482,200628.08463554893,221973.45630017776,72189.83329272307,223.9939552388513,2109.366824325966,2333.360779564817,0.0,0.0,0.0,30995.920527742695,43158.758245289326,26367.085327751793,2501060.7927148202,18090.425101718356,4264.876047934096,0.0,2523416.0938644726,1799.7920921002892,29196.128435291706,30995.920527391998,10489.449294684315,32669.308950289775,43158.75824497409,6641.9447373765815,19725.140590055147,26367.08532743173,6583.619592020373,24249.67200007008,10473.94080008612,6583.619592,24249.672000000002,10473.940799999998,2.0372681319713593e-08,7.007838576100767e-08,8.612187230028212e-08,18654.587828367257,1497.3925940794472,8384.733126695715,5328.0,2397.46,1159.37,0.0
M0__S1__D1__start001__ndays366__20260324T080704Z,M0,S1,D1,274,2024-09-30,True,True,False,0.007971544123065052,True,True,147123.32764223748,2.3100584906214377e-06,147123.32764223748,791820.3846538771,785389.945054462,6430.439599415156,2004160.56295585,71.8452868016126,0.38015071901582115,9114.431669272784,21445.103208648707,11293.042288728742,0.24588091869306722,0.5369989850380372,0.5149430711319566,263558.6668015889,367665.3646297774,141293.7567675919,235.67079287028474,2428.6449811519146,2664.3157740221995,9.069371203341936e-07,7.033167888483335e-07,6.998045814389107e-07,35167.839534276354,45408.63060854691,30358.062161565525,2759601.8666713955,19033.481606864767,4910.416571293187,0.0,2783545.7648495534,4344.183586809944,30823.655947841842,35167.83953465178,13203.06397201867,32205.56663710686,45408.630609125525,11223.19397196571,19134.868190181987,30358.062162147697,6583.619605430832,24249.672002595784,10473.940902941631,6583.619592,24249.672000000002,10473.940799999998,1.3430832041194662e-05,2.5957815523725003e-06,0.00010294163257640321,126903.95623913522,1680.6776030233993,9653.863800078863,5328.0,2397.46,1159.37,0.0
M0__S1__D1__start001__ndays366__20260324T080704Z,M0,S1,D1,275,2024-10-01,True,True,False,0.009824602449985741,True,True,163889.6390089656,1.2367939124225088e-06,163889.6390089656,883855.6076752176,883855.6076752176,0.0,1856730.1389466338,67.74939048104257,0.4046543112645937,6129.131212766956,39624.59642758368,10181.528881332119,0.29453902453420444,0.0,0.0627640845777864,250803.10939220386,241601.7582720893,110714.30403033277,222.6738160279713,2481.0486218318606,2703.722437859832,3.9602196914935564e-07,4.1430185598434477e-07,4.2647008728880836e-07,34977.82124909067,42904.39615448019,31013.10787472968,2711653.0384408347,17983.806690998932,5016.370182271923,0.0,2734653.2153141056,11550.029820943,23427.79142799544,34977.821248938446,8611.324691885922,34293.071462423475,42904.39615430939,6561.642891137193,24451.46498340941,31013.107874546604,6583.619592326801,24249.672000267077,10473.940801437515,6583.619592,24249.672000000002,10473.940799999998,3.2680054573575035e-07,2.670749381650239e-07,1.43751640280243e-06,147474.65126307408,1663.9894741098349,9862.168271781647,1332.0,2397.46,1159.37,0.0
M0__S1__D1__start001__ndays366__20260324T080704Z,M0,S1,D1,276,2024-10-02,True,True,False,0.002882747460176409,True,True,83326.7620434156,0.0,83326.7620434156,1763460.2131557618,1763460.2131557618,0.0,925499.0001707489,34.41848413259547,0.4033863770242565,4213.635700736392,19261.67661836664,3568.500447006752,0.613227821515287,0.8036997316949843,0.4896745485180761,107119.47565219336,71905.53460752356,60303.61100912136,219.82714628019738,2479.832203024449,2699.659349304646,0.0,0.0,0.0,34990.218530351005,42355.90487134886,30997.90253883117,2657261.7389832707,17753.901085705897,5013.91073549216,0.0,2680029.550804469,19363.086334979886,15627.132195031125,34990.218530011014,18226.9142246616,24128.990646404527,42355.90487106612,14537.660005825073,16460.2425327311,30997.90253855617,6583.619592045225,24249.67200018842,10473.940800705283,6583.619592,24249.672000000002,10473.940799999998,4.5224624045658857e-08,1.88418198376894e-07,7.052840373944491e-07,66919.62268557599,1660.9763508174178,9857.333007022185,1332.0,2397.46,1159.37,0.0
M0__S1__D1__start001__ndays366__20260324T080704Z,M0,S1,D1,277,2024-10-03,True,True,False,0.009184620856682967,True,True,29425.6283206709,0.0,29425.6283206709,1744502.841717577,1701155.024525816,43347.81719176132,866327.1734693007,33.742285502341325,0.4790896767425337,10052.571104443738,21714.135368861967,15363.975839352397,0.6076062087315875,0.7898049402822965,0.8902107386489527,88256.5969551561,148361.34389100474,51684.9956825904,211.1435243060346,2304.239823128678,2515.3833474347125,0.0,0.0,0.0,32612.411078101293,40682.75998157915,28802.997789078927,2529928.389162084,17052.585673207184,4658.884892314489,0.0,2551639.859727606,18307.377535837757,14305.033541954323,32612.41107779208,32446.186453819442,8236.573527475393,40682.75998129483,19202.252475140118,9600.745313647709,28802.99778878783,6583.619592141615,24249.672000803814,10473.940800592547,6583.619592,24249.672000000002,10473.940799999998,1.4161469152895734e-07,8.03811417426914e-07,5.925485311308876e-07,16314.076919493304,1554.7381042411046,9159.353296936495,0.0,2397.46,0.0,0.0
M0__S1__D1__start001__ndays366__20260324T080704Z,M0,S1,D1,278,2024-10-04,True,True,False,0.009401030766507416,True,True,147360.3597607891,0.0,147360.3597607891,747541.4397970259,741359.8292414001,6181.610555625716,1672293.9872612152,69.28474894897602,0.4084198588538226,6171.793917477923,19009.564330770776,7249.425446657926,0.2611361694127011,0.21510563483565726,0.2783457951287588,230200.19798280683,273852.55715838925,93531.7590623354,198.79335971350298,2181.4665424401846,2380.2599021536876,0.0,0.0,0.0,30780.282649042812,38303.152159337886,27268.331756624786,2389144.816056093,16055.149259640966,4410.652665504431,0.0,2409610.6179812383,10500.551341746996,20279.731307116406,30780.282648863402,24205.8101365346,14097.342022701014,38303.152159235615,10394.399492273424,16873.932264342482,27268.33175661591,6583.619594150083,24249.672002358595,10473.94082475496,6583.619592,24249.672000000002,10473.940799999998,2.150082764273975e-06,2.358592610107735e-06,2.4754961486905813e-05,128336.75778472886,1467.4424698604942,8671.329506199734,5328.0,2397.46,1159.37,0.0
M0__S1__D1__start001__ndays366__20260324T080704Z,M0,S1,D1,279,2024-10-05,True,False,True,0.012254281687642029,False,False,28855.743124853245,1.1462849024053665e-06,28855.743124853245,1655699.4734125598,1615205.954943128,40493.518469432,464216.4897669892,22.32429927588396,0.23159737033960326,3348.7312717377044,18756.261197419153,5565.232813395556,0.739924390488691,0.48798420775443957,0.8605849716202406,45462.032096052055,20049.064099219824,14122.186210150823,198.76395636544487,1823.9765301789166,2022.7404865443614,1.1462849024053665e-06,0.0,0.0,26149.42246260498,32691.145768455295,22799.706652527697,2045440.318871092,16052.774556867014,3687.8525469555016,7826.115395540863,2073007.0613704554,14171.83842254106,11977.58403891723,26149.42246145829,12462.685347319879,20228.460421124382,32691.14576844426,13955.596384024833,8844.110267502581,22799.706651527413,6583.619596558139,24249.67206459524,10473.940800421064,6583.619592,24249.672000000002,10473.940799999998,4.558139153232332e-06,6.459523865487427e-05,4.210651241010055e-07,14442.571335033143,1274.0350823589117,7250.3067074611945,1332.0,2397.46,1159.37,1000.0
M0__S1__D1__start001__ndays366__20260324T080704Z,M0,S1,D1,280,2024-10-06,True,True,False,0.0006659208406593444,True,True,12417.203035915683,0.0,12417.203035915683,2188764.668624248,1448067.4252697686,740697.2433544798,676106.9086288176,31.829162881745695,0.5954391670998572,8062.690703966427,24193.883190293127,10537.604198898907,0.6017024630815402,0.2148530836091551,0.16647427420726926,41135.23156937392,29802.660809279416,15689.713423171817,170.6045258354604,1907.6896283519009,2078.294154187361,0.0,0.0,0.0,26995.8868156186,32344.85794963426,23846.120355120398,2087826.792644822,13778.534306202748,3857.1099673240014,0.0,2105462.4369183485,23335.2807393446,3660.6060759595034,26995.886815304104,11140.056835230775,21204.80111407734,32344.85794930812,12679.39217202425,11166.728182750194,23846.120354774444,6583.619592600313,24776.591732909343,10473.940800045524,6583.619592,24249.672000000002,10473.940799999998,6.003128873999231e-07,526.9197329093404,4.5525666791945696e-08,-4.834066324236,1282.1408295411115,7583.066272698806,0.0,2397.46,1159.37,0.0
M0__S1__D1__start001__ndays366__20260324T080704Z,M0,S1,D1,281,2024-10-07,True,True,False,0.009941448474690707,True,True,38631.63450739347,1.9363256815895365e-06,38631.63450739347,1617339.469658055,1617339.4684952116,0.0011628435875197696,728286.6265245044,31.04870925808757,0.5375773978277908,6091.029521975853,24055.918517161135,5871.699698757787,0.6277649468998818,0.4856939186069815,0.5316255511281888,63089.02078188372,71325.34058982236,27112.592503675885,186.72890484296812,2207.905035897944,2394.633940740912,1.0666574041152214e-06,1.5564381783406134e-08,8.541038956909093e-07,30996.99898797926,36505.51411521001,27598.8129498387,2318592.785479987,15080.787621190542,4464.107994456216,0.0,2338137.681095634,20238.9556249838,10758.043361905186,30996.998986888982,14018.863481082699,22486.65063410097,36505.51411518367,14094.914316158693,13503.898632811539,27598.812948970233,6583.619592609192,24249.67199999962,10473.940799999998,6583.619592,24249.672000000002,10473.940799999998,6.091922841733322e-07,-3.8198777474462986e-10,0.0,20839.27385960755,1463.1081300915928,8776.422517694327,3996.0,2397.46,1159.37,0.0
M0__S1__D1__start001__ndays366__20260324T080704Z,M0,S1,D1,282,2024-10-08,True,True,False,0.0019222789185655749,True,True,12554.233777587411,9.965213128585665e-07,12554.233777587411,2831175.8975931797,2294782.435070309,536393.4625228713,155062.1789179671,6.329469960363338,0.3406745187922151,5261.010164769242,31790.159858537914,13732.569008482147,0.8520868937683305,0.9999998192084749,0.896546344193801,8869.931304392263,4841.1243978488,3427.357994631504,197.7499646906508,2170.1881737705176,2367.9381384611684,3.31333451034396e-07,3.3132112915692185e-07,3.338667326672485e-07,31999.288246096447,38102.11265221366,27127.352171996466,2407768.873047999,15970.88154137442,4387.8492138424335,0.0,2428127.603803216,26046.817879677605,5952.470366094195,31999.2882457718,27691.289550644018,10410.823101244603,38102.11265188862,19044.16948467388,8083.18268699491,27127.35217166879,6583.619597738128,24249.67200526976,10473.94080047658,6583.619592,24249.672000000002,10473.940799999998,5.738127583754249e-06,5.26975782122463e-06,4.7658068069722503e-07,24.132738346984805,1506.1430498371574,8626.497990737806,0.0,2397.459998665465,0.0,0.0
M0__S1__D1__start001__ndays366__20260324T080704Z,M0,S1,D1,283,2024-10-09,True,True,False,0.0002645719997985742,True,True,14923.51519450791,1.0212513792819292e-06,14923.51519450791,2341529.539220052,2337888.4240978486,3641.115122203918,162934.4168260533,6.515232273144905,0.7642846163503401,4257.999009954599,40050.83775619158,13391.388410617421,0.8863186691484458,0.6391470446567309,0.9546499844680376,13310.715141614897,15259.169566374136,4344.78877177407,205.61293646030464,2095.398009673988,2301.0109461342927,3.516346634734059e-07,3.3254278616378936e-07,3.370739296447342e-07,33051.314934749156,39617.13611944539,26192.475121219242,2476589.5230387812,16605.918775858016,4236.6328508101415,0.0,2497432.074665449,30011.055954657248,3040.2589797606856,33051.314934417926,28262.09776582748,11355.03835330574,39617.13611913321,23031.42128904372,3161.0538318587955,26192.475120902513,6583.619593027139,24249.672005672746,10473.940800512557,6583.619592,24249.672000000002,10473.940799999998,1.0271387509419583e-06,5.672744009643793e-06,5.125584721099585e-07,161.73470907120682,1543.7433969826018,8329.2070884541,1332.0,2397.46,1159.37,0.0
M0__S1__D1__start001__ndays366__20260324T080704Z,M0,S1,D1,284,2024-10-10,True,True,False,0.0046096471158301325,True,True,82028.09348538537,1.3908476603208721e-06,82028.09348538537,1168744.3771557854,1164719.1184038704,4025.2587519151693,1515774.71678949,56.548338104278756,0.4355650040167733,9730.511912536007,39825.1823389784,10812.930745190763,0.38203745112707876,0.32655916447322214,0.2428474748283005,157726.71137990017,274834.90767858573,57310.37965699132,198.82296305661887,2108.56203312879,2307.384996185409,4.787024025695193e-07,4.934380431347729e-07,4.187072146165801e-07,35142.52243740253,38308.85608466998,26357.025413615862,2648400.3899894096,16057.540114636104,4263.248860739199,0.0,2668721.178964785,16609.52058709917,18533.001849824657,35142.52243692383,17580.756369776205,20728.099714400334,38308.85608417654,12945.04472355872,13411.980689638433,26357.025413197152,6583.619594533916,24249.67200154486,10473.94080134952,6583.619592,24249.672000000002,10473.940799999998,2.533915903768502e-06,1.5448567864950746e-06,1.3495209714164957e-06,67150.4175575079,1607.311847386912,8381.534081686941,1332.0,2397.4599988036316,1159.37,0.0
M0__S1__D1__start001__ndays366__20260324T080704Z,M0,S1,D1,285,2024-10-11,True,True,False,0.006547736526182232,True,True,148642.2151357695,9.951734471813762e-07,148642.2151357695,741601.3101224056,738409.2740612926,3192.036061112984,1791562.7115203305,70.81353950678084,0.40094167316435275,3673.3409722851743,22108.235132020043,7372.400286739797,0.23958852845089965,0.13013815860842753,0.4021812296760093,222115.53469117763,142823.2122599329,133688.92033678616,192.68499445121,2047.9435972620495,2240.6285917132595,3.445478668878661e-07,3.253536053229497e-07,3.252719749705603e-07,33757.669145301275,37126.20317119683,25599.294967133057,2500750.310615691,15561.81932064932,4140.68596071436,0.0,2520452.8158970545,9642.429826510095,24115.23931845508,33757.66914496517,12450.329159106383,24675.87401177345,37126.20317087983,8036.452689634187,17562.842277181917,25599.294966816105,6583.619592145212,24249.67200045194,10473.940800314434,6583.619592,24249.672000000002,10473.940799999998,1.4521174307446927e-07,4.519388312473893e-07,3.144359652651474e-07,131400.7823883044,1548.026948348524,8140.5757991166465,3996.0,2397.46,1159.37,0.0
M0__S1__D1__start001__ndays366__20260324T080704Z,M0,S1,D1,286,2024-10-12,True,True,False,0.00989841870930693,True,True,78535.11504468205,8.45982795964321e-07,78535.11504468205,682399.4783062995,682399.4772729975,0.0010333019756901675,1385351.7152310573,66.997988938572,0.5254022526234484,11568.646208303304,34745.67302881728,6207.028550933058,0.2701475139489172,0.0014839210711934628,0.35156931301424654,139289.3966176831,293140.57628719043,116743.8568117131,163.42889454983535,1614.2069715243497,1777.635866074185,-9.204576372212614e-07,0.0,1.7664404331855823e-06,27494.251790118742,31489.18970128156,20177.587146162638,2036871.1105146462,13199.008755203875,3263.724720550794,0.0,2053333.8439904007,7863.497427671846,19630.754363261127,27494.25179093297,2682.714460826138,28806.475240441207,31489.189701267343,8348.412798824656,11829.174345557694,20177.58714438235,6583.619592317911,24249.67200062309,10473.940799999991,6583.619592,24249.672000000002,10473.940799999998,3.1791114452062175e-07,6.23087544227019e-07,-7.275957614183426e-12,67298.4061292083,1263.4062036644816,6416.47271180929,0.0,2397.46,1159.37,0.0
M0__S1__D1__start001__ndays366__20260324T080704Z,M0,S1,D1,287,2024-10-13,True,True,False,0.001937472885971585,True,True,51072.52329563135,0.0,51072.52329563135,539100.3604719267,470155.9291743897,68944.43129753708,1741702.7447850737,78.74385309018137,0.3556925914664821,8441.263281399726,22937.53154242648,9835.464097895028,0.1494890519471795,0.34016161568996195,0.5620333082456935,167317.0297203362,174081.51188369177,74713.53527669987,160.6269790563002,1742.198470426576,1902.8254494828761,0.0,0.0,0.0,28811.42312395599,30949.321590700158,21777.48088009506,2189097.901978303,12972.71763800362,3522.507532393733,0.0,2205593.1271487004,3354.8452391258775,25456.57788447263,28811.423123598506,6658.780007477151,24290.541582925776,30949.321590402928,9976.152414890166,11801.328464877724,21777.480879767885,6583.6195921845865,24249.672001028237,10473.940800564382,6583.619592,24249.672000000002,10473.940799999998,1.8458649719832465e-07,1.0282346920575947e-06,5.643832992063835e-07,33946.22992308915,1316.2244525965584,6925.238919945641,5328.0,2397.46,1159.37,0.0
M0__S1__D1__start001__ndays366__20260324T080704Z,M0,S1,D1,288,2024-10-14,True,True,False,0.009777952593004197,True,True,213974.5437755736,4.907010406896006e-07,213974.5437755736,235911.83527496987,227269.13747445383,8642.697800516044,2293973.42921784,90.98582815961987,0.35231085768245046,7933.2246476471455,15568.592834329416,9637.553157471026,0.05687998485787652,0.484291607005604,4.786032375531192e-09,310713.19516307116,244811.00441483536,152295.47949624938,170.60452574055967,2069.78171090493,2240.3862366454896,-3.4163031159550883e-07,8.323313522851095e-07,0.0,34336.646689265704,32773.09432375966,25872.271388131194,2497233.1026308825,13778.534298564617,4184.839896735919,0.0,2515196.476826183,2.845437671007261e-05,34336.64666095111,34336.64668940549,8695.558969653554,24077.535353060146,32773.0943227137,5718.512378148133,20153.759009765567,25872.2713879137,6583.619592,24348.3552777494,10473.940800001934,6583.619592,24249.672000000002,10473.940799999998,0.0,98.68327774939826,1.9354047253727913e-09,195318.5638049559,1543.7676697707147,8227.382300847097,5328.0,2397.46,1159.37,0.0
M0__S1__D1__start001__ndays366__20260324T080704Z,M0,S1,D1,289,2024-10-15,True,True,False,0.007589326123783531,True,True,79365.45288731334,0.0,79365.45288731334,1521618.015335429,1510839.1195366532,10778.895798775751,991600.8290578527,39.62535962610351,0.5111057490703255,6089.169950231789,36198.40842110813,3844.916791497066,0.5553760548423833,0.29269665966896846,0.7644462057429666,108831.99657657625,87071.02520139923,110353.60275138821,165.7692867855011,1936.1894776510762,2101.9587644365774,0.0,0.0,0.0,35212.52777122261,32038.815605145173,24202.368384068122,2470960.0353924343,13388.025866892804,3914.7331002285623,0.0,2488262.7943595555,18442.19901283091,16770.328758391694,35212.52777122261,13626.40976883955,18412.405836305625,32038.815605145173,11446.078489980686,12756.289894087437,24202.368384068122,6583.619593946955,24249.672001073865,10473.94088601099,6583.619592,24249.672000000002,10473.940799999998,1.9469553080853075e-06,1.073862222256139e-06,8.601099216321018e-05,66557.05095234813,1555.2187613021936,7696.353173663029,0.0,2397.46,1159.37,0.0
M0__S1__D1__start001__ndays366__20260324T080704Z,M0,S1,D1,290,2024-10-16,True,True,False,0.007946496719989427,True,True,11875.337973353404,9.89835592329792e-07,11875.337973353404,2497538.8917520307,2497538.8903219057,0.001430125011791769,123844.45656268694,4.724393199105008,0.5121784421492818,6840.338561041819,27400.29872994818,13288.42929587826,0.9249380825173309,0.5203110045075752,0.5666647840143252,8377.8493413203,6121.501224141362,4093.0100218855564,170.60452579324422,1854.9059198676312,2025.5104456608753,3.3017330015535193e-07,3.2874362774187645e-07,3.309186644325637e-07,38018.464599814804,32087.278108534236,23186.32408427572,2602016.526880788,13778.534302793109,3750.38790673237,0.0,2619545.4490903136,36326.48133816113,1691.983261323412,38018.46459948454,13572.016907596408,18515.261200609166,32087.278108205574,14807.008244937382,8379.315839007508,23186.32408394489,6583.619592618169,25034.171502356592,10473.94080041171,6583.619592,24249.672000000002,10473.940799999998,6.18168996879831e-07,784.4995023565898,4.117118805879727e-07,457.0047134036228,1647.6222284759478,7373.251031473834,0.0,2397.46,0.0,0.0
M0__S1__D1__start001__ndays366__20260324T080704Z,M0,S1,D1,291,2024-10-17,True,True,False,0.009236566160493669,True,True,19996.6770409675,1.00196544033733e-06,19996.6770409675,2219552.089925427,2218484.3820083505,1067.7079170767945,524725.6544935172,19.128161807203274,0.35310975781333687,3476.86297212385,19938.839752268552,6680.26111721078,0.7827599361750266,0.7656467357207511,0.8827616344181355,35789.58557766638,19896.564069451913,16773.040409808535,216.07505989373067,2136.3251663663796,2352.4002262601102,3.467775143631074e-07,3.2334347604766984e-07,3.3184444992655275e-07,37398.03061684545,35539.39695143956,26704.064580259273,2705782.8496721527,17450.871311186183,4319.382445747054,9601.361737728605,2737154.4651668146,27520.09168797276,9877.938928527234,37398.03061649999,17453.615538885068,18085.78141223247,35539.39695111754,19331.573892968132,7372.49068696062,26704.064579928752,6583.619592118185,24249.672000883143,10473.940800063434,6583.619592,24249.672000000002,10473.940799999998,1.1818519851658493e-07,8.831411832943559e-07,6.34354364592582e-08,3916.008378837033,1699.9461258241045,8491.892536306359,1332.0,2397.46,1159.37,1000.0
M0__S1__D1__start001__ndays366__20260324T080704Z,M0,S1,D1,292,2024-10-18,True,True,False,0.005664902444051209,True,True,38682.64612730696,1.5297796870070141e-06,38682.64612730696,1620568.2828607268,1609590.5043702,10977.778490526665,1184212.3669691274,42.38711253100779,0.5478458151863084,9303.621450763889,22252.55219082894,14152.758576758637,0.5172080662666597,0.7567801039879215,0.7709649789196065,104533.8857402773,165745.71194370533,88728.53467563767,180.80066230249804,2390.302849980429,2571.103512282927,5.257414733501544e-07,5.108858378008898e-07,4.9315237585597e-07,37129.63082500985,34836.35111689287,29878.78561890161,2761338.5382943675,14602.004934635315,4832.89357481986,0.0,2780773.436803823,18495.602196559128,18634.028628370823,37129.63082492995,27745.602821681314,7090.748295165975,34836.35111684729,24797.121605366,5081.6640134883555,29878.785618854356,6583.619592770975,24249.67200235368,10473.94080618265,6583.619592,24249.672000000002,10473.940799999998,7.709750207141042e-07,2.353677700739354e-06,6.182652214192785e-06,23945.252467994374,1679.109830640388,9501.453828672207,0.0,2397.46,1159.37,0.0
M0__S1__D1__start001__ndays366__20260324T080704Z,M0,S1,D1,293,2024-10-19,True,True,False,0.005533732440809889,True,True,46214.17677694348,3.1560532195731635e-06,46214.17677694348,1130787.03646445,1130787.035669162,0.0007952878786876622,1290380.340097385,53.29579247650517,0.4764289843102283,5407.240364450398,22073.26156291414,10598.63361525165,0.4258634606877267,5.7250190218576985e-08,0.10949889582423004,106203.44188196238,122150.83977991805,90165.81930744789,147.4433068894915,2123.9363300891387,2271.37963697863,1.0033906484540587e-06,1.1664737888835383e-06,9.861887822355662e-07,33070.87270280042,28409.115005252446,26549.20412249428,2396040.0859703133,11907.964646615248,4294.333767463703,0.0,2412242.3843843923,18805.37123817529,14265.501465838017,33070.87270401331,14061.015858804012,14348.099147498233,28409.115006302243,10032.958206473475,16516.245917250875,26549.204123724354,6583.619596725273,24249.67200513839,10473.940809712569,6583.619592,24249.672000000002,10473.940799999998,4.725273356598336e-06,5.138386768521741e-06,9.71257031778805e-06,30071.448497378216,1479.2513674609495,8442.646912104325,2664.0,2397.46,1159.37,0.0
M0__S1__D1__start001__ndays366__20260324T080704Z,M0,S1,D1,294,2024-10-20,True,True,False,0.006283030191986945,True,True,35618.523906400354,0.0,35618.523906400354,563628.6625064553,416829.9595852744,146798.7029211809,1980942.5236490031,82.61595032473532,0.3207276399747088,9282.474529117833,25764.466840172827,10733.704167627273,0.13100544966603853,0.2921531924421929,0.38255040263118556,179393.73867801268,284455.66689363425,135172.60105760614,154.85439130786693,2159.563478768502,2314.417870076369,0.0,0.0,0.0,31228.193356727686,29837.069621067014,26994.543494354555,2373573.5238403757,12506.50610030957,4366.367408635364,0.0,2390446.397349321,3974.8156691076183,27253.377687277258,31228.193356384876,9873.261945678649,19963.80767509374,29837.06962077239,8383.311464198021,18611.23202984387,26994.5434940419,6583.619592174168,24249.672000536062,10473.940800286642,6583.619592,24249.672000000002,10473.940799999998,1.7416823538951576e-07,5.36059815203771e-07,2.8664362616837025e-07,22048.16351921283,1429.2655590827223,8584.264828104797,0.0,2397.46,1159.37,0.0
M0__S1__D1__start001__ndays366__20260324T080704Z,M0,S1,D1,295,2024-10-21,True,True,False,0.005976023333865354,True,True,169260.53304550276,1.1157035247666604e-06,169260.53304550276,649498.9521230473,644401.5995960889,5097.352526958545,2022377.31086074,75.83595711405636,0.3208145593134689,9247.140511517218,28381.57087340161,4005.9002067107504,0.214168414267617,0.06752554585879456,0.4294212112439021,271993.29652472015,259854.39328936598,140201.4241117175,193.9077819631018,2488.5441911038697,2682.4519730669717,3.542314398451237e-07,3.9195796918548054e-07,3.6951411573605615e-07,34608.051578339895,37361.80769932397,31106.802369292192,2639652.8258578465,15660.57531554257,5031.525286392687,0.0,2660344.926459782,7191.318072580652,27416.73350553629,34608.05157811694,4523.02261961226,32838.78507945102,37361.80769906328,9278.924719538993,21827.87764951496,31106.802369053952,6583.619592719976,24249.672001578772,10473.94082008921,6583.619592,24249.672000000002,10473.940799999998,7.19976014806889e-07,1.5787700249347836e-06,2.008921183005441e-05,148865.0036565923,1618.7362292725345,9891.963159637884,5328.0,2397.46,1159.37,0.0
M0__S1__D1__start001__ndays366__20260324T080704Z,M0,S1,D1,296,2024-10-22,True,True,False,0.009088074165837368,True,True,119171.81968686293,0.0,119171.81968686293,975474.4607526773,972228.2257326753,3246.235020001899,1689239.3842427032,63.47022138880475,0.5255828176777056,8052.846638436388,39232.02562859766,7994.5262294265385,0.3019337637147157,0.08383493384149274,0.6442081946354768,190098.0369789697,168944.21751924406,154551.57795234627,194.0280295724436,2616.7447664413876,2810.7727960138313,0.0,0.0,0.0,33896.91152169591,37384.976797591415,32709.30959875564,2627973.41563668,15670.286873908959,5290.730824749931,0.0,2648934.433335339,8731.5579090898,25165.353612260442,33896.91152135025,3115.173377111363,34269.80342025349,37384.97679736485,19421.972672263553,13287.336925201678,32709.30959746523,6583.619592115018,24249.6720004598,10473.940802232179,6583.619592,24249.672000000002,10473.940799999998,1.150183379650116e-07,4.597968654707074e-07,2.232180122518912e-06,104765.97145707006,1606.827783188349,10401.560446604517,0.0,2397.46,0.0,0.0
M0__S1__D1__start001__ndays366__20260324T080704Z,M0,S1,D1,297,2024-10-23,True,True,False,0.009343744068816702,True,True,169213.54254351312,0.0,169213.54254351312,548057.4145124188,547774.9660030925,282.4485093264012,2262259.2640969018,80.5064664289303,0.3164339326383769,7944.507882074026,26585.701471861325,10701.306086041042,0.16835661178743233,0.15948311129177742,0.14077497948901446,271845.62013396097,318495.28764451365,240450.78339559224,193.3370734648001,2337.615431857834,2530.9525053226344,0.0,0.0,0.0,37371.21477553859,37251.84459791193,29220.19289645755,2783653.2871515835,15614.483181799967,4726.366201295412,0.0,2803994.1365346787,6390.250789641164,30980.963985825423,37371.21477546659,4644.303237713192,32607.54136012301,37251.8445978362,11830.75376952593,17389.43912686953,29220.19289639546,6583.619598985882,24249.672001160696,10473.940804320215,6583.619592,24249.672000000002,10473.940799999998,6.985881555010565e-06,1.160693500423804e-06,4.320216248743236e-06,153335.72356315685,1696.9676387213922,9292.02134163489,1332.0,2397.46,1159.37,0.0
M0__S1__D1__start001__ndays366__20260324T080704Z,M0,S1,D1,298,2024-10-24,True,True,False,0.00985639843423238,True,True,133975.47210899487,0.0,133975.47210899487,647959.8394489286,633664.3301710731,14295.509277855506,2176527.9699598644,77.45121107400557,0.47041965279836034,5124.409431847146,39258.8338735053,9167.308042131232,0.15869719207010172,0.1466290427441664,0.6855540937045034,218037.544186657,169474.08817339677,250445.3574121332,189.13117202867252,2237.567250799586,2426.6984228282586,0.0,0.0,0.0,37952.50817151788,36441.45896624033,27969.59063749355,2777642.5298605505,15274.80193979272,4524.081285212368,0.0,2797441.4130855557,3498.3662404495863,34454.141928195706,37952.50816864529,6230.939973041144,30210.518992973924,36441.458966015074,12424.902889507837,15544.687747780932,27969.59063728877,6583.619596140293,24249.672000321454,10473.94080198669,6583.619592,24249.672000000002,10473.940799999998,4.140292730880901e-06,3.2145180739462376e-07,1.9866911316057667e-06,119821.95885479901,1702.3534322675316,8894.329821928355,0.0,2397.46,1159.37,0.0
M0__S1__D1__start001__ndays366__20260324T080704Z,M0,S1,D1,299,2024-10-25,True,True,False,0.008261201100666575,True,True,113851.92235596498,0.0,113851.92235596498,855783.2815767773,844838.0798435934,10945.20173318394,2025912.9240945382,70.57083394956113,0.44380797807360417,9479.192606733483,38375.02137667515,5738.844071621686,0.24633183093743496,2.343163947896241e-08,0.6397696146686735,231386.17838067963,298350.01412422024,240298.77666200278,202.540844577053,2272.780520435948,2475.321365013001,0.0,0.0,0.0,37907.266887214566,39025.21090108141,28409.756507051585,2838698.1749957,16357.80740133342,4595.278114757263,0.0,2859651.2605117904,7609.57947223912,30297.687414967077,37907.26688720619,963.3777219561988,38061.83317910573,39025.210901061924,16094.129326854401,12315.627180178053,28409.756507032453,6583.61959210209,24249.672000454942,10473.940800416402,6583.619592,24249.672000000002,10473.940799999998,1.0208987077930942e-07,4.5494016376324e-07,4.1640305425971746e-07,99541.07622434011,1719.7135628919675,9034.302568732894,0.0,2397.46,1159.37,0.0
M0__S1__D1__start001__ndays366__20260324T080704Z,M0,S1,D1,300,2024-10-26,True,True,False,0.008294394918295036,True,True,58335.8880731746,1.0728440973001392e-06,58335.8880731746,1049665.3364442792,1025533.9209740686,24131.415470210406,1494235.075521193,59.30047863909427,0.49374041500217897,11361.051578415565,20777.254302743848,11381.843976802526,0.33736337597216065,0.7617459694196437,0.5624173732978023,147372.020204642,163239.93983194616,135832.8444141095,179.0153839017642,1655.3853660675884,1834.4007499693525,4.052232268896916e-07,3.331714931102932e-07,3.3444937730015454e-07,34346.54673278054,34492.36684039029,20692.317076186035,2486164.335183453,14457.820484830667,3346.9822870186686,0.0,2503969.137955302,7968.52493908749,26378.02179337278,34346.546732460265,8985.050553645156,25507.316286496913,34492.366840142065,14665.839668460487,6026.477407476046,20692.31707593653,6583.619592165298,24249.672000785285,10473.940800378969,6583.619592,24249.672000000002,10473.940799999998,1.652979335631244e-07,7.852831913623959e-07,3.789700713241473e-07,45351.28983036803,1515.6114126879481,6580.1568301186635,1332.0,2397.46,1159.37,0.0
M0__S1__D1__start001__ndays366__20260324T080704Z,M0,S1,D1,301,2024-10-27,True,True,False,0.007342388931533893,True,True,88817.67599932224,1.3792343050003419e-06,88817.67599932224,1210176.8426080942,1205963.6905761291,4213.152031965247,1240440.182589584,50.70463614760472,0.49237010701481915,6236.668146789546,16769.939867637157,5231.828841943483,0.4512709509308835,0.7512599101856947,0.477902550228966,130927.45564756257,103755.07438272011,85137.38021813912,171.46870504303007,1753.4006500707187,1924.8693551137487,4.6358361977992896e-07,4.38459318082603e-07,4.771913671378099e-07,33948.53951947535,33038.28613436935,21917.508124573636,2424386.553681016,13848.32801654564,3545.156939374026,0.0,2441780.0386369354,12989.237988908293,20959.301530477598,33948.5395193859,22795.78331832894,10242.502815992266,33038.2861343212,9830.908020032504,12086.600104454285,21917.508124486787,6583.619594215712,24249.67200217789,10473.940801970915,6583.619592,24249.672000000002,10473.940799999998,2.2157119019539095e-06,2.1778869268018752e-06,1.970916855498217e-06,71460.57771275517,1502.5007025359332,6969.767584031108,5328.0,2397.46,1159.37,0.0
M0__S1__D1__start001__ndays366__20260324T080704Z,M0,S1,D1,302,2024-10-28,True,True,False,0.009809504457141186,True,True,37522.561651233475,9.887649522191114e-07,37522.561651233475,2010165.5111163175,2010165.5111163175,0.0,541589.3448267487,21.224191797475413,0.4327107061524203,4127.1108841418745,38922.38670697716,12599.529706967553,0.7369864224781704,0.26267245194548783,0.7214106271366257,57224.441494262224,61635.641984192946,25535.34608060833,186.7046901364191,2172.2170112742633,2358.9217014106825,3.387813360498605e-07,3.2149575422175e-07,3.2848786194750103e-07,35406.0593774576,35973.928737488066,27152.71264292758,2521699.488081256,15078.831968706005,4391.951269670765,0.0,2541170.271319633,25067.324222783962,10338.735154335864,35406.059377119826,17430.834680101536,18543.094057083305,35973.92873718485,18381.9180558659,8770.794586751466,27152.712642617364,6583.6195921674425,24249.672000345738,10473.940800290635,6583.619592,24249.672000000002,10473.940799999998,1.6744252206990495e-07,3.4573531593196094e-07,2.906363079091534e-07,24882.612263582912,1607.9267678353488,8634.562619815197,0.0,2397.46,0.0,0.0
M0__S1__D1__start001__ndays366__20260324T080704Z,M0,S1,D1,303,2024-10-29,True,True,False,0.00910550547374122,True,True,17996.958761413545,9.952225615563058e-07,17996.958761413545,2540728.1651298204,2538708.630807881,2019.5343219394458,76276.98503195777,2.916917958168591,0.542201335774648,5148.651770708219,38713.28932911297,6735.956879175847,0.9448697227629876,0.7794692706875462,0.9174104998576877,7735.607607068805,8996.849924865823,8438.511893399324,185.71051019820328,2272.040017744617,2457.7505279428206,3.648603579598932e-07,3.1963347527618956e-07,3.10728728320223e-07,36663.117378905124,35782.37190751095,28400.500222210794,2590017.043211057,14998.53900860884,4593.780910878183,0.0,2609609.363130544,36279.89737848183,383.22000007491545,36663.117378556744,23670.251075210814,12112.12083199621,35782.371907207016,26528.09950218499,1872.4007197308524,28400.50022191584,6583.619592059118,24249.672000306273,10473.940800188482,6583.619592,24249.672000000002,10473.940799999998,5.911806510994211e-08,3.0627052183263004e-07,1.8848368199542165e-07,3750.540664028715,1658.2290268499771,9031.359070534854,0.0,2397.46,1159.37,0.0
M0__S1__D1__start001__ndays366__20260324T080704Z,M0,S1,D1,304,2024-10-30,True,True,False,0.009926969801919202,True,True,45128.994754767744,1.1949367273149664e-06,45128.994754767744,2074806.483016297,2073594.8330075573,1211.6500087396455,653557.1757867602,23.96482387777496,0.5535076102682525,5539.7236980965245,36193.88853085144,19325.331079606633,0.7085655209438224,0.7775369361999992,0.6731940474651144,59256.048202941725,64253.01376932559,81068.63762159749,191.7223508770078,2421.5055230472285,2613.2278739242365,4.1701652824741887e-07,3.8478851577026683e-07,3.9313168329728087e-07,37099.84137371494,36940.72271271482,30268.819038392958,2694999.2980307005,15484.07333210505,4895.981479416165,0.0,2715379.3528422215,25965.041856680404,11134.799516822266,37099.84137350267,26692.771364666278,10247.951347868655,36940.72271253493,21323.90117200418,8944.917866200587,30268.81903820477,6583.619593220454,24249.672000235543,10473.940800186614,6583.619592,24249.672000000002,10473.940799999998,1.2204536687931977e-06,2.3554093786515296e-07,1.8661557987798005e-07,31412.331029174475,1693.7192714805442,9625.484454112733,0.0,2397.46,0.0,0.0
M0__S1__D1__start001__ndays366__20260324T080704Z,M0,S1,D1,305,2024-10-31,True,True,False,0.005856034481875978,True,True,182832.50375301318,1.246140032848066e-07,182832.50375301318,831267.4657948848,830755.5408984805,511.92489640428164,1994273.6365561888,70.59302794008715,0.5193874480156863,7077.586072926111,32385.809299890283,19742.048851181815,0.23734767926866537,0.5776474020495589,0.2501332911566796,269530.9466723711,271921.3252206802,227004.19499070084,185.74390609438203,2369.2534244090684,2554.9973305034505,1.246140032848066e-07,0.0,0.0,37781.80075191159,35788.806562907295,29615.667793360626,2793389.607529826,15001.236161564018,4790.334267484023,0.0,2813181.177958874,11804.882463131293,25976.91828863172,37781.80075176301,22646.238747390875,13142.567815446468,35788.806562837344,11150.607166413722,18465.06062695315,29615.66779336687,6583.619627584017,24249.672006761582,10473.940812009101,6583.619592,24249.672000000002,10473.940799999998,3.558401658665389e-05,6.7615801526699215e-06,1.2009102647425607e-05,168153.05316602436,1704.8382249628153,9417.782362026046,0.0,2397.46,1159.37,0.0
M0__S1__D1__start001__ndays366__20260324T080704Z,M0,S1,D1,306,2024-11-01,True,True,False,0.00992336537290502,True,True,156757.96963716333,1.738990808581322e-06,156757.96963716333,720977.8556742775,716202.8706841561,4774.984990121459,2095329.8958389694,74.52624848580916,0.39357751045353134,12876.358659811827,26997.686564747903,6341.32145056711,0.21253427519080684,0.45487866884769856,0.28744309171764354,281779.45671848784,284275.8155897772,231341.81256909063,182.4023433402235,2376.972338441058,2559.3746817812817,7.209128531388042e-07,5.311697890925651e-07,4.869081663499526e-07,37767.36502969595,35144.960185014526,29712.154206922314,2784324.1775537985,14731.361509548326,4805.940946815876,0.0,2803861.480010163,4954.801623277202,32812.56340642909,37767.365029706285,19295.89256511822,15849.067620095719,35144.960185213946,4804.436746458903,24907.71746070646,29712.154207165368,6583.619592302743,24249.67200320724,10473.940835640966,6583.619592,24249.672000000002,10473.940799999998,3.0274259188445285e-07,3.207238478353247e-06,3.5640967325889505e-05,142051.5021647987,1701.1724270614363,9448.465045303206,0.0,2397.46,1159.37,0.0
M0__S1__D1__start001__ndays366__20260324T080704Z,M0,S1,D1,307,2024-11-02,True,True,False,0.006313138681619145,True,True,175914.4632848066,9.931817217358672e-07,175914.4632848066,638991.4612936545,634693.7005495566,4297.760744097903,1925832.4978041719,75.21237232574975,0.32312686465661367,10406.716164988005,26747.367242797947,8412.762755991453,0.2091786516072937,0.17767835764000062,0.5387609634883607,273686.52364078903,254834.8634304963,162525.76248753298,160.79058823309686,1977.9471224990434,2138.7377107321404,3.6870458520626244e-07,3.091183915446825e-07,3.153587449849222e-07,35605.252451072694,30980.84552015421,24724.339066543107,2536641.1737115425,12985.931206895031,3999.161838302971,0.0,2553626.2667567404,5520.682517003838,30084.5699337055,35605.25245070933,11255.301647215907,19725.54387263455,30980.845519850456,11679.777846693138,13044.56121953998,24724.339066233115,6583.619592062613,24249.672000334154,10473.940800647817,6583.619592,24249.672000000002,10473.940799999998,6.261325324885547e-08,3.341519914101809e-07,6.478185241576284e-07,158760.19252273158,1566.4709501413645,7862.339811933699,5328.0,2397.46,0.0,0.0
M0__S1__D1__start001__ndays366__20260324T080704Z,M0,S1,D1,308,2024-11-03,True,True,False,0.009876913818859826,True,True,98249.1158046281,0.0,98249.1158046281,913756.7571394192,907210.3626841535,6546.394455265846,1681107.0962565343,64.94980321867303,0.4626269196933641,7554.373225870891,25366.716019048545,13567.312446269394,0.2958828948876206,0.48495821468998046,0.5385743183129778,182994.00234163587,171440.1214910385,127199.21079197834,153.6932081203575,1974.3002003335687,2127.9934084539263,0.0,0.0,0.0,35844.17469717205,29613.334892777508,24678.7524963467,2561754.5566051,12412.725455857411,3991.7882176324833,0.0,2578159.07027859,6956.590234597867,28887.5844641398,35844.17469873767,11582.365043636863,18030.96985073257,29613.334894369436,15810.863063836765,8867.889434050456,24678.752497887217,6583.619599906233,24249.672005803608,10473.940808401172,6583.619592,24249.672000000002,10473.940799999998,7.906232895038556e-06,5.803605745313689e-06,8.401173545280471e-06,82441.92145018336,1565.891058118759,7847.8432963259365,3996.0,2397.46,0.0,0.0
M0__S1__D1__start001__ndays366__20260324T080704Z,M0,S1,D1,309,2024-11-04,True,True,False,0.004407956347892471,True,True,230487.61860689332,9.945075171619764e-07,230487.61860689332,677725.5632376298,677725.5632180895,1.9540261523090767e-05,2198849.343995571,76.43984303977136,0.46282485316739425,9818.498563741208,16337.101015324284,17927.216395649037,0.18009561898309337,0.47465700282359075,0.040107708237445326,322705.03223402094,361632.89231617696,286196.5340760696,166.37772395261413,2321.1059153905403,2487.483639343154,3.509551701589317e-07,3.2076853704858594e-07,3.227838099544588e-07,40008.1791508274,32057.36492949331,29013.823950734164,2846732.514476101,13437.165081306037,4692.986022680683,0.0,2864862.6655800873,9057.065937422894,30951.113213063232,40008.17915048613,13628.134474571187,18429.23045461103,32057.364929182222,5352.324914643968,23661.499035777095,29013.823950421065,6583.619592043768,24249.672000060276,10473.940800366096,6583.619592,24249.672000000002,10473.940799999998,4.3767613533418626e-08,6.02740328758955e-08,3.6609708331525326e-07,211955.76464513683,1752.6279488311868,9226.396013677399,3996.0,2397.46,1159.369999247919,0.0
M0__S1__D1__start001__ndays366__20260324T080704Z,M0,S1,D1,310,2024-11-05,True,True,False,0.009867961640280953,True,True,255705.7342388934,1.2126936767298322e-06,255705.7342388934,454319.3248397017,454319.3246123538,0.0002273479337397531,2329990.106812547,83.68287233147606,0.3682318754228013,9253.433268038743,34716.79733611933,11088.447128190548,0.13531667291894844,0.0,0.27035249088946206,442063.9321407323,446112.43817006575,329689.3185956392,159.1409112226259,2222.2911848143394,2381.4320960369655,3.9196774273092236e-07,4.08454860895394e-07,4.1227107310351584e-07,39014.87935189814,30662.988674250442,27778.639780248064,2760932.378701215,12852.698332962595,4493.194989301215,0.0,2778278.272023479,5265.413754235611,33749.46559749774,39014.879351733354,8442.741662711089,22220.247011358068,30662.988674069155,6504.233031573669,21274.4067484893,27778.639780062964,6583.619592627409,24249.672001019215,10473.940830605781,6583.619592,24249.672000000002,10473.940799999998,6.274085535551421e-07,1.0192125046160072e-06,3.060578274016734e-05,240454.23737203295,1701.6894072235746,8833.607459637,0.0,2397.46,2318.74,0.0
M0__S1__D1__start001__ndays366__20260324T080704Z,M0,S1,D1,311,2024-11-06,True,True,False,0.007231662626562021,True,True,253955.19485660188,0.0,253955.19485660188,609846.5769294143,607024.1605741447,2822.4163552696523,2200598.9917137334,78.37942887458054,0.35335738796456523,8289.35421517174,20470.06253213566,5182.990070340303,0.17167289649728792,0.39150931269358114,0.4919009643804864,437347.9465973716,357846.7616289493,294315.6412803171,163.1680508835152,2356.8998007832506,2520.067851666766,0.0,0.0,0.0,39439.9276081194,31438.930807133707,29461.247537372656,2781434.778792868,13177.942236675375,4765.356784716408,0.0,2799378.0778142596,3629.1173644594382,35810.81024341542,39439.92760787486,6718.515047168918,24720.41575976057,31438.93080692949,8950.002670599704,20511.244866582496,29461.2475371822,6583.619592041495,24249.672000258463,10473.940803280888,6583.619592,24249.672000000002,10473.940799999998,4.149478627368808e-08,2.5846020434983075e-07,3.2808893593028188e-06,237964.58638577414,1733.1017627143574,9368.67670811342,1332.0,2397.46,1159.37,0.0
M0__S1__D1__start001__ndays366__20260324T080704Z,M0,S1,D1,312,2024-11-07,True,True,False,0.008194465186038434,True,True,230164.488921217,0.0,230164.488921217,667521.7905777802,661959.6778511065,5562.112726673675,2105962.7646412393,76.08460166047672,0.422911335704778,9447.714337406269,24318.080311243422,7189.538358061637,0.1909135413248756,0.3117600530160326,0.623162290580527,361809.1617115926,330475.68789917056,288492.2998378216,166.71901838767135,2262.032825429562,2428.7518438172333,0.0,0.0,0.0,38651.23796431405,32123.12493076134,28275.410321442985,2741017.2280281587,13464.729045737258,4573.547618915429,0.0,2759055.504692811,3940.6787153586383,34710.559247963465,38651.2379633221,10865.604895788305,21257.520034645622,32123.12493043393,16996.23303212149,11279.177289550098,28275.41032167159,6583.619592002224,24249.67200001196,10473.940800009314,6583.619592,24249.672000000002,10473.940799999998,2.2237145458348095e-09,1.195803633891046e-08,9.315044735558331e-09,217073.4743518992,1701.9740882352448,8991.58048108251,0.0,2397.46,0.0,0.0
M0__S1__D1__start001__ndays366__20260324T080704Z,M0,S1,D1,313,2024-11-08,True,True,False,0.007820997021429943,True,True,275246.9963003959,0.0,275246.9963003959,411151.05536459235,406332.5610312801,4818.494333312251,2352905.8127748724,85.27374202647174,0.4242076886194437,9944.439956333967,26590.739865166135,8030.2468185753105,0.09602404557457321,1.447644612190721e-09,0.5052023114524273,431153.9830094312,398066.35925487627,322614.6397782281,155.62460443135993,2261.0732070661857,2416.6978114975454,0.0,0.0,0.0,39264.37158834039,29985.472916719675,28263.41508861313,2731627.9590792893,12568.710827644625,4571.6073905370085,0.0,2748768.2772974707,1789.3884357042398,37474.983152236004,39264.371587940244,5013.711467195382,24971.761449893103,29985.472917088482,14309.988723405466,13953.426364917204,28263.41508832267,6583.619592001808,24249.67200000728,10473.94080001517,6583.619592,24249.672000000002,10473.940799999998,1.8080754671245813e-09,7.275957614183426e-09,1.517219061497599e-08,262152.2121124214,1709.558189886359,8987.765998088089,0.0,2397.46,0.0,0.0
M0__S1__D1__start001__ndays366__20260324T080704Z,M0,S1,D1,314,2024-11-09,True,True,False,0.009796245898596739,True,True,191600.80361879195,0.0,191600.80361879195,695506.3789109305,692694.3696062474,2812.0093046830875,1742228.0813196637,71.55168661150414,0.35594833947049637,5999.224797342959,34107.42394596134,12346.556267670405,0.2284064842720834,2.0162437425951098e-09,0.6743665245305059,280695.87474246824,220343.69996371225,190661.08384373254,132.4505412935813,2001.3701263992657,2133.820667692847,0.0,0.0,0.0,35315.6556243862,25520.335509237866,25017.126575228296,2410495.6774628027,10697.103832104554,4046.5202243157673,0.0,2425239.301519223,5771.455853884427,29544.199770608255,35315.65562449268,1850.1342740814098,23670.201234874326,25520.335508955737,17654.581249021714,7362.545326338894,25017.126575360606,6583.619592550765,24249.672000467763,10473.940805073991,6583.619592,24249.672000000002,10473.940799999998,5.507654350367375e-07,4.677604010794312e-07,5.073992724646814e-06,179722.01774852595,1525.8796178289292,7955.446252437082,0.0,2397.46,0.0,0.0
M0__S1__D1__start001__ndays366__20260324T080704Z,M0,S1,D1,315,2024-11-10,True,True,False,0.009986909275780614,True,True,163535.75646142173,2.5985146895025387e-06,163535.75646142173,481320.94433535775,474083.6875490003,7237.256786357444,2010530.865890617,80.9192260065975,0.2873041594758073,9192.399330966802,33791.1145136164,9519.142216609636,0.15430184573988476,0.0,0.8362125404247266,232301.82445544167,243420.8830609659,185409.75747939153,143.71151293566226,1950.9406165695295,2094.6521295051916,8.674691220325668e-07,7.921674376117794e-07,9.388781298581924e-07,34575.991600843496,27690.079561394217,24386.75770534923,2463109.3194932654,11606.573749925277,3944.5580591482103,0.0,2478660.451302339,3313.4943084389165,31262.497293104454,34575.99160154337,594.5082831692309,27095.57127900021,27690.07956216944,18300.940920136734,6085.816785841016,24386.757705977754,6583.6195925430875,24249.67200302242,10473.940807156083,6583.619592,24249.672000000002,10473.940799999998,5.430874807643704e-07,3.0224182410165668e-06,7.15608439350035e-06,150714.44767856185,1509.4898319960325,7754.988950863881,0.0,2397.46,1159.37,0.0
M0__S1__D1__start001__ndays366__20260324T080704Z,M0,S1,D1,316,2024-11-11,True,False,True,0.03602961153089018,False,False,97618.85034538269,0.0,97618.85034538269,1316901.392753637,1270629.533852928,46271.85890070864,1445342.2588988715,53.216394321771034,0.4271443639759491,4974.1343623891535,22616.64055308101,5384.743166686362,0.4335346888932623,0.4766751353908705,0.35987854651376394,135326.09088991722,124586.8401686691,130688.51266751101,170.60452579213026,2276.005523099052,2446.610048891182,0.0,0.0,0.0,37228.7089616747,32820.31295819556,28450.06904362884,2690305.617240287,13778.534302726848,4601.798667037179,0.0,2708685.950210051,13415.481585439999,23813.227376716088,37228.70896215609,6656.176341959934,26164.136616781692,32820.312958741626,14786.593789398805,13663.475254820984,28450.06904421979,6583.619592924926,24301.136654403213,10473.940802458856,6583.619592,24249.672000000002,10473.940799999998,9.249260983779095e-07,51.46465440321117,2.458857125020586e-06,76867.53234860487,1659.9960424590874,9047.121954318733,5328.0,2397.46,2318.74,0.0
M0__S1__D1__start001__ndays366__20260324T080704Z,M0,S1,D1,317,2024-11-12,True,True,False,0.009656787327437667,True,True,57280.30484121017,0.0,57280.30484121017,1074762.969528889,1041397.0125883083,33365.9569405807,1821351.698838986,63.62247903801888,0.46968863240886183,7921.3887227692185,18243.018527664393,19401.93315677227,0.302199067563952,0.7560766447963392,0.8792961160448718,155224.6549416941,213093.02662246313,169020.33657179365,174.8644878297154,2263.232828645764,2438.0973164754796,0.0,0.0,0.0,39044.45431103918,33744.04419582097,28290.410359782007,2830383.6533402596,14122.581641370314,4575.973875419763,0.0,2849082.2088570497,5082.790803239159,33961.66350753658,39044.45431077574,16711.239658381623,17032.804537200616,33744.04419558224,23356.576279658755,4933.834079880559,28290.410359539317,6583.619592426137,24249.672002187017,10473.940801071467,6583.619592,24249.672000000002,10473.940799999998,4.261373760527931e-07,2.1870146156288683e-06,1.0714684322010726e-06,44161.70524804761,1724.789099295621,8996.350493866912,0.0,2397.46,0.0,0.0
M0__S1__D1__start001__ndays366__20260324T080704Z,M0,S1,D1,318,2024-11-13,True,True,False,0.008422196868369484,True,True,65026.23147875173,0.0,65026.23147875173,2118229.3321218,2118229.3321218,0.0,563112.6955540339,21.00115127953801,0.4041611455922343,7643.044045302621,22536.005731471716,11080.393857161534,0.7681960744132814,0.058304196586559595,0.20417799112013763,66840.04578878479,49260.44247388563,51823.397712390615,177.30423108388885,2339.7620255028696,2517.0662565867583,0.0,0.0,0.0,37595.063014844935,34162.66495005508,29247.02531968396,2656405.3707348444,14319.622639909749,4730.70634531719,0.0,2675455.6997200716,36152.812351153625,1442.2506633700555,37595.06301452368,16040.566869401568,18122.098080525713,34162.664949927275,12414.51111427796,16832.514205278392,29247.025319556353,6583.619593310361,24249.672000928964,10473.940800461367,6583.619592,24249.672000000002,10473.940799999998,1.3103608580422588e-06,9.28961526369676e-07,4.6136847231537104e-07,50482.843501296,1686.003926081841,9300.554051373907,0.0,2397.46,1159.37,0.0
M0__S1__D1__start001__ndays366__20260324T080704Z,M0,S1,D1,319,2024-11-14,True,True,False,0.0021188145291674157,True,True,199373.50612261007,0.0,199373.50612261007,960412.3176399714,960412.3176399714,0.0,1765056.9199370095,64.76157923933108,0.587125197853157,6288.270097560849,36422.41399365832,16476.31042713035,0.3056699275040018,0.7573576936917109,0.3377351511921298,231490.25454519616,284164.1208230162,231840.00692569985,175.77780762699388,2358.748230172365,2534.5260377993586,0.0,0.0,0.0,37418.652685216744,33868.55638399832,29484.35287786984,2696164.3577904534,14196.34409343563,4769.0940778798295,0.0,2715129.795961769,10682.8885055557,26735.764179275564,37418.652684831264,17180.07349062124,16688.482893084612,33868.55638370586,7389.073388151881,22095.27948940504,29484.352877556918,6583.619592019128,24249.672000074068,10473.940800053657,6583.619592,24249.672000000002,10473.940799999998,1.9127583072986454e-08,7.406561053358018e-08,5.365836841519922e-08,184760.5998120366,1680.0520956383136,9376.024214935152,0.0,2397.46,1159.37,0.0
M0__S1__D1__start001__ndays366__20260324T080704Z,M0,S1,D1,320,2024-11-15,True,True,False,0.00776835171954426,True,True,231140.32554409828,1.0401222371416644e-06,231140.32554409828,764784.6366026216,764065.4058919277,719.2307106939621,1893760.8194981506,71.2522437098088,0.4375069004831083,4184.776029556699,36632.511933100344,17208.04175852193,0.23604279847479487,5.296633461111604e-09,0.2579255740471838,315391.69141524413,325714.6062359641,232686.23400658497,167.79845505246135,2346.220086182229,2514.01854123469,3.7471582073840424e-07,3.21217774077363e-07,3.4418864232589726e-07,36845.75390141743,32331.10887344967,29327.7510768477,2628099.430084873,13551.907595335944,4743.763736751684,0.0,2646395.101416961,10674.73834273432,26171.01555837221,36845.75390110654,7144.714157605651,25186.394715586655,32331.10887319231,7572.483834040638,21755.267242526723,29327.75107656736,6583.619592189608,24249.672000230235,10473.94080079738,6583.619592,24249.672000000002,10473.940799999998,1.89607817446813e-07,2.3023312678560615e-07,7.973812898853794e-07,216606.92408801193,1650.346613512,9326.224842574362,0.0,2397.46,1159.37,0.0
M0__S1__D1__start001__ndays366__20260324T080704Z,M0,S1,D1,321,2024-11-16,True,True,False,0.008193082114838959,True,True,170981.2235856451,0.0,170981.2235856451,690675.0633379349,690675.0633379349,0.0,1605318.602739193,69.91825049247618,0.49770484722376934,8824.877334097986,34828.7407803445,17746.811645088903,0.22416354865294125,0.3683289009052745,0.07177515090053421,250596.47641711374,272107.1755188656,189960.7281585671,144.31398420771308,1928.0408877019167,2072.3548719096298,0.0,0.0,0.0,31847.816340333135,27806.162657724693,24100.51109259809,2266941.4143693345,11655.231140776783,3898.2576698489975,0.0,2282494.9031799603,6784.119021672098,25063.697320031242,31847.816341703336,9174.79623865775,18631.366420128703,27806.162658786452,3842.4796813262847,20258.03141225815,24100.511093584435,6583.619594151951,24249.67200311926,10473.940804388923,6583.619592,24249.672000000002,10473.940799999998,2.1519508663914166e-06,3.119257598882541e-06,4.388924935483374e-06,158344.02177806207,1416.4092789678714,7663.96252861512,0.0,2397.46,1159.37,0.0
M0__S1__D1__start001__ndays366__20260324T080704Z,M0,S1,D1,322,2024-11-17,True,True,False,0.00987319991439075,True,True,181737.66678150967,0.0,181737.66678150967,505423.35614071233,505423.35614071233,0.0,1681604.9100394044,76.88994861399348,0.3741958277965806,8954.78996132495,32330.39313892179,10172.674112407833,0.17582088712706356,0.2191185270859285,0.76801054238501,270808.72381340526,234143.58532167587,138789.67518748765,141.19178109823773,1950.8570179061107,2092.0487990043484,0.0,0.0,0.0,29892.32548696515,27204.582102813594,24385.71272723404,2163875.746576327,11403.0726329746,3944.389033079361,0.0,2179223.2082423805,3158.084108760421,26734.241377871895,29892.325486632315,8440.345963511922,18764.236138985976,27204.582102497898,12771.728486230004,11613.984240697548,24385.71272692755,6583.619592089615,24249.672000481198,10473.940801296041,6583.619592,24249.672000000002,10473.940799999998,8.961524144979194e-08,4.811954568140209e-07,1.2960426829522476e-06,165081.00549805653,1349.1746372763234,7754.656646176791,3996.0,2397.46,1159.37,0.0
M0__S1__D1__start001__ndays366__20260324T080704Z,M0,S1,D1,323,2024-11-18,True,True,False,0.009937416481932118,True,True,256139.36035131162,0.0,256139.36035131162,625772.9263292102,622105.4984021954,3667.4279270148368,1819301.06076513,74.51856201228635,0.33091443164717094,8856.926417706687,26948.96979796879,8957.279533016308,0.21090680640405793,0.07933247304684266,0.45791070564445935,396372.29259410524,329079.2195518495,221106.0832860765,161.98592084468325,2439.8224697315386,2601.808390576222,0.0,0.0,0.0,33135.694881808886,31211.160086398762,30497.780865750654,2415819.5659060115,13082.469861515237,4933.016055990992,0.0,2433835.051823518,5114.922949390235,28020.77193212908,33135.69488151931,4260.33261787463,26950.82746826971,31211.160086144337,15941.339322244876,14556.441543264307,30497.780865509183,6583.619592276992,24249.67200008576,10473.94080747803,6583.619592,24249.672000000002,10473.940799999998,2.7699206839315593e-07,8.575807441957295e-08,7.478030966012739e-06,236028.67199369596,1527.564040432846,9698.294317182867,5328.0,2397.46,1159.37,0.0
M0__S1__D1__start001__ndays366__20260324T080704Z,M0,S1,D1,324,2024-11-19,True,True,False,0.009826476147170662,True,True,170578.3543390057,0.0,170578.3543390057,1184393.0016165017,1184393.0016165017,0.0,1299616.0271475336,52.31929562648094,0.3899834539941754,6336.587291364696,21980.742170758647,6661.784611065329,0.4328732835401576,0.24260728909555007,0.39265414139478205,245851.99327850065,140398.18558059994,184557.3021916486,155.3546568304538,2445.7158469552523,2601.070503785706,0.0,0.0,0.0,34121.69498722357,29933.459890234746,30571.448093179024,2457628.4613247802,12546.909047602687,4944.93172806656,0.0,2475120.3021004493,14472.794533881628,19648.900453021575,34121.694986903196,5197.498811368534,24735.96107861575,29933.459889984286,14608.13813904647,15963.30995388096,30571.448092927436,6583.619592269963,24249.672000417388,10473.94080152351,6583.619592,24249.672000000002,10473.940799999998,2.6996258384315297e-07,4.1738530853763223e-07,1.523510945844464e-06,155746.2931861239,1553.510661234714,9721.72049164713,0.0,2397.46,1159.37,0.0
M0__S1__D1__start001__ndays366__20260324T080704Z,M0,S1,D1,325,2024-11-20,True,True,False,0.0061710161331301125,True,True,74664.1002078067,8.771989281869414e-07,74664.1002078067,1714976.2566421772,1704517.2587933543,10458.997848822648,882179.49875519,34.104480789284565,0.4949944622416356,8482.176442506327,23058.80093681363,11687.0812423749,0.6012442188308402,0.49923389204117996,0.5273681008331397,82264.51617758707,70506.79884116698,81915.18820964961,162.09081196930808,2420.5592257988883,2582.6500377681964,3.816149770974458e-07,2.0388560225084456e-07,2.9169834883865096e-07,34995.56838047884,31231.370321290888,30256.990318004217,2557838.5822224133,13090.941184021489,4894.068184668209,0.0,2575823.591591103,21276.153365834274,13719.415014262953,34995.568380097226,8982.785519115701,22248.5848019713,31231.370321087,13202.194512181617,17054.7958055309,30256.990317712523,6583.619592668369,24249.6720009306,10473.940806235825,6583.619592,24249.672000000002,10473.940799999998,6.683685569441877e-07,9.305986168328673e-07,6.235826731426641e-06,61056.519188757986,1588.3980977598771,9621.722922550582,0.0,2397.459998738184,0.0,0.0
M0__S1__D1__start001__ndays366__20260324T080704Z,M0,S1,D1,326,2024-11-21,True,True,False,0.006467528357150168,True,True,38111.8586246089,1.02884378710365e-06,38111.8586246089,2278763.976969312,2278763.976840933,0.00012837858523019236,392672.57198528934,14.698929389051822,0.476673172995381,4495.801003962984,21764.207664560814,3640.7235048696766,0.8009276784861705,0.8438448928542003,0.7541374359695426,32536.691554040743,33328.06178796699,25529.66238858766,159.64976423647013,2582.263884656179,2741.9136488926492,3.6166813081561054e-07,3.3092265074123883e-07,3.362530055468006e-07,36843.87308928929,30761.033572218235,32278.298562997003,2643237.8590310924,12893.794831861536,5221.0147917912145,0.0,2661352.6686547454,27610.597077622533,9233.276011349644,36843.87308897218,17715.544602010224,13045.48896992176,30761.033571931985,22307.659799912763,9970.638762792722,32278.298562705484,6583.619592272403,24249.67200060721,10473.940801752131,6583.619592,24249.672000000002,10473.940799999998,2.7240275812800974e-07,6.072077667340636e-07,1.7521324480185285e-06,21295.93163334151,1662.5980497590633,10264.498941508313,1332.0,2397.46,1159.37,0.0
M0__S1__D1__start001__ndays366__20260324T080704Z,M0,S1,D1,327,2024-11-22,True,True,False,0.008928727432026815,True,True,163225.24910118125,0.0,163225.24910118125,1261418.2658013753,1259177.4390350054,2240.826766369686,1491624.4306093547,54.22507695191441,0.4901839208981485,8496.571203092188,37882.32583790615,21735.490113829415,0.39416747486923337,0.3858567691680021,0.5192835657773764,186697.5712447396,221554.88954819003,174797.95516234514,171.8454180038888,2465.4962685465853,2637.341686550474,0.0,0.0,0.0,36637.4170413996,33110.87050941608,30818.703350531126,2718530.3306834255,13878.752487612112,4984.92526794157,0.0,2737394.0084389793,18567.412078174606,18070.004962806444,36637.41704098105,19367.537563169055,13743.332946786637,33110.87050995569,18340.229551613287,12478.473799455824,30818.703351069114,6583.619615131194,24249.672012389805,10473.940808292802,6583.619592,24249.672000000002,10473.940799999998,2.3131194211600814e-05,1.2389802577672526e-05,8.29280361358542e-06,149368.3578202087,1659.0836134998801,9800.347667472679,0.0,2397.46,0.0,0.0
M0__S1__D1__start001__ndays366__20260324T080704Z,M0,S1,D1,328,2024-11-23,True,True,False,0.0054856911079916625,True,True,122390.15302672201,1.0427983124895834e-05,122390.15302672201,471374.1802428992,459521.0027654934,11853.17747740576,2047261.4664610946,81.66889195984889,0.35592047991386,4426.078292809474,22961.493197399006,4709.689618549527,0.14291998319477328,0.276053207758775,0.49609776212192414,215384.6499219573,143579.39459900704,143097.96217843986,154.50342868071533,2279.8711085350697,2434.374537215785,3.3087575634811633e-06,3.638169740861158e-06,3.481055820553513e-06,33321.33532311418,29769.44674166616,28498.388413279696,2482423.9983443744,12478.161303733641,4609.614397973767,0.0,2499511.7740460816,2791.4508116368593,30529.88451739307,33321.33532902993,13653.331700948558,16116.115046312763,29769.446747261325,10324.099142363384,18174.28927667185,28498.388419035233,6583.619632157546,24249.672029948808,10473.941250024634,6583.619592,24249.672000000002,10473.940799999998,4.015754620922962e-05,2.994880560436286e-05,0.00045002463593846187,105596.53279818827,1510.302572106776,9062.487656426903,2664.0,2397.46,1159.37,0.0
M0__S1__D1__start001__ndays366__20260324T080704Z,M0,S1,D1,329,2024-11-24,True,True,False,0.006597084736333387,True,True,17346.602164919754,9.95322367719681e-07,17346.602164919754,1156722.6194154164,1153620.2539777197,3102.3654376967256,1274609.740713206,52.49131027538613,0.3703229328393903,6480.362434997119,17096.189565626908,9425.246985662749,0.41619910465826526,0.9539491531216296,0.6600263089776823,100528.09541450386,94639.32283827798,108469.14552751395,151.24270048700672,2225.061760262397,2376.304460749404,3.341082683802719e-07,2.746707798483829e-07,3.8654331949102626e-07,33720.14492522378,29141.17545919969,27813.272453421538,2401966.917169639,12214.81509366744,4498.796746530761,0.0,2418680.5290098367,4328.821840426671,29391.323084467112,33720.144924893786,12219.296463005547,16921.87899592417,29141.17545892972,19341.90533036388,8471.367122675809,27813.272453039688,6583.619592426395,24249.672002044772,10473.940800266606,6583.619592,24249.672000000002,10473.940799999998,4.2639476305339485e-07,2.0447696442715824e-06,2.6660745788831264e-07,4589.683264080153,1514.8384037965768,8844.62049704303,0.0,2397.46,0.0,0.0
M0__S1__D1__start001__ndays366__20260324T080704Z,M0,S1,D1,330,2024-11-25,True,True,False,0.008026522819916492,True,True,18078.960800639583,0.0,18078.960800639583,2087084.5644300694,2073207.0672536232,13877.497176446144,679918.9577798486,24.696252608762517,0.7317432130132353,8289.362573136705,37591.495817797666,22299.61201273087,0.7323280293245205,0.9999999227397425,0.7875565887206859,60228.546740558966,85086.03730732165,54645.95608724047,170.60452581381497,2624.784448806102,2795.388974619917,0.0,0.0,0.0,36917.7597640093,32713.50423144347,32809.80559955673,2728119.2968879985,13778.534304969124,5306.986057446862,0.0,2747204.8172504143,25658.700459606916,11259.059301520978,36917.75976112789,31393.73608196789,1319.7681492037605,32713.504231171646,26305.80355940848,6504.002039578232,32809.80559898671,6583.6195955448275,24407.94538479066,10473.940802115552,6583.619592,24249.672000000002,10473.940799999998,3.544827450241428e-06,158.27338479065656,2.115553797921166e-06,3566.20729584764,1681.7753207876945,10433.518184004257,0.0,2397.46,0.0,0.0
M0__S1__D1__start001__ndays366__20260324T080704Z,M0,S1,D1,331,2024-11-26,True,True,False,0.008752263493415525,True,True,348836.72372934746,9.968590658901598e-07,348836.72372934746,273413.68113020284,272270.7187863608,1142.962343842035,2346720.13021705,89.60398357672895,0.33454203441429575,6397.155463947699,31482.78405904119,9191.602477077835,0.0655276066057405,0.20936739415645975,0.7679930775824947,506932.28141649405,426823.29905755306,328438.3525703287,170.60452574774013,2630.2889179808662,2800.893443728606,3.894823025799265e-07,2.9302485540221587e-07,3.1435190790801756e-07,36096.47271557205,31514.894596844424,32878.61147698044,2593168.9569771,13778.534299118091,5318.1154060426215,0.0,2612265.6066822605,1177.085531725811,34919.3871834583,36096.472715184114,19807.36508457078,11707.529511982173,31514.894596552957,23880.574682367725,8998.03679429992,32878.61147666765,6583.6195920476075,25764.828388959366,10473.940800209399,6583.619592,24249.672000000002,10473.940799999998,4.760750016430393e-08,1515.1563889593635,2.0940024114679545e-07,330505.8065909544,1654.6886900632942,10455.398448973947,2664.0,2397.46,1159.36999935592,0.0
M0__S1__D1__start001__ndays366__20260324T080704Z,M0,S1,D1,332,2024-11-27,True,True,False,0.00980231366205223,True,True,282320.74870129704,0.0,282320.74870129704,530031.933437563,530031.933437563,0.0,2084724.7174454706,79.72920603305225,0.35915083262868824,7597.4072794140275,28954.86285794046,9145.040292954864,0.162158617448099,0.007892630167881408,0.7400036703080509,470905.18274557556,351837.1256435193,303091.7816450187,159.31261205322704,2506.6793088287923,2665.9919208820193,0.0,0.0,0.0,35522.706353434856,32211.22807577191,31333.491360631153,2589973.213486567,12866.565408137136,5068.192227538562,0.0,2607907.971122243,2220.2346401738087,33302.47171289216,35522.70635306598,8992.51265120339,23218.715424272184,32211.228075475577,22872.88921592557,8460.602144415887,31333.49136034146,6583.619592098269,24249.672000050745,10473.94080023398,6583.619592,24249.672000000002,10473.940799999998,9.826908353716135e-08,5.074252840131521e-08,2.3398206394631416e-07,267189.0385055408,1610.8299431617936,9964.05025259445,0.0,2397.46,1159.37,0.0
M0__S1__D1__start001__ndays366__20260324T080704Z,M0,S1,D1,333,2024-11-28,True,True,False,0.0096500964529016,True,True,273364.9391813829,0.0,273364.9391813829,575845.9988930258,575845.9988930258,0.0,2109641.4260971714,78.55711430504546,0.3489552600079458,6793.70745801875,35343.07135309404,9802.76416321649,0.18104755104915105,0.0,0.22479069496489226,459734.60496961937,316930.79410254036,328348.75526553224,175.26710568693858,2374.529036909302,2549.7961425962403,0.0,0.0,0.0,36500.675870133644,33770.15523718443,29681.612950882187,2660539.4211286884,14155.098269698876,4801.000896503647,0.0,2679495.5202948907,7326.1476874970995,29174.52818234018,36500.67586983727,1947.5154119885703,31822.639824950104,33770.15523693868,13701.732711742488,15979.880238870239,29681.612950612725,6583.619592786467,24249.672001455343,10473.940811043114,6583.619592,24249.672000000002,10473.940799999998,7.864673534641042e-07,1.455340679967776e-06,1.1043115591746755e-05,258719.28516852512,1650.071091143274,9438.752921714477,0.0,2397.46,1159.37,0.0
M0__S1__D1__start001__ndays366__20260324T080704Z,M0,S1,D1,334,2024-11-29,True,True,False,0.008157868080605599,True,True,309332.0187871082,0.0,309332.0187871082,440343.57015860855,440343.57015860855,0.0,2509982.8101762314,85.07475060746897,0.37482006015407626,7550.231062026024,36773.18705956952,17985.59178049162,0.11469715641473768,0.0,0.08383227779165185,490216.60772654857,361075.30153147434,344937.6363078096,180.21178105434848,2385.0374791508957,2565.2492602052444,0.0,0.0,0.0,40662.55554719988,34722.8865245089,29812.968498321872,2923710.480752303,14554.44511497894,4822.247653161034,0.0,2943087.173520443,5799.486219069442,34863.06932795065,40662.55554702009,209.7701385701077,34513.11638570344,34722.88652427355,3750.896296684895,26062.072201406125,29812.968498091017,6583.61959523621,24249.672000289767,10473.940802427827,6583.619592,24249.672000000002,10473.940799999998,3.2362104320782237e-06,2.8976501198485494e-07,2.4278288037749007e-06,294498.02146025305,1796.6433472303886,9480.523979624812,0.0,2397.46,1159.37,0.0
M0__S1__D1__start001__ndays366__20260324T080704Z,M0,S1,D1,335,2024-11-30,True,True,False,0.009364790611118794,True,True,263739.8814985449,0.0,263739.8814985449,532057.0683602348,531578.0403370765,479.0280231582412,2136994.473806018,80.08006012503762,0.3659814194269459,7899.131847592619,18103.41854667878,11749.843817021645,0.15406479332835601,0.6529060487726979,0.6865170467440219,369017.273989248,257903.46623355546,244273.19805988893,158.79168116335984,2080.410729692487,2239.202410855847,0.0,0.0,0.0,37778.49976228819,30595.69964640946,26005.13412020658,2644721.1798182153,12824.49346366898,4206.330444099119,0.0,2661752.003725983,269.688232046452,37508.811529977516,37778.499762023974,4670.749833995616,25924.94981217649,30595.699646172103,10639.632142993512,15365.501976975022,26005.134119968534,6583.6195986467355,24249.672000319384,10473.940803690106,6583.619592,24249.672000000002,10473.940799999998,6.6467355281929485e-06,3.1938179745338857e-07,3.69010740541853e-06,250266.78851301258,1646.6303350046815,8269.632650527636,0.0,2397.46,1159.37,0.0
M0__S1__D1__start001__ndays366__20260324T080704Z,M0,S1,D1,336,2024-12-01,True,True,False,0.0061675732192207,True,True,281538.3391990783,0.0,281538.3391990783,221193.85717868485,221193.85717868485,0.0,2347777.988491638,91.3897905283984,0.3746582250800993,11845.1180699241,24492.029555361383,13582.17001336407,0.05568299988167037,2.260439884096458e-09,0.14916808446340973,420485.51133459277,352420.9538047282,257883.81028441573,158.9625498903785,2067.98430675479,2226.9468566451683,0.0,0.0,0.0,35781.260725715394,30628.622330114307,25849.80383823705,2546051.2237324174,12838.293335655331,4181.2057702199,0.0,2563070.7228382924,1731.7270236352188,34049.53370173552,35781.26072537074,12661.845166170668,17966.777164231673,30628.62233040234,9279.949726171406,16569.85411107734,25849.803837248746,6583.619592025671,24249.672000079914,10473.94080020701,6583.619592,24249.672000000002,10473.940799999998,2.5671397452242672e-08,7.991184247657657e-08,2.0701190805993974e-07,268182.69756178476,1578.5740179433697,8220.23761935029,0.0,2397.46,1159.37,0.0
M0__S1__D1__start001__ndays366__20260324T080704Z,M0,S1,D1,337,2024-12-02,True,True,False,0.009511282179693636,True,True,357805.8550283184,0.0,357805.8550283184,386777.6556401561,382974.026505009,3803.6291351471086,2439274.960004968,86.43018286708295,0.3857956637717453,9381.610380727268,17883.801122698555,10193.978516417998,0.10208226882095801,0.5825174496524474,0.20845191035638796,580789.4065863979,459506.21906721976,278382.00364164275,196.04467789110603,2454.327494645583,2650.372172536689,0.0,0.0,0.0,39023.53146700925,37773.541018961456,30679.09368143394,2795273.8979766266,15833.15745372697,4962.343403237806,0.0,2816069.3988335915,104.06237696700767,38919.469089738806,39023.53146670583,9322.239590036785,28451.30142862678,37773.54101866357,7230.934617089799,23448.15906408052,30679.093681170318,6583.619597702879,24249.672000938273,10473.94080214169,6583.619592,24249.672000000002,10473.940799999998,5.702879207092337e-06,9.382711141370237e-07,2.1416908566607162e-06,341394.64834303816,1766.4248940641428,9755.951791216195,1332.0,2397.46,1159.37,0.0
M0__S1__D1__start001__ndays366__20260324T080704Z,M0,S1,D1,338,2024-12-03,True,True,False,0.009145455344872884,True,True,296491.73286863515,0.0,296491.73286863515,845100.0619754462,845100.0619754462,0.0,2112736.224221779,71.42843686382798,0.31803741274262937,7822.174054279344,20363.60124091268,10004.163384025807,0.25878026888085354,0.20717595284886142,0.34832132402890237,510360.8009955236,437488.0988203613,246816.76355294924,209.65108079186808,2665.915351825837,2875.5664326177052,0.0,0.0,0.0,40080.03427674377,40395.19861230125,33323.94190016081,2929107.465222439,16932.05144984962,5390.147602111181,0.0,2951429.6642743996,7695.465297112818,32384.568979294643,40080.03427640746,20305.54783167309,20089.650780292926,40395.198611966014,9394.91803039636,23929.02386945027,33323.94189984663,6583.619592031337,24249.67200012223,10473.940800118977,6583.619592,24249.672000000002,10473.940799999998,3.133663994958624e-08,1.2222881196066737e-07,1.1897827789653093e-07,280500.5594539219,1837.3298912055934,10597.013523507703,0.0,2397.46,1159.37,0.0
M0__S1__D1__start001__ndays366__20260324T080704Z,M0,S1,D1,339,2024-12-04,True,True,False,0.0067002626937367905,True,True,258119.85652958116,0.0,258119.85652958116,884418.2700173714,868674.002260299,15744.267757072377,2041905.18514192,70.15459994972282,0.5041230478078683,10224.304350441324,20396.06216041787,14173.794367253213,0.23480696372559917,0.9999999750154726,0.878296945313635,363190.24046987353,284241.16424462874,282476.21999815083,201.242857295095,2677.304287344235,2878.54714463933,0.0,0.0,0.0,38289.525542769064,38775.11701327696,33466.3035254015,2876240.6957796486,16252.978046981294,5413.1746060417045,0.0,2897906.8484326713,1084.6786351693972,37204.84690843354,38289.52554360294,18884.695281472304,19890.421732428742,38775.11701390105,27423.39361873726,6042.9099075675,33466.303526304764,6583.619593086468,24249.67200104643,10473.940866103514,6583.619592,24249.672000000002,10473.940799999998,1.0864678188227117e-06,1.0464282240718603e-06,6.610351556446403e-05,242152.31910525254,1768.422882135379,10642.284542193334,0.0,2397.46,1159.37,0.0
M0__S1__D1__start001__ndays366__20260324T080704Z,M0,S1,D1,340,2024-12-05,True,True,False,0.003526205371285962,True,True,340237.37526686204,1.0486996584954586e-06,340237.37526686204,538853.2544097158,535589.1752710638,3264.0791386518977,2509566.441701273,82.41176338293094,0.3633722490715529,8607.806748373869,23763.52939226647,9845.019897137936,0.14046558496301453,3.753038685495078e-07,0.19465884238048278,464295.0771575587,382397.86667634785,368506.24965183,203.5193904908976,2848.311814219077,3051.8312047099744,3.908905249133244e-07,3.1011366152267566e-07,3.4769547205945844e-07,40691.535426753806,39213.75539448978,35603.89774234028,3015663.6626737965,16436.837710630167,5758.930449375673,0.0,3037859.4308338026,6038.474268159995,34653.061158268516,40691.535426428505,21340.819351351507,17872.93604289374,39213.75539424524,10346.87409591742,25257.02364614075,35603.897742058165,6583.619592207291,24249.672000080645,10473.940801816963,6583.619592,24249.672000000002,10473.940799999998,2.0729112293338403e-07,8.0643076216802e-08,1.81696486833971e-06,323490.92141078983,1867.584394551163,11322.039461520833,0.0,2397.46,1159.37,0.0
M0__S1__D1__start001__ndays366__20260324T080704Z,M0,S1,D1,341,2024-12-06,True,True,False,0.009256440341803198,True,True,299866.8246759452,0.0,299866.8246759452,566843.6165278832,552510.1953079569,14333.421219926362,2724013.2168259574,83.13730360473384,0.481801781921903,12207.963910661018,23659.172419230006,4338.949769029838,0.11803956629986367,2.0804267035847458e-08,0.6678385718467548,392322.00356764934,321772.00066478364,379445.33365418017,199.95554413969356,2813.03538384486,3012.9909279845538,0.0,0.0,0.0,44054.95214796503,38527.07979607917,35162.94229954465,3242927.498321022,16149.010767166867,5687.605916712246,0.0,3264764.1150049013,1852.7454709309245,42202.20667670889,44054.95214763982,1493.203774390061,37033.87602137327,38527.079795763326,15667.075334094467,19495.86696505631,35162.942299150774,6583.619592006276,24249.67200003699,10473.940800640648,6583.619592,24249.672000000002,10473.940799999998,6.276422936934978e-09,3.6987330531701446e-08,6.406498869182542e-07,283154.99638493545,1973.1826402265508,11181.81565078332,0.0,2397.46,1159.37,0.0
M0__S1__D1__start001__ndays366__20260324T080704Z,M0,S1,D1,342,2024-12-07,True,True,False,0.006488040011437676,True,True,32737.815944673217,1.0503240231783482e-06,32737.815944673217,2199595.5912646605,2199595.5885486603,0.002716000407370792,670807.770019281,23.36980856773908,0.43747528907663485,3822.831347698222,18231.646362910065,9859.482301148302,0.734035077161856,0.5432213940058447,0.9599216610999026,66492.94175300252,47334.24988052165,70858.89341037051,173.15797782050933,2324.823044906396,2497.981022726905,3.5117443284237604e-07,3.457336703736797e-07,3.5341591996229244e-07,39861.79588460522,33363.77222176302,29060.28806188873,2843761.326649675,13984.758763630945,4700.501593920091,0.0,2862446.587007226,23761.37828657868,16100.417597732347,39861.79588431103,5850.316274480016,27513.455941038268,33363.772215518286,27895.600261970823,1164.6877975064156,29060.28805947724,6583.619592273664,24249.67200327357,10473.94080249328,6583.619592,24249.672000000002,10473.940799999998,2.736642272793688e-07,3.273566107964143e-06,2.4932814994826913e-06,18183.860255713622,1755.9540854566746,9241.171603502924,0.0,2397.46,1159.37,0.0
M0__S1__D1__start001__ndays366__20260324T080704Z,M0,S1,D1,343,2024-12-08,True,True,False,0.0031063758159058275,True,True,14431.570352939149,9.829689261343749e-07,14431.570352939149,2925215.356263075,2831560.0979888416,93655.2582742339,0.02199472562777626,7.767705680183087e-07,0.48871409182077175,7029.929387989471,16000.598217168517,11927.877447991545,0.9020699236781324,0.7823774196152543,0.6310901272228198,0.0017453431350203112,0.0015588615508676203,0.0021436167842707127,170.60452587258942,2298.9722675703733,2469.5767934429628,3.292290445135125e-07,3.2450585377722126e-07,3.2923402784364115e-07,39437.26278025909,31977.55019467069,28737.15334738655,2790857.192285642,13778.534309201208,4648.234553493865,0.0,2809283.9611483375,37742.31362187334,1694.9491580566244,39437.262779929966,18048.349270715902,13929.200923630555,31977.550194346455,22542.69463102622,6194.458716031359,28737.15334705758,6583.6195930942595,25143.899433704268,10473.940800065753,6583.619592,24249.672000000002,10473.940799999998,1.0942594599328004e-06,894.2274337042654,6.575464794877917e-08,1.13243016499905e-05,1736.3255780312081,9138.414763592235,0.0,2397.46,1159.3699999914036,0.0
M0__S1__D1__start001__ndays366__20260324T080704Z,M0,S1,D1,344,2024-12-09,True,True,False,0.009916955156771897,True,True,39822.76045406329,0.0,39822.76045406329,2349213.248860593,2329059.6208877745,20153.62797281851,936340.2638412875,28.67459719773273,0.5058737023404462,13191.558687109411,22879.43467000675,15507.188528480032,0.6537739008226942,0.9999995621939121,0.9489927501295394,81014.58524429452,112655.05716813893,91711.31632993469,183.7967456786601,2737.9080835533787,2921.7048292320387,0.0,0.0,0.0,43929.4217121527,36307.85858521305,34223.85104248792,3232171.7424217537,14843.97763366195,5535.707906447322,0.0,3252551.427961863,26909.483362859646,17019.93834911488,43929.42171197453,33273.159600578656,3034.6989846758415,36307.85858525449,29934.376862779656,4289.474179726987,34223.85104250665,6583.61959208123,24249.672000689967,10473.940802216744,6583.619592,24249.672000000002,10473.940799999998,8.122970029944554e-08,6.899645086377859e-07,2.2167459974298254e-06,20775.552904324308,1943.1929176142976,10883.184632124681,2664.0,2397.46,1159.37,0.0
M0__S1__D1__start001__ndays366__20260324T080704Z,M0,S1,D1,345,2024-12-10,True,True,False,0.001799826698877034,True,True,329759.86397930403,1.0598091837153608e-06,329759.86397930403,683341.6908956734,677675.4038138288,5666.287081844497,2553834.430353523,79.02913998129787,0.5376990103987542,8672.808081771955,33374.69356692932,11774.16901901171,0.15640414875413367,0.5030779245056946,0.32661959160154186,521968.008330676,812250.9038838183,486133.83764436416,194.4410002371041,3001.8654838269076,3196.306484064012,3.6681312209111373e-07,3.436969736114464e-07,3.4929908801280053e-07,43048.233067628185,37464.547252664226,37523.318545601825,3197269.9816798195,15703.639626086508,6069.3967751161035,0.0,3219043.0180810224,5441.876553220494,37606.356514113155,43048.233067333655,25424.309618417206,12040.23763397566,37464.54725239286,12075.359771910084,25447.958773414757,37523.318545324844,6583.619592043905,24249.672000196624,10473.940804754919,6583.619592,24249.672000000002,10473.940799999998,4.390494723338634e-08,1.966218405868858e-07,4.754920155392028e-06,308324.240097546,1950.3785835460035,11932.415298211958,3996.0,2397.46,1159.37,0.0
M0__S1__D1__start001__ndays366__20260324T080704Z,M0,S1,D1,346,2024-12-11,True,True,False,0.0016745420186870194,True,True,360056.0401636792,9.972403972153535e-07,360056.0401636792,462823.46036865294,462823.46036865294,0.0,2719537.0695258174,85.45659877248414,0.42757539804168654,5263.407922245703,39906.78583613542,18806.947689221386,0.10773013846357125,9.065453576026955e-10,0.032070457806754805,817466.2317424427,799663.3355716375,528336.4808904153,203.77627500339474,2903.0398163523396,3106.8160913557344,3.3609348747439503e-07,2.866189677895329e-07,3.745279419514256e-07,42347.8085906827,39263.25144622641,36287.997709483476,3150390.763929422,16457.584475996842,5869.583628687589,0.0,3172717.9320341065,5613.052565888236,36734.75602446636,42347.8085903546,10026.425066552849,29236.82637939533,39263.251445948175,7470.461724852132,28817.5359842654,36287.99770911753,6583.619592244022,24249.67200006135,10473.940800041964,6583.619592,24249.672000000002,10473.940799999998,2.440219759591855e-07,6.134723662398756e-08,4.1965904529206455e-08,344190.4055012616,1928.591392417168,11539.58327000055,0.0,2397.46,0.0,0.0
M0__S1__D1__start001__ndays366__20260324T080704Z,M0,S1,D1,347,2024-12-12,True,True,False,0.0032456602092552672,True,True,327659.5569887109,0.0,327659.5569887109,686703.2842645546,684838.8447770048,1864.4394875498701,2342820.594227535,77.38058528134287,0.5222382537920361,7763.84846847476,39354.446010742606,4578.988332394993,0.18168509954464104,5.2164982586598814e-09,0.5588688348429028,662859.4518034342,543112.7457453941,493436.59764937125,198.01949572806234,2647.8853885699236,2845.904884297986,0.0,0.0,0.0,40884.690580318565,38154.04541962139,33098.56735652227,2995498.3076852835,15992.64967810866,5353.693270018857,0.0,3016844.650633411,6674.992093330266,34209.69848671158,40884.690580041846,4341.026282355998,33813.01913703882,38154.04541939481,10508.410060833088,22590.1572954156,33098.56735624869,6583.619592110332,24249.67200034337,10473.940800962526,6583.619592,24249.672000000002,10473.940799999998,1.103317117667757e-07,3.4336699172854424e-07,9.625273378333077e-07,311728.23668905813,1849.1458800872676,10525.344419565448,0.0,2397.46,1159.37,0.0
M0__S1__D1__start001__ndays366__20260324T080704Z,M0,S1,D1,348,2024-12-13,True,True,False,0.0032119742388876846,True,True,341308.5346370027,9.881191517144278e-07,341308.5346370027,590869.8402023045,584221.9151439515,6647.925058352929,2431252.54783283,80.62587090964033,0.4403072645463577,8064.176226486023,26858.219007686857,10959.088864764775,0.1536964400468149,0.04980243270444029,0.2655000353590658,701619.6512055575,536864.4602699189,505667.37437899667,204.88589932140536,2630.0019489334086,2834.887848254814,3.3620276036252784e-07,3.235157092370126e-07,3.284006821148873e-07,40776.1729012137,39477.05189291679,32875.02436283869,2984151.8885793732,16547.201071206262,5317.535190499785,0.0,3006016.6248410796,6170.895810096142,34605.27709078259,40776.17290087874,2811.0939699657015,36665.957922628695,39477.0518925944,12049.840263667562,20825.184098843973,32875.02436251154,6583.619592025732,24249.67200013116,10473.940800117884,6583.619592,24249.672000000002,10473.940799999998,2.573233359726146e-08,1.3115641195327044e-07,1.1788506526499987e-07,326604.968090599,1851.8487993934925,10454.257747010299,0.0,2397.46,0.0,0.0
M0__S1__D1__start001__ndays366__20260324T080704Z,M0,S1,D1,349,2024-12-14,True,True,False,0.007932595484636342,True,True,288009.12234545243,0.0,288009.12234545243,446588.5890056974,446427.6397112959,160.9492944015014,2255306.834752081,83.47625779176668,0.36717126717684057,5465.643351848231,35015.62737849392,11303.258374352314,0.12436735811780515,0.06495737537747688,0.4204443485734589,486562.47909621696,281115.59012650896,386642.50458278676,168.57799147448446,2007.8253630418922,2176.4033545163766,0.0,0.0,0.0,38456.0743927765,32481.308569590892,25097.81703849732,2676945.6920589944,13614.865299893043,4059.5719059003122,0.0,2694620.129264788,3646.181350923659,34809.89304141067,38456.074392334325,2525.3833511351404,29955.925218250588,32481.308569385732,12680.105573279856,12417.71146486199,25097.817038141846,6583.619591955093,24249.67200002206,10473.94080004817,6583.619592,24249.672000000002,10473.940799999998,-4.4907210394740105e-08,2.2057065507397056e-08,4.817229637410492e-08,275956.462410011,1674.0941173499325,7981.105818091522,0.0,2397.46,0.0,0.0
M0__S1__D1__start001__ndays366__20260324T080704Z,M0,S1,D1,350,2024-12-15,True,True,False,0.009521292415073282,True,True,206770.36640679595,0.0,206770.36640679595,660056.4259141982,651459.06899427,8597.356919928076,2168246.822441723,76.89620499170213,0.4061398484208105,10081.44490759159,29798.08723932444,6469.24942144853,0.17008271925207863,0.03931108082226708,0.506320467189774,290446.21042053174,221060.92240761052,285883.4696311972,167.84251823436307,2049.374051757733,2217.216569992096,0.0,0.0,0.0,39289.28500687373,32339.598889336135,25617.17564653801,2790045.86862999,13555.466270349829,4143.578160897667,0.0,2807744.913061238,4503.134108211398,34786.15089320757,39289.285001418975,1354.5672891498534,30985.031599867634,32339.598889017492,11327.126760299532,14290.048885959859,25617.17564625939,6583.619592023271,24249.672000120532,10473.94080078656,6583.619592,24249.672000000002,10473.940799999998,2.3271240934263915e-08,1.2052987585775554e-07,7.865619409130886e-07,193362.2025183718,1705.0720326871406,8146.26185573699,0.0,2397.46,1159.37,0.0
M0__S1__D1__start001__ndays366__20260324T080704Z,M0,S1,D1,351,2024-12-16,True,True,False,0.008729832071095279,True,True,262165.5466171236,0.0,262165.5466171236,798299.328775794,796623.1834046659,1676.1453711280349,2271203.711607721,74.03298130348227,0.5180640619703781,8578.20574574241,33207.584033769206,11577.737645258467,0.2080598360014161,0.31783747710580645,0.09590634283677943,423273.8425024365,470375.82935958105,398215.38771546516,195.7546539405306,2417.019686365492,2612.7743403060226,0.0,0.0,0.0,41662.41651203752,37717.659699866206,30212.745442205858,3035621.6914930753,15809.734247807108,4886.911678663041,0.0,3056318.3374195453,8226.027729041685,33436.38879148963,41662.41652053132,6987.448979231805,30730.210728440878,37717.65970767268,7348.312895447073,22864.432555557774,30212.74545100485,6583.619595327391,24249.672019684855,10473.941436299307,6583.619592,24249.672000000002,10473.940799999998,3.327390913909767e-06,1.968485230463557e-05,0.000636299308098387,244485.75714365407,1851.3062201667362,9607.653253302831,2664.0,2397.46,1159.37,0.0
M0__S1__D1__start001__ndays366__20260324T080704Z,M0,S1,D1,352,2024-12-17,True,True,False,0.009727213797158995,True,True,305352.8131783092,9.885506038657005e-07,305352.8131783092,505105.8845718827,502074.9945238396,3030.8900480430993,2552182.67981005,83.56147227711105,0.46311634647414596,9575.45572488769,18606.93040103905,12708.896142868185,0.1192629778003173,0.7351919284842225,0.46436834453773046,539060.6673376886,452041.9935084452,542923.2133858972,209.93608235323973,2346.855198272959,2556.791280626199,3.557566207575394e-07,2.93519295601275e-07,3.3927468750688617e-07,41882.51909060535,40450.11222675607,29335.690615022133,3023438.7184419744,16955.069032598083,4745.047854008152,0.0,3045138.835328581,7.169289054009766e-05,41882.51901855778,41882.51909025067,14956.65488935245,25493.45733711117,40450.11222646362,11219.932662708696,18115.757951975247,29335.690614683946,6583.619592036284,24249.67200001164,10473.94080002803,6583.619592,24249.672000000002,10473.940799999998,3.628429112723097e-08,1.163789420388639e-08,2.8030626708641648e-08,290598.48942490533,1868.7443402689623,9328.749413135014,0.0,2397.46,1159.37,0.0
M0__S1__D1__start001__ndays366__20260324T080704Z,M0,S1,D1,353,2024-12-18,True,True,False,0.009913833538068588,True,True,246700.77207529545,4.793062240933986e-06,246700.77207529545,743263.5369101022,743263.5355196507,0.0013904515473201328,2343125.5822172603,75.91802241498806,0.34845179452452496,7563.0756860819865,29647.542246542103,10081.229348347186,0.219784797532001,3.252361619425641e-07,0.12060674461402997,388968.92738037277,249084.84204965387,487204.8112422227,218.19011371910227,2172.8302074778176,2391.0203211969197,1.472696227579755e-06,1.7452944915421065e-06,1.5750715218121245e-06,41987.67031193729,42040.48430126354,27160.377503244403,3057962.1878833384,17621.689415599398,4393.19107583018,0.0,3079977.068374768,8400.907041257055,33586.76327292751,41987.670314184565,16085.77072566104,25954.713577577677,42040.484303238714,6388.850586294222,20771.52691909563,27160.37750538985,6583.619622123755,24249.67203800501,10473.94089023922,6583.619592,24249.672000000002,10473.940799999998,3.01237550957012e-05,3.800500780926086e-05,9.02392221178161e-05,232641.12591651254,1865.8160840585301,8637.000074724323,0.0,2397.46,1159.37,0.0
M0__S1__D1__start001__ndays366__20260324T080704Z,M0,S1,D1,354,2024-12-19,True,True,False,0.008690836213894352,True,True,72246.36163026805,0.0,72246.36163026805,1636283.1247809478,1590948.4158069375,45334.70897400999,1462583.7059679385,47.898094653669695,0.5478475103037027,8420.919504358228,39054.78812154866,19924.51378477411,0.4670236840288483,0.8904552127866234,0.038416051844754315,144682.62826461985,154124.69983569294,245767.17899164133,214.12135289246106,2235.4544808134633,2449.575833705924,0.0,0.0,0.0,40995.69255319463,41256.522753040146,27943.181100467846,3018274.556241522,17293.08406135442,4519.809528398936,0.0,3040087.4498312753,18310.094709194014,22685.59784382905,40995.692553023066,25289.772793887132,15966.749958996954,41256.522752884084,1740.0325678708757,26203.14853240394,27943.181100274815,6583.619594192023,24249.672000578725,10473.94080027407,6583.619592,24249.672000000002,10473.940799999998,2.192023202951532e-06,5.787223926745355e-07,2.740707714110613e-07,57970.06935678287,1833.5307122516544,8885.931561233518,0.0,2397.46,1159.37,0.0
M0__S1__D1__start001__ndays366__20260324T080704Z,M0,S1,D1,355,2024-12-20,True,True,False,0.0072116048944399404,True,True,265759.7102815691,1.2582059841393142e-06,265759.7102815691,598005.598569112,595733.6671564045,2271.9314127075786,2413800.0873028086,80.20511761086885,0.41888860357660196,11832.156706742566,21556.51328729875,5620.338518344211,0.1572231053784859,0.5870898157000939,0.6930300339046935,326323.8505426424,413900.01999108377,452422.14238973864,213.66888820967228,2213.22602506742,2426.894913277092,4.3574640035194673e-07,4.1164543127890726e-07,4.1081415250846026e-07,40664.02612998512,41169.342622696175,27665.325271116315,2979574.0199136008,17256.54165356282,4474.866369442254,0.0,3001305.4279366056,2878.0773137906554,37785.948816028846,40664.0261298195,25458.382611397406,15710.960011155494,41169.3426225529,11427.376331920514,16237.948939053409,27665.325270973924,6583.619592140807,24249.67200047923,10473.940842758911,6583.619592,24249.672000000002,10473.940799999998,1.4080706023378298e-07,4.792273102793843e-07,4.275891296856571e-05,247589.5012851343,1819.8055467919191,8797.573449642994,3996.0,2397.46,1159.37,0.0
M0__S1__D1__start001__ndays366__20260324T080704Z,M0,S1,D1,356,2024-12-21,True,True,False,0.008761545580883613,True,True,168793.8824508759,2.834212633238063e-06,168793.8824508759,609366.8980957125,604806.6786219659,4560.219473746585,2107329.736513761,77.69999048548232,0.41080318583410946,11485.065684303796,22553.78362645332,11824.640023831767,0.16744425465957213,0.760909659591931,0.6369741427806576,244028.43685071147,310433.24758838,315491.1498015906,178.39040220306907,1981.9107723729462,2160.3011745760155,9.461474901588957e-07,9.5425536008501e-07,9.338097829941575e-07,36875.99986299264,34371.946461170715,24773.884636721607,2683821.324130158,14407.345084284862,4007.1758428915505,0.0,2702235.8450573343,373.72053113939273,36502.27933271793,36875.99986385732,21104.317896515924,13267.628565511275,34371.946462027205,15526.692189615038,9247.192447983522,24773.88463759856,6583.619595186131,24249.672014214226,10473.940860625815,6583.619592,24249.672000000002,10473.940799999998,3.186130925314501e-06,1.421422348357737e-05,6.062581633159425e-05,156888.28344751144,1630.0436831820402,7878.095320182461,0.0,2397.46,0.0,0.0
M0__S1__D1__start001__ndays366__20260324T080704Z,M0,S1,D1,357,2024-12-22,True,True,False,0.0032040774103261334,True,True,61540.48745445722,1.0277063523071474e-06,61540.48745445722,1199261.333081631,1197116.6329018557,2144.700179775405,1465490.5443191263,55.03968279123656,0.29650823343705274,4311.636480845243,19354.32517633156,4806.238990420735,0.41398719011690915,0.08591858720554175,0.4405840825834013,115947.20083039353,86222.9601976239,112757.0795632262,191.64844939496635,2235.58683506408,2427.2352844590464,3.180297011387981e-07,3.473431569831368e-07,3.6233349418521266e-07,35618.09227356216,36926.48351986981,27944.835498080596,2633108.586620773,15478.104826280774,4520.07713214714,0.0,2653106.7685792013,12682.613526665009,22935.478746610897,35618.092273275906,20478.75568671399,16447.727832861696,36926.48351957569,12094.406496941529,15850.429000829843,27944.835497771375,6583.619592054674,24249.67200045444,10473.940801184235,6583.619592,24249.672000000002,10473.940799999998,5.467427399707958e-08,4.544381226878613e-07,1.184236680273898e-06,43474.532289183015,1626.6674958944786,8886.457669379719,3996.0,2397.46,1159.37,0.0
M0__S1__D1__start001__ndays366__20260324T080704Z,M0,S1,D1,358,2024-12-23,True,True,False,0.00802447553940898,True,True,26067.1719058277,1.6611110623320936e-06,26067.1719058277,1425138.3272403097,1398085.4819164379,27052.845323871778,1405114.7745266487,50.1253797796653,0.46706499082376896,12611.089703104097,21809.501264870767,12232.791658786213,0.44174692566800355,0.9999999476179486,0.798103337156488,108224.47817448735,195972.34138710264,168311.91490373402,203.27447835869702,2609.104931727623,2812.3794100863197,5.753767298554067e-07,5.963778028288707e-07,4.893565296478162e-07,35426.329296328215,39166.56615749603,32613.811629486794,2771126.23343064,16417.057870693126,5275.284033859618,0.0,2792818.5753351925,10299.521916459516,25126.807379972863,35426.32929643238,18179.954947959053,20986.611209618994,39166.566157578054,25792.32455221261,6821.487077463002,32613.811629675612,6583.619592242238,24249.672000844166,10473.940818408348,6583.619592,24249.672000000002,10473.940799999998,2.42237547354307e-07,8.441638783551753e-07,1.840834920585621e-05,11630.234451320022,1668.2853521772263,10371.192103617303,0.0,2397.459998713154,0.0,0.0
M0__S1__D1__start001__ndays366__20260324T080704Z,M0,S1,D1,359,2024-12-24,True,True,False,0.009947774429976934,True,True,147748.0066138451,1.6950564916607479e-06,147748.0066138451,665293.8999239986,655510.022587961,9783.877336037538,2210630.0250489092,77.12916983493432,0.4025775317287538,9687.830654345436,37723.1419818209,9744.110233876358,0.17253063321853745,2.9153578342627086e-08,0.8549971924624279,194803.3652839101,276752.9907172701,262127.00491215225,194.11482014907665,2753.6459214461615,2947.760741595238,5.413892758807078e-07,6.284472800517522e-07,5.252199357282881e-07,36617.71931636435,37401.69944423153,34420.5740294102,2833590.4393251822,15677.296341825335,5567.5278474383285,0.0,2854835.2635144456,3858.487982514426,32759.231334019267,36617.719316533694,14342.005670127957,23059.693774185864,37401.699444313825,30456.281506998806,3964.292522596908,34420.574029595715,6583.619592213324,24249.672007523222,10473.940807264999,6583.619592,24249.672000000002,10473.940799999998,2.1332380129024386e-07,7.523220119765028e-06,7.265000022016466e-06,127538.4363456395,1710.9977304570577,10945.742537748494,3996.0,2397.46,1159.37,0.0
M0__S1__D1__start001__ndays366__20260324T080704Z,M0,S1,D1,360,2024-12-25,True,True,False,0.00991344837721341,True,True,214870.42596513862,9.944317427537902e-07,214870.42596513862,779899.7712547448,776208.4063106012,3691.3649441438706,2248735.6132611968,74.33974310637065,0.6267600587376171,13532.208696574897,34741.45224146576,6550.957301137445,0.20388185504868953,0.29421512321513005,0.5753151905344159,257301.2228517711,353158.2918743561,283599.57002645906,192.49553516794276,2958.9281253946237,3151.4236605625665,3.4461317222977487e-07,3.2880528954358133e-07,3.2101328098043405e-07,38740.866461605816,36822.49145113939,36986.6015743959,2991153.133953038,15546.51801945965,5982.582803532573,373.0049973192001,3013055.2397733494,4813.671999663316,33927.19446160544,38740.86646126876,12252.800357172777,24569.69109364569,36822.49145081847,19185.998492048704,17800.603082034067,36986.60157408277,6583.619592009614,24249.67200002823,10473.940800618213,6583.619592,24249.672000000002,10473.940799999998,9.614268492441624e-09,2.82270775642246e-08,6.182144716149196e-07,192756.66621171666,1799.1904549784244,11761.73929844363,3996.0,2397.46,1159.37,1000.0
M0__S1__D1__start001__ndays366__20260324T080704Z,M0,S1,D1,361,2024-12-26,True,True,False,0.006165395683614368,True,True,334686.34371234145,1.8436610072902063e-06,334686.34371234145,545931.3827942695,541384.7373231193,4546.645471150194,2477417.936563257,82.06624295101255,0.4047174613763323,7119.457085145342,37726.654686998445,7673.749531465194,0.1433198526441683,0.0,0.3424208472047379,405608.737490726,374180.4268441394,397781.4658348394,194.16565905068944,2967.433138869857,3161.5987979205465,5.595490525109694e-07,7.759210279953808e-07,5.081909267838559e-07,40198.957340617024,37411.495000102965,37092.91423341076,2989841.9272057554,15681.402244255682,5999.778877681593,0.0,3011523.108327693,5653.178029654331,34545.77931126674,40198.95734092107,5582.680617472072,31828.814382718563,37411.49500019063,14895.06801560455,22197.846218161616,37092.91423376617,6583.619592082343,24249.672000535196,10473.94080303728,6583.619592,24249.672000000002,10473.940799999998,8.23429218144156e-08,5.351939762476832e-07,3.03728120343294e-06,314646.19647487224,1851.1405104615349,11795.546727007684,3996.0,2397.46,0.0,0.0
M0__S1__D1__start001__ndays366__20260324T080704Z,M0,S1,D1,362,2024-12-27,True,True,False,0.007832776831301657,True,True,302469.8232005263,0.0,302469.8232005263,656445.8669021253,645939.2891996377,10506.577702487655,2280668.832072179,77.92873994626476,0.46581217259531726,9819.93262454891,26714.19061893124,5885.6563422721765,0.16803873442518974,6.009451770708072e-09,0.5613436171590351,396140.43338159216,333425.4135479384,359303.27241764765,190.41516548653283,2887.358007742906,3077.7731732294387,0.0,0.0,0.0,38767.531068634664,36688.85654916931,36091.97509973397,2894757.9974897928,15378.501110855103,5837.8769719065485,0.0,2915974.3755725543,4085.854252259729,34681.67681601138,38767.53106827111,1200.9761158698936,35487.88043304725,36688.85654891714,17952.358430734326,18139.61666870714,36091.97509944147,6583.619592008342,24249.672000103725,10473.94080039363,6583.619592,24249.672000000002,10473.940799999998,8.341885404661298e-09,1.0372241376899183e-07,3.936311259167269e-07,286803.83999153605,1791.2751282123043,11477.248080778052,0.0,2397.46,0.0,0.0
M0__S1__D1__start001__ndays366__20260324T080704Z,M0,S1,D1,363,2024-12-28,True,True,False,0.00997971982129422,True,True,259296.6324969706,0.0,259296.6324969706,577083.139698507,577083.139698507,0.0,1970742.0641167697,77.34997130751569,0.4116686230410047,11680.625260352419,17520.266342080813,13159.166995578717,0.18351990999477008,0.2916181601396673,0.1076065378016562,358290.0999133036,379735.71393386857,275479.2828246057,166.51384795813334,2555.637520301989,2722.151368260122,0.0,0.0,0.0,33812.5797526059,32083.593055842746,31945.469003851398,2521953.631926007,13448.158865150614,5167.179611360838,0.0,2540568.9704025183,6379.15618792026,27433.42356433042,33812.57975225068,4856.016504433246,27227.57655111586,32083.593055549107,12769.629093795662,19175.83990973478,31945.469003530445,6583.6195920130085,24249.672000077477,10473.940800642436,6583.619592,24249.672000000002,10473.940799999998,1.3008502719458193e-08,7.747439667582512e-08,6.424379535019398e-07,245174.22819641873,1566.2851573515168,10158.659143200406,0.0,2397.46,0.0,0.0
M0__S1__D1__start001__ndays366__20260324T080704Z,M0,S1,D1,364,2024-12-29,True,True,False,0.0044595733548302655,True,True,279260.5638472693,9.903436391644833e-07,279260.5638472693,570791.5688490932,570791.5688490932,0.0,1997108.4340755073,77.77204843650397,0.40913615242660334,9210.196810541709,16467.930274014358,10566.14178874413,0.1817280699445657,0.03538371727669907,0.06985277583461301,371417.5004111839,295667.4069386504,252853.72330311142,168.53141155217241,2559.3273941320112,2727.8588056841836,3.56256087676967e-07,3.1602811768386566e-07,3.1805943380365076e-07,34508.89481678065,32472.333632761667,31991.59242742029,2542316.139069518,13611.103365358122,5174.6400750107105,0.0,2561101.8825098868,7977.225720788197,26531.669095638576,34508.89481642677,5235.863957992002,27236.469674456017,32472.33363244802,3376.552288640326,28615.040138464283,31991.59242710461,6583.619592169883,24249.67200003391,10473.940800189503,6583.619592,24249.672000000002,10473.940799999998,1.6988269635476172e-07,3.3905962482094765e-08,1.8950413505081087e-07,259942.03406473066,1592.3733908637969,10173.326391674746,3996.0,2397.46,1159.37,0.0
M0__S1__D1__start001__ndays366__20260324T080704Z,M0,S1,D1,365,2024-12-30,True,True,False,0.006940852925662547,True,True,340256.20516758977,0.0,340256.20516758977,575731.4044743231,574048.1312625506,1683.273211772493,2408956.681914604,80.75604408257254,0.4500052111999775,10921.63214304816,19048.16936726866,6575.0666699622425,0.15529060161980238,0.26664072856675164,0.347529792557112,506495.8851366505,480819.17656939826,360196.55398793495,193.54410953688853,2859.3535160127562,3052.8976255496445,0.0,0.0,0.0,40001.8575651811,37291.73594183157,35741.91894546889,2954340.010810947,15631.204037282558,5781.25539019423,0.0,2975752.470238424,3996.349955645759,36005.50760929815,40001.8575649439,6001.9396133238315,31289.79632828245,37291.73594160628,4065.374138842766,31676.54480639906,35741.91894524183,6583.619592042586,24249.672000120587,10473.940805166949,6583.619592,24249.672000000002,10473.940799999998,4.258617991581559e-08,1.2058444553986192e-07,5.166950359125622e-06,323499.6378434035,1833.807098035566,11365.93022615071,0.0,2397.46,1159.37,0.0
M0__S1__D1__start001__ndays366__20260324T080704Z,M0,S1,D1,366,2024-12-31,True,True,False,0.008031728182417886,True,True,339550.6564752794,0.0,339550.6564752794,586634.7195843661,583702.0419375268,2932.6776468393464,2465127.5962745748,80.85488166928795,0.3747297192540067,5081.272369896087,38989.6041976733,11264.110558088307,0.14562367243114752,2.14393898175346e-06,0.6297269678507216,513282.5554727707,413637.8247364159,295923.11046096846,193.64646624661282,2871.101735390628,3064.748201637241,0.0,0.0,0.0,41232.044000103095,37311.45785127761,35888.77169770902,3018287.5505250986,15639.47067281944,5805.008821243723,0.0,3039732.0300191618,3495.1621789908627,37736.88182078958,41232.04399978045,4195.471399718029,33115.98645125805,37311.457850976076,22303.834578152666,13584.937119252987,35888.77169740565,6583.619592188047,24249.67200016056,10473.940800158152,6583.619592,24249.672000000002,10473.940799999998,1.8804712453857064e-07,1.6055855667218566e-07,1.5815385268069804e-07,323864.2209012709,1876.3461758308151,11412.629398177749,0.0,2397.46,0.0,0.0
