run_id,model_tag,scenario_tag,demand_tag,day_of_year,date_utc,solver_status,solver_status_name,m2_emissions_key,m2_alpha_used_day,m2_emis_cap_day_kg,runtime_seconds,time_limit_s,mipgap_target,mip_gap,has_incumbent,is_optimal,hit_time_limit,is_within_target_gap,is_acceptable,obj_val,obj_bound,obj0_pass_status,obj0_pass_status_name,obj0_pass_runtime_s,obj0_pass_objval,obj0_pass_objbound,obj0_pass_mipgap,obj1_pass_status,obj1_pass_status_name,obj1_pass_runtime_s,obj1_pass_objval,obj1_pass_objbound,obj1_pass_mipgap,node_count,sol_count,iter_count,bar_iter_count,work,obj1_unmet_value,obj2_cost_value
M2__S1__D1__start001__ndays366__20260325T080322Z,M2,S1,D1,1,2024-01-01,2,OPTIMAL,aef,0.5,159005.97795,5.424646854400635,350,0.01,0.009167101788555631,True,True,False,True,True,64950.476043978626,64355.06841886833,2.0,OPTIMAL,1.9070789813995361,-6.155845966304696e-08,-6.158370524644852e-08,0.0,2.0,OPTIMAL,5.408254861831665,64950.476043978626,64355.06841886833,0.009167101788555631,141.0,6,33797.0,0.0,2.7383961141991047,4.256511562345776e-07,64950.47604397861
M2__S1__D1__start001__ndays366__20260325T080322Z,M2,S1,D1,2,2024-01-02,2,OPTIMAL,aef,0.5,157930.8081,14.872894048690796,350,0.01,0.0012211005623204124,True,True,False,True,True,65213.482061334085,65133.849841718125,2.0,OPTIMAL,0.8711252212524414,0.0,0.0,0.0,2.0,OPTIMAL,14.844310998916626,65213.482061334085,65133.849841718125,0.0012211005623204124,320.0,9,52903.0,0.0,8.585290626523326,2.9057628183265797e-06,65213.48206133409
M2__S1__D1__start001__ndays366__20260325T080322Z,M2,S1,D1,3,2024-01-03,2,OPTIMAL,aef,0.5,118669.3735,9.905687093734741,350,0.01,0.007858290009186522,True,True,False,True,True,46410.539185963455,46045.83170955744,2.0,OPTIMAL,1.7791950702667236,-7.517405720136594e-08,-7.517405720136594e-08,0.0,2.0,OPTIMAL,9.890011072158813,46410.539185963455,46045.83170955744,0.007858290009186522,341.0,9,44810.0,0.0,4.89483604360138,2.0932583713576463e-06,46410.539185963455
M2__S1__D1__start001__ndays366__20260325T080322Z,M2,S1,D1,4,2024-01-04,2,OPTIMAL,aef,0.5,231121.71835,2.6582860946655273,350,0.01,0.001350333908586439,True,True,False,True,True,179653.36733524,179410.77530153553,2.0,OPTIMAL,1.1599211692810059,0.0,0.0,0.0,2.0,OPTIMAL,2.645236015319824,179653.36733524,179410.77530153553,0.001350333908586439,24.0,9,15916.0,0.0,1.309272200517186,0.0,179653.36733524015
M2__S1__D1__start001__ndays366__20260325T080322Z,M2,S1,D1,5,2024-01-05,2,OPTIMAL,aef,,2648.156769,18.399884939193726,350,0.01,7.325818342070596e-06,True,True,False,True,True,15067.571293365347,15067.460911075195,2.0,OPTIMAL,16.99309992790222,-1.0758738184790673e-06,-1.0758738184790673e-06,0.0,2.0,OPTIMAL,18.375925064086914,15067.571293365347,15067.460911075195,7.325818342070596e-06,706.0,10,150350.0,0.0,9.72739281262738,0.0,15067.57129336535
M2__S1__D1__start001__ndays366__20260325T080322Z,M2,S1,D1,6,2024-01-06,2,OPTIMAL,aef,0.5,2649.7889625,5.138611078262329,350,0.01,0.009118655610970361,True,True,False,True,True,15164.782980097254,15026.500546686646,2.0,OPTIMAL,1.2917208671569824,-4.186497903901909e-08,-4.186497903901909e-08,0.0,2.0,OPTIMAL,5.11863899230957,15164.782980097254,15026.500546686646,0.009118655610970361,200.0,8,32503.0,0.0,2.760340232506268,9.58553670751371e-07,15164.782980097254
M2__S1__D1__start001__ndays366__20260325T080322Z,M2,S1,D1,7,2024-01-07,2,OPTIMAL,aef,0.5,129116.88835,9.54853892326355,350,0.01,0.009649829804754343,True,True,False,True,True,117822.168659535,116685.20478474344,2.0,OPTIMAL,2.8337419033050537,-4.6039657419783e-08,-4.607136361300945e-08,0.0,2.0,OPTIMAL,9.534451961517334,117822.168659535,116685.20478474344,0.009649829804754343,326.0,5,49989.0,0.0,4.635253252626949,-2.122442310792394e-08,117822.16865953503
M2__S1__D1__start001__ndays366__20260325T080322Z,M2,S1,D1,8,2024-01-08,2,OPTIMAL,aef,0.5,254189.03355,3.5779988765716553,350,0.01,0.009604140939461023,True,True,False,True,True,222770.3016686961,220630.78429434367,2.0,OPTIMAL,1.1216719150543213,0.0,0.0,0.0,2.0,OPTIMAL,3.554896831512451,222770.3016686961,220630.78429434367,0.009604140939461023,209.0,10,22648.0,0.0,1.8900203205290784,0.0,222770.30166869608
M2__S1__D1__start001__ndays366__20260325T080322Z,M2,S1,D1,9,2024-01-09,2,OPTIMAL,aef,0.5,548717.31445,3.4728200435638428,350,0.01,0.004295567777617363,True,True,False,True,True,285332.3371350606,284106.67274175095,2.0,OPTIMAL,2.335642099380493,-1.4607621778850444e-09,-1.4607621778850444e-09,0.0,2.0,OPTIMAL,3.4643030166625977,285332.3371350606,284106.67274175095,0.004295567777617363,7.0,5,23729.0,0.0,1.712191771284157,8.413476412851288e-07,285332.3371350606
M2__S1__D1__start001__ndays366__20260325T080322Z,M2,S1,D1,10,2024-01-10,2,OPTIMAL,aef,0.5,454997.77555,4.2715229988098145,350,0.01,0.008023740760462573,True,True,False,True,True,235581.89979515376,233691.65170334012,2.0,OPTIMAL,1.4382779598236084,0.0,0.0,0.0,2.0,OPTIMAL,4.249368906021118,235581.89979515376,233691.65170334012,0.008023740760462573,24.0,6,20284.0,0.0,1.359705561117137,0.0,235581.89979515373
M2__S1__D1__start001__ndays366__20260325T080322Z,M2,S1,D1,11,2024-01-11,2,OPTIMAL,aef,0.5,356632.81590000005,322.7351670265198,350,0.01,0.007060112312604468,True,True,False,True,True,208596.219996277,207123.5072551186,2.0,OPTIMAL,319.71662998199463,-1.7422462406102568e-07,-1.7424463294446468e-07,0.0,2.0,OPTIMAL,322.71499490737915,208596.219996277,207123.5072551186,0.007060112312604468,7110.0,10,5046802.0,0.0,221.58714156124947,8.290907958460658e-07,208596.2199962771
M2__S1__D1__start001__ndays366__20260325T080322Z,M2,S1,D1,12,2024-01-12,2,OPTIMAL,aef,0.5,352474.65489999996,6.035572052001953,350,0.01,0.007688059313793035,True,True,False,True,True,208503.40628019028,206900.4197255803,2.0,OPTIMAL,2.0216641426086426,6.568825483554974e-10,2.9103830456733704e-11,inf,2.0,OPTIMAL,6.010902166366577,208503.40628019028,206900.4197255803,0.007688059313793035,216.0,9,33270.0,0.0,2.947925446919418,0.0,208503.4062801904
M2__S1__D1__start001__ndays366__20260325T080322Z,M2,S1,D1,13,2024-01-13,2,OPTIMAL,aef,0.5,315280.158,4.22167706489563,350,0.01,0.008017273442209665,True,True,False,True,True,194471.85023975186,192912.71623956738,2.0,OPTIMAL,1.144364833831787,-1.859200438047992e-07,-1.859200438047992e-07,0.0,2.0,OPTIMAL,4.200013875961304,194471.85023975186,192912.71623956738,0.008017273442209665,88.0,10,23866.0,0.0,1.4872728120072445,8.04987029808514e-07,194471.85023975186
M2__S1__D1__start001__ndays366__20260325T080322Z,M2,S1,D1,14,2024-01-14,2,OPTIMAL,aef,0.5,172765.3773,5.8298211097717285,350,0.01,0.008493257034395399,True,True,False,True,True,134353.68823013184,133212.58782247434,2.0,OPTIMAL,3.694575071334839,0.0,0.0,0.0,2.0,OPTIMAL,5.807912111282349,134353.68823013184,133212.58782247434,0.008493257034395399,64.0,8,27299.0,0.0,2.381870922000771,1.0315221870751762e-06,134353.68823013184
M2__S1__D1__start001__ndays366__20260325T080322Z,M2,S1,D1,15,2024-01-15,2,OPTIMAL,aef,0.5,84212.69255,33.53545093536377,350,0.01,0.003346409799467478,True,True,False,True,True,72726.60835599707,72483.23532111253,2.0,OPTIMAL,30.657690048217773,-4.813621501398302e-09,-4.813621501398302e-09,0.0,2.0,OPTIMAL,33.51580810546875,72726.60835599707,72483.23532111253,0.003346409799467478,570.0,6,277909.0,0.0,20.292484237613692,1.0013632110357504e-06,72726.6083559971
M2__S1__D1__start001__ndays366__20260325T080322Z,M2,S1,D1,16,2024-01-16,2,OPTIMAL,aef,0.5,45009.24482,16.95943784713745,350,0.01,0.007110615077422231,True,True,False,True,True,44344.45945826742,44029.14307624333,2.0,OPTIMAL,1.6890888214111328,-2.3380514121391574e-09,-2.3380514121391574e-09,0.0,2.0,OPTIMAL,16.941666841506958,44344.45945826742,44029.14307624333,0.007110615077422231,539.0,6,77382.0,0.0,8.955076491125988,0.0,44344.45945826742
M2__S1__D1__start001__ndays366__20260325T080322Z,M2,S1,D1,17,2024-01-17,2,OPTIMAL,aef,,2462.538069,83.0360541343689,350,0.01,6.2949664841547684e-09,True,True,False,True,True,13241.858829499191,13241.858746142136,2.0,OPTIMAL,82.022390127182,-7.166848384909273e-07,-7.166848384909273e-07,0.0,2.0,OPTIMAL,83.02495408058167,13241.858829499191,13241.858746142136,6.2949664841547684e-09,3673.0,9,844150.0,0.0,49.186888530037905,2.892479063855298e-07,13241.858829499191
M2__S1__D1__start001__ndays366__20260325T080322Z,M2,S1,D1,18,2024-01-18,2,OPTIMAL,aef,0.5,22522.038885,24.708366870880127,350,0.01,0.00967437489265712,True,True,False,True,True,17535.581368934472,17365.93558081071,2.0,OPTIMAL,8.611313819885254,-8.460290246148361e-08,-8.460290246148361e-08,0.0,2.0,OPTIMAL,24.683335781097412,17535.581368934472,17365.93558081071,0.00967437489265712,681.0,9,142591.0,0.0,13.908393098802238,9.162452858645176e-07,17535.58136893448
M2__S1__D1__start001__ndays366__20260325T080322Z,M2,S1,D1,19,2024-01-19,2,OPTIMAL,aef,0.5,64394.840395,17.265810012817383,350,0.01,0.009511922382359442,True,True,False,True,True,56268.071489053924,55732.85396044499,2.0,OPTIMAL,6.636886119842529,0.0,0.0,0.0,2.0,OPTIMAL,17.253193140029907,56268.071489053924,55732.85396044499,0.009511922382359442,402.0,7,98038.0,0.0,8.719869733590986,0.0,56268.07148905391
M2__S1__D1__start001__ndays366__20260325T080322Z,M2,S1,D1,20,2024-01-20,2,OPTIMAL,aef,0.5,137098.95844999998,14.244887828826904,350,0.01,0.009594069358488016,True,True,False,True,True,111205.10846369661,110138.19894007771,2.0,OPTIMAL,1.6058228015899658,-5.54699509519585e-07,-5.54704456590116e-07,0.0,2.0,OPTIMAL,14.223574876785278,111205.10846369661,110138.19894007771,0.009594069358488016,576.0,5,74510.0,0.0,7.983635707884596,0.0,111205.10846369655
M2__S1__D1__start001__ndays366__20260325T080322Z,M2,S1,D1,21,2024-01-21,2,OPTIMAL,aef,0.5,145553.2743,5.117856025695801,350,0.01,0.008926391760339087,True,True,False,True,True,104124.3163204992,103194.86188124496,2.0,OPTIMAL,2.835064172744751,0.0,0.0,0.0,2.0,OPTIMAL,5.1062421798706055,104124.3163204992,103194.86188124496,0.008926391760339087,135.0,9,28436.0,0.0,1.9410300416125699,0.0,104124.3163204992
M2__S1__D1__start001__ndays366__20260325T080322Z,M2,S1,D1,22,2024-01-22,2,OPTIMAL,aef,0.5,180612.83985,5.412590980529785,350,0.01,0.009417258687775803,True,True,False,True,True,106683.9017164121,105679.2318161274,2.0,OPTIMAL,1.8032028675079346,-1.0725386800913839e-08,-1.0782969184219837e-08,0.0,2.0,OPTIMAL,5.392153978347778,106683.9017164121,105679.2318161274,0.009417258687775803,180.0,3,29592.0,0.0,2.3917525369574313,0.0,106683.90171641212
M2__S1__D1__start001__ndays366__20260325T080322Z,M2,S1,D1,23,2024-01-23,2,OPTIMAL,aef,0.5,242386.2523,8.284142971038818,350,0.01,0.008355919670460031,True,True,False,True,True,154536.7673436817,153245.47052962534,2.0,OPTIMAL,2.098119020462036,-1.223904746439075e-07,-1.223904746439075e-07,0.0,2.0,OPTIMAL,8.25906491279602,154536.7673436817,153245.47052962534,0.008355919670460031,329.0,10,51032.0,28.0,3.5626198382538132,8.728767757809576e-07,154536.76734368174
M2__S1__D1__start001__ndays366__20260325T080322Z,M2,S1,D1,24,2024-01-24,2,OPTIMAL,aef,0.5,260410.2021,32.62540102005005,350,0.01,0.00956397834202558,True,True,False,True,True,156716.45063591006,155217.61789618913,2.0,OPTIMAL,28.41759490966797,-1.289050146624504e-07,-1.289050146624504e-07,0.0,2.0,OPTIMAL,32.600733041763306,156716.45063591006,155217.61789618913,0.00956397834202558,877.0,8,348187.0,0.0,20.340876978159034,0.0,156716.4506359101
M2__S1__D1__start001__ndays366__20260325T080322Z,M2,S1,D1,25,2024-01-25,2,OPTIMAL,aef,0.5,276302.97675000003,5.627635955810547,350,0.01,0.008866346234616258,True,True,False,True,True,140914.77194219708,139665.37278458558,2.0,OPTIMAL,2.6876327991485596,-7.260198344738455e-07,-7.261260179802775e-07,inf,2.0,OPTIMAL,5.614337921142578,140914.77194219708,139665.37278458558,0.008866346234616258,113.0,6,29519.0,0.0,1.8324886661848971,0.0,140914.77194219705
M2__S1__D1__start001__ndays366__20260325T080322Z,M2,S1,D1,26,2024-01-26,2,OPTIMAL,aef,0.5,281048.24315,7.547854900360107,350,0.01,0.009420551510942642,True,True,False,True,True,150731.25348556152,149311.28194779184,2.0,OPTIMAL,4.813482999801636,-6.686889264528872e-08,-6.686889264528872e-08,0.0,2.0,OPTIMAL,7.526010990142822,150731.25348556152,149311.28194779184,0.009420551510942642,195.0,7,56726.0,0.0,3.6620791140026907,9.334052551177619e-07,150731.2534855616
M2__S1__D1__start001__ndays366__20260325T080322Z,M2,S1,D1,27,2024-01-27,2,OPTIMAL,aef,0.5,193900.011,4.849799156188965,350,0.01,0.008980639703139975,True,True,False,True,True,110470.8933577631,109478.79406683303,2.0,OPTIMAL,1.2023589611053467,0.0,0.0,0.0,2.0,OPTIMAL,4.8258280754089355,110470.8933577631,109478.79406683303,0.008980639703139975,204.0,7,21812.0,0.0,1.7350779718914717,9.990155644866427e-07,110470.89335776308
M2__S1__D1__start001__ndays366__20260325T080322Z,M2,S1,D1,28,2024-01-28,9,TIME_LIMIT,aef,0.5,158126.29239999998,350.06908202171326,350,0.01,0.010659020497571444,True,False,True,False,False,89133.54182416128,88183.4655748364,2.0,OPTIMAL,1.1271131038665771,0.0,0.0,0.0,9.0,TIME_LIMIT,350.0226991176605,89133.54182416128,88183.4655748364,0.010659020497571444,7041.0,8,1801759.0,13.0,234.88968787588067,1.0001000000000002e-06,89133.5418241613
M2__S1__D1__start001__ndays366__20260325T080322Z,M2,S1,D1,29,2024-01-29,2,OPTIMAL,aef,0.5,215565.48625000002,10.568701982498169,350,0.01,0.005549231779966829,True,True,False,True,True,143606.50402621584,142809.5982502636,2.0,OPTIMAL,7.060909032821655,8.230927051045e-11,-7.421476766467094e-10,inf,2.0,OPTIMAL,10.554198026657104,143606.50402621584,142809.5982502636,0.005549231779966829,320.0,10,86066.0,0.0,4.99531918289811,9.95405339076036e-07,143606.5040262158
M2__S1__D1__start001__ndays366__20260325T080322Z,M2,S1,D1,30,2024-01-30,2,OPTIMAL,aef,0.5,279065.68115,4.37431788444519,350,0.01,0.008927968353452454,True,True,False,True,True,154533.91032227574,153154.23646138317,2.0,OPTIMAL,2.102349042892456,-1.4185843610903248e-09,-1.4185843610903248e-09,0.0,2.0,OPTIMAL,4.352909088134766,154533.91032227574,153154.23646138317,0.008927968353452454,41.0,9,32644.0,0.0,1.9231420371296186,9.815211874436862e-07,154533.91032227568
M2__S1__D1__start001__ndays366__20260325T080322Z,M2,S1,D1,31,2024-01-31,2,OPTIMAL,aef,0.5,309486.46335,7.58977484703064,350,0.01,0.009980137889581627,True,True,False,True,True,174371.77217207252,172631.51784174453,2.0,OPTIMAL,2.007215976715088,-2.71688804787118e-09,-2.71688804787118e-09,0.0,2.0,OPTIMAL,7.565798997879028,174371.77217207252,172631.51784174453,0.009980137889581627,299.0,9,54683.0,0.0,3.131410766494472,0.0,174371.77217207255
M2__S1__D1__start001__ndays366__20260325T080322Z,M2,S1,D1,32,2024-02-01,2,OPTIMAL,aef,0.5,248414.76495,5.429793834686279,350,0.01,0.00993451152884755,True,True,False,True,True,144792.4377914901,143353.9956489606,2.0,OPTIMAL,1.98866605758667,0.0,0.0,0.0,2.0,OPTIMAL,5.41202187538147,144792.4377914901,143353.9956489606,0.00993451152884755,153.0,7,34718.0,0.0,2.236715316886266,0.0,144792.4377914901
M2__S1__D1__start001__ndays366__20260325T080322Z,M2,S1,D1,33,2024-02-02,2,OPTIMAL,aef,0.5,211022.31725,6.785000801086426,350,0.01,0.009916455729470615,True,True,False,True,True,139793.5158825359,138407.25967101968,2.0,OPTIMAL,1.205509901046753,0.0,0.0,0.0,2.0,OPTIMAL,6.7594099044799805,139793.5158825359,138407.25967101968,0.009916455729470615,236.0,8,43051.0,0.0,2.7850854995065224,0.0,139793.5158825359
M2__S1__D1__start001__ndays366__20260325T080322Z,M2,S1,D1,34,2024-02-03,2,OPTIMAL,aef,0.5,189208.46485,14.681868076324463,350,0.01,0.008898869834537528,True,True,False,True,True,101348.06115895533,100446.17795471902,2.0,OPTIMAL,1.548638105392456,-8.834263098833617e-09,-8.834263098833617e-09,0.0,2.0,OPTIMAL,14.667614936828613,101348.06115895533,100446.17795471902,0.008898869834537528,485.0,5,67519.0,0.0,7.709501844425772,9.317533425265107e-07,101348.06115895534
M2__S1__D1__start001__ndays366__20260325T080322Z,M2,S1,D1,35,2024-02-04,2,OPTIMAL,aef,0.5,192545.1792,5.069248199462891,350,0.01,0.009077295603268157,True,True,False,True,True,91748.43121463656,90915.6035833652,2.0,OPTIMAL,1.4938390254974365,2.445897356179172e-09,1.4551915228366852e-11,inf,2.0,OPTIMAL,5.056255102157593,91748.43121463656,90915.6035833652,0.009077295603268157,216.0,6,26222.0,0.0,2.165323493571462,0.0,91748.43121463658
M2__S1__D1__start001__ndays366__20260325T080322Z,M2,S1,D1,36,2024-02-05,2,OPTIMAL,aef,0.5,309845.28435,7.741636037826538,350,0.01,0.009913666408431282,True,True,False,True,True,152543.9487876817,151031.6789667758,2.0,OPTIMAL,1.9975459575653076,-1.3884573490940966e-08,-1.3884573490940966e-08,0.0,2.0,OPTIMAL,7.7180421352386475,152543.9487876817,151031.6789667758,0.009913666408431282,328.0,10,48758.0,0.0,3.2848257589385716,1.225851022587842e-06,152543.94878768173
M2__S1__D1__start001__ndays366__20260325T080322Z,M2,S1,D1,37,2024-02-06,2,OPTIMAL,aef,0.5,195192.1195,7.892716884613037,350,0.01,0.009735917915895124,True,True,False,True,True,116492.1486217716,115357.9906249438,2.0,OPTIMAL,2.819875955581665,0.0,0.0,0.0,2.0,OPTIMAL,7.86592698097229,116492.1486217716,115357.9906249438,0.009735917915895124,283.0,10,37090.0,0.0,3.501907373741181,0.0,116492.14862177159
M2__S1__D1__start001__ndays366__20260325T080322Z,M2,S1,D1,38,2024-02-07,2,OPTIMAL,aef,0.5,74529.958655,5.641199827194214,350,0.01,0.007234319445451268,True,True,False,True,True,43630.97897253002,43315.33853292497,2.0,OPTIMAL,1.4936518669128418,-5.011612813632382e-08,-5.011612813632382e-08,0.0,2.0,OPTIMAL,5.618304967880249,43630.97897253002,43315.33853292497,0.007234319445451268,184.0,6,27954.0,0.0,2.4115680968122812,2.1574811984987634e-06,43630.978972530014
M2__S1__D1__start001__ndays366__20260325T080322Z,M2,S1,D1,39,2024-02-08,2,OPTIMAL,aef,0.5,54422.75546,79.81726789474487,350,0.01,0.0033569705216473836,True,True,False,True,True,38157.499864719764,38029.406262494136,2.0,OPTIMAL,65.37369990348816,-7.901342602423256e-08,-7.908965926617384e-08,0.0,2.0,OPTIMAL,79.80257391929626,38157.499864719764,38029.406262494136,0.0033569705216473836,2013.0,7,725396.0,0.0,46.7037104882692,0.0,38157.49986471974
M2__S1__D1__start001__ndays366__20260325T080322Z,M2,S1,D1,40,2024-02-09,2,OPTIMAL,aef,0.5,26629.00864,28.72326898574829,350,0.01,0.00657616454719613,True,True,False,True,True,15469.224467856364,15367.496302338228,2.0,OPTIMAL,25.937850952148438,0.0,0.0,0.0,2.0,OPTIMAL,28.70019292831421,15469.224467856364,15367.496302338228,0.00657616454719613,483.0,9,252524.0,0.0,16.510511614152957,0.0,15469.224467856366
M2__S1__D1__start001__ndays366__20260325T080322Z,M2,S1,D1,41,2024-02-10,2,OPTIMAL,aef,0.5,15368.062085000001,11.10555100440979,350,0.01,0.0,True,True,False,True,True,13485.51124604539,13485.511246045393,2.0,OPTIMAL,0.5301980972290039,0.0,0.0,0.0,2.0,OPTIMAL,11.082026958465576,13485.51124604539,13485.511246045393,0.0,486.0,10,56768.0,0.0,5.957884682024275,9.903089845974522e-07,13485.511246045391
M2__S1__D1__start001__ndays366__20260325T080322Z,M2,S1,D1,42,2024-02-11,2,OPTIMAL,aef,0.5,89475.70462,16.709558963775635,350,0.01,0.005269686311031225,True,True,False,True,True,52299.86125260977,52024.257389698076,2.0,OPTIMAL,8.204740047454834,0.0,0.0,0.0,2.0,OPTIMAL,16.6957049369812,52299.86125260977,52024.257389698076,0.005269686311031225,510.0,7,95311.0,0.0,7.941221367199839,9.909038718237494e-07,52299.86125260977
M2__S1__D1__start001__ndays366__20260325T080322Z,M2,S1,D1,43,2024-02-12,2,OPTIMAL,aef,0.5,76543.67584,23.295096158981323,350,0.01,0.004348050137180829,True,True,False,True,True,55021.389790907975,54782.154029479745,2.0,OPTIMAL,13.970633029937744,0.0,2.9103830456733704e-11,0.0,2.0,OPTIMAL,23.280395030975342,55021.389790907975,54782.154029479745,0.004348050137180829,584.0,9,159358.0,0.0,12.632361057355476,0.0,55021.389790908
M2__S1__D1__start001__ndays366__20260325T080322Z,M2,S1,D1,44,2024-02-13,2,OPTIMAL,aef,0.5,150280.4523,17.881189107894897,350,0.01,0.006797171433283233,True,True,False,True,True,82382.3590607304,81822.39204311634,2.0,OPTIMAL,6.904493093490601,-5.797837729915045e-07,-5.797837729915045e-07,0.0,2.0,OPTIMAL,17.854254961013794,82382.3590607304,81822.39204311634,0.006797171433283233,539.0,10,91126.0,0.0,9.41850724401186,0.0,82382.35906073036
M2__S1__D1__start001__ndays366__20260325T080322Z,M2,S1,D1,45,2024-02-14,2,OPTIMAL,aef,0.5,236063.05105,10.608325958251953,350,0.01,0.0038276302845711577,True,True,False,True,True,129646.16597143767,129149.92838028683,2.0,OPTIMAL,1.2712640762329102,-3.0740920919924974e-10,-3.0740920919924974e-10,0.0,2.0,OPTIMAL,10.592069149017334,129646.16597143767,129149.92838028683,0.0038276302845711577,328.0,3,43477.0,0.0,5.745727100214345,1.243943528481911e-06,129646.16597143767
M2__S1__D1__start001__ndays366__20260325T080322Z,M2,S1,D1,46,2024-02-15,2,OPTIMAL,aef,0.5,165081.7069,4.995976209640503,350,0.01,0.007233418621189888,True,True,False,True,True,90647.89297974095,89992.19882268966,2.0,OPTIMAL,1.359870195388794,-3.307821145881462e-07,-3.307821145881462e-07,0.0,2.0,OPTIMAL,4.983583211898804,90647.89297974095,89992.19882268966,0.007233418621189888,85.0,5,25248.0,0.0,1.829586876681245,0.0,90647.89297974097
M2__S1__D1__start001__ndays366__20260325T080322Z,M2,S1,D1,47,2024-02-16,2,OPTIMAL,aef,0.5,100397.97563,25.176724910736084,350,0.01,0.009569772203243345,True,True,False,True,True,67619.69268890681,66972.58763342066,2.0,OPTIMAL,2.83971905708313,0.0,0.0,0.0,2.0,OPTIMAL,25.158695936203003,67619.69268890681,66972.58763342066,0.009569772203243345,793.0,9,115822.0,0.0,13.259237217382873,0.0,67619.6926889068
M2__S1__D1__start001__ndays366__20260325T080322Z,M2,S1,D1,48,2024-02-17,2,OPTIMAL,aef,0.5,134019.60934999998,13.373272895812988,350,0.01,0.009414980040343772,True,True,False,True,True,74329.88965934093,73630.07523179728,2.0,OPTIMAL,7.220211029052734,0.0,0.0,0.0,2.0,OPTIMAL,13.354545831680298,74329.88965934093,73630.07523179728,0.009414980040343772,483.0,8,103797.0,0.0,6.362199678942006,0.0,74329.88965934093
M2__S1__D1__start001__ndays366__20260325T080322Z,M2,S1,D1,49,2024-02-18,9,TIME_LIMIT,aef,0.5,146409.5405,350.06945610046387,350,0.01,0.03440831819587554,True,False,True,False,False,79686.52167213027,76944.6424785131,2.0,OPTIMAL,1.7722880840301514,-1.0800249583553523e-10,-1.0800249583553523e-10,0.0,9.0,TIME_LIMIT,350.0225131511688,79686.52167213027,76944.6424785131,0.03440831819587554,5253.0,10,871033.0,0.0,216.5692980094989,0.0,79686.5216721303
M2__S1__D1__start001__ndays366__20260325T080322Z,M2,S1,D1,50,2024-02-19,2,OPTIMAL,aef,0.5,146503.3614,4.433385133743286,350,0.01,0.009536900260715636,True,True,False,True,True,79328.31320295838,78571.76699209097,2.0,OPTIMAL,1.8957569599151611,-4.794583219336346e-08,-4.794583219336346e-08,0.0,2.0,OPTIMAL,4.413159132003784,79328.31320295838,78571.76699209097,0.009536900260715636,144.0,7,22549.0,0.0,1.9992970675428277,0.0,79328.31320295841
M2__S1__D1__start001__ndays366__20260325T080322Z,M2,S1,D1,51,2024-02-20,9,TIME_LIMIT,aef,0.5,174506.44429999997,350.055123090744,350,0.01,0.15551603935206734,True,False,True,False,False,92081.08711129658,77761.00114451503,2.0,OPTIMAL,33.73966193199158,-1.894227352750022e-08,-1.8961145542562008e-08,0.0,9.0,TIME_LIMIT,350.02082991600037,92081.08711129658,77761.00114451503,0.15551603935206734,10319.0,5,2729137.0,0.0,229.88334056508577,9.879201118346829e-07,92081.08711129658
M2__S1__D1__start001__ndays366__20260325T080322Z,M2,S1,D1,52,2024-02-21,2,OPTIMAL,aef,0.5,129323.40795,13.677196979522705,350,0.01,0.005326838696564415,True,True,False,True,True,67882.43786691398,67520.83907006738,2.0,OPTIMAL,1.9041237831115723,5.843503458891064e-11,-1.4551915228366852e-11,0.0,2.0,OPTIMAL,13.661586999893188,67882.43786691398,67520.83907006738,0.005326838696564415,405.0,5,59528.0,0.0,7.01684762906042,1.4746774468221702e-08,67882.43786691397
M2__S1__D1__start001__ndays366__20260325T080322Z,M2,S1,D1,53,2024-02-22,2,OPTIMAL,aef,0.5,2988.1944059999996,14.060670852661133,350,0.01,0.00776670889097187,True,True,False,True,True,15368.227715686695,15248.86716484879,2.0,OPTIMAL,1.0162630081176758,0.0,0.0,0.0,2.0,OPTIMAL,14.039592981338501,15368.227715686695,15248.86716484879,0.00776670889097187,404.0,10,93799.0,0.0,8.03444951425623,0.0,15368.227715686691
M2__S1__D1__start001__ndays366__20260325T080322Z,M2,S1,D1,54,2024-02-23,2,OPTIMAL,aef,0.5,32731.87574,4.065841197967529,350,0.01,0.00825860707890169,True,True,False,True,True,12891.210663756847,12784.747220113532,2.0,OPTIMAL,0.9868869781494141,-2.7605562280541562e-08,-2.7706846594810486e-08,inf,2.0,OPTIMAL,4.052080154418945,12891.210663756847,12784.747220113532,0.00825860707890169,65.0,5,14864.0,0.0,1.3221953641557735,9.622883457497013e-07,12891.21066375685
M2__S1__D1__start001__ndays366__20260325T080322Z,M2,S1,D1,55,2024-02-24,2,OPTIMAL,aef,0.5,17307.692299,31.10717010498047,350,0.01,0.0016897659486050723,True,True,False,True,True,15740.413024749701,15713.815410803501,2.0,OPTIMAL,0.8077950477600098,-9.597884948094049e-08,-9.601353667676449e-08,0.0,2.0,OPTIMAL,31.08507800102234,15740.413024749701,15713.815410803501,0.0016897659486050723,1541.0,7,229114.0,0.0,18.91876150550127,9.049462518180449e-07,15740.413024749701
M2__S1__D1__start001__ndays366__20260325T080322Z,M2,S1,D1,56,2024-02-25,2,OPTIMAL,aef,0.5,2631.783862,3.335874080657959,350,0.01,0.001716648978304732,True,True,False,True,True,14968.206033590566,14942.510877995948,2.0,OPTIMAL,1.1282110214233398,-2.439861708889769e-07,-2.439855961711146e-07,0.0,2.0,OPTIMAL,3.315617084503174,14968.206033590566,14942.510877995948,0.001716648978304732,226.0,10,20215.0,0.0,1.633937029425481,-3.7803852137585636e-07,14968.206033590568
M2__S1__D1__start001__ndays366__20260325T080322Z,M2,S1,D1,57,2024-02-26,2,OPTIMAL,aef,0.5,8522.348577,85.8899290561676,350,0.01,0.00876221071090774,True,True,False,True,True,18997.023404683765,18830.56748273188,2.0,OPTIMAL,1.0937809944152832,-6.077082215227847e-08,-6.077061698306352e-08,0.0,2.0,OPTIMAL,85.86200904846191,18997.023404683765,18830.56748273188,0.00876221071090774,2826.0,10,666635.0,0.0,55.145689898737636,7.901871927114875e-07,18997.02340468376
M2__S1__D1__start001__ndays366__20260325T080322Z,M2,S1,D1,58,2024-02-27,2,OPTIMAL,aef,0.5,46815.906544000005,11.636919021606445,350,0.01,0.0046299721380720325,True,True,False,True,True,16777.350722677504,16699.672056280848,2.0,OPTIMAL,1.3165860176086426,-2.0560014490911271e-07,-2.0560014490911271e-07,0.0,2.0,OPTIMAL,11.613783121109009,16777.350722677504,16699.672056280848,0.0046299721380720325,630.0,9,40799.0,24.0,6.204739372132097,0.0,16777.35072267751
M2__S1__D1__start001__ndays366__20260325T080322Z,M2,S1,D1,59,2024-02-28,2,OPTIMAL,aef,0.5,132752.38199999998,7.022294998168945,350,0.01,0.009576546493385891,True,True,False,True,True,24185.43765027821,23953.824682157436,2.0,OPTIMAL,1.140714168548584,-6.850172731276416e-07,-6.850172731276416e-07,0.0,2.0,OPTIMAL,7.0018510818481445,24185.43765027821,23953.824682157436,0.009576546493385891,410.0,8,46539.0,0.0,4.2141235764448535,0.0,24185.437650278218
M2__S1__D1__start001__ndays366__20260325T080322Z,M2,S1,D1,60,2024-02-29,2,OPTIMAL,aef,0.5,68943.26397500001,17.154083013534546,350,0.01,0.005825558518467723,True,True,False,True,True,24130.480083837247,23989.906560030133,2.0,OPTIMAL,1.4142050743103027,0.0,0.0,0.0,2.0,OPTIMAL,17.14148998260498,24130.480083837247,23989.906560030133,0.005825558518467723,570.0,6,74735.0,0.0,9.74827798372187,0.0,24130.480083837247
M2__S1__D1__start001__ndays366__20260325T080322Z,M2,S1,D1,61,2024-03-01,2,OPTIMAL,aef,0.5,19677.550425,13.174975872039795,350,0.01,0.005366934161826199,True,True,False,True,True,15899.460139424034,15814.128783647166,2.0,OPTIMAL,1.1176087856292725,-1.8573334159555088e-07,-1.857406459748745e-07,0.0,2.0,OPTIMAL,13.146322965621948,15899.460139424034,15814.128783647166,0.005366934161826199,653.0,8,66509.0,0.0,7.618234363403017,0.0,15899.460139424034
M2__S1__D1__start001__ndays366__20260325T080322Z,M2,S1,D1,62,2024-03-02,2,OPTIMAL,aef,0.5,18031.213900000002,30.17656898498535,350,0.01,0.009747367771638435,True,True,False,True,True,16058.079701730801,15901.555693171751,2.0,OPTIMAL,3.6724319458007812,-6.549646897724415e-06,-6.549700628966093e-06,0.0,2.0,OPTIMAL,30.161931037902832,16058.079701730801,15901.555693171751,0.009747367771638435,1018.0,8,204436.0,0.0,18.004669747559884,0.0,16058.079701730801
M2__S1__D1__start001__ndays366__20260325T080322Z,M2,S1,D1,63,2024-03-03,2,OPTIMAL,aef,0.5,71201.62114,3.1265549659729004,350,0.01,7.412722428457223e-05,True,True,False,True,True,15844.653706835079,15843.479186636043,2.0,OPTIMAL,1.1518149375915527,-7.813186186922394e-08,-7.815833669155836e-08,0.0,2.0,OPTIMAL,3.110240936279297,15844.653706835079,15843.479186636043,7.412722428457223e-05,122.0,5,16533.0,0.0,1.4216753710183352,0.0,15844.653706835079
M2__S1__D1__start001__ndays366__20260325T080322Z,M2,S1,D1,64,2024-03-04,2,OPTIMAL,aef,0.5,79307.620675,4.067695140838623,350,0.01,0.005807058878118424,True,True,False,True,True,25196.380467992585,25050.063603099476,2.0,OPTIMAL,1.338602066040039,0.0,0.0,0.0,2.0,OPTIMAL,4.056979179382324,25196.380467992585,25050.063603099476,0.005807058878118424,52.0,7,16426.0,0.0,1.593693877261188,0.0,25196.380467992585
M2__S1__D1__start001__ndays366__20260325T080322Z,M2,S1,D1,65,2024-03-05,2,OPTIMAL,aef,0.5,174475.43585,69.25693416595459,350,0.01,0.0099838218271618,True,True,False,True,True,36239.10706571638,35877.30227759682,2.0,OPTIMAL,3.1864261627197266,0.0,0.0,0.0,2.0,OPTIMAL,69.23401021957397,36239.10706571638,35877.30227759682,0.0099838218271618,3607.0,5,525138.0,0.0,41.65986917430471,2.2604107287214827e-06,36239.10706571637
M2__S1__D1__start001__ndays366__20260325T080322Z,M2,S1,D1,66,2024-03-06,2,OPTIMAL,aef,0.5,217492.6032,20.775357007980347,350,0.01,0.00954009439675294,True,True,False,True,True,81169.1017022419,80394.74080990287,2.0,OPTIMAL,1.0468120574951172,-3.106925112206227e-05,-3.106925112206227e-05,0.0,2.0,OPTIMAL,20.75940990447998,81169.1017022419,80394.74080990287,0.00954009439675294,508.0,7,76215.0,0.0,11.260696704964637,0.0,81169.1017022419
M2__S1__D1__start001__ndays366__20260325T080322Z,M2,S1,D1,67,2024-03-07,2,OPTIMAL,aef,0.5,110032.3521,10.646944999694824,350,0.01,0.005413969696627882,True,True,False,True,True,21260.798261166157,21145.69294365409,2.0,OPTIMAL,1.0604910850524902,-3.888236221882835e-08,-3.888236221882835e-08,0.0,2.0,OPTIMAL,10.623289108276367,21260.798261166157,21145.69294365409,0.005413969696627882,342.0,4,50222.0,0.0,6.409849552171366,8.670554582542761e-06,21260.798261166157
M2__S1__D1__start001__ndays366__20260325T080322Z,M2,S1,D1,68,2024-03-08,2,OPTIMAL,aef,0.5,15916.025053,12.699268102645874,350,0.01,0.004892212208145318,True,True,False,True,True,16835.2803416728,16752.91857765772,2.0,OPTIMAL,1.2463011741638184,-1.0798316907312255e-07,-1.0798316907312255e-07,0.0,2.0,OPTIMAL,12.68010401725769,16835.2803416728,16752.91857765772,0.004892212208145318,585.0,10,69839.0,0.0,6.952804551992852,0.0,16835.280341672802
M2__S1__D1__start001__ndays366__20260325T080322Z,M2,S1,D1,69,2024-03-09,2,OPTIMAL,aef,0.5,15270.895268,2.496783971786499,350,0.01,9.103949309270162e-10,True,True,False,True,True,11668.032836151675,11668.032825529157,2.0,OPTIMAL,0.8980858325958252,-2.203641997766681e-07,-2.203641997766681e-07,0.0,2.0,OPTIMAL,2.4869298934936523,11668.032836151675,11668.032825529157,9.103949309270162e-10,51.0,7,10132.0,0.0,0.8446355572489628,7.755255493278319e-07,11668.032836151675
M2__S1__D1__start001__ndays366__20260325T080322Z,M2,S1,D1,70,2024-03-10,2,OPTIMAL,aef,0.5,41436.007827,24.959838151931763,350,0.01,0.008495654429685202,True,True,False,True,True,17918.10800470616,17765.881951064403,2.0,OPTIMAL,1.480837106704712,7.686168146392447e-09,2.9103830456733704e-11,inf,2.0,OPTIMAL,24.936259031295776,17918.10800470616,17765.881951064403,0.008495654429685202,1667.0,10,155915.0,0.0,15.294914398202597,1.21011914350665e-06,17918.108004706166
M2__S1__D1__start001__ndays366__20260325T080322Z,M2,S1,D1,71,2024-03-11,2,OPTIMAL,aef,0.5,46074.89137499999,26.348632097244263,350,0.01,0.008183798621520133,True,True,False,True,True,18928.29270928983,18773.38737350782,2.0,OPTIMAL,1.1533470153808594,0.0,0.0,0.0,2.0,OPTIMAL,26.332481145858765,18928.29270928983,18773.38737350782,0.008183798621520133,601.0,10,156045.0,13.0,16.513212730247442,1.0001e-06,18928.29270928983
M2__S1__D1__start001__ndays366__20260325T080322Z,M2,S1,D1,72,2024-03-12,2,OPTIMAL,aef,0.5,171529.83535,18.30910897254944,350,0.01,0.007328873330430438,True,True,False,True,True,47306.35043331457,46959.64818326385,2.0,OPTIMAL,1.6163818836212158,1.957687345566228e-10,1.4551915228366852e-11,inf,2.0,OPTIMAL,18.291658878326416,47306.35043331457,46959.64818326385,0.007328873330430438,789.0,6,81921.0,0.0,9.641515100205881,-1.574494490341749e-08,47306.35043331456
M2__S1__D1__start001__ndays366__20260325T080322Z,M2,S1,D1,73,2024-03-13,2,OPTIMAL,aef,0.5,183620.24735,11.701511144638062,350,0.01,0.007837930837960572,True,True,False,True,True,52545.85671165217,52134.00592092486,2.0,OPTIMAL,1.6059460639953613,0.0,-1.4551915228366852e-11,0.0,2.0,OPTIMAL,11.684765100479126,52545.85671165217,52134.00592092486,0.007837930837960572,400.0,9,39443.0,0.0,6.023814387203786,2.038190141190232e-05,52545.856711652166
M2__S1__D1__start001__ndays366__20260325T080322Z,M2,S1,D1,74,2024-03-14,2,OPTIMAL,aef,0.5,91348.129825,5.235304117202759,350,0.01,0.006747586976398654,True,True,False,True,True,35985.83453803169,35743.01698956803,2.0,OPTIMAL,1.2689740657806396,-2.8640872073992796e-05,-2.8640872073992796e-05,0.0,2.0,OPTIMAL,5.220781087875366,35985.83453803169,35743.01698956803,0.006747586976398654,287.0,7,25937.0,0.0,2.424203551374214,0.0,35985.834538031675
M2__S1__D1__start001__ndays366__20260325T080322Z,M2,S1,D1,75,2024-03-15,2,OPTIMAL,aef,0.5,145643.2137,9.21815299987793,350,0.01,0.009961869341775379,True,True,False,True,True,46143.34578915497,45683.67180741105,2.0,OPTIMAL,1.5312011241912842,-9.211476026393939e-10,-9.211476026393939e-10,0.0,2.0,OPTIMAL,9.197179079055786,46143.34578915497,45683.67180741105,0.009961869341775379,338.0,3,43105.0,0.0,4.462608346179618,0.0,46143.34578915497
M2__S1__D1__start001__ndays366__20260325T080322Z,M2,S1,D1,76,2024-03-16,2,OPTIMAL,aef,0.5,137719.39775,78.77378296852112,350,0.01,0.009992746851936237,True,True,False,True,True,42990.50124451066,42560.90804853641,2.0,OPTIMAL,0.9517278671264648,-1.217813405673951e-09,-1.217813405673951e-09,0.0,2.0,OPTIMAL,78.75985598564148,42990.50124451066,42560.90804853641,0.009992746851936237,4767.0,2,594637.0,0.0,50.688311988536775,8.767114089153843e-07,42990.50124451065
M2__S1__D1__start001__ndays366__20260325T080322Z,M2,S1,D1,77,2024-03-17,2,OPTIMAL,aef,0.5,150026.96685,23.937712907791138,350,0.01,0.009894829380057283,True,True,False,True,True,31344.42869462659,31034.28092067789,2.0,OPTIMAL,1.0859339237213135,0.0,-7.275957614183426e-12,0.0,2.0,OPTIMAL,23.91581678390503,31344.42869462659,31034.28092067789,0.009894829380057283,1584.0,9,141401.0,0.0,13.125382237338778,0.0,31344.42869462659
M2__S1__D1__start001__ndays366__20260325T080322Z,M2,S1,D1,78,2024-03-18,2,OPTIMAL,aef,0.5,223754.3678,39.09547400474548,350,0.01,0.009989676248543267,True,True,False,True,True,110354.90317161402,109252.49341649025,2.0,OPTIMAL,1.1164119243621826,0.0,0.0,0.0,2.0,OPTIMAL,39.07356882095337,110354.90317161402,109252.49341649025,0.009989676248543267,3048.0,9,297712.0,0.0,23.098971527546322,0.0,110354.903171614
M2__S1__D1__start001__ndays366__20260325T080322Z,M2,S1,D1,79,2024-03-19,2,OPTIMAL,aef,0.5,179191.00355,23.158465147018433,350,0.01,0.00597395865504828,True,True,False,True,True,96523.43703477195,95946.81001268308,2.0,OPTIMAL,1.3186800479888916,0.0,0.0,0.0,2.0,OPTIMAL,23.131028175354004,96523.43703477195,95946.81001268308,0.00597395865504828,986.0,7,104128.0,0.0,13.205297908698366,0.0,96523.43703477195
M2__S1__D1__start001__ndays366__20260325T080322Z,M2,S1,D1,80,2024-03-20,2,OPTIMAL,aef,0.5,104758.21040000001,14.426372051239014,350,0.01,0.008870798994024771,True,True,False,True,True,61577.010140388236,61030.772860779834,2.0,OPTIMAL,1.5364131927490234,0.0,0.0,0.0,2.0,OPTIMAL,14.404268026351929,61577.010140388236,61030.772860779834,0.008870798994024771,587.0,7,73485.0,0.0,7.290667971259909,7.61452809691479e-07,61577.010140388236
M2__S1__D1__start001__ndays366__20260325T080322Z,M2,S1,D1,81,2024-03-21,2,OPTIMAL,aef,0.5,75506.29245000001,28.544116020202637,350,0.01,0.009930953996928532,True,True,False,True,True,35092.571539989,34744.06882639145,2.0,OPTIMAL,3.013340950012207,-5.064069910076796e-07,-5.064069910076796e-07,0.0,2.0,OPTIMAL,28.519771099090576,35092.571539989,34744.06882639145,0.009930953996928532,1019.0,8,173284.0,0.0,16.381649380665053,0.0,35092.57153998899
M2__S1__D1__start001__ndays366__20260325T080322Z,M2,S1,D1,82,2024-03-22,9,TIME_LIMIT,aef,0.5,119956.0718,350.05775785446167,350,0.01,0.23169210564513834,True,False,True,False,False,34284.9698664218,26341.413006090417,2.0,OPTIMAL,5.1458728313446045,-2.697333911783062e-09,-2.697333911783062e-09,0.0,9.0,TIME_LIMIT,350.02483677864075,34284.9698664218,26341.413006090417,0.23169210564513834,8016.0,8,2502955.0,0.0,230.39921375241008,0.0,34284.969866421794
M2__S1__D1__start001__ndays366__20260325T080322Z,M2,S1,D1,83,2024-03-23,2,OPTIMAL,aef,0.5,100367.15393500001,4.185381889343262,350,0.01,0.002494084005283355,True,True,False,True,True,10805.17313849505,10778.224128996013,2.0,OPTIMAL,1.8998730182647705,-9.351737162432983e-10,-9.351737162432983e-10,0.0,2.0,OPTIMAL,4.173671007156372,10805.17313849505,10778.224128996013,0.002494084005283355,95.0,8,15492.0,0.0,1.5317453686314244,0.0,10805.17313849505
M2__S1__D1__start001__ndays366__20260325T080322Z,M2,S1,D1,84,2024-03-24,2,OPTIMAL,aef,0.5,90723.81667500001,17.371682167053223,350,0.01,0.008528336437235407,True,True,False,True,True,13909.11581729556,13790.494198061191,2.0,OPTIMAL,1.3623831272125244,-1.486789855675852e-07,-1.4876422937959433e-07,0.0,2.0,OPTIMAL,17.36201000213623,13909.11581729556,13790.494198061191,0.008528336437235407,609.0,4,105784.0,0.0,10.822991072684303,0.0,13909.115817295557
M2__S1__D1__start001__ndays366__20260325T080322Z,M2,S1,D1,85,2024-03-25,2,OPTIMAL,aef,0.5,119976.4656,17.06942582130432,350,0.01,0.009117884325611952,True,True,False,True,True,36335.185325901606,36003.88530915036,2.0,OPTIMAL,0.8826968669891357,0.0,0.0,0.0,2.0,OPTIMAL,17.055210828781128,36335.185325901606,36003.88530915036,0.009117884325611952,736.0,9,80437.0,0.0,9.907713260221099,0.0,36335.18532590159
M2__S1__D1__start001__ndays366__20260325T080322Z,M2,S1,D1,86,2024-03-26,2,OPTIMAL,aef,0.5,46191.98053,4.8329808712005615,350,0.01,0.0004906296340262633,True,True,False,True,True,13576.962192397355,13570.300932405713,2.0,OPTIMAL,1.0403568744659424,-1.2569840635023866e-07,-1.2569840635023866e-07,0.0,2.0,OPTIMAL,4.821771860122681,13576.962192397355,13570.300932405713,0.0004906296340262633,51.0,7,23403.0,0.0,1.9142802207154983,1.3418874973836823e-06,13576.962192397355
M2__S1__D1__start001__ndays366__20260325T080322Z,M2,S1,D1,87,2024-03-27,2,OPTIMAL,aef,0.5,21504.261687000002,6.569094896316528,350,0.01,2.514007615163919e-10,True,True,False,True,True,15309.896871622454,15309.896867773537,2.0,OPTIMAL,2.7342689037323,0.0,0.0,0.0,2.0,OPTIMAL,6.551269769668579,15309.896871622454,15309.896867773537,2.514007615163919e-10,65.0,9,25132.0,0.0,2.563338728533297,0.0,15309.896871622452
M2__S1__D1__start001__ndays366__20260325T080322Z,M2,S1,D1,88,2024-03-28,2,OPTIMAL,aef,0.5,35669.42588,8.968094110488892,350,0.01,0.008767669457483524,True,True,False,True,True,18424.610153542715,18263.069261833458,2.0,OPTIMAL,0.8241510391235352,-5.9294158916145534e-08,-5.9294158916145534e-08,0.0,2.0,OPTIMAL,8.956372022628784,18424.610153542715,18263.069261833458,0.008767669457483524,319.0,10,55756.0,0.0,4.729896986025601,7.653592903441744e-07,18424.610153542715
M2__S1__D1__start001__ndays366__20260325T080322Z,M2,S1,D1,89,2024-03-29,2,OPTIMAL,aef,0.5,122366.27475,15.542144060134888,350,0.01,0.003636688257781318,True,True,False,True,True,20463.75994437568,20389.339628875918,2.0,OPTIMAL,1.3633630275726318,-3.06863512378186e-09,-3.06863512378186e-09,0.0,2.0,OPTIMAL,15.52010703086853,20463.75994437568,20389.339628875918,0.003636688257781318,371.0,3,58129.0,0.0,8.915273710793008,1.7241595862005762e-06,20463.75994437568
M2__S1__D1__start001__ndays366__20260325T080322Z,M2,S1,D1,90,2024-03-30,2,OPTIMAL,aef,0.5,78365.343105,4.828570127487183,350,0.01,0.008125125819288374,True,True,False,True,True,18757.780158189376,18605.370834313533,2.0,OPTIMAL,1.0620901584625244,0.0,1.4551915228366852e-11,0.0,2.0,OPTIMAL,4.813875198364258,18757.780158189376,18605.370834313533,0.008125125819288374,140.0,5,32728.0,0.0,2.723912013803452,4.7886126397403966e-06,18757.78015818937
M2__S1__D1__start001__ndays366__20260325T080322Z,M2,S1,D1,91,2024-03-31,2,OPTIMAL,aef,0.5,21655.310869,2.826821804046631,350,0.01,7.07167687048448e-10,True,True,False,True,True,12771.50186752584,12771.501858494248,2.0,OPTIMAL,2.2645678520202637,0.0,2.9103830456733704e-11,0.0,2.0,OPTIMAL,2.814828872680664,12771.50186752584,12771.501858494248,7.07167687048448e-10,24.0,6,9991.0,0.0,0.957155533728246,2.2518874034170377e-06,12771.501867525838
M2__S1__D1__start001__ndays366__20260325T080322Z,M2,S1,D1,92,2024-04-01,2,OPTIMAL,aef,0.5,49696.38759400001,22.238447904586792,350,0.01,0.0026029215069530284,True,True,False,True,True,16368.931173158257,16326.324130161809,2.0,OPTIMAL,1.7758660316467285,0.0,0.0,0.0,2.0,OPTIMAL,22.22570490837097,16368.931173158257,16326.324130161809,0.0026029215069530284,943.0,10,135807.0,0.0,13.903896434669544,0.0,16368.931173158258
M2__S1__D1__start001__ndays366__20260325T080322Z,M2,S1,D1,93,2024-04-02,2,OPTIMAL,aef,0.5,139248.81884999998,20.083391189575195,350,0.01,0.009729549543466628,True,True,False,True,True,17777.138766165765,17604.175213799277,2.0,OPTIMAL,1.2650651931762695,0.0,0.0,0.0,2.0,OPTIMAL,20.06380009651184,17777.138766165765,17604.175213799277,0.009729549543466628,914.0,8,107381.0,0.0,11.589160381254745,6.742075696284988e-06,17777.13876616577
M2__S1__D1__start001__ndays366__20260325T080322Z,M2,S1,D1,94,2024-04-03,2,OPTIMAL,aef,0.5,79568.01597000001,12.805699110031128,350,0.01,0.0013911899588929986,True,True,False,True,True,14824.327245071296,14803.70378986061,2.0,OPTIMAL,0.6892449855804443,-1.794194304238772e-08,-1.794194304238772e-08,0.0,2.0,OPTIMAL,12.781588077545166,14824.327245071296,14803.70378986061,0.0013911899588929986,406.0,8,50957.0,0.0,6.807019999524688,1.6737457973552464e-06,14824.327245071298
M2__S1__D1__start001__ndays366__20260325T080322Z,M2,S1,D1,95,2024-04-04,2,OPTIMAL,aef,0.5,139124.63175,12.615230083465576,350,0.01,0.009802812205376573,True,True,False,True,True,16197.663273002012,16038.88062177085,2.0,OPTIMAL,1.7323241233825684,-7.123888963178615e-07,-7.124035619199276e-07,0.0,2.0,OPTIMAL,12.59295105934143,16197.663273002012,16038.88062177085,0.009802812205376573,430.0,8,55782.0,0.0,6.500936993948116,0.0,16197.66327300201
M2__S1__D1__start001__ndays366__20260325T080322Z,M2,S1,D1,96,2024-04-05,2,OPTIMAL,aef,0.5,149068.64895,12.417150974273682,350,0.01,0.006669588208725918,True,True,False,True,True,16453.07965862826,16343.344392539844,2.0,OPTIMAL,1.5438618659973145,2.0002062228741124e-09,4.3655745685100555e-11,inf,2.0,OPTIMAL,12.40409803390503,16453.07965862826,16343.344392539844,0.006669588208725918,766.0,9,57985.0,0.0,6.693164668095934,1.0020002062228743e-06,16453.079658628256
M2__S1__D1__start001__ndays366__20260325T080322Z,M2,S1,D1,97,2024-04-06,2,OPTIMAL,aef,0.5,140051.2874,2.9302148818969727,350,0.01,0.005023582334451442,True,True,False,True,True,13556.596484915439,13488.493806298533,2.0,OPTIMAL,0.8634228706359863,1.9962840269727167e-09,2.9103830456733704e-11,inf,2.0,OPTIMAL,2.912658929824829,13556.596484915439,13488.493806298533,0.005023582334451442,50.0,4,10377.0,0.0,1.0014021693477546,4.090611651847725e-06,13556.596484915439
M2__S1__D1__start001__ndays366__20260325T080322Z,M2,S1,D1,98,2024-04-07,2,OPTIMAL,aef,0.5,146210.80430000002,12.663990020751953,350,0.01,1.108465215105478e-05,True,True,False,True,True,17808.913615866142,17808.716210253522,2.0,OPTIMAL,0.8328819274902344,0.0,-3.637978807091713e-11,0.0,2.0,OPTIMAL,12.646939992904663,17808.913615866142,17808.716210253522,1.108465215105478e-05,411.0,6,42481.0,0.0,6.898755254604138,0.0,17808.913615866142
M2__S1__D1__start001__ndays366__20260325T080322Z,M2,S1,D1,99,2024-04-08,2,OPTIMAL,aef,0.5,59862.724596,8.952992916107178,350,0.01,0.009007882518562027,True,True,False,True,True,15181.30490034377,15044.553489323005,2.0,OPTIMAL,0.9752230644226074,0.0,0.0,0.0,2.0,OPTIMAL,8.93301510810852,15181.30490034377,15044.553489323005,0.009007882518562027,322.0,9,39543.0,0.0,4.354212085973542,0.0,15181.304900343774
M2__S1__D1__start001__ndays366__20260325T080322Z,M2,S1,D1,100,2024-04-09,2,OPTIMAL,aef,0.5,150610.446055,1.872236967086792,350,0.01,0.0023389677068914724,True,True,False,True,True,14826.252496522162,14791.574370718577,2.0,OPTIMAL,0.8275809288024902,0.0,0.0,0.0,2.0,OPTIMAL,1.852128028869629,14826.252496522162,14791.574370718577,0.0023389677068914724,27.0,6,6051.0,0.0,0.6809435844662979,0.0,14826.25249652216
M2__S1__D1__start001__ndays366__20260325T080322Z,M2,S1,D1,101,2024-04-10,2,OPTIMAL,aef,0.5,194877.0599,3.3223788738250732,350,0.01,0.004230367978458915,True,True,False,True,True,18778.91046922616,18699.4687677068,2.0,OPTIMAL,0.6528599262237549,-3.0482169677270576e-08,-3.0482169677270576e-08,0.0,2.0,OPTIMAL,3.305655002593994,18778.91046922616,18699.4687677068,0.004230367978458915,183.0,7,14522.0,0.0,1.5768278118425632,0.0,18778.91046922615
M2__S1__D1__start001__ndays366__20260325T080322Z,M2,S1,D1,102,2024-04-11,2,OPTIMAL,aef,0.5,157646.0767,14.049291849136353,350,0.01,0.008222241271155386,True,True,False,True,True,15868.745562569937,15738.268907883914,2.0,OPTIMAL,0.8258590698242188,-3.129044898741995e-07,-3.129044898741995e-07,0.0,2.0,OPTIMAL,14.03007197380066,15868.745562569937,15738.268907883914,0.008222241271155386,873.0,5,59165.0,0.0,7.5318762070958,1.2967248608207777e-06,15868.745562569939
M2__S1__D1__start001__ndays366__20260325T080322Z,M2,S1,D1,103,2024-04-12,2,OPTIMAL,aef,0.5,191436.52655,10.717363834381104,350,0.01,0.0033340780591734607,True,True,False,True,True,27792.23856312869,27699.57707032005,2.0,OPTIMAL,1.529036045074463,0.0,2.9103830456733704e-11,0.0,2.0,OPTIMAL,10.699928998947144,27792.23856312869,27699.57707032005,0.0033340780591734607,368.0,7,27292.0,0.0,5.086882499391166,1.1788309318602813e-06,27792.23856312869
M2__S1__D1__start001__ndays366__20260325T080322Z,M2,S1,D1,104,2024-04-13,2,OPTIMAL,aef,0.5,155878.8882,9.623407125473022,350,0.01,0.008134019958569343,True,True,False,True,True,17658.918594555627,17515.28059826076,2.0,OPTIMAL,0.541370153427124,0.0,0.0,0.0,2.0,OPTIMAL,9.605412006378174,17658.918594555627,17515.28059826076,0.008134019958569343,705.0,8,41349.0,0.0,5.000551678991343,1.741651222847787e-06,17658.918594555624
M2__S1__D1__start001__ndays366__20260325T080322Z,M2,S1,D1,105,2024-04-14,2,OPTIMAL,aef,0.5,154403.88465000002,10.382025957107544,350,0.01,0.00577625546083553,True,True,False,True,True,16018.742441000899,15926.214092500351,2.0,OPTIMAL,0.7161209583282471,0.0,0.0,0.0,2.0,OPTIMAL,10.363806009292603,16018.742441000899,15926.214092500351,0.00577625546083553,532.0,6,38707.0,0.0,5.353352352154295,0.0,16018.742441000895
M2__S1__D1__start001__ndays366__20260325T080322Z,M2,S1,D1,106,2024-04-15,9,TIME_LIMIT,aef,0.5,171046.49965,350.0461940765381,350,0.01,0.054143159614285695,True,False,True,False,False,19316.746462961073,18270.876775988283,2.0,OPTIMAL,0.6390581130981445,0.0,0.0,0.0,9.0,TIME_LIMIT,350.0107991695404,19316.746462961073,18270.876775988283,0.054143159614285695,9078.0,6,902880.0,0.0,189.09451282478807,2.297384292514073e-06,19316.746462961073
M2__S1__D1__start001__ndays366__20260325T080322Z,M2,S1,D1,107,2024-04-16,2,OPTIMAL,aef,0.5,185547.42859999998,5.639002084732056,350,0.01,0.007445269305327871,True,True,False,True,True,15848.840826299836,15730.84193817076,2.0,OPTIMAL,1.84847092628479,-8.423899089393672e-08,-8.423899089393672e-08,0.0,2.0,OPTIMAL,5.622706890106201,15848.840826299836,15730.84193817076,0.007445269305327871,354.0,8,24717.0,0.0,2.3144893227092598,1.6073741595788454e-06,15848.840826299836
M2__S1__D1__start001__ndays366__20260325T080322Z,M2,S1,D1,108,2024-04-17,2,OPTIMAL,aef,0.5,155806.2987,7.191781044006348,350,0.01,0.009443164789424927,True,True,False,True,True,16445.67626623417,16290.377035178588,2.0,OPTIMAL,1.5583510398864746,0.0,0.0,0.0,2.0,OPTIMAL,7.170778036117554,16445.67626623417,16290.377035178588,0.009443164789424927,317.0,6,26970.0,0.0,3.866428910080219,1.685829973140972e-05,16445.67626623417
M2__S1__D1__start001__ndays366__20260325T080322Z,M2,S1,D1,109,2024-04-18,2,OPTIMAL,aef,0.5,123785.986355,11.873435020446777,350,0.01,0.005211147533494826,True,True,False,True,True,18017.142644378215,17923.25265592634,2.0,OPTIMAL,1.1252999305725098,-1.6600722574366955e-08,-1.6603735275566578e-08,0.0,2.0,OPTIMAL,11.851547002792358,18017.142644378215,17923.25265592634,0.005211147533494826,580.0,7,48092.0,0.0,6.560885149100279,0.0,18017.142644378207
M2__S1__D1__start001__ndays366__20260325T080322Z,M2,S1,D1,110,2024-04-19,2,OPTIMAL,aef,0.5,149286.9759,10.200253009796143,350,0.01,0.005263060232054474,True,True,False,True,True,24044.860974892086,23918.311423309853,2.0,OPTIMAL,0.8842799663543701,0.0,0.0,0.0,2.0,OPTIMAL,10.178851127624512,24044.860974892086,23918.311423309853,0.005263060232054474,393.0,8,37627.0,0.0,5.078984050343527,2.749236951762266e-05,24044.860974892086
M2__S1__D1__start001__ndays366__20260325T080322Z,M2,S1,D1,111,2024-04-20,2,OPTIMAL,aef,0.5,121271.300585,9.359636068344116,350,0.01,0.009069283543232526,True,True,False,True,True,19004.477019235594,18832.1200285573,2.0,OPTIMAL,0.6856350898742676,8.077790880633984e-09,1.4551915228366852e-11,inf,2.0,OPTIMAL,9.334882020950317,19004.477019235594,18832.1200285573,0.009069283543232526,391.0,7,35833.0,0.0,4.790258933074995,3.2911585087499985e-05,19004.477019235586
M2__S1__D1__start001__ndays366__20260325T080322Z,M2,S1,D1,112,2024-04-21,2,OPTIMAL,aef,0.5,135784.21855,2.8267910480499268,350,0.01,0.004687044094920042,True,True,False,True,True,14380.421570233248,14313.019900230025,2.0,OPTIMAL,0.8453209400177002,-4.002686182502657e-09,-4.002686182502657e-09,0.0,2.0,OPTIMAL,2.8153300285339355,14380.421570233248,14313.019900230025,0.004687044094920042,105.0,4,11633.0,0.0,1.2131923548020849,2.5219910036751824e-05,14380.421570233246
M2__S1__D1__start001__ndays366__20260325T080322Z,M2,S1,D1,113,2024-04-22,2,OPTIMAL,aef,0.5,102321.08989999999,4.70477294921875,350,0.01,0.009850838672156578,True,True,False,True,True,17752.45673623601,17577.580148892914,2.0,OPTIMAL,1.2383079528808594,0.0,0.0,0.0,2.0,OPTIMAL,4.68999981880188,17752.45673623601,17577.580148892914,0.009850838672156578,261.0,9,22348.0,0.0,2.488928980189585,3.793981702413439e-06,17752.456736236018
M2__S1__D1__start001__ndays366__20260325T080322Z,M2,S1,D1,114,2024-04-23,2,OPTIMAL,aef,0.5,141787.02605000001,4.192839860916138,350,0.01,0.006149837415465001,True,True,False,True,True,16042.685212634611,15944.025306869426,2.0,OPTIMAL,1.4468839168548584,0.0,0.0,0.0,2.0,OPTIMAL,4.177937984466553,16042.685212634611,15944.025306869426,0.006149837415465001,138.0,9,15013.0,0.0,1.3900628629170768,0.0,16042.685212634608
M2__S1__D1__start001__ndays366__20260325T080322Z,M2,S1,D1,115,2024-04-24,2,OPTIMAL,aef,0.5,176450.13655,3.5085511207580566,350,0.01,0.007573026199301694,True,True,False,True,True,25597.230295164765,25403.381799509927,2.0,OPTIMAL,0.8078300952911377,-2.035912814335461e-06,-2.035912814335461e-06,0.0,2.0,OPTIMAL,3.4870190620422363,25597.230295164765,25403.381799509927,0.007573026199301694,256.0,6,21364.0,0.0,1.73702088339985,0.0,25597.230295164758
M2__S1__D1__start001__ndays366__20260325T080322Z,M2,S1,D1,116,2024-04-25,2,OPTIMAL,aef,0.5,163331.40565,4.485095977783203,350,0.01,0.003474399705963524,True,True,False,True,True,54518.67081022574,54329.25115639317,2.0,OPTIMAL,1.663257122039795,0.0,0.0,0.0,2.0,OPTIMAL,4.47166895866394,54518.67081022574,54329.25115639317,0.003474399705963524,223.0,7,29307.0,14.0,2.1819274243768163,0.0,54518.670810225754
M2__S1__D1__start001__ndays366__20260325T080322Z,M2,S1,D1,117,2024-04-26,2,OPTIMAL,aef,0.5,120366.0969,18.721577882766724,350,0.01,0.009349897628397011,True,True,False,True,True,63977.097880742556,63378.91856499568,2.0,OPTIMAL,12.660347938537598,-1.506975237930419e-06,-1.506975237930419e-06,0.0,2.0,OPTIMAL,18.696058988571167,63977.097880742556,63378.91856499568,0.009349897628397011,613.0,9,126552.0,0.0,9.344061307499372,0.0,63977.097880742534
M2__S1__D1__start001__ndays366__20260325T080322Z,M2,S1,D1,118,2024-04-27,2,OPTIMAL,aef,0.5,9296.499275999999,8.317945003509521,350,0.01,0.004750843416534544,True,True,False,True,True,14193.10174154279,14125.672537573777,2.0,OPTIMAL,1.547874927520752,-5.2895212210302134e-08,-5.2895212210302134e-08,0.0,2.0,OPTIMAL,8.294839859008789,14193.10174154279,14125.672537573777,0.004750843416534544,302.0,10,48693.0,0.0,4.704080139206874,0.0,14193.101741542789
M2__S1__D1__start001__ndays366__20260325T080322Z,M2,S1,D1,119,2024-04-28,2,OPTIMAL,aef,0.5,179008.8161,14.805903911590576,350,0.01,0.009145183970276412,True,True,False,True,True,30886.91489053923,30604.448371590977,2.0,OPTIMAL,1.0914318561553955,-1.3721148661716143e-08,-1.3780663721263409e-08,0.0,2.0,OPTIMAL,14.78525686264038,30886.91489053923,30604.448371590977,0.009145183970276412,1164.0,5,75459.0,0.0,7.612349440715461,2.8138751756821246e-07,30886.91489053924
M2__S1__D1__start001__ndays366__20260325T080322Z,M2,S1,D1,120,2024-04-29,2,OPTIMAL,aef,0.5,208588.84115,10.839586019515991,350,0.01,0.005772973746268136,True,True,False,True,True,92163.0141596896,91630.95949856877,2.0,OPTIMAL,1.6121399402618408,0.0,0.0,0.0,2.0,OPTIMAL,10.819056034088135,92163.0141596896,91630.95949856877,0.005772973746268136,361.0,6,32111.0,0.0,5.137136373585351,1.0618667301057052e-06,92163.01415968958
M2__S1__D1__start001__ndays366__20260325T080322Z,M2,S1,D1,121,2024-04-30,2,OPTIMAL,aef,0.5,71906.61209499999,5.672245025634766,350,0.01,0.007419053532811141,True,True,False,True,True,55080.70771482351,54672.06099566211,2.0,OPTIMAL,2.1473050117492676,-1.4276738200535988e-06,-1.4276738200535988e-06,0.0,2.0,OPTIMAL,5.660258054733276,55080.70771482351,54672.06099566211,0.007419053532811141,41.0,3,30627.0,0.0,2.2100779253150593,0.0,55080.707714823526
M2__S1__D1__start001__ndays366__20260325T080322Z,M2,S1,D1,122,2024-05-01,2,OPTIMAL,aef,0.5,103267.77735,3.559746026992798,350,0.01,0.00030353401857150604,True,True,False,True,True,14537.214796849417,14532.802257623292,2.0,OPTIMAL,0.9204790592193604,0.0,0.0,0.0,2.0,OPTIMAL,3.5491180419921875,14537.214796849417,14532.802257623292,0.00030353401857150604,34.0,6,17768.0,0.0,1.2089257243525586,1.0316997137799042e-06,14537.21479684942
M2__S1__D1__start001__ndays366__20260325T080322Z,M2,S1,D1,123,2024-05-02,2,OPTIMAL,aef,0.5,71201.07099000001,16.749871015548706,350,0.01,0.007945712653667744,True,True,False,True,True,18231.85551064924,18086.990425618435,2.0,OPTIMAL,1.5007340908050537,-4.437806921941956e-08,-4.4397893361747265e-08,0.0,2.0,OPTIMAL,16.718151092529297,18231.85551064924,18086.990425618435,0.007945712653667744,373.0,4,48217.0,0.0,8.458590455860854,2.909496148206848e-06,18231.85551064924
M2__S1__D1__start001__ndays366__20260325T080322Z,M2,S1,D1,124,2024-05-03,2,OPTIMAL,aef,0.5,59550.462,9.355233192443848,350,0.01,0.00968363729321365,True,True,False,True,True,19809.47584969545,19617.648070598327,2.0,OPTIMAL,1.7387840747833252,-7.422937073897629e-07,-7.422937073897629e-07,0.0,2.0,OPTIMAL,9.335208177566528,19809.47584969545,19617.648070598327,0.00968363729321365,304.0,4,44965.0,0.0,4.11265150838218,1.1615642661546964e-06,19809.475849695456
M2__S1__D1__start001__ndays366__20260325T080322Z,M2,S1,D1,125,2024-05-04,2,OPTIMAL,aef,0.5,26724.184284,3.851412057876587,350,0.01,3.820062747256708e-09,True,True,False,True,True,13107.937552792306,13107.93750271916,2.0,OPTIMAL,1.1288669109344482,0.0,0.0,0.0,2.0,OPTIMAL,3.8327689170837402,13107.937552792306,13107.93750271916,3.820062747256708e-09,135.0,10,20383.0,25.0,1.8118474603633072,1.0479907951085891e-06,13107.937552792304
M2__S1__D1__start001__ndays366__20260325T080322Z,M2,S1,D1,126,2024-05-05,2,OPTIMAL,aef,0.5,30286.2504275,22.221364974975586,350,0.01,0.009983846942357036,True,True,False,True,True,16275.130979770012,16112.642563101175,2.0,OPTIMAL,0.8963489532470703,-6.0878547571974195e-06,-6.0878547571974195e-06,0.0,2.0,OPTIMAL,22.2017719745636,16275.130979770012,16112.642563101175,0.009983846942357036,1089.0,9,133042.0,0.0,13.325346769662255,0.0,16275.130979770016
M2__S1__D1__start001__ndays366__20260325T080322Z,M2,S1,D1,127,2024-05-06,2,OPTIMAL,aef,0.5,107628.72045,134.55553197860718,350,0.01,0.00017341021690365536,True,True,False,True,True,51744.517679638055,51735.54465160367,2.0,OPTIMAL,12.06375503540039,359.9977200142199,358.2826263805473,0.004764179155370381,2.0,OPTIMAL,134.54337787628174,51744.517679638055,51735.54465160367,0.00017341021690365536,6981.0,10,830489.0,4393.0,79.70770556208561,361.91880108470184,51744.517679638055
M2__S1__D1__start001__ndays366__20260325T080322Z,M2,S1,D1,128,2024-05-07,2,OPTIMAL,aef,0.5,100648.62770000001,6.045132160186768,350,0.01,0.0031498177007798435,True,True,False,True,True,30111.938600591064,30017.091483382126,2.0,OPTIMAL,1.8259131908416748,-6.044817268957559e-08,-6.044817268957559e-08,0.0,2.0,OPTIMAL,6.02587103843689,30111.938600591064,30017.091483382126,0.0031498177007798435,238.0,9,26454.0,0.0,2.4494938188654602,0.0,30111.93860059106
M2__S1__D1__start001__ndays366__20260325T080322Z,M2,S1,D1,129,2024-05-08,2,OPTIMAL,aef,0.5,110418.1947,16.385848999023438,350,0.01,0.0041922909759803855,True,True,False,True,True,24585.995229764354,24482.92358382712,2.0,OPTIMAL,1.7016799449920654,0.0,0.0,0.0,2.0,OPTIMAL,16.367624044418335,24585.995229764354,24482.92358382712,0.0041922909759803855,488.0,7,67703.0,0.0,8.70014174384028,4.157810369439606e-06,24585.995229764358
M2__S1__D1__start001__ndays366__20260325T080322Z,M2,S1,D1,130,2024-05-09,9,TIME_LIMIT,aef,0.5,149516.99414999998,350.05886793136597,350,0.01,0.1021358631413582,True,False,True,False,False,37804.43045003291,33943.24231545136,2.0,OPTIMAL,1.1078829765319824,-2.0629194352750346e-08,-2.0634615793824196e-08,0.0,9.0,TIME_LIMIT,350.0188000202179,37804.43045003291,33943.24231545136,0.1021358631413582,9079.0,7,1194750.0,0.0,189.9935785023558,0.0,37804.43045003291
M2__S1__D1__start001__ndays366__20260325T080322Z,M2,S1,D1,131,2024-05-10,2,OPTIMAL,aef,0.5,97024.273065,4.583637952804565,350,0.01,0.009355607099537082,True,True,False,True,True,29952.59462205918,29672.369915163486,2.0,OPTIMAL,1.9911260604858398,-2.9758660957668326e-06,-2.9758660957668326e-06,0.0,2.0,OPTIMAL,4.568434953689575,29952.59462205918,29672.369915163486,0.009355607099537082,149.0,8,23909.0,0.0,1.8688567530170623,0.0,29952.594622059165
M2__S1__D1__start001__ndays366__20260325T080322Z,M2,S1,D1,132,2024-05-11,9,TIME_LIMIT,aef,0.5,91287.192005,350.075110912323,350,0.01,0.0784459002496908,True,False,True,False,False,15453.381175793244,14241.126777556516,2.0,OPTIMAL,1.529261827468872,0.0,1.4551915228366852e-11,0.0,9.0,TIME_LIMIT,350.018846988678,15453.381175793244,14241.126777556516,0.0784459002496908,8806.0,10,971061.0,0.0,195.53499635396693,0.0,15453.381175793244
M2__S1__D1__start001__ndays366__20260325T080322Z,M2,S1,D1,133,2024-05-12,2,OPTIMAL,aef,0.5,141305.5611,4.975108861923218,350,0.01,0.008118793054341511,True,True,False,True,True,18862.886001196683,18709.742133345335,2.0,OPTIMAL,0.6179718971252441,-3.5574174717112328e-09,-3.5574174717112328e-09,0.0,2.0,OPTIMAL,4.956645965576172,18862.886001196683,18709.742133345335,0.008118793054341511,236.0,10,25384.0,0.0,2.0791472676761895,1.5136801269159695e-06,18862.886001196686
M2__S1__D1__start001__ndays366__20260325T080322Z,M2,S1,D1,134,2024-05-13,2,OPTIMAL,aef,0.5,49526.052945,22.512030124664307,350,0.01,0.008882449313896002,True,True,False,True,True,27107.889075396215,26867.10462467729,2.0,OPTIMAL,2.6677920818328857,-6.766468523267122e-07,-6.766468523267122e-07,0.0,2.0,OPTIMAL,22.493714094161987,27107.889075396215,26867.10462467729,0.008882449313896002,822.0,8,124431.0,0.0,13.483279782128104,0.0,27107.889075396215
M2__S1__D1__start001__ndays366__20260325T080322Z,M2,S1,D1,135,2024-05-14,2,OPTIMAL,aef,0.5,47038.688526,8.000730991363525,350,0.01,0.00016835351054274742,True,True,False,True,True,13629.426330525199,13627.131768755771,2.0,OPTIMAL,3.037994861602783,0.0,0.0,0.0,2.0,OPTIMAL,7.989990949630737,13629.426330525199,13627.131768755771,0.00016835351054274742,142.0,10,19544.0,0.0,2.749365440010206,0.0,13629.426330525197
M2__S1__D1__start001__ndays366__20260325T080322Z,M2,S1,D1,136,2024-05-15,2,OPTIMAL,aef,0.5,84160.89186999999,12.02870798110962,350,0.01,0.007894777708777195,True,True,False,True,True,18942.27402263019,18792.728979922784,2.0,OPTIMAL,2.2101500034332275,-1.4473641840595519e-08,-1.4473641840595519e-08,0.0,2.0,OPTIMAL,12.00523591041565,18942.27402263019,18792.728979922784,0.007894777708777195,557.0,9,47198.0,0.0,5.967620930987524,1.3006483469664522e-06,18942.27402263019
M2__S1__D1__start001__ndays366__20260325T080322Z,M2,S1,D1,137,2024-05-16,2,OPTIMAL,aef,0.5,25504.139535000002,20.516077041625977,350,0.01,0.008837675658525411,True,True,False,True,True,17586.611611203127,17431.186841850857,2.0,OPTIMAL,2.789748191833496,-1.7069732258789827e-06,-1.7069732258789827e-06,0.0,2.0,OPTIMAL,20.493534088134766,17586.611611203127,17431.186841850857,0.008837675658525411,811.0,9,104696.0,0.0,11.770341783612098,0.0,17586.61161120313
M2__S1__D1__start001__ndays366__20260325T080322Z,M2,S1,D1,138,2024-05-17,9,TIME_LIMIT,aef,,58946.0136,350.0548529624939,350,0.01,0.11307848005727561,True,False,True,False,False,36931.798701626285,32755.607038665126,2.0,OPTIMAL,73.91248202323914,1.1735461205065687,1.1618330903060547,0.009980886132926713,9.0,TIME_LIMIT,350.01989102363586,36931.798701626285,32755.607038665126,0.11307848005727561,22868.0,5,2322172.0,0.0,195.79980128407715,1.173547417828562,36931.79870162629
M2__S1__D1__start001__ndays366__20260325T080322Z,M2,S1,D1,139,2024-05-18,2,OPTIMAL,aef,0.5,86264.989455,5.187273979187012,350,0.01,0.009976979945930638,True,True,False,True,True,23087.065592049814,22856.726401627548,2.0,OPTIMAL,3.0347471237182617,-2.1076289158372674e-08,-2.1076289158372674e-08,0.0,2.0,OPTIMAL,5.175425052642822,23087.065592049814,22856.726401627548,0.009976979945930638,277.0,7,30042.0,0.0,2.4523495764465735,7.305905615539066e-07,23087.06559204981
M2__S1__D1__start001__ndays366__20260325T080322Z,M2,S1,D1,140,2024-05-19,2,OPTIMAL,aef,0.5,89212.27256499999,13.537132024765015,350,0.01,0.009925258114736237,True,True,False,True,True,19900.515710118994,19702.997955079703,2.0,OPTIMAL,1.0494699478149414,0.0,0.0,0.0,2.0,OPTIMAL,13.524993896484375,19900.515710118994,19702.997955079703,0.009925258114736237,639.0,8,70234.0,0.0,7.400903017670808,9.936685709423104e-07,19900.51571011899
M2__S1__D1__start001__ndays366__20260325T080322Z,M2,S1,D1,141,2024-05-20,2,OPTIMAL,aef,0.5,94088.032805,20.406723976135254,350,0.01,0.008765280831703966,True,True,False,True,True,31063.2904182301,30791.01195415754,2.0,OPTIMAL,10.744842052459717,0.0,0.0,0.0,2.0,OPTIMAL,20.392975091934204,31063.2904182301,30791.01195415754,0.008765280831703966,708.0,9,115218.0,17.0,10.329037738675558,0.00018139605040306715,31063.2904182301
M2__S1__D1__start001__ndays366__20260325T080322Z,M2,S1,D1,142,2024-05-21,2,OPTIMAL,aef,0.5,107388.4448,7.348952054977417,350,0.01,0.009677109852654733,True,True,False,True,True,43986.6551871713,43560.99149287419,2.0,OPTIMAL,2.6265199184417725,-6.807277941334178e-08,-6.807277941334178e-08,0.0,2.0,OPTIMAL,7.327377080917358,43986.6551871713,43560.99149287419,0.009677109852654733,258.0,3,47722.0,0.0,3.5678270569050397,0.0,43986.65518717129
M2__S1__D1__start001__ndays366__20260325T080322Z,M2,S1,D1,143,2024-05-22,2,OPTIMAL,aef,0.5,111934.50465,211.2641499042511,350,0.01,0.009559178859020745,True,True,False,True,True,44801.83274580874,44373.56401337962,2.0,OPTIMAL,196.23488688468933,0.0,0.0,0.0,2.0,OPTIMAL,211.24081802368164,44801.83274580874,44373.56401337962,0.009559178859020745,4860.0,8,2307331.0,0.0,131.28103718711534,1.9887106320236315e-06,44801.83274580874
M2__S1__D1__start001__ndays366__20260325T080322Z,M2,S1,D1,144,2024-05-23,2,OPTIMAL,aef,0.5,116655.53330000001,12.605618000030518,350,0.01,0.006689131088366315,True,True,False,True,True,71984.79495757996,71503.27922773953,2.0,OPTIMAL,1.1661648750305176,-1.0076632861455437e-09,-1.0076632861455437e-09,0.0,2.0,OPTIMAL,12.58084487915039,71984.79495757996,71503.27922773953,0.006689131088366315,431.0,3,46445.0,0.0,6.492259188450939,1.217320548897731e-06,71984.79495757993
M2__S1__D1__start001__ndays366__20260325T080322Z,M2,S1,D1,145,2024-05-24,2,OPTIMAL,aef,0.5,105003.2874,137.85771584510803,350,0.01,0.009461487782922223,True,True,False,True,True,72329.3406382205,71644.99746542514,2.0,OPTIMAL,3.7693939208984375,0.0,0.0,0.0,2.0,OPTIMAL,137.82574892044067,72329.3406382205,71644.99746542514,0.009461487782922223,6338.0,5,1035987.0,0.0,84.92245242445318,0.0,72329.34063822047
M2__S1__D1__start001__ndays366__20260325T080322Z,M2,S1,D1,146,2024-05-25,2,OPTIMAL,aef,0.5,40710.694064999996,20.281522035598755,350,0.01,0.009098774020877349,True,True,False,True,True,22179.86009632542,21978.05056149428,2.0,OPTIMAL,3.537813186645508,-1.0282769835612271e-07,-1.0282769835612271e-07,0.0,2.0,OPTIMAL,20.254810094833374,22179.86009632542,21978.05056149428,0.009098774020877349,827.0,9,98429.0,0.0,10.962347759051465,1.9489104750854077e-06,22179.860096325418
M2__S1__D1__start001__ndays366__20260325T080322Z,M2,S1,D1,147,2024-05-26,2,OPTIMAL,aef,0.5,103308.49705,2.811771869659424,350,0.01,0.008572716054067248,True,True,False,True,True,18809.64103224961,18648.3913206012,2.0,OPTIMAL,0.7204558849334717,-1.546717581213386e-05,-1.546717581213386e-05,0.0,2.0,OPTIMAL,2.7904019355773926,18809.64103224961,18648.3913206012,0.008572716054067248,96.0,5,13898.0,0.0,1.3187755248442352,0.0,18809.6410322496
M2__S1__D1__start001__ndays366__20260325T080322Z,M2,S1,D1,148,2024-05-27,2,OPTIMAL,aef,0.5,126493.51675000001,8.989431858062744,350,0.01,0.008081413925955913,True,True,False,True,True,46108.45540272952,45735.83388913359,2.0,OPTIMAL,1.217897891998291,0.0,0.0,0.0,2.0,OPTIMAL,8.975688934326172,46108.45540272952,45735.83388913359,0.008081413925955913,371.0,6,47238.0,0.0,4.0061233716191476,0.0,46108.45540272952
M2__S1__D1__start001__ndays366__20260325T080322Z,M2,S1,D1,149,2024-05-28,2,OPTIMAL,aef,0.5,125156.61554999999,4.4950268268585205,350,0.01,0.009720958409625342,True,True,False,True,True,25559.82492401194,25311.358928968315,2.0,OPTIMAL,1.5567829608917236,-1.407198624292505e-08,-1.407198624292505e-08,0.0,2.0,OPTIMAL,4.471683025360107,25559.82492401194,25311.358928968315,0.009720958409625342,214.0,9,26283.0,0.0,2.188356783844502,1.5392754433047453e-06,25559.824924011944
M2__S1__D1__start001__ndays366__20260325T080322Z,M2,S1,D1,150,2024-05-29,2,OPTIMAL,aef,0.5,118354.8759,55.35507297515869,350,0.01,0.009997552080415117,True,True,False,True,True,51099.1530378258,50588.28659406504,2.0,OPTIMAL,3.99112606048584,0.0,-4.3655745685100555e-11,0.0,2.0,OPTIMAL,55.33986306190491,51099.1530378258,50588.28659406504,0.009997552080415117,3022.0,6,427502.0,0.0,32.86089028280495,0.0,51099.1530378258
M2__S1__D1__start001__ndays366__20260325T080322Z,M2,S1,D1,151,2024-05-30,2,OPTIMAL,aef,0.5,56935.920444999996,19.46910810470581,350,0.01,0.005401167102767792,True,True,False,True,True,20592.254411591373,20481.03220449166,2.0,OPTIMAL,2.1458990573883057,-1.9898570258192194e-07,-1.9907020032405853e-07,0.0,2.0,OPTIMAL,19.447920083999634,20592.254411591373,20481.03220449166,0.005401167102767792,531.0,9,73796.0,0.0,11.41605115358134,8.877527579991806e-07,20592.254411591373
M2__S1__D1__start001__ndays366__20260325T080322Z,M2,S1,D1,152,2024-05-31,2,OPTIMAL,aef,0.5,45018.715126,10.900354146957397,350,0.01,0.008757398754073309,True,True,False,True,True,14868.098784001988,14737.892914235534,2.0,OPTIMAL,0.9098520278930664,-2.297554146934999e-09,-2.2846506908535957e-09,0.0,2.0,OPTIMAL,10.876903057098389,14868.098784001988,14737.892914235534,0.008757398754073309,411.0,10,52602.0,0.0,5.824683367376407,0.0,14868.09878400199
M2__S1__D1__start001__ndays366__20260325T080322Z,M2,S1,D1,153,2024-06-01,2,OPTIMAL,aef,0.5,44343.0580805,2.1181390285491943,350,0.01,0.0008507344366762339,True,True,False,True,True,12035.461442407624,12025.22246089728,2.0,OPTIMAL,0.977161169052124,1.1029896995751187e-09,1.4551915228366852e-11,inf,2.0,OPTIMAL,2.1003570556640625,12035.461442407624,12025.22246089728,0.0008507344366762339,11.0,6,4959.0,0.0,0.7470594236288673,1.2842125836390372e-06,12035.461442407623
M2__S1__D1__start001__ndays366__20260325T080322Z,M2,S1,D1,154,2024-06-02,2,OPTIMAL,aef,0.5,46875.423209,3.5674359798431396,350,0.01,0.006636596439741876,True,True,False,True,True,13463.313745053822,13373.963164986271,2.0,OPTIMAL,1.6816530227661133,-1.6084982235042844e-09,-1.7316779121756554e-09,inf,2.0,OPTIMAL,3.545409917831421,13463.313745053822,13373.963164986271,0.006636596439741876,92.0,7,14818.0,0.0,1.749411296577349,1.401180959742087e-06,13463.313745053818
M2__S1__D1__start001__ndays366__20260325T080322Z,M2,S1,D1,155,2024-06-03,2,OPTIMAL,aef,0.5,105039.88285,19.856168031692505,350,0.01,0.006630965805050218,True,True,False,True,True,25239.649533062526,25072.286280077336,2.0,OPTIMAL,1.4417150020599365,-1.953748153482593e-06,-1.9537837943062186e-06,0.0,2.0,OPTIMAL,19.832889080047607,25239.649533062526,25072.286280077336,0.006630965805050218,658.0,6,84967.0,0.0,10.12510708923458,0.0,25239.649533062522
M2__S1__D1__start001__ndays366__20260325T080322Z,M2,S1,D1,156,2024-06-04,2,OPTIMAL,aef,0.5,178066.1086,335.80966997146606,350,0.01,0.00912664403608959,True,True,False,True,True,102823.8636014095,101885.426799904,2.0,OPTIMAL,3.402146100997925,2.3277380023500882e-09,4.3655745685100555e-11,inf,2.0,OPTIMAL,335.7838671207428,102823.8636014095,101885.426799904,0.00912664403608959,10810.0,5,1583714.0,0.0,194.64807447227884,3.942232721499705e-06,102823.8636014095
M2__S1__D1__start001__ndays366__20260325T080322Z,M2,S1,D1,157,2024-06-05,2,OPTIMAL,aef,0.5,127407.68785,5.353610038757324,350,0.01,0.008451877079851745,True,True,False,True,True,89284.15271695891,88529.53403301648,2.0,OPTIMAL,1.8783550262451172,-1.9008507479156833e-07,-1.9009166862815619e-07,0.0,2.0,OPTIMAL,5.337925910949707,89284.15271695891,88529.53403301648,0.008451877079851745,206.0,4,30410.0,0.0,2.601872290120834,0.0,89284.15271695892
M2__S1__D1__start001__ndays366__20260325T080322Z,M2,S1,D1,158,2024-06-06,2,OPTIMAL,aef,0.5,112346.27290000001,24.24586820602417,350,0.01,0.008338236218784954,True,True,False,True,True,96879.06564310088,96071.26510911353,2.0,OPTIMAL,13.647813081741333,0.0,0.0,0.0,2.0,OPTIMAL,24.23391318321228,96879.06564310088,96071.26510911353,0.008338236218784954,707.0,9,144099.0,0.0,13.309585120916424,1.025671824758352e-06,96879.06564310088
M2__S1__D1__start001__ndays366__20260325T080322Z,M2,S1,D1,159,2024-06-07,9,TIME_LIMIT,aef,0.5,15974.263135000001,350.0377869606018,350,0.01,,True,False,True,False,False,,,9.0,TIME_LIMIT,350.0107419490814,96.68188598436481,4.3655745685100555e-11,0.9999999999995485,,NA,,,,,7845.0,10,6097990.0,0.0,212.4476993248726,96.68188598436483,36725.496888450536
M2__S1__D1__start001__ndays366__20260325T080322Z,M2,S1,D1,160,2024-06-08,2,OPTIMAL,aef,0.5,46353.857055,7.772252082824707,350,0.01,0.009912291942679742,True,True,False,True,True,28750.41862585141,28465.436082957716,2.0,OPTIMAL,3.6309080123901367,0.0,0.0,0.0,2.0,OPTIMAL,7.756240129470825,28750.41862585141,28465.436082957716,0.009912291942679742,203.0,6,43109.0,0.0,3.29754995209531,9.962018936619212e-07,28750.4186258514
M2__S1__D1__start001__ndays366__20260325T080322Z,M2,S1,D1,161,2024-06-09,2,OPTIMAL,aef,0.5,110193.74465499999,2.4621729850769043,350,0.01,0.001888909629383233,True,True,False,True,True,11676.478775133506,11654.42296193787,2.0,OPTIMAL,0.5135719776153564,-2.4670930542924907e-07,-2.4670930542924907e-07,0.0,2.0,OPTIMAL,2.4444291591644287,11676.478775133506,11654.42296193787,0.001888909629383233,49.0,7,9816.0,0.0,1.2243398529409788,0.0,11676.478775133508
M2__S1__D1__start001__ndays366__20260325T080322Z,M2,S1,D1,162,2024-06-10,2,OPTIMAL,aef,0.5,152615.92320000002,12.496912956237793,350,0.01,0.008924537183810982,True,True,False,True,True,79261.00061225469,78553.63286506456,2.0,OPTIMAL,9.590422868728638,0.0,0.0,0.0,2.0,OPTIMAL,12.480931043624878,79261.00061225469,78553.63286506456,0.008924537183810982,367.0,8,119251.0,0.0,6.344797798879323,3.205077991723103e-06,79261.0006122547
M2__S1__D1__start001__ndays366__20260325T080322Z,M2,S1,D1,163,2024-06-11,2,OPTIMAL,aef,0.5,94639.39517999999,28.102739095687866,350,0.01,0.007642256177731666,True,True,False,True,True,65605.94107721673,65104.56366872347,2.0,OPTIMAL,4.3637659549713135,-4.980677204002859e-09,-5.034962669014931e-09,0.0,2.0,OPTIMAL,28.074206113815308,65605.94107721673,65104.56366872347,0.007642256177731666,796.0,7,127922.0,0.0,14.762356481991853,0.0,65605.94107721673
M2__S1__D1__start001__ndays366__20260325T080322Z,M2,S1,D1,164,2024-06-12,2,OPTIMAL,aef,0.5,66100.50991,16.268439769744873,350,0.01,0.009094574817390443,True,True,False,True,True,32939.6318291988,32640.059883070855,2.0,OPTIMAL,1.9524970054626465,0.0,0.0,0.0,2.0,OPTIMAL,16.243323802947998,32939.6318291988,32640.059883070855,0.009094574817390443,477.0,9,59200.0,0.0,8.299968191591029,0.0,32939.63182919879
M2__S1__D1__start001__ndays366__20260325T080322Z,M2,S1,D1,165,2024-06-13,2,OPTIMAL,aef,0.5,61383.184414999996,11.752906084060669,350,0.01,0.0019252550929275427,True,True,False,True,True,17662.015466063967,17628.011580836563,2.0,OPTIMAL,4.647741079330444,-1.9110075299977325e-08,-1.9110075299977325e-08,0.0,2.0,OPTIMAL,11.737319946289062,17662.015466063967,17628.011580836563,0.0019252550929275427,469.0,7,55364.0,0.0,5.824929778543738,0.0,17662.015466063964
M2__S1__D1__start001__ndays366__20260325T080322Z,M2,S1,D1,166,2024-06-14,2,OPTIMAL,aef,0.5,47893.89017,16.543895959854126,350,0.01,0.004712558393100614,True,True,False,True,True,25900.434242402982,25778.376933629,2.0,OPTIMAL,1.363718032836914,0.0,0.0,0.0,2.0,OPTIMAL,16.524613857269287,25900.434242402982,25778.376933629,0.004712558393100614,661.0,10,83317.0,13.0,8.961680544686722,1.049069421479628e-06,25900.43424240298
M2__S1__D1__start001__ndays366__20260325T080322Z,M2,S1,D1,167,2024-06-15,2,OPTIMAL,aef,0.5,108104.822625,8.595504999160767,350,0.01,0.008255617744831793,True,True,False,True,True,15496.676207511708,15368.74157242706,2.0,OPTIMAL,0.4170341491699219,-1.6315029682800741e-06,-1.6315029682800741e-06,0.0,2.0,OPTIMAL,8.574509143829346,15496.676207511708,15368.74157242706,0.008255617744831793,651.0,4,39436.0,0.0,4.437370426692544,0.0,15496.676207511704
M2__S1__D1__start001__ndays366__20260325T080322Z,M2,S1,D1,168,2024-06-16,2,OPTIMAL,aef,0.5,100507.6423,7.302171945571899,350,0.01,0.009013922969105779,True,True,False,True,True,15842.342402650216,15699.540748582527,2.0,OPTIMAL,1.395327091217041,-5.76937964069657e-08,-5.76937964069657e-08,0.0,2.0,OPTIMAL,7.285815000534058,15842.342402650216,15699.540748582527,0.009013922969105779,475.0,9,47237.0,0.0,3.5514945916856893,0.0,15842.342402650213
M2__S1__D1__start001__ndays366__20260325T080322Z,M2,S1,D1,169,2024-06-17,2,OPTIMAL,aef,0.5,57886.63061,16.4096040725708,350,0.01,0.000448999155511444,True,True,False,True,True,18455.48320190172,18447.19670552951,2.0,OPTIMAL,4.227910995483398,-6.187051440065261e-07,-6.187051440065261e-07,0.0,2.0,OPTIMAL,16.386595010757446,18455.48320190172,18447.19670552951,0.000448999155511444,444.0,10,69656.0,0.0,8.72708865268891,3.8135000182297267e-07,18455.48320190172
M2__S1__D1__start001__ndays366__20260325T080322Z,M2,S1,D1,170,2024-06-18,2,OPTIMAL,aef,0.5,71156.880765,189.51792788505554,350,0.01,0.005470475987603977,True,True,False,True,True,38429.537147341034,38219.30928716176,2.0,OPTIMAL,2.3436739444732666,-2.1786751815966454e-06,-2.1785817807540298e-06,0.0,2.0,OPTIMAL,189.48979783058167,38429.537147341034,38219.30928716176,0.005470475987603977,7039.0,9,858510.0,0.0,96.23937409572204,0.0,38429.53714734103
M2__S1__D1__start001__ndays366__20260325T080322Z,M2,S1,D1,171,2024-06-19,2,OPTIMAL,aef,0.5,100186.84379,17.243607997894287,350,0.01,0.006387794070613201,True,True,False,True,True,69901.60928838726,69455.09220304858,2.0,OPTIMAL,2.8589601516723633,0.0,0.0,0.0,2.0,OPTIMAL,17.220842123031616,69901.60928838726,69455.09220304858,0.006387794070613201,534.0,10,82958.0,0.0,9.448721475003667,0.0,69901.60928838728
M2__S1__D1__start001__ndays366__20260325T080322Z,M2,S1,D1,172,2024-06-20,2,OPTIMAL,aef,0.5,86298.704975,17.76257300376892,350,0.01,0.0033086190939242226,True,True,False,True,True,83485.3329983811,83209.11183156005,2.0,OPTIMAL,3.5367579460144043,-1.1748966244340409e-09,-1.1932570487260818e-09,0.0,2.0,OPTIMAL,17.751401901245117,83485.3329983811,83209.11183156005,0.0033086190939242226,378.0,2,70190.0,0.0,8.663531984934988,9.125911321414898e-07,83485.3329983811
M2__S1__D1__start001__ndays366__20260325T080322Z,M2,S1,D1,173,2024-06-21,2,OPTIMAL,aef,0.5,129890.46909999999,8.816946029663086,350,0.01,0.009750196024253649,True,True,False,True,True,102997.32241327738,101993.07832977467,2.0,OPTIMAL,2.4630651473999023,-9.33465571506531e-09,-9.33465571506531e-09,0.0,2.0,OPTIMAL,8.793146133422852,102997.32241327738,101993.07832977467,0.009750196024253649,337.0,8,38592.0,0.0,4.373065943111368,0.0,102997.32241327736
M2__S1__D1__start001__ndays366__20260325T080322Z,M2,S1,D1,174,2024-06-22,2,OPTIMAL,aef,0.5,103003.30025,15.511097192764282,350,0.01,0.007962849305776393,True,True,False,True,True,26927.895417196974,26713.472643868125,2.0,OPTIMAL,2.9235222339630127,-3.4959596462158515e-07,-3.4959596462158515e-07,0.0,2.0,OPTIMAL,15.490664005279541,26927.895417196974,26713.472643868125,0.007962849305776393,796.0,7,70373.0,0.0,8.477040095610127,7.65185174385656e-07,26927.895417196956
M2__S1__D1__start001__ndays366__20260325T080322Z,M2,S1,D1,175,2024-06-23,2,OPTIMAL,aef,0.5,104923.71568,9.125524997711182,350,0.01,0.00962478212486003,True,True,False,True,True,14268.198703746308,14130.870399908543,2.0,OPTIMAL,0.47315502166748047,-2.0727561718558718e-05,-2.072758798021823e-05,0.0,2.0,OPTIMAL,9.11405611038208,14268.198703746308,14130.870399908543,0.00962478212486003,426.0,7,34037.0,0.0,4.544265408959283,0.0,14268.198703746306
M2__S1__D1__start001__ndays366__20260325T080322Z,M2,S1,D1,176,2024-06-24,2,OPTIMAL,aef,0.5,133378.3693,6.428016901016235,350,0.01,0.009754628992540187,True,True,False,True,True,37213.18366995604,36850.182869624354,2.0,OPTIMAL,1.5519778728485107,-4.4610260374611244e-08,-4.4610260374611244e-08,0.0,2.0,OPTIMAL,6.416204929351807,37213.18366995604,36850.182869624354,0.009754628992540187,317.0,10,28493.0,0.0,2.805663147833751,0.0,37213.183669956044
M2__S1__D1__start001__ndays366__20260325T080322Z,M2,S1,D1,177,2024-06-25,9,TIME_LIMIT,aef,0.5,131849.67455,350.07150292396545,350,0.01,0.010977728152344192,True,False,True,False,False,85325.78164494172,84389.0984096573,2.0,OPTIMAL,3.5927000045776367,-5.2597489030858924e-08,-5.2597489030858924e-08,0.0,9.0,TIME_LIMIT,350.0247139930725,85325.78164494172,84389.0984096573,0.010977728152344192,9881.0,4,1649392.0,0.0,193.85479721944031,0.0,85325.78164494174
M2__S1__D1__start001__ndays366__20260325T080322Z,M2,S1,D1,178,2024-06-26,2,OPTIMAL,aef,0.5,198476.14385,3.7894771099090576,350,0.01,0.009896088243096866,True,True,False,True,True,160200.9686088559,158615.60568687308,2.0,OPTIMAL,1.2681331634521484,-3.6932064517714025e-08,-3.693276084959507e-08,0.0,2.0,OPTIMAL,3.767534017562866,160200.9686088559,158615.60568687308,0.009896088243096866,56.0,5,21411.0,0.0,1.7484778562289995,0.0,160200.96860885594
M2__S1__D1__start001__ndays366__20260325T080322Z,M2,S1,D1,179,2024-06-27,2,OPTIMAL,aef,0.5,119107.86145,8.45955491065979,350,0.01,0.006555048286134101,True,True,False,True,True,94408.41686314429,93789.56513198891,2.0,OPTIMAL,2.8374149799346924,-1.3422284472763835e-07,-1.343723852187395e-07,inf,2.0,OPTIMAL,8.432185888290405,94408.41686314429,93789.56513198891,0.006555048286134101,316.0,7,41409.0,0.0,3.4968174937083103,9.066094711217168e-07,94408.41686314432
M2__S1__D1__start001__ndays366__20260325T080322Z,M2,S1,D1,180,2024-06-28,2,OPTIMAL,aef,0.5,127778.34044999999,16.17966914176941,350,0.01,0.0019254649121711433,True,True,False,True,True,96261.00458251752,96075.65739578354,2.0,OPTIMAL,1.955275058746338,-1.901827317851712e-08,-1.901827317851712e-08,0.0,2.0,OPTIMAL,16.16222310066223,96261.00458251752,96075.65739578354,0.0019254649121711433,480.0,4,68379.0,0.0,8.221504877596889,1.1234450589634617e-05,96261.00458251749
M2__S1__D1__start001__ndays366__20260325T080322Z,M2,S1,D1,181,2024-06-29,2,OPTIMAL,aef,0.5,1620.811062,3.0321030616760254,350,0.01,1.1564606222180245e-06,True,True,False,True,True,10505.303906586887,10505.291757616596,2.0,OPTIMAL,1.451080083847046,-0.00014650950339500923,-0.00014650950339500923,0.0,2.0,OPTIMAL,3.020098924636841,10505.303906586887,10505.291757616596,1.1564606222180245e-06,91.0,3,14088.0,0.0,1.2369959687642698,0.0,10505.303906586887
M2__S1__D1__start001__ndays366__20260325T080322Z,M2,S1,D1,182,2024-06-30,2,OPTIMAL,aef,0.5,104697.229645,8.91072416305542,350,0.01,0.009989592008222298,True,True,False,True,True,24868.823832162132,24620.394428354473,2.0,OPTIMAL,2.1591989994049072,-2.331793780285807e-08,-2.3355823941528797e-08,0.0,2.0,OPTIMAL,8.894315004348755,24868.823832162132,24620.394428354473,0.009989592008222298,328.0,4,33835.0,0.0,3.909535047724123,1.1513190447129795e-05,24868.823832162136
M2__S1__D1__start001__ndays366__20260325T080322Z,M2,S1,D1,183,2024-07-01,2,OPTIMAL,aef,0.5,94970.155975,17.719526052474976,350,0.01,0.009953132087102549,True,True,False,True,True,52088.98664889236,51570.53808449261,2.0,OPTIMAL,2.7639000415802,-1.1772555552624908e-07,-1.1772555552624908e-07,0.0,2.0,OPTIMAL,17.70221710205078,52088.98664889236,51570.53808449261,0.009953132087102549,765.0,6,97765.0,0.0,9.334240415524398,0.0,52088.98664889235
M2__S1__D1__start001__ndays366__20260325T080322Z,M2,S1,D1,184,2024-07-02,2,OPTIMAL,aef,0.5,95628.58005,17.536889791488647,350,0.01,0.009987266532529404,True,True,False,True,True,40512.087575476224,40107.48255907078,2.0,OPTIMAL,5.367621898651123,-2.8014994768454926e-09,-2.8014994768454926e-09,0.0,2.0,OPTIMAL,17.523358821868896,40512.087575476224,40107.48255907078,0.009987266532529404,568.0,8,73640.0,0.0,8.455169206618644,0.0,40512.08757547623
M2__S1__D1__start001__ndays366__20260325T080322Z,M2,S1,D1,185,2024-07-03,2,OPTIMAL,aef,0.5,126270.71710000001,56.90817594528198,350,0.01,0.008727285470551096,True,True,False,True,True,64514.72843847608,63951.68998633841,2.0,OPTIMAL,2.2116448879241943,-1.6948114023307426e-09,-1.6948114023307426e-09,0.0,2.0,OPTIMAL,56.88477087020874,64514.72843847608,63951.68998633841,0.008727285470551096,2878.0,6,379938.0,0.0,32.896396778103195,0.0,64514.728438476064
M2__S1__D1__start001__ndays366__20260325T080322Z,M2,S1,D1,186,2024-07-04,9,TIME_LIMIT,aef,0.5,118789.96310000001,350.08012294769287,350,0.01,0.02120730070993141,True,False,True,False,False,27429.124041878003,26847.42636011189,2.0,OPTIMAL,1.667186975479126,-1.6706767439700343e-05,-1.6706767439700343e-05,0.0,9.0,TIME_LIMIT,350.0248019695282,27429.124041878003,26847.42636011189,0.02120730070993141,17991.0,10,1518431.0,0.0,188.7494397350262,0.0,27429.124041878
M2__S1__D1__start001__ndays366__20260325T080322Z,M2,S1,D1,187,2024-07-05,2,OPTIMAL,aef,0.5,59461.22498,6.497617959976196,350,0.01,0.009464715688735257,True,True,False,True,True,24988.30140682422,24751.794238464205,2.0,OPTIMAL,2.0221409797668457,0.0,0.0,0.0,2.0,OPTIMAL,6.47945499420166,24988.30140682422,24751.794238464205,0.009464715688735257,282.0,7,29861.0,0.0,2.8576321390792336,0.0,24988.30140682421
M2__S1__D1__start001__ndays366__20260325T080322Z,M2,S1,D1,188,2024-07-06,2,OPTIMAL,aef,0.5,84195.86572,5.326431035995483,350,0.01,0.009964073964346473,True,True,False,True,True,17598.80414728087,17423.448361073315,2.0,OPTIMAL,1.0596539974212646,-8.72049099598371e-10,-8.731149137020111e-10,0.0,2.0,OPTIMAL,5.306442975997925,17598.80414728087,17423.448361073315,0.009964073964346473,393.0,9,32852.0,0.0,2.6320045726914687,1.018996665147271e-06,17598.804147280876
M2__S1__D1__start001__ndays366__20260325T080322Z,M2,S1,D1,189,2024-07-07,2,OPTIMAL,aef,0.5,80663.75466,8.584102153778076,350,0.01,0.0004666044062881755,True,True,False,True,True,11299.779593294083,11294.507066345766,2.0,OPTIMAL,0.8695359230041504,0.0,1.4551915228366852e-11,0.0,2.0,OPTIMAL,8.558125019073486,11299.779593294083,11294.507066345766,0.0004666044062881755,307.0,8,28003.0,0.0,4.0735507047193025,1.1066281764731546e-06,11299.779593294083
M2__S1__D1__start001__ndays366__20260325T080322Z,M2,S1,D1,190,2024-07-08,2,OPTIMAL,aef,0.5,65596.916625,54.76334309577942,350,0.01,0.009982153583674568,True,True,False,True,True,49417.50974118816,48924.21656922889,2.0,OPTIMAL,9.716946125030518,-4.491122638228262e-07,-4.4911575969308615e-07,0.0,2.0,OPTIMAL,54.739811182022095,49417.50974118816,48924.21656922889,0.009982153583674568,2035.0,8,356814.0,0.0,31.03074127283583,0.0,49417.509741188165
M2__S1__D1__start001__ndays366__20260325T080322Z,M2,S1,D1,191,2024-07-09,2,OPTIMAL,aef,0.5,49150.742079999996,18.853332996368408,350,0.01,0.003685284197665777,True,True,False,True,True,26375.160826566003,26277.960863160966,2.0,OPTIMAL,6.413086175918579,-2.3960993189575674e-08,-2.4025212042033672e-08,0.0,2.0,OPTIMAL,18.831541061401367,26375.160826566003,26277.960863160966,0.003685284197665777,584.0,8,87895.0,0.0,9.876032255694954,0.0,26375.160826566007
M2__S1__D1__start001__ndays366__20260325T080322Z,M2,S1,D1,192,2024-07-10,2,OPTIMAL,aef,0.5,82366.365355,51.79838585853577,350,0.01,0.005474778407163643,True,True,False,True,True,59786.22961542886,59458.913256484586,2.0,OPTIMAL,34.24677801132202,-2.074476839197814e-07,-2.074476839197814e-07,0.0,2.0,OPTIMAL,51.77772378921509,59786.22961542886,59458.913256484586,0.005474778407163643,1452.0,8,343028.0,0.0,28.83970987592364,4.8480053048524054e-06,59786.22961542885
M2__S1__D1__start001__ndays366__20260325T080322Z,M2,S1,D1,193,2024-07-11,2,OPTIMAL,aef,0.5,40262.02738,27.431108951568604,350,0.01,0.0037098619870059783,True,True,False,True,True,41295.54509792918,41142.34432493768,2.0,OPTIMAL,14.269087076187134,-2.1665599980735806e-08,-2.1740561351180077e-08,0.0,2.0,OPTIMAL,27.408793926239014,41295.54509792918,41142.34432493768,0.0037098619870059783,804.0,7,148505.0,0.0,15.410646875975205,8.881718913653102e-07,41295.54509792917
M2__S1__D1__start001__ndays366__20260325T080322Z,M2,S1,D1,194,2024-07-12,2,OPTIMAL,aef,0.5,137329.12884999998,14.99036192893982,350,0.01,0.009515700349380641,True,True,False,True,True,81531.0330661165,80755.2081862839,2.0,OPTIMAL,3.474055051803589,-7.118137402680673e-09,-7.118137402680673e-09,0.0,2.0,OPTIMAL,14.978157043457031,81531.0330661165,80755.2081862839,0.009515700349380641,359.0,6,73174.0,0.0,7.843146124275665,0.0,81531.0330661165
M2__S1__D1__start001__ndays366__20260325T080322Z,M2,S1,D1,195,2024-07-13,2,OPTIMAL,aef,0.5,26568.36039,112.25086307525635,350,0.01,0.0087975347640479,True,True,False,True,True,16075.841476206313,15934.413701958067,2.0,OPTIMAL,2.752819061279297,0.0,0.0,0.0,2.0,OPTIMAL,112.21995520591736,16075.841476206313,15934.413701958067,0.0087975347640479,5057.0,7,746648.0,0.0,69.5809208683855,0.0,16075.841476206318
M2__S1__D1__start001__ndays366__20260325T080322Z,M2,S1,D1,196,2024-07-14,2,OPTIMAL,aef,0.5,59502.9886135,2.3039071559906006,350,0.01,8.842205835080528e-06,True,True,False,True,True,12385.051436303134,12384.941925129056,2.0,OPTIMAL,0.5335490703582764,0.0,0.0,0.0,2.0,OPTIMAL,2.2877509593963623,12385.051436303134,12384.941925129056,8.842205835080528e-06,13.0,5,8133.0,0.0,0.9010096508714938,0.0,12385.051436303134
M2__S1__D1__start001__ndays366__20260325T080322Z,M2,S1,D1,197,2024-07-15,2,OPTIMAL,aef,0.5,2691.7295990000002,17.618782997131348,350,0.01,7.492852408034459e-09,True,True,False,True,True,17496.28340502156,17496.283273924495,2.0,OPTIMAL,1.258584976196289,-2.6074346237692225e-08,-2.6106135919690132e-08,0.0,2.0,OPTIMAL,17.59882402420044,17496.28340502156,17496.283273924495,7.492852408034459e-09,419.0,8,85412.0,0.0,9.756518521937323,9.727666700159776e-07,17496.283405021557
M2__S1__D1__start001__ndays366__20260325T080322Z,M2,S1,D1,198,2024-07-16,2,OPTIMAL,aef,0.5,190978.32075,6.021360158920288,350,0.01,0.007724728148405625,True,True,False,True,True,131193.66422415635,130180.22883323154,2.0,OPTIMAL,1.9302191734313965,0.0,0.0,0.0,2.0,OPTIMAL,5.99688720703125,131193.66422415635,130180.22883323154,0.007724728148405625,151.0,10,24192.0,32.0,2.3192513685489935,0.0,131193.66422415635
M2__S1__D1__start001__ndays366__20260325T080322Z,M2,S1,D1,199,2024-07-17,2,OPTIMAL,aef,0.5,195773.90344999998,15.073905944824219,350,0.01,0.0098111785224046,True,True,False,True,True,149857.92560172116,148387.64274064545,2.0,OPTIMAL,1.7257928848266602,0.0,0.0,0.0,2.0,OPTIMAL,15.05794382095337,149857.92560172116,148387.64274064545,0.0098111785224046,496.0,5,64697.0,0.0,7.892126051620129,0.0,149857.92560172116
M2__S1__D1__start001__ndays366__20260325T080322Z,M2,S1,D1,200,2024-07-18,2,OPTIMAL,aef,0.5,216632.65694999998,5.081833124160767,350,0.01,0.007589192764131094,True,True,False,True,True,149237.96961634984,148105.37389720383,2.0,OPTIMAL,1.9446489810943604,-1.9080668423195578e-08,-1.9164872355759144e-08,0.0,2.0,OPTIMAL,5.071382999420166,149237.96961634984,148105.37389720383,0.007589192764131094,132.0,4,27695.0,0.0,2.623371243073617,0.0,149237.96961634987
M2__S1__D1__start001__ndays366__20260325T080322Z,M2,S1,D1,201,2024-07-19,2,OPTIMAL,aef,0.5,168523.48075,15.36487603187561,350,0.01,0.005062436604090963,True,True,False,True,True,123156.26476821597,122532.79398543021,2.0,OPTIMAL,4.492821931838989,0.0,0.0,0.0,2.0,OPTIMAL,15.348151922225952,123156.26476821597,122532.79398543021,0.005062436604090963,486.0,9,63781.0,0.0,7.6606524326091465,0.0,123156.26476821593
M2__S1__D1__start001__ndays366__20260325T080322Z,M2,S1,D1,202,2024-07-20,2,OPTIMAL,aef,0.5,20757.4217745,9.927982807159424,350,0.01,9.274062164282316e-07,True,True,False,True,True,11570.998102841684,11570.987371826113,2.0,OPTIMAL,0.9742369651794434,0.0,0.0,0.0,2.0,OPTIMAL,9.90697193145752,11570.998102841684,11570.987371826113,9.274062164282316e-07,295.0,10,54071.0,0.0,5.181304315548479,9.869306408668713e-07,11570.998102841684
M2__S1__D1__start001__ndays366__20260325T080322Z,M2,S1,D1,203,2024-07-21,2,OPTIMAL,aef,0.5,65198.19173,5.009366035461426,350,0.01,0.0004910656163562882,True,True,False,True,True,11856.955643329984,11851.133100098883,2.0,OPTIMAL,1.906921148300171,-2.2003428057359997e-07,-2.2003428057359997e-07,0.0,2.0,OPTIMAL,4.995553970336914,11856.955643329984,11851.133100098883,0.0004910656163562882,169.0,8,19744.0,0.0,1.860390153353677,0.0,11856.955643329986
M2__S1__D1__start001__ndays366__20260325T080322Z,M2,S1,D1,204,2024-07-22,2,OPTIMAL,aef,0.5,108500.62915,61.20212006568909,350,0.01,0.009010518754440176,True,True,False,True,True,84072.79777867647,83315.25825755345,2.0,OPTIMAL,3.1578209400177,0.0,0.0,0.0,2.0,OPTIMAL,61.18571710586548,84072.79777867647,83315.25825755345,0.009010518754440176,2331.0,10,469298.0,0.0,37.28769159375972,0.0,84072.79777867647
M2__S1__D1__start001__ndays366__20260325T080322Z,M2,S1,D1,205,2024-07-23,2,OPTIMAL,aef,0.5,176937.89500000002,7.552923917770386,350,0.01,0.007102735751854017,True,True,False,True,True,143017.46755426785,142001.65227433052,2.0,OPTIMAL,1.9412429332733154,0.0,0.0,0.0,2.0,OPTIMAL,7.531759977340698,143017.46755426785,142001.65227433052,0.007102735751854017,206.0,6,31622.0,0.0,2.9440771919300266,0.0,143017.46755426787
M2__S1__D1__start001__ndays366__20260325T080322Z,M2,S1,D1,206,2024-07-24,9,TIME_LIMIT,aef,0.5,192963.99275,350.0526888370514,350,0.01,0.02073168933461905,True,False,True,False,False,149735.30187493918,146631.03611404254,2.0,OPTIMAL,2.6507527828216553,-8.995957045954128e-07,-8.995957045954128e-07,0.0,9.0,TIME_LIMIT,350.02210783958435,149735.30187493918,146631.03611404254,0.02073168933461905,7313.0,3,1585491.0,0.0,231.74216482880965,0.0,149735.30187493924
M2__S1__D1__start001__ndays366__20260325T080322Z,M2,S1,D1,207,2024-07-25,2,OPTIMAL,aef,0.5,132322.0418,49.137343883514404,350,0.01,0.003116768929481567,True,True,False,True,True,103263.057377805,102941.21028900659,2.0,OPTIMAL,8.873520851135254,-1.504769855387167e-07,-1.504769855387167e-07,0.0,2.0,OPTIMAL,49.11098885536194,103263.057377805,102941.21028900659,0.003116768929481567,2143.0,7,334997.0,0.0,27.01079017374679,0.0,103263.05737780502
M2__S1__D1__start001__ndays366__20260325T080322Z,M2,S1,D1,208,2024-07-26,2,OPTIMAL,aef,0.5,177074.66855,35.33511996269226,350,0.01,0.008709290747790194,True,True,False,True,True,137150.4430633336,135955.9599785068,2.0,OPTIMAL,1.784609079360962,5.48652678844519e-09,1.4551915228366852e-11,inf,2.0,OPTIMAL,35.31079697608948,137150.4430633336,135955.9599785068,0.008709290747790194,1695.0,9,247825.0,0.0,20.541684157598034,0.0,137150.4430633336
M2__S1__D1__start001__ndays366__20260325T080322Z,M2,S1,D1,209,2024-07-27,2,OPTIMAL,aef,0.5,100731.11444,14.686450958251953,350,0.01,0.003771077518669166,True,True,False,True,True,55359.739048708274,55150.973181342284,2.0,OPTIMAL,2.0864381790161133,0.0,0.0,0.0,2.0,OPTIMAL,14.674345970153809,55359.739048708274,55150.973181342284,0.003771077518669166,683.0,5,66750.0,0.0,7.488057130539463,8.238166902089893e-06,55359.73904870825
M2__S1__D1__start001__ndays366__20260325T080322Z,M2,S1,D1,210,2024-07-28,2,OPTIMAL,aef,0.5,43184.980625,12.789583921432495,350,0.01,0.0005204809718432884,True,True,False,True,True,12376.96918399072,12370.527207041363,2.0,OPTIMAL,2.206913948059082,-6.657764117790066e-09,-6.664777174592018e-09,0.0,2.0,OPTIMAL,12.772358894348145,12376.96918399072,12370.527207041363,0.0005204809718432884,343.0,8,46743.0,0.0,6.909495325454889,8.48991756262479e-07,12376.969183990721
M2__S1__D1__start001__ndays366__20260325T080322Z,M2,S1,D1,211,2024-07-29,2,OPTIMAL,aef,0.5,227141.99545,4.798136949539185,350,0.01,0.007248715903358099,True,True,False,True,True,154261.78493986215,153143.58508608816,2.0,OPTIMAL,1.674332857131958,0.0,0.0,0.0,2.0,OPTIMAL,4.774549961090088,154261.78493986215,153143.58508608816,0.007248715903358099,68.0,7,26659.0,0.0,1.9732004639610345,1.013734359772115e-06,154261.78493986215
M2__S1__D1__start001__ndays366__20260325T080322Z,M2,S1,D1,212,2024-07-30,2,OPTIMAL,aef,0.5,110633.2142,27.146382093429565,350,0.01,0.009947384234142454,True,True,False,True,True,80427.09591737954,79627.05669145317,2.0,OPTIMAL,6.189218044281006,0.0,0.0,0.0,2.0,OPTIMAL,27.132662057876587,80427.09591737954,79627.05669145317,0.009947384234142454,976.0,7,156685.0,0.0,14.738140560985482,0.0,80427.09591737953
M2__S1__D1__start001__ndays366__20260325T080322Z,M2,S1,D1,213,2024-07-31,2,OPTIMAL,aef,0.5,156522.7017,34.6897759437561,350,0.01,0.009987960934119234,True,True,False,True,True,109648.16472362052,108553.00313786312,2.0,OPTIMAL,7.07217812538147,-4.592911295731028e-08,-4.592911295731028e-08,0.0,2.0,OPTIMAL,34.66399097442627,109648.16472362052,108553.00313786312,0.009987960934119234,843.0,7,164793.0,0.0,19.921153000460976,0.0,109648.1647236205
M2__S1__D1__start001__ndays366__20260325T080322Z,M2,S1,D1,214,2024-08-01,2,OPTIMAL,aef,0.5,112163.337,6.998750925064087,350,0.01,0.009971883174668078,True,True,False,True,True,84674.00517173982,83829.645884236,2.0,OPTIMAL,2.355633020401001,0.0,0.0,0.0,2.0,OPTIMAL,6.98168683052063,84674.00517173982,83829.645884236,0.009971883174668078,69.0,5,33159.0,0.0,2.9495420045760437,0.0,84674.00517173983
M2__S1__D1__start001__ndays366__20260325T080322Z,M2,S1,D1,215,2024-08-02,2,OPTIMAL,aef,0.5,111464.06025000001,25.987581968307495,350,0.01,0.00295557108731959,True,True,False,True,True,85283.87078576758,85031.80824305846,2.0,OPTIMAL,9.629255056381226,-2.9025159165030345e-08,-2.9025159165030345e-08,0.0,2.0,OPTIMAL,25.974271059036255,85283.87078576758,85031.80824305846,0.00295557108731959,902.0,8,122161.0,0.0,13.67253261155557,2.972518923705806e-06,85283.87078576758
M2__S1__D1__start001__ndays366__20260325T080322Z,M2,S1,D1,216,2024-08-03,2,OPTIMAL,aef,0.5,102130.79575,115.6440920829773,350,0.01,4.588074263651897e-05,True,True,False,True,True,36184.004937551,36182.3447885329,2.0,OPTIMAL,4.340254068374634,-1.2759073797496967e-08,-1.2759073797496967e-08,0.0,2.0,OPTIMAL,115.62662696838379,36184.004937551,36182.3447885329,4.588074263651897e-05,5423.0,10,455734.0,2981.0,64.96132418148089,2.4596736695463865e-05,36184.00493755099
M2__S1__D1__start001__ndays366__20260325T080322Z,M2,S1,D1,217,2024-08-04,2,OPTIMAL,aef,0.5,103160.59179,17.94886803627014,350,0.01,0.009812183794261712,True,True,False,True,True,25187.131892275065,24939.991124897755,2.0,OPTIMAL,3.963757038116455,-1.162927532050162e-09,-1.178705133497715e-09,0.0,2.0,OPTIMAL,17.92766785621643,25187.131892275065,24939.991124897755,0.009812183794261712,1039.0,5,97381.0,0.0,8.739149508647163,3.820438114542319e-06,25187.13189227507
M2__S1__D1__start001__ndays366__20260325T080322Z,M2,S1,D1,218,2024-08-05,2,OPTIMAL,aef,0.5,135695.7646,15.822036981582642,350,0.01,0.004225574833442876,True,True,False,True,True,113265.23581871288,112786.62508873337,2.0,OPTIMAL,3.7199490070343018,-8.606976109604147e-08,-8.606976109604147e-08,0.0,2.0,OPTIMAL,15.809355020523071,113265.23581871288,112786.62508873337,0.004225574833442876,409.0,8,83678.0,0.0,8.01795390835602,9.130065241953733e-07,113265.23581871291
M2__S1__D1__start001__ndays366__20260325T080322Z,M2,S1,D1,219,2024-08-06,2,OPTIMAL,aef,0.5,207060.66455,4.123679876327515,350,0.01,0.007105462684946378,True,True,False,True,True,156395.36706847773,155284.10562367417,2.0,OPTIMAL,1.3603780269622803,0.0,0.0,0.0,2.0,OPTIMAL,4.111788034439087,156395.36706847773,155284.10562367417,0.007105462684946378,45.0,9,17525.0,0.0,1.8227915221225928,0.0,156395.3670684777
M2__S1__D1__start001__ndays366__20260325T080322Z,M2,S1,D1,220,2024-08-07,2,OPTIMAL,aef,0.5,180902.43925,8.103908061981201,350,0.01,0.004155231305723857,True,True,False,True,True,147110.7370250119,146499.45788511744,2.0,OPTIMAL,3.1274361610412598,-3.24621964864491e-08,-3.24621964864491e-08,0.0,2.0,OPTIMAL,8.092395067214966,147110.7370250119,146499.45788511744,0.004155231305723857,330.0,7,50910.0,0.0,4.034400011074396,0.0,147110.73702501188
M2__S1__D1__start001__ndays366__20260325T080322Z,M2,S1,D1,221,2024-08-08,2,OPTIMAL,aef,0.5,179409.34279999998,6.294970989227295,350,0.01,0.008019472873801727,True,True,False,True,True,155018.07019514957,153774.90698627048,2.0,OPTIMAL,1.5038120746612549,0.0,0.0,0.0,2.0,OPTIMAL,6.2827959060668945,155018.07019514957,153774.90698627048,0.008019472873801727,260.0,8,37749.0,0.0,3.2691744158730973,0.0,155018.07019514954
M2__S1__D1__start001__ndays366__20260325T080322Z,M2,S1,D1,222,2024-08-09,2,OPTIMAL,aef,0.5,178775.2274,18.030229091644287,350,0.01,0.007393578701487431,True,True,False,True,True,159383.77461945981,158205.3581380707,2.0,OPTIMAL,1.878735065460205,-3.119675255902621e-07,-3.119675255902621e-07,0.0,2.0,OPTIMAL,18.00833797454834,159383.77461945981,158205.3581380707,0.007393578701487431,681.0,10,106170.0,0.0,9.743431793163323,0.0,159383.77461945981
M2__S1__D1__start001__ndays366__20260325T080322Z,M2,S1,D1,223,2024-08-10,2,OPTIMAL,aef,0.5,21660.71234,52.352890968322754,350,0.01,0.0084668214433042,True,True,False,True,True,14557.972706268622,14434.71295078815,2.0,OPTIMAL,2.1428771018981934,-3.443179252826667e-08,-3.453169483691454e-08,0.0,2.0,OPTIMAL,52.324570178985596,14557.972706268622,14434.71295078815,0.0084668214433042,1892.0,6,347163.0,0.0,31.229404414321053,0.0,14557.972706268622
M2__S1__D1__start001__ndays366__20260325T080322Z,M2,S1,D1,224,2024-08-11,2,OPTIMAL,aef,0.5,92242.695615,5.960819959640503,350,0.01,0.007787131107563332,True,True,False,True,True,13729.489425938507,13622.576091738822,2.0,OPTIMAL,2.5766799449920654,-5.226815218861702e-06,-5.226815218861702e-06,0.0,2.0,OPTIMAL,5.943872928619385,13729.489425938507,13622.576091738822,0.007787131107563332,292.0,8,34489.0,0.0,3.0800399736638298,0.0,13729.489425938507
M2__S1__D1__start001__ndays366__20260325T080322Z,M2,S1,D1,225,2024-08-12,2,OPTIMAL,aef,0.5,156934.14525,14.6480131149292,350,0.01,0.0005597661530656494,True,True,False,True,True,137559.23964909778,137482.23864270077,2.0,OPTIMAL,5.11705207824707,-8.50991739298479e-06,-8.509945473633707e-06,0.0,2.0,OPTIMAL,14.633511066436768,137559.23964909778,137482.23864270077,0.0005597661530656494,375.0,7,62515.0,0.0,7.163244163027581,0.0,137559.23964909784
M2__S1__D1__start001__ndays366__20260325T080322Z,M2,S1,D1,226,2024-08-13,2,OPTIMAL,aef,0.5,199316.8098,13.213584184646606,350,0.01,0.004327638768829139,True,True,False,True,True,164786.6548845189,164073.51776825497,2.0,OPTIMAL,1.180981159210205,-3.607112830650294e-08,-3.607112830650294e-08,0.0,2.0,OPTIMAL,13.199023008346558,164786.6548845189,164073.51776825497,0.004327638768829139,407.0,4,56309.0,0.0,6.586242532611025,0.0,164786.65488451897
M2__S1__D1__start001__ndays366__20260325T080322Z,M2,S1,D1,227,2024-08-14,2,OPTIMAL,aef,0.5,129934.41655,8.285385847091675,350,0.01,0.009777151786217941,True,True,False,True,True,111786.7118285448,110693.7561793149,2.0,OPTIMAL,1.0089199542999268,-3.213647374877837e-07,-3.213647374877837e-07,0.0,2.0,OPTIMAL,8.265813827514648,111786.7118285448,110693.7561793149,0.009777151786217941,299.0,6,48999.0,0.0,3.8489153764366373,0.0,111786.71182854481
M2__S1__D1__start001__ndays366__20260325T080322Z,M2,S1,D1,228,2024-08-15,2,OPTIMAL,aef,0.5,137909.99435,4.648777008056641,350,0.01,0.00959531538432991,True,True,False,True,True,26573.34577112589,26318.366137635083,2.0,OPTIMAL,0.9496371746063232,-1.7230549360647274e-06,-1.7230549360647274e-06,0.0,2.0,OPTIMAL,4.626920223236084,26573.34577112589,26318.366137635083,0.00959531538432991,60.0,7,14634.0,0.0,1.8232827249612975,0.0,26573.34577112588
M2__S1__D1__start001__ndays366__20260325T080322Z,M2,S1,D1,229,2024-08-16,2,OPTIMAL,aef,0.5,168306.13435,39.84818696975708,350,0.01,0.005752282920861178,True,True,False,True,True,139105.41363070207,138305.23993567482,2.0,OPTIMAL,2.002969980239868,-1.6626700016786344e-09,-1.6626700016786344e-09,0.0,2.0,OPTIMAL,39.82788014411926,139105.41363070207,138305.23993567482,0.005752282920861178,2031.0,6,261847.0,0.0,23.85915927875227,6.306834295616051e-06,139105.41363070198
M2__S1__D1__start001__ndays366__20260325T080322Z,M2,S1,D1,230,2024-08-17,2,OPTIMAL,aef,0.5,117070.62735,37.33671712875366,350,0.01,0.0037340553674475897,True,True,False,True,True,88553.77994065563,88223.11522336048,2.0,OPTIMAL,20.301627159118652,0.0,0.0,0.0,2.0,OPTIMAL,37.308367013931274,88553.77994065563,88223.11522336048,0.0037340553674475897,1211.0,8,201244.0,0.0,19.93804644753173,3.2847222838287484e-07,88553.7799406556
M2__S1__D1__start001__ndays366__20260325T080322Z,M2,S1,D1,231,2024-08-18,2,OPTIMAL,aef,0.5,83476.278645,5.092767953872681,350,0.01,0.004054706263769799,True,True,False,True,True,15358.319178828107,15296.045705852737,2.0,OPTIMAL,1.1543800830841064,-2.9319394911908603e-08,-2.9365764930844307e-08,0.0,2.0,OPTIMAL,5.075585126876831,15358.319178828107,15296.045705852737,0.004054706263769799,141.0,10,23227.0,0.0,1.8990555592871232,9.820974834245155e-07,15358.31917882811
M2__S1__D1__start001__ndays366__20260325T080322Z,M2,S1,D1,232,2024-08-19,2,OPTIMAL,aef,0.5,116038.50284999999,16.358469009399414,350,0.01,0.009435297671793737,True,True,False,True,True,103630.04313402508,102652.26282931474,2.0,OPTIMAL,1.1684858798980713,-1.3786447539132496e-07,-1.3787939678877592e-07,0.0,2.0,OPTIMAL,16.34337091445923,103630.04313402508,102652.26282931474,0.009435297671793737,515.0,3,61476.0,0.0,7.902975978565789,0.0,103630.04313402511
M2__S1__D1__start001__ndays366__20260325T080322Z,M2,S1,D1,233,2024-08-20,2,OPTIMAL,aef,0.5,119912.85655,36.60485100746155,350,0.01,0.0026435331748590196,True,True,False,True,True,112469.34019725205,112172.02376528611,2.0,OPTIMAL,2.0394039154052734,0.0,0.0,0.0,2.0,OPTIMAL,36.590461015701294,112469.34019725205,112172.02376528611,0.0026435331748590196,1736.0,7,188885.0,0.0,19.32500284743624,6.4784643961026535e-06,112469.34019725208
M2__S1__D1__start001__ndays366__20260325T080322Z,M2,S1,D1,234,2024-08-21,2,OPTIMAL,aef,0.5,81321.73920000001,20.339581966400146,350,0.01,0.007059731536938525,True,True,False,True,True,40225.0570649672,39941.0789610305,2.0,OPTIMAL,3.437721014022827,-3.424532053486473e-07,-3.424532053486473e-07,0.0,2.0,OPTIMAL,20.32509994506836,40225.0570649672,39941.0789610305,0.007059731536938525,505.0,4,90036.0,0.0,11.13100615762646,0.0,40225.05706496719
M2__S1__D1__start001__ndays366__20260325T080322Z,M2,S1,D1,235,2024-08-22,2,OPTIMAL,aef,0.5,188426.2566,20.860520839691162,350,0.01,0.001763907516072653,True,True,False,True,True,141200.50967952382,140951.44503922682,2.0,OPTIMAL,4.32585597038269,-8.801719630469051e-06,-8.801740477792919e-06,0.0,2.0,OPTIMAL,20.84512686729431,141200.50967952382,140951.44503922682,0.001763907516072653,497.0,9,80086.0,0.0,10.16476576752753,0.0,141200.50967952382
M2__S1__D1__start001__ndays366__20260325T080322Z,M2,S1,D1,236,2024-08-23,2,OPTIMAL,aef,0.5,189388.0591,14.714347839355469,350,0.01,0.00822469406025324,True,True,False,True,True,153337.44698926737,152076.29339980034,2.0,OPTIMAL,3.533463954925537,-1.2490244216678548e-07,-1.2490244216678548e-07,0.0,2.0,OPTIMAL,14.695971012115479,153337.44698926737,152076.29339980034,0.00822469406025324,499.0,4,76764.0,0.0,7.946836654547832,0.0,153337.44698926737
M2__S1__D1__start001__ndays366__20260325T080322Z,M2,S1,D1,237,2024-08-24,2,OPTIMAL,aef,0.5,90415.532205,13.561202049255371,350,0.01,0.0050056959630446485,True,True,False,True,True,15793.336667579068,15714.280025979162,2.0,OPTIMAL,1.3180720806121826,0.0,0.0,0.0,2.0,OPTIMAL,13.546451091766357,15793.336667579068,15714.280025979162,0.0050056959630446485,656.0,8,56663.0,0.0,7.068485221702899,0.0,15793.336667579068
M2__S1__D1__start001__ndays366__20260325T080322Z,M2,S1,D1,238,2024-08-25,2,OPTIMAL,aef,0.5,100871.38459500001,3.2976129055023193,350,0.01,0.004652125023996533,True,True,False,True,True,17604.09159647915,17522.19516143844,2.0,OPTIMAL,0.6552460193634033,-1.3400025977716723e-08,-1.3504177331924438e-08,inf,2.0,OPTIMAL,3.2856619358062744,17604.09159647915,17522.19516143844,0.004652125023996533,157.0,3,15319.0,0.0,1.6631004436339467,2.9641929839464123e-06,17604.09159647915
M2__S1__D1__start001__ndays366__20260325T080322Z,M2,S1,D1,239,2024-08-26,2,OPTIMAL,aef,0.5,226052.05875,7.407768964767456,350,0.01,0.004758498478254006,True,True,False,True,True,157300.8189361331,156552.30322859742,2.0,OPTIMAL,3.178226947784424,-5.187416718399618e-09,-5.195033736526966e-09,0.0,2.0,OPTIMAL,7.395488977432251,157300.8189361331,156552.30322859742,0.004758498478254006,225.0,7,43074.0,0.0,3.059955957581948,0.0,157300.81893613312
M2__S1__D1__start001__ndays366__20260325T080322Z,M2,S1,D1,240,2024-08-27,2,OPTIMAL,aef,0.5,276882.7996,6.121824026107788,350,0.01,0.004904245142827439,True,True,False,True,True,181298.37694204936,180409.24525752882,2.0,OPTIMAL,3.6140730381011963,-3.767712541957735e-08,-3.776222001761198e-08,0.0,2.0,OPTIMAL,6.092483043670654,181298.37694204936,180409.24525752882,0.004904245142827439,201.0,8,45271.0,0.0,3.075896567649289,0.0,181298.3769420494
M2__S1__D1__start001__ndays366__20260325T080322Z,M2,S1,D1,241,2024-08-28,2,OPTIMAL,aef,0.5,257906.32014999999,41.33560800552368,350,0.01,0.00992482660842672,True,True,False,True,True,189426.65561418468,187546.62890219974,2.0,OPTIMAL,14.03508186340332,-2.530275651224656e-07,-2.53116013482213e-07,0.0,2.0,OPTIMAL,41.31474280357361,189426.65561418468,187546.62890219974,0.00992482660842672,1038.0,10,214736.0,0.0,23.64051630928847,0.0,189426.65561418465
M2__S1__D1__start001__ndays366__20260325T080322Z,M2,S1,D1,242,2024-08-29,2,OPTIMAL,aef,0.5,345546.49905,13.21045708656311,350,0.01,0.0013967887591096115,True,True,False,True,True,248117.35581277794,247770.78827923862,2.0,OPTIMAL,2.302361011505127,0.0,0.0,0.0,2.0,OPTIMAL,13.197009086608887,248117.35581277794,247770.78827923862,0.0013967887591096115,357.0,8,56187.0,0.0,6.199572632948,0.0,248117.355812778
M2__S1__D1__start001__ndays366__20260325T080322Z,M2,S1,D1,243,2024-08-30,2,OPTIMAL,aef,0.5,236183.92200000002,8.624648809432983,350,0.01,0.0019860894643882734,True,True,False,True,True,179270.99673638598,178914.94849849748,2.0,OPTIMAL,1.8609428405761719,0.0,0.0,0.0,2.0,OPTIMAL,8.612798929214478,179270.99673638598,178914.94849849748,0.0019860894643882734,289.0,7,44230.0,0.0,3.6696093262613565,0.0,179270.996736386
M2__S1__D1__start001__ndays366__20260325T080322Z,M2,S1,D1,244,2024-08-31,2,OPTIMAL,aef,0.5,211361.27245,5.283718824386597,350,0.01,0.0076814680271929305,True,True,False,True,True,179416.29736142786,178038.11680968874,2.0,OPTIMAL,2.1256208419799805,-5.616919906969997e-08,-5.616919906969997e-08,0.0,2.0,OPTIMAL,5.27227783203125,179416.29736142786,178038.11680968874,0.0076814680271929305,110.0,5,30766.0,0.0,2.3401155943272505,2.4185203143325557e-07,179416.29736142786
M2__S1__D1__start001__ndays366__20260325T080322Z,M2,S1,D1,245,2024-09-01,2,OPTIMAL,aef,0.5,241031.1314,8.870381116867065,350,0.01,0.00998202129052153,True,True,False,True,True,140447.95419171973,139045.9997227678,2.0,OPTIMAL,2.7565441131591797,0.0,0.0,0.0,2.0,OPTIMAL,8.850800037384033,140447.95419171973,139045.9997227678,0.00998202129052153,259.0,9,34794.0,0.0,4.136433918034591,1.609372391679953e-06,140447.95419171973
M2__S1__D1__start001__ndays366__20260325T080322Z,M2,S1,D1,246,2024-09-02,2,OPTIMAL,aef,0.5,313933.58965,4.806199073791504,350,0.01,0.003849215274884937,True,True,False,True,True,228092.90117834922,227214.9224990407,2.0,OPTIMAL,1.4672861099243164,-1.6811193859211926e-07,-1.6811193859211926e-07,0.0,2.0,OPTIMAL,4.790002107620239,228092.90117834922,227214.9224990407,0.003849215274884937,36.0,3,19223.0,0.0,2.150400793345528,9.701306195701544e-07,228092.9011783492
M2__S1__D1__start001__ndays366__20260325T080322Z,M2,S1,D1,247,2024-09-03,2,OPTIMAL,aef,0.5,285494.05909999995,8.770410060882568,350,0.01,0.0040152992550387175,True,True,False,True,True,215930.9684880207,215063.94103111094,2.0,OPTIMAL,2.460245132446289,-4.183386124623212e-06,-4.183386124623212e-06,0.0,2.0,OPTIMAL,8.748394012451172,215930.9684880207,215063.94103111094,0.0040152992550387175,291.0,5,54326.0,0.0,3.809449904361551,0.0,215930.96848802076
M2__S1__D1__start001__ndays366__20260325T080322Z,M2,S1,D1,248,2024-09-04,2,OPTIMAL,aef,0.5,121546.47985,50.978924036026,350,0.01,0.00894655455677898,True,True,False,True,True,98281.15225848972,97401.87456790605,2.0,OPTIMAL,7.118240118026733,-8.35241280583432e-08,-8.35241280583432e-08,0.0,2.0,OPTIMAL,50.95559501647949,98281.15225848972,97401.87456790605,0.00894655455677898,1711.0,8,318330.0,0.0,28.818689215859173,0.0,98281.15225848973
M2__S1__D1__start001__ndays366__20260325T080322Z,M2,S1,D1,249,2024-09-05,2,OPTIMAL,aef,0.5,258473.16215,3.238170862197876,350,0.01,0.0026513530691650296,True,True,False,True,True,194124.59688652743,193609.90404077191,2.0,OPTIMAL,1.3190369606018066,-5.8601443697625655e-06,-5.8601443697625655e-06,0.0,2.0,OPTIMAL,3.2250750064849854,194124.59688652743,193609.90404077191,0.0026513530691650296,52.0,5,18857.0,0.0,1.3909153310453164,0.0,194124.59688652743
M2__S1__D1__start001__ndays366__20260325T080322Z,M2,S1,D1,250,2024-09-06,2,OPTIMAL,aef,0.5,135427.47950000002,64.20342493057251,350,0.01,0.0023191009085509135,True,True,False,True,True,97419.50238850016,97193.5767320004,2.0,OPTIMAL,8.544039964675903,-8.685592334245484e-08,-8.685592334245484e-08,0.0,2.0,OPTIMAL,64.17795300483704,97419.50238850016,97193.5767320004,0.0023191009085509135,2273.0,5,340731.0,0.0,36.52629266567268,0.0,97419.50238850013
M2__S1__D1__start001__ndays366__20260325T080322Z,M2,S1,D1,251,2024-09-07,2,OPTIMAL,aef,0.5,113149.47995000001,49.90814995765686,350,0.01,0.009917080993490522,True,True,False,True,True,54282.933681435854,53744.60543155278,2.0,OPTIMAL,2.36490797996521,-2.9087985353726253e-08,-2.9103830456733704e-08,0.0,2.0,OPTIMAL,49.88150596618652,54282.933681435854,53744.60543155278,0.009917080993490522,2727.0,9,398033.0,0.0,29.104992469260512,0.0,54282.93368143584
M2__S1__D1__start001__ndays366__20260325T080322Z,M2,S1,D1,252,2024-09-08,2,OPTIMAL,aef,0.5,109137.98766,5.105717897415161,350,0.01,0.0062983613543351425,True,True,False,True,True,26744.9792470881,26576.529703375745,2.0,OPTIMAL,1.117954969406128,0.0,0.0,0.0,2.0,OPTIMAL,5.08220911026001,26744.9792470881,26576.529703375745,0.0062983613543351425,287.0,10,23920.0,0.0,2.352458609236779,0.00014425323542402937,26744.979247088097
M2__S1__D1__start001__ndays366__20260325T080322Z,M2,S1,D1,253,2024-09-09,2,OPTIMAL,aef,0.5,214891.0545,24.743561029434204,350,0.01,0.006059076255134771,True,True,False,True,True,143143.88858991256,142276.56885348976,2.0,OPTIMAL,1.4419000148773193,-3.29447402691585e-08,-3.296008799225092e-08,0.0,2.0,OPTIMAL,24.715537071228027,143143.88858991256,142276.56885348976,0.006059076255134771,461.0,5,73798.0,0.0,13.875493910713562,0.0,143143.88858991262
M2__S1__D1__start001__ndays366__20260325T080322Z,M2,S1,D1,254,2024-09-10,2,OPTIMAL,aef,0.5,180456.67425,5.849379062652588,350,0.01,0.005821636459277992,True,True,False,True,True,99618.93096447483,99038.98576393774,2.0,OPTIMAL,1.7691800594329834,-5.935794433753472e-08,-5.935794433753472e-08,0.0,2.0,OPTIMAL,5.835391998291016,99618.93096447483,99038.98576393774,0.005821636459277992,127.0,4,22829.0,0.0,2.047392492430052,0.0,99618.93096447483
M2__S1__D1__start001__ndays366__20260325T080322Z,M2,S1,D1,255,2024-09-11,2,OPTIMAL,aef,0.5,178326.44115,3.726624011993408,350,0.01,0.002986213247212312,True,True,False,True,True,112259.94330585925,111924.71117602798,2.0,OPTIMAL,1.553920030593872,0.0,0.0,0.0,2.0,OPTIMAL,3.7051689624786377,112259.94330585925,111924.71117602798,0.002986213247212312,44.0,5,16764.0,0.0,1.5274508231575652,0.0,112259.94330585924
M2__S1__D1__start001__ndays366__20260325T080322Z,M2,S1,D1,256,2024-09-12,2,OPTIMAL,aef,0.5,144257.99475,4.118037939071655,350,0.01,0.008158633705600852,True,True,False,True,True,91671.61337627633,90923.69826153785,2.0,OPTIMAL,1.979750156402588,0.0,0.0,0.0,2.0,OPTIMAL,4.104391098022461,91671.61337627633,90923.69826153785,0.008158633705600852,96.0,8,28614.0,0.0,1.9114833917525667,0.0,91671.61337627635
M2__S1__D1__start001__ndays366__20260325T080322Z,M2,S1,D1,257,2024-09-13,2,OPTIMAL,aef,0.5,63773.89051,4.967600107192993,350,0.01,0.00199437927352574,True,True,False,True,True,15413.267511418548,15382.52761015647,2.0,OPTIMAL,1.1797029972076416,0.0,0.0,0.0,2.0,OPTIMAL,4.956680059432983,15413.267511418548,15382.52761015647,0.00199437927352574,196.0,8,23363.0,0.0,2.0197882246363705,9.874842857393273e-07,15413.267511418544
M2__S1__D1__start001__ndays366__20260325T080322Z,M2,S1,D1,258,2024-09-14,2,OPTIMAL,aef,0.5,121638.2892,19.61699414253235,350,0.01,0.006253596901405854,True,True,False,True,True,33528.91622982607,33319.23990318374,2.0,OPTIMAL,2.1852810382843018,-2.0585275706253015e-08,-2.0585275706253015e-08,0.0,2.0,OPTIMAL,19.602166175842285,33528.91622982607,33319.23990318374,0.006253596901405854,1036.0,8,99787.0,0.0,9.819702572673258,3.841055241845748e-05,33528.91622982607
M2__S1__D1__start001__ndays366__20260325T080322Z,M2,S1,D1,259,2024-09-15,2,OPTIMAL,aef,0.5,162412.4707,7.90695595741272,350,0.01,0.0078041064484701056,True,True,False,True,True,31869.41536586627,31620.70305590054,2.0,OPTIMAL,1.2166268825531006,-1.8305854609934613e-09,-1.8305854609934613e-09,0.0,2.0,OPTIMAL,7.882550001144409,31869.41536586627,31620.70305590054,0.0078041064484701056,304.0,9,23625.0,0.0,3.663936497926331,9.859456752989438e-06,31869.41536586626
M2__S1__D1__start001__ndays366__20260325T080322Z,M2,S1,D1,260,2024-09-16,9,TIME_LIMIT,aef,0.5,81061.99333,350.0544271469116,350,0.01,0.02401824643235873,True,False,True,False,False,19682.064581472474,19209.335904057072,2.0,OPTIMAL,1.0781099796295166,-7.132351242944424e-08,-7.132351242944424e-08,0.0,9.0,TIME_LIMIT,350.0117681026459,19682.064581472474,19209.335904057072,0.02401824643235873,12187.0,5,1002285.0,0.0,195.9896269864383,1.9307404943774207e-06,19682.06458147247
M2__S1__D1__start001__ndays366__20260325T080322Z,M2,S1,D1,261,2024-09-17,2,OPTIMAL,aef,0.5,52708.450555,3.625488042831421,350,0.01,0.0008022148174994418,True,True,False,True,True,14664.185729034683,14652.42190195629,2.0,OPTIMAL,1.590216875076294,0.0,0.0,0.0,2.0,OPTIMAL,3.6060030460357666,14664.185729034683,14652.42190195629,0.0008022148174994418,91.0,6,20193.0,14.0,1.4992697977976046,1.0020923814588857e-06,14664.18572903468
M2__S1__D1__start001__ndays366__20260325T080322Z,M2,S1,D1,262,2024-09-18,2,OPTIMAL,aef,0.5,158998.51260000002,14.875150918960571,350,0.01,0.004219739648422332,True,True,False,True,True,124860.09308132809,124333.2159960471,2.0,OPTIMAL,2.4492380619049072,-2.094677711284021e-07,-2.0775769371539354e-07,0.0,2.0,OPTIMAL,14.855190992355347,124860.09308132809,124333.2159960471,0.004219739648422332,373.0,5,51179.0,0.0,7.049008076339853,0.0,124860.09308132806
M2__S1__D1__start001__ndays366__20260325T080322Z,M2,S1,D1,263,2024-09-19,2,OPTIMAL,aef,0.5,293457.6052,7.154616117477417,350,0.01,0.004449074721224894,True,True,False,True,True,185558.40986376593,184732.8466331304,2.0,OPTIMAL,2.82680606842041,-5.592789307229395e-07,-5.592789307229395e-07,0.0,2.0,OPTIMAL,7.137860059738159,185558.40986376593,184732.8466331304,0.004449074721224894,157.0,6,37465.0,0.0,2.6130150758744337,4.536666078030869e-07,185558.40986376596
M2__S1__D1__start001__ndays366__20260325T080322Z,M2,S1,D1,264,2024-09-20,2,OPTIMAL,aef,0.5,335612.36155,17.405575037002563,350,0.01,0.00035404278729483663,True,True,False,True,True,201809.2950331102,201737.84590779466,2.0,OPTIMAL,1.2632548809051514,0.0,0.0,0.0,2.0,OPTIMAL,17.3799409866333,201809.2950331102,201737.84590779466,0.00035404278729483663,684.0,5,111025.0,0.0,9.46309138963031,9.382603414184181e-07,201809.2950331102
M2__S1__D1__start001__ndays366__20260325T080322Z,M2,S1,D1,265,2024-09-21,2,OPTIMAL,aef,0.5,203744.25115,21.928006172180176,350,0.01,0.0012634851520440553,True,True,False,True,True,102591.50696884745,102461.88412306648,2.0,OPTIMAL,1.5914700031280518,-2.0651259774240316e-05,-2.065132139250636e-05,0.0,2.0,OPTIMAL,21.90092897415161,102591.50696884745,102461.88412306648,0.0012634851520440553,724.0,6,104656.0,0.0,11.755091247232,0.0,102591.50696884745
M2__S1__D1__start001__ndays366__20260325T080322Z,M2,S1,D1,266,2024-09-22,2,OPTIMAL,aef,0.5,121651.52729999999,3.8503382205963135,350,0.01,0.00907719067351281,True,True,False,True,True,43430.78583186323,43036.556307766914,2.0,OPTIMAL,1.7051470279693604,-2.1057360299892025e-09,-2.1245796233415604e-09,0.0,2.0,OPTIMAL,3.8264780044555664,43430.78583186323,43036.556307766914,0.00907719067351281,49.0,6,19388.0,0.0,1.6329872260417537,3.9751388352857216e-05,43430.785831863235
M2__S1__D1__start001__ndays366__20260325T080322Z,M2,S1,D1,267,2024-09-23,2,OPTIMAL,aef,0.5,189330.71765,8.37160611152649,350,0.01,0.006088141988746201,True,True,False,True,True,120998.09266049182,120261.43909200729,2.0,OPTIMAL,1.4587340354919434,-1.8636782783687522e-07,-1.8636782783687522e-07,0.0,2.0,OPTIMAL,8.348122119903564,120998.09266049182,120261.43909200729,0.006088141988746201,275.0,5,38646.0,0.0,3.8169000826980497,0.0,120998.09266049185
M2__S1__D1__start001__ndays366__20260325T080322Z,M2,S1,D1,268,2024-09-24,2,OPTIMAL,aef,0.5,129469.32735,17.55223321914673,350,0.01,0.0063050919182358715,True,True,False,True,True,89399.07862007503,88835.40921196985,2.0,OPTIMAL,4.345900058746338,-1.5398370578623144e-08,-1.5410478226840496e-08,0.0,2.0,OPTIMAL,17.528034210205078,89399.07862007503,88835.40921196985,0.0063050919182358715,380.0,7,67112.0,0.0,9.069898131081294,0.0,89399.07862007502
M2__S1__D1__start001__ndays366__20260325T080322Z,M2,S1,D1,269,2024-09-25,2,OPTIMAL,aef,0.5,111425.59115,33.08072018623352,350,0.01,0.008522066780333957,True,True,False,True,True,62213.10676418194,61682.922513725534,2.0,OPTIMAL,2.687448024749756,-1.5381692008986647e-07,-1.5381692008986647e-07,0.0,2.0,OPTIMAL,33.0663001537323,62213.10676418194,61682.922513725534,0.008522066780333957,1153.0,2,202062.0,0.0,17.379390386670387,1.940222370164411e-06,62213.10676418194
M2__S1__D1__start001__ndays366__20260325T080322Z,M2,S1,D1,270,2024-09-26,2,OPTIMAL,aef,0.5,15138.612883999998,1.9056780338287354,350,0.01,0.000939220629744212,True,True,False,True,True,13522.141102384665,13509.440828502995,2.0,OPTIMAL,0.9441499710083008,3.1385241072712233e-09,0.0,inf,2.0,OPTIMAL,1.8869898319244385,13522.141102384665,13509.440828502995,0.000939220629744212,2.0,5,12183.0,0.0,0.7474187416948083,1.0205685895037185e-06,13522.141102384665
M2__S1__D1__start001__ndays366__20260325T080322Z,M2,S1,D1,271,2024-09-27,2,OPTIMAL,aef,0.5,63787.162505,9.84589695930481,350,0.01,0.009438463261959929,True,True,False,True,True,18469.99983134755,18295.671416490968,2.0,OPTIMAL,1.150346040725708,0.0,0.0,0.0,2.0,OPTIMAL,9.833935976028442,18469.99983134755,18295.671416490968,0.009438463261959929,321.0,9,29025.0,0.0,4.731970857317395,1.7525505313156826e-06,18469.999831347544
M2__S1__D1__start001__ndays366__20260325T080322Z,M2,S1,D1,272,2024-09-28,2,OPTIMAL,aef,0.5,162674.62785,8.427121877670288,350,0.01,0.009049853023352997,True,True,False,True,True,38202.39163342811,37856.665604005015,2.0,OPTIMAL,1.1700050830841064,-2.4086899941266893e-07,-2.4090695660561323e-07,0.0,2.0,OPTIMAL,8.409339904785156,38202.39163342811,37856.665604005015,0.009049853023352997,457.0,10,34475.0,0.0,4.1376777192176615,0.0,38202.3916334281
M2__S1__D1__start001__ndays366__20260325T080322Z,M2,S1,D1,273,2024-09-29,2,OPTIMAL,aef,0.5,179226.54945,4.705157995223999,350,0.01,0.005860784112679746,True,True,False,True,True,36594.538259145585,36380.065570705534,2.0,OPTIMAL,0.9091918468475342,-1.7119077710958663e-08,-1.7119077710958663e-08,0.0,2.0,OPTIMAL,4.690284013748169,36594.538259145585,36380.065570705534,0.005860784112679746,248.0,9,14053.0,0.0,1.6044116207869394,0.0,36594.538259145585
M2__S1__D1__start001__ndays366__20260325T080322Z,M2,S1,D1,274,2024-09-30,2,OPTIMAL,aef,0.5,262623.02825,13.987001895904541,350,0.01,0.0033378246049453686,True,True,False,True,True,147507.96962776326,147015.61389731418,2.0,OPTIMAL,1.3702220916748047,0.0,0.0,0.0,2.0,OPTIMAL,13.969552040100098,147507.96962776326,147015.61389731418,0.0033378246049453686,494.0,7,56708.0,0.0,7.1306049615367,0.0,147507.9696277633
M2__S1__D1__start001__ndays366__20260325T080322Z,M2,S1,D1,275,2024-10-01,2,OPTIMAL,aef,0.5,247447.72575,11.414908170700073,350,0.01,0.0029497079899260307,True,True,False,True,True,164873.59981789754,164387.27084318676,2.0,OPTIMAL,0.984375,0.0,0.0,0.0,2.0,OPTIMAL,11.390762090682983,164873.59981789754,164387.27084318676,0.0029497079899260307,310.0,5,39828.0,0.0,5.963548101039355,1.0760671118189576e-06,164873.59981789754
M2__S1__D1__start001__ndays366__20260325T080322Z,M2,S1,D1,276,2024-10-02,2,OPTIMAL,aef,0.5,107724.19985,5.784986972808838,350,0.01,0.009192313235870692,True,True,False,True,True,82581.7045102469,81822.5876148366,2.0,OPTIMAL,1.6065330505371094,-6.068071911613515e-08,-6.068071911613515e-08,0.0,2.0,OPTIMAL,5.765774965286255,82581.7045102469,81822.5876148366,0.009192313235870692,248.0,4,38013.0,0.0,3.15426209275878,0.0,82581.70451024688
M2__S1__D1__start001__ndays366__20260325T080322Z,M2,S1,D1,277,2024-10-03,2,OPTIMAL,aef,0.5,85963.63388499999,15.65378999710083,350,0.01,0.008136782609494958,True,True,False,True,True,29412.911377387798,29173.584911597653,2.0,OPTIMAL,1.493030071258545,0.0,0.0,0.0,2.0,OPTIMAL,15.641433000564575,29412.911377387798,29173.584911597653,0.008136782609494958,329.0,7,41919.0,0.0,7.518486583096583,1.321673229590687e-06,29412.91137738779
M2__S1__D1__start001__ndays366__20260325T080322Z,M2,S1,D1,278,2024-10-04,2,OPTIMAL,aef,0.5,226545.90035,6.169364929199219,350,0.01,0.008417737038099143,True,True,False,True,True,148915.65828596702,147662.12543366032,2.0,OPTIMAL,2.924813985824585,0.0,0.0,0.0,2.0,OPTIMAL,6.15196681022644,148915.65828596702,147662.12543366032,0.008417737038099143,132.0,5,31517.0,0.0,2.5985925445519547,0.0,148915.65828596705
M2__S1__D1__start001__ndays366__20260325T080322Z,M2,S1,D1,279,2024-10-05,9,TIME_LIMIT,aef,0.5,42170.390345,350.0496690273285,350,0.01,0.06629951692447987,True,False,True,False,False,31985.390981130433,29864.775010440873,2.0,OPTIMAL,1.3046331405639648,0.0,0.0,0.0,9.0,TIME_LIMIT,350.01744413375854,31985.390981130433,29864.775010440873,0.06629951692447987,6007.0,8,1448962.0,0.0,196.28145084848603,0.0,31985.390981130433
M2__S1__D1__start001__ndays366__20260325T080322Z,M2,S1,D1,280,2024-10-06,2,OPTIMAL,aef,0.5,22645.909945,2.368328094482422,350,0.01,0.0,True,True,False,True,True,12414.137293340176,12414.137293340176,2.0,OPTIMAL,1.1918411254882812,0.0,0.0,0.0,2.0,OPTIMAL,2.3601551055908203,12414.137293340176,12414.137293340176,0.0,2.0,3,10543.0,0.0,0.8431462730615233,1.1979939367711505e-06,12414.137293340169
M2__S1__D1__start001__ndays366__20260325T080322Z,M2,S1,D1,281,2024-10-07,2,OPTIMAL,aef,0.5,64454.434425,18.787868976593018,350,0.01,0.0074650724490905795,True,True,False,True,True,40028.84951782859,39730.031256124246,2.0,OPTIMAL,5.0553789138793945,0.0,0.0,0.0,2.0,OPTIMAL,18.761621952056885,40028.84951782859,39730.031256124246,0.0074650724490905795,356.0,7,82699.0,0.0,9.993593465086786,1.3952864593630713e-06,40028.84951782859
M2__S1__D1__start001__ndays366__20260325T080322Z,M2,S1,D1,282,2024-10-08,2,OPTIMAL,aef,0.5,6802.9037975,2.8604001998901367,350,0.01,8.239056948191999e-10,True,True,False,True,True,12530.101046816104,12530.101036492482,2.0,OPTIMAL,1.392949104309082,5.9371458860368875e-09,4.3655745685100555e-11,inf,2.0,OPTIMAL,2.8361799716949463,12530.101046816104,12530.101036492482,8.239056948191999e-10,71.0,9,15465.0,0.0,1.1896816792573142,9.982427159965917e-07,12530.101046816106
M2__S1__D1__start001__ndays366__20260325T080322Z,M2,S1,D1,283,2024-10-09,2,OPTIMAL,aef,0.5,11347.999197500001,7.83669900894165,350,0.01,0.007100066034855166,True,True,False,True,True,17759.962133397792,17633.86522947414,2.0,OPTIMAL,1.4582440853118896,-3.79369158309828e-08,-3.79369158309828e-08,0.0,2.0,OPTIMAL,7.815859079360962,17759.962133397792,17633.86522947414,0.007100066034855166,108.0,5,45548.0,0.0,4.083539773779,9.62441821079284e-07,17759.962133397785
M2__S1__D1__start001__ndays366__20260325T080322Z,M2,S1,D1,284,2024-10-10,2,OPTIMAL,aef,0.5,158534.4095,14.697537899017334,350,0.01,0.006362398748065329,True,True,False,True,True,80571.04663323594,80058.42150700634,2.0,OPTIMAL,11.961884021759033,-3.643337631570646e-07,-3.643654054030776e-07,0.0,2.0,OPTIMAL,14.674613952636719,80571.04663323594,80058.42150700634,0.006362398748065329,413.0,6,107994.0,0.0,7.935641936925645,1.1764168572156526e-05,80571.04663323596
M2__S1__D1__start001__ndays366__20260325T080322Z,M2,S1,D1,285,2024-10-11,2,OPTIMAL,aef,0.5,220478.9686,21.46761989593506,350,0.01,0.005118842704812308,True,True,False,True,True,149765.00633538252,148998.38282526648,2.0,OPTIMAL,2.3713879585266113,0.0,0.0,0.0,2.0,OPTIMAL,21.44687294960022,149765.00633538252,148998.38282526648,0.005118842704812308,410.0,9,75147.0,16.0,10.85295406348431,0.0,149765.00633538255
M2__S1__D1__start001__ndays366__20260325T080322Z,M2,S1,D1,286,2024-10-12,2,OPTIMAL,aef,0.5,135812.64860000001,12.712021827697754,350,0.01,0.008096976984041911,True,True,False,True,True,78023.24794892065,77391.49550605804,2.0,OPTIMAL,2.7177867889404297,0.0,0.0,0.0,2.0,OPTIMAL,12.684581995010376,78023.24794892065,77391.49550605804,0.008096976984041911,446.0,10,51395.0,0.0,6.425968238925797,0.0,78023.24794892066
M2__S1__D1__start001__ndays366__20260325T080322Z,M2,S1,D1,287,2024-10-13,2,OPTIMAL,aef,0.5,165681.3595,21.45257806777954,350,0.01,0.009939020635420886,True,True,False,True,True,51601.38132484323,51088.51413103939,2.0,OPTIMAL,3.7176520824432373,-2.356426875849138e-08,-2.3603206500411034e-08,0.0,2.0,OPTIMAL,21.438962936401367,51601.38132484323,51088.51413103939,0.009939020635420886,1551.0,7,144855.0,0.0,12.049682550799169,5.750151489934254e-06,51601.381324843205
M2__S1__D1__start001__ndays366__20260325T080322Z,M2,S1,D1,288,2024-10-14,2,OPTIMAL,aef,0.5,304919.70145000005,4.08514404296875,350,0.01,0.009862093150395464,True,True,False,True,True,215579.3508425962,213453.2872032848,2.0,OPTIMAL,1.1215019226074219,-1.500184225733392e-07,-1.500447979196906e-07,0.0,2.0,OPTIMAL,4.064012050628662,215579.3508425962,213453.2872032848,0.009862093150395464,156.0,6,23838.0,0.0,1.692203899583067,8.514545894343442e-07,215579.35084259624
M2__S1__D1__start001__ndays366__20260325T080322Z,M2,S1,D1,289,2024-10-15,2,OPTIMAL,aef,0.5,106704.26860000001,12.982085943222046,350,0.01,0.0068449181265259115,True,True,False,True,True,78965.9651903742,78425.449623864,2.0,OPTIMAL,1.6424968242645264,-9.007010248751612e-09,-9.007010248751612e-09,0.0,2.0,OPTIMAL,12.969834804534912,78965.9651903742,78425.449623864,0.0068449181265259115,356.0,8,46989.0,0.0,6.927918397419138,3.4310878917982903e-06,78965.9651903742
M2__S1__D1__start001__ndays366__20260325T080322Z,M2,S1,D1,290,2024-10-16,2,OPTIMAL,aef,0.5,10085.257193500001,23.74634099006653,350,0.01,0.0015662613328697415,True,True,False,True,True,13009.879411194419,12989.502540127367,2.0,OPTIMAL,12.3751699924469,-3.3266979926338536e-07,-3.3266979926338536e-07,0.0,2.0,OPTIMAL,23.725194931030273,13009.879411194419,12989.502540127367,0.0015662613328697415,605.0,8,188567.0,0.0,13.097448010086069,6.012096285574568e-07,13009.87941119442
M2__S1__D1__start001__ndays366__20260325T080322Z,M2,S1,D1,291,2024-10-17,2,OPTIMAL,aef,0.5,36711.778375,15.856131076812744,350,0.01,0.009982961816342086,True,True,False,True,True,20106.440981820655,19905.719149236604,2.0,OPTIMAL,3.0313000679016113,-2.6648194761946797e-08,-2.6648194761946797e-08,0.0,2.0,OPTIMAL,15.842679023742676,20106.440981820655,19905.719149236604,0.009982961816342086,448.0,10,67123.0,0.0,8.769329087259933,8.578529921161372e-07,20106.44098182067
M2__S1__D1__start001__ndays366__20260325T080322Z,M2,S1,D1,292,2024-10-18,2,OPTIMAL,aef,0.5,104117.99905,7.315288066864014,350,0.01,0.009891674084085955,True,True,False,True,True,39028.432207380974,38642.37567597272,2.0,OPTIMAL,1.302448034286499,-5.0786532312940835e-08,-5.0786532312940835e-08,0.0,2.0,OPTIMAL,7.295982122421265,39028.432207380974,38642.37567597272,0.009891674084085955,293.0,5,34936.0,0.0,3.2089053185431426,8.80603570988646e-06,39028.43220738097
M2__S1__D1__start001__ndays366__20260325T080322Z,M2,S1,D1,293,2024-10-19,2,OPTIMAL,aef,0.5,107361.64975000001,9.82512092590332,350,0.01,0.00942126176805566,True,True,False,True,True,47782.751065186705,47332.57725940374,2.0,OPTIMAL,4.077260971069336,-3.6800884117837995e-08,-3.6800884117837995e-08,0.0,2.0,OPTIMAL,9.808366060256958,47782.751065186705,47332.57725940374,0.00942126176805566,225.0,7,54291.0,0.0,4.245895384217675,1.2339921296949632e-05,47782.75106518671
M2__S1__D1__start001__ndays366__20260325T080322Z,M2,S1,D1,294,2024-10-20,9,TIME_LIMIT,aef,0.5,174329.9962,350.06324315071106,350,0.01,0.06458871500772322,True,False,True,False,False,38060.80602881122,35602.507475252096,2.0,OPTIMAL,1.102586030960083,0.0,0.0,0.0,9.0,TIME_LIMIT,350.0247151851654,38060.80602881122,35602.507475252096,0.06458871500772322,9959.0,5,860412.0,0.0,192.32491530883422,0.0,38060.80602881124
M2__S1__D1__start001__ndays366__20260325T080322Z,M2,S1,D1,295,2024-10-21,2,OPTIMAL,aef,0.5,265519.7361,24.265861988067627,350,0.01,0.006837438827306375,True,True,False,True,True,170828.19835221945,169660.1709960072,2.0,OPTIMAL,1.2488908767700195,0.0,0.0,0.0,2.0,OPTIMAL,24.250158071517944,170828.19835221945,169660.1709960072,0.006837438827306375,693.0,7,110461.0,0.0,13.517912974769231,0.0,170828.1983522194
M2__S1__D1__start001__ndays366__20260325T080322Z,M2,S1,D1,296,2024-10-22,2,OPTIMAL,aef,0.5,188714.83815,4.401257038116455,350,0.01,0.00944140624439627,True,True,False,True,True,120221.77253169964,119086.70993780647,2.0,OPTIMAL,1.58144211769104,0.0,0.0,0.0,2.0,OPTIMAL,4.381608963012695,120221.77253169964,119086.70993780647,0.00944140624439627,56.0,6,22142.0,0.0,1.8893542730728161,1.4482411161347919e-05,120221.77253169968
M2__S1__D1__start001__ndays366__20260325T080322Z,M2,S1,D1,297,2024-10-23,2,OPTIMAL,aef,0.5,272108.2525,5.771438121795654,350,0.01,0.009187424088516114,True,True,False,True,True,171104.36711330997,169532.35872924287,2.0,OPTIMAL,1.4683740139007568,-5.0609060053830035e-08,-5.0609060053830035e-08,0.0,2.0,OPTIMAL,5.75662899017334,171104.36711330997,169532.35872924287,0.009187424088516114,174.0,4,30954.0,0.0,2.415152815116933,0.0,171104.36711330997
M2__S1__D1__start001__ndays366__20260325T080322Z,M2,S1,D1,298,2024-10-24,2,OPTIMAL,aef,0.5,216449.35619999998,13.482183933258057,350,0.01,0.002635561892031889,True,True,False,True,True,132897.4506281758,132547.19117175206,2.0,OPTIMAL,2.5108110904693604,-1.9944366158597404e-07,-1.9944366158597404e-07,0.0,2.0,OPTIMAL,13.469200134277344,132897.4506281758,132547.19117175206,0.002635561892031889,442.0,8,60121.0,0.0,6.7173403599435755,0.0,132897.45062817587
M2__S1__D1__start001__ndays366__20260325T080322Z,M2,S1,D1,299,2024-10-25,2,OPTIMAL,aef,0.5,232013.54075,52.20244216918945,350,0.01,0.009998911983467673,True,True,False,True,True,115257.10259859645,114104.6569742436,2.0,OPTIMAL,3.107128143310547,0.0,-2.9103830456733704e-11,0.0,2.0,OPTIMAL,52.18640112876892,115257.10259859645,114104.6569742436,0.009998911983467673,1823.0,6,345402.0,0.0,31.492856736427076,1.690605660997433e-05,115257.10259859648
M2__S1__D1__start001__ndays366__20260325T080322Z,M2,S1,D1,300,2024-10-26,2,OPTIMAL,aef,0.5,144943.81540000002,21.776216983795166,350,0.01,0.006936194253507531,True,True,False,True,True,58671.90637102185,58264.946631208826,2.0,OPTIMAL,1.323951005935669,-2.652594162100286e-07,-2.652594162100286e-07,0.0,2.0,OPTIMAL,21.76247215270996,58671.90637102185,58264.946631208826,0.006936194253507531,935.0,6,105062.0,0.0,11.308149851791383,0.0,58671.90637102183
M2__S1__D1__start001__ndays366__20260325T080322Z,M2,S1,D1,301,2024-10-27,2,OPTIMAL,aef,0.5,131068.3505,8.047073125839233,350,0.01,0.006734610683881254,True,True,False,True,True,87892.82304911618,87300.89910397309,2.0,OPTIMAL,4.576498031616211,0.0,0.0,0.0,2.0,OPTIMAL,8.026405096054077,87892.82304911618,87300.89910397309,0.006734610683881254,244.0,6,38210.0,0.0,3.695927865315062,0.0,87892.82304911618
M2__S1__D1__start001__ndays366__20260325T080322Z,M2,S1,D1,302,2024-10-28,2,OPTIMAL,aef,0.5,58622.28342,14.371917009353638,350,0.01,0.0038459030222938602,True,True,False,True,True,37688.233938032885,37543.288645225686,2.0,OPTIMAL,12.548880100250244,-2.730112669269147e-08,-2.730112669269147e-08,0.0,2.0,OPTIMAL,14.349708080291748,37688.233938032885,37543.288645225686,0.0038459030222938602,152.0,8,135163.0,0.0,7.476126173169477,0.0,37688.23393803288
M2__S1__D1__start001__ndays366__20260325T080322Z,M2,S1,D1,303,2024-10-29,2,OPTIMAL,aef,0.5,9357.8382755,15.13114619255066,350,0.01,0.006606025003148977,True,True,False,True,True,18333.09563870287,18211.98675052848,2.0,OPTIMAL,6.261963129043579,0.0,0.0,0.0,2.0,OPTIMAL,15.113991022109985,18333.09563870287,18211.98675052848,0.006606025003148977,394.0,6,88611.0,0.0,7.398414309903308,1.3999688998174023e-06,18333.095638702867
M2__S1__D1__start001__ndays366__20260325T080322Z,M2,S1,D1,304,2024-10-30,2,OPTIMAL,aef,0.5,61770.40371,16.09085202217102,350,0.01,0.004003506900559848,True,True,False,True,True,45041.95354016576,44861.62776835303,2.0,OPTIMAL,3.7647979259490967,-1.1347053430199594e-07,-1.1347053430199594e-07,0.0,2.0,OPTIMAL,16.078972101211548,45041.95354016576,44861.62776835303,0.004003506900559848,332.0,8,64131.0,0.0,8.02969898211736,8.186769776319987e-07,45041.95354016576
M2__S1__D1__start001__ndays366__20260325T080322Z,M2,S1,D1,305,2024-10-31,2,OPTIMAL,aef,0.5,265778.5382,4.303813934326172,350,0.01,0.009085717393136074,True,True,False,True,True,183209.98397944856,181545.3898414103,2.0,OPTIMAL,1.4797828197479248,0.0,0.0,0.0,2.0,OPTIMAL,4.2895519733428955,183209.98397944856,181545.3898414103,0.009085717393136074,179.0,10,24233.0,0.0,1.9702041398984191,0.0,183209.98397944856
M2__S1__D1__start001__ndays366__20260325T080322Z,M2,S1,D1,306,2024-11-01,2,OPTIMAL,aef,0.5,280659.71755,3.7002041339874268,350,0.01,0.009973141899015672,True,True,False,True,True,158673.92594093585,157091.448361853,2.0,OPTIMAL,0.642085075378418,0.0,0.0,0.0,2.0,OPTIMAL,3.687617063522339,158673.92594093585,157091.448361853,0.009973141899015672,172.0,4,13588.0,0.0,1.3078794339629989,0.0,158673.92594093585
M2__S1__D1__start001__ndays366__20260325T080322Z,M2,S1,D1,307,2024-11-02,2,OPTIMAL,aef,0.5,268155.12855,5.0778279304504395,350,0.01,0.008576716772676624,True,True,False,True,True,177384.45797829406,175863.0817223395,2.0,OPTIMAL,1.3484439849853516,-1.4730176189914346e-08,-1.4730176189914346e-08,0.0,2.0,OPTIMAL,5.06045389175415,177384.45797829406,175863.0817223395,0.008576716772676624,223.0,5,24426.0,0.0,2.0936098181562937,0.0,177384.45797829411
M2__S1__D1__start001__ndays366__20260325T080322Z,M2,S1,D1,308,2024-11-03,2,OPTIMAL,aef,0.5,180027.6257,20.8066189289093,350,0.01,0.008430618471215368,True,True,False,True,True,96709.02871107745,95893.71178729254,2.0,OPTIMAL,2.977360963821411,-1.9354047253727913e-09,-1.9354047253727913e-09,0.0,2.0,OPTIMAL,20.78202986717224,96709.02871107745,95893.71178729254,0.008430618471215368,574.0,6,88247.0,0.0,11.327521621950716,0.0,96709.02871107747
M2__S1__D1__start001__ndays366__20260325T080322Z,M2,S1,D1,309,2024-11-04,2,OPTIMAL,aef,0.5,321569.03835,5.057952880859375,350,0.01,0.009560007409712253,True,True,False,True,True,228189.06284522158,226007.573713606,2.0,OPTIMAL,1.8964509963989258,-5.52287247046479e-08,-5.52287247046479e-08,0.0,2.0,OPTIMAL,5.0462119579315186,228189.06284522158,226007.573713606,0.009560007409712253,52.0,8,19000.0,0.0,1.876608131222402,0.0,228189.06284522166
M2__S1__D1__start001__ndays366__20260325T080322Z,M2,S1,D1,310,2024-11-05,2,OPTIMAL,aef,0.5,434346.38125,4.0530030727386475,350,0.01,0.009066544891525124,True,True,False,True,True,255523.2145149306,253206.50181970416,2.0,OPTIMAL,1.3226661682128906,-4.4997250370215625e-09,-4.4997250370215625e-09,0.0,2.0,OPTIMAL,4.030400991439819,255523.2145149306,253206.50181970416,0.009066544891525124,167.0,8,20045.0,0.0,1.4915577618837372,0.0,255523.21451493062
M2__S1__D1__start001__ndays366__20260325T080322Z,M2,S1,D1,311,2024-11-06,2,OPTIMAL,aef,0.5,431352.1518,73.23289895057678,350,0.01,0.00551680635542398,True,True,False,True,True,255268.21807392983,253859.95274612182,2.0,OPTIMAL,67.83871388435364,0.0,0.0,0.0,2.0,OPTIMAL,73.21612596511841,255268.21807392983,253859.95274612182,0.00551680635542398,1874.0,6,38861.0,28642.0,31.452285260603563,0.0,255268.21807392986
M2__S1__D1__start001__ndays366__20260325T080322Z,M2,S1,D1,312,2024-11-07,2,OPTIMAL,aef,0.5,356629.3702,4.321156024932861,350,0.01,0.006544597897834047,True,True,False,True,True,231640.76116052584,230124.76552198204,2.0,OPTIMAL,0.9920549392700195,0.0,0.0,0.0,2.0,OPTIMAL,4.295547962188721,231640.76116052584,230124.76552198204,0.006544597897834047,68.0,6,14115.0,0.0,1.1634824870060063,9.961625240804646e-07,231640.76116052587
M2__S1__D1__start001__ndays366__20260325T080322Z,M2,S1,D1,313,2024-11-08,2,OPTIMAL,aef,0.5,427316.88989999995,3.9338550567626953,350,0.01,0.003979605112561597,True,True,False,True,True,275759.46348564816,274662.04971492337,2.0,OPTIMAL,1.0634851455688477,-7.145180802581308e-08,-7.150811143219471e-08,0.0,2.0,OPTIMAL,3.921144962310791,275759.46348564816,274662.04971492337,0.003979605112561597,34.0,4,15560.0,0.0,1.3665132843205812,0.0,275759.46348564804
M2__S1__D1__start001__ndays366__20260325T080322Z,M2,S1,D1,314,2024-11-09,2,OPTIMAL,aef,0.5,271407.80105,3.9453530311584473,350,0.01,0.006588289643577957,True,True,False,True,True,193122.27499539635,191849.92951109994,2.0,OPTIMAL,1.1510341167449951,0.0,0.0,0.0,2.0,OPTIMAL,3.9201650619506836,193122.27499539635,191849.92951109994,0.006588289643577957,47.0,4,18968.0,0.0,1.2507429543869362,1.0409571596769966e-06,193122.27499539635
M2__S1__D1__start001__ndays366__20260325T080322Z,M2,S1,D1,315,2024-11-10,2,OPTIMAL,aef,0.5,231432.9809,7.123866081237793,350,0.01,0.008578114950433617,True,True,False,True,True,162003.80925663438,160614.12195842282,2.0,OPTIMAL,3.8355660438537598,0.0,-7.275957614183426e-12,0.0,2.0,OPTIMAL,7.1105921268463135,162003.80925663438,160614.12195842282,0.008578114950433617,119.0,7,43480.0,0.0,2.2085228881247994,0.0,162003.80925663438
M2__S1__D1__start001__ndays366__20260325T080322Z,M2,S1,D1,316,2024-11-11,2,OPTIMAL,aef,0.5,135019.2364,17.777649879455566,350,0.01,0.008971272532903349,True,True,False,True,True,95142.25961687078,94288.71247645158,2.0,OPTIMAL,1.881462812423706,-5.168914185560425e-10,-5.168914185560425e-10,0.0,2.0,OPTIMAL,17.750305891036987,95142.25961687078,94288.71247645158,0.008971272532903349,853.0,6,91789.0,0.0,9.24273428881628,1.0065656022244004e-05,95142.25961687078
M2__S1__D1__start001__ndays366__20260325T080322Z,M2,S1,D1,317,2024-11-12,2,OPTIMAL,aef,0.5,152089.61355,9.014564037322998,350,0.01,0.008825672152159274,True,True,False,True,True,59314.54710705379,58791.05636043313,2.0,OPTIMAL,5.051292181015015,0.0,0.0,0.0,2.0,OPTIMAL,8.995664119720459,59314.54710705379,58791.05636043313,0.008825672152159274,179.0,5,54661.0,0.0,3.847926535125432,8.218883402747043e-06,59314.54710705379
M2__S1__D1__start001__ndays366__20260325T080322Z,M2,S1,D1,318,2024-11-13,2,OPTIMAL,aef,0.5,68715.177425,10.010826110839844,350,0.01,0.006738012327661444,True,True,False,True,True,66470.21425061714,66022.33712757418,2.0,OPTIMAL,5.382594108581543,-1.2394922492831029e-06,-1.2394922492831029e-06,0.0,2.0,OPTIMAL,9.998744010925293,66470.21425061714,66022.33712757418,0.006738012327661444,211.0,7,75308.0,0.0,5.089394918179115,0.0,66470.21425061714
M2__S1__D1__start001__ndays366__20260325T080322Z,M2,S1,D1,319,2024-11-14,2,OPTIMAL,aef,0.5,231774.052,5.4861531257629395,350,0.01,0.0038855994632812476,True,True,False,True,True,199700.98149874734,198925.0234722191,2.0,OPTIMAL,2.1441850662231445,-3.697849138006859e-09,-3.754394128918648e-09,0.0,2.0,OPTIMAL,5.468536138534546,199700.98149874734,198925.0234722191,0.0038855994632812476,153.0,6,26704.0,0.0,2.3875965864066155,0.0,199700.98149874734
M2__S1__D1__start001__ndays366__20260325T080322Z,M2,S1,D1,320,2024-11-15,2,OPTIMAL,aef,0.5,311704.62175000005,5.3889479637146,350,0.01,0.009454665359272257,True,True,False,True,True,232818.94870031302,230617.723451054,2.0,OPTIMAL,1.8120160102844238,0.0,0.0,0.0,2.0,OPTIMAL,5.3680500984191895,232818.94870031302,230617.723451054,0.009454665359272257,38.0,8,29438.0,0.0,2.4092790438771514,0.0,232818.94870031293
M2__S1__D1__start001__ndays366__20260325T080322Z,M2,S1,D1,321,2024-11-16,2,OPTIMAL,aef,0.5,246894.4061,25.172531127929688,350,0.01,0.00917882140582876,True,True,False,True,True,172297.31431774888,170715.82804092232,2.0,OPTIMAL,9.426069021224976,0.0,0.0,0.0,2.0,OPTIMAL,25.158318996429443,172297.31431774888,170715.82804092232,0.00917882140582876,876.0,8,143436.0,0.0,13.236520808746961,0.0,172297.31431774885
M2__S1__D1__start001__ndays366__20260325T080322Z,M2,S1,D1,322,2024-11-17,2,OPTIMAL,aef,0.5,266073.21625,6.6922690868377686,350,0.01,0.009991942074718797,True,True,False,True,True,182449.0774264874,180626.05681325606,2.0,OPTIMAL,3.0142390727996826,-4.886885562882526e-08,-4.886885562882526e-08,0.0,2.0,OPTIMAL,6.664346933364868,182449.0774264874,180626.05681325606,0.009991942074718797,234.0,7,39979.0,0.0,2.476099234612479,0.0,182449.07742648743
M2__S1__D1__start001__ndays366__20260325T080322Z,M2,S1,D1,323,2024-11-18,2,OPTIMAL,aef,0.5,388031.81830000004,4.4680421352386475,350,0.01,0.008454455409455837,True,True,False,True,True,257822.50132095045,255642.75247997814,2.0,OPTIMAL,1.456916093826294,0.0,0.0,0.0,2.0,OPTIMAL,4.448429107666016,257822.50132095045,255642.75247997814,0.008454455409455837,103.0,9,23009.0,0.0,1.690806151456616,0.0,257822.5013209504
M2__S1__D1__start001__ndays366__20260325T080322Z,M2,S1,D1,324,2024-11-19,2,OPTIMAL,aef,0.5,233084.23645,17.990404844284058,350,0.01,0.009203523246024326,True,True,False,True,True,171543.31611044452,169964.51321292194,2.0,OPTIMAL,1.095240831375122,-2.6226416593999602e-08,-2.6226416593999602e-08,0.0,2.0,OPTIMAL,17.970716953277588,171543.31611044452,169964.51321292194,0.009203523246024326,434.0,3,66959.0,0.0,9.798735266753436,9.161792101044237e-07,171543.31611044455
M2__S1__D1__start001__ndays366__20260325T080322Z,M2,S1,D1,325,2024-11-20,2,OPTIMAL,aef,0.5,83078.7813,38.761305809020996,350,0.01,0.009950338122355162,True,True,False,True,True,75184.90171690496,74436.78652312573,2.0,OPTIMAL,35.79388785362244,-4.121375241084024e-09,-4.121375241084024e-09,0.0,2.0,OPTIMAL,38.73714900016785,75184.90171690496,74436.78652312573,0.009950338122355162,727.0,8,286683.0,0.0,22.69455956349613,4.131560320796902e-06,75184.90171690498
M2__S1__D1__start001__ndays366__20260325T080322Z,M2,S1,D1,326,2024-11-21,2,OPTIMAL,aef,0.5,34949.299094999995,338.5890588760376,350,0.01,0.009995252752005563,True,True,False,True,True,37539.8390991901,37164.61891912408,2.0,OPTIMAL,5.1926469802856445,-1.3291995060171757e-08,-1.3291995060171757e-08,0.0,2.0,OPTIMAL,338.55104899406433,37539.8390991901,37164.61891912408,0.009995252752005563,12339.0,4,2562665.0,0.0,205.8926013879462,0.0,37539.83909919009
M2__S1__D1__start001__ndays366__20260325T080322Z,M2,S1,D1,327,2024-11-22,2,OPTIMAL,aef,0.5,185183.6095,23.427057027816772,350,0.01,0.006467756687322674,True,True,False,True,True,164784.6144891509,163718.8276968208,2.0,OPTIMAL,2.581671953201294,0.0,0.0,0.0,2.0,OPTIMAL,23.4136700630188,164784.6144891509,163718.8276968208,0.006467756687322674,964.0,8,112350.0,0.0,12.971969830693576,4.642587781482043e-06,164784.61448915096
M2__S1__D1__start001__ndays366__20260325T080322Z,M2,S1,D1,328,2024-11-23,2,OPTIMAL,aef,0.5,215106.2947,13.113055944442749,350,0.01,0.007855465865796583,True,True,False,True,True,124925.2237707176,123943.87793960974,2.0,OPTIMAL,4.3164849281311035,-2.786117647701758e-08,-2.786117647701758e-08,0.0,2.0,OPTIMAL,13.089741945266724,124925.2237707176,123943.87793960974,0.007855465865796583,441.0,9,63089.0,0.0,6.517690046756954,0.0,124925.22377071758
M2__S1__D1__start001__ndays366__20260325T080322Z,M2,S1,D1,329,2024-11-24,2,OPTIMAL,aef,0.5,100609.972175,58.92990016937256,350,0.01,0.004018277711845637,True,True,False,True,True,17393.90263011595,17324.009098855346,2.0,OPTIMAL,54.3799250125885,-6.695035352777268e-07,-6.695035352777268e-07,0.0,2.0,OPTIMAL,58.9087860584259,17393.90263011595,17324.009098855346,0.004018277711845637,1297.0,8,521511.0,0.0,35.42885016018479,3.3367453505512145e-07,17393.902630115947
M2__S1__D1__start001__ndays366__20260325T080322Z,M2,S1,D1,330,2024-11-25,2,OPTIMAL,aef,0.5,62260.460945,29.131671905517578,350,0.01,0.009274935281899844,True,True,False,True,True,19311.968241610382,19132.850986003345,2.0,OPTIMAL,2.7858657836914062,-1.138839067493791e-08,-1.138839067493791e-08,0.0,2.0,OPTIMAL,29.1054208278656,19311.968241610382,19132.850986003345,0.009274935281899844,2013.0,8,163679.0,0.0,16.28976311965849,0.0,19311.968241610386
M2__S1__D1__start001__ndays366__20260325T080322Z,M2,S1,D1,331,2024-11-26,2,OPTIMAL,aef,0.5,505380.2471,3.443516969680786,350,0.01,0.0029066250222025405,True,True,False,True,True,346858.8964901894,345850.7077424774,2.0,OPTIMAL,1.7118349075317383,0.0,0.0,0.0,2.0,OPTIMAL,3.4296209812164307,346858.8964901894,345850.7077424774,0.0029066250222025405,2.0,5,19100.0,0.0,1.2956805460321699,1.009596037266781e-06,346858.8964901895
M2__S1__D1__start001__ndays366__20260325T080322Z,M2,S1,D1,332,2024-11-27,2,OPTIMAL,aef,0.5,466938.1724,3.2913119792938232,350,0.01,0.0037948111219156203,True,True,False,True,True,286022.7117956062,284937.30962776375,2.0,OPTIMAL,1.385788917541504,-2.7354360554454615e-08,-2.7354360554454615e-08,0.0,2.0,OPTIMAL,3.2790820598602295,286022.7117956062,284937.30962776375,0.0037948111219156203,35.0,6,19419.0,0.0,1.2578418065542603,0.0,286022.711795606
M2__S1__D1__start001__ndays366__20260325T080322Z,M2,S1,D1,333,2024-11-28,2,OPTIMAL,aef,0.5,450338.16195,6.9531331062316895,350,0.01,0.003431427251647553,True,True,False,True,True,274716.683270024,273774.01295656903,2.0,OPTIMAL,3.5166831016540527,-1.2074394817318534e-08,-1.2074394817318534e-08,0.0,2.0,OPTIMAL,6.923567056655884,274716.683270024,273774.01295656903,0.003431427251647553,193.0,8,35678.0,0.0,2.875399347032105,0.0,274716.6832700241
M2__S1__D1__start001__ndays366__20260325T080322Z,M2,S1,D1,334,2024-11-29,2,OPTIMAL,aef,0.5,484416.7173,3.518580913543701,350,0.01,0.005063670658598943,True,True,False,True,True,311191.61315137934,309615.84131066257,2.0,OPTIMAL,1.0616490840911865,0.0,0.0,0.0,2.0,OPTIMAL,3.500113010406494,311191.61315137934,309615.84131066257,0.005063670658598943,59.0,5,20215.0,0.0,1.2634875686202018,0.0,311191.61315137945
M2__S1__D1__start001__ndays366__20260325T080322Z,M2,S1,D1,335,2024-11-30,2,OPTIMAL,aef,0.5,364001.86075,7.164410829544067,350,0.01,0.006090973134284915,True,True,False,True,True,266009.4596388786,264389.20316675253,2.0,OPTIMAL,3.306971788406372,0.0,0.0,0.0,2.0,OPTIMAL,7.1510679721832275,266009.4596388786,264389.20316675253,0.006090973134284915,193.0,7,33902.0,0.0,2.896684424139109,0.0,266009.45963887864
M2__S1__D1__start001__ndays366__20260325T080322Z,M2,S1,D1,336,2024-12-01,2,OPTIMAL,aef,0.5,415295.7294,4.1122448444366455,350,0.01,0.007796091169695329,True,True,False,True,True,282132.03014288296,279932.5031139978,2.0,OPTIMAL,1.5909738540649414,-1.5898422134341672e-08,-1.5898422134341672e-08,0.0,2.0,OPTIMAL,4.08536696434021,282132.03014288296,279932.5031139978,0.007796091169695329,206.0,8,23853.0,0.0,1.6713424649832476,0.0,282132.0301428829
M2__S1__D1__start001__ndays366__20260325T080322Z,M2,S1,D1,337,2024-12-02,2,OPTIMAL,aef,0.5,575367.20005,4.090160131454468,350,0.01,0.009162767091789014,True,True,False,True,True,363027.95160556654,359701.61103719537,2.0,OPTIMAL,1.8436000347137451,0.0,0.0,0.0,2.0,OPTIMAL,4.076839923858643,363027.95160556654,359701.61103719537,0.009162767091789014,57.0,7,22676.0,0.0,1.52289973186365,0.0,363027.9516055664
M2__S1__D1__start001__ndays366__20260325T080322Z,M2,S1,D1,338,2024-12-03,2,OPTIMAL,aef,0.5,502244.4074,4.960586071014404,350,0.01,0.009784901308904005,True,True,False,True,True,299291.73427789693,296363.194195417,2.0,OPTIMAL,1.0009031295776367,-1.901980795082636e-09,-1.901980795082636e-09,0.0,2.0,OPTIMAL,4.94790506362915,299291.73427789693,296363.194195417,0.009784901308904005,105.0,7,21177.0,0.0,1.6113036305856265,0.0,299291.7342778969
M2__S1__D1__start001__ndays366__20260325T080322Z,M2,S1,D1,339,2024-12-04,2,OPTIMAL,aef,0.5,358878.36199999996,20.645554065704346,350,0.01,0.005953481063197644,True,True,False,True,True,258667.75097704097,257127.7774199392,2.0,OPTIMAL,2.3195080757141113,-2.0516836229944602e-08,-2.0516836229944602e-08,0.0,2.0,OPTIMAL,20.6322340965271,258667.75097704097,257127.7774199392,0.005953481063197644,547.0,4,89951.0,0.0,11.669852126022473,0.0,258667.750977041
M2__S1__D1__start001__ndays366__20260325T080322Z,M2,S1,D1,340,2024-12-05,2,OPTIMAL,aef,0.5,464332.30495,80.3862099647522,350,0.01,0.0053370758376857326,True,True,False,True,True,342580.6010521288,340752.22240379365,2.0,OPTIMAL,77.6636610031128,7.0472196966875345e-09,4.3655745685100555e-11,inf,2.0,OPTIMAL,80.37173891067505,342580.6010521288,340752.22240379365,0.0053370758376857326,1828.0,10,1008409.0,0.0,51.35630282129047,1.0110530502579087e-06,342580.6010521288
M2__S1__D1__start001__ndays366__20260325T080322Z,M2,S1,D1,341,2024-12-06,2,OPTIMAL,aef,0.5,388682.37965,5.7825541496276855,350,0.01,0.00973314538861624,True,True,False,True,True,302153.29187509476,299212.38995562546,2.0,OPTIMAL,1.4665300846099854,-4.888079274678603e-09,-4.888079274678603e-09,0.0,2.0,OPTIMAL,5.761320114135742,302153.29187509476,299212.38995562546,0.00973314538861624,219.0,6,30615.0,0.0,2.038735623151716,0.0,302153.2918750947
M2__S1__D1__start001__ndays366__20260325T080322Z,M2,S1,D1,342,2024-12-07,2,OPTIMAL,aef,0.5,65179.227159999995,16.072556018829346,350,0.01,0.00463472532151818,True,True,False,True,True,33554.286771353276,33398.7718688086,2.0,OPTIMAL,2.6602940559387207,0.0,-1.4551915228366852e-11,0.0,2.0,OPTIMAL,16.0571870803833,33554.286771353276,33398.7718688086,0.00463472532151818,504.0,6,68917.0,0.0,7.8577748946451305,0.0,33554.28677135327
M2__S1__D1__start001__ndays366__20260325T080322Z,M2,S1,D1,343,2024-12-08,2,OPTIMAL,aef,0.5,2469.577667,6.712076902389526,350,0.01,0.004310891737703918,True,True,False,True,True,13272.200344179075,13214.985325374204,2.0,OPTIMAL,1.9707508087158203,-1.5292716284420749e-06,-1.5292753232643008e-06,0.0,2.0,OPTIMAL,6.698202848434448,13272.200344179075,13214.985325374204,0.004310891737703918,285.0,9,51878.0,0.0,3.0635156573030127,0.0,13272.200344179073
M2__S1__D1__start001__ndays366__20260325T080322Z,M2,S1,D1,344,2024-12-09,2,OPTIMAL,aef,0.5,79593.848885,39.74989914894104,350,0.01,0.009954771976068569,True,True,False,True,True,39712.63228455583,39317.30208559362,2.0,OPTIMAL,1.439094066619873,-5.096353916655971e-08,-5.096353916655971e-08,0.0,2.0,OPTIMAL,39.72881317138672,39712.63228455583,39317.30208559362,0.009954771976068569,2276.0,7,213304.0,0.0,21.47214587691397,0.0,39712.632284555824
M2__S1__D1__start001__ndays366__20260325T080322Z,M2,S1,D1,345,2024-12-10,2,OPTIMAL,aef,0.5,517652.25560000003,7.116595983505249,350,0.01,0.00838613812519019,True,True,False,True,True,332763.8104400221,329973.2071626074,2.0,OPTIMAL,4.409434080123901,0.0,0.0,0.0,2.0,OPTIMAL,7.10391902923584,332763.8104400221,329973.2071626074,0.00838613812519019,187.0,9,57632.0,0.0,3.635725900680871,0.0,332763.8104400221
M2__S1__D1__start001__ndays366__20260325T080322Z,M2,S1,D1,346,2024-12-11,2,OPTIMAL,aef,0.5,806592.24715,7.76307487487793,350,0.01,0.007996693272098933,True,True,False,True,True,361535.62179448915,358644.53232006106,2.0,OPTIMAL,4.513081789016724,0.0,0.0,0.0,2.0,OPTIMAL,7.744117975234985,361535.62179448915,358644.53232006106,0.007996693272098933,79.0,8,33497.0,0.0,2.988439357650128,0.0,361535.62179448915
M2__S1__D1__start001__ndays366__20260325T080322Z,M2,S1,D1,347,2024-12-12,2,OPTIMAL,aef,0.5,648049.7716999999,3.878473997116089,350,0.01,0.00960069930422406,True,True,False,True,True,330781.9464172549,327606.2084144369,2.0,OPTIMAL,1.4258038997650146,0.0,0.0,0.0,2.0,OPTIMAL,3.8651349544525146,330781.9464172549,327606.2084144369,0.00960069930422406,26.0,6,19441.0,0.0,1.4396132852547239,1.0006165040936202e-06,330781.9464172549
M2__S1__D1__start001__ndays366__20260325T080322Z,M2,S1,D1,348,2024-12-13,2,OPTIMAL,aef,0.5,692856.8199,3.87532901763916,350,0.01,0.009990436018065964,True,True,False,True,True,344496.6562650438,341054.98446219024,2.0,OPTIMAL,0.9747722148895264,0.0,0.0,0.0,2.0,OPTIMAL,3.8489952087402344,344496.6562650438,341054.98446219024,0.009990436018065964,108.0,8,18616.0,0.0,1.3948218017500997,0.0,344496.6562650436
M2__S1__D1__start001__ndays366__20260325T080322Z,M2,S1,D1,349,2024-12-14,2,OPTIMAL,aef,0.5,473564.80585,5.433520078659058,350,0.01,0.009313988543029722,True,True,False,True,True,289500.5202343147,286804.1157056512,2.0,OPTIMAL,1.019531011581421,0.0,0.0,0.0,2.0,OPTIMAL,5.4102911949157715,289500.5202343147,286804.1157056512,0.009313988543029722,252.0,6,27404.0,0.0,1.8414395846888232,0.0,289500.5202343147
M2__S1__D1__start001__ndays366__20260325T080322Z,M2,S1,D1,350,2024-12-15,2,OPTIMAL,aef,0.5,289339.5536,16.938578128814697,350,0.01,0.004254979237445745,True,True,False,True,True,206315.13091371467,205437.26431530586,2.0,OPTIMAL,1.4484901428222656,-2.2511585484608077e-08,-2.251181285828352e-08,0.0,2.0,OPTIMAL,16.925551176071167,206315.13091371467,205437.26431530586,0.004254979237445745,535.0,2,66056.0,0.0,9.220364058554653,8.588045061677672e-07,206315.13091371465
M2__S1__D1__start001__ndays366__20260325T080322Z,M2,S1,D1,351,2024-12-16,2,OPTIMAL,aef,0.5,420633.12485,11.53698992729187,350,0.01,0.00997719442318377,True,True,False,True,True,264164.15713675367,261528.53998136387,2.0,OPTIMAL,1.854522943496704,-1.2708164831565227e-07,-1.2711097951978445e-07,0.0,2.0,OPTIMAL,11.523452043533325,264164.15713675367,261528.53998136387,0.00997719442318377,291.0,7,54034.0,0.0,5.351793121438579,3.6038367348245975e-05,264164.15713675367
M2__S1__D1__start001__ndays366__20260325T080322Z,M2,S1,D1,352,2024-12-17,2,OPTIMAL,aef,0.5,533820.5586,3.6858129501342773,350,0.01,0.008345425564838315,True,True,False,True,True,306150.1390825496,303595.18588517135,2.0,OPTIMAL,1.3766729831695557,0.0,0.0,0.0,2.0,OPTIMAL,3.6646878719329834,306150.1390825496,303595.18588517135,0.008345425564838315,39.0,8,23546.0,0.0,1.341152565756134,0.0,306150.13908254966
M2__S1__D1__start001__ndays366__20260325T080322Z,M2,S1,D1,353,2024-12-18,2,OPTIMAL,aef,0.5,377360.16115,5.370275974273682,350,0.01,0.00796293624349809,True,True,False,True,True,247603.94017629133,245632.2857870286,2.0,OPTIMAL,0.8451030254364014,-2.233946361229755e-09,-2.233946361229755e-09,0.0,2.0,OPTIMAL,5.350519895553589,247603.94017629133,245632.2857870286,0.00796293624349809,152.0,7,23443.0,0.0,1.9109079964266393,0.0,247603.9401762913
M2__S1__D1__start001__ndays366__20260325T080322Z,M2,S1,D1,354,2024-12-19,2,OPTIMAL,aef,0.5,142886.31115,20.418745040893555,350,0.01,0.0034343807941557038,True,True,False,True,True,72697.75178108532,72448.08001859006,2.0,OPTIMAL,1.354349136352539,-1.2764502343998174e-08,-1.2764502343998174e-08,0.0,2.0,OPTIMAL,20.392959117889404,72697.75178108532,72448.08001859006,0.0034343807941557038,846.0,5,81362.0,0.0,10.298891047361808,3.842325522966706e-06,72697.7517810853
M2__S1__D1__start001__ndays366__20260325T080322Z,M2,S1,D1,355,2024-12-20,2,OPTIMAL,aef,0.5,323624.97775,3.6117889881134033,350,0.01,0.009429603941293066,True,True,False,True,True,265359.73354113474,262857.4963518748,2.0,OPTIMAL,0.7700150012969971,0.0,0.0,0.0,2.0,OPTIMAL,3.5999271869659424,265359.73354113474,262857.4963518748,0.009429603941293066,66.0,4,13889.0,0.0,1.2846207775511564,1.8931414013584272e-06,265359.7335411347
M2__S1__D1__start001__ndays366__20260325T080322Z,M2,S1,D1,356,2024-12-21,2,OPTIMAL,aef,0.5,241942.42825,5.959463834762573,350,0.01,0.009854652440840774,True,True,False,True,True,173195.57628654712,171488.79407795213,2.0,OPTIMAL,1.3096449375152588,0.0,0.0,0.0,2.0,OPTIMAL,5.945847034454346,173195.57628654712,171488.79407795213,0.009854652440840774,241.0,7,28435.0,0.0,2.452131705725301,1.07867810375329e-06,173195.57628654715
M2__S1__D1__start001__ndays366__20260325T080322Z,M2,S1,D1,357,2024-12-22,9,TIME_LIMIT,aef,0.5,117179.8291,350.09442687034607,350,0.01,0.1482312404349389,True,False,True,False,False,71318.75130400297,60747.084331939695,2.0,OPTIMAL,2.561335802078247,-2.4469665049764444e-07,-2.4469665049764444e-07,0.0,9.0,TIME_LIMIT,350.0540177822113,71318.75130400297,60747.084331939695,0.1482312404349389,5999.0,9,1175636.0,0.0,206.48221484319853,7.605279392919329e-07,71318.75130400297
M2__S1__D1__start001__ndays366__20260325T080322Z,M2,S1,D1,358,2024-12-23,2,OPTIMAL,aef,0.5,106319.3925,15.128123998641968,350,0.01,0.0062597455594210205,True,True,False,True,True,29146.876895669528,28964.42486245087,2.0,OPTIMAL,1.4523258209228516,0.0,0.0,0.0,2.0,OPTIMAL,15.100919961929321,29146.876895669528,28964.42486245087,0.0062597455594210205,391.0,8,44408.0,0.0,7.309228013291649,0.0,29146.876895669528
M2__S1__D1__start001__ndays366__20260325T080322Z,M2,S1,D1,359,2024-12-24,2,OPTIMAL,aef,0.5,194588.67015,48.645638942718506,350,0.01,0.0039278502764344275,True,True,False,True,True,148660.57150738803,148076.65504049783,2.0,OPTIMAL,2.6919798851013184,0.0,0.0,0.0,2.0,OPTIMAL,48.611454010009766,148660.57150738803,148076.65504049783,0.0039278502764344275,1373.0,9,255478.0,0.0,29.17741186498006,0.0,148660.57150738803
M2__S1__D1__start001__ndays366__20260325T080322Z,M2,S1,D1,360,2024-12-25,2,OPTIMAL,aef,0.5,255719.2856,7.949115037918091,350,0.01,0.00993693839773905,True,True,False,True,True,213402.59232108426,211282.0239072718,2.0,OPTIMAL,1.39906907081604,-1.6160208815563237e-07,-1.6160208815563237e-07,0.0,2.0,OPTIMAL,7.932045936584473,213402.59232108426,211282.0239072718,0.00993693839773905,309.0,4,45018.0,0.0,3.749798628411919,7.617082948724695e-06,213402.59232108423
M2__S1__D1__start001__ndays366__20260325T080322Z,M2,S1,D1,361,2024-12-26,2,OPTIMAL,aef,0.5,405337.54325,3.892772912979126,350,0.01,0.007946184935896558,True,True,False,True,True,337165.73981336853,334486.5584907631,2.0,OPTIMAL,1.121717929840088,-1.5949808584991843e-08,-1.5949808584991843e-08,0.0,2.0,OPTIMAL,3.8719029426574707,337165.73981336853,334486.5584907631,0.007946184935896558,84.0,7,19048.0,0.0,1.3828005836842865,0.0,337165.73981336853
M2__S1__D1__start001__ndays366__20260325T080322Z,M2,S1,D1,362,2024-12-27,2,OPTIMAL,aef,0.5,393372.51954999997,6.26216721534729,350,0.01,0.00897970776575329,True,True,False,True,True,303012.55575488304,300291.59155485017,2.0,OPTIMAL,2.3625800609588623,0.0,-2.9103830456733704e-11,0.0,2.0,OPTIMAL,6.240785121917725,303012.55575488304,300291.59155485017,0.00897970776575329,190.0,6,35840.0,0.0,2.722735819206071,1.0279819335595031e-06,303012.55575488304
M2__S1__D1__start001__ndays366__20260325T080322Z,M2,S1,D1,363,2024-12-28,2,OPTIMAL,aef,0.5,355417.96695000003,3.9317309856414795,350,0.01,0.009553830691886566,True,True,False,True,True,260164.0877166879,257678.52407053355,2.0,OPTIMAL,1.8977711200714111,3.108750652736081e-09,1.4551915228366852e-11,inf,2.0,OPTIMAL,3.9148950576782227,260164.0877166879,257678.52407053355,0.009553830691886566,54.0,5,17647.0,0.0,1.3698726076017933,1.3893454904187295e-06,260164.0877166879
M2__S1__D1__start001__ndays366__20260325T080322Z,M2,S1,D1,364,2024-12-29,2,OPTIMAL,aef,0.5,365092.11655000004,4.438941955566406,350,0.01,0.006196118851876697,True,True,False,True,True,281150.69697946485,279408.6538456921,2.0,OPTIMAL,0.8746740818023682,-1.1050360626541078e-09,-1.1050360626541078e-09,0.0,2.0,OPTIMAL,4.4288411140441895,281150.69697946485,279408.6538456921,0.006196118851876697,147.0,5,33823.0,0.0,2.361573426871494,0.0,281150.6969794648
M2__S1__D1__start001__ndays366__20260325T080322Z,M2,S1,D1,365,2024-12-30,2,OPTIMAL,aef,0.5,498926.06305,4.796237945556641,350,0.01,0.00543851208087036,True,True,False,True,True,342734.3686272207,340870.403622912,2.0,OPTIMAL,1.6144709587097168,0.0,0.0,0.0,2.0,OPTIMAL,4.783404111862183,342734.3686272207,340870.403622912,0.00543851208087036,174.0,7,28018.0,15.0,1.8608031988900509,0.0,342734.36862722074
M2__S1__D1__start001__ndays366__20260325T080322Z,M2,S1,D1,366,2024-12-31,2,OPTIMAL,aef,0.5,502628.82999999996,13.479895114898682,350,0.01,0.0017539465136864728,True,True,False,True,True,339665.78343571385,339070.02781903825,2.0,OPTIMAL,1.4931960105895996,0.0,0.0,0.0,2.0,OPTIMAL,13.450011014938354,339665.78343571385,339070.02781903825,0.0017539465136864728,417.0,6,39612.0,0.0,5.794765747443219,0.0,339665.7834357139
