datetime_utc,v100
2024-01-01 00:00:00+00:00,0.148103
2024-01-01 01:00:00+00:00,0.07670653333333334
2024-01-01 02:00:00+00:00,0.0053100666666666685
2024-01-01 03:00:00+00:00,-0.0660864
2024-01-01 04:00:00+00:00,-0.22403793333333333
2024-01-01 05:00:00+00:00,-0.38198946666666667
2024-01-01 06:00:00+00:00,-0.539941
2024-01-01 07:00:00+00:00,-0.3079343333333333
2024-01-01 08:00:00+00:00,-0.07592766666666667
2024-01-01 09:00:00+00:00,0.156079
2024-01-01 10:00:00+00:00,0.352307
2024-01-01 11:00:00+00:00,0.548535
2024-01-01 12:00:00+00:00,0.744763
2024-01-01 13:00:00+00:00,1.2547353333333333
2024-01-01 14:00:00+00:00,1.7647076666666668
2024-01-01 15:00:00+00:00,2.27468
2024-01-01 16:00:00+00:00,2.6709533333333333
2024-01-01 17:00:00+00:00,3.0672266666666665
2024-01-01 18:00:00+00:00,3.4635
2024-01-01 19:00:00+00:00,3.62547
2024-01-01 20:00:00+00:00,3.7874399999999997
2024-01-01 21:00:00+00:00,3.94941
2024-01-01 22:00:00+00:00,3.742293333333333
2024-01-01 23:00:00+00:00,3.5351766666666666
2024-01-02 00:00:00+00:00,3.32806
2024-01-02 01:00:00+00:00,3.135933333333333
2024-01-02 02:00:00+00:00,2.9438066666666667
2024-01-02 03:00:00+00:00,2.75168
2024-01-02 04:00:00+00:00,2.8222199999999997
2024-01-02 05:00:00+00:00,2.89276
2024-01-02 06:00:00+00:00,2.9633
2024-01-02 07:00:00+00:00,3.2719533333333333
2024-01-02 08:00:00+00:00,3.5806066666666667
2024-01-02 09:00:00+00:00,3.88926
2024-01-02 10:00:00+00:00,3.9169533333333333
2024-01-02 11:00:00+00:00,3.944646666666667
2024-01-02 12:00:00+00:00,3.97234
2024-01-02 13:00:00+00:00,4.017046666666666
2024-01-02 14:00:00+00:00,4.061753333333334
2024-01-02 15:00:00+00:00,4.10646
2024-01-02 16:00:00+00:00,3.997106666666667
2024-01-02 17:00:00+00:00,3.8877533333333334
2024-01-02 18:00:00+00:00,3.7784
2024-01-02 19:00:00+00:00,3.8964233333333333
2024-01-02 20:00:00+00:00,4.014446666666666
2024-01-02 21:00:00+00:00,4.13247
2024-01-02 22:00:00+00:00,4.310136666666667
2024-01-02 23:00:00+00:00,4.487803333333333
2024-01-03 00:00:00+00:00,4.66547
2024-01-03 01:00:00+00:00,4.8042533333333335
2024-01-03 02:00:00+00:00,4.943036666666666
2024-01-03 03:00:00+00:00,5.08182
2024-01-03 04:00:00+00:00,5.264406666666666
2024-01-03 05:00:00+00:00,5.446993333333333
2024-01-03 06:00:00+00:00,5.62958
2024-01-03 07:00:00+00:00,4.741183333333333
2024-01-03 08:00:00+00:00,3.852786666666667
2024-01-03 09:00:00+00:00,2.96439
2024-01-03 10:00:00+00:00,3.188363333333333
2024-01-03 11:00:00+00:00,3.4123366666666666
2024-01-03 12:00:00+00:00,3.63631
2024-01-03 13:00:00+00:00,4.5663
2024-01-03 14:00:00+00:00,5.49629
2024-01-03 15:00:00+00:00,6.42628
2024-01-03 16:00:00+00:00,5.96522
2024-01-03 17:00:00+00:00,5.50416
2024-01-03 18:00:00+00:00,5.0431
2024-01-03 19:00:00+00:00,4.48225
2024-01-03 20:00:00+00:00,3.9214
2024-01-03 21:00:00+00:00,3.36055
2024-01-03 22:00:00+00:00,3.15754
2024-01-03 23:00:00+00:00,2.95453
2024-01-04 00:00:00+00:00,2.75152
2024-01-04 01:00:00+00:00,2.9954933333333336
2024-01-04 02:00:00+00:00,3.2394666666666665
2024-01-04 03:00:00+00:00,3.48344
2024-01-04 04:00:00+00:00,3.5814399999999997
2024-01-04 05:00:00+00:00,3.67944
2024-01-04 06:00:00+00:00,3.77744
2024-01-04 07:00:00+00:00,3.7661766666666665
2024-01-04 08:00:00+00:00,3.7549133333333335
2024-01-04 09:00:00+00:00,3.74365
2024-01-04 10:00:00+00:00,3.65013
2024-01-04 11:00:00+00:00,3.55661
2024-01-04 12:00:00+00:00,3.46309
2024-01-04 13:00:00+00:00,2.7992999999999997
2024-01-04 14:00:00+00:00,2.13551
2024-01-04 15:00:00+00:00,1.47172
2024-01-04 16:00:00+00:00,1.4775233333333333
2024-01-04 17:00:00+00:00,1.4833266666666667
2024-01-04 18:00:00+00:00,1.48913
2024-01-04 19:00:00+00:00,2.1922533333333334
2024-01-04 20:00:00+00:00,2.895376666666667
2024-01-04 21:00:00+00:00,3.5985
2024-01-04 22:00:00+00:00,3.46625
2024-01-04 23:00:00+00:00,3.334
2024-01-05 00:00:00+00:00,3.20175
2024-01-05 01:00:00+00:00,2.3208176666666667
2024-01-05 02:00:00+00:00,1.4398853333333335
2024-01-05 03:00:00+00:00,0.558953
2024-01-05 04:00:00+00:00,-1.1378513333333333
2024-01-05 05:00:00+00:00,-2.8346556666666665
2024-01-05 06:00:00+00:00,-4.53146
2024-01-05 07:00:00+00:00,-5.305083333333333
2024-01-05 08:00:00+00:00,-6.078706666666667
2024-01-05 09:00:00+00:00,-6.85233
2024-01-05 10:00:00+00:00,-7.6095733333333335
2024-01-05 11:00:00+00:00,-8.366816666666667
2024-01-05 12:00:00+00:00,-9.12406
2024-01-05 13:00:00+00:00,-8.735836666666668
2024-01-05 14:00:00+00:00,-8.347613333333333
2024-01-05 15:00:00+00:00,-7.95939
2024-01-05 16:00:00+00:00,-7.30082
2024-01-05 17:00:00+00:00,-6.64225
2024-01-05 18:00:00+00:00,-5.98368
2024-01-05 19:00:00+00:00,-5.3835733333333335
2024-01-05 20:00:00+00:00,-4.7834666666666665
2024-01-05 21:00:00+00:00,-4.18336
2024-01-05 22:00:00+00:00,-4.671766666666667
2024-01-05 23:00:00+00:00,-5.160173333333334
2024-01-06 00:00:00+00:00,-5.64858
2024-01-06 01:00:00+00:00,-5.001353333333333
2024-01-06 02:00:00+00:00,-4.354126666666667
2024-01-06 03:00:00+00:00,-3.7069
2024-01-06 04:00:00+00:00,-4.478846666666667
2024-01-06 05:00:00+00:00,-5.250793333333333
2024-01-06 06:00:00+00:00,-6.02274
2024-01-06 07:00:00+00:00,-5.4551066666666665
2024-01-06 08:00:00+00:00,-4.887473333333333
2024-01-06 09:00:00+00:00,-4.31984
2024-01-06 10:00:00+00:00,-5.1652000000000005
2024-01-06 11:00:00+00:00,-6.01056
2024-01-06 12:00:00+00:00,-6.85592
2024-01-06 13:00:00+00:00,-6.99966
2024-01-06 14:00:00+00:00,-7.1434
2024-01-06 15:00:00+00:00,-7.28714
2024-01-06 16:00:00+00:00,-6.233303333333334
2024-01-06 17:00:00+00:00,-5.179466666666666
2024-01-06 18:00:00+00:00,-4.12563
2024-01-06 19:00:00+00:00,-4.980226666666667
2024-01-06 20:00:00+00:00,-5.8348233333333335
2024-01-06 21:00:00+00:00,-6.68942
2024-01-06 22:00:00+00:00,-6.239203333333333
2024-01-06 23:00:00+00:00,-5.788986666666667
2024-01-07 00:00:00+00:00,-5.33877
2024-01-07 01:00:00+00:00,-5.209583333333334
2024-01-07 02:00:00+00:00,-5.080396666666666
2024-01-07 03:00:00+00:00,-4.95121
2024-01-07 04:00:00+00:00,-4.5529633333333335
2024-01-07 05:00:00+00:00,-4.154716666666666
2024-01-07 06:00:00+00:00,-3.75647
2024-01-07 07:00:00+00:00,-3.21118
2024-01-07 08:00:00+00:00,-2.66589
2024-01-07 09:00:00+00:00,-2.1206
2024-01-07 10:00:00+00:00,-1.494753
2024-01-07 11:00:00+00:00,-0.868906
2024-01-07 12:00:00+00:00,-0.243059
2024-01-07 13:00:00+00:00,-0.5399826666666666
2024-01-07 14:00:00+00:00,-0.8369063333333333
2024-01-07 15:00:00+00:00,-1.13383
2024-01-07 16:00:00+00:00,-0.9147016666666666
2024-01-07 17:00:00+00:00,-0.6955733333333334
2024-01-07 18:00:00+00:00,-0.476445
2024-01-07 19:00:00+00:00,-1.2311933333333331
2024-01-07 20:00:00+00:00,-1.9859416666666665
2024-01-07 21:00:00+00:00,-2.74069
2024-01-07 22:00:00+00:00,-2.5704833333333332
2024-01-07 23:00:00+00:00,-2.4002766666666666
2024-01-08 00:00:00+00:00,-2.23007
2024-01-08 01:00:00+00:00,-2.1634
2024-01-08 02:00:00+00:00,-2.09673
2024-01-08 03:00:00+00:00,-2.03006
2024-01-08 04:00:00+00:00,-1.7529433333333335
2024-01-08 05:00:00+00:00,-1.4758266666666668
2024-01-08 06:00:00+00:00,-1.19871
2024-01-08 07:00:00+00:00,-0.9065276666666666
2024-01-08 08:00:00+00:00,-0.6143453333333333
2024-01-08 09:00:00+00:00,-0.322163
2024-01-08 10:00:00+00:00,-0.03733866666666669
2024-01-08 11:00:00+00:00,0.2474856666666666
2024-01-08 12:00:00+00:00,0.53231
2024-01-08 13:00:00+00:00,0.8065633333333333
2024-01-08 14:00:00+00:00,1.0808166666666668
2024-01-08 15:00:00+00:00,1.35507
2024-01-08 16:00:00+00:00,1.44456
2024-01-08 17:00:00+00:00,1.53405
2024-01-08 18:00:00+00:00,1.62354
2024-01-08 19:00:00+00:00,1.5645233333333333
2024-01-08 20:00:00+00:00,1.5055066666666668
2024-01-08 21:00:00+00:00,1.44649
2024-01-08 22:00:00+00:00,1.73409
2024-01-08 23:00:00+00:00,2.02169
2024-01-09 00:00:00+00:00,2.30929
2024-01-09 01:00:00+00:00,1.731194
2024-01-09 02:00:00+00:00,1.153098
2024-01-09 03:00:00+00:00,0.575002
2024-01-09 04:00:00+00:00,0.5952226666666667
2024-01-09 05:00:00+00:00,0.6154433333333333
2024-01-09 06:00:00+00:00,0.635664
2024-01-09 07:00:00+00:00,0.850586
2024-01-09 08:00:00+00:00,1.065508
2024-01-09 09:00:00+00:00,1.28043
2024-01-09 10:00:00+00:00,0.7402183333333333
2024-01-09 11:00:00+00:00,0.20000666666666667
2024-01-09 12:00:00+00:00,-0.340205
2024-01-09 13:00:00+00:00,-0.3038703333333333
2024-01-09 14:00:00+00:00,-0.26753566666666667
2024-01-09 15:00:00+00:00,-0.231201
2024-01-09 16:00:00+00:00,-0.275734
2024-01-09 17:00:00+00:00,-0.320267
2024-01-09 18:00:00+00:00,-0.3648
2024-01-09 19:00:00+00:00,-0.3851676666666667
2024-01-09 20:00:00+00:00,-0.4055353333333333
2024-01-09 21:00:00+00:00,-0.425903
2024-01-09 22:00:00+00:00,-0.2997109
2024-01-09 23:00:00+00:00,-0.17351879999999997
2024-01-10 00:00:00+00:00,-0.0473267
2024-01-10 01:00:00+00:00,0.3967822
2024-01-10 02:00:00+00:00,0.8408910999999999
2024-01-10 03:00:00+00:00,1.285
2024-01-10 04:00:00+00:00,1.3199433333333332
2024-01-10 05:00:00+00:00,1.3548866666666666
2024-01-10 06:00:00+00:00,1.38983
2024-01-10 07:00:00+00:00,1.7569633333333332
2024-01-10 08:00:00+00:00,2.1240966666666665
2024-01-10 09:00:00+00:00,2.49123
2024-01-10 10:00:00+00:00,2.931583333333333
2024-01-10 11:00:00+00:00,3.3719366666666666
2024-01-10 12:00:00+00:00,3.81229
2024-01-10 13:00:00+00:00,3.09047
2024-01-10 14:00:00+00:00,2.3686499999999997
2024-01-10 15:00:00+00:00,1.64683
2024-01-10 16:00:00+00:00,1.6353366666666667
2024-01-10 17:00:00+00:00,1.6238433333333333
2024-01-10 18:00:00+00:00,1.61235
2024-01-10 19:00:00+00:00,1.373611
2024-01-10 20:00:00+00:00,1.1348719999999999
2024-01-10 21:00:00+00:00,0.896133
2024-01-10 22:00:00+00:00,-0.7948746666666667
2024-01-10 23:00:00+00:00,-2.4858823333333335
2024-01-11 00:00:00+00:00,-4.17689
2024-01-11 01:00:00+00:00,-4.2385166666666665
2024-01-11 02:00:00+00:00,-4.300143333333334
2024-01-11 03:00:00+00:00,-4.36177
2024-01-11 04:00:00+00:00,-3.2590199999999996
2024-01-11 05:00:00+00:00,-2.1562699999999997
2024-01-11 06:00:00+00:00,-1.05352
2024-01-11 07:00:00+00:00,-1.8149333333333333
2024-01-11 08:00:00+00:00,-2.5763466666666663
2024-01-11 09:00:00+00:00,-3.33776
2024-01-11 10:00:00+00:00,-2.8292966666666666
2024-01-11 11:00:00+00:00,-2.3208333333333333
2024-01-11 12:00:00+00:00,-1.81237
2024-01-11 13:00:00+00:00,-1.5807933333333333
2024-01-11 14:00:00+00:00,-1.3492166666666667
2024-01-11 15:00:00+00:00,-1.11764
2024-01-11 16:00:00+00:00,-1.058832
2024-01-11 17:00:00+00:00,-1.000024
2024-01-11 18:00:00+00:00,-0.941216
2024-01-11 19:00:00+00:00,-1.6047506666666669
2024-01-11 20:00:00+00:00,-2.2682853333333335
2024-01-11 21:00:00+00:00,-2.93182
2024-01-11 22:00:00+00:00,-3.1144933333333333
2024-01-11 23:00:00+00:00,-3.2971666666666666
2024-01-12 00:00:00+00:00,-3.47984
2024-01-12 01:00:00+00:00,-3.780343333333333
2024-01-12 02:00:00+00:00,-4.080846666666667
2024-01-12 03:00:00+00:00,-4.38135
2024-01-12 04:00:00+00:00,-3.980266666666667
2024-01-12 05:00:00+00:00,-3.5791833333333334
2024-01-12 06:00:00+00:00,-3.1781
2024-01-12 07:00:00+00:00,-2.7421266666666666
2024-01-12 08:00:00+00:00,-2.3061533333333335
2024-01-12 09:00:00+00:00,-1.87018
2024-01-12 10:00:00+00:00,-1.3538236666666665
2024-01-12 11:00:00+00:00,-0.8374673333333333
2024-01-12 12:00:00+00:00,-0.321111
2024-01-12 13:00:00+00:00,-0.540354
2024-01-12 14:00:00+00:00,-0.759597
2024-01-12 15:00:00+00:00,-0.97884
2024-01-12 16:00:00+00:00,-1.69843
2024-01-12 17:00:00+00:00,-2.4180200000000003
2024-01-12 18:00:00+00:00,-3.13761
2024-01-12 19:00:00+00:00,-3.3153
2024-01-12 20:00:00+00:00,-3.49299
2024-01-12 21:00:00+00:00,-3.67068
2024-01-12 22:00:00+00:00,-2.9003099999999997
2024-01-12 23:00:00+00:00,-2.1299399999999995
2024-01-13 00:00:00+00:00,-1.35957
2024-01-13 01:00:00+00:00,-1.3271633333333333
2024-01-13 02:00:00+00:00,-1.2947566666666668
2024-01-13 03:00:00+00:00,-1.26235
2024-01-13 04:00:00+00:00,-1.1901766666666667
2024-01-13 05:00:00+00:00,-1.1180033333333335
2024-01-13 06:00:00+00:00,-1.04583
2024-01-13 07:00:00+00:00,-0.7104638000000001
2024-01-13 08:00:00+00:00,-0.37509760000000003
2024-01-13 09:00:00+00:00,-0.0397314
2024-01-13 10:00:00+00:00,-0.04712316666666667
2024-01-13 11:00:00+00:00,-0.054514933333333335
2024-01-13 12:00:00+00:00,-0.0619067
2024-01-13 13:00:00+00:00,0.4673588666666667
2024-01-13 14:00:00+00:00,0.9966244333333334
2024-01-13 15:00:00+00:00,1.52589
2024-01-13 16:00:00+00:00,1.2492766666666666
2024-01-13 17:00:00+00:00,0.9726633333333333
2024-01-13 18:00:00+00:00,0.69605
2024-01-13 19:00:00+00:00,0.7907896666666666
2024-01-13 20:00:00+00:00,0.8855293333333333
2024-01-13 21:00:00+00:00,0.980269
2024-01-13 22:00:00+00:00,0.6427265333333333
2024-01-13 23:00:00+00:00,0.30518406666666664
2024-01-14 00:00:00+00:00,-0.0323584
2024-01-14 01:00:00+00:00,0.4191644
2024-01-14 02:00:00+00:00,0.8706872
2024-01-14 03:00:00+00:00,1.32221
2024-01-14 04:00:00+00:00,0.6315076666666668
2024-01-14 05:00:00+00:00,-0.05919466666666651
2024-01-14 06:00:00+00:00,-0.749897
2024-01-14 07:00:00+00:00,0.1627386666666666
2024-01-14 08:00:00+00:00,1.0753743333333332
2024-01-14 09:00:00+00:00,1.98801
2024-01-14 10:00:00+00:00,2.252546666666667
2024-01-14 11:00:00+00:00,2.5170833333333333
2024-01-14 12:00:00+00:00,2.78162
2024-01-14 13:00:00+00:00,2.6036566666666667
2024-01-14 14:00:00+00:00,2.4256933333333333
2024-01-14 15:00:00+00:00,2.24773
2024-01-14 16:00:00+00:00,2.538003333333333
2024-01-14 17:00:00+00:00,2.8282766666666666
2024-01-14 18:00:00+00:00,3.11855
2024-01-14 19:00:00+00:00,3.1914
2024-01-14 20:00:00+00:00,3.26425
2024-01-14 21:00:00+00:00,3.3371
2024-01-14 22:00:00+00:00,3.26212
2024-01-14 23:00:00+00:00,3.18714
2024-01-15 00:00:00+00:00,3.11216
2024-01-15 01:00:00+00:00,3.100223333333333
2024-01-15 02:00:00+00:00,3.088286666666667
2024-01-15 03:00:00+00:00,3.07635
2024-01-15 04:00:00+00:00,3.025506666666667
2024-01-15 05:00:00+00:00,2.9746633333333334
2024-01-15 06:00:00+00:00,2.92382
2024-01-15 07:00:00+00:00,3.198586666666667
2024-01-15 08:00:00+00:00,3.4733533333333333
2024-01-15 09:00:00+00:00,3.74812
2024-01-15 10:00:00+00:00,4.054046666666666
2024-01-15 11:00:00+00:00,4.3599733333333335
2024-01-15 12:00:00+00:00,4.6659
2024-01-15 13:00:00+00:00,4.408833333333333
2024-01-15 14:00:00+00:00,4.151766666666666
2024-01-15 15:00:00+00:00,3.8947
2024-01-15 16:00:00+00:00,4.070313333333333
2024-01-15 17:00:00+00:00,4.245926666666667
2024-01-15 18:00:00+00:00,4.42154
2024-01-15 19:00:00+00:00,4.919086666666667
2024-01-15 20:00:00+00:00,5.416633333333333
2024-01-15 21:00:00+00:00,5.91418
2024-01-15 22:00:00+00:00,5.930016666666667
2024-01-15 23:00:00+00:00,5.945853333333333
2024-01-16 00:00:00+00:00,5.96169
2024-01-16 01:00:00+00:00,5.751876666666667
2024-01-16 02:00:00+00:00,5.542063333333333
2024-01-16 03:00:00+00:00,5.33225
2024-01-16 04:00:00+00:00,5.331496666666666
2024-01-16 05:00:00+00:00,5.330743333333333
2024-01-16 06:00:00+00:00,5.32999
2024-01-16 07:00:00+00:00,5.21458
2024-01-16 08:00:00+00:00,5.09917
2024-01-16 09:00:00+00:00,4.98376
2024-01-16 10:00:00+00:00,5.176113333333333
2024-01-16 11:00:00+00:00,5.3684666666666665
2024-01-16 12:00:00+00:00,5.56082
2024-01-16 13:00:00+00:00,5.915393333333333
2024-01-16 14:00:00+00:00,6.269966666666666
2024-01-16 15:00:00+00:00,6.62454
2024-01-16 16:00:00+00:00,7.283456666666667
2024-01-16 17:00:00+00:00,7.942373333333333
2024-01-16 18:00:00+00:00,8.60129
2024-01-16 19:00:00+00:00,9.25126
2024-01-16 20:00:00+00:00,9.90123
2024-01-16 21:00:00+00:00,10.5512
2024-01-16 22:00:00+00:00,11.1076
2024-01-16 23:00:00+00:00,11.664
2024-01-17 00:00:00+00:00,12.2204
2024-01-17 01:00:00+00:00,12.118766666666666
2024-01-17 02:00:00+00:00,12.017133333333334
2024-01-17 03:00:00+00:00,11.9155
2024-01-17 04:00:00+00:00,12.526266666666666
2024-01-17 05:00:00+00:00,13.137033333333333
2024-01-17 06:00:00+00:00,13.7478
2024-01-17 07:00:00+00:00,12.546233333333333
2024-01-17 08:00:00+00:00,11.344666666666667
2024-01-17 09:00:00+00:00,10.1431
2024-01-17 10:00:00+00:00,9.799656666666667
2024-01-17 11:00:00+00:00,9.456213333333332
2024-01-17 12:00:00+00:00,9.11277
2024-01-17 13:00:00+00:00,9.29515
2024-01-17 14:00:00+00:00,9.47753
2024-01-17 15:00:00+00:00,9.65991
2024-01-17 16:00:00+00:00,9.37411
2024-01-17 17:00:00+00:00,9.08831
2024-01-17 18:00:00+00:00,8.80251
2024-01-17 19:00:00+00:00,8.788046666666666
2024-01-17 20:00:00+00:00,8.773583333333333
2024-01-17 21:00:00+00:00,8.75912
2024-01-17 22:00:00+00:00,8.619043333333332
2024-01-17 23:00:00+00:00,8.478966666666667
2024-01-18 00:00:00+00:00,8.33889
2024-01-18 01:00:00+00:00,8.022406666666665
2024-01-18 02:00:00+00:00,7.705923333333333
2024-01-18 03:00:00+00:00,7.38944
2024-01-18 04:00:00+00:00,7.428719999999999
2024-01-18 05:00:00+00:00,7.468
2024-01-18 06:00:00+00:00,7.50728
2024-01-18 07:00:00+00:00,7.335459999999999
2024-01-18 08:00:00+00:00,7.16364
2024-01-18 09:00:00+00:00,6.99182
2024-01-18 10:00:00+00:00,6.448066666666667
2024-01-18 11:00:00+00:00,5.9043133333333335
2024-01-18 12:00:00+00:00,5.36056
2024-01-18 13:00:00+00:00,5.135113333333334
2024-01-18 14:00:00+00:00,4.909666666666666
2024-01-18 15:00:00+00:00,4.68422
2024-01-18 16:00:00+00:00,4.3660266666666665
2024-01-18 17:00:00+00:00,4.047833333333333
2024-01-18 18:00:00+00:00,3.72964
2024-01-18 19:00:00+00:00,3.4457766666666667
2024-01-18 20:00:00+00:00,3.161913333333333
2024-01-18 21:00:00+00:00,2.87805
2024-01-18 22:00:00+00:00,1.8587
2024-01-18 23:00:00+00:00,0.83935
2024-01-19 00:00:00+00:00,-0.18
2024-01-19 01:00:00+00:00,-0.274555
2024-01-19 02:00:00+00:00,-0.36911
2024-01-19 03:00:00+00:00,-0.463665
2024-01-19 04:00:00+00:00,-2.111413333333333
2024-01-19 05:00:00+00:00,-3.7591616666666665
2024-01-19 06:00:00+00:00,-5.40691
2024-01-19 07:00:00+00:00,-6.919406666666666
2024-01-19 08:00:00+00:00,-8.431903333333333
2024-01-19 09:00:00+00:00,-9.9444
2024-01-19 10:00:00+00:00,-9.58434
2024-01-19 11:00:00+00:00,-9.22428
2024-01-19 12:00:00+00:00,-8.86422
2024-01-19 13:00:00+00:00,-9.561746666666666
2024-01-19 14:00:00+00:00,-10.259273333333333
2024-01-19 15:00:00+00:00,-10.9568
2024-01-19 16:00:00+00:00,-11.215133333333332
2024-01-19 17:00:00+00:00,-11.473466666666667
2024-01-19 18:00:00+00:00,-11.7318
2024-01-19 19:00:00+00:00,-11.08728
2024-01-19 20:00:00+00:00,-10.44276
2024-01-19 21:00:00+00:00,-9.79824
2024-01-19 22:00:00+00:00,-8.840956666666667
2024-01-19 23:00:00+00:00,-7.883673333333333
2024-01-20 00:00:00+00:00,-6.92639
2024-01-20 01:00:00+00:00,-6.542186666666667
2024-01-20 02:00:00+00:00,-6.157983333333333
2024-01-20 03:00:00+00:00,-5.77378
2024-01-20 04:00:00+00:00,-5.417086666666667
2024-01-20 05:00:00+00:00,-5.060393333333334
2024-01-20 06:00:00+00:00,-4.7037
2024-01-20 07:00:00+00:00,-4.135206666666667
2024-01-20 08:00:00+00:00,-3.5667133333333334
2024-01-20 09:00:00+00:00,-2.99822
2024-01-20 10:00:00+00:00,-2.43451
2024-01-20 11:00:00+00:00,-1.8708
2024-01-20 12:00:00+00:00,-1.30709
2024-01-20 13:00:00+00:00,-1.137837
2024-01-20 14:00:00+00:00,-0.9685840000000001
2024-01-20 15:00:00+00:00,-0.799331
2024-01-20 16:00:00+00:00,-0.6072826666666666
2024-01-20 17:00:00+00:00,-0.4152343333333333
2024-01-20 18:00:00+00:00,-0.223186
2024-01-20 19:00:00+00:00,-0.09290999999999999
2024-01-20 20:00:00+00:00,0.03736600000000001
2024-01-20 21:00:00+00:00,0.167642
2024-01-20 22:00:00+00:00,-0.41806533333333334
2024-01-20 23:00:00+00:00,-1.0037726666666666
2024-01-21 00:00:00+00:00,-1.58948
2024-01-21 01:00:00+00:00,-0.8028386666666667
2024-01-21 02:00:00+00:00,-0.016197333333333397
2024-01-21 03:00:00+00:00,0.770444
2024-01-21 04:00:00+00:00,0.158076
2024-01-21 05:00:00+00:00,-0.45429200000000003
2024-01-21 06:00:00+00:00,-1.06666
2024-01-21 07:00:00+00:00,-0.7960783333333332
2024-01-21 08:00:00+00:00,-0.5254966666666666
2024-01-21 09:00:00+00:00,-0.254915
2024-01-21 10:00:00+00:00,-0.03635433333333335
2024-01-21 11:00:00+00:00,0.1822063333333333
2024-01-21 12:00:00+00:00,0.400767
2024-01-21 13:00:00+00:00,0.377222
2024-01-21 14:00:00+00:00,0.35367699999999996
2024-01-21 15:00:00+00:00,0.330132
2024-01-21 16:00:00+00:00,0.485097
2024-01-21 17:00:00+00:00,0.640062
2024-01-21 18:00:00+00:00,0.795027
2024-01-21 19:00:00+00:00,1.0583446666666667
2024-01-21 20:00:00+00:00,1.3216623333333333
2024-01-21 21:00:00+00:00,1.58498
2024-01-21 22:00:00+00:00,1.51035
2024-01-21 23:00:00+00:00,1.4357199999999999
2024-01-22 00:00:00+00:00,1.36109
2024-01-22 01:00:00+00:00,1.3207833333333332
2024-01-22 02:00:00+00:00,1.2804766666666667
2024-01-22 03:00:00+00:00,1.24017
2024-01-22 04:00:00+00:00,1.1711799999999999
2024-01-22 05:00:00+00:00,1.10219
2024-01-22 06:00:00+00:00,1.0332
2024-01-22 07:00:00+00:00,1.0503666666666667
2024-01-22 08:00:00+00:00,1.0675333333333332
2024-01-22 09:00:00+00:00,1.0847
2024-01-22 10:00:00+00:00,1.25644
2024-01-22 11:00:00+00:00,1.42818
2024-01-22 12:00:00+00:00,1.59992
2024-01-22 13:00:00+00:00,1.4401833333333334
2024-01-22 14:00:00+00:00,1.2804466666666667
2024-01-22 15:00:00+00:00,1.12071
2024-01-22 16:00:00+00:00,1.3339233333333333
2024-01-22 17:00:00+00:00,1.5471366666666668
2024-01-22 18:00:00+00:00,1.76035
2024-01-22 19:00:00+00:00,0.8988523333333334
2024-01-22 20:00:00+00:00,0.03735466666666665
2024-01-22 21:00:00+00:00,-0.824143
2024-01-22 22:00:00+00:00,-0.787075
2024-01-22 23:00:00+00:00,-0.750007
2024-01-23 00:00:00+00:00,-0.712939
2024-01-23 01:00:00+00:00,-0.764941
2024-01-23 02:00:00+00:00,-0.816943
2024-01-23 03:00:00+00:00,-0.868945
2024-01-23 04:00:00+00:00,-0.7934406666666667
2024-01-23 05:00:00+00:00,-0.7179363333333333
2024-01-23 06:00:00+00:00,-0.642432
2024-01-23 07:00:00+00:00,-0.5381203333333333
2024-01-23 08:00:00+00:00,-0.4338086666666666
2024-01-23 09:00:00+00:00,-0.329497
2024-01-23 10:00:00+00:00,-0.4606256666666667
2024-01-23 11:00:00+00:00,-0.5917543333333334
2024-01-23 12:00:00+00:00,-0.722883
2024-01-23 13:00:00+00:00,-0.5625870000000001
2024-01-23 14:00:00+00:00,-0.402291
2024-01-23 15:00:00+00:00,-0.241995
2024-01-23 16:00:00+00:00,-0.438838
2024-01-23 17:00:00+00:00,-0.635681
2024-01-23 18:00:00+00:00,-0.832524
2024-01-23 19:00:00+00:00,-1.0121693333333333
2024-01-23 20:00:00+00:00,-1.1918146666666667
2024-01-23 21:00:00+00:00,-1.37146
2024-01-23 22:00:00+00:00,-1.4276933333333333
2024-01-23 23:00:00+00:00,-1.4839266666666666
2024-01-24 00:00:00+00:00,-1.54016
2024-01-24 01:00:00+00:00,-1.7696333333333334
2024-01-24 02:00:00+00:00,-1.9991066666666666
2024-01-24 03:00:00+00:00,-2.22858
2024-01-24 04:00:00+00:00,-2.0366333333333335
2024-01-24 05:00:00+00:00,-1.8446866666666668
2024-01-24 06:00:00+00:00,-1.65274
2024-01-24 07:00:00+00:00,-1.5427833333333334
2024-01-24 08:00:00+00:00,-1.4328266666666667
2024-01-24 09:00:00+00:00,-1.32287
2024-01-24 10:00:00+00:00,-1.1422576666666666
2024-01-24 11:00:00+00:00,-0.9616453333333332
2024-01-24 12:00:00+00:00,-0.781033
2024-01-24 13:00:00+00:00,-0.42414066666666667
2024-01-24 14:00:00+00:00,-0.06724833333333335
2024-01-24 15:00:00+00:00,0.289644
2024-01-24 16:00:00+00:00,-0.030661333333333318
2024-01-24 17:00:00+00:00,-0.35096666666666665
2024-01-24 18:00:00+00:00,-0.671272
2024-01-24 19:00:00+00:00,-0.848038
2024-01-24 20:00:00+00:00,-1.024804
2024-01-24 21:00:00+00:00,-1.20157
2024-01-24 22:00:00+00:00,-1.3715566666666668
2024-01-24 23:00:00+00:00,-1.5415433333333333
2024-01-25 00:00:00+00:00,-1.71153
2024-01-25 01:00:00+00:00,-1.8494133333333334
2024-01-25 02:00:00+00:00,-1.9872966666666665
2024-01-25 03:00:00+00:00,-2.12518
2024-01-25 04:00:00+00:00,-1.9028999999999998
2024-01-25 05:00:00+00:00,-1.68062
2024-01-25 06:00:00+00:00,-1.45834
2024-01-25 07:00:00+00:00,-1.4812366666666668
2024-01-25 08:00:00+00:00,-1.5041333333333333
2024-01-25 09:00:00+00:00,-1.52703
2024-01-25 10:00:00+00:00,-1.4346700000000001
2024-01-25 11:00:00+00:00,-1.34231
2024-01-25 12:00:00+00:00,-1.24995
2024-01-25 13:00:00+00:00,-0.8925023333333333
2024-01-25 14:00:00+00:00,-0.5350546666666667
2024-01-25 15:00:00+00:00,-0.177607
2024-01-25 16:00:00+00:00,-0.232534
2024-01-25 17:00:00+00:00,-0.287461
2024-01-25 18:00:00+00:00,-0.342388
2024-01-25 19:00:00+00:00,-0.8659886666666667
2024-01-25 20:00:00+00:00,-1.3895893333333333
2024-01-25 21:00:00+00:00,-1.91319
2024-01-25 22:00:00+00:00,-2.007153333333333
2024-01-25 23:00:00+00:00,-2.1011166666666665
2024-01-26 00:00:00+00:00,-2.19508
2024-01-26 01:00:00+00:00,-2.2906233333333335
2024-01-26 02:00:00+00:00,-2.3861666666666665
2024-01-26 03:00:00+00:00,-2.48171
2024-01-26 04:00:00+00:00,-2.4434766666666667
2024-01-26 05:00:00+00:00,-2.4052433333333334
2024-01-26 06:00:00+00:00,-2.36701
2024-01-26 07:00:00+00:00,-2.46129
2024-01-26 08:00:00+00:00,-2.55557
2024-01-26 09:00:00+00:00,-2.64985
2024-01-26 10:00:00+00:00,-2.5630533333333334
2024-01-26 11:00:00+00:00,-2.4762566666666666
2024-01-26 12:00:00+00:00,-2.38946
2024-01-26 13:00:00+00:00,-2.093246666666667
2024-01-26 14:00:00+00:00,-1.7970333333333333
2024-01-26 15:00:00+00:00,-1.50082
2024-01-26 16:00:00+00:00,-1.5255333333333334
2024-01-26 17:00:00+00:00,-1.5502466666666666
2024-01-26 18:00:00+00:00,-1.57496
2024-01-26 19:00:00+00:00,-1.6759833333333334
2024-01-26 20:00:00+00:00,-1.7770066666666666
2024-01-26 21:00:00+00:00,-1.87803
2024-01-26 22:00:00+00:00,-1.69765
2024-01-26 23:00:00+00:00,-1.51727
2024-01-27 00:00:00+00:00,-1.33689
2024-01-27 01:00:00+00:00,-1.3965233333333333
2024-01-27 02:00:00+00:00,-1.4561566666666665
2024-01-27 03:00:00+00:00,-1.51579
2024-01-27 04:00:00+00:00,-1.5024
2024-01-27 05:00:00+00:00,-1.48901
2024-01-27 06:00:00+00:00,-1.47562
2024-01-27 07:00:00+00:00,-1.3247266666666666
2024-01-27 08:00:00+00:00,-1.1738333333333333
2024-01-27 09:00:00+00:00,-1.02294
2024-01-27 10:00:00+00:00,-0.854206
2024-01-27 11:00:00+00:00,-0.6854720000000001
2024-01-27 12:00:00+00:00,-0.516738
2024-01-27 13:00:00+00:00,-0.4776396666666667
2024-01-27 14:00:00+00:00,-0.43854133333333334
2024-01-27 15:00:00+00:00,-0.399443
2024-01-27 16:00:00+00:00,-0.509334
2024-01-27 17:00:00+00:00,-0.619225
2024-01-27 18:00:00+00:00,-0.729116
2024-01-27 19:00:00+00:00,-0.5866956666666666
2024-01-27 20:00:00+00:00,-0.4442753333333333
2024-01-27 21:00:00+00:00,-0.301855
2024-01-27 22:00:00+00:00,-0.15502733333333332
2024-01-27 23:00:00+00:00,-0.00819966666666666
2024-01-28 00:00:00+00:00,0.138628
2024-01-28 01:00:00+00:00,-0.12190833333333331
2024-01-28 02:00:00+00:00,-0.38244466666666665
2024-01-28 03:00:00+00:00,-0.642981
2024-01-28 04:00:00+00:00,-0.5111410000000001
2024-01-28 05:00:00+00:00,-0.379301
2024-01-28 06:00:00+00:00,-0.247461
2024-01-28 07:00:00+00:00,-0.06570066666666668
2024-01-28 08:00:00+00:00,0.11605966666666662
2024-01-28 09:00:00+00:00,0.29782
2024-01-28 10:00:00+00:00,0.402645
2024-01-28 11:00:00+00:00,0.50747
2024-01-28 12:00:00+00:00,0.612295
2024-01-28 13:00:00+00:00,0.6562093333333333
2024-01-28 14:00:00+00:00,0.7001236666666667
2024-01-28 15:00:00+00:00,0.744038
2024-01-28 16:00:00+00:00,0.2926546666666667
2024-01-28 17:00:00+00:00,-0.15872866666666663
2024-01-28 18:00:00+00:00,-0.610112
2024-01-28 19:00:00+00:00,-0.737236
2024-01-28 20:00:00+00:00,-0.86436
2024-01-28 21:00:00+00:00,-0.991484
2024-01-28 22:00:00+00:00,-0.40203900000000004
2024-01-28 23:00:00+00:00,0.18740599999999996
2024-01-29 00:00:00+00:00,0.776851
2024-01-29 01:00:00+00:00,0.45693266666666665
2024-01-29 02:00:00+00:00,0.13701433333333335
2024-01-29 03:00:00+00:00,-0.182904
2024-01-29 04:00:00+00:00,-0.10340736666666668
2024-01-29 05:00:00+00:00,-0.02391073333333335
2024-01-29 06:00:00+00:00,0.0555859
2024-01-29 07:00:00+00:00,-0.0833024
2024-01-29 08:00:00+00:00,-0.2221907
2024-01-29 09:00:00+00:00,-0.361079
2024-01-29 10:00:00+00:00,-0.181367
2024-01-29 11:00:00+00:00,-0.0016550000000000176
2024-01-29 12:00:00+00:00,0.178057
2024-01-29 13:00:00+00:00,0.048580999999999985
2024-01-29 14:00:00+00:00,-0.08089500000000002
2024-01-29 15:00:00+00:00,-0.210371
2024-01-29 16:00:00+00:00,-0.10387866666666666
2024-01-29 17:00:00+00:00,0.002613666666666681
2024-01-29 18:00:00+00:00,0.109106
2024-01-29 19:00:00+00:00,0.6193806666666668
2024-01-29 20:00:00+00:00,1.1296553333333335
2024-01-29 21:00:00+00:00,1.63993
2024-01-29 22:00:00+00:00,1.7137766666666667
2024-01-29 23:00:00+00:00,1.7876233333333333
2024-01-30 00:00:00+00:00,1.86147
2024-01-30 01:00:00+00:00,1.329896
2024-01-30 02:00:00+00:00,0.798322
2024-01-30 03:00:00+00:00,0.266748
2024-01-30 04:00:00+00:00,0.18718746666666664
2024-01-30 05:00:00+00:00,0.10762693333333331
2024-01-30 06:00:00+00:00,0.0280664
2024-01-30 07:00:00+00:00,-0.08026706666666666
2024-01-30 08:00:00+00:00,-0.18860053333333332
2024-01-30 09:00:00+00:00,-0.296934
2024-01-30 10:00:00+00:00,-0.41014033333333333
2024-01-30 11:00:00+00:00,-0.5233466666666666
2024-01-30 12:00:00+00:00,-0.636553
2024-01-30 13:00:00+00:00,-0.47848333333333337
2024-01-30 14:00:00+00:00,-0.32041366666666665
2024-01-30 15:00:00+00:00,-0.162344
2024-01-30 16:00:00+00:00,-0.35257333333333335
2024-01-30 17:00:00+00:00,-0.5428026666666668
2024-01-30 18:00:00+00:00,-0.733032
2024-01-30 19:00:00+00:00,-0.5672436666666667
2024-01-30 20:00:00+00:00,-0.40145533333333333
2024-01-30 21:00:00+00:00,-0.235667
2024-01-30 22:00:00+00:00,0.3967653333333334
2024-01-30 23:00:00+00:00,1.0291976666666667
2024-01-31 00:00:00+00:00,1.66163
2024-01-31 01:00:00+00:00,1.21241
2024-01-31 02:00:00+00:00,0.76319
2024-01-31 03:00:00+00:00,0.31397
2024-01-31 04:00:00+00:00,-0.09043033333333328
2024-01-31 05:00:00+00:00,-0.4948306666666666
2024-01-31 06:00:00+00:00,-0.899231
2024-01-31 07:00:00+00:00,-1.0048073333333334
2024-01-31 08:00:00+00:00,-1.1103836666666667
2024-01-31 09:00:00+00:00,-1.21596
2024-01-31 10:00:00+00:00,-1.16773
2024-01-31 11:00:00+00:00,-1.1195
2024-01-31 12:00:00+00:00,-1.07127
2024-01-31 13:00:00+00:00,-1.0642766666666665
2024-01-31 14:00:00+00:00,-1.0572833333333334
2024-01-31 15:00:00+00:00,-1.05029
2024-01-31 16:00:00+00:00,-0.7992876666666666
2024-01-31 17:00:00+00:00,-0.5482853333333333
2024-01-31 18:00:00+00:00,-0.297283
2024-01-31 19:00:00+00:00,-0.9698486666666666
2024-01-31 20:00:00+00:00,-1.642414333333333
2024-01-31 21:00:00+00:00,-2.31498
2024-01-31 22:00:00+00:00,-2.85878
2024-01-31 23:00:00+00:00,-3.40258
2024-02-01 00:00:00+00:00,-3.94638
2024-02-01 01:00:00+00:00,-4.0629566666666665
2024-02-01 02:00:00+00:00,-4.1795333333333335
2024-02-01 03:00:00+00:00,-4.29611
2024-02-01 04:00:00+00:00,-4.153136666666667
2024-02-01 05:00:00+00:00,-4.010163333333333
2024-02-01 06:00:00+00:00,-3.86719
2024-02-01 07:00:00+00:00,-3.7532866666666664
2024-02-01 08:00:00+00:00,-3.6393833333333334
2024-02-01 09:00:00+00:00,-3.52548
2024-02-01 10:00:00+00:00,-3.2166866666666665
2024-02-01 11:00:00+00:00,-2.9078933333333334
2024-02-01 12:00:00+00:00,-2.5991
2024-02-01 13:00:00+00:00,-2.7316166666666666
2024-02-01 14:00:00+00:00,-2.864133333333333
2024-02-01 15:00:00+00:00,-2.99665
2024-02-01 16:00:00+00:00,-2.65135
2024-02-01 17:00:00+00:00,-2.30605
2024-02-01 18:00:00+00:00,-1.96075
2024-02-01 19:00:00+00:00,-2.1607533333333335
2024-02-01 20:00:00+00:00,-2.3607566666666666
2024-02-01 21:00:00+00:00,-2.56076
2024-02-01 22:00:00+00:00,-2.5236300000000003
2024-02-01 23:00:00+00:00,-2.4865
2024-02-02 00:00:00+00:00,-2.44937
2024-02-02 01:00:00+00:00,-2.47549
2024-02-02 02:00:00+00:00,-2.50161
2024-02-02 03:00:00+00:00,-2.52773
2024-02-02 04:00:00+00:00,-2.2030866666666666
2024-02-02 05:00:00+00:00,-1.8784433333333332
2024-02-02 06:00:00+00:00,-1.5538
2024-02-02 07:00:00+00:00,-1.8670666666666667
2024-02-02 08:00:00+00:00,-2.1803333333333335
2024-02-02 09:00:00+00:00,-2.4936
2024-02-02 10:00:00+00:00,-2.7007233333333334
2024-02-02 11:00:00+00:00,-2.9078466666666665
2024-02-02 12:00:00+00:00,-3.11497
2024-02-02 13:00:00+00:00,-3.6374566666666666
2024-02-02 14:00:00+00:00,-4.1599433333333335
2024-02-02 15:00:00+00:00,-4.68243
2024-02-02 16:00:00+00:00,-3.537726666666667
2024-02-02 17:00:00+00:00,-2.3930233333333333
2024-02-02 18:00:00+00:00,-1.24832
2024-02-02 19:00:00+00:00,-0.7752203333333334
2024-02-02 20:00:00+00:00,-0.3021206666666667
2024-02-02 21:00:00+00:00,0.170979
2024-02-02 22:00:00+00:00,0.18280266666666667
2024-02-02 23:00:00+00:00,0.19462633333333332
2024-02-03 00:00:00+00:00,0.20645
2024-02-03 01:00:00+00:00,-0.37736000000000003
2024-02-03 02:00:00+00:00,-0.9611700000000001
2024-02-03 03:00:00+00:00,-1.54498
2024-02-03 04:00:00+00:00,-1.4435733333333334
2024-02-03 05:00:00+00:00,-1.3421666666666667
2024-02-03 06:00:00+00:00,-1.24076
2024-02-03 07:00:00+00:00,-1.1616300000000002
2024-02-03 08:00:00+00:00,-1.0825
2024-02-03 09:00:00+00:00,-1.00337
2024-02-03 10:00:00+00:00,-0.7986310000000001
2024-02-03 11:00:00+00:00,-0.5938920000000001
2024-02-03 12:00:00+00:00,-0.389153
2024-02-03 13:00:00+00:00,-0.37279066666666666
2024-02-03 14:00:00+00:00,-0.35642833333333335
2024-02-03 15:00:00+00:00,-0.340066
2024-02-03 16:00:00+00:00,-1.0938173333333334
2024-02-03 17:00:00+00:00,-1.8475686666666666
2024-02-03 18:00:00+00:00,-2.60132
2024-02-03 19:00:00+00:00,-2.4829266666666667
2024-02-03 20:00:00+00:00,-2.364533333333333
2024-02-03 21:00:00+00:00,-2.24614
2024-02-03 22:00:00+00:00,-1.88606
2024-02-03 23:00:00+00:00,-1.5259800000000001
2024-02-04 00:00:00+00:00,-1.1659
2024-02-04 01:00:00+00:00,-1.1643833333333333
2024-02-04 02:00:00+00:00,-1.1628666666666667
2024-02-04 03:00:00+00:00,-1.16135
2024-02-04 04:00:00+00:00,-1.5174866666666669
2024-02-04 05:00:00+00:00,-1.8736233333333336
2024-02-04 06:00:00+00:00,-2.22976
2024-02-04 07:00:00+00:00,-2.0220100000000003
2024-02-04 08:00:00+00:00,-1.8142600000000002
2024-02-04 09:00:00+00:00,-1.60651
2024-02-04 10:00:00+00:00,-1.4258366666666666
2024-02-04 11:00:00+00:00,-1.2451633333333334
2024-02-04 12:00:00+00:00,-1.06449
2024-02-04 13:00:00+00:00,-0.7856006666666666
2024-02-04 14:00:00+00:00,-0.5067113333333333
2024-02-04 15:00:00+00:00,-0.227822
2024-02-04 16:00:00+00:00,0.019677
2024-02-04 17:00:00+00:00,0.26717599999999997
2024-02-04 18:00:00+00:00,0.514675
2024-02-04 19:00:00+00:00,0.23663966666666664
2024-02-04 20:00:00+00:00,-0.04139566666666672
2024-02-04 21:00:00+00:00,-0.319431
2024-02-04 22:00:00+00:00,-0.537228
2024-02-04 23:00:00+00:00,-0.7550250000000001
2024-02-05 00:00:00+00:00,-0.972822
2024-02-05 01:00:00+00:00,-0.9847546666666667
2024-02-05 02:00:00+00:00,-0.9966873333333334
2024-02-05 03:00:00+00:00,-1.00862
2024-02-05 04:00:00+00:00,-1.1609466666666668
2024-02-05 05:00:00+00:00,-1.3132733333333333
2024-02-05 06:00:00+00:00,-1.4656
2024-02-05 07:00:00+00:00,-1.3804633333333334
2024-02-05 08:00:00+00:00,-1.2953266666666667
2024-02-05 09:00:00+00:00,-1.21019
2024-02-05 10:00:00+00:00,-0.8164808333333333
2024-02-05 11:00:00+00:00,-0.42277166666666666
2024-02-05 12:00:00+00:00,-0.0290625
2024-02-05 13:00:00+00:00,0.274886
2024-02-05 14:00:00+00:00,0.5788345
2024-02-05 15:00:00+00:00,0.882783
2024-02-05 16:00:00+00:00,1.0757986666666666
2024-02-05 17:00:00+00:00,1.2688143333333333
2024-02-05 18:00:00+00:00,1.46183
2024-02-05 19:00:00+00:00,1.2395753333333333
2024-02-05 20:00:00+00:00,1.0173206666666668
2024-02-05 21:00:00+00:00,0.795066
2024-02-05 22:00:00+00:00,0.7649593333333333
2024-02-05 23:00:00+00:00,0.7348526666666667
2024-02-06 00:00:00+00:00,0.704746
2024-02-06 01:00:00+00:00,0.4921801
2024-02-06 02:00:00+00:00,0.27961420000000003
2024-02-06 03:00:00+00:00,0.0670483
2024-02-06 04:00:00+00:00,0.17965019999999998
2024-02-06 05:00:00+00:00,0.2922521
2024-02-06 06:00:00+00:00,0.404854
2024-02-06 07:00:00+00:00,0.5282523333333333
2024-02-06 08:00:00+00:00,0.6516506666666666
2024-02-06 09:00:00+00:00,0.775049
2024-02-06 10:00:00+00:00,0.916126
2024-02-06 11:00:00+00:00,1.057203
2024-02-06 12:00:00+00:00,1.19828
2024-02-06 13:00:00+00:00,1.3854766666666667
2024-02-06 14:00:00+00:00,1.5726733333333334
2024-02-06 15:00:00+00:00,1.75987
2024-02-06 16:00:00+00:00,1.8943800000000002
2024-02-06 17:00:00+00:00,2.02889
2024-02-06 18:00:00+00:00,2.1634
2024-02-06 19:00:00+00:00,1.6764413333333334
2024-02-06 20:00:00+00:00,1.1894826666666667
2024-02-06 21:00:00+00:00,0.702524
2024-02-06 22:00:00+00:00,1.0921593333333333
2024-02-06 23:00:00+00:00,1.4817946666666666
2024-02-07 00:00:00+00:00,1.87143
2024-02-07 01:00:00+00:00,1.7172133333333333
2024-02-07 02:00:00+00:00,1.5629966666666666
2024-02-07 03:00:00+00:00,1.40878
2024-02-07 04:00:00+00:00,1.9352533333333333
2024-02-07 05:00:00+00:00,2.4617266666666664
2024-02-07 06:00:00+00:00,2.9882
2024-02-07 07:00:00+00:00,3.1756266666666666
2024-02-07 08:00:00+00:00,3.3630533333333332
2024-02-07 09:00:00+00:00,3.55048
2024-02-07 10:00:00+00:00,3.916523333333333
2024-02-07 11:00:00+00:00,4.282566666666666
2024-02-07 12:00:00+00:00,4.64861
2024-02-07 13:00:00+00:00,4.4054899999999995
2024-02-07 14:00:00+00:00,4.16237
2024-02-07 15:00:00+00:00,3.91925
2024-02-07 16:00:00+00:00,3.3939399999999997
2024-02-07 17:00:00+00:00,2.8686299999999996
2024-02-07 18:00:00+00:00,2.34332
2024-02-07 19:00:00+00:00,3.119383333333333
2024-02-07 20:00:00+00:00,3.8954466666666665
2024-02-07 21:00:00+00:00,4.67151
2024-02-07 22:00:00+00:00,4.643046666666667
2024-02-07 23:00:00+00:00,4.614583333333333
2024-02-08 00:00:00+00:00,4.58612
2024-02-08 01:00:00+00:00,4.991133333333334
2024-02-08 02:00:00+00:00,5.396146666666667
2024-02-08 03:00:00+00:00,5.80116
2024-02-08 04:00:00+00:00,5.432313333333333
2024-02-08 05:00:00+00:00,5.063466666666667
2024-02-08 06:00:00+00:00,4.69462
2024-02-08 07:00:00+00:00,4.630843333333333
2024-02-08 08:00:00+00:00,4.567066666666666
2024-02-08 09:00:00+00:00,4.50329
2024-02-08 10:00:00+00:00,5.77479
2024-02-08 11:00:00+00:00,7.046290000000001
2024-02-08 12:00:00+00:00,8.31779
2024-02-08 13:00:00+00:00,8.409133333333333
2024-02-08 14:00:00+00:00,8.500476666666668
2024-02-08 15:00:00+00:00,8.59182
2024-02-08 16:00:00+00:00,9.95328
2024-02-08 17:00:00+00:00,11.31474
2024-02-08 18:00:00+00:00,12.6762
2024-02-08 19:00:00+00:00,12.577533333333333
2024-02-08 20:00:00+00:00,12.478866666666667
2024-02-08 21:00:00+00:00,12.3802
2024-02-08 22:00:00+00:00,12.169666666666666
2024-02-08 23:00:00+00:00,11.959133333333334
2024-02-09 00:00:00+00:00,11.7486
2024-02-09 01:00:00+00:00,11.566533333333334
2024-02-09 02:00:00+00:00,11.384466666666667
2024-02-09 03:00:00+00:00,11.2024
2024-02-09 04:00:00+00:00,10.514583333333334
2024-02-09 05:00:00+00:00,9.826766666666666
2024-02-09 06:00:00+00:00,9.13895
2024-02-09 07:00:00+00:00,8.5964
2024-02-09 08:00:00+00:00,8.05385
2024-02-09 09:00:00+00:00,7.5113
2024-02-09 10:00:00+00:00,7.07372
2024-02-09 11:00:00+00:00,6.63614
2024-02-09 12:00:00+00:00,6.19856
2024-02-09 13:00:00+00:00,6.933376666666667
2024-02-09 14:00:00+00:00,7.668193333333333
2024-02-09 15:00:00+00:00,8.40301
2024-02-09 16:00:00+00:00,8.857806666666667
2024-02-09 17:00:00+00:00,9.312603333333334
2024-02-09 18:00:00+00:00,9.7674
2024-02-09 19:00:00+00:00,9.0492
2024-02-09 20:00:00+00:00,8.331
2024-02-09 21:00:00+00:00,7.6128
2024-02-09 22:00:00+00:00,6.655683333333333
2024-02-09 23:00:00+00:00,5.698566666666667
2024-02-10 00:00:00+00:00,4.74145
2024-02-10 01:00:00+00:00,3.1388630000000006
2024-02-10 02:00:00+00:00,1.5362760000000004
2024-02-10 03:00:00+00:00,-0.066311
2024-02-10 04:00:00+00:00,-2.4005739999999998
2024-02-10 05:00:00+00:00,-4.734837
2024-02-10 06:00:00+00:00,-7.0691
2024-02-10 07:00:00+00:00,-4.768467333333334
2024-02-10 08:00:00+00:00,-2.4678346666666666
2024-02-10 09:00:00+00:00,-0.167202
2024-02-10 10:00:00+00:00,-0.211189
2024-02-10 11:00:00+00:00,-0.255176
2024-02-10 12:00:00+00:00,-0.299163
2024-02-10 13:00:00+00:00,-1.6835853333333333
2024-02-10 14:00:00+00:00,-3.0680076666666665
2024-02-10 15:00:00+00:00,-4.45243
2024-02-10 16:00:00+00:00,-5.0031799999999995
2024-02-10 17:00:00+00:00,-5.55393
2024-02-10 18:00:00+00:00,-6.10468
2024-02-10 19:00:00+00:00,-4.780223333333334
2024-02-10 20:00:00+00:00,-3.455766666666667
2024-02-10 21:00:00+00:00,-2.13131
2024-02-10 22:00:00+00:00,-2.0822433333333334
2024-02-10 23:00:00+00:00,-2.033176666666667
2024-02-11 00:00:00+00:00,-1.98411
2024-02-11 01:00:00+00:00,-0.5054500000000002
2024-02-11 02:00:00+00:00,0.9732099999999997
2024-02-11 03:00:00+00:00,2.45187
2024-02-11 04:00:00+00:00,2.399156666666667
2024-02-11 05:00:00+00:00,2.346443333333333
2024-02-11 06:00:00+00:00,2.29373
2024-02-11 07:00:00+00:00,2.6117166666666667
2024-02-11 08:00:00+00:00,2.9297033333333333
2024-02-11 09:00:00+00:00,3.24769
2024-02-11 10:00:00+00:00,3.2903333333333333
2024-02-11 11:00:00+00:00,3.3329766666666667
2024-02-11 12:00:00+00:00,3.37562
2024-02-11 13:00:00+00:00,4.027843333333333
2024-02-11 14:00:00+00:00,4.680066666666667
2024-02-11 15:00:00+00:00,5.33229
2024-02-11 16:00:00+00:00,4.8226700000000005
2024-02-11 17:00:00+00:00,4.3130500000000005
2024-02-11 18:00:00+00:00,3.80343
2024-02-11 19:00:00+00:00,3.70373
2024-02-11 20:00:00+00:00,3.60403
2024-02-11 21:00:00+00:00,3.50433
2024-02-11 22:00:00+00:00,3.66053
2024-02-11 23:00:00+00:00,3.8167299999999997
2024-02-12 00:00:00+00:00,3.97293
2024-02-12 01:00:00+00:00,3.5155966666666667
2024-02-12 02:00:00+00:00,3.058263333333333
2024-02-12 03:00:00+00:00,2.60093
2024-02-12 04:00:00+00:00,2.37606
2024-02-12 05:00:00+00:00,2.15119
2024-02-12 06:00:00+00:00,1.92632
2024-02-12 07:00:00+00:00,1.6368933333333333
2024-02-12 08:00:00+00:00,1.3474666666666666
2024-02-12 09:00:00+00:00,1.05804
2024-02-12 10:00:00+00:00,0.9254396666666668
2024-02-12 11:00:00+00:00,0.7928393333333335
2024-02-12 12:00:00+00:00,0.660239
2024-02-12 13:00:00+00:00,0.5064460000000001
2024-02-12 14:00:00+00:00,0.35265300000000005
2024-02-12 15:00:00+00:00,0.19886
2024-02-12 16:00:00+00:00,0.4754033333333333
2024-02-12 17:00:00+00:00,0.7519466666666667
2024-02-12 18:00:00+00:00,1.02849
2024-02-12 19:00:00+00:00,1.46555
2024-02-12 20:00:00+00:00,1.90261
2024-02-12 21:00:00+00:00,2.33967
2024-02-12 22:00:00+00:00,1.9374266666666666
2024-02-12 23:00:00+00:00,1.5351833333333333
2024-02-13 00:00:00+00:00,1.13294
2024-02-13 01:00:00+00:00,1.5181833333333334
2024-02-13 02:00:00+00:00,1.9034266666666668
2024-02-13 03:00:00+00:00,2.28867
2024-02-13 04:00:00+00:00,2.256146666666667
2024-02-13 05:00:00+00:00,2.2236233333333333
2024-02-13 06:00:00+00:00,2.1911
2024-02-13 07:00:00+00:00,2.0468033333333335
2024-02-13 08:00:00+00:00,1.9025066666666668
2024-02-13 09:00:00+00:00,1.75821
2024-02-13 10:00:00+00:00,1.9120833333333334
2024-02-13 11:00:00+00:00,2.0659566666666667
2024-02-13 12:00:00+00:00,2.21983
2024-02-13 13:00:00+00:00,2.65619
2024-02-13 14:00:00+00:00,3.09255
2024-02-13 15:00:00+00:00,3.52891
2024-02-13 16:00:00+00:00,3.57064
2024-02-13 17:00:00+00:00,3.6123700000000003
2024-02-13 18:00:00+00:00,3.6541
2024-02-13 19:00:00+00:00,2.861696666666667
2024-02-13 20:00:00+00:00,2.0692933333333334
2024-02-13 21:00:00+00:00,1.27689
2024-02-13 22:00:00+00:00,1.2197633333333333
2024-02-13 23:00:00+00:00,1.1626366666666668
2024-02-14 00:00:00+00:00,1.10551
2024-02-14 01:00:00+00:00,0.6763996666666667
2024-02-14 02:00:00+00:00,0.24728933333333336
2024-02-14 03:00:00+00:00,-0.181821
2024-02-14 04:00:00+00:00,-0.777184
2024-02-14 05:00:00+00:00,-1.372547
2024-02-14 06:00:00+00:00,-1.96791
2024-02-14 07:00:00+00:00,-2.0418533333333335
2024-02-14 08:00:00+00:00,-2.1157966666666668
2024-02-14 09:00:00+00:00,-2.18974
2024-02-14 10:00:00+00:00,-1.7825993333333334
2024-02-14 11:00:00+00:00,-1.3754586666666668
2024-02-14 12:00:00+00:00,-0.968318
2024-02-14 13:00:00+00:00,-0.7837436666666667
2024-02-14 14:00:00+00:00,-0.5991693333333334
2024-02-14 15:00:00+00:00,-0.414595
2024-02-14 16:00:00+00:00,-1.4664066666666669
2024-02-14 17:00:00+00:00,-2.5182183333333334
2024-02-14 18:00:00+00:00,-3.57003
2024-02-14 19:00:00+00:00,-2.289642333333333
2024-02-14 20:00:00+00:00,-1.0092546666666666
2024-02-14 21:00:00+00:00,0.271133
2024-02-14 22:00:00+00:00,-0.049760666666666675
2024-02-14 23:00:00+00:00,-0.37065433333333336
2024-02-15 00:00:00+00:00,-0.691548
2024-02-15 01:00:00+00:00,-0.5334490000000001
2024-02-15 02:00:00+00:00,-0.37535
2024-02-15 03:00:00+00:00,-0.217251
2024-02-15 04:00:00+00:00,-0.9492073333333333
2024-02-15 05:00:00+00:00,-1.6811636666666667
2024-02-15 06:00:00+00:00,-2.41312
2024-02-15 07:00:00+00:00,-1.8890176666666667
2024-02-15 08:00:00+00:00,-1.3649153333333335
2024-02-15 09:00:00+00:00,-0.840813
2024-02-15 10:00:00+00:00,0.7577546666666666
2024-02-15 11:00:00+00:00,2.356322333333333
2024-02-15 12:00:00+00:00,3.95489
2024-02-15 13:00:00+00:00,4.050276666666667
2024-02-15 14:00:00+00:00,4.145663333333333
2024-02-15 15:00:00+00:00,4.24105
2024-02-15 16:00:00+00:00,5.539226666666667
2024-02-15 17:00:00+00:00,6.837403333333333
2024-02-15 18:00:00+00:00,8.13558
2024-02-15 19:00:00+00:00,6.215436666666666
2024-02-15 20:00:00+00:00,4.295293333333333
2024-02-15 21:00:00+00:00,2.37515
2024-02-15 22:00:00+00:00,0.8403633333333336
2024-02-15 23:00:00+00:00,-0.694423333333333
2024-02-16 00:00:00+00:00,-2.22921
2024-02-16 01:00:00+00:00,-3.53596
2024-02-16 02:00:00+00:00,-4.84271
2024-02-16 03:00:00+00:00,-6.14946
2024-02-16 04:00:00+00:00,-5.9030933333333335
2024-02-16 05:00:00+00:00,-5.656726666666667
2024-02-16 06:00:00+00:00,-5.41036
2024-02-16 07:00:00+00:00,-5.4860066666666665
2024-02-16 08:00:00+00:00,-5.561653333333333
2024-02-16 09:00:00+00:00,-5.6373
2024-02-16 10:00:00+00:00,-4.956573333333333
2024-02-16 11:00:00+00:00,-4.275846666666666
2024-02-16 12:00:00+00:00,-3.59512
2024-02-16 13:00:00+00:00,-3.1135966666666666
2024-02-16 14:00:00+00:00,-2.6320733333333335
2024-02-16 15:00:00+00:00,-2.15055
2024-02-16 16:00:00+00:00,-2.6125533333333335
2024-02-16 17:00:00+00:00,-3.0745566666666666
2024-02-16 18:00:00+00:00,-3.53656
2024-02-16 19:00:00+00:00,-3.290776666666667
2024-02-16 20:00:00+00:00,-3.044993333333333
2024-02-16 21:00:00+00:00,-2.79921
2024-02-16 22:00:00+00:00,-2.1950943333333335
2024-02-16 23:00:00+00:00,-1.5909786666666668
2024-02-17 00:00:00+00:00,-0.986863
2024-02-17 01:00:00+00:00,-0.9283553333333333
2024-02-17 02:00:00+00:00,-0.8698476666666667
2024-02-17 03:00:00+00:00,-0.81134
2024-02-17 04:00:00+00:00,-1.07436
2024-02-17 05:00:00+00:00,-1.33738
2024-02-17 06:00:00+00:00,-1.6004
2024-02-17 07:00:00+00:00,-1.40171
2024-02-17 08:00:00+00:00,-1.20302
2024-02-17 09:00:00+00:00,-1.00433
2024-02-17 10:00:00+00:00,-1.158
2024-02-17 11:00:00+00:00,-1.3116700000000001
2024-02-17 12:00:00+00:00,-1.46534
2024-02-17 13:00:00+00:00,-1.5960966666666667
2024-02-17 14:00:00+00:00,-1.7268533333333334
2024-02-17 15:00:00+00:00,-1.85761
2024-02-17 16:00:00+00:00,-1.081713
2024-02-17 17:00:00+00:00,-0.30581599999999987
2024-02-17 18:00:00+00:00,0.470081
2024-02-17 19:00:00+00:00,-0.03176266666666666
2024-02-17 20:00:00+00:00,-0.5336063333333334
2024-02-17 21:00:00+00:00,-1.03545
2024-02-17 22:00:00+00:00,-1.1142433333333333
2024-02-17 23:00:00+00:00,-1.1930366666666667
2024-02-18 00:00:00+00:00,-1.27183
2024-02-18 01:00:00+00:00,-1.5441333333333334
2024-02-18 02:00:00+00:00,-1.8164366666666667
2024-02-18 03:00:00+00:00,-2.08874
2024-02-18 04:00:00+00:00,-2.1989466666666666
2024-02-18 05:00:00+00:00,-2.3091533333333336
2024-02-18 06:00:00+00:00,-2.41936
2024-02-18 07:00:00+00:00,-2.353546666666667
2024-02-18 08:00:00+00:00,-2.287733333333333
2024-02-18 09:00:00+00:00,-2.22192
2024-02-18 10:00:00+00:00,-1.643434
2024-02-18 11:00:00+00:00,-1.064948
2024-02-18 12:00:00+00:00,-0.486462
2024-02-18 13:00:00+00:00,-0.45949033333333333
2024-02-18 14:00:00+00:00,-0.43251866666666666
2024-02-18 15:00:00+00:00,-0.405547
2024-02-18 16:00:00+00:00,-0.3056756666666667
2024-02-18 17:00:00+00:00,-0.20580433333333334
2024-02-18 18:00:00+00:00,-0.105933
2024-02-18 19:00:00+00:00,-0.507252
2024-02-18 20:00:00+00:00,-0.908571
2024-02-18 21:00:00+00:00,-1.30989
2024-02-18 22:00:00+00:00,-1.5797833333333333
2024-02-18 23:00:00+00:00,-1.8496766666666666
2024-02-19 00:00:00+00:00,-2.11957
2024-02-19 01:00:00+00:00,-2.48147
2024-02-19 02:00:00+00:00,-2.84337
2024-02-19 03:00:00+00:00,-3.20527
2024-02-19 04:00:00+00:00,-3.12475
2024-02-19 05:00:00+00:00,-3.0442299999999998
2024-02-19 06:00:00+00:00,-2.96371
2024-02-19 07:00:00+00:00,-2.72489
2024-02-19 08:00:00+00:00,-2.4860700000000002
2024-02-19 09:00:00+00:00,-2.24725
2024-02-19 10:00:00+00:00,-2.07585
2024-02-19 11:00:00+00:00,-1.90445
2024-02-19 12:00:00+00:00,-1.73305
2024-02-19 13:00:00+00:00,-1.6600866666666667
2024-02-19 14:00:00+00:00,-1.5871233333333332
2024-02-19 15:00:00+00:00,-1.51416
2024-02-19 16:00:00+00:00,-1.2938376666666667
2024-02-19 17:00:00+00:00,-1.0735153333333334
2024-02-19 18:00:00+00:00,-0.853193
2024-02-19 19:00:00+00:00,-1.728932
2024-02-19 20:00:00+00:00,-2.6046709999999997
2024-02-19 21:00:00+00:00,-3.48041
2024-02-19 22:00:00+00:00,-3.933596666666667
2024-02-19 23:00:00+00:00,-4.386783333333334
2024-02-20 00:00:00+00:00,-4.83997
2024-02-20 01:00:00+00:00,-4.8826600000000004
2024-02-20 02:00:00+00:00,-4.92535
2024-02-20 03:00:00+00:00,-4.96804
2024-02-20 04:00:00+00:00,-4.263123333333334
2024-02-20 05:00:00+00:00,-3.558206666666667
2024-02-20 06:00:00+00:00,-2.85329
2024-02-20 07:00:00+00:00,-2.4299566666666665
2024-02-20 08:00:00+00:00,-2.006623333333333
2024-02-20 09:00:00+00:00,-1.58329
2024-02-20 10:00:00+00:00,-1.1114943333333334
2024-02-20 11:00:00+00:00,-0.6396986666666666
2024-02-20 12:00:00+00:00,-0.167903
2024-02-20 13:00:00+00:00,0.15467833333333333
2024-02-20 14:00:00+00:00,0.47725966666666664
2024-02-20 15:00:00+00:00,0.799841
2024-02-20 16:00:00+00:00,0.631082
2024-02-20 17:00:00+00:00,0.462323
2024-02-20 18:00:00+00:00,0.293564
2024-02-20 19:00:00+00:00,0.4291533333333333
2024-02-20 20:00:00+00:00,0.5647426666666666
2024-02-20 21:00:00+00:00,0.700332
2024-02-20 22:00:00+00:00,0.28011566666666665
2024-02-20 23:00:00+00:00,-0.14010066666666665
2024-02-21 00:00:00+00:00,-0.560317
2024-02-21 01:00:00+00:00,-0.2379276666666666
2024-02-21 02:00:00+00:00,0.08446166666666677
2024-02-21 03:00:00+00:00,0.406851
2024-02-21 04:00:00+00:00,0.5463983333333333
2024-02-21 05:00:00+00:00,0.6859456666666667
2024-02-21 06:00:00+00:00,0.825493
2024-02-21 07:00:00+00:00,1.081282
2024-02-21 08:00:00+00:00,1.337071
2024-02-21 09:00:00+00:00,1.59286
2024-02-21 10:00:00+00:00,1.6545133333333333
2024-02-21 11:00:00+00:00,1.7161666666666666
2024-02-21 12:00:00+00:00,1.77782
2024-02-21 13:00:00+00:00,2.1388366666666667
2024-02-21 14:00:00+00:00,2.4998533333333333
2024-02-21 15:00:00+00:00,2.86087
2024-02-21 16:00:00+00:00,2.97239
2024-02-21 17:00:00+00:00,3.08391
2024-02-21 18:00:00+00:00,3.19543
2024-02-21 19:00:00+00:00,3.2385433333333333
2024-02-21 20:00:00+00:00,3.2816566666666667
2024-02-21 21:00:00+00:00,3.32477
2024-02-21 22:00:00+00:00,3.22912
2024-02-21 23:00:00+00:00,3.13347
2024-02-22 00:00:00+00:00,3.03782
2024-02-22 01:00:00+00:00,3.3616266666666665
2024-02-22 02:00:00+00:00,3.6854333333333336
2024-02-22 03:00:00+00:00,4.00924
2024-02-22 04:00:00+00:00,4.4757066666666665
2024-02-22 05:00:00+00:00,4.942173333333334
2024-02-22 06:00:00+00:00,5.40864
2024-02-22 07:00:00+00:00,5.64108
2024-02-22 08:00:00+00:00,5.87352
2024-02-22 09:00:00+00:00,6.10596
2024-02-22 10:00:00+00:00,6.44346
2024-02-22 11:00:00+00:00,6.780959999999999
2024-02-22 12:00:00+00:00,7.11846
2024-02-22 13:00:00+00:00,6.67113
2024-02-22 14:00:00+00:00,6.2238
2024-02-22 15:00:00+00:00,5.77647
2024-02-22 16:00:00+00:00,6.303693333333333
2024-02-22 17:00:00+00:00,6.830916666666666
2024-02-22 18:00:00+00:00,7.35814
2024-02-22 19:00:00+00:00,4.251806666666667
2024-02-22 20:00:00+00:00,1.1454733333333333
2024-02-22 21:00:00+00:00,-1.96086
2024-02-22 22:00:00+00:00,-4.774073333333333
2024-02-22 23:00:00+00:00,-7.5872866666666665
2024-02-23 00:00:00+00:00,-10.4005
2024-02-23 01:00:00+00:00,-9.06224
2024-02-23 02:00:00+00:00,-7.723979999999999
2024-02-23 03:00:00+00:00,-6.38572
2024-02-23 04:00:00+00:00,-4.172303666666666
2024-02-23 05:00:00+00:00,-1.9588873333333332
2024-02-23 06:00:00+00:00,0.254529
2024-02-23 07:00:00+00:00,0.6977826666666667
2024-02-23 08:00:00+00:00,1.1410363333333333
2024-02-23 09:00:00+00:00,1.58429
2024-02-23 10:00:00+00:00,1.39687
2024-02-23 11:00:00+00:00,1.20945
2024-02-23 12:00:00+00:00,1.02203
2024-02-23 13:00:00+00:00,1.7083633333333332
2024-02-23 14:00:00+00:00,2.3946966666666665
2024-02-23 15:00:00+00:00,3.08103
2024-02-23 16:00:00+00:00,1.8967910000000001
2024-02-23 17:00:00+00:00,0.7125520000000001
2024-02-23 18:00:00+00:00,-0.471687
2024-02-23 19:00:00+00:00,-0.8907346666666667
2024-02-23 20:00:00+00:00,-1.3097823333333334
2024-02-23 21:00:00+00:00,-1.72883
2024-02-23 22:00:00+00:00,-0.8872880000000001
2024-02-23 23:00:00+00:00,-0.045746000000000064
2024-02-24 00:00:00+00:00,0.795796
2024-02-24 01:00:00+00:00,1.5230506666666668
2024-02-24 02:00:00+00:00,2.2503053333333334
2024-02-24 03:00:00+00:00,2.97756
2024-02-24 04:00:00+00:00,1.23922
2024-02-24 05:00:00+00:00,-0.49912
2024-02-24 06:00:00+00:00,-2.23746
2024-02-24 07:00:00+00:00,-2.762626666666667
2024-02-24 08:00:00+00:00,-3.287793333333333
2024-02-24 09:00:00+00:00,-3.81296
2024-02-24 10:00:00+00:00,-4.9664866666666665
2024-02-24 11:00:00+00:00,-6.120013333333333
2024-02-24 12:00:00+00:00,-7.27354
2024-02-24 13:00:00+00:00,-7.3248033333333336
2024-02-24 14:00:00+00:00,-7.3760666666666665
2024-02-24 15:00:00+00:00,-7.42733
2024-02-24 16:00:00+00:00,-5.980156666666667
2024-02-24 17:00:00+00:00,-4.532983333333333
2024-02-24 18:00:00+00:00,-3.08581
2024-02-24 19:00:00+00:00,-1.414313333333333
2024-02-24 20:00:00+00:00,0.25718333333333376
2024-02-24 21:00:00+00:00,1.92868
2024-02-24 22:00:00+00:00,2.8416
2024-02-24 23:00:00+00:00,3.7545200000000003
2024-02-25 00:00:00+00:00,4.66744
2024-02-25 01:00:00+00:00,4.797746666666667
2024-02-25 02:00:00+00:00,4.928053333333334
2024-02-25 03:00:00+00:00,5.05836
2024-02-25 04:00:00+00:00,4.992816666666667
2024-02-25 05:00:00+00:00,4.927273333333333
2024-02-25 06:00:00+00:00,4.86173
2024-02-25 07:00:00+00:00,4.990116666666666
2024-02-25 08:00:00+00:00,5.118503333333333
2024-02-25 09:00:00+00:00,5.24689
2024-02-25 10:00:00+00:00,5.767526666666666
2024-02-25 11:00:00+00:00,6.288163333333333
2024-02-25 12:00:00+00:00,6.8088
2024-02-25 13:00:00+00:00,7.3274
2024-02-25 14:00:00+00:00,7.845999999999999
2024-02-25 15:00:00+00:00,8.3646
2024-02-25 16:00:00+00:00,8.637749999999999
2024-02-25 17:00:00+00:00,8.9109
2024-02-25 18:00:00+00:00,9.18405
2024-02-25 19:00:00+00:00,9.071116666666667
2024-02-25 20:00:00+00:00,8.958183333333332
2024-02-25 21:00:00+00:00,8.84525
2024-02-25 22:00:00+00:00,7.5935266666666665
2024-02-25 23:00:00+00:00,6.341803333333333
2024-02-26 00:00:00+00:00,5.09008
2024-02-26 01:00:00+00:00,2.36014
2024-02-26 02:00:00+00:00,-0.3698000000000006
2024-02-26 03:00:00+00:00,-3.09974
2024-02-26 04:00:00+00:00,-2.995426666666667
2024-02-26 05:00:00+00:00,-2.891113333333333
2024-02-26 06:00:00+00:00,-2.7868
2024-02-26 07:00:00+00:00,-4.66652
2024-02-26 08:00:00+00:00,-6.54624
2024-02-26 09:00:00+00:00,-8.42596
2024-02-26 10:00:00+00:00,-8.126573333333333
2024-02-26 11:00:00+00:00,-7.827186666666667
2024-02-26 12:00:00+00:00,-7.5278
2024-02-26 13:00:00+00:00,-7.564406666666667
2024-02-26 14:00:00+00:00,-7.601013333333333
2024-02-26 15:00:00+00:00,-7.63762
2024-02-26 16:00:00+00:00,-7.970883333333333
2024-02-26 17:00:00+00:00,-8.304146666666666
2024-02-26 18:00:00+00:00,-8.63741
2024-02-26 19:00:00+00:00,-8.00581
2024-02-26 20:00:00+00:00,-7.37421
2024-02-26 21:00:00+00:00,-6.74261
2024-02-26 22:00:00+00:00,-8.327773333333333
2024-02-26 23:00:00+00:00,-9.912936666666667
2024-02-27 00:00:00+00:00,-11.4981
2024-02-27 01:00:00+00:00,-11.1239
2024-02-27 02:00:00+00:00,-10.7497
2024-02-27 03:00:00+00:00,-10.3755
2024-02-27 04:00:00+00:00,-10.580666666666668
2024-02-27 05:00:00+00:00,-10.785833333333333
2024-02-27 06:00:00+00:00,-10.991
2024-02-27 07:00:00+00:00,-10.573793333333333
2024-02-27 08:00:00+00:00,-10.156586666666668
2024-02-27 09:00:00+00:00,-9.73938
2024-02-27 10:00:00+00:00,-10.459086666666668
2024-02-27 11:00:00+00:00,-11.178793333333333
2024-02-27 12:00:00+00:00,-11.8985
2024-02-27 13:00:00+00:00,-12.353566666666667
2024-02-27 14:00:00+00:00,-12.808633333333333
2024-02-27 15:00:00+00:00,-13.2637
2024-02-27 16:00:00+00:00,-11.857486666666667
2024-02-27 17:00:00+00:00,-10.451273333333333
2024-02-27 18:00:00+00:00,-9.04506
2024-02-27 19:00:00+00:00,-8.069643333333334
2024-02-27 20:00:00+00:00,-7.094226666666667
2024-02-27 21:00:00+00:00,-6.11881
2024-02-27 22:00:00+00:00,-4.60008
2024-02-27 23:00:00+00:00,-3.08135
2024-02-28 00:00:00+00:00,-1.56262
2024-02-28 01:00:00+00:00,-2.437613333333333
2024-02-28 02:00:00+00:00,-3.3126066666666665
2024-02-28 03:00:00+00:00,-4.1876
2024-02-28 04:00:00+00:00,-4.272383333333333
2024-02-28 05:00:00+00:00,-4.357166666666667
2024-02-28 06:00:00+00:00,-4.44195
2024-02-28 07:00:00+00:00,-4.870753333333334
2024-02-28 08:00:00+00:00,-5.299556666666667
2024-02-28 09:00:00+00:00,-5.72836
2024-02-28 10:00:00+00:00,-5.375766666666667
2024-02-28 11:00:00+00:00,-5.023173333333333
2024-02-28 12:00:00+00:00,-4.67058
2024-02-28 13:00:00+00:00,-5.655073333333333
2024-02-28 14:00:00+00:00,-6.639566666666667
2024-02-28 15:00:00+00:00,-7.62406
2024-02-28 16:00:00+00:00,-6.971266666666667
2024-02-28 17:00:00+00:00,-6.318473333333333
2024-02-28 18:00:00+00:00,-5.66568
2024-02-28 19:00:00+00:00,-5.02974
2024-02-28 20:00:00+00:00,-4.3938
2024-02-28 21:00:00+00:00,-3.75786
2024-02-28 22:00:00+00:00,-2.836815666666667
2024-02-28 23:00:00+00:00,-1.9157713333333335
2024-02-29 00:00:00+00:00,-0.994727
2024-02-29 01:00:00+00:00,-0.36896033333333333
2024-02-29 02:00:00+00:00,0.25680633333333336
2024-02-29 03:00:00+00:00,0.882573
2024-02-29 04:00:00+00:00,0.6493163333333334
2024-02-29 05:00:00+00:00,0.4160596666666667
2024-02-29 06:00:00+00:00,0.182803
2024-02-29 07:00:00+00:00,0.40279966666666667
2024-02-29 08:00:00+00:00,0.6227963333333334
2024-02-29 09:00:00+00:00,0.842793
2024-02-29 10:00:00+00:00,0.6791136666666666
2024-02-29 11:00:00+00:00,0.5154343333333333
2024-02-29 12:00:00+00:00,0.351755
2024-02-29 13:00:00+00:00,-3.3960633333333337
2024-02-29 14:00:00+00:00,-7.143881666666667
2024-02-29 15:00:00+00:00,-10.8917
2024-02-29 16:00:00+00:00,-9.981973333333334
2024-02-29 17:00:00+00:00,-9.072246666666667
2024-02-29 18:00:00+00:00,-8.16252
2024-02-29 19:00:00+00:00,-8.574516666666668
2024-02-29 20:00:00+00:00,-8.986513333333333
2024-02-29 21:00:00+00:00,-9.39851
2024-02-29 22:00:00+00:00,-9.71374
2024-02-29 23:00:00+00:00,-10.028970000000001
2024-03-01 00:00:00+00:00,-10.3442
2024-03-01 01:00:00+00:00,-8.635653333333334
2024-03-01 02:00:00+00:00,-6.927106666666667
2024-03-01 03:00:00+00:00,-5.21856
2024-03-01 04:00:00+00:00,-5.83014
2024-03-01 05:00:00+00:00,-6.44172
2024-03-01 06:00:00+00:00,-7.0533
2024-03-01 07:00:00+00:00,-6.5844233333333335
2024-03-01 08:00:00+00:00,-6.115546666666667
2024-03-01 09:00:00+00:00,-5.64667
2024-03-01 10:00:00+00:00,-4.381396666666667
2024-03-01 11:00:00+00:00,-3.116123333333334
2024-03-01 12:00:00+00:00,-1.85085
2024-03-01 13:00:00+00:00,0.6264766666666668
2024-03-01 14:00:00+00:00,3.1038033333333335
2024-03-01 15:00:00+00:00,5.58113
2024-03-01 16:00:00+00:00,4.83955
2024-03-01 17:00:00+00:00,4.09797
2024-03-01 18:00:00+00:00,3.35639
2024-03-01 19:00:00+00:00,3.382826666666667
2024-03-01 20:00:00+00:00,3.4092633333333335
2024-03-01 21:00:00+00:00,3.4357
2024-03-01 22:00:00+00:00,4.018383333333333
2024-03-01 23:00:00+00:00,4.601066666666666
2024-03-02 00:00:00+00:00,5.18375
2024-03-02 01:00:00+00:00,5.357766666666667
2024-03-02 02:00:00+00:00,5.531783333333333
2024-03-02 03:00:00+00:00,5.7058
2024-03-02 04:00:00+00:00,6.302806666666666
2024-03-02 05:00:00+00:00,6.899813333333333
2024-03-02 06:00:00+00:00,7.49682
2024-03-02 07:00:00+00:00,8.002013333333332
2024-03-02 08:00:00+00:00,8.507206666666667
2024-03-02 09:00:00+00:00,9.0124
2024-03-02 10:00:00+00:00,10.4789
2024-03-02 11:00:00+00:00,11.9454
2024-03-02 12:00:00+00:00,13.4119
2024-03-02 13:00:00+00:00,14.386566666666665
2024-03-02 14:00:00+00:00,15.361233333333333
2024-03-02 15:00:00+00:00,16.3359
2024-03-02 16:00:00+00:00,8.084906666666665
2024-03-02 17:00:00+00:00,-0.1660866666666685
2024-03-02 18:00:00+00:00,-8.41708
2024-03-02 19:00:00+00:00,-5.24743
2024-03-02 20:00:00+00:00,-2.0777799999999997
2024-03-02 21:00:00+00:00,1.09187
2024-03-02 22:00:00+00:00,0.44184899999999994
2024-03-02 23:00:00+00:00,-0.20817200000000002
2024-03-03 00:00:00+00:00,-0.858193
2024-03-03 01:00:00+00:00,-0.807402
2024-03-03 02:00:00+00:00,-0.756611
2024-03-03 03:00:00+00:00,-0.70582
2024-03-03 04:00:00+00:00,-0.6925796666666667
2024-03-03 05:00:00+00:00,-0.6793393333333333
2024-03-03 06:00:00+00:00,-0.666099
2024-03-03 07:00:00+00:00,-0.05846266666666666
2024-03-03 08:00:00+00:00,0.5491736666666667
2024-03-03 09:00:00+00:00,1.15681
2024-03-03 10:00:00+00:00,-1.4667800000000002
2024-03-03 11:00:00+00:00,-4.09037
2024-03-03 12:00:00+00:00,-6.71396
2024-03-03 13:00:00+00:00,-5.941896666666667
2024-03-03 14:00:00+00:00,-5.169833333333334
2024-03-03 15:00:00+00:00,-4.39777
2024-03-03 16:00:00+00:00,-3.627326666666667
2024-03-03 17:00:00+00:00,-2.856883333333333
2024-03-03 18:00:00+00:00,-2.08644
2024-03-03 19:00:00+00:00,-1.7826966666666668
2024-03-03 20:00:00+00:00,-1.4789533333333336
2024-03-03 21:00:00+00:00,-1.17521
2024-03-03 22:00:00+00:00,-0.5590340000000001
2024-03-03 23:00:00+00:00,0.057141999999999804
2024-03-04 00:00:00+00:00,0.673318
2024-03-04 01:00:00+00:00,1.3575386666666667
2024-03-04 02:00:00+00:00,2.0417593333333333
2024-03-04 03:00:00+00:00,2.72598
2024-03-04 04:00:00+00:00,2.8849866666666664
2024-03-04 05:00:00+00:00,3.0439933333333333
2024-03-04 06:00:00+00:00,3.203
2024-03-04 07:00:00+00:00,3.582073333333333
2024-03-04 08:00:00+00:00,3.961146666666667
2024-03-04 09:00:00+00:00,4.34022
2024-03-04 10:00:00+00:00,5.037533333333333
2024-03-04 11:00:00+00:00,5.734846666666667
2024-03-04 12:00:00+00:00,6.43216
2024-03-04 13:00:00+00:00,5.847906666666667
2024-03-04 14:00:00+00:00,5.263653333333333
2024-03-04 15:00:00+00:00,4.6794
2024-03-04 16:00:00+00:00,4.31604
2024-03-04 17:00:00+00:00,3.95268
2024-03-04 18:00:00+00:00,3.58932
2024-03-04 19:00:00+00:00,1.2955166666666664
2024-03-04 20:00:00+00:00,-0.998286666666667
2024-03-04 21:00:00+00:00,-3.29209
2024-03-04 22:00:00+00:00,-3.40708
2024-03-04 23:00:00+00:00,-3.52207
2024-03-05 00:00:00+00:00,-3.63706
2024-03-05 01:00:00+00:00,-4.024236666666667
2024-03-05 02:00:00+00:00,-4.411413333333333
2024-03-05 03:00:00+00:00,-4.79859
2024-03-05 04:00:00+00:00,-4.27668
2024-03-05 05:00:00+00:00,-3.7547699999999997
2024-03-05 06:00:00+00:00,-3.23286
2024-03-05 07:00:00+00:00,-3.72592
2024-03-05 08:00:00+00:00,-4.21898
2024-03-05 09:00:00+00:00,-4.71204
2024-03-05 10:00:00+00:00,-3.785956666666667
2024-03-05 11:00:00+00:00,-2.8598733333333337
2024-03-05 12:00:00+00:00,-1.93379
2024-03-05 13:00:00+00:00,-1.2926511666666665
2024-03-05 14:00:00+00:00,-0.6515123333333332
2024-03-05 15:00:00+00:00,-0.0103735
2024-03-05 16:00:00+00:00,1.135561
2024-03-05 17:00:00+00:00,2.2814955
2024-03-05 18:00:00+00:00,3.42743
2024-03-05 19:00:00+00:00,2.172431333333334
2024-03-05 20:00:00+00:00,0.917432666666667
2024-03-05 21:00:00+00:00,-0.337566
2024-03-05 22:00:00+00:00,-0.34264966666666663
2024-03-05 23:00:00+00:00,-0.34773333333333334
2024-03-06 00:00:00+00:00,-0.352817
2024-03-06 01:00:00+00:00,-0.8652013333333333
2024-03-06 02:00:00+00:00,-1.3775856666666666
2024-03-06 03:00:00+00:00,-1.88997
2024-03-06 04:00:00+00:00,-1.70103
2024-03-06 05:00:00+00:00,-1.51209
2024-03-06 06:00:00+00:00,-1.32315
2024-03-06 07:00:00+00:00,-0.9506263333333334
2024-03-06 08:00:00+00:00,-0.5781026666666667
2024-03-06 09:00:00+00:00,-0.205579
2024-03-06 10:00:00+00:00,0.4100506666666666
2024-03-06 11:00:00+00:00,1.0256803333333333
2024-03-06 12:00:00+00:00,1.64131
2024-03-06 13:00:00+00:00,1.9763533333333334
2024-03-06 14:00:00+00:00,2.311396666666667
2024-03-06 15:00:00+00:00,2.64644
2024-03-06 16:00:00+00:00,1.9186063333333334
2024-03-06 17:00:00+00:00,1.1907726666666667
2024-03-06 18:00:00+00:00,0.462939
2024-03-06 19:00:00+00:00,1.749466
2024-03-06 20:00:00+00:00,3.035993
2024-03-06 21:00:00+00:00,4.32252
2024-03-06 22:00:00+00:00,4.62918
2024-03-06 23:00:00+00:00,4.93584
2024-03-07 00:00:00+00:00,5.2425
2024-03-07 01:00:00+00:00,4.999233333333333
2024-03-07 02:00:00+00:00,4.755966666666667
2024-03-07 03:00:00+00:00,4.5127
2024-03-07 04:00:00+00:00,4.61139
2024-03-07 05:00:00+00:00,4.71008
2024-03-07 06:00:00+00:00,4.80877
2024-03-07 07:00:00+00:00,5.27513
2024-03-07 08:00:00+00:00,5.74149
2024-03-07 09:00:00+00:00,6.20785
2024-03-07 10:00:00+00:00,8.376333333333333
2024-03-07 11:00:00+00:00,10.544816666666666
2024-03-07 12:00:00+00:00,12.7133
2024-03-07 13:00:00+00:00,11.260213333333333
2024-03-07 14:00:00+00:00,9.807126666666667
2024-03-07 15:00:00+00:00,8.35404
2024-03-07 16:00:00+00:00,5.685113666666666
2024-03-07 17:00:00+00:00,3.016187333333333
2024-03-07 18:00:00+00:00,0.347261
2024-03-07 19:00:00+00:00,2.9994606666666668
2024-03-07 20:00:00+00:00,5.651660333333333
2024-03-07 21:00:00+00:00,8.30386
2024-03-07 22:00:00+00:00,8.14018
2024-03-07 23:00:00+00:00,7.976500000000001
2024-03-08 00:00:00+00:00,7.81282
2024-03-08 01:00:00+00:00,8.419923333333333
2024-03-08 02:00:00+00:00,9.027026666666668
2024-03-08 03:00:00+00:00,9.63413
2024-03-08 04:00:00+00:00,10.184953333333334
2024-03-08 05:00:00+00:00,10.735776666666666
2024-03-08 06:00:00+00:00,11.2866
2024-03-08 07:00:00+00:00,10.878333333333334
2024-03-08 08:00:00+00:00,10.470066666666666
2024-03-08 09:00:00+00:00,10.0618
2024-03-08 10:00:00+00:00,9.35993
2024-03-08 11:00:00+00:00,8.65806
2024-03-08 12:00:00+00:00,7.95619
2024-03-08 13:00:00+00:00,8.384643333333333
2024-03-08 14:00:00+00:00,8.813096666666667
2024-03-08 15:00:00+00:00,9.24155
2024-03-08 16:00:00+00:00,10.046
2024-03-08 17:00:00+00:00,10.85045
2024-03-08 18:00:00+00:00,11.6549
2024-03-08 19:00:00+00:00,12.0809
2024-03-08 20:00:00+00:00,12.5069
2024-03-08 21:00:00+00:00,12.9329
2024-03-08 22:00:00+00:00,13.6076
2024-03-08 23:00:00+00:00,14.282300000000001
2024-03-09 00:00:00+00:00,14.957
2024-03-09 01:00:00+00:00,12.798466666666668
2024-03-09 02:00:00+00:00,10.639933333333335
2024-03-09 03:00:00+00:00,8.4814
2024-03-09 04:00:00+00:00,8.196333333333333
2024-03-09 05:00:00+00:00,7.911266666666667
2024-03-09 06:00:00+00:00,7.6262
2024-03-09 07:00:00+00:00,7.28541
2024-03-09 08:00:00+00:00,6.9446200000000005
2024-03-09 09:00:00+00:00,6.60383
2024-03-09 10:00:00+00:00,6.837683333333334
2024-03-09 11:00:00+00:00,7.071536666666667
2024-03-09 12:00:00+00:00,7.30539
2024-03-09 13:00:00+00:00,7.456413333333334
2024-03-09 14:00:00+00:00,7.607436666666667
2024-03-09 15:00:00+00:00,7.75846
2024-03-09 16:00:00+00:00,7.671243333333334
2024-03-09 17:00:00+00:00,7.5840266666666665
2024-03-09 18:00:00+00:00,7.49681
2024-03-09 19:00:00+00:00,6.96089
2024-03-09 20:00:00+00:00,6.42497
2024-03-09 21:00:00+00:00,5.88905
2024-03-09 22:00:00+00:00,7.092630000000001
2024-03-09 23:00:00+00:00,8.29621
2024-03-10 00:00:00+00:00,9.49979
2024-03-10 01:00:00+00:00,8.69327
2024-03-10 02:00:00+00:00,7.88675
2024-03-10 03:00:00+00:00,7.08023
2024-03-10 04:00:00+00:00,6.10925
2024-03-10 05:00:00+00:00,5.13827
2024-03-10 06:00:00+00:00,4.16729
2024-03-10 07:00:00+00:00,3.8035433333333337
2024-03-10 08:00:00+00:00,3.4397966666666666
2024-03-10 09:00:00+00:00,3.07605
2024-03-10 10:00:00+00:00,2.736396666666667
2024-03-10 11:00:00+00:00,2.3967433333333332
2024-03-10 12:00:00+00:00,2.05709
2024-03-10 13:00:00+00:00,0.8468466666666667
2024-03-10 14:00:00+00:00,-0.3633966666666666
2024-03-10 15:00:00+00:00,-1.57364
2024-03-10 16:00:00+00:00,-2.0327333333333333
2024-03-10 17:00:00+00:00,-2.4918266666666664
2024-03-10 18:00:00+00:00,-2.95092
2024-03-10 19:00:00+00:00,-2.69964
2024-03-10 20:00:00+00:00,-2.44836
2024-03-10 21:00:00+00:00,-2.19708
2024-03-10 22:00:00+00:00,-3.475696666666667
2024-03-10 23:00:00+00:00,-4.754313333333334
2024-03-11 00:00:00+00:00,-6.03293
2024-03-11 01:00:00+00:00,-4.741796666666667
2024-03-11 02:00:00+00:00,-3.4506633333333334
2024-03-11 03:00:00+00:00,-2.15953
2024-03-11 04:00:00+00:00,-3.475556666666667
2024-03-11 05:00:00+00:00,-4.7915833333333335
2024-03-11 06:00:00+00:00,-6.10761
2024-03-11 07:00:00+00:00,-6.187486666666667
2024-03-11 08:00:00+00:00,-6.267363333333334
2024-03-11 09:00:00+00:00,-6.34724
2024-03-11 10:00:00+00:00,-6.793863333333333
2024-03-11 11:00:00+00:00,-7.2404866666666665
2024-03-11 12:00:00+00:00,-7.68711
2024-03-11 13:00:00+00:00,-6.729496666666666
2024-03-11 14:00:00+00:00,-5.771883333333333
2024-03-11 15:00:00+00:00,-4.81427
2024-03-11 16:00:00+00:00,-4.734863333333333
2024-03-11 17:00:00+00:00,-4.655456666666667
2024-03-11 18:00:00+00:00,-4.57605
2024-03-11 19:00:00+00:00,-4.7226566666666665
2024-03-11 20:00:00+00:00,-4.8692633333333335
2024-03-11 21:00:00+00:00,-5.01587
2024-03-11 22:00:00+00:00,-4.511513333333333
2024-03-11 23:00:00+00:00,-4.007156666666667
2024-03-12 00:00:00+00:00,-3.5028
2024-03-12 01:00:00+00:00,-3.582596666666667
2024-03-12 02:00:00+00:00,-3.662393333333333
2024-03-12 03:00:00+00:00,-3.74219
2024-03-12 04:00:00+00:00,-3.27621
2024-03-12 05:00:00+00:00,-2.8102300000000002
2024-03-12 06:00:00+00:00,-2.34425
2024-03-12 07:00:00+00:00,-2.1049100000000003
2024-03-12 08:00:00+00:00,-1.8655700000000002
2024-03-12 09:00:00+00:00,-1.62623
2024-03-12 10:00:00+00:00,-1.1956963333333335
2024-03-12 11:00:00+00:00,-0.7651626666666668
2024-03-12 12:00:00+00:00,-0.334629
2024-03-12 13:00:00+00:00,-0.05790133333333336
2024-03-12 14:00:00+00:00,0.2188263333333333
2024-03-12 15:00:00+00:00,0.495554
2024-03-12 16:00:00+00:00,0.7963359999999999
2024-03-12 17:00:00+00:00,1.0971179999999998
2024-03-12 18:00:00+00:00,1.3979
2024-03-12 19:00:00+00:00,1.073841
2024-03-12 20:00:00+00:00,0.7497820000000001
2024-03-12 21:00:00+00:00,0.425723
2024-03-12 22:00:00+00:00,-0.16583466666666674
2024-03-12 23:00:00+00:00,-0.7573923333333334
2024-03-13 00:00:00+00:00,-1.34895
2024-03-13 01:00:00+00:00,-1.6005566666666666
2024-03-13 02:00:00+00:00,-1.8521633333333334
2024-03-13 03:00:00+00:00,-2.10377
2024-03-13 04:00:00+00:00,-1.6947316666666665
2024-03-13 05:00:00+00:00,-1.2856933333333331
2024-03-13 06:00:00+00:00,-0.876655
2024-03-13 07:00:00+00:00,-0.6684633333333333
2024-03-13 08:00:00+00:00,-0.4602716666666667
2024-03-13 09:00:00+00:00,-0.25208
2024-03-13 10:00:00+00:00,0.13578199999999996
2024-03-13 11:00:00+00:00,0.523644
2024-03-13 12:00:00+00:00,0.911506
2024-03-13 13:00:00+00:00,1.0169073333333334
2024-03-13 14:00:00+00:00,1.1223086666666666
2024-03-13 15:00:00+00:00,1.22771
2024-03-13 16:00:00+00:00,1.2638
2024-03-13 17:00:00+00:00,1.29989
2024-03-13 18:00:00+00:00,1.33598
2024-03-13 19:00:00+00:00,1.2975766666666666
2024-03-13 20:00:00+00:00,1.2591733333333333
2024-03-13 21:00:00+00:00,1.22077
2024-03-13 22:00:00+00:00,1.1715533333333332
2024-03-13 23:00:00+00:00,1.1223366666666668
2024-03-14 00:00:00+00:00,1.07312
2024-03-14 01:00:00+00:00,1.4436466666666667
2024-03-14 02:00:00+00:00,1.8141733333333332
2024-03-14 03:00:00+00:00,2.1847
2024-03-14 04:00:00+00:00,2.4425166666666667
2024-03-14 05:00:00+00:00,2.700333333333333
2024-03-14 06:00:00+00:00,2.95815
2024-03-14 07:00:00+00:00,3.1047599999999997
2024-03-14 08:00:00+00:00,3.25137
2024-03-14 09:00:00+00:00,3.39798
2024-03-14 10:00:00+00:00,3.8010566666666668
2024-03-14 11:00:00+00:00,4.204133333333333
2024-03-14 12:00:00+00:00,4.60721
2024-03-14 13:00:00+00:00,4.293916666666667
2024-03-14 14:00:00+00:00,3.9806233333333334
2024-03-14 15:00:00+00:00,3.66733
2024-03-14 16:00:00+00:00,3.8437466666666666
2024-03-14 17:00:00+00:00,4.0201633333333335
2024-03-14 18:00:00+00:00,4.19658
2024-03-14 19:00:00+00:00,3.506623333333333
2024-03-14 20:00:00+00:00,2.8166666666666664
2024-03-14 21:00:00+00:00,2.12671
2024-03-14 22:00:00+00:00,1.92896
2024-03-14 23:00:00+00:00,1.7312100000000001
2024-03-15 00:00:00+00:00,1.53346
2024-03-15 01:00:00+00:00,1.253957
2024-03-15 02:00:00+00:00,0.974454
2024-03-15 03:00:00+00:00,0.694951
2024-03-15 04:00:00+00:00,0.6750626666666667
2024-03-15 05:00:00+00:00,0.6551743333333333
2024-03-15 06:00:00+00:00,0.635286
2024-03-15 07:00:00+00:00,0.750937
2024-03-15 08:00:00+00:00,0.866588
2024-03-15 09:00:00+00:00,0.982239
2024-03-15 10:00:00+00:00,1.1780926666666667
2024-03-15 11:00:00+00:00,1.3739463333333335
2024-03-15 12:00:00+00:00,1.5698
2024-03-15 13:00:00+00:00,1.0706951333333334
2024-03-15 14:00:00+00:00,0.5715902666666667
2024-03-15 15:00:00+00:00,0.0724854
2024-03-15 16:00:00+00:00,0.3351636
2024-03-15 17:00:00+00:00,0.5978418
2024-03-15 18:00:00+00:00,0.86052
2024-03-15 19:00:00+00:00,0.9384333333333333
2024-03-15 20:00:00+00:00,1.0163466666666667
2024-03-15 21:00:00+00:00,1.09426
2024-03-15 22:00:00+00:00,0.48382800000000004
2024-03-15 23:00:00+00:00,-0.12660399999999994
2024-03-16 00:00:00+00:00,-0.737036
2024-03-16 01:00:00+00:00,-0.8253373333333334
2024-03-16 02:00:00+00:00,-0.9136386666666667
2024-03-16 03:00:00+00:00,-1.00194
2024-03-16 04:00:00+00:00,-0.7010711666666667
2024-03-16 05:00:00+00:00,-0.4002023333333333
2024-03-16 06:00:00+00:00,-0.0993335
2024-03-16 07:00:00+00:00,-0.029552333333333333
2024-03-16 08:00:00+00:00,0.04022883333333334
2024-03-16 09:00:00+00:00,0.11001
2024-03-16 10:00:00+00:00,0.6825833333333333
2024-03-16 11:00:00+00:00,1.2551566666666667
2024-03-16 12:00:00+00:00,1.82773
2024-03-16 13:00:00+00:00,2.207656666666667
2024-03-16 14:00:00+00:00,2.5875833333333333
2024-03-16 15:00:00+00:00,2.96751
2024-03-16 16:00:00+00:00,1.7698586666666667
2024-03-16 17:00:00+00:00,0.5722073333333335
2024-03-16 18:00:00+00:00,-0.625444
2024-03-16 19:00:00+00:00,-0.671455
2024-03-16 20:00:00+00:00,-0.7174659999999999
2024-03-16 21:00:00+00:00,-0.763477
2024-03-16 22:00:00+00:00,-0.46705599999999997
2024-03-16 23:00:00+00:00,-0.17063499999999998
2024-03-17 00:00:00+00:00,0.125786
2024-03-17 01:00:00+00:00,0.03655433333333334
2024-03-17 02:00:00+00:00,-0.052677333333333326
2024-03-17 03:00:00+00:00,-0.141909
2024-03-17 04:00:00+00:00,-0.6403760000000001
2024-03-17 05:00:00+00:00,-1.138843
2024-03-17 06:00:00+00:00,-1.63731
2024-03-17 07:00:00+00:00,-1.4874333333333334
2024-03-17 08:00:00+00:00,-1.3375566666666667
2024-03-17 09:00:00+00:00,-1.18768
2024-03-17 10:00:00+00:00,-0.31972
2024-03-17 11:00:00+00:00,0.5482400000000001
2024-03-17 12:00:00+00:00,1.4162
2024-03-17 13:00:00+00:00,1.62091
2024-03-17 14:00:00+00:00,1.82562
2024-03-17 15:00:00+00:00,2.03033
2024-03-17 16:00:00+00:00,1.1938243333333336
2024-03-17 17:00:00+00:00,0.3573186666666668
2024-03-17 18:00:00+00:00,-0.479187
2024-03-17 19:00:00+00:00,-0.5260716666666666
2024-03-17 20:00:00+00:00,-0.5729563333333333
2024-03-17 21:00:00+00:00,-0.619841
2024-03-17 22:00:00+00:00,-0.4077504333333333
2024-03-17 23:00:00+00:00,-0.19565986666666663
2024-03-18 00:00:00+00:00,0.0164307
2024-03-18 01:00:00+00:00,0.04482113333333333
2024-03-18 02:00:00+00:00,0.07321156666666667
2024-03-18 03:00:00+00:00,0.101602
2024-03-18 04:00:00+00:00,-0.22115533333333334
2024-03-18 05:00:00+00:00,-0.5439126666666667
2024-03-18 06:00:00+00:00,-0.86667
2024-03-18 07:00:00+00:00,-0.9980600000000001
2024-03-18 08:00:00+00:00,-1.12945
2024-03-18 09:00:00+00:00,-1.26084
2024-03-18 10:00:00+00:00,-0.5698176666666667
2024-03-18 11:00:00+00:00,0.12120466666666663
2024-03-18 12:00:00+00:00,0.812227
2024-03-18 13:00:00+00:00,1.2984713333333333
2024-03-18 14:00:00+00:00,1.7847156666666666
2024-03-18 15:00:00+00:00,2.27096
2024-03-18 16:00:00+00:00,1.7320593333333334
2024-03-18 17:00:00+00:00,1.1931586666666667
2024-03-18 18:00:00+00:00,0.654258
2024-03-18 19:00:00+00:00,1.093082
2024-03-18 20:00:00+00:00,1.5319060000000002
2024-03-18 21:00:00+00:00,1.97073
2024-03-18 22:00:00+00:00,1.4567806666666667
2024-03-18 23:00:00+00:00,0.9428313333333334
2024-03-19 00:00:00+00:00,0.428882
2024-03-19 01:00:00+00:00,0.41693366666666665
2024-03-19 02:00:00+00:00,0.40498533333333336
2024-03-19 03:00:00+00:00,0.393037
2024-03-19 04:00:00+00:00,0.06433433333333338
2024-03-19 05:00:00+00:00,-0.26436833333333326
2024-03-19 06:00:00+00:00,-0.593071
2024-03-19 07:00:00+00:00,-0.5360806666666666
2024-03-19 08:00:00+00:00,-0.47909033333333334
2024-03-19 09:00:00+00:00,-0.4221
2024-03-19 10:00:00+00:00,0.36957333333333336
2024-03-19 11:00:00+00:00,1.1612466666666668
2024-03-19 12:00:00+00:00,1.95292
2024-03-19 13:00:00+00:00,2.24134
2024-03-19 14:00:00+00:00,2.52976
2024-03-19 15:00:00+00:00,2.81818
2024-03-19 16:00:00+00:00,2.9366133333333333
2024-03-19 17:00:00+00:00,3.0550466666666667
2024-03-19 18:00:00+00:00,3.17348
2024-03-19 19:00:00+00:00,3.09375
2024-03-19 20:00:00+00:00,3.01402
2024-03-19 21:00:00+00:00,2.93429
2024-03-19 22:00:00+00:00,2.8636633333333332
2024-03-19 23:00:00+00:00,2.7930366666666666
2024-03-20 00:00:00+00:00,2.72241
2024-03-20 01:00:00+00:00,2.47638
2024-03-20 02:00:00+00:00,2.23035
2024-03-20 03:00:00+00:00,1.98432
2024-03-20 04:00:00+00:00,1.2235376666666666
2024-03-20 05:00:00+00:00,0.4627553333333334
2024-03-20 06:00:00+00:00,-0.298027
2024-03-20 07:00:00+00:00,0.24937533333333334
2024-03-20 08:00:00+00:00,0.7967776666666666
2024-03-20 09:00:00+00:00,1.34418
2024-03-20 10:00:00+00:00,1.7656166666666666
2024-03-20 11:00:00+00:00,2.1870533333333335
2024-03-20 12:00:00+00:00,2.60849
2024-03-20 13:00:00+00:00,4.44472
2024-03-20 14:00:00+00:00,6.28095
2024-03-20 15:00:00+00:00,8.11718
2024-03-20 16:00:00+00:00,6.9724933333333325
2024-03-20 17:00:00+00:00,5.827806666666666
2024-03-20 18:00:00+00:00,4.68312
2024-03-20 19:00:00+00:00,2.6739566666666663
2024-03-20 20:00:00+00:00,0.6647933333333329
2024-03-20 21:00:00+00:00,-1.34437
2024-03-20 22:00:00+00:00,-2.8034966666666667
2024-03-20 23:00:00+00:00,-4.262623333333334
2024-03-21 00:00:00+00:00,-5.72175
2024-03-21 01:00:00+00:00,-3.9209346666666667
2024-03-21 02:00:00+00:00,-2.1201193333333332
2024-03-21 03:00:00+00:00,-0.319304
2024-03-21 04:00:00+00:00,-0.13688366666666665
2024-03-21 05:00:00+00:00,0.04553666666666667
2024-03-21 06:00:00+00:00,0.227957
2024-03-21 07:00:00+00:00,-0.8237786666666667
2024-03-21 08:00:00+00:00,-1.8755143333333333
2024-03-21 09:00:00+00:00,-2.92725
2024-03-21 10:00:00+00:00,-1.8275919999999999
2024-03-21 11:00:00+00:00,-0.7279339999999999
2024-03-21 12:00:00+00:00,0.371724
2024-03-21 13:00:00+00:00,1.6612193333333334
2024-03-21 14:00:00+00:00,2.950714666666667
2024-03-21 15:00:00+00:00,4.24021
2024-03-21 16:00:00+00:00,3.5351500000000002
2024-03-21 17:00:00+00:00,2.83009
2024-03-21 18:00:00+00:00,2.12503
2024-03-21 19:00:00+00:00,0.6195700000000002
2024-03-21 20:00:00+00:00,-0.8858899999999998
2024-03-21 21:00:00+00:00,-2.39135
2024-03-21 22:00:00+00:00,-3.214653333333333
2024-03-21 23:00:00+00:00,-4.037956666666666
2024-03-22 00:00:00+00:00,-4.86126
2024-03-22 01:00:00+00:00,-4.483856666666666
2024-03-22 02:00:00+00:00,-4.1064533333333335
2024-03-22 03:00:00+00:00,-3.72905
2024-03-22 04:00:00+00:00,-3.8783333333333334
2024-03-22 05:00:00+00:00,-4.027616666666667
2024-03-22 06:00:00+00:00,-4.1769
2024-03-22 07:00:00+00:00,-3.613513333333333
2024-03-22 08:00:00+00:00,-3.0501266666666664
2024-03-22 09:00:00+00:00,-2.48674
2024-03-22 10:00:00+00:00,-1.5167290000000002
2024-03-22 11:00:00+00:00,-0.546718
2024-03-22 12:00:00+00:00,0.423293
2024-03-22 13:00:00+00:00,0.646532
2024-03-22 14:00:00+00:00,0.8697710000000001
2024-03-22 15:00:00+00:00,1.09301
2024-03-22 16:00:00+00:00,2.0494733333333333
2024-03-22 17:00:00+00:00,3.005936666666667
2024-03-22 18:00:00+00:00,3.9624
2024-03-22 19:00:00+00:00,3.2999333333333336
2024-03-22 20:00:00+00:00,2.6374666666666666
2024-03-22 21:00:00+00:00,1.975
2024-03-22 22:00:00+00:00,1.0221076666666669
2024-03-22 23:00:00+00:00,0.0692153333333334
2024-03-23 00:00:00+00:00,-0.883677
2024-03-23 01:00:00+00:00,-0.7300133333333334
2024-03-23 02:00:00+00:00,-0.5763496666666668
2024-03-23 03:00:00+00:00,-0.422686
2024-03-23 04:00:00+00:00,-1.1795506666666666
2024-03-23 05:00:00+00:00,-1.9364153333333332
2024-03-23 06:00:00+00:00,-2.69328
2024-03-23 07:00:00+00:00,-3.851353333333334
2024-03-23 08:00:00+00:00,-5.009426666666667
2024-03-23 09:00:00+00:00,-6.1675
2024-03-23 10:00:00+00:00,-5.176766666666667
2024-03-23 11:00:00+00:00,-4.1860333333333335
2024-03-23 12:00:00+00:00,-3.1953
2024-03-23 13:00:00+00:00,-2.2017526666666667
2024-03-23 14:00:00+00:00,-1.2082053333333334
2024-03-23 15:00:00+00:00,-0.214658
2024-03-23 16:00:00+00:00,1.4224913333333333
2024-03-23 17:00:00+00:00,3.0596406666666667
2024-03-23 18:00:00+00:00,4.69679
2024-03-23 19:00:00+00:00,3.7266266666666668
2024-03-23 20:00:00+00:00,2.7564633333333335
2024-03-23 21:00:00+00:00,1.7863
2024-03-23 22:00:00+00:00,0.8460866666666667
2024-03-23 23:00:00+00:00,-0.09412666666666669
2024-03-24 00:00:00+00:00,-1.03434
2024-03-24 01:00:00+00:00,-0.8519086666666666
2024-03-24 02:00:00+00:00,-0.6694773333333333
2024-03-24 03:00:00+00:00,-0.487046
2024-03-24 04:00:00+00:00,-1.4550939999999999
2024-03-24 05:00:00+00:00,-2.423142
2024-03-24 06:00:00+00:00,-3.39119
2024-03-24 07:00:00+00:00,-3.33276
2024-03-24 08:00:00+00:00,-3.27433
2024-03-24 09:00:00+00:00,-3.2159
2024-03-24 10:00:00+00:00,-2.0491393333333336
2024-03-24 11:00:00+00:00,-0.8823786666666669
2024-03-24 12:00:00+00:00,0.284382
2024-03-24 13:00:00+00:00,0.5340513333333333
2024-03-24 14:00:00+00:00,0.7837206666666667
2024-03-24 15:00:00+00:00,1.03339
2024-03-24 16:00:00+00:00,1.7086733333333335
2024-03-24 17:00:00+00:00,2.3839566666666667
2024-03-24 18:00:00+00:00,3.05924
2024-03-24 19:00:00+00:00,2.81634
2024-03-24 20:00:00+00:00,2.57344
2024-03-24 21:00:00+00:00,2.33054
2024-03-24 22:00:00+00:00,2.3265766666666665
2024-03-24 23:00:00+00:00,2.3226133333333334
2024-03-25 00:00:00+00:00,2.31865
2024-03-25 01:00:00+00:00,1.1474133333333334
2024-03-25 02:00:00+00:00,-0.023823333333333085
2024-03-25 03:00:00+00:00,-1.19506
2024-03-25 04:00:00+00:00,-0.45876666666666677
2024-03-25 05:00:00+00:00,0.2775266666666665
2024-03-25 06:00:00+00:00,1.01382
2024-03-25 07:00:00+00:00,1.4561433333333333
2024-03-25 08:00:00+00:00,1.8984666666666667
2024-03-25 09:00:00+00:00,2.34079
2024-03-25 10:00:00+00:00,3.0296166666666666
2024-03-25 11:00:00+00:00,3.718443333333333
2024-03-25 12:00:00+00:00,4.40727
2024-03-25 13:00:00+00:00,4.17334
2024-03-25 14:00:00+00:00,3.93941
2024-03-25 15:00:00+00:00,3.70548
2024-03-25 16:00:00+00:00,4.62608
2024-03-25 17:00:00+00:00,5.54668
2024-03-25 18:00:00+00:00,6.46728
2024-03-25 19:00:00+00:00,5.734506666666666
2024-03-25 20:00:00+00:00,5.001733333333333
2024-03-25 21:00:00+00:00,4.26896
2024-03-25 22:00:00+00:00,4.3402899999999995
2024-03-25 23:00:00+00:00,4.41162
2024-03-26 00:00:00+00:00,4.48295
2024-03-26 01:00:00+00:00,2.3885
2024-03-26 02:00:00+00:00,0.29405000000000037
2024-03-26 03:00:00+00:00,-1.8004
2024-03-26 04:00:00+00:00,-1.046672
2024-03-26 05:00:00+00:00,-0.29294399999999987
2024-03-26 06:00:00+00:00,0.460784
2024-03-26 07:00:00+00:00,0.13356300000000004
2024-03-26 08:00:00+00:00,-0.19365799999999994
2024-03-26 09:00:00+00:00,-0.520879
2024-03-26 10:00:00+00:00,0.6224439999999999
2024-03-26 11:00:00+00:00,1.7657669999999999
2024-03-26 12:00:00+00:00,2.90909
2024-03-26 13:00:00+00:00,2.5453266666666665
2024-03-26 14:00:00+00:00,2.1815633333333335
2024-03-26 15:00:00+00:00,1.8178
2024-03-26 16:00:00+00:00,3.001876666666667
2024-03-26 17:00:00+00:00,4.185953333333334
2024-03-26 18:00:00+00:00,5.37003
2024-03-26 19:00:00+00:00,5.412726666666667
2024-03-26 20:00:00+00:00,5.455423333333333
2024-03-26 21:00:00+00:00,5.49812
2024-03-26 22:00:00+00:00,3.353309
2024-03-26 23:00:00+00:00,1.2084979999999996
2024-03-27 00:00:00+00:00,-0.936313
2024-03-27 01:00:00+00:00,0.03630466666666676
2024-03-27 02:00:00+00:00,1.0089223333333335
2024-03-27 03:00:00+00:00,1.98154
2024-03-27 04:00:00+00:00,3.2554933333333334
2024-03-27 05:00:00+00:00,4.529446666666667
2024-03-27 06:00:00+00:00,5.8034
2024-03-27 07:00:00+00:00,5.644946666666667
2024-03-27 08:00:00+00:00,5.486493333333333
2024-03-27 09:00:00+00:00,5.32804
2024-03-27 10:00:00+00:00,6.722306666666666
2024-03-27 11:00:00+00:00,8.116573333333333
2024-03-27 12:00:00+00:00,9.51084
2024-03-27 13:00:00+00:00,8.446883333333334
2024-03-27 14:00:00+00:00,7.382926666666666
2024-03-27 15:00:00+00:00,6.31897
2024-03-27 16:00:00+00:00,6.744723333333334
2024-03-27 17:00:00+00:00,7.170476666666667
2024-03-27 18:00:00+00:00,7.59623
2024-03-27 19:00:00+00:00,8.823353333333333
2024-03-27 20:00:00+00:00,10.050476666666667
2024-03-27 21:00:00+00:00,11.2776
2024-03-27 22:00:00+00:00,10.28025
2024-03-27 23:00:00+00:00,9.2829
2024-03-28 00:00:00+00:00,8.28555
2024-03-28 01:00:00+00:00,7.14545
2024-03-28 02:00:00+00:00,6.00535
2024-03-28 03:00:00+00:00,4.86525
2024-03-28 04:00:00+00:00,5.06867
2024-03-28 05:00:00+00:00,5.2720899999999995
2024-03-28 06:00:00+00:00,5.47551
2024-03-28 07:00:00+00:00,5.42838
2024-03-28 08:00:00+00:00,5.3812500000000005
2024-03-28 09:00:00+00:00,5.33412
2024-03-28 10:00:00+00:00,6.973913333333334
2024-03-28 11:00:00+00:00,8.613706666666667
2024-03-28 12:00:00+00:00,10.2535
2024-03-28 13:00:00+00:00,11.256333333333334
2024-03-28 14:00:00+00:00,12.259166666666667
2024-03-28 15:00:00+00:00,13.262
2024-03-28 16:00:00+00:00,14.138466666666668
2024-03-28 17:00:00+00:00,15.014933333333333
2024-03-28 18:00:00+00:00,15.8914
2024-03-28 19:00:00+00:00,15.950800000000001
2024-03-28 20:00:00+00:00,16.0102
2024-03-28 21:00:00+00:00,16.0696
2024-03-28 22:00:00+00:00,16.462133333333334
2024-03-28 23:00:00+00:00,16.854666666666667
2024-03-29 00:00:00+00:00,17.2472
2024-03-29 01:00:00+00:00,12.756816666666666
2024-03-29 02:00:00+00:00,8.266433333333334
2024-03-29 03:00:00+00:00,3.77605
2024-03-29 04:00:00+00:00,3.7433666666666667
2024-03-29 05:00:00+00:00,3.7106833333333333
2024-03-29 06:00:00+00:00,3.678
2024-03-29 07:00:00+00:00,2.570416333333333
2024-03-29 08:00:00+00:00,1.462832666666667
2024-03-29 09:00:00+00:00,0.355249
2024-03-29 10:00:00+00:00,1.6564026666666665
2024-03-29 11:00:00+00:00,2.9575563333333332
2024-03-29 12:00:00+00:00,4.25871
2024-03-29 13:00:00+00:00,4.681836666666666
2024-03-29 14:00:00+00:00,5.104963333333333
2024-03-29 15:00:00+00:00,5.52809
2024-03-29 16:00:00+00:00,3.8380633333333334
2024-03-29 17:00:00+00:00,2.1480366666666666
2024-03-29 18:00:00+00:00,0.45801
2024-03-29 19:00:00+00:00,1.8053733333333333
2024-03-29 20:00:00+00:00,3.1527366666666663
2024-03-29 21:00:00+00:00,4.5001
2024-03-29 22:00:00+00:00,4.131456666666667
2024-03-29 23:00:00+00:00,3.7628133333333333
2024-03-30 00:00:00+00:00,3.39417
2024-03-30 01:00:00+00:00,4.470736666666666
2024-03-30 02:00:00+00:00,5.547303333333334
2024-03-30 03:00:00+00:00,6.62387
2024-03-30 04:00:00+00:00,7.021123333333334
2024-03-30 05:00:00+00:00,7.418376666666666
2024-03-30 06:00:00+00:00,7.81563
2024-03-30 07:00:00+00:00,8.603353333333333
2024-03-30 08:00:00+00:00,9.391076666666667
2024-03-30 09:00:00+00:00,10.1788
2024-03-30 10:00:00+00:00,9.049013333333335
2024-03-30 11:00:00+00:00,7.919226666666667
2024-03-30 12:00:00+00:00,6.78944
2024-03-30 13:00:00+00:00,8.32696
2024-03-30 14:00:00+00:00,9.86448
2024-03-30 15:00:00+00:00,11.402
2024-03-30 16:00:00+00:00,10.001573333333333
2024-03-30 17:00:00+00:00,8.601146666666667
2024-03-30 18:00:00+00:00,7.20072
2024-03-30 19:00:00+00:00,6.285706666666666
2024-03-30 20:00:00+00:00,5.3706933333333335
2024-03-30 21:00:00+00:00,4.45568
2024-03-30 22:00:00+00:00,5.704586666666667
2024-03-30 23:00:00+00:00,6.953493333333334
2024-03-31 00:00:00+00:00,8.2024
2024-03-31 01:00:00+00:00,7.607686666666667
2024-03-31 02:00:00+00:00,7.012973333333334
2024-03-31 03:00:00+00:00,6.41826
2024-03-31 04:00:00+00:00,8.038206666666667
2024-03-31 05:00:00+00:00,9.658153333333333
2024-03-31 06:00:00+00:00,11.2781
2024-03-31 07:00:00+00:00,9.74079
2024-03-31 08:00:00+00:00,8.20348
2024-03-31 09:00:00+00:00,6.66617
2024-03-31 10:00:00+00:00,6.918473333333333
2024-03-31 11:00:00+00:00,7.170776666666667
2024-03-31 12:00:00+00:00,7.42308
2024-03-31 13:00:00+00:00,6.539623333333333
2024-03-31 14:00:00+00:00,5.656166666666667
2024-03-31 15:00:00+00:00,4.77271
2024-03-31 16:00:00+00:00,4.92476
2024-03-31 17:00:00+00:00,5.07681
2024-03-31 18:00:00+00:00,5.22886
2024-03-31 19:00:00+00:00,5.591483333333334
2024-03-31 20:00:00+00:00,5.954106666666666
2024-03-31 21:00:00+00:00,6.31673
2024-03-31 22:00:00+00:00,6.1156033333333335
2024-03-31 23:00:00+00:00,5.914476666666666
2024-04-01 00:00:00+00:00,5.71335
2024-04-01 01:00:00+00:00,5.215063333333333
2024-04-01 02:00:00+00:00,4.716776666666667
2024-04-01 03:00:00+00:00,4.21849
2024-04-01 04:00:00+00:00,4.4777933333333335
2024-04-01 05:00:00+00:00,4.737096666666667
2024-04-01 06:00:00+00:00,4.9964
2024-04-01 07:00:00+00:00,5.33593
2024-04-01 08:00:00+00:00,5.67546
2024-04-01 09:00:00+00:00,6.01499
2024-04-01 10:00:00+00:00,5.74641
2024-04-01 11:00:00+00:00,5.47783
2024-04-01 12:00:00+00:00,5.20925
2024-04-01 13:00:00+00:00,5.218756666666667
2024-04-01 14:00:00+00:00,5.2282633333333335
2024-04-01 15:00:00+00:00,5.23777
2024-04-01 16:00:00+00:00,4.868720000000001
2024-04-01 17:00:00+00:00,4.49967
2024-04-01 18:00:00+00:00,4.13062
2024-04-01 19:00:00+00:00,4.753723333333333
2024-04-01 20:00:00+00:00,5.376826666666667
2024-04-01 21:00:00+00:00,5.99993
2024-04-01 22:00:00+00:00,5.2341766666666665
2024-04-01 23:00:00+00:00,4.468423333333333
2024-04-02 00:00:00+00:00,3.70267
2024-04-02 01:00:00+00:00,3.61476
2024-04-02 02:00:00+00:00,3.52685
2024-04-02 03:00:00+00:00,3.43894
2024-04-02 04:00:00+00:00,3.2658833333333335
2024-04-02 05:00:00+00:00,3.092826666666667
2024-04-02 06:00:00+00:00,2.91977
2024-04-02 07:00:00+00:00,2.940906666666667
2024-04-02 08:00:00+00:00,2.9620433333333334
2024-04-02 09:00:00+00:00,2.98318
2024-04-02 10:00:00+00:00,3.74654
2024-04-02 11:00:00+00:00,4.5099
2024-04-02 12:00:00+00:00,5.27326
2024-04-02 13:00:00+00:00,5.2532266666666665
2024-04-02 14:00:00+00:00,5.233193333333333
2024-04-02 15:00:00+00:00,5.21316
2024-04-02 16:00:00+00:00,4.547833333333333
2024-04-02 17:00:00+00:00,3.882506666666667
2024-04-02 18:00:00+00:00,3.21718
2024-04-02 19:00:00+00:00,2.59203
2024-04-02 20:00:00+00:00,1.96688
2024-04-02 21:00:00+00:00,1.34173
2024-04-02 22:00:00+00:00,2.5072866666666664
2024-04-02 23:00:00+00:00,3.6728433333333332
2024-04-03 00:00:00+00:00,4.8384
2024-04-03 01:00:00+00:00,4.3881266666666665
2024-04-03 02:00:00+00:00,3.9378533333333334
2024-04-03 03:00:00+00:00,3.48758
2024-04-03 04:00:00+00:00,3.0849433333333334
2024-04-03 05:00:00+00:00,2.6823066666666664
2024-04-03 06:00:00+00:00,2.27967
2024-04-03 07:00:00+00:00,2.324246666666667
2024-04-03 08:00:00+00:00,2.3688233333333333
2024-04-03 09:00:00+00:00,2.4134
2024-04-03 10:00:00+00:00,2.6202833333333335
2024-04-03 11:00:00+00:00,2.827166666666667
2024-04-03 12:00:00+00:00,3.03405
2024-04-03 13:00:00+00:00,2.9225266666666667
2024-04-03 14:00:00+00:00,2.8110033333333333
2024-04-03 15:00:00+00:00,2.69948
2024-04-03 16:00:00+00:00,2.6857866666666665
2024-04-03 17:00:00+00:00,2.672093333333333
2024-04-03 18:00:00+00:00,2.6584
2024-04-03 19:00:00+00:00,2.71393
2024-04-03 20:00:00+00:00,2.76946
2024-04-03 21:00:00+00:00,2.82499
2024-04-03 22:00:00+00:00,2.8484433333333334
2024-04-03 23:00:00+00:00,2.8718966666666668
2024-04-04 00:00:00+00:00,2.89535
2024-04-04 01:00:00+00:00,2.8348233333333335
2024-04-04 02:00:00+00:00,2.7742966666666664
2024-04-04 03:00:00+00:00,2.71377
2024-04-04 04:00:00+00:00,2.1280536666666667
2024-04-04 05:00:00+00:00,1.5423373333333334
2024-04-04 06:00:00+00:00,0.956621
2024-04-04 07:00:00+00:00,0.8046273333333334
2024-04-04 08:00:00+00:00,0.6526336666666667
2024-04-04 09:00:00+00:00,0.50064
2024-04-04 10:00:00+00:00,1.0808399999999998
2024-04-04 11:00:00+00:00,1.6610399999999998
2024-04-04 12:00:00+00:00,2.24124
2024-04-04 13:00:00+00:00,2.4118933333333334
2024-04-04 14:00:00+00:00,2.5825466666666665
2024-04-04 15:00:00+00:00,2.7532
2024-04-04 16:00:00+00:00,2.1319403333333335
2024-04-04 17:00:00+00:00,1.5106806666666668
2024-04-04 18:00:00+00:00,0.889421
2024-04-04 19:00:00+00:00,1.6212206666666669
2024-04-04 20:00:00+00:00,2.3530203333333333
2024-04-04 21:00:00+00:00,3.08482
2024-04-04 22:00:00+00:00,3.15576
2024-04-04 23:00:00+00:00,3.2267
2024-04-05 00:00:00+00:00,3.29764
2024-04-05 01:00:00+00:00,2.866373333333333
2024-04-05 02:00:00+00:00,2.4351066666666665
2024-04-05 03:00:00+00:00,2.00384
2024-04-05 04:00:00+00:00,1.8596766666666666
2024-04-05 05:00:00+00:00,1.7155133333333332
2024-04-05 06:00:00+00:00,1.57135
2024-04-05 07:00:00+00:00,1.9944233333333334
2024-04-05 08:00:00+00:00,2.4174966666666666
2024-04-05 09:00:00+00:00,2.84057
2024-04-05 10:00:00+00:00,3.9522933333333334
2024-04-05 11:00:00+00:00,5.064016666666667
2024-04-05 12:00:00+00:00,6.17574
2024-04-05 13:00:00+00:00,6.299566666666667
2024-04-05 14:00:00+00:00,6.423393333333333
2024-04-05 15:00:00+00:00,6.54722
2024-04-05 16:00:00+00:00,6.156133333333334
2024-04-05 17:00:00+00:00,5.765046666666667
2024-04-05 18:00:00+00:00,5.37396
2024-04-05 19:00:00+00:00,4.164243333333333
2024-04-05 20:00:00+00:00,2.9545266666666667
2024-04-05 21:00:00+00:00,1.74481
2024-04-05 22:00:00+00:00,4.0798733333333335
2024-04-05 23:00:00+00:00,6.414936666666667
2024-04-06 00:00:00+00:00,8.75
2024-04-06 01:00:00+00:00,8.248266666666666
2024-04-06 02:00:00+00:00,7.746533333333333
2024-04-06 03:00:00+00:00,7.2448
2024-04-06 04:00:00+00:00,3.443093333333333
2024-04-06 05:00:00+00:00,-0.35861333333333345
2024-04-06 06:00:00+00:00,-4.16032
2024-04-06 07:00:00+00:00,-0.7700699999999996
2024-04-06 08:00:00+00:00,2.6201800000000004
2024-04-06 09:00:00+00:00,6.01043
2024-04-06 10:00:00+00:00,6.230566666666667
2024-04-06 11:00:00+00:00,6.450703333333333
2024-04-06 12:00:00+00:00,6.67084
2024-04-06 13:00:00+00:00,5.111923333333333
2024-04-06 14:00:00+00:00,3.5530066666666666
2024-04-06 15:00:00+00:00,1.99409
2024-04-06 16:00:00+00:00,0.1466766666666668
2024-04-06 17:00:00+00:00,-1.7007366666666663
2024-04-06 18:00:00+00:00,-3.54815
2024-04-06 19:00:00+00:00,-1.7816333333333334
2024-04-06 20:00:00+00:00,-0.015116666666666667
2024-04-06 21:00:00+00:00,1.7514
2024-04-06 22:00:00+00:00,1.2584846666666667
2024-04-06 23:00:00+00:00,0.7655693333333333
2024-04-07 00:00:00+00:00,0.272654
2024-04-07 01:00:00+00:00,-0.6880506666666666
2024-04-07 02:00:00+00:00,-1.6487553333333334
2024-04-07 03:00:00+00:00,-2.60946
2024-04-07 04:00:00+00:00,-2.10595
2024-04-07 05:00:00+00:00,-1.6024399999999999
2024-04-07 06:00:00+00:00,-1.09893
2024-04-07 07:00:00+00:00,0.3384933333333333
2024-04-07 08:00:00+00:00,1.7759166666666666
2024-04-07 09:00:00+00:00,3.21334
2024-04-07 10:00:00+00:00,2.048654
2024-04-07 11:00:00+00:00,0.8839680000000003
2024-04-07 12:00:00+00:00,-0.280718
2024-04-07 13:00:00+00:00,1.6688779999999999
2024-04-07 14:00:00+00:00,3.618474
2024-04-07 15:00:00+00:00,5.56807
2024-04-07 16:00:00+00:00,4.352016666666667
2024-04-07 17:00:00+00:00,3.135963333333333
2024-04-07 18:00:00+00:00,1.91991
2024-04-07 19:00:00+00:00,1.564307
2024-04-07 20:00:00+00:00,1.208704
2024-04-07 21:00:00+00:00,0.853101
2024-04-07 22:00:00+00:00,1.778644
2024-04-07 23:00:00+00:00,2.7041869999999997
2024-04-08 00:00:00+00:00,3.62973
2024-04-08 01:00:00+00:00,3.60169
2024-04-08 02:00:00+00:00,3.5736499999999998
2024-04-08 03:00:00+00:00,3.54561
2024-04-08 04:00:00+00:00,3.814366666666667
2024-04-08 05:00:00+00:00,4.083123333333334
2024-04-08 06:00:00+00:00,4.35188
2024-04-08 07:00:00+00:00,4.60473
2024-04-08 08:00:00+00:00,4.8575800000000005
2024-04-08 09:00:00+00:00,5.11043
2024-04-08 10:00:00+00:00,5.444133333333333
2024-04-08 11:00:00+00:00,5.7778366666666665
2024-04-08 12:00:00+00:00,6.11154
2024-04-08 13:00:00+00:00,5.400063333333334
2024-04-08 14:00:00+00:00,4.688586666666667
2024-04-08 15:00:00+00:00,3.97711
2024-04-08 16:00:00+00:00,1.7958733333333332
2024-04-08 17:00:00+00:00,-0.3853633333333337
2024-04-08 18:00:00+00:00,-2.5666
2024-04-08 19:00:00+00:00,-4.33771
2024-04-08 20:00:00+00:00,-6.10882
2024-04-08 21:00:00+00:00,-7.87993
2024-04-08 22:00:00+00:00,-8.069896666666667
2024-04-08 23:00:00+00:00,-8.259863333333334
2024-04-09 00:00:00+00:00,-8.44983
2024-04-09 01:00:00+00:00,-7.95076
2024-04-09 02:00:00+00:00,-7.45169
2024-04-09 03:00:00+00:00,-6.95262
2024-04-09 04:00:00+00:00,-6.75244
2024-04-09 05:00:00+00:00,-6.5522599999999995
2024-04-09 06:00:00+00:00,-6.35208
2024-04-09 07:00:00+00:00,-4.230010533333333
2024-04-09 08:00:00+00:00,-2.107941066666667
2024-04-09 09:00:00+00:00,0.0141284
2024-04-09 10:00:00+00:00,0.1469882666666667
2024-04-09 11:00:00+00:00,0.27984813333333336
2024-04-09 12:00:00+00:00,0.412708
2024-04-09 13:00:00+00:00,0.50088
2024-04-09 14:00:00+00:00,0.589052
2024-04-09 15:00:00+00:00,0.677224
2024-04-09 16:00:00+00:00,0.906576
2024-04-09 17:00:00+00:00,1.135928
2024-04-09 18:00:00+00:00,1.36528
2024-04-09 19:00:00+00:00,0.711492
2024-04-09 20:00:00+00:00,0.05770399999999998
2024-04-09 21:00:00+00:00,-0.596084
2024-04-09 22:00:00+00:00,-1.188466
2024-04-09 23:00:00+00:00,-1.7808480000000002
2024-04-10 00:00:00+00:00,-2.37323
2024-04-10 01:00:00+00:00,-2.44741
2024-04-10 02:00:00+00:00,-2.5215899999999998
2024-04-10 03:00:00+00:00,-2.59577
2024-04-10 04:00:00+00:00,-2.9980533333333335
2024-04-10 05:00:00+00:00,-3.4003366666666666
2024-04-10 06:00:00+00:00,-3.80262
2024-04-10 07:00:00+00:00,-3.08906
2024-04-10 08:00:00+00:00,-2.3754999999999997
2024-04-10 09:00:00+00:00,-1.66194
2024-04-10 10:00:00+00:00,-1.3533726666666666
2024-04-10 11:00:00+00:00,-1.0448053333333331
2024-04-10 12:00:00+00:00,-0.736238
2024-04-10 13:00:00+00:00,-0.3907496666666666
2024-04-10 14:00:00+00:00,-0.045261333333333265
2024-04-10 15:00:00+00:00,0.300227
2024-04-10 16:00:00+00:00,0.7816646666666667
2024-04-10 17:00:00+00:00,1.2631023333333333
2024-04-10 18:00:00+00:00,1.74454
2024-04-10 19:00:00+00:00,-0.2661433333333332
2024-04-10 20:00:00+00:00,-2.2768266666666666
2024-04-10 21:00:00+00:00,-4.28751
2024-04-10 22:00:00+00:00,-3.9855033333333334
2024-04-10 23:00:00+00:00,-3.6834966666666666
2024-04-11 00:00:00+00:00,-3.38149
2024-04-11 01:00:00+00:00,-3.6121866666666667
2024-04-11 02:00:00+00:00,-3.842883333333333
2024-04-11 03:00:00+00:00,-4.07358
2024-04-11 04:00:00+00:00,-3.858703333333333
2024-04-11 05:00:00+00:00,-3.6438266666666665
2024-04-11 06:00:00+00:00,-3.42895
2024-04-11 07:00:00+00:00,-3.027233333333333
2024-04-11 08:00:00+00:00,-2.625516666666667
2024-04-11 09:00:00+00:00,-2.2238
2024-04-11 10:00:00+00:00,-3.17774
2024-04-11 11:00:00+00:00,-4.131679999999999
2024-04-11 12:00:00+00:00,-5.08562
2024-04-11 13:00:00+00:00,-5.670796666666666
2024-04-11 14:00:00+00:00,-6.255973333333333
2024-04-11 15:00:00+00:00,-6.84115
2024-04-11 16:00:00+00:00,-5.9087266666666665
2024-04-11 17:00:00+00:00,-4.976303333333333
2024-04-11 18:00:00+00:00,-4.04388
2024-04-11 19:00:00+00:00,-3.56566
2024-04-11 20:00:00+00:00,-3.08744
2024-04-11 21:00:00+00:00,-2.60922
2024-04-11 22:00:00+00:00,-0.9483200000000003
2024-04-11 23:00:00+00:00,0.7125799999999995
2024-04-12 00:00:00+00:00,2.37348
2024-04-12 01:00:00+00:00,1.3782769999999998
2024-04-12 02:00:00+00:00,0.3830739999999999
2024-04-12 03:00:00+00:00,-0.612129
2024-04-12 04:00:00+00:00,-0.12203533333333338
2024-04-12 05:00:00+00:00,0.36805833333333327
2024-04-12 06:00:00+00:00,0.858152
2024-04-12 07:00:00+00:00,1.014838
2024-04-12 08:00:00+00:00,1.171524
2024-04-12 09:00:00+00:00,1.32821
2024-04-12 10:00:00+00:00,1.2993299999999999
2024-04-12 11:00:00+00:00,1.27045
2024-04-12 12:00:00+00:00,1.24157
2024-04-12 13:00:00+00:00,0.9037306666666667
2024-04-12 14:00:00+00:00,0.5658913333333333
2024-04-12 15:00:00+00:00,0.228052
2024-04-12 16:00:00+00:00,0.6643246666666667
2024-04-12 17:00:00+00:00,1.1005973333333334
2024-04-12 18:00:00+00:00,1.53687
2024-04-12 19:00:00+00:00,1.2562636666666667
2024-04-12 20:00:00+00:00,0.9756573333333333
2024-04-12 21:00:00+00:00,0.695051
2024-04-12 22:00:00+00:00,0.7983206666666667
2024-04-12 23:00:00+00:00,0.9015903333333334
2024-04-13 00:00:00+00:00,1.00486
2024-04-13 01:00:00+00:00,1.3051700000000002
2024-04-13 02:00:00+00:00,1.60548
2024-04-13 03:00:00+00:00,1.90579
2024-04-13 04:00:00+00:00,1.9024866666666667
2024-04-13 05:00:00+00:00,1.8991833333333334
2024-04-13 06:00:00+00:00,1.89588
2024-04-13 07:00:00+00:00,0.92372
2024-04-13 08:00:00+00:00,-0.04844000000000004
2024-04-13 09:00:00+00:00,-1.0206
2024-04-13 10:00:00+00:00,-0.9320163333333333
2024-04-13 11:00:00+00:00,-0.8434326666666666
2024-04-13 12:00:00+00:00,-0.754849
2024-04-13 13:00:00+00:00,-0.45773966666666666
2024-04-13 14:00:00+00:00,-0.16063033333333332
2024-04-13 15:00:00+00:00,0.136479
2024-04-13 16:00:00+00:00,0.712416
2024-04-13 17:00:00+00:00,1.288353
2024-04-13 18:00:00+00:00,1.86429
2024-04-13 19:00:00+00:00,1.2288919
2024-04-13 20:00:00+00:00,0.5934938000000001
2024-04-13 21:00:00+00:00,-0.0419043
2024-04-13 22:00:00+00:00,2.3636604666666665
2024-04-13 23:00:00+00:00,4.769225233333334
2024-04-14 00:00:00+00:00,7.17479
2024-04-14 01:00:00+00:00,5.12875
2024-04-14 02:00:00+00:00,3.0827099999999996
2024-04-14 03:00:00+00:00,1.03667
2024-04-14 04:00:00+00:00,0.8237116666666666
2024-04-14 05:00:00+00:00,0.6107533333333333
2024-04-14 06:00:00+00:00,0.397795
2024-04-14 07:00:00+00:00,0.6835266666666666
2024-04-14 08:00:00+00:00,0.9692583333333333
2024-04-14 09:00:00+00:00,1.25499
2024-04-14 10:00:00+00:00,1.2870300000000001
2024-04-14 11:00:00+00:00,1.31907
2024-04-14 12:00:00+00:00,1.35111
2024-04-14 13:00:00+00:00,1.5895633333333332
2024-04-14 14:00:00+00:00,1.8280166666666666
2024-04-14 15:00:00+00:00,2.06647
2024-04-14 16:00:00+00:00,1.9858766666666665
2024-04-14 17:00:00+00:00,1.9052833333333332
2024-04-14 18:00:00+00:00,1.82469
2024-04-14 19:00:00+00:00,1.5342943333333332
2024-04-14 20:00:00+00:00,1.2438986666666665
2024-04-14 21:00:00+00:00,0.953503
2024-04-14 22:00:00+00:00,1.3936653333333333
2024-04-14 23:00:00+00:00,1.8338276666666666
2024-04-15 00:00:00+00:00,2.27399
2024-04-15 01:00:00+00:00,1.1264800000000001
2024-04-15 02:00:00+00:00,-0.02102999999999966
2024-04-15 03:00:00+00:00,-1.16854
2024-04-15 04:00:00+00:00,-1.50483
2024-04-15 05:00:00+00:00,-1.84112
2024-04-15 06:00:00+00:00,-2.17741
2024-04-15 07:00:00+00:00,-1.8153833333333333
2024-04-15 08:00:00+00:00,-1.4533566666666666
2024-04-15 09:00:00+00:00,-1.09133
2024-04-15 10:00:00+00:00,-1.6236233333333332
2024-04-15 11:00:00+00:00,-2.1559166666666667
2024-04-15 12:00:00+00:00,-2.68821
2024-04-15 13:00:00+00:00,-2.262366666666667
2024-04-15 14:00:00+00:00,-1.8365233333333335
2024-04-15 15:00:00+00:00,-1.41068
2024-04-15 16:00:00+00:00,-2.8004866666666666
2024-04-15 17:00:00+00:00,-4.190293333333333
2024-04-15 18:00:00+00:00,-5.5801
2024-04-15 19:00:00+00:00,-4.6715333333333335
2024-04-15 20:00:00+00:00,-3.7629666666666663
2024-04-15 21:00:00+00:00,-2.8544
2024-04-15 22:00:00+00:00,-2.5240733333333334
2024-04-15 23:00:00+00:00,-2.1937466666666667
2024-04-16 00:00:00+00:00,-1.86342
2024-04-16 01:00:00+00:00,-2.0395600000000003
2024-04-16 02:00:00+00:00,-2.2157
2024-04-16 03:00:00+00:00,-2.39184
2024-04-16 04:00:00+00:00,-2.45805
2024-04-16 05:00:00+00:00,-2.52426
2024-04-16 06:00:00+00:00,-2.59047
2024-04-16 07:00:00+00:00,-2.26348
2024-04-16 08:00:00+00:00,-1.93649
2024-04-16 09:00:00+00:00,-1.6095
2024-04-16 10:00:00+00:00,-1.269045
2024-04-16 11:00:00+00:00,-0.92859
2024-04-16 12:00:00+00:00,-0.588135
2024-04-16 13:00:00+00:00,-1.15897
2024-04-16 14:00:00+00:00,-1.7298050000000003
2024-04-16 15:00:00+00:00,-2.30064
2024-04-16 16:00:00+00:00,-3.2076533333333335
2024-04-16 17:00:00+00:00,-4.1146666666666665
2024-04-16 18:00:00+00:00,-5.02168
2024-04-16 19:00:00+00:00,-4.8331333333333335
2024-04-16 20:00:00+00:00,-4.644586666666666
2024-04-16 21:00:00+00:00,-4.45604
2024-04-16 22:00:00+00:00,-3.93361
2024-04-16 23:00:00+00:00,-3.41118
2024-04-17 00:00:00+00:00,-2.88875
2024-04-17 01:00:00+00:00,-3.7593566666666667
2024-04-17 02:00:00+00:00,-4.629963333333333
2024-04-17 03:00:00+00:00,-5.50057
2024-04-17 04:00:00+00:00,-5.495973333333334
2024-04-17 05:00:00+00:00,-5.491376666666667
2024-04-17 06:00:00+00:00,-5.48678
2024-04-17 07:00:00+00:00,-4.93707
2024-04-17 08:00:00+00:00,-4.38736
2024-04-17 09:00:00+00:00,-3.83765
2024-04-17 10:00:00+00:00,-3.2365866666666667
2024-04-17 11:00:00+00:00,-2.6355233333333334
2024-04-17 12:00:00+00:00,-2.03446
2024-04-17 13:00:00+00:00,-1.4994113333333334
2024-04-17 14:00:00+00:00,-0.9643626666666667
2024-04-17 15:00:00+00:00,-0.429314
2024-04-17 16:00:00+00:00,0.3466606666666666
2024-04-17 17:00:00+00:00,1.1226353333333332
2024-04-17 18:00:00+00:00,1.89861
2024-04-17 19:00:00+00:00,0.8069199999999999
2024-04-17 20:00:00+00:00,-0.2847700000000002
2024-04-17 21:00:00+00:00,-1.37646
2024-04-17 22:00:00+00:00,-2.4381066666666666
2024-04-17 23:00:00+00:00,-3.4997533333333335
2024-04-18 00:00:00+00:00,-4.5614
2024-04-18 01:00:00+00:00,-4.675566666666667
2024-04-18 02:00:00+00:00,-4.789733333333333
2024-04-18 03:00:00+00:00,-4.9039
2024-04-18 04:00:00+00:00,-5.195596666666667
2024-04-18 05:00:00+00:00,-5.487293333333334
2024-04-18 06:00:00+00:00,-5.77899
2024-04-18 07:00:00+00:00,-5.087350000000001
2024-04-18 08:00:00+00:00,-4.39571
2024-04-18 09:00:00+00:00,-3.70407
2024-04-18 10:00:00+00:00,-3.4222733333333335
2024-04-18 11:00:00+00:00,-3.140476666666667
2024-04-18 12:00:00+00:00,-2.85868
2024-04-18 13:00:00+00:00,-2.5039433333333334
2024-04-18 14:00:00+00:00,-2.1492066666666667
2024-04-18 15:00:00+00:00,-1.79447
2024-04-18 16:00:00+00:00,-1.4948380000000001
2024-04-18 17:00:00+00:00,-1.195206
2024-04-18 18:00:00+00:00,-0.895574
2024-04-18 19:00:00+00:00,-2.3809093333333333
2024-04-18 20:00:00+00:00,-3.8662446666666668
2024-04-18 21:00:00+00:00,-5.35158
2024-04-18 22:00:00+00:00,-6.17074
2024-04-18 23:00:00+00:00,-6.9899
2024-04-19 00:00:00+00:00,-7.80906
2024-04-19 01:00:00+00:00,-6.548236666666666
2024-04-19 02:00:00+00:00,-5.287413333333333
2024-04-19 03:00:00+00:00,-4.02659
2024-04-19 04:00:00+00:00,-3.5859566666666662
2024-04-19 05:00:00+00:00,-3.1453233333333332
2024-04-19 06:00:00+00:00,-2.70469
2024-04-19 07:00:00+00:00,-1.769696333333333
2024-04-19 08:00:00+00:00,-0.8347026666666666
2024-04-19 09:00:00+00:00,0.100291
2024-04-19 10:00:00+00:00,0.5316073333333333
2024-04-19 11:00:00+00:00,0.9629236666666667
2024-04-19 12:00:00+00:00,1.39424
2024-04-19 13:00:00+00:00,1.1117143333333332
2024-04-19 14:00:00+00:00,0.8291886666666667
2024-04-19 15:00:00+00:00,0.546663
2024-04-19 16:00:00+00:00,0.434022
2024-04-19 17:00:00+00:00,0.32138100000000003
2024-04-19 18:00:00+00:00,0.20874
2024-04-19 19:00:00+00:00,1.8435133333333333
2024-04-19 20:00:00+00:00,3.478286666666667
2024-04-19 21:00:00+00:00,5.11306
2024-04-19 22:00:00+00:00,3.7717866666666664
2024-04-19 23:00:00+00:00,2.4305133333333333
2024-04-20 00:00:00+00:00,1.08924
2024-04-20 01:00:00+00:00,0.7918176666666668
2024-04-20 02:00:00+00:00,0.4943953333333334
2024-04-20 03:00:00+00:00,0.196973
2024-04-20 04:00:00+00:00,-0.020640999999999993
2024-04-20 05:00:00+00:00,-0.238255
2024-04-20 06:00:00+00:00,-0.455869
2024-04-20 07:00:00+00:00,-1.336586
2024-04-20 08:00:00+00:00,-2.2173030000000002
2024-04-20 09:00:00+00:00,-3.09802
2024-04-20 10:00:00+00:00,-3.22419
2024-04-20 11:00:00+00:00,-3.35036
2024-04-20 12:00:00+00:00,-3.47653
2024-04-20 13:00:00+00:00,-3.669173333333333
2024-04-20 14:00:00+00:00,-3.8618166666666665
2024-04-20 15:00:00+00:00,-4.05446
2024-04-20 16:00:00+00:00,-4.40293
2024-04-20 17:00:00+00:00,-4.7514
2024-04-20 18:00:00+00:00,-5.09987
2024-04-20 19:00:00+00:00,-5.258356666666667
2024-04-20 20:00:00+00:00,-5.4168433333333335
2024-04-20 21:00:00+00:00,-5.57533
2024-04-20 22:00:00+00:00,-6.386556666666666
2024-04-20 23:00:00+00:00,-7.197783333333334
2024-04-21 00:00:00+00:00,-8.00901
2024-04-21 01:00:00+00:00,-6.280626666666667
2024-04-21 02:00:00+00:00,-4.552243333333333
2024-04-21 03:00:00+00:00,-2.82386
2024-04-21 04:00:00+00:00,-2.586793333333333
2024-04-21 05:00:00+00:00,-2.3497266666666667
2024-04-21 06:00:00+00:00,-2.11266
2024-04-21 07:00:00+00:00,-0.8409199999999999
2024-04-21 08:00:00+00:00,0.4308200000000002
2024-04-21 09:00:00+00:00,1.70256
2024-04-21 10:00:00+00:00,1.5480966666666667
2024-04-21 11:00:00+00:00,1.3936333333333335
2024-04-21 12:00:00+00:00,1.23917
2024-04-21 13:00:00+00:00,1.0516456666666667
2024-04-21 14:00:00+00:00,0.8641213333333333
2024-04-21 15:00:00+00:00,0.676597
2024-04-21 16:00:00+00:00,1.0252313333333334
2024-04-21 17:00:00+00:00,1.3738656666666667
2024-04-21 18:00:00+00:00,1.7225
2024-04-21 19:00:00+00:00,1.0470743333333332
2024-04-21 20:00:00+00:00,0.37164866666666674
2024-04-21 21:00:00+00:00,-0.303777
2024-04-21 22:00:00+00:00,-2.6601313333333336
2024-04-21 23:00:00+00:00,-5.016485666666667
2024-04-22 00:00:00+00:00,-7.37284
2024-04-22 01:00:00+00:00,-7.30723
2024-04-22 02:00:00+00:00,-7.24162
2024-04-22 03:00:00+00:00,-7.17601
2024-04-22 04:00:00+00:00,-6.9795066666666665
2024-04-22 05:00:00+00:00,-6.783003333333333
2024-04-22 06:00:00+00:00,-6.5865
2024-04-22 07:00:00+00:00,-5.79368
2024-04-22 08:00:00+00:00,-5.000859999999999
2024-04-22 09:00:00+00:00,-4.20804
2024-04-22 10:00:00+00:00,-3.5199899999999995
2024-04-22 11:00:00+00:00,-2.8319399999999995
2024-04-22 12:00:00+00:00,-2.14389
2024-04-22 13:00:00+00:00,-0.7875733333333332
2024-04-22 14:00:00+00:00,0.5687433333333334
2024-04-22 15:00:00+00:00,1.92506
2024-04-22 16:00:00+00:00,-1.27994
2024-04-22 17:00:00+00:00,-4.48494
2024-04-22 18:00:00+00:00,-7.68994
2024-04-22 19:00:00+00:00,-6.42673
2024-04-22 20:00:00+00:00,-5.16352
2024-04-22 21:00:00+00:00,-3.90031
2024-04-22 22:00:00+00:00,-3.73312
2024-04-22 23:00:00+00:00,-3.5659300000000003
2024-04-23 00:00:00+00:00,-3.39874
2024-04-23 01:00:00+00:00,-3.1323733333333332
2024-04-23 02:00:00+00:00,-2.866006666666667
2024-04-23 03:00:00+00:00,-2.59964
2024-04-23 04:00:00+00:00,-2.5284166666666668
2024-04-23 05:00:00+00:00,-2.457193333333333
2024-04-23 06:00:00+00:00,-2.38597
2024-04-23 07:00:00+00:00,-2.2331566666666665
2024-04-23 08:00:00+00:00,-2.0803433333333334
2024-04-23 09:00:00+00:00,-1.92753
2024-04-23 10:00:00+00:00,-1.8043133333333332
2024-04-23 11:00:00+00:00,-1.6810966666666667
2024-04-23 12:00:00+00:00,-1.55788
2024-04-23 13:00:00+00:00,-1.1990213333333333
2024-04-23 14:00:00+00:00,-0.8401626666666666
2024-04-23 15:00:00+00:00,-0.481304
2024-04-23 16:00:00+00:00,-2.8585960000000004
2024-04-23 17:00:00+00:00,-5.235888
2024-04-23 18:00:00+00:00,-7.61318
2024-04-23 19:00:00+00:00,-7.0454799999999995
2024-04-23 20:00:00+00:00,-6.47778
2024-04-23 21:00:00+00:00,-5.91008
2024-04-23 22:00:00+00:00,-5.555583333333333
2024-04-23 23:00:00+00:00,-5.201086666666667
2024-04-24 00:00:00+00:00,-4.84659
2024-04-24 01:00:00+00:00,-4.2027833333333335
2024-04-24 02:00:00+00:00,-3.5589766666666662
2024-04-24 03:00:00+00:00,-2.91517
2024-04-24 04:00:00+00:00,-2.6273833333333334
2024-04-24 05:00:00+00:00,-2.3395966666666665
2024-04-24 06:00:00+00:00,-2.05181
2024-04-24 07:00:00+00:00,-1.7903566666666668
2024-04-24 08:00:00+00:00,-1.5289033333333335
2024-04-24 09:00:00+00:00,-1.26745
2024-04-24 10:00:00+00:00,-0.560394
2024-04-24 11:00:00+00:00,0.14666200000000007
2024-04-24 12:00:00+00:00,0.853718
2024-04-24 13:00:00+00:00,1.483012
2024-04-24 14:00:00+00:00,2.1123060000000002
2024-04-24 15:00:00+00:00,2.7416
2024-04-24 16:00:00+00:00,2.9727
2024-04-24 17:00:00+00:00,3.2037999999999998
2024-04-24 18:00:00+00:00,3.4349
2024-04-24 19:00:00+00:00,0.5970799999999996
2024-04-24 20:00:00+00:00,-2.2407400000000006
2024-04-24 21:00:00+00:00,-5.07856
2024-04-24 22:00:00+00:00,-4.209440000000001
2024-04-24 23:00:00+00:00,-3.34032
2024-04-25 00:00:00+00:00,-2.4712
2024-04-25 01:00:00+00:00,-2.6423433333333333
2024-04-25 02:00:00+00:00,-2.813486666666667
2024-04-25 03:00:00+00:00,-2.98463
2024-04-25 04:00:00+00:00,-2.433196666666667
2024-04-25 05:00:00+00:00,-1.8817633333333335
2024-04-25 06:00:00+00:00,-1.33033
2024-04-25 07:00:00+00:00,-0.8078306666666667
2024-04-25 08:00:00+00:00,-0.2853313333333334
2024-04-25 09:00:00+00:00,0.237168
2024-04-25 10:00:00+00:00,0.5645386666666666
2024-04-25 11:00:00+00:00,0.8919093333333332
2024-04-25 12:00:00+00:00,1.21928
2024-04-25 13:00:00+00:00,-0.7917333333333332
2024-04-25 14:00:00+00:00,-2.8027466666666663
2024-04-25 15:00:00+00:00,-4.81376
2024-04-25 16:00:00+00:00,-5.94072
2024-04-25 17:00:00+00:00,-7.067679999999999
2024-04-25 18:00:00+00:00,-8.19464
2024-04-25 19:00:00+00:00,-8.062263333333334
2024-04-25 20:00:00+00:00,-7.9298866666666665
2024-04-25 21:00:00+00:00,-7.79751
2024-04-25 22:00:00+00:00,-6.899066666666666
2024-04-25 23:00:00+00:00,-6.000623333333333
2024-04-26 00:00:00+00:00,-5.10218
2024-04-26 01:00:00+00:00,-3.9845499999999996
2024-04-26 02:00:00+00:00,-2.86692
2024-04-26 03:00:00+00:00,-1.74929
2024-04-26 04:00:00+00:00,-0.3629866666666668
2024-04-26 05:00:00+00:00,1.0233166666666664
2024-04-26 06:00:00+00:00,2.40962
2024-04-26 07:00:00+00:00,2.7767066666666667
2024-04-26 08:00:00+00:00,3.143793333333333
2024-04-26 09:00:00+00:00,3.51088
2024-04-26 10:00:00+00:00,3.934493333333333
2024-04-26 11:00:00+00:00,4.358106666666666
2024-04-26 12:00:00+00:00,4.78172
2024-04-26 13:00:00+00:00,4.902516666666667
2024-04-26 14:00:00+00:00,5.023313333333333
2024-04-26 15:00:00+00:00,5.14411
2024-04-26 16:00:00+00:00,3.9161200000000003
2024-04-26 17:00:00+00:00,2.68813
2024-04-26 18:00:00+00:00,1.46014
2024-04-26 19:00:00+00:00,2.5186366666666666
2024-04-26 20:00:00+00:00,3.5771333333333333
2024-04-26 21:00:00+00:00,4.63563
2024-04-26 22:00:00+00:00,5.433726666666667
2024-04-26 23:00:00+00:00,6.231823333333333
2024-04-27 00:00:00+00:00,7.02992
2024-04-27 01:00:00+00:00,6.829346666666667
2024-04-27 02:00:00+00:00,6.628773333333333
2024-04-27 03:00:00+00:00,6.4282
2024-04-27 04:00:00+00:00,7.133533333333333
2024-04-27 05:00:00+00:00,7.838866666666667
2024-04-27 06:00:00+00:00,8.5442
2024-04-27 07:00:00+00:00,8.04362
2024-04-27 08:00:00+00:00,7.54304
2024-04-27 09:00:00+00:00,7.04246
2024-04-27 10:00:00+00:00,7.261956666666666
2024-04-27 11:00:00+00:00,7.4814533333333335
2024-04-27 12:00:00+00:00,7.70095
2024-04-27 13:00:00+00:00,7.745773333333333
2024-04-27 14:00:00+00:00,7.790596666666667
2024-04-27 15:00:00+00:00,7.83542
2024-04-27 16:00:00+00:00,6.2912333333333335
2024-04-27 17:00:00+00:00,4.747046666666667
2024-04-27 18:00:00+00:00,3.20286
2024-04-27 19:00:00+00:00,3.4007533333333333
2024-04-27 20:00:00+00:00,3.5986466666666663
2024-04-27 21:00:00+00:00,3.79654
2024-04-27 22:00:00+00:00,2.768783
2024-04-27 23:00:00+00:00,1.7410259999999997
2024-04-28 00:00:00+00:00,0.713269
2024-04-28 01:00:00+00:00,0.9707226666666666
2024-04-28 02:00:00+00:00,1.2281763333333333
2024-04-28 03:00:00+00:00,1.48563
2024-04-28 04:00:00+00:00,1.5915466666666667
2024-04-28 05:00:00+00:00,1.6974633333333333
2024-04-28 06:00:00+00:00,1.80338
2024-04-28 07:00:00+00:00,1.9543566666666667
2024-04-28 08:00:00+00:00,2.1053333333333333
2024-04-28 09:00:00+00:00,2.25631
2024-04-28 10:00:00+00:00,2.29847
2024-04-28 11:00:00+00:00,2.34063
2024-04-28 12:00:00+00:00,2.38279
2024-04-28 13:00:00+00:00,2.00483
2024-04-28 14:00:00+00:00,1.6268699999999998
2024-04-28 15:00:00+00:00,1.24891
2024-04-28 16:00:00+00:00,0.49588333333333334
2024-04-28 17:00:00+00:00,-0.2571433333333333
2024-04-28 18:00:00+00:00,-1.01017
2024-04-28 19:00:00+00:00,-1.2882666666666667
2024-04-28 20:00:00+00:00,-1.5663633333333333
2024-04-28 21:00:00+00:00,-1.84446
2024-04-28 22:00:00+00:00,-2.1210466666666665
2024-04-28 23:00:00+00:00,-2.3976333333333333
2024-04-29 00:00:00+00:00,-2.67422
2024-04-29 01:00:00+00:00,-3.506596666666667
2024-04-29 02:00:00+00:00,-4.338973333333334
2024-04-29 03:00:00+00:00,-5.17135
2024-04-29 04:00:00+00:00,-5.7917966666666665
2024-04-29 05:00:00+00:00,-6.4122433333333335
2024-04-29 06:00:00+00:00,-7.03269
2024-04-29 07:00:00+00:00,-5.99553
2024-04-29 08:00:00+00:00,-4.95837
2024-04-29 09:00:00+00:00,-3.92121
2024-04-29 10:00:00+00:00,-3.1533966666666666
2024-04-29 11:00:00+00:00,-2.385583333333333
2024-04-29 12:00:00+00:00,-1.61777
2024-04-29 13:00:00+00:00,-1.0390446666666666
2024-04-29 14:00:00+00:00,-0.4603193333333333
2024-04-29 15:00:00+00:00,0.118406
2024-04-29 16:00:00+00:00,-0.681236
2024-04-29 17:00:00+00:00,-1.480878
2024-04-29 18:00:00+00:00,-2.28052
2024-04-29 19:00:00+00:00,-3.22169
2024-04-29 20:00:00+00:00,-4.16286
2024-04-29 21:00:00+00:00,-5.10403
2024-04-29 22:00:00+00:00,-3.0896716666666664
2024-04-29 23:00:00+00:00,-1.075313333333333
2024-04-30 00:00:00+00:00,0.939045
2024-04-30 01:00:00+00:00,0.8837343333333334
2024-04-30 02:00:00+00:00,0.8284236666666667
2024-04-30 03:00:00+00:00,0.773113
2024-04-30 04:00:00+00:00,0.4919833666666667
2024-04-30 05:00:00+00:00,0.21085373333333335
2024-04-30 06:00:00+00:00,-0.0702759
2024-04-30 07:00:00+00:00,0.8018660666666666
2024-04-30 08:00:00+00:00,1.6740080333333334
2024-04-30 09:00:00+00:00,2.54615
2024-04-30 10:00:00+00:00,3.0283766666666665
2024-04-30 11:00:00+00:00,3.5106033333333335
2024-04-30 12:00:00+00:00,3.99283
2024-04-30 13:00:00+00:00,3.92794
2024-04-30 14:00:00+00:00,3.8630500000000003
2024-04-30 15:00:00+00:00,3.79816
2024-04-30 16:00:00+00:00,4.069743333333333
2024-04-30 17:00:00+00:00,4.341326666666667
2024-04-30 18:00:00+00:00,4.61291
2024-04-30 19:00:00+00:00,4.83377
2024-04-30 20:00:00+00:00,5.0546299999999995
2024-04-30 21:00:00+00:00,5.27549
2024-04-30 22:00:00+00:00,5.819026666666667
2024-04-30 23:00:00+00:00,6.362563333333333
2024-05-01 00:00:00+00:00,6.9061
2024-05-01 01:00:00+00:00,5.383126666666667
2024-05-01 02:00:00+00:00,3.8601533333333333
2024-05-01 03:00:00+00:00,2.33718
2024-05-01 04:00:00+00:00,1.5056386666666666
2024-05-01 05:00:00+00:00,0.6740973333333333
2024-05-01 06:00:00+00:00,-0.157444
2024-05-01 07:00:00+00:00,-0.8529793333333334
2024-05-01 08:00:00+00:00,-1.5485146666666667
2024-05-01 09:00:00+00:00,-2.24405
2024-05-01 10:00:00+00:00,-0.61704
2024-05-01 11:00:00+00:00,1.00997
2024-05-01 12:00:00+00:00,2.63698
2024-05-01 13:00:00+00:00,0.8613666666666666
2024-05-01 14:00:00+00:00,-0.9142466666666667
2024-05-01 15:00:00+00:00,-2.68986
2024-05-01 16:00:00+00:00,-0.7003566666666665
2024-05-01 17:00:00+00:00,1.2891466666666669
2024-05-01 18:00:00+00:00,3.27865
2024-05-01 19:00:00+00:00,0.5701699999999996
2024-05-01 20:00:00+00:00,-2.1383100000000006
2024-05-01 21:00:00+00:00,-4.84679
2024-05-01 22:00:00+00:00,-4.934116666666667
2024-05-01 23:00:00+00:00,-5.021443333333333
2024-05-02 00:00:00+00:00,-5.10877
2024-05-02 01:00:00+00:00,-4.2528
2024-05-02 02:00:00+00:00,-3.3968299999999996
2024-05-02 03:00:00+00:00,-2.54086
2024-05-02 04:00:00+00:00,-1.0103066666666665
2024-05-02 05:00:00+00:00,0.520246666666667
2024-05-02 06:00:00+00:00,2.0508
2024-05-02 07:00:00+00:00,1.8213000000000001
2024-05-02 08:00:00+00:00,1.5918
2024-05-02 09:00:00+00:00,1.3623
2024-05-02 10:00:00+00:00,1.6567766666666668
2024-05-02 11:00:00+00:00,1.9512533333333333
2024-05-02 12:00:00+00:00,2.24573
2024-05-02 13:00:00+00:00,2.62718
2024-05-02 14:00:00+00:00,3.00863
2024-05-02 15:00:00+00:00,3.39008
2024-05-02 16:00:00+00:00,3.0499933333333336
2024-05-02 17:00:00+00:00,2.7099066666666665
2024-05-02 18:00:00+00:00,2.36982
2024-05-02 19:00:00+00:00,2.5278799999999997
2024-05-02 20:00:00+00:00,2.68594
2024-05-02 21:00:00+00:00,2.844
2024-05-02 22:00:00+00:00,2.616623333333333
2024-05-02 23:00:00+00:00,2.3892466666666667
2024-05-03 00:00:00+00:00,2.16187
2024-05-03 01:00:00+00:00,2.38561
2024-05-03 02:00:00+00:00,2.60935
2024-05-03 03:00:00+00:00,2.83309
2024-05-03 04:00:00+00:00,2.7664166666666667
2024-05-03 05:00:00+00:00,2.699743333333333
2024-05-03 06:00:00+00:00,2.63307
2024-05-03 07:00:00+00:00,2.3733466666666665
2024-05-03 08:00:00+00:00,2.1136233333333334
2024-05-03 09:00:00+00:00,1.8539
2024-05-03 10:00:00+00:00,1.87219
2024-05-03 11:00:00+00:00,1.8904800000000002
2024-05-03 12:00:00+00:00,1.90877
2024-05-03 13:00:00+00:00,2.596896666666667
2024-05-03 14:00:00+00:00,3.285023333333333
2024-05-03 15:00:00+00:00,3.97315
2024-05-03 16:00:00+00:00,3.65848
2024-05-03 17:00:00+00:00,3.34381
2024-05-03 18:00:00+00:00,3.02914
2024-05-03 19:00:00+00:00,3.03092
2024-05-03 20:00:00+00:00,3.0326999999999997
2024-05-03 21:00:00+00:00,3.03448
2024-05-03 22:00:00+00:00,3.24258
2024-05-03 23:00:00+00:00,3.45068
2024-05-04 00:00:00+00:00,3.65878
2024-05-04 01:00:00+00:00,3.6228433333333334
2024-05-04 02:00:00+00:00,3.5869066666666667
2024-05-04 03:00:00+00:00,3.55097
2024-05-04 04:00:00+00:00,3.67924
2024-05-04 05:00:00+00:00,3.8075099999999997
2024-05-04 06:00:00+00:00,3.93578
2024-05-04 07:00:00+00:00,3.8796066666666666
2024-05-04 08:00:00+00:00,3.823433333333333
2024-05-04 09:00:00+00:00,3.76726
2024-05-04 10:00:00+00:00,4.163916666666666
2024-05-04 11:00:00+00:00,4.560573333333333
2024-05-04 12:00:00+00:00,4.95723
2024-05-04 13:00:00+00:00,4.892176666666667
2024-05-04 14:00:00+00:00,4.827123333333333
2024-05-04 15:00:00+00:00,4.76207
2024-05-04 16:00:00+00:00,3.97538
2024-05-04 17:00:00+00:00,3.1886900000000002
2024-05-04 18:00:00+00:00,2.402
2024-05-04 19:00:00+00:00,2.50109
2024-05-04 20:00:00+00:00,2.60018
2024-05-04 21:00:00+00:00,2.69927
2024-05-04 22:00:00+00:00,3.2837433333333332
2024-05-04 23:00:00+00:00,3.868216666666666
2024-05-05 00:00:00+00:00,4.45269
2024-05-05 01:00:00+00:00,4.573363333333333
2024-05-05 02:00:00+00:00,4.694036666666666
2024-05-05 03:00:00+00:00,4.81471
2024-05-05 04:00:00+00:00,4.540476666666667
2024-05-05 05:00:00+00:00,4.266243333333334
2024-05-05 06:00:00+00:00,3.99201
2024-05-05 07:00:00+00:00,4.30289
2024-05-05 08:00:00+00:00,4.61377
2024-05-05 09:00:00+00:00,4.92465
2024-05-05 10:00:00+00:00,4.893203333333333
2024-05-05 11:00:00+00:00,4.8617566666666665
2024-05-05 12:00:00+00:00,4.83031
2024-05-05 13:00:00+00:00,5.158783333333333
2024-05-05 14:00:00+00:00,5.487256666666667
2024-05-05 15:00:00+00:00,5.81573
2024-05-05 16:00:00+00:00,5.309553333333334
2024-05-05 17:00:00+00:00,4.803376666666667
2024-05-05 18:00:00+00:00,4.2972
2024-05-05 19:00:00+00:00,3.9491133333333335
2024-05-05 20:00:00+00:00,3.601026666666667
2024-05-05 21:00:00+00:00,3.25294
2024-05-05 22:00:00+00:00,3.3410833333333336
2024-05-05 23:00:00+00:00,3.4292266666666666
2024-05-06 00:00:00+00:00,3.51737
2024-05-06 01:00:00+00:00,2.9986966666666666
2024-05-06 02:00:00+00:00,2.4800233333333335
2024-05-06 03:00:00+00:00,1.96135
2024-05-06 04:00:00+00:00,2.1479766666666666
2024-05-06 05:00:00+00:00,2.3346033333333334
2024-05-06 06:00:00+00:00,2.52123
2024-05-06 07:00:00+00:00,2.4133033333333334
2024-05-06 08:00:00+00:00,2.3053766666666666
2024-05-06 09:00:00+00:00,2.19745
2024-05-06 10:00:00+00:00,1.9350266666666667
2024-05-06 11:00:00+00:00,1.6726033333333334
2024-05-06 12:00:00+00:00,1.41018
2024-05-06 13:00:00+00:00,1.038996
2024-05-06 14:00:00+00:00,0.6678120000000001
2024-05-06 15:00:00+00:00,0.296628
2024-05-06 16:00:00+00:00,-1.5148346666666668
2024-05-06 17:00:00+00:00,-3.326297333333333
2024-05-06 18:00:00+00:00,-5.13776
2024-05-06 19:00:00+00:00,-5.563796666666667
2024-05-06 20:00:00+00:00,-5.989833333333333
2024-05-06 21:00:00+00:00,-6.41587
2024-05-06 22:00:00+00:00,-5.534066666666667
2024-05-06 23:00:00+00:00,-4.652263333333333
2024-05-07 00:00:00+00:00,-3.77046
2024-05-07 01:00:00+00:00,-4.32235
2024-05-07 02:00:00+00:00,-4.8742399999999995
2024-05-07 03:00:00+00:00,-5.42613
2024-05-07 04:00:00+00:00,-4.85829
2024-05-07 05:00:00+00:00,-4.29045
2024-05-07 06:00:00+00:00,-3.72261
2024-05-07 07:00:00+00:00,-3.5513166666666667
2024-05-07 08:00:00+00:00,-3.3800233333333334
2024-05-07 09:00:00+00:00,-3.20873
2024-05-07 10:00:00+00:00,-2.57472
2024-05-07 11:00:00+00:00,-1.94071
2024-05-07 12:00:00+00:00,-1.3067
2024-05-07 13:00:00+00:00,-0.7569130000000001
2024-05-07 14:00:00+00:00,-0.20712600000000014
2024-05-07 15:00:00+00:00,0.342661
2024-05-07 16:00:00+00:00,0.47879533333333335
2024-05-07 17:00:00+00:00,0.6149296666666666
2024-05-07 18:00:00+00:00,0.751064
2024-05-07 19:00:00+00:00,-1.924637333333333
2024-05-07 20:00:00+00:00,-4.600338666666666
2024-05-07 21:00:00+00:00,-7.27604
2024-05-07 22:00:00+00:00,-5.936883333333333
2024-05-07 23:00:00+00:00,-4.5977266666666665
2024-05-08 00:00:00+00:00,-3.25857
2024-05-08 01:00:00+00:00,-3.354566666666667
2024-05-08 02:00:00+00:00,-3.450563333333333
2024-05-08 03:00:00+00:00,-3.54656
2024-05-08 04:00:00+00:00,-3.8803066666666663
2024-05-08 05:00:00+00:00,-4.214053333333333
2024-05-08 06:00:00+00:00,-4.5478
2024-05-08 07:00:00+00:00,-4.181826666666666
2024-05-08 08:00:00+00:00,-3.815853333333333
2024-05-08 09:00:00+00:00,-3.44988
2024-05-08 10:00:00+00:00,-3.1841666666666666
2024-05-08 11:00:00+00:00,-2.9184533333333333
2024-05-08 12:00:00+00:00,-2.65274
2024-05-08 13:00:00+00:00,-2.29798
2024-05-08 14:00:00+00:00,-1.9432200000000002
2024-05-08 15:00:00+00:00,-1.58846
2024-05-08 16:00:00+00:00,-1.5128
2024-05-08 17:00:00+00:00,-1.43714
2024-05-08 18:00:00+00:00,-1.36148
2024-05-08 19:00:00+00:00,-1.3990866666666666
2024-05-08 20:00:00+00:00,-1.4366933333333334
2024-05-08 21:00:00+00:00,-1.4743
2024-05-08 22:00:00+00:00,-2.35141
2024-05-08 23:00:00+00:00,-3.2285199999999996
2024-05-09 00:00:00+00:00,-4.10563
2024-05-09 01:00:00+00:00,-4.058483333333333
2024-05-09 02:00:00+00:00,-4.011336666666667
2024-05-09 03:00:00+00:00,-3.96419
2024-05-09 04:00:00+00:00,-2.9643396666666666
2024-05-09 05:00:00+00:00,-1.9644893333333333
2024-05-09 06:00:00+00:00,-0.964639
2024-05-09 07:00:00+00:00,-0.4200816666666667
2024-05-09 08:00:00+00:00,0.12447566666666665
2024-05-09 09:00:00+00:00,0.669033
2024-05-09 10:00:00+00:00,0.7029866666666666
2024-05-09 11:00:00+00:00,0.7369403333333333
2024-05-09 12:00:00+00:00,0.770894
2024-05-09 13:00:00+00:00,0.6596243333333334
2024-05-09 14:00:00+00:00,0.5483546666666667
2024-05-09 15:00:00+00:00,0.437085
2024-05-09 16:00:00+00:00,0.26657553333333334
2024-05-09 17:00:00+00:00,0.09606606666666667
2024-05-09 18:00:00+00:00,-0.0744434
2024-05-09 19:00:00+00:00,1.1384277333333332
2024-05-09 20:00:00+00:00,2.3512988666666668
2024-05-09 21:00:00+00:00,3.56417
2024-05-09 22:00:00+00:00,3.1290766666666667
2024-05-09 23:00:00+00:00,2.693983333333333
2024-05-10 00:00:00+00:00,2.25889
2024-05-10 01:00:00+00:00,0.9497500000000001
2024-05-10 02:00:00+00:00,-0.3593899999999999
2024-05-10 03:00:00+00:00,-1.66853
2024-05-10 04:00:00+00:00,-1.56595
2024-05-10 05:00:00+00:00,-1.46337
2024-05-10 06:00:00+00:00,-1.36079
2024-05-10 07:00:00+00:00,-0.679774
2024-05-10 08:00:00+00:00,0.0012419999999999654
2024-05-10 09:00:00+00:00,0.682258
2024-05-10 10:00:00+00:00,1.098352
2024-05-10 11:00:00+00:00,1.514446
2024-05-10 12:00:00+00:00,1.93054
2024-05-10 13:00:00+00:00,2.1286033333333334
2024-05-10 14:00:00+00:00,2.3266666666666667
2024-05-10 15:00:00+00:00,2.52473
2024-05-10 16:00:00+00:00,2.74987
2024-05-10 17:00:00+00:00,2.9750099999999997
2024-05-10 18:00:00+00:00,3.20015
2024-05-10 19:00:00+00:00,4.823376666666666
2024-05-10 20:00:00+00:00,6.446603333333333
2024-05-10 21:00:00+00:00,8.06983
2024-05-10 22:00:00+00:00,6.865356666666666
2024-05-10 23:00:00+00:00,5.660883333333333
2024-05-11 00:00:00+00:00,4.45641
2024-05-11 01:00:00+00:00,2.5650166666666667
2024-05-11 02:00:00+00:00,0.6736233333333335
2024-05-11 03:00:00+00:00,-1.21777
2024-05-11 04:00:00+00:00,-0.7495646666666667
2024-05-11 05:00:00+00:00,-0.2813593333333333
2024-05-11 06:00:00+00:00,0.186846
2024-05-11 07:00:00+00:00,0.6038006666666667
2024-05-11 08:00:00+00:00,1.0207553333333332
2024-05-11 09:00:00+00:00,1.43771
2024-05-11 10:00:00+00:00,2.18082
2024-05-11 11:00:00+00:00,2.9239300000000004
2024-05-11 12:00:00+00:00,3.66704
2024-05-11 13:00:00+00:00,3.2515
2024-05-11 14:00:00+00:00,2.83596
2024-05-11 15:00:00+00:00,2.42042
2024-05-11 16:00:00+00:00,1.4812189999999998
2024-05-11 17:00:00+00:00,0.5420179999999999
2024-05-11 18:00:00+00:00,-0.397183
2024-05-11 19:00:00+00:00,-2.865952
2024-05-11 20:00:00+00:00,-5.334721
2024-05-11 21:00:00+00:00,-7.80349
2024-05-11 22:00:00+00:00,-5.383586333333334
2024-05-11 23:00:00+00:00,-2.9636826666666662
2024-05-12 00:00:00+00:00,-0.543779
2024-05-12 01:00:00+00:00,-2.003099333333333
2024-05-12 02:00:00+00:00,-3.4624196666666665
2024-05-12 03:00:00+00:00,-4.92174
2024-05-12 04:00:00+00:00,-4.428533333333333
2024-05-12 05:00:00+00:00,-3.9353266666666666
2024-05-12 06:00:00+00:00,-3.44212
2024-05-12 07:00:00+00:00,-2.988933333333333
2024-05-12 08:00:00+00:00,-2.535746666666667
2024-05-12 09:00:00+00:00,-2.08256
2024-05-12 10:00:00+00:00,-1.2879403333333332
2024-05-12 11:00:00+00:00,-0.4933206666666665
2024-05-12 12:00:00+00:00,0.301299
2024-05-12 13:00:00+00:00,0.8446093333333333
2024-05-12 14:00:00+00:00,1.3879196666666667
2024-05-12 15:00:00+00:00,1.93123
2024-05-12 16:00:00+00:00,1.1164066666666668
2024-05-12 17:00:00+00:00,0.3015833333333333
2024-05-12 18:00:00+00:00,-0.51324
2024-05-12 19:00:00+00:00,-1.2165966666666668
2024-05-12 20:00:00+00:00,-1.9199533333333334
2024-05-12 21:00:00+00:00,-2.62331
2024-05-12 22:00:00+00:00,-1.7784070333333335
2024-05-12 23:00:00+00:00,-0.9335040666666667
2024-05-13 00:00:00+00:00,-0.0886011
2024-05-13 01:00:00+00:00,-0.5854307333333334
2024-05-13 02:00:00+00:00,-1.0822603666666668
2024-05-13 03:00:00+00:00,-1.57909
2024-05-13 04:00:00+00:00,-0.7969290000000001
2024-05-13 05:00:00+00:00,-0.014768000000000114
2024-05-13 06:00:00+00:00,0.767393
2024-05-13 07:00:00+00:00,1.4015953333333333
2024-05-13 08:00:00+00:00,2.0357976666666664
2024-05-13 09:00:00+00:00,2.67
2024-05-13 10:00:00+00:00,3.3129666666666666
2024-05-13 11:00:00+00:00,3.9559333333333333
2024-05-13 12:00:00+00:00,4.5989
2024-05-13 13:00:00+00:00,4.39254
2024-05-13 14:00:00+00:00,4.18618
2024-05-13 15:00:00+00:00,3.97982
2024-05-13 16:00:00+00:00,3.759596666666667
2024-05-13 17:00:00+00:00,3.5393733333333333
2024-05-13 18:00:00+00:00,3.31915
2024-05-13 19:00:00+00:00,2.85053
2024-05-13 20:00:00+00:00,2.38191
2024-05-13 21:00:00+00:00,1.91329
2024-05-13 22:00:00+00:00,1.6455666666666666
2024-05-13 23:00:00+00:00,1.3778433333333333
2024-05-14 00:00:00+00:00,1.11012
2024-05-14 01:00:00+00:00,-0.4526233333333334
2024-05-14 02:00:00+00:00,-2.015366666666667
2024-05-14 03:00:00+00:00,-3.57811
2024-05-14 04:00:00+00:00,-4.566363333333333
2024-05-14 05:00:00+00:00,-5.554616666666666
2024-05-14 06:00:00+00:00,-6.54287
2024-05-14 07:00:00+00:00,-5.925286666666667
2024-05-14 08:00:00+00:00,-5.307703333333333
2024-05-14 09:00:00+00:00,-4.69012
2024-05-14 10:00:00+00:00,-3.067486333333333
2024-05-14 11:00:00+00:00,-1.4448526666666663
2024-05-14 12:00:00+00:00,0.177781
2024-05-14 13:00:00+00:00,0.5422706666666667
2024-05-14 14:00:00+00:00,0.9067603333333333
2024-05-14 15:00:00+00:00,1.27125
2024-05-14 16:00:00+00:00,-1.003796666666667
2024-05-14 17:00:00+00:00,-3.2788433333333336
2024-05-14 18:00:00+00:00,-5.55389
2024-05-14 19:00:00+00:00,-6.13006
2024-05-14 20:00:00+00:00,-6.70623
2024-05-14 21:00:00+00:00,-7.2824
2024-05-14 22:00:00+00:00,-6.248826666666667
2024-05-14 23:00:00+00:00,-5.215253333333333
2024-05-15 00:00:00+00:00,-4.18168
2024-05-15 01:00:00+00:00,-4.512323333333334
2024-05-15 02:00:00+00:00,-4.842966666666666
2024-05-15 03:00:00+00:00,-5.17361
2024-05-15 04:00:00+00:00,-5.291586666666666
2024-05-15 05:00:00+00:00,-5.409563333333334
2024-05-15 06:00:00+00:00,-5.52754
2024-05-15 07:00:00+00:00,-5.3007
2024-05-15 08:00:00+00:00,-5.07386
2024-05-15 09:00:00+00:00,-4.84702
2024-05-15 10:00:00+00:00,-2.9358983333333333
2024-05-15 11:00:00+00:00,-1.0247766666666664
2024-05-15 12:00:00+00:00,0.886345
2024-05-15 13:00:00+00:00,2.0880433333333333
2024-05-15 14:00:00+00:00,3.2897416666666666
2024-05-15 15:00:00+00:00,4.49144
2024-05-15 16:00:00+00:00,1.2752433333333335
2024-05-15 17:00:00+00:00,-1.9409533333333329
2024-05-15 18:00:00+00:00,-5.15715
2024-05-15 19:00:00+00:00,-2.821903333333333
2024-05-15 20:00:00+00:00,-0.48665666666666674
2024-05-15 21:00:00+00:00,1.84859
2024-05-15 22:00:00+00:00,1.6030233333333332
2024-05-15 23:00:00+00:00,1.3574566666666668
2024-05-16 00:00:00+00:00,1.11189
2024-05-16 01:00:00+00:00,1.3052000000000001
2024-05-16 02:00:00+00:00,1.49851
2024-05-16 03:00:00+00:00,1.69182
2024-05-16 04:00:00+00:00,0.9033040000000001
2024-05-16 05:00:00+00:00,0.11478800000000011
2024-05-16 06:00:00+00:00,-0.673728
2024-05-16 07:00:00+00:00,-0.36308833333333335
2024-05-16 08:00:00+00:00,-0.0524486666666667
2024-05-16 09:00:00+00:00,0.258191
2024-05-16 10:00:00+00:00,0.961584
2024-05-16 11:00:00+00:00,1.6649770000000002
2024-05-16 12:00:00+00:00,2.36837
2024-05-16 13:00:00+00:00,2.88667
2024-05-16 14:00:00+00:00,3.40497
2024-05-16 15:00:00+00:00,3.92327
2024-05-16 16:00:00+00:00,3.5585133333333334
2024-05-16 17:00:00+00:00,3.193756666666667
2024-05-16 18:00:00+00:00,2.829
2024-05-16 19:00:00+00:00,3.48912
2024-05-16 20:00:00+00:00,4.14924
2024-05-16 21:00:00+00:00,4.80936
2024-05-16 22:00:00+00:00,4.548
2024-05-16 23:00:00+00:00,4.28664
2024-05-17 00:00:00+00:00,4.02528
2024-05-17 01:00:00+00:00,3.8603933333333336
2024-05-17 02:00:00+00:00,3.6955066666666667
2024-05-17 03:00:00+00:00,3.53062
2024-05-17 04:00:00+00:00,4.185853333333333
2024-05-17 05:00:00+00:00,4.8410866666666665
2024-05-17 06:00:00+00:00,5.49632
2024-05-17 07:00:00+00:00,5.316563333333333
2024-05-17 08:00:00+00:00,5.136806666666667
2024-05-17 09:00:00+00:00,4.95705
2024-05-17 10:00:00+00:00,4.5312133333333335
2024-05-17 11:00:00+00:00,4.1053766666666665
2024-05-17 12:00:00+00:00,3.67954
2024-05-17 13:00:00+00:00,2.4841432
2024-05-17 14:00:00+00:00,1.2887464
2024-05-17 15:00:00+00:00,0.0933496
2024-05-17 16:00:00+00:00,0.3378760666666667
2024-05-17 17:00:00+00:00,0.5824025333333334
2024-05-17 18:00:00+00:00,0.826929
2024-05-17 19:00:00+00:00,-0.9170473333333333
2024-05-17 20:00:00+00:00,-2.661023666666667
2024-05-17 21:00:00+00:00,-4.405
2024-05-17 22:00:00+00:00,-3.9214833333333337
2024-05-17 23:00:00+00:00,-3.4379666666666666
2024-05-18 00:00:00+00:00,-2.95445
2024-05-18 01:00:00+00:00,-2.84745
2024-05-18 02:00:00+00:00,-2.74045
2024-05-18 03:00:00+00:00,-2.63345
2024-05-18 04:00:00+00:00,-2.59828
2024-05-18 05:00:00+00:00,-2.56311
2024-05-18 06:00:00+00:00,-2.52794
2024-05-18 07:00:00+00:00,-1.7889856666666666
2024-05-18 08:00:00+00:00,-1.0500313333333333
2024-05-18 09:00:00+00:00,-0.311077
2024-05-18 10:00:00+00:00,0.675732
2024-05-18 11:00:00+00:00,1.662541
2024-05-18 12:00:00+00:00,2.64935
2024-05-18 13:00:00+00:00,2.6327133333333332
2024-05-18 14:00:00+00:00,2.616076666666667
2024-05-18 15:00:00+00:00,2.59944
2024-05-18 16:00:00+00:00,2.5114433333333332
2024-05-18 17:00:00+00:00,2.4234466666666665
2024-05-18 18:00:00+00:00,2.33545
2024-05-18 19:00:00+00:00,0.6048366666666665
2024-05-18 20:00:00+00:00,-1.1257766666666669
2024-05-18 21:00:00+00:00,-2.85639
2024-05-18 22:00:00+00:00,-2.7839666666666667
2024-05-18 23:00:00+00:00,-2.7115433333333336
2024-05-19 00:00:00+00:00,-2.63912
2024-05-19 01:00:00+00:00,-2.6567333333333334
2024-05-19 02:00:00+00:00,-2.6743466666666666
2024-05-19 03:00:00+00:00,-2.69196
2024-05-19 04:00:00+00:00,-2.4822266666666666
2024-05-19 05:00:00+00:00,-2.2724933333333333
2024-05-19 06:00:00+00:00,-2.06276
2024-05-19 07:00:00+00:00,-1.1150496666666667
2024-05-19 08:00:00+00:00,-0.16733933333333328
2024-05-19 09:00:00+00:00,0.780371
2024-05-19 10:00:00+00:00,1.8227073333333332
2024-05-19 11:00:00+00:00,2.8650436666666668
2024-05-19 12:00:00+00:00,3.90738
2024-05-19 13:00:00+00:00,3.3818266666666665
2024-05-19 14:00:00+00:00,2.856273333333333
2024-05-19 15:00:00+00:00,2.33072
2024-05-19 16:00:00+00:00,1.2469113333333333
2024-05-19 17:00:00+00:00,0.16310266666666662
2024-05-19 18:00:00+00:00,-0.920706
2024-05-19 19:00:00+00:00,-1.565934
2024-05-19 20:00:00+00:00,-2.211162
2024-05-19 21:00:00+00:00,-2.85639
2024-05-19 22:00:00+00:00,-2.7839666666666667
2024-05-19 23:00:00+00:00,-2.7115433333333336
2024-05-20 00:00:00+00:00,-2.63912
2024-05-20 01:00:00+00:00,-2.5233433333333335
2024-05-20 02:00:00+00:00,-2.407566666666667
2024-05-20 03:00:00+00:00,-2.29179
2024-05-20 04:00:00+00:00,-1.9596433333333334
2024-05-20 05:00:00+00:00,-1.6274966666666666
2024-05-20 06:00:00+00:00,-1.29535
2024-05-20 07:00:00+00:00,-0.6606393333333332
2024-05-20 08:00:00+00:00,-0.02592866666666649
2024-05-20 09:00:00+00:00,0.608782
2024-05-20 10:00:00+00:00,1.3163046666666667
2024-05-20 11:00:00+00:00,2.023827333333333
2024-05-20 12:00:00+00:00,2.73135
2024-05-20 13:00:00+00:00,1.9862873333333333
2024-05-20 14:00:00+00:00,1.2412246666666666
2024-05-20 15:00:00+00:00,0.496162
2024-05-20 16:00:00+00:00,-1.5017686666666668
2024-05-20 17:00:00+00:00,-3.4996993333333335
2024-05-20 18:00:00+00:00,-5.49763
2024-05-20 19:00:00+00:00,-4.7507
2024-05-20 20:00:00+00:00,-4.00377
2024-05-20 21:00:00+00:00,-3.25684
2024-05-20 22:00:00+00:00,-2.7768866666666665
2024-05-20 23:00:00+00:00,-2.2969333333333335
2024-05-21 00:00:00+00:00,-1.81698
2024-05-21 01:00:00+00:00,-1.2841846666666665
2024-05-21 02:00:00+00:00,-0.7513893333333332
2024-05-21 03:00:00+00:00,-0.218594
2024-05-21 04:00:00+00:00,0.20573066666666667
2024-05-21 05:00:00+00:00,0.6300553333333334
2024-05-21 06:00:00+00:00,1.05438
2024-05-21 07:00:00+00:00,1.1309666666666667
2024-05-21 08:00:00+00:00,1.2075533333333335
2024-05-21 09:00:00+00:00,1.28414
2024-05-21 10:00:00+00:00,1.9308433333333332
2024-05-21 11:00:00+00:00,2.5775466666666667
2024-05-21 12:00:00+00:00,3.22425
2024-05-21 13:00:00+00:00,0.8903833333333333
2024-05-21 14:00:00+00:00,-1.4434833333333335
2024-05-21 15:00:00+00:00,-3.77735
2024-05-21 16:00:00+00:00,-3.2670166666666667
2024-05-21 17:00:00+00:00,-2.756683333333333
2024-05-21 18:00:00+00:00,-2.24635
2024-05-21 19:00:00+00:00,-3.5784366666666667
2024-05-21 20:00:00+00:00,-4.910523333333334
2024-05-21 21:00:00+00:00,-6.24261
2024-05-21 22:00:00+00:00,-6.110073333333333
2024-05-21 23:00:00+00:00,-5.9775366666666665
2024-05-22 00:00:00+00:00,-5.845
2024-05-22 01:00:00+00:00,-4.519916666666666
2024-05-22 02:00:00+00:00,-3.194833333333333
2024-05-22 03:00:00+00:00,-1.86975
2024-05-22 04:00:00+00:00,-1.6476
2024-05-22 05:00:00+00:00,-1.42545
2024-05-22 06:00:00+00:00,-1.2033
2024-05-22 07:00:00+00:00,-0.2846700000000001
2024-05-22 08:00:00+00:00,0.6339599999999999
2024-05-22 09:00:00+00:00,1.55259
2024-05-22 10:00:00+00:00,1.8024566666666666
2024-05-22 11:00:00+00:00,2.0523233333333333
2024-05-22 12:00:00+00:00,2.30219
2024-05-22 13:00:00+00:00,2.33685
2024-05-22 14:00:00+00:00,2.37151
2024-05-22 15:00:00+00:00,2.40617
2024-05-22 16:00:00+00:00,1.6371943999999998
2024-05-22 17:00:00+00:00,0.8682188
2024-05-22 18:00:00+00:00,0.0992432
2024-05-22 19:00:00+00:00,-1.7541912
2024-05-22 20:00:00+00:00,-3.6076256
2024-05-22 21:00:00+00:00,-5.46106
2024-05-22 22:00:00+00:00,-4.60443
2024-05-22 23:00:00+00:00,-3.7478
2024-05-23 00:00:00+00:00,-2.89117
2024-05-23 01:00:00+00:00,-3.0132466666666664
2024-05-23 02:00:00+00:00,-3.1353233333333335
2024-05-23 03:00:00+00:00,-3.2574
2024-05-23 04:00:00+00:00,-3.766026666666667
2024-05-23 05:00:00+00:00,-4.274653333333333
2024-05-23 06:00:00+00:00,-4.78328
2024-05-23 07:00:00+00:00,-4.4398333333333335
2024-05-23 08:00:00+00:00,-4.096386666666667
2024-05-23 09:00:00+00:00,-3.75294
2024-05-23 10:00:00+00:00,-2.9974966666666667
2024-05-23 11:00:00+00:00,-2.2420533333333337
2024-05-23 12:00:00+00:00,-1.48661
2024-05-23 13:00:00+00:00,-1.2096923333333334
2024-05-23 14:00:00+00:00,-0.9327746666666666
2024-05-23 15:00:00+00:00,-0.655857
2024-05-23 16:00:00+00:00,-0.670516
2024-05-23 17:00:00+00:00,-0.685175
2024-05-23 18:00:00+00:00,-0.699834
2024-05-23 19:00:00+00:00,-0.9682660000000001
2024-05-23 20:00:00+00:00,-1.236698
2024-05-23 21:00:00+00:00,-1.50513
2024-05-23 22:00:00+00:00,-3.2052033333333334
2024-05-23 23:00:00+00:00,-4.9052766666666665
2024-05-24 00:00:00+00:00,-6.60535
2024-05-24 01:00:00+00:00,-5.92068
2024-05-24 02:00:00+00:00,-5.236009999999999
2024-05-24 03:00:00+00:00,-4.55134
2024-05-24 04:00:00+00:00,-3.7980566666666666
2024-05-24 05:00:00+00:00,-3.0447733333333336
2024-05-24 06:00:00+00:00,-2.29149
2024-05-24 07:00:00+00:00,-1.805886
2024-05-24 08:00:00+00:00,-1.3202820000000002
2024-05-24 09:00:00+00:00,-0.834678
2024-05-24 10:00:00+00:00,-0.7344973333333333
2024-05-24 11:00:00+00:00,-0.6343166666666668
2024-05-24 12:00:00+00:00,-0.534136
2024-05-24 13:00:00+00:00,0.2033259999999999
2024-05-24 14:00:00+00:00,0.9407879999999998
2024-05-24 15:00:00+00:00,1.67825
2024-05-24 16:00:00+00:00,1.8339766666666668
2024-05-24 17:00:00+00:00,1.9897033333333334
2024-05-24 18:00:00+00:00,2.14543
2024-05-24 19:00:00+00:00,0.2000200000000001
2024-05-24 20:00:00+00:00,-1.74539
2024-05-24 21:00:00+00:00,-3.6908
2024-05-24 22:00:00+00:00,-3.93376
2024-05-24 23:00:00+00:00,-4.1767199999999995
2024-05-25 00:00:00+00:00,-4.41968
2024-05-25 01:00:00+00:00,-4.23376
2024-05-25 02:00:00+00:00,-4.04784
2024-05-25 03:00:00+00:00,-3.86192
2024-05-25 04:00:00+00:00,-2.241311
2024-05-25 05:00:00+00:00,-0.6207020000000001
2024-05-25 06:00:00+00:00,0.999907
2024-05-25 07:00:00+00:00,1.463108
2024-05-25 08:00:00+00:00,1.926309
2024-05-25 09:00:00+00:00,2.38951
2024-05-25 10:00:00+00:00,3.0195866666666666
2024-05-25 11:00:00+00:00,3.6496633333333337
2024-05-25 12:00:00+00:00,4.27974
2024-05-25 13:00:00+00:00,3.7787400000000004
2024-05-25 14:00:00+00:00,3.2777400000000005
2024-05-25 15:00:00+00:00,2.77674
2024-05-25 16:00:00+00:00,2.9767833333333336
2024-05-25 17:00:00+00:00,3.1768266666666665
2024-05-25 18:00:00+00:00,3.37687
2024-05-25 19:00:00+00:00,2.173626333333333
2024-05-25 20:00:00+00:00,0.9703826666666666
2024-05-25 21:00:00+00:00,-0.232861
2024-05-25 22:00:00+00:00,-0.5980873333333334
2024-05-25 23:00:00+00:00,-0.9633136666666667
2024-05-26 00:00:00+00:00,-1.32854
2024-05-26 01:00:00+00:00,-0.6795343333333334
2024-05-26 02:00:00+00:00,-0.03052866666666665
2024-05-26 03:00:00+00:00,0.618477
2024-05-26 04:00:00+00:00,0.51626
2024-05-26 05:00:00+00:00,0.41404300000000005
2024-05-26 06:00:00+00:00,0.311826
2024-05-26 07:00:00+00:00,0.592614
2024-05-26 08:00:00+00:00,0.873402
2024-05-26 09:00:00+00:00,1.15419
2024-05-26 10:00:00+00:00,2.1030366666666667
2024-05-26 11:00:00+00:00,3.0518833333333335
2024-05-26 12:00:00+00:00,4.00073
2024-05-26 13:00:00+00:00,3.97234
2024-05-26 14:00:00+00:00,3.94395
2024-05-26 15:00:00+00:00,3.91556
2024-05-26 16:00:00+00:00,3.3668066666666667
2024-05-26 17:00:00+00:00,2.8180533333333333
2024-05-26 18:00:00+00:00,2.2693
2024-05-26 19:00:00+00:00,1.15494
2024-05-26 20:00:00+00:00,0.04058000000000028
2024-05-26 21:00:00+00:00,-1.07378
2024-05-26 22:00:00+00:00,-1.6083933333333333
2024-05-26 23:00:00+00:00,-2.1430066666666665
2024-05-27 00:00:00+00:00,-2.67762
2024-05-27 01:00:00+00:00,-2.109891666666667
2024-05-27 02:00:00+00:00,-1.5421633333333336
2024-05-27 03:00:00+00:00,-0.974435
2024-05-27 04:00:00+00:00,-1.5569833333333334
2024-05-27 05:00:00+00:00,-2.1395316666666666
2024-05-27 06:00:00+00:00,-2.72208
2024-05-27 07:00:00+00:00,-2.6040133333333335
2024-05-27 08:00:00+00:00,-2.4859466666666665
2024-05-27 09:00:00+00:00,-2.36788
2024-05-27 10:00:00+00:00,-1.8761476666666665
2024-05-27 11:00:00+00:00,-1.384415333333333
2024-05-27 12:00:00+00:00,-0.892683
2024-05-27 13:00:00+00:00,-0.4234953333333333
2024-05-27 14:00:00+00:00,0.045692333333333446
2024-05-27 15:00:00+00:00,0.51488
2024-05-27 16:00:00+00:00,0.37375463333333336
2024-05-27 17:00:00+00:00,0.23262926666666667
2024-05-27 18:00:00+00:00,0.0915039
2024-05-27 19:00:00+00:00,-2.5183340666666667
2024-05-27 20:00:00+00:00,-5.128172033333334
2024-05-27 21:00:00+00:00,-7.73801
2024-05-27 22:00:00+00:00,-7.7621166666666666
2024-05-27 23:00:00+00:00,-7.786223333333334
2024-05-28 00:00:00+00:00,-7.81033
2024-05-28 01:00:00+00:00,-6.33046
2024-05-28 02:00:00+00:00,-4.85059
2024-05-28 03:00:00+00:00,-3.37072
2024-05-28 04:00:00+00:00,-2.6437466666666665
2024-05-28 05:00:00+00:00,-1.9167733333333332
2024-05-28 06:00:00+00:00,-1.1898
2024-05-28 07:00:00+00:00,-0.6376946666666666
2024-05-28 08:00:00+00:00,-0.0855893333333333
2024-05-28 09:00:00+00:00,0.466516
2024-05-28 10:00:00+00:00,0.45319333333333334
2024-05-28 11:00:00+00:00,0.43987066666666663
2024-05-28 12:00:00+00:00,0.426548
2024-05-28 13:00:00+00:00,0.187173
2024-05-28 14:00:00+00:00,-0.05220199999999997
2024-05-28 15:00:00+00:00,-0.291577
2024-05-28 16:00:00+00:00,0.09469233333333338
2024-05-28 17:00:00+00:00,0.48096166666666673
2024-05-28 18:00:00+00:00,0.867231
2024-05-28 19:00:00+00:00,0.5509925333333333
2024-05-28 20:00:00+00:00,0.23475406666666665
2024-05-28 21:00:00+00:00,-0.0814844
2024-05-28 22:00:00+00:00,-1.6241595999999998
2024-05-28 23:00:00+00:00,-3.1668347999999997
2024-05-29 00:00:00+00:00,-4.70951
2024-05-29 01:00:00+00:00,-3.0571676666666665
2024-05-29 02:00:00+00:00,-1.4048253333333331
2024-05-29 03:00:00+00:00,0.247517
2024-05-29 04:00:00+00:00,-0.3855153333333333
2024-05-29 05:00:00+00:00,-1.0185476666666666
2024-05-29 06:00:00+00:00,-1.65158
2024-05-29 07:00:00+00:00,-1.2416806666666667
2024-05-29 08:00:00+00:00,-0.8317813333333334
2024-05-29 09:00:00+00:00,-0.421882
2024-05-29 10:00:00+00:00,-0.07969366666666666
2024-05-29 11:00:00+00:00,0.26249466666666665
2024-05-29 12:00:00+00:00,0.604683
2024-05-29 13:00:00+00:00,0.825182
2024-05-29 14:00:00+00:00,1.045681
2024-05-29 15:00:00+00:00,1.26618
2024-05-29 16:00:00+00:00,1.4719733333333334
2024-05-29 17:00:00+00:00,1.6777666666666666
2024-05-29 18:00:00+00:00,1.88356
2024-05-29 19:00:00+00:00,-0.3428433333333334
2024-05-29 20:00:00+00:00,-2.5692466666666665
2024-05-29 21:00:00+00:00,-4.79565
2024-05-29 22:00:00+00:00,-4.87043
2024-05-29 23:00:00+00:00,-4.94521
2024-05-30 00:00:00+00:00,-5.01999
2024-05-30 01:00:00+00:00,-5.46232
2024-05-30 02:00:00+00:00,-5.90465
2024-05-30 03:00:00+00:00,-6.34698
2024-05-30 04:00:00+00:00,-5.50183
2024-05-30 05:00:00+00:00,-4.65668
2024-05-30 06:00:00+00:00,-3.81153
2024-05-30 07:00:00+00:00,-3.3301233333333333
2024-05-30 08:00:00+00:00,-2.8487166666666663
2024-05-30 09:00:00+00:00,-2.36731
2024-05-30 10:00:00+00:00,-1.7444706666666665
2024-05-30 11:00:00+00:00,-1.1216313333333332
2024-05-30 12:00:00+00:00,-0.498792
2024-05-30 13:00:00+00:00,0.3796086666666667
2024-05-30 14:00:00+00:00,1.2580093333333333
2024-05-30 15:00:00+00:00,2.13641
2024-05-30 16:00:00+00:00,-0.3810466666666663
2024-05-30 17:00:00+00:00,-2.8985033333333328
2024-05-30 18:00:00+00:00,-5.41596
2024-05-30 19:00:00+00:00,-6.5024033333333335
2024-05-30 20:00:00+00:00,-7.588846666666667
2024-05-30 21:00:00+00:00,-8.67529
2024-05-30 22:00:00+00:00,-7.9516333333333336
2024-05-30 23:00:00+00:00,-7.227976666666667
2024-05-31 00:00:00+00:00,-6.50432
2024-05-31 01:00:00+00:00,-7.315743333333333
2024-05-31 02:00:00+00:00,-8.127166666666666
2024-05-31 03:00:00+00:00,-8.93859
2024-05-31 04:00:00+00:00,-8.615683333333333
2024-05-31 05:00:00+00:00,-8.292776666666667
2024-05-31 06:00:00+00:00,-7.96987
2024-05-31 07:00:00+00:00,-7.368906666666667
2024-05-31 08:00:00+00:00,-6.767943333333333
2024-05-31 09:00:00+00:00,-6.16698
2024-05-31 10:00:00+00:00,-5.4181566666666665
2024-05-31 11:00:00+00:00,-4.669333333333333
2024-05-31 12:00:00+00:00,-3.92051
2024-05-31 13:00:00+00:00,-3.4406333333333334
2024-05-31 14:00:00+00:00,-2.9607566666666667
2024-05-31 15:00:00+00:00,-2.48088
2024-05-31 16:00:00+00:00,-2.44625
2024-05-31 17:00:00+00:00,-2.41162
2024-05-31 18:00:00+00:00,-2.37699
2024-05-31 19:00:00+00:00,-3.9630433333333333
2024-05-31 20:00:00+00:00,-5.549096666666667
2024-05-31 21:00:00+00:00,-7.13515
2024-05-31 22:00:00+00:00,-7.4058633333333335
2024-05-31 23:00:00+00:00,-7.676576666666667
2024-06-01 00:00:00+00:00,-7.94729
2024-06-01 01:00:00+00:00,-7.086203333333333
2024-06-01 02:00:00+00:00,-6.225116666666667
2024-06-01 03:00:00+00:00,-5.36403
2024-06-01 04:00:00+00:00,-5.766063333333333
2024-06-01 05:00:00+00:00,-6.168096666666666
2024-06-01 06:00:00+00:00,-6.57013
2024-06-01 07:00:00+00:00,-5.70745
2024-06-01 08:00:00+00:00,-4.84477
2024-06-01 09:00:00+00:00,-3.98209
2024-06-01 10:00:00+00:00,-4.03855
2024-06-01 11:00:00+00:00,-4.09501
2024-06-01 12:00:00+00:00,-4.15147
2024-06-01 13:00:00+00:00,-4.2120299999999995
2024-06-01 14:00:00+00:00,-4.27259
2024-06-01 15:00:00+00:00,-4.33315
2024-06-01 16:00:00+00:00,-4.203443333333333
2024-06-01 17:00:00+00:00,-4.073736666666667
2024-06-01 18:00:00+00:00,-3.94403
2024-06-01 19:00:00+00:00,-5.15345
2024-06-01 20:00:00+00:00,-6.36287
2024-06-01 21:00:00+00:00,-7.57229
2024-06-01 22:00:00+00:00,-7.4611833333333335
2024-06-01 23:00:00+00:00,-7.350076666666666
2024-06-02 00:00:00+00:00,-7.23897
2024-06-02 01:00:00+00:00,-7.21477
2024-06-02 02:00:00+00:00,-7.19057
2024-06-02 03:00:00+00:00,-7.16637
2024-06-02 04:00:00+00:00,-7.27454
2024-06-02 05:00:00+00:00,-7.382709999999999
2024-06-02 06:00:00+00:00,-7.49088
2024-06-02 07:00:00+00:00,-6.183823333333333
2024-06-02 08:00:00+00:00,-4.876766666666667
2024-06-02 09:00:00+00:00,-3.56971
2024-06-02 10:00:00+00:00,-2.6928536666666667
2024-06-02 11:00:00+00:00,-1.8159973333333332
2024-06-02 12:00:00+00:00,-0.939141
2024-06-02 13:00:00+00:00,-1.108234
2024-06-02 14:00:00+00:00,-1.277327
2024-06-02 15:00:00+00:00,-1.44642
2024-06-02 16:00:00+00:00,-1.2949383333333333
2024-06-02 17:00:00+00:00,-1.1434566666666668
2024-06-02 18:00:00+00:00,-0.991975
2024-06-02 19:00:00+00:00,-2.046526666666667
2024-06-02 20:00:00+00:00,-3.1010783333333336
2024-06-02 21:00:00+00:00,-4.15563
2024-06-02 22:00:00+00:00,-4.51614
2024-06-02 23:00:00+00:00,-4.876650000000001
2024-06-03 00:00:00+00:00,-5.23716
2024-06-03 01:00:00+00:00,-4.172993333333333
2024-06-03 02:00:00+00:00,-3.108826666666667
2024-06-03 03:00:00+00:00,-2.04466
2024-06-03 04:00:00+00:00,-2.6073133333333334
2024-06-03 05:00:00+00:00,-3.1699666666666664
2024-06-03 06:00:00+00:00,-3.73262
2024-06-03 07:00:00+00:00,-2.526715
2024-06-03 08:00:00+00:00,-1.3208099999999998
2024-06-03 09:00:00+00:00,-0.114905
2024-06-03 10:00:00+00:00,0.48976000000000003
2024-06-03 11:00:00+00:00,1.094425
2024-06-03 12:00:00+00:00,1.69909
2024-06-03 13:00:00+00:00,1.6158433333333333
2024-06-03 14:00:00+00:00,1.5325966666666666
2024-06-03 15:00:00+00:00,1.44935
2024-06-03 16:00:00+00:00,-1.4859099999999996
2024-06-03 17:00:00+00:00,-4.421169999999999
2024-06-03 18:00:00+00:00,-7.35643
2024-06-03 19:00:00+00:00,-4.4658566666666655
2024-06-03 20:00:00+00:00,-1.5752833333333323
2024-06-03 21:00:00+00:00,1.31529
2024-06-03 22:00:00+00:00,1.8524266666666667
2024-06-03 23:00:00+00:00,2.3895633333333333
2024-06-04 00:00:00+00:00,2.9267
2024-06-04 01:00:00+00:00,1.8358996666666665
2024-06-04 02:00:00+00:00,0.7450993333333331
2024-06-04 03:00:00+00:00,-0.345701
2024-06-04 04:00:00+00:00,-0.4964383333333333
2024-06-04 05:00:00+00:00,-0.6471756666666666
2024-06-04 06:00:00+00:00,-0.797913
2024-06-04 07:00:00+00:00,-0.6937006666666666
2024-06-04 08:00:00+00:00,-0.5894883333333333
2024-06-04 09:00:00+00:00,-0.485276
2024-06-04 10:00:00+00:00,0.29705599999999993
2024-06-04 11:00:00+00:00,1.0793879999999998
2024-06-04 12:00:00+00:00,1.86172
2024-06-04 13:00:00+00:00,2.61094
2024-06-04 14:00:00+00:00,3.3601599999999996
2024-06-04 15:00:00+00:00,4.10938
2024-06-04 16:00:00+00:00,1.9244499999999998
2024-06-04 17:00:00+00:00,-0.26048000000000027
2024-06-04 18:00:00+00:00,-2.44541
2024-06-04 19:00:00+00:00,-1.6530418999999998
2024-06-04 20:00:00+00:00,-0.8606737999999998
2024-06-04 21:00:00+00:00,-0.0683057
2024-06-04 22:00:00+00:00,-0.8846938000000001
2024-06-04 23:00:00+00:00,-1.7010819000000001
2024-06-05 00:00:00+00:00,-2.51747
2024-06-05 01:00:00+00:00,-3.5568333333333335
2024-06-05 02:00:00+00:00,-4.596196666666667
2024-06-05 03:00:00+00:00,-5.63556
2024-06-05 04:00:00+00:00,-4.57653
2024-06-05 05:00:00+00:00,-3.5175
2024-06-05 06:00:00+00:00,-2.45847
2024-06-05 07:00:00+00:00,-1.5786316666666669
2024-06-05 08:00:00+00:00,-0.6987933333333334
2024-06-05 09:00:00+00:00,0.181045
2024-06-05 10:00:00+00:00,1.0224666666666666
2024-06-05 11:00:00+00:00,1.8638883333333331
2024-06-05 12:00:00+00:00,2.70531
2024-06-05 13:00:00+00:00,2.305483333333333
2024-06-05 14:00:00+00:00,1.9056566666666668
2024-06-05 15:00:00+00:00,1.50583
2024-06-05 16:00:00+00:00,1.5679733333333334
2024-06-05 17:00:00+00:00,1.6301166666666667
2024-06-05 18:00:00+00:00,1.69226
2024-06-05 19:00:00+00:00,1.0255619999999999
2024-06-05 20:00:00+00:00,0.35886399999999985
2024-06-05 21:00:00+00:00,-0.307834
2024-06-05 22:00:00+00:00,0.018788666666666676
2024-06-05 23:00:00+00:00,0.34541133333333335
2024-06-06 00:00:00+00:00,0.672034
2024-06-06 01:00:00+00:00,0.8602526666666667
2024-06-06 02:00:00+00:00,1.0484713333333333
2024-06-06 03:00:00+00:00,1.23669
2024-06-06 04:00:00+00:00,1.1329683333333334
2024-06-06 05:00:00+00:00,1.0292466666666666
2024-06-06 06:00:00+00:00,0.925525
2024-06-06 07:00:00+00:00,0.33218766666666666
2024-06-06 08:00:00+00:00,-0.2611496666666667
2024-06-06 09:00:00+00:00,-0.854487
2024-06-06 10:00:00+00:00,0.5845886666666666
2024-06-06 11:00:00+00:00,2.0236643333333335
2024-06-06 12:00:00+00:00,3.46274
2024-06-06 13:00:00+00:00,3.5905633333333333
2024-06-06 14:00:00+00:00,3.718386666666667
2024-06-06 15:00:00+00:00,3.84621
2024-06-06 16:00:00+00:00,4.2471266666666665
2024-06-06 17:00:00+00:00,4.648043333333334
2024-06-06 18:00:00+00:00,5.04896
2024-06-06 19:00:00+00:00,6.49967
2024-06-06 20:00:00+00:00,7.95038
2024-06-06 21:00:00+00:00,9.40109
2024-06-06 22:00:00+00:00,7.85817
2024-06-06 23:00:00+00:00,6.315250000000001
2024-06-07 00:00:00+00:00,4.77233
2024-06-07 01:00:00+00:00,1.8661766666666666
2024-06-07 02:00:00+00:00,-1.039976666666667
2024-06-07 03:00:00+00:00,-3.94613
2024-06-07 04:00:00+00:00,-3.2770533333333334
2024-06-07 05:00:00+00:00,-2.6079766666666666
2024-06-07 06:00:00+00:00,-1.9389
2024-06-07 07:00:00+00:00,-1.0710276666666667
2024-06-07 08:00:00+00:00,-0.20315533333333358
2024-06-07 09:00:00+00:00,0.664717
2024-06-07 10:00:00+00:00,2.6166046666666665
2024-06-07 11:00:00+00:00,4.568492333333333
2024-06-07 12:00:00+00:00,6.52038
2024-06-07 13:00:00+00:00,6.1164233333333335
2024-06-07 14:00:00+00:00,5.712466666666667
2024-06-07 15:00:00+00:00,5.30851
2024-06-07 16:00:00+00:00,6.254353333333333
2024-06-07 17:00:00+00:00,7.200196666666666
2024-06-07 18:00:00+00:00,8.14604
2024-06-07 19:00:00+00:00,6.960406666666667
2024-06-07 20:00:00+00:00,5.774773333333334
2024-06-07 21:00:00+00:00,4.58914
2024-06-07 22:00:00+00:00,3.7910433333333335
2024-06-07 23:00:00+00:00,2.9929466666666666
2024-06-08 00:00:00+00:00,2.19485
2024-06-08 01:00:00+00:00,2.3274966666666668
2024-06-08 02:00:00+00:00,2.4601433333333333
2024-06-08 03:00:00+00:00,2.59279
2024-06-08 04:00:00+00:00,2.34457
2024-06-08 05:00:00+00:00,2.09635
2024-06-08 06:00:00+00:00,1.84813
2024-06-08 07:00:00+00:00,2.3684766666666666
2024-06-08 08:00:00+00:00,2.8888233333333333
2024-06-08 09:00:00+00:00,3.40917
2024-06-08 10:00:00+00:00,3.8432766666666667
2024-06-08 11:00:00+00:00,4.277383333333334
2024-06-08 12:00:00+00:00,4.71149
2024-06-08 13:00:00+00:00,3.989536666666667
2024-06-08 14:00:00+00:00,3.2675833333333335
2024-06-08 15:00:00+00:00,2.54563
2024-06-08 16:00:00+00:00,2.259106666666667
2024-06-08 17:00:00+00:00,1.9725833333333331
2024-06-08 18:00:00+00:00,1.68606
2024-06-08 19:00:00+00:00,0.17398999999999964
2024-06-08 20:00:00+00:00,-1.3380800000000006
2024-06-08 21:00:00+00:00,-2.85015
2024-06-08 22:00:00+00:00,-2.31839
2024-06-08 23:00:00+00:00,-1.78663
2024-06-09 00:00:00+00:00,-1.25487
2024-06-09 01:00:00+00:00,-0.9348019999999999
2024-06-09 02:00:00+00:00,-0.614734
2024-06-09 03:00:00+00:00,-0.294666
2024-06-09 04:00:00+00:00,-1.9002773333333334
2024-06-09 05:00:00+00:00,-3.5058886666666664
2024-06-09 06:00:00+00:00,-5.1115
2024-06-09 07:00:00+00:00,-3.0963800000000004
2024-06-09 08:00:00+00:00,-1.0812600000000003
2024-06-09 09:00:00+00:00,0.93386
2024-06-09 10:00:00+00:00,1.4762366666666666
2024-06-09 11:00:00+00:00,2.018613333333333
2024-06-09 12:00:00+00:00,2.56099
2024-06-09 13:00:00+00:00,1.5145986666666666
2024-06-09 14:00:00+00:00,0.4682073333333334
2024-06-09 15:00:00+00:00,-0.578184
2024-06-09 16:00:00+00:00,-0.218729
2024-06-09 17:00:00+00:00,0.14072600000000002
2024-06-09 18:00:00+00:00,0.500181
2024-06-09 19:00:00+00:00,-0.9483626666666667
2024-06-09 20:00:00+00:00,-2.3969063333333334
2024-06-09 21:00:00+00:00,-3.84545
2024-06-09 22:00:00+00:00,-3.89875
2024-06-09 23:00:00+00:00,-3.95205
2024-06-10 00:00:00+00:00,-4.00535
2024-06-10 01:00:00+00:00,-4.09546
2024-06-10 02:00:00+00:00,-4.18557
2024-06-10 03:00:00+00:00,-4.27568
2024-06-10 04:00:00+00:00,-4.345553333333333
2024-06-10 05:00:00+00:00,-4.415426666666667
2024-06-10 06:00:00+00:00,-4.4853
2024-06-10 07:00:00+00:00,-4.335913333333333
2024-06-10 08:00:00+00:00,-4.1865266666666665
2024-06-10 09:00:00+00:00,-4.03714
2024-06-10 10:00:00+00:00,-3.61254
2024-06-10 11:00:00+00:00,-3.1879399999999998
2024-06-10 12:00:00+00:00,-2.76334
2024-06-10 13:00:00+00:00,-2.7125066666666666
2024-06-10 14:00:00+00:00,-2.6616733333333333
2024-06-10 15:00:00+00:00,-2.61084
2024-06-10 16:00:00+00:00,-2.49701
2024-06-10 17:00:00+00:00,-2.3831800000000003
2024-06-10 18:00:00+00:00,-2.26935
2024-06-10 19:00:00+00:00,-1.5996333333333337
2024-06-10 20:00:00+00:00,-0.929916666666667
2024-06-10 21:00:00+00:00,-0.2602
2024-06-10 22:00:00+00:00,-0.9804100000000001
2024-06-10 23:00:00+00:00,-1.7006200000000002
2024-06-11 00:00:00+00:00,-2.42083
2024-06-11 01:00:00+00:00,-3.4168133333333333
2024-06-11 02:00:00+00:00,-4.412796666666667
2024-06-11 03:00:00+00:00,-5.40878
2024-06-11 04:00:00+00:00,-4.483393333333334
2024-06-11 05:00:00+00:00,-3.5580066666666665
2024-06-11 06:00:00+00:00,-2.63262
2024-06-11 07:00:00+00:00,-2.8629966666666666
2024-06-11 08:00:00+00:00,-3.0933733333333335
2024-06-11 09:00:00+00:00,-3.32375
2024-06-11 10:00:00+00:00,-2.5377863333333335
2024-06-11 11:00:00+00:00,-1.7518226666666668
2024-06-11 12:00:00+00:00,-0.965859
2024-06-11 13:00:00+00:00,-0.4016656666666667
2024-06-11 14:00:00+00:00,0.16252766666666663
2024-06-11 15:00:00+00:00,0.726721
2024-06-11 16:00:00+00:00,-0.013722666666666772
2024-06-11 17:00:00+00:00,-0.7541663333333335
2024-06-11 18:00:00+00:00,-1.49461
2024-06-11 19:00:00+00:00,-3.7727966666666664
2024-06-11 20:00:00+00:00,-6.050983333333333
2024-06-11 21:00:00+00:00,-8.32917
2024-06-11 22:00:00+00:00,-8.046756666666667
2024-06-11 23:00:00+00:00,-7.764343333333334
2024-06-12 00:00:00+00:00,-7.48193
2024-06-12 01:00:00+00:00,-7.000900000000001
2024-06-12 02:00:00+00:00,-6.51987
2024-06-12 03:00:00+00:00,-6.03884
2024-06-12 04:00:00+00:00,-5.747520000000001
2024-06-12 05:00:00+00:00,-5.4562
2024-06-12 06:00:00+00:00,-5.16488
2024-06-12 07:00:00+00:00,-4.40827
2024-06-12 08:00:00+00:00,-3.6516599999999997
2024-06-12 09:00:00+00:00,-2.89505
2024-06-12 10:00:00+00:00,-2.4748633333333334
2024-06-12 11:00:00+00:00,-2.0546766666666665
2024-06-12 12:00:00+00:00,-1.63449
2024-06-12 13:00:00+00:00,-1.2601946666666666
2024-06-12 14:00:00+00:00,-0.8858993333333333
2024-06-12 15:00:00+00:00,-0.511604
2024-06-12 16:00:00+00:00,-3.0681759999999993
2024-06-12 17:00:00+00:00,-5.624747999999999
2024-06-12 18:00:00+00:00,-8.18132
2024-06-12 19:00:00+00:00,-7.26056
2024-06-12 20:00:00+00:00,-6.339799999999999
2024-06-12 21:00:00+00:00,-5.41904
2024-06-12 22:00:00+00:00,-5.839646666666667
2024-06-12 23:00:00+00:00,-6.260253333333333
2024-06-13 00:00:00+00:00,-6.68086
2024-06-13 01:00:00+00:00,-6.352626666666667
2024-06-13 02:00:00+00:00,-6.024393333333333
2024-06-13 03:00:00+00:00,-5.69616
2024-06-13 04:00:00+00:00,-4.8524666666666665
2024-06-13 05:00:00+00:00,-4.008773333333333
2024-06-13 06:00:00+00:00,-3.16508
2024-06-13 07:00:00+00:00,-1.64869
2024-06-13 08:00:00+00:00,-0.13229999999999986
2024-06-13 09:00:00+00:00,1.38409
2024-06-13 10:00:00+00:00,1.9372266666666667
2024-06-13 11:00:00+00:00,2.4903633333333333
2024-06-13 12:00:00+00:00,3.0435
2024-06-13 13:00:00+00:00,2.8226466666666665
2024-06-13 14:00:00+00:00,2.601793333333333
2024-06-13 15:00:00+00:00,2.38094
2024-06-13 16:00:00+00:00,2.1202866666666664
2024-06-13 17:00:00+00:00,1.8596333333333335
2024-06-13 18:00:00+00:00,1.59898
2024-06-13 19:00:00+00:00,1.2491196666666666
2024-06-13 20:00:00+00:00,0.8992593333333333
2024-06-13 21:00:00+00:00,0.549399
2024-06-13 22:00:00+00:00,1.2822093333333333
2024-06-13 23:00:00+00:00,2.015019666666667
2024-06-14 00:00:00+00:00,2.74783
2024-06-14 01:00:00+00:00,2.2321933333333335
2024-06-14 02:00:00+00:00,1.7165566666666667
2024-06-14 03:00:00+00:00,1.20092
2024-06-14 04:00:00+00:00,1.5177066666666665
2024-06-14 05:00:00+00:00,1.834493333333333
2024-06-14 06:00:00+00:00,2.15128
2024-06-14 07:00:00+00:00,2.4621999999999997
2024-06-14 08:00:00+00:00,2.77312
2024-06-14 09:00:00+00:00,3.08404
2024-06-14 10:00:00+00:00,3.3977166666666667
2024-06-14 11:00:00+00:00,3.7113933333333335
2024-06-14 12:00:00+00:00,4.02507
2024-06-14 13:00:00+00:00,3.6906533333333336
2024-06-14 14:00:00+00:00,3.3562366666666668
2024-06-14 15:00:00+00:00,3.02182
2024-06-14 16:00:00+00:00,2.4851366666666665
2024-06-14 17:00:00+00:00,1.9484533333333334
2024-06-14 18:00:00+00:00,1.41177
2024-06-14 19:00:00+00:00,1.182233
2024-06-14 20:00:00+00:00,0.952696
2024-06-14 21:00:00+00:00,0.723159
2024-06-14 22:00:00+00:00,-0.5585306666666666
2024-06-14 23:00:00+00:00,-1.8402203333333333
2024-06-15 00:00:00+00:00,-3.12191
2024-06-15 01:00:00+00:00,-1.927272
2024-06-15 02:00:00+00:00,-0.732634
2024-06-15 03:00:00+00:00,0.462004
2024-06-15 04:00:00+00:00,-0.3223373333333333
2024-06-15 05:00:00+00:00,-1.1066786666666666
2024-06-15 06:00:00+00:00,-1.89102
2024-06-15 07:00:00+00:00,-1.3576796666666666
2024-06-15 08:00:00+00:00,-0.8243393333333333
2024-06-15 09:00:00+00:00,-0.290999
2024-06-15 10:00:00+00:00,0.5680873333333333
2024-06-15 11:00:00+00:00,1.4271736666666666
2024-06-15 12:00:00+00:00,2.28626
2024-06-15 13:00:00+00:00,1.7789169999999999
2024-06-15 14:00:00+00:00,1.271574
2024-06-15 15:00:00+00:00,0.764231
2024-06-15 16:00:00+00:00,-0.5845226666666664
2024-06-15 17:00:00+00:00,-1.9332763333333327
2024-06-15 18:00:00+00:00,-3.28203
2024-06-15 19:00:00+00:00,-3.9800366666666664
2024-06-15 20:00:00+00:00,-4.678043333333333
2024-06-15 21:00:00+00:00,-5.37605
2024-06-15 22:00:00+00:00,-4.25263
2024-06-15 23:00:00+00:00,-3.12921
2024-06-16 00:00:00+00:00,-2.00579
2024-06-16 01:00:00+00:00,-2.1068266666666666
2024-06-16 02:00:00+00:00,-2.2078633333333335
2024-06-16 03:00:00+00:00,-2.3089
2024-06-16 04:00:00+00:00,-2.5167433333333333
2024-06-16 05:00:00+00:00,-2.7245866666666667
2024-06-16 06:00:00+00:00,-2.93243
2024-06-16 07:00:00+00:00,-2.0425240000000002
2024-06-16 08:00:00+00:00,-1.1526180000000001
2024-06-16 09:00:00+00:00,-0.262712
2024-06-16 10:00:00+00:00,0.7694753333333333
2024-06-16 11:00:00+00:00,1.8016626666666666
2024-06-16 12:00:00+00:00,2.83385
2024-06-16 13:00:00+00:00,3.0209
2024-06-16 14:00:00+00:00,3.20795
2024-06-16 15:00:00+00:00,3.395
2024-06-16 16:00:00+00:00,3.6755666666666666
2024-06-16 17:00:00+00:00,3.9561333333333333
2024-06-16 18:00:00+00:00,4.2367
2024-06-16 19:00:00+00:00,3.688423333333333
2024-06-16 20:00:00+00:00,3.1401466666666664
2024-06-16 21:00:00+00:00,2.59187
2024-06-16 22:00:00+00:00,1.4372696666666667
2024-06-16 23:00:00+00:00,0.2826693333333332
2024-06-17 00:00:00+00:00,-0.871931
2024-06-17 01:00:00+00:00,0.27459600000000006
2024-06-17 02:00:00+00:00,1.4211230000000001
2024-06-17 03:00:00+00:00,2.56765
2024-06-17 04:00:00+00:00,2.73429
2024-06-17 05:00:00+00:00,2.90093
2024-06-17 06:00:00+00:00,3.06757
2024-06-17 07:00:00+00:00,3.20619
2024-06-17 08:00:00+00:00,3.34481
2024-06-17 09:00:00+00:00,3.48343
2024-06-17 10:00:00+00:00,3.87214
2024-06-17 11:00:00+00:00,4.26085
2024-06-17 12:00:00+00:00,4.64956
2024-06-17 13:00:00+00:00,4.032173333333334
2024-06-17 14:00:00+00:00,3.414786666666667
2024-06-17 15:00:00+00:00,2.7974
2024-06-17 16:00:00+00:00,4.1189100000000005
2024-06-17 17:00:00+00:00,5.4404200000000005
2024-06-17 18:00:00+00:00,6.76193
2024-06-17 19:00:00+00:00,3.99398
2024-06-17 20:00:00+00:00,1.2260299999999997
2024-06-17 21:00:00+00:00,-1.54192
2024-06-17 22:00:00+00:00,-0.22361666666666657
2024-06-17 23:00:00+00:00,1.0946866666666668
2024-06-18 00:00:00+00:00,2.41299
2024-06-18 01:00:00+00:00,2.71911
2024-06-18 02:00:00+00:00,3.02523
2024-06-18 03:00:00+00:00,3.33135
2024-06-18 04:00:00+00:00,3.06223
2024-06-18 05:00:00+00:00,2.79311
2024-06-18 06:00:00+00:00,2.52399
2024-06-18 07:00:00+00:00,3.1824333333333334
2024-06-18 08:00:00+00:00,3.8408766666666665
2024-06-18 09:00:00+00:00,4.49932
2024-06-18 10:00:00+00:00,4.741986666666667
2024-06-18 11:00:00+00:00,4.984653333333333
2024-06-18 12:00:00+00:00,5.22732
2024-06-18 13:00:00+00:00,4.600723333333333
2024-06-18 14:00:00+00:00,3.974126666666667
2024-06-18 15:00:00+00:00,3.34753
2024-06-18 16:00:00+00:00,3.2243633333333332
2024-06-18 17:00:00+00:00,3.1011966666666666
2024-06-18 18:00:00+00:00,2.97803
2024-06-18 19:00:00+00:00,3.0604733333333334
2024-06-18 20:00:00+00:00,3.1429166666666664
2024-06-18 21:00:00+00:00,3.22536
2024-06-18 22:00:00+00:00,3.326443333333333
2024-06-18 23:00:00+00:00,3.4275266666666666
2024-06-19 00:00:00+00:00,3.52861
2024-06-19 01:00:00+00:00,2.996506666666667
2024-06-19 02:00:00+00:00,2.4644033333333333
2024-06-19 03:00:00+00:00,1.9323
2024-06-19 04:00:00+00:00,1.8593566666666665
2024-06-19 05:00:00+00:00,1.7864133333333334
2024-06-19 06:00:00+00:00,1.71347
2024-06-19 07:00:00+00:00,1.8533633333333335
2024-06-19 08:00:00+00:00,1.9932566666666667
2024-06-19 09:00:00+00:00,2.13315
2024-06-19 10:00:00+00:00,2.32208
2024-06-19 11:00:00+00:00,2.5110099999999997
2024-06-19 12:00:00+00:00,2.69994
2024-06-19 13:00:00+00:00,2.605783333333333
2024-06-19 14:00:00+00:00,2.5116266666666665
2024-06-19 15:00:00+00:00,2.41747
2024-06-19 16:00:00+00:00,2.5183966666666664
2024-06-19 17:00:00+00:00,2.6193233333333334
2024-06-19 18:00:00+00:00,2.72025
2024-06-19 19:00:00+00:00,2.187413333333333
2024-06-19 20:00:00+00:00,1.6545766666666666
2024-06-19 21:00:00+00:00,1.12174
2024-06-19 22:00:00+00:00,1.047169
2024-06-19 23:00:00+00:00,0.972598
2024-06-20 00:00:00+00:00,0.898027
2024-06-20 01:00:00+00:00,1.676398
2024-06-20 02:00:00+00:00,2.454769
2024-06-20 03:00:00+00:00,3.23314
2024-06-20 04:00:00+00:00,3.52023
2024-06-20 05:00:00+00:00,3.80732
2024-06-20 06:00:00+00:00,4.09441
2024-06-20 07:00:00+00:00,3.2007866666666667
2024-06-20 08:00:00+00:00,2.3071633333333335
2024-06-20 09:00:00+00:00,1.41354
2024-06-20 10:00:00+00:00,2.00995
2024-06-20 11:00:00+00:00,2.60636
2024-06-20 12:00:00+00:00,3.20277
2024-06-20 13:00:00+00:00,2.1144207333333336
2024-06-20 14:00:00+00:00,1.0260714666666666
2024-06-20 15:00:00+00:00,-0.0622778
2024-06-20 16:00:00+00:00,0.5638014666666666
2024-06-20 17:00:00+00:00,1.1898807333333334
2024-06-20 18:00:00+00:00,1.81596
2024-06-20 19:00:00+00:00,0.4179666666666668
2024-06-20 20:00:00+00:00,-0.9800266666666664
2024-06-20 21:00:00+00:00,-2.37802
2024-06-20 22:00:00+00:00,-2.75225
2024-06-20 23:00:00+00:00,-3.12648
2024-06-21 00:00:00+00:00,-3.50071
2024-06-21 01:00:00+00:00,-3.7112600000000002
2024-06-21 02:00:00+00:00,-3.9218100000000002
2024-06-21 03:00:00+00:00,-4.13236
2024-06-21 04:00:00+00:00,-3.283136666666667
2024-06-21 05:00:00+00:00,-2.433913333333334
2024-06-21 06:00:00+00:00,-1.58469
2024-06-21 07:00:00+00:00,-1.2120736666666667
2024-06-21 08:00:00+00:00,-0.8394573333333334
2024-06-21 09:00:00+00:00,-0.466841
2024-06-21 10:00:00+00:00,-0.28121756666666664
2024-06-21 11:00:00+00:00,-0.09559413333333333
2024-06-21 12:00:00+00:00,0.0900293
2024-06-21 13:00:00+00:00,0.7171261999999999
2024-06-21 14:00:00+00:00,1.3442231
2024-06-21 15:00:00+00:00,1.97132
2024-06-21 16:00:00+00:00,2.228283333333333
2024-06-21 17:00:00+00:00,2.485246666666667
2024-06-21 18:00:00+00:00,2.74221
2024-06-21 19:00:00+00:00,1.9329063333333334
2024-06-21 20:00:00+00:00,1.1236026666666667
2024-06-21 21:00:00+00:00,0.314299
2024-06-21 22:00:00+00:00,-1.3455406666666665
2024-06-21 23:00:00+00:00,-3.005380333333333
2024-06-22 00:00:00+00:00,-4.66522
2024-06-22 01:00:00+00:00,-4.622343333333333
2024-06-22 02:00:00+00:00,-4.579466666666667
2024-06-22 03:00:00+00:00,-4.53659
2024-06-22 04:00:00+00:00,-3.7862333333333336
2024-06-22 05:00:00+00:00,-3.035876666666667
2024-06-22 06:00:00+00:00,-2.28552
2024-06-22 07:00:00+00:00,-1.7735263333333333
2024-06-22 08:00:00+00:00,-1.2615326666666666
2024-06-22 09:00:00+00:00,-0.749539
2024-06-22 10:00:00+00:00,-0.31861266666666666
2024-06-22 11:00:00+00:00,0.11231366666666664
2024-06-22 12:00:00+00:00,0.54324
2024-06-22 13:00:00+00:00,-0.98698
2024-06-22 14:00:00+00:00,-2.5172
2024-06-22 15:00:00+00:00,-4.04742
2024-06-22 16:00:00+00:00,-5.250096666666667
2024-06-22 17:00:00+00:00,-6.452773333333333
2024-06-22 18:00:00+00:00,-7.65545
2024-06-22 19:00:00+00:00,-6.818413333333333
2024-06-22 20:00:00+00:00,-5.981376666666667
2024-06-22 21:00:00+00:00,-5.14434
2024-06-22 22:00:00+00:00,-4.956383333333333
2024-06-22 23:00:00+00:00,-4.768426666666667
2024-06-23 00:00:00+00:00,-4.58047
2024-06-23 01:00:00+00:00,-4.196673333333333
2024-06-23 02:00:00+00:00,-3.8128766666666665
2024-06-23 03:00:00+00:00,-3.42908
2024-06-23 04:00:00+00:00,-3.12545
2024-06-23 05:00:00+00:00,-2.82182
2024-06-23 06:00:00+00:00,-2.51819
2024-06-23 07:00:00+00:00,-2.8473100000000002
2024-06-23 08:00:00+00:00,-3.17643
2024-06-23 09:00:00+00:00,-3.50555
2024-06-23 10:00:00+00:00,-3.2105266666666665
2024-06-23 11:00:00+00:00,-2.9155033333333336
2024-06-23 12:00:00+00:00,-2.62048
2024-06-23 13:00:00+00:00,-1.7903396666666667
2024-06-23 14:00:00+00:00,-0.9601993333333334
2024-06-23 15:00:00+00:00,-0.130059
2024-06-23 16:00:00+00:00,0.20664766666666665
2024-06-23 17:00:00+00:00,0.5433543333333333
2024-06-23 18:00:00+00:00,0.880061
2024-06-23 19:00:00+00:00,-1.407462666666667
2024-06-23 20:00:00+00:00,-3.694986333333334
2024-06-23 21:00:00+00:00,-5.98251
2024-06-23 22:00:00+00:00,-5.494680000000001
2024-06-23 23:00:00+00:00,-5.00685
2024-06-24 00:00:00+00:00,-4.51902
2024-06-24 01:00:00+00:00,-4.374113333333334
2024-06-24 02:00:00+00:00,-4.229206666666666
2024-06-24 03:00:00+00:00,-4.0843
2024-06-24 04:00:00+00:00,-4.001076666666666
2024-06-24 05:00:00+00:00,-3.9178533333333334
2024-06-24 06:00:00+00:00,-3.83463
2024-06-24 07:00:00+00:00,-3.1024266666666667
2024-06-24 08:00:00+00:00,-2.3702233333333336
2024-06-24 09:00:00+00:00,-1.63802
2024-06-24 10:00:00+00:00,-1.4062736666666666
2024-06-24 11:00:00+00:00,-1.1745273333333333
2024-06-24 12:00:00+00:00,-0.942781
2024-06-24 13:00:00+00:00,-0.767134
2024-06-24 14:00:00+00:00,-0.591487
2024-06-24 15:00:00+00:00,-0.41584
2024-06-24 16:00:00+00:00,0.1356666666666667
2024-06-24 17:00:00+00:00,0.6871733333333334
2024-06-24 18:00:00+00:00,1.23868
2024-06-24 19:00:00+00:00,1.1729733333333334
2024-06-24 20:00:00+00:00,1.1072666666666666
2024-06-24 21:00:00+00:00,1.04156
2024-06-24 22:00:00+00:00,-0.2732300000000001
2024-06-24 23:00:00+00:00,-1.5880200000000002
2024-06-25 00:00:00+00:00,-2.90281
2024-06-25 01:00:00+00:00,-1.2491100000000002
2024-06-25 02:00:00+00:00,0.4045899999999998
2024-06-25 03:00:00+00:00,2.05829
2024-06-25 04:00:00+00:00,1.2825163333333331
2024-06-25 05:00:00+00:00,0.5067426666666666
2024-06-25 06:00:00+00:00,-0.269031
2024-06-25 07:00:00+00:00,-0.011009333333333371
2024-06-25 08:00:00+00:00,0.24701233333333328
2024-06-25 09:00:00+00:00,0.505034
2024-06-25 10:00:00+00:00,0.8418093333333334
2024-06-25 11:00:00+00:00,1.1785846666666666
2024-06-25 12:00:00+00:00,1.51536
2024-06-25 13:00:00+00:00,1.62183
2024-06-25 14:00:00+00:00,1.7283
2024-06-25 15:00:00+00:00,1.83477
2024-06-25 16:00:00+00:00,-0.9983466666666667
2024-06-25 17:00:00+00:00,-3.8314633333333337
2024-06-25 18:00:00+00:00,-6.66458
2024-06-25 19:00:00+00:00,-4.491294
2024-06-25 20:00:00+00:00,-2.318008
2024-06-25 21:00:00+00:00,-0.144722
2024-06-25 22:00:00+00:00,-0.20642033333333334
2024-06-25 23:00:00+00:00,-0.26811866666666667
2024-06-26 00:00:00+00:00,-0.329817
2024-06-26 01:00:00+00:00,0.8807753333333332
2024-06-26 02:00:00+00:00,2.0913676666666667
2024-06-26 03:00:00+00:00,3.30196
2024-06-26 04:00:00+00:00,3.1777699999999998
2024-06-26 05:00:00+00:00,3.05358
2024-06-26 06:00:00+00:00,2.92939
2024-06-26 07:00:00+00:00,2.521
2024-06-26 08:00:00+00:00,2.11261
2024-06-26 09:00:00+00:00,1.70422
2024-06-26 10:00:00+00:00,2.2944766666666667
2024-06-26 11:00:00+00:00,2.884733333333333
2024-06-26 12:00:00+00:00,3.47499
2024-06-26 13:00:00+00:00,2.8217966666666667
2024-06-26 14:00:00+00:00,2.1686033333333334
2024-06-26 15:00:00+00:00,1.51541
2024-06-26 16:00:00+00:00,1.79298
2024-06-26 17:00:00+00:00,2.07055
2024-06-26 18:00:00+00:00,2.34812
2024-06-26 19:00:00+00:00,1.0355366666666668
2024-06-26 20:00:00+00:00,-0.27704666666666666
2024-06-26 21:00:00+00:00,-1.58963
2024-06-26 22:00:00+00:00,-0.04412666666666687
2024-06-26 23:00:00+00:00,1.5013766666666664
2024-06-27 00:00:00+00:00,3.04688
2024-06-27 01:00:00+00:00,2.081307
2024-06-27 02:00:00+00:00,1.1157339999999998
2024-06-27 03:00:00+00:00,0.150161
2024-06-27 04:00:00+00:00,0.3686693333333333
2024-06-27 05:00:00+00:00,0.5871776666666666
2024-06-27 06:00:00+00:00,0.805686
2024-06-27 07:00:00+00:00,0.1250673333333333
2024-06-27 08:00:00+00:00,-0.5555513333333334
2024-06-27 09:00:00+00:00,-1.23617
2024-06-27 10:00:00+00:00,-0.6826973333333334
2024-06-27 11:00:00+00:00,-0.12922466666666677
2024-06-27 12:00:00+00:00,0.424248
2024-06-27 13:00:00+00:00,2.7456786666666666
2024-06-27 14:00:00+00:00,5.067109333333334
2024-06-27 15:00:00+00:00,7.38854
2024-06-27 16:00:00+00:00,7.3087
2024-06-27 17:00:00+00:00,7.22886
2024-06-27 18:00:00+00:00,7.14902
2024-06-27 19:00:00+00:00,6.560593333333333
2024-06-27 20:00:00+00:00,5.972166666666667
2024-06-27 21:00:00+00:00,5.38374
2024-06-27 22:00:00+00:00,4.239586666666667
2024-06-27 23:00:00+00:00,3.0954333333333333
2024-06-28 00:00:00+00:00,1.95128
2024-06-28 01:00:00+00:00,2.3832233333333335
2024-06-28 02:00:00+00:00,2.815166666666667
2024-06-28 03:00:00+00:00,3.24711
2024-06-28 04:00:00+00:00,2.5957933333333334
2024-06-28 05:00:00+00:00,1.9444766666666669
2024-06-28 06:00:00+00:00,1.29316
2024-06-28 07:00:00+00:00,2.306626666666667
2024-06-28 08:00:00+00:00,3.3200933333333333
2024-06-28 09:00:00+00:00,4.33356
2024-06-28 10:00:00+00:00,4.1469000000000005
2024-06-28 11:00:00+00:00,3.96024
2024-06-28 12:00:00+00:00,3.77358
2024-06-28 13:00:00+00:00,3.8870999999999998
2024-06-28 14:00:00+00:00,4.00062
2024-06-28 15:00:00+00:00,4.11414
2024-06-28 16:00:00+00:00,3.76211
2024-06-28 17:00:00+00:00,3.4100800000000002
2024-06-28 18:00:00+00:00,3.05805
2024-06-28 19:00:00+00:00,3.7236266666666666
2024-06-28 20:00:00+00:00,4.389203333333334
2024-06-28 21:00:00+00:00,5.05478
2024-06-28 22:00:00+00:00,5.193296666666667
2024-06-28 23:00:00+00:00,5.331813333333333
2024-06-29 00:00:00+00:00,5.47033
2024-06-29 01:00:00+00:00,5.369886666666666
2024-06-29 02:00:00+00:00,5.269443333333333
2024-06-29 03:00:00+00:00,5.169
2024-06-29 04:00:00+00:00,4.8640566666666665
2024-06-29 05:00:00+00:00,4.559113333333333
2024-06-29 06:00:00+00:00,4.25417
2024-06-29 07:00:00+00:00,4.22473
2024-06-29 08:00:00+00:00,4.19529
2024-06-29 09:00:00+00:00,4.16585
2024-06-29 10:00:00+00:00,3.669843333333333
2024-06-29 11:00:00+00:00,3.173836666666667
2024-06-29 12:00:00+00:00,2.67783
2024-06-29 13:00:00+00:00,3.344066666666667
2024-06-29 14:00:00+00:00,4.010303333333334
2024-06-29 15:00:00+00:00,4.67654
2024-06-29 16:00:00+00:00,4.777993333333334
2024-06-29 17:00:00+00:00,4.8794466666666665
2024-06-29 18:00:00+00:00,4.9809
2024-06-29 19:00:00+00:00,4.5536
2024-06-29 20:00:00+00:00,4.1263
2024-06-29 21:00:00+00:00,3.699
2024-06-29 22:00:00+00:00,4.04048
2024-06-29 23:00:00+00:00,4.38196
2024-06-30 00:00:00+00:00,4.72344
2024-06-30 01:00:00+00:00,4.48588
2024-06-30 02:00:00+00:00,4.2483200000000005
2024-06-30 03:00:00+00:00,4.01076
2024-06-30 04:00:00+00:00,3.4435700000000002
2024-06-30 05:00:00+00:00,2.87638
2024-06-30 06:00:00+00:00,2.30919
2024-06-30 07:00:00+00:00,2.2727933333333334
2024-06-30 08:00:00+00:00,2.236396666666667
2024-06-30 09:00:00+00:00,2.2
2024-06-30 10:00:00+00:00,2.4279100000000002
2024-06-30 11:00:00+00:00,2.65582
2024-06-30 12:00:00+00:00,2.88373
2024-06-30 13:00:00+00:00,2.36176
2024-06-30 14:00:00+00:00,1.83979
2024-06-30 15:00:00+00:00,1.31782
2024-06-30 16:00:00+00:00,1.2199966666666666
2024-06-30 17:00:00+00:00,1.1221733333333335
2024-06-30 18:00:00+00:00,1.02435
2024-06-30 19:00:00+00:00,1.1074466666666667
2024-06-30 20:00:00+00:00,1.1905433333333335
2024-06-30 21:00:00+00:00,1.27364
2024-06-30 22:00:00+00:00,0.40814666666666677
2024-06-30 23:00:00+00:00,-0.45734666666666657
2024-07-01 00:00:00+00:00,-1.32284
2024-07-01 01:00:00+00:00,-2.1590033333333336
2024-07-01 02:00:00+00:00,-2.995166666666667
2024-07-01 03:00:00+00:00,-3.83133
2024-07-01 04:00:00+00:00,-3.8639533333333334
2024-07-01 05:00:00+00:00,-3.8965766666666664
2024-07-01 06:00:00+00:00,-3.9292
2024-07-01 07:00:00+00:00,-3.0153666666666665
2024-07-01 08:00:00+00:00,-2.1015333333333333
2024-07-01 09:00:00+00:00,-1.1877
2024-07-01 10:00:00+00:00,-1.29337
2024-07-01 11:00:00+00:00,-1.39904
2024-07-01 12:00:00+00:00,-1.50471
2024-07-01 13:00:00+00:00,-0.9345086666666667
2024-07-01 14:00:00+00:00,-0.3643073333333333
2024-07-01 15:00:00+00:00,0.205894
2024-07-01 16:00:00+00:00,-1.6349639999999999
2024-07-01 17:00:00+00:00,-3.475822
2024-07-01 18:00:00+00:00,-5.31668
2024-07-01 19:00:00+00:00,-5.677326666666667
2024-07-01 20:00:00+00:00,-6.037973333333333
2024-07-01 21:00:00+00:00,-6.39862
2024-07-01 22:00:00+00:00,-6.05626
2024-07-01 23:00:00+00:00,-5.713900000000001
2024-07-02 00:00:00+00:00,-5.37154
2024-07-02 01:00:00+00:00,-5.044933333333334
2024-07-02 02:00:00+00:00,-4.718326666666667
2024-07-02 03:00:00+00:00,-4.39172
2024-07-02 04:00:00+00:00,-4.22137
2024-07-02 05:00:00+00:00,-4.05102
2024-07-02 06:00:00+00:00,-3.88067
2024-07-02 07:00:00+00:00,-3.238766666666667
2024-07-02 08:00:00+00:00,-2.5968633333333333
2024-07-02 09:00:00+00:00,-1.95496
2024-07-02 10:00:00+00:00,-1.8484666666666667
2024-07-02 11:00:00+00:00,-1.7419733333333334
2024-07-02 12:00:00+00:00,-1.63548
2024-07-02 13:00:00+00:00,-1.2778233333333333
2024-07-02 14:00:00+00:00,-0.9201666666666666
2024-07-02 15:00:00+00:00,-0.56251
2024-07-02 16:00:00+00:00,-0.5098976666666666
2024-07-02 17:00:00+00:00,-0.4572853333333333
2024-07-02 18:00:00+00:00,-0.404673
2024-07-02 19:00:00+00:00,-2.106208666666667
2024-07-02 20:00:00+00:00,-3.8077443333333334
2024-07-02 21:00:00+00:00,-5.50928
2024-07-02 22:00:00+00:00,-4.801403333333334
2024-07-02 23:00:00+00:00,-4.0935266666666665
2024-07-03 00:00:00+00:00,-3.38565
2024-07-03 01:00:00+00:00,-3.5381933333333335
2024-07-03 02:00:00+00:00,-3.6907366666666666
2024-07-03 03:00:00+00:00,-3.84328
2024-07-03 04:00:00+00:00,-3.481273333333333
2024-07-03 05:00:00+00:00,-3.119266666666667
2024-07-03 06:00:00+00:00,-2.75726
2024-07-03 07:00:00+00:00,-2.066707666666667
2024-07-03 08:00:00+00:00,-1.3761553333333334
2024-07-03 09:00:00+00:00,-0.685603
2024-07-03 10:00:00+00:00,-0.34881499999999993
2024-07-03 11:00:00+00:00,-0.012026999999999899
2024-07-03 12:00:00+00:00,0.324761
2024-07-03 13:00:00+00:00,0.9960906666666667
2024-07-03 14:00:00+00:00,1.6674203333333335
2024-07-03 15:00:00+00:00,2.33875
2024-07-03 16:00:00+00:00,2.1028366666666667
2024-07-03 17:00:00+00:00,1.8669233333333335
2024-07-03 18:00:00+00:00,1.63101
2024-07-03 19:00:00+00:00,-0.3269199999999999
2024-07-03 20:00:00+00:00,-2.2848499999999996
2024-07-03 21:00:00+00:00,-4.24278
2024-07-03 22:00:00+00:00,-4.312093333333333
2024-07-03 23:00:00+00:00,-4.381406666666666
2024-07-04 00:00:00+00:00,-4.45072
2024-07-04 01:00:00+00:00,-4.222193333333333
2024-07-04 02:00:00+00:00,-3.9936666666666665
2024-07-04 03:00:00+00:00,-3.76514
2024-07-04 04:00:00+00:00,-3.63621
2024-07-04 05:00:00+00:00,-3.50728
2024-07-04 06:00:00+00:00,-3.37835
2024-07-04 07:00:00+00:00,-2.9726533333333336
2024-07-04 08:00:00+00:00,-2.5669566666666666
2024-07-04 09:00:00+00:00,-2.16126
2024-07-04 10:00:00+00:00,-1.6000816666666666
2024-07-04 11:00:00+00:00,-1.0389033333333333
2024-07-04 12:00:00+00:00,-0.477725
2024-07-04 13:00:00+00:00,-0.18886266666666668
2024-07-04 14:00:00+00:00,0.09999966666666665
2024-07-04 15:00:00+00:00,0.388862
2024-07-04 16:00:00+00:00,0.561288
2024-07-04 17:00:00+00:00,0.733714
2024-07-04 18:00:00+00:00,0.90614
2024-07-04 19:00:00+00:00,1.09508
2024-07-04 20:00:00+00:00,1.28402
2024-07-04 21:00:00+00:00,1.47296
2024-07-04 22:00:00+00:00,2.3319666666666667
2024-07-04 23:00:00+00:00,3.190973333333333
2024-07-05 00:00:00+00:00,4.04998
2024-07-05 01:00:00+00:00,2.776946333333333
2024-07-05 02:00:00+00:00,1.5039126666666665
2024-07-05 03:00:00+00:00,0.230879
2024-07-05 04:00:00+00:00,0.206172
2024-07-05 05:00:00+00:00,0.18146500000000002
2024-07-05 06:00:00+00:00,0.156758
2024-07-05 07:00:00+00:00,0.23946299999999998
2024-07-05 08:00:00+00:00,0.322168
2024-07-05 09:00:00+00:00,0.404873
2024-07-05 10:00:00+00:00,0.8061053333333333
2024-07-05 11:00:00+00:00,1.2073376666666666
2024-07-05 12:00:00+00:00,1.60857
2024-07-05 13:00:00+00:00,1.6325833333333333
2024-07-05 14:00:00+00:00,1.6565966666666667
2024-07-05 15:00:00+00:00,1.68061
2024-07-05 16:00:00+00:00,3.65084
2024-07-05 17:00:00+00:00,5.6210700000000005
2024-07-05 18:00:00+00:00,7.5913
2024-07-05 19:00:00+00:00,6.09361
2024-07-05 20:00:00+00:00,4.59592
2024-07-05 21:00:00+00:00,3.09823
2024-07-05 22:00:00+00:00,1.4199700000000002
2024-07-05 23:00:00+00:00,-0.2582899999999997
2024-07-06 00:00:00+00:00,-1.93655
2024-07-06 01:00:00+00:00,-1.6955533333333332
2024-07-06 02:00:00+00:00,-1.4545566666666667
2024-07-06 03:00:00+00:00,-1.21356
2024-07-06 04:00:00+00:00,-0.38986
2024-07-06 05:00:00+00:00,0.43384
2024-07-06 06:00:00+00:00,1.25754
2024-07-06 07:00:00+00:00,1.2916400000000001
2024-07-06 08:00:00+00:00,1.32574
2024-07-06 09:00:00+00:00,1.35984
2024-07-06 10:00:00+00:00,1.82205
2024-07-06 11:00:00+00:00,2.2842599999999997
2024-07-06 12:00:00+00:00,2.74647
2024-07-06 13:00:00+00:00,2.93434
2024-07-06 14:00:00+00:00,3.12221
2024-07-06 15:00:00+00:00,3.31008
2024-07-06 16:00:00+00:00,0.42505666666666686
2024-07-06 17:00:00+00:00,-2.4599666666666664
2024-07-06 18:00:00+00:00,-5.34499
2024-07-06 19:00:00+00:00,-4.19894
2024-07-06 20:00:00+00:00,-3.05289
2024-07-06 21:00:00+00:00,-1.90684
2024-07-06 22:00:00+00:00,-3.48201
2024-07-06 23:00:00+00:00,-5.05718
2024-07-07 00:00:00+00:00,-6.63235
2024-07-07 01:00:00+00:00,-6.429983333333333
2024-07-07 02:00:00+00:00,-6.227616666666666
2024-07-07 03:00:00+00:00,-6.02525
2024-07-07 04:00:00+00:00,-5.081406666666666
2024-07-07 05:00:00+00:00,-4.1375633333333335
2024-07-07 06:00:00+00:00,-3.19372
2024-07-07 07:00:00+00:00,-1.821523
2024-07-07 08:00:00+00:00,-0.4493260000000001
2024-07-07 09:00:00+00:00,0.922871
2024-07-07 10:00:00+00:00,1.325754
2024-07-07 11:00:00+00:00,1.728637
2024-07-07 12:00:00+00:00,2.13152
2024-07-07 13:00:00+00:00,2.3383233333333333
2024-07-07 14:00:00+00:00,2.545126666666667
2024-07-07 15:00:00+00:00,2.75193
2024-07-07 16:00:00+00:00,2.6527133333333333
2024-07-07 17:00:00+00:00,2.5534966666666667
2024-07-07 18:00:00+00:00,2.45428
2024-07-07 19:00:00+00:00,2.6497466666666667
2024-07-07 20:00:00+00:00,2.845213333333333
2024-07-07 21:00:00+00:00,3.04068
2024-07-07 22:00:00+00:00,2.8212866666666665
2024-07-07 23:00:00+00:00,2.6018933333333334
2024-07-08 00:00:00+00:00,2.3825
2024-07-08 01:00:00+00:00,2.468163333333333
2024-07-08 02:00:00+00:00,2.5538266666666667
2024-07-08 03:00:00+00:00,2.63949
2024-07-08 04:00:00+00:00,2.6943466666666667
2024-07-08 05:00:00+00:00,2.7492033333333334
2024-07-08 06:00:00+00:00,2.80406
2024-07-08 07:00:00+00:00,2.7106333333333335
2024-07-08 08:00:00+00:00,2.6172066666666667
2024-07-08 09:00:00+00:00,2.52378
2024-07-08 10:00:00+00:00,2.7206799999999998
2024-07-08 11:00:00+00:00,2.91758
2024-07-08 12:00:00+00:00,3.11448
2024-07-08 13:00:00+00:00,2.5774366666666664
2024-07-08 14:00:00+00:00,2.0403933333333333
2024-07-08 15:00:00+00:00,1.50335
2024-07-08 16:00:00+00:00,2.34963
2024-07-08 17:00:00+00:00,3.1959099999999996
2024-07-08 18:00:00+00:00,4.04219
2024-07-08 19:00:00+00:00,3.811583333333333
2024-07-08 20:00:00+00:00,3.5809766666666665
2024-07-08 21:00:00+00:00,3.35037
2024-07-08 22:00:00+00:00,3.24314
2024-07-08 23:00:00+00:00,3.13591
2024-07-09 00:00:00+00:00,3.02868
2024-07-09 01:00:00+00:00,3.3247066666666667
2024-07-09 02:00:00+00:00,3.6207333333333334
2024-07-09 03:00:00+00:00,3.91676
2024-07-09 04:00:00+00:00,3.6819866666666665
2024-07-09 05:00:00+00:00,3.4472133333333335
2024-07-09 06:00:00+00:00,3.21244
2024-07-09 07:00:00+00:00,3.5350566666666667
2024-07-09 08:00:00+00:00,3.8576733333333335
2024-07-09 09:00:00+00:00,4.18029
2024-07-09 10:00:00+00:00,4.2613433333333335
2024-07-09 11:00:00+00:00,4.342396666666667
2024-07-09 12:00:00+00:00,4.42345
2024-07-09 13:00:00+00:00,4.168573333333333
2024-07-09 14:00:00+00:00,3.9136966666666666
2024-07-09 15:00:00+00:00,3.65882
2024-07-09 16:00:00+00:00,3.789686666666667
2024-07-09 17:00:00+00:00,3.9205533333333333
2024-07-09 18:00:00+00:00,4.05142
2024-07-09 19:00:00+00:00,2.6800637
2024-07-09 20:00:00+00:00,1.3087073999999999
2024-07-09 21:00:00+00:00,-0.0626489
2024-07-09 22:00:00+00:00,0.7290440666666667
2024-07-09 23:00:00+00:00,1.5207370333333334
2024-07-10 00:00:00+00:00,2.31243
2024-07-10 01:00:00+00:00,2.4534166666666666
2024-07-10 02:00:00+00:00,2.5944033333333336
2024-07-10 03:00:00+00:00,2.73539
2024-07-10 04:00:00+00:00,2.7160966666666666
2024-07-10 05:00:00+00:00,2.6968033333333334
2024-07-10 06:00:00+00:00,2.67751
2024-07-10 07:00:00+00:00,3.0262866666666666
2024-07-10 08:00:00+00:00,3.3750633333333333
2024-07-10 09:00:00+00:00,3.72384
2024-07-10 10:00:00+00:00,3.62659
2024-07-10 11:00:00+00:00,3.52934
2024-07-10 12:00:00+00:00,3.43209
2024-07-10 13:00:00+00:00,3.44828
2024-07-10 14:00:00+00:00,3.46447
2024-07-10 15:00:00+00:00,3.48066
2024-07-10 16:00:00+00:00,3.3756766666666667
2024-07-10 17:00:00+00:00,3.270693333333333
2024-07-10 18:00:00+00:00,3.16571
2024-07-10 19:00:00+00:00,3.021663333333333
2024-07-10 20:00:00+00:00,2.8776166666666665
2024-07-10 21:00:00+00:00,2.73357
2024-07-10 22:00:00+00:00,2.76112
2024-07-10 23:00:00+00:00,2.7886699999999998
2024-07-11 00:00:00+00:00,2.81622
2024-07-11 01:00:00+00:00,2.64143
2024-07-11 02:00:00+00:00,2.46664
2024-07-11 03:00:00+00:00,2.29185
2024-07-11 04:00:00+00:00,2.33812
2024-07-11 05:00:00+00:00,2.3843900000000002
2024-07-11 06:00:00+00:00,2.43066
2024-07-11 07:00:00+00:00,2.5999533333333336
2024-07-11 08:00:00+00:00,2.7692466666666666
2024-07-11 09:00:00+00:00,2.93854
2024-07-11 10:00:00+00:00,3.55101
2024-07-11 11:00:00+00:00,4.16348
2024-07-11 12:00:00+00:00,4.77595
2024-07-11 13:00:00+00:00,4.910393333333333
2024-07-11 14:00:00+00:00,5.044836666666667
2024-07-11 15:00:00+00:00,5.17928
2024-07-11 16:00:00+00:00,5.006736666666667
2024-07-11 17:00:00+00:00,4.834193333333333
2024-07-11 18:00:00+00:00,4.66165
2024-07-11 19:00:00+00:00,2.9589906666666668
2024-07-11 20:00:00+00:00,1.2563313333333332
2024-07-11 21:00:00+00:00,-0.446328
2024-07-11 22:00:00+00:00,-1.0991986666666667
2024-07-11 23:00:00+00:00,-1.7520693333333333
2024-07-12 00:00:00+00:00,-2.40494
2024-07-12 01:00:00+00:00,-2.598323333333333
2024-07-12 02:00:00+00:00,-2.791706666666667
2024-07-12 03:00:00+00:00,-2.98509
2024-07-12 04:00:00+00:00,-2.94461
2024-07-12 05:00:00+00:00,-2.90413
2024-07-12 06:00:00+00:00,-2.86365
2024-07-12 07:00:00+00:00,-2.337263333333333
2024-07-12 08:00:00+00:00,-1.8108766666666665
2024-07-12 09:00:00+00:00,-1.28449
2024-07-12 10:00:00+00:00,-1.1423943333333333
2024-07-12 11:00:00+00:00,-1.0002986666666667
2024-07-12 12:00:00+00:00,-0.858203
2024-07-12 13:00:00+00:00,-0.14465533333333347
2024-07-12 14:00:00+00:00,0.5688923333333331
2024-07-12 15:00:00+00:00,1.28244
2024-07-12 16:00:00+00:00,1.4206033333333334
2024-07-12 17:00:00+00:00,1.5587666666666666
2024-07-12 18:00:00+00:00,1.69693
2024-07-12 19:00:00+00:00,0.9411653333333333
2024-07-12 20:00:00+00:00,0.18540066666666655
2024-07-12 21:00:00+00:00,-0.570364
2024-07-12 22:00:00+00:00,-2.667872666666667
2024-07-12 23:00:00+00:00,-4.765381333333333
2024-07-13 00:00:00+00:00,-6.86289
2024-07-13 01:00:00+00:00,-6.600013333333333
2024-07-13 02:00:00+00:00,-6.337136666666667
2024-07-13 03:00:00+00:00,-6.07426
2024-07-13 04:00:00+00:00,-3.614523333333333
2024-07-13 05:00:00+00:00,-1.1547866666666664
2024-07-13 06:00:00+00:00,1.30495
2024-07-13 07:00:00+00:00,1.5036033333333334
2024-07-13 08:00:00+00:00,1.7022566666666668
2024-07-13 09:00:00+00:00,1.90091
2024-07-13 10:00:00+00:00,2.47899
2024-07-13 11:00:00+00:00,3.05707
2024-07-13 12:00:00+00:00,3.63515
2024-07-13 13:00:00+00:00,3.6315933333333335
2024-07-13 14:00:00+00:00,3.6280366666666666
2024-07-13 15:00:00+00:00,3.62448
2024-07-13 16:00:00+00:00,4.09124
2024-07-13 17:00:00+00:00,4.558
2024-07-13 18:00:00+00:00,5.02476
2024-07-13 19:00:00+00:00,4.87859
2024-07-13 20:00:00+00:00,4.732419999999999
2024-07-13 21:00:00+00:00,4.58625
2024-07-13 22:00:00+00:00,4.401896666666667
2024-07-13 23:00:00+00:00,4.217543333333333
2024-07-14 00:00:00+00:00,4.03319
2024-07-14 01:00:00+00:00,4.423373333333333
2024-07-14 02:00:00+00:00,4.813556666666667
2024-07-14 03:00:00+00:00,5.20374
2024-07-14 04:00:00+00:00,5.012473333333333
2024-07-14 05:00:00+00:00,4.821206666666667
2024-07-14 06:00:00+00:00,4.62994
2024-07-14 07:00:00+00:00,4.644326666666667
2024-07-14 08:00:00+00:00,4.658713333333333
2024-07-14 09:00:00+00:00,4.6731
2024-07-14 10:00:00+00:00,4.779183333333333
2024-07-14 11:00:00+00:00,4.885266666666666
2024-07-14 12:00:00+00:00,4.99135
2024-07-14 13:00:00+00:00,4.944533333333333
2024-07-14 14:00:00+00:00,4.897716666666667
2024-07-14 15:00:00+00:00,4.8509
2024-07-14 16:00:00+00:00,4.5359300000000005
2024-07-14 17:00:00+00:00,4.22096
2024-07-14 18:00:00+00:00,3.90599
2024-07-14 19:00:00+00:00,3.36183
2024-07-14 20:00:00+00:00,2.8176699999999997
2024-07-14 21:00:00+00:00,2.27351
2024-07-14 22:00:00+00:00,2.809946666666667
2024-07-14 23:00:00+00:00,3.3463833333333337
2024-07-15 00:00:00+00:00,3.88282
2024-07-15 01:00:00+00:00,4.511216666666667
2024-07-15 02:00:00+00:00,5.139613333333333
2024-07-15 03:00:00+00:00,5.76801
2024-07-15 04:00:00+00:00,5.5642700000000005
2024-07-15 05:00:00+00:00,5.36053
2024-07-15 06:00:00+00:00,5.15679
2024-07-15 07:00:00+00:00,5.37019
2024-07-15 08:00:00+00:00,5.58359
2024-07-15 09:00:00+00:00,5.79699
2024-07-15 10:00:00+00:00,5.795473333333334
2024-07-15 11:00:00+00:00,5.793956666666666
2024-07-15 12:00:00+00:00,5.79244
2024-07-15 13:00:00+00:00,6.24982
2024-07-15 14:00:00+00:00,6.7072
2024-07-15 15:00:00+00:00,7.16458
2024-07-15 16:00:00+00:00,6.348193333333334
2024-07-15 17:00:00+00:00,5.531806666666666
2024-07-15 18:00:00+00:00,4.71542
2024-07-15 19:00:00+00:00,5.01074
2024-07-15 20:00:00+00:00,5.3060599999999996
2024-07-15 21:00:00+00:00,5.60138
2024-07-15 22:00:00+00:00,3.51949
2024-07-15 23:00:00+00:00,1.4375999999999998
2024-07-16 00:00:00+00:00,-0.64429
2024-07-16 01:00:00+00:00,-0.19503600000000004
2024-07-16 02:00:00+00:00,0.25421799999999994
2024-07-16 03:00:00+00:00,0.703472
2024-07-16 04:00:00+00:00,0.4429673333333333
2024-07-16 05:00:00+00:00,0.18246266666666666
2024-07-16 06:00:00+00:00,-0.078042
2024-07-16 07:00:00+00:00,-0.04863363333333333
2024-07-16 08:00:00+00:00,-0.019225266666666664
2024-07-16 09:00:00+00:00,0.0101831
2024-07-16 10:00:00+00:00,0.7667187333333334
2024-07-16 11:00:00+00:00,1.523254366666667
2024-07-16 12:00:00+00:00,2.27979
2024-07-16 13:00:00+00:00,2.1538166666666667
2024-07-16 14:00:00+00:00,2.027843333333333
2024-07-16 15:00:00+00:00,1.90187
2024-07-16 16:00:00+00:00,1.6622066666666666
2024-07-16 17:00:00+00:00,1.4225433333333333
2024-07-16 18:00:00+00:00,1.18288
2024-07-16 19:00:00+00:00,0.7998627
2024-07-16 20:00:00+00:00,0.41684540000000003
2024-07-16 21:00:00+00:00,0.0338281
2024-07-16 22:00:00+00:00,0.6311687333333333
2024-07-16 23:00:00+00:00,1.2285093666666667
2024-07-17 00:00:00+00:00,1.82585
2024-07-17 01:00:00+00:00,1.2360183333333334
2024-07-17 02:00:00+00:00,0.6461866666666667
2024-07-17 03:00:00+00:00,0.056355
2024-07-17 04:00:00+00:00,0.3149936666666666
2024-07-17 05:00:00+00:00,0.5736323333333333
2024-07-17 06:00:00+00:00,0.832271
2024-07-17 07:00:00+00:00,0.8339536666666667
2024-07-17 08:00:00+00:00,0.8356363333333333
2024-07-17 09:00:00+00:00,0.837319
2024-07-17 10:00:00+00:00,1.3395126666666668
2024-07-17 11:00:00+00:00,1.8417063333333337
2024-07-17 12:00:00+00:00,2.3439
2024-07-17 13:00:00+00:00,2.1444633333333334
2024-07-17 14:00:00+00:00,1.9450266666666667
2024-07-17 15:00:00+00:00,1.74559
2024-07-17 16:00:00+00:00,1.1374823666666667
2024-07-17 17:00:00+00:00,0.5293747333333334
2024-07-17 18:00:00+00:00,-0.0787329
2024-07-17 19:00:00+00:00,-0.39821860000000003
2024-07-17 20:00:00+00:00,-0.7177043000000001
2024-07-17 21:00:00+00:00,-1.03719
2024-07-17 22:00:00+00:00,-0.37490333333333337
2024-07-17 23:00:00+00:00,0.2873833333333333
2024-07-18 00:00:00+00:00,0.94967
2024-07-18 01:00:00+00:00,1.37377
2024-07-18 02:00:00+00:00,1.7978699999999999
2024-07-18 03:00:00+00:00,2.22197
2024-07-18 04:00:00+00:00,1.3704906666666665
2024-07-18 05:00:00+00:00,0.5190113333333333
2024-07-18 06:00:00+00:00,-0.332468
2024-07-18 07:00:00+00:00,0.14838800000000002
2024-07-18 08:00:00+00:00,0.629244
2024-07-18 09:00:00+00:00,1.1101
2024-07-18 10:00:00+00:00,1.5036466666666668
2024-07-18 11:00:00+00:00,1.8971933333333335
2024-07-18 12:00:00+00:00,2.29074
2024-07-18 13:00:00+00:00,2.40691
2024-07-18 14:00:00+00:00,2.52308
2024-07-18 15:00:00+00:00,2.63925
2024-07-18 16:00:00+00:00,2.8677833333333336
2024-07-18 17:00:00+00:00,3.0963166666666666
2024-07-18 18:00:00+00:00,3.32485
2024-07-18 19:00:00+00:00,4.189746666666666
2024-07-18 20:00:00+00:00,5.054643333333333
2024-07-18 21:00:00+00:00,5.91954
2024-07-18 22:00:00+00:00,4.2194899999999995
2024-07-18 23:00:00+00:00,2.51944
2024-07-19 00:00:00+00:00,0.81939
2024-07-19 01:00:00+00:00,0.98737
2024-07-19 02:00:00+00:00,1.1553499999999999
2024-07-19 03:00:00+00:00,1.32333
2024-07-19 04:00:00+00:00,1.0986019999999999
2024-07-19 05:00:00+00:00,0.873874
2024-07-19 06:00:00+00:00,0.649146
2024-07-19 07:00:00+00:00,0.851714
2024-07-19 08:00:00+00:00,1.054282
2024-07-19 09:00:00+00:00,1.25685
2024-07-19 10:00:00+00:00,1.8346933333333335
2024-07-19 11:00:00+00:00,2.412536666666667
2024-07-19 12:00:00+00:00,2.99038
2024-07-19 13:00:00+00:00,2.990606666666667
2024-07-19 14:00:00+00:00,2.9908333333333332
2024-07-19 15:00:00+00:00,2.99106
2024-07-19 16:00:00+00:00,2.4460433333333333
2024-07-19 17:00:00+00:00,1.9010266666666666
2024-07-19 18:00:00+00:00,1.35601
2024-07-19 19:00:00+00:00,1.1265049999999999
2024-07-19 20:00:00+00:00,0.897
2024-07-19 21:00:00+00:00,0.667495
2024-07-19 22:00:00+00:00,1.6309133333333332
2024-07-19 23:00:00+00:00,2.5943316666666663
2024-07-20 00:00:00+00:00,3.55775
2024-07-20 01:00:00+00:00,3.0745
2024-07-20 02:00:00+00:00,2.59125
2024-07-20 03:00:00+00:00,2.108
2024-07-20 04:00:00+00:00,2.58695
2024-07-20 05:00:00+00:00,3.0659
2024-07-20 06:00:00+00:00,3.54485
2024-07-20 07:00:00+00:00,3.729816666666667
2024-07-20 08:00:00+00:00,3.9147833333333333
2024-07-20 09:00:00+00:00,4.09975
2024-07-20 10:00:00+00:00,4.317983333333333
2024-07-20 11:00:00+00:00,4.536216666666667
2024-07-20 12:00:00+00:00,4.75445
2024-07-20 13:00:00+00:00,5.387506666666667
2024-07-20 14:00:00+00:00,6.0205633333333335
2024-07-20 15:00:00+00:00,6.65362
2024-07-20 16:00:00+00:00,6.163223333333334
2024-07-20 17:00:00+00:00,5.6728266666666665
2024-07-20 18:00:00+00:00,5.18243
2024-07-20 19:00:00+00:00,1.0149966666666668
2024-07-20 20:00:00+00:00,-3.1524366666666666
2024-07-20 21:00:00+00:00,-7.31987
2024-07-20 22:00:00+00:00,-7.24392
2024-07-20 23:00:00+00:00,-7.1679699999999995
2024-07-21 00:00:00+00:00,-7.09202
2024-07-21 01:00:00+00:00,-6.283493333333333
2024-07-21 02:00:00+00:00,-5.474966666666666
2024-07-21 03:00:00+00:00,-4.66644
2024-07-21 04:00:00+00:00,-4.201676666666667
2024-07-21 05:00:00+00:00,-3.7369133333333333
2024-07-21 06:00:00+00:00,-3.27215
2024-07-21 07:00:00+00:00,-2.6089766666666665
2024-07-21 08:00:00+00:00,-1.9458033333333333
2024-07-21 09:00:00+00:00,-1.28263
2024-07-21 10:00:00+00:00,-1.2270266666666667
2024-07-21 11:00:00+00:00,-1.1714233333333333
2024-07-21 12:00:00+00:00,-1.11582
2024-07-21 13:00:00+00:00,-1.0345303333333333
2024-07-21 14:00:00+00:00,-0.9532406666666667
2024-07-21 15:00:00+00:00,-0.871951
2024-07-21 16:00:00+00:00,-0.39529733333333333
2024-07-21 17:00:00+00:00,0.08135633333333336
2024-07-21 18:00:00+00:00,0.55801
2024-07-21 19:00:00+00:00,-1.9666666666666668
2024-07-21 20:00:00+00:00,-4.491343333333333
2024-07-21 21:00:00+00:00,-7.01602
2024-07-21 22:00:00+00:00,-6.702763333333333
2024-07-21 23:00:00+00:00,-6.389506666666667
2024-07-22 00:00:00+00:00,-6.07625
2024-07-22 01:00:00+00:00,-5.485036666666667
2024-07-22 02:00:00+00:00,-4.893823333333333
2024-07-22 03:00:00+00:00,-4.30261
2024-07-22 04:00:00+00:00,-4.220986666666667
2024-07-22 05:00:00+00:00,-4.139363333333333
2024-07-22 06:00:00+00:00,-4.05774
2024-07-22 07:00:00+00:00,-3.50944
2024-07-22 08:00:00+00:00,-2.9611400000000003
2024-07-22 09:00:00+00:00,-2.41284
2024-07-22 10:00:00+00:00,-2.0459566666666666
2024-07-22 11:00:00+00:00,-1.6790733333333332
2024-07-22 12:00:00+00:00,-1.31219
2024-07-22 13:00:00+00:00,-1.2359533333333332
2024-07-22 14:00:00+00:00,-1.1597166666666667
2024-07-22 15:00:00+00:00,-1.08348
2024-07-22 16:00:00+00:00,-0.834601
2024-07-22 17:00:00+00:00,-0.5857220000000001
2024-07-22 18:00:00+00:00,-0.336843
2024-07-22 19:00:00+00:00,0.2003813333333333
2024-07-22 20:00:00+00:00,0.7376056666666666
2024-07-22 21:00:00+00:00,1.27483
2024-07-22 22:00:00+00:00,-0.5629533333333334
2024-07-22 23:00:00+00:00,-2.400736666666667
2024-07-23 00:00:00+00:00,-4.23852
2024-07-23 01:00:00+00:00,-3.5943833333333335
2024-07-23 02:00:00+00:00,-2.9502466666666667
2024-07-23 03:00:00+00:00,-2.30611
2024-07-23 04:00:00+00:00,-1.9943133333333332
2024-07-23 05:00:00+00:00,-1.6825166666666664
2024-07-23 06:00:00+00:00,-1.37072
2024-07-23 07:00:00+00:00,-0.8171303333333333
2024-07-23 08:00:00+00:00,-0.26354066666666665
2024-07-23 09:00:00+00:00,0.290049
2024-07-23 10:00:00+00:00,0.18352306666666668
2024-07-23 11:00:00+00:00,0.07699713333333333
2024-07-23 12:00:00+00:00,-0.0295288
2024-07-23 13:00:00+00:00,0.2776594666666667
2024-07-23 14:00:00+00:00,0.5848477333333334
2024-07-23 15:00:00+00:00,0.892036
2024-07-23 16:00:00+00:00,1.6534406666666666
2024-07-23 17:00:00+00:00,2.414845333333333
2024-07-23 18:00:00+00:00,3.17625
2024-07-23 19:00:00+00:00,2.4802033333333333
2024-07-23 20:00:00+00:00,1.7841566666666666
2024-07-23 21:00:00+00:00,1.08811
2024-07-23 22:00:00+00:00,0.689994
2024-07-23 23:00:00+00:00,0.29187799999999997
2024-07-24 00:00:00+00:00,-0.106238
2024-07-24 01:00:00+00:00,-1.7270753333333333
2024-07-24 02:00:00+00:00,-3.3479126666666663
2024-07-24 03:00:00+00:00,-4.96875
2024-07-24 04:00:00+00:00,-4.07989
2024-07-24 05:00:00+00:00,-3.1910299999999996
2024-07-24 06:00:00+00:00,-2.30217
2024-07-24 07:00:00+00:00,-1.4135296666666664
2024-07-24 08:00:00+00:00,-0.5248893333333331
2024-07-24 09:00:00+00:00,0.363751
2024-07-24 10:00:00+00:00,0.39973766666666666
2024-07-24 11:00:00+00:00,0.4357243333333333
2024-07-24 12:00:00+00:00,0.471711
2024-07-24 13:00:00+00:00,0.8285739999999999
2024-07-24 14:00:00+00:00,1.1854369999999999
2024-07-24 15:00:00+00:00,1.5423
2024-07-24 16:00:00+00:00,1.91232
2024-07-24 17:00:00+00:00,2.28234
2024-07-24 18:00:00+00:00,2.65236
2024-07-24 19:00:00+00:00,1.8786809999999998
2024-07-24 20:00:00+00:00,1.1050019999999998
2024-07-24 21:00:00+00:00,0.331323
2024-07-24 22:00:00+00:00,-2.2058280000000003
2024-07-24 23:00:00+00:00,-4.742979
2024-07-25 00:00:00+00:00,-7.28013
2024-07-25 01:00:00+00:00,-6.737916666666666
2024-07-25 02:00:00+00:00,-6.195703333333333
2024-07-25 03:00:00+00:00,-5.65349
2024-07-25 04:00:00+00:00,-5.090863333333333
2024-07-25 05:00:00+00:00,-4.5282366666666665
2024-07-25 06:00:00+00:00,-3.96561
2024-07-25 07:00:00+00:00,-2.1867099999999997
2024-07-25 08:00:00+00:00,-0.40781
2024-07-25 09:00:00+00:00,1.37109
2024-07-25 10:00:00+00:00,1.4004766666666666
2024-07-25 11:00:00+00:00,1.4298633333333333
2024-07-25 12:00:00+00:00,1.45925
2024-07-25 13:00:00+00:00,1.6547699999999999
2024-07-25 14:00:00+00:00,1.85029
2024-07-25 15:00:00+00:00,2.04581
2024-07-25 16:00:00+00:00,1.5852013333333332
2024-07-25 17:00:00+00:00,1.1245926666666666
2024-07-25 18:00:00+00:00,0.663984
2024-07-25 19:00:00+00:00,0.898916
2024-07-25 20:00:00+00:00,1.133848
2024-07-25 21:00:00+00:00,1.36878
2024-07-25 22:00:00+00:00,-0.2481133333333334
2024-07-25 23:00:00+00:00,-1.865006666666667
2024-07-26 00:00:00+00:00,-3.4819
2024-07-26 01:00:00+00:00,-2.1416956666666667
2024-07-26 02:00:00+00:00,-0.8014913333333333
2024-07-26 03:00:00+00:00,0.538713
2024-07-26 04:00:00+00:00,0.4015483333333333
2024-07-26 05:00:00+00:00,0.26438366666666663
2024-07-26 06:00:00+00:00,0.127219
2024-07-26 07:00:00+00:00,0.277609
2024-07-26 08:00:00+00:00,0.427999
2024-07-26 09:00:00+00:00,0.578389
2024-07-26 10:00:00+00:00,1.0065026666666668
2024-07-26 11:00:00+00:00,1.4346163333333335
2024-07-26 12:00:00+00:00,1.86273
2024-07-26 13:00:00+00:00,1.93245
2024-07-26 14:00:00+00:00,2.00217
2024-07-26 15:00:00+00:00,2.07189
2024-07-26 16:00:00+00:00,0.7915599999999998
2024-07-26 17:00:00+00:00,-0.48877000000000015
2024-07-26 18:00:00+00:00,-1.7691
2024-07-26 19:00:00+00:00,0.03828000000000009
2024-07-26 20:00:00+00:00,1.84566
2024-07-26 21:00:00+00:00,3.65304
2024-07-26 22:00:00+00:00,3.3219499999999997
2024-07-26 23:00:00+00:00,2.99086
2024-07-27 00:00:00+00:00,2.65977
2024-07-27 01:00:00+00:00,3.51228
2024-07-27 02:00:00+00:00,4.36479
2024-07-27 03:00:00+00:00,5.2173
2024-07-27 04:00:00+00:00,3.7675986666666663
2024-07-27 05:00:00+00:00,2.3178973333333333
2024-07-27 06:00:00+00:00,0.868196
2024-07-27 07:00:00+00:00,1.2069073333333333
2024-07-27 08:00:00+00:00,1.5456186666666667
2024-07-27 09:00:00+00:00,1.88433
2024-07-27 10:00:00+00:00,2.00039
2024-07-27 11:00:00+00:00,2.11645
2024-07-27 12:00:00+00:00,2.23251
2024-07-27 13:00:00+00:00,2.7245233333333334
2024-07-27 14:00:00+00:00,3.2165366666666664
2024-07-27 15:00:00+00:00,3.70855
2024-07-27 16:00:00+00:00,2.2749023333333334
2024-07-27 17:00:00+00:00,0.8412546666666665
2024-07-27 18:00:00+00:00,-0.592393
2024-07-27 19:00:00+00:00,0.6784846666666666
2024-07-27 20:00:00+00:00,1.9493623333333332
2024-07-27 21:00:00+00:00,3.22024
2024-07-27 22:00:00+00:00,4.802803333333333
2024-07-27 23:00:00+00:00,6.385366666666667
2024-07-28 00:00:00+00:00,7.96793
2024-07-28 01:00:00+00:00,5.751146666666667
2024-07-28 02:00:00+00:00,3.5343633333333333
2024-07-28 03:00:00+00:00,1.31758
2024-07-28 04:00:00+00:00,1.0249533333333334
2024-07-28 05:00:00+00:00,0.7323266666666667
2024-07-28 06:00:00+00:00,0.4397
2024-07-28 07:00:00+00:00,0.616094
2024-07-28 08:00:00+00:00,0.7924880000000001
2024-07-28 09:00:00+00:00,0.968882
2024-07-28 10:00:00+00:00,1.1857846666666667
2024-07-28 11:00:00+00:00,1.4026873333333334
2024-07-28 12:00:00+00:00,1.61959
2024-07-28 13:00:00+00:00,2.75694
2024-07-28 14:00:00+00:00,3.8942900000000003
2024-07-28 15:00:00+00:00,5.03164
2024-07-28 16:00:00+00:00,5.60993
2024-07-28 17:00:00+00:00,6.18822
2024-07-28 18:00:00+00:00,6.76651
2024-07-28 19:00:00+00:00,7.289416666666667
2024-07-28 20:00:00+00:00,7.812323333333333
2024-07-28 21:00:00+00:00,8.33523
2024-07-28 22:00:00+00:00,6.121066666666666
2024-07-28 23:00:00+00:00,3.906903333333333
2024-07-29 00:00:00+00:00,1.69274
2024-07-29 01:00:00+00:00,1.5214566666666667
2024-07-29 02:00:00+00:00,1.3501733333333332
2024-07-29 03:00:00+00:00,1.17889
2024-07-29 04:00:00+00:00,0.54961
2024-07-29 05:00:00+00:00,-0.07966999999999991
2024-07-29 06:00:00+00:00,-0.70895
2024-07-29 07:00:00+00:00,-0.437862
2024-07-29 08:00:00+00:00,-0.16677399999999998
2024-07-29 09:00:00+00:00,0.104314
2024-07-29 10:00:00+00:00,0.219642
2024-07-29 11:00:00+00:00,0.33497
2024-07-29 12:00:00+00:00,0.450298
2024-07-29 13:00:00+00:00,0.6107836666666666
2024-07-29 14:00:00+00:00,0.7712693333333334
2024-07-29 15:00:00+00:00,0.931755
2024-07-29 16:00:00+00:00,-0.19731333333333334
2024-07-29 17:00:00+00:00,-1.3263816666666668
2024-07-29 18:00:00+00:00,-2.45545
2024-07-29 19:00:00+00:00,-5.293866666666667
2024-07-29 20:00:00+00:00,-8.132283333333334
2024-07-29 21:00:00+00:00,-10.9707
2024-07-29 22:00:00+00:00,-6.841656666666667
2024-07-29 23:00:00+00:00,-2.7126133333333335
2024-07-30 00:00:00+00:00,1.41643
2024-07-30 01:00:00+00:00,0.06246333333333354
2024-07-30 02:00:00+00:00,-1.291503333333333
2024-07-30 03:00:00+00:00,-2.64547
2024-07-30 04:00:00+00:00,-0.7933366666666666
2024-07-30 05:00:00+00:00,1.0587966666666668
2024-07-30 06:00:00+00:00,2.91093
2024-07-30 07:00:00+00:00,2.0414566666666665
2024-07-30 08:00:00+00:00,1.1719833333333332
2024-07-30 09:00:00+00:00,0.30251
2024-07-30 10:00:00+00:00,1.71131
2024-07-30 11:00:00+00:00,3.12011
2024-07-30 12:00:00+00:00,4.52891
2024-07-30 13:00:00+00:00,4.166856666666667
2024-07-30 14:00:00+00:00,3.8048033333333335
2024-07-30 15:00:00+00:00,3.44275
2024-07-30 16:00:00+00:00,3.3014666666666668
2024-07-30 17:00:00+00:00,3.1601833333333333
2024-07-30 18:00:00+00:00,3.0189
2024-07-30 19:00:00+00:00,2.1241803333333333
2024-07-30 20:00:00+00:00,1.2294606666666668
2024-07-30 21:00:00+00:00,0.334741
2024-07-30 22:00:00+00:00,1.596974
2024-07-30 23:00:00+00:00,2.859207
2024-07-31 00:00:00+00:00,4.12144
2024-07-31 01:00:00+00:00,3.7614433333333332
2024-07-31 02:00:00+00:00,3.4014466666666667
2024-07-31 03:00:00+00:00,3.04145
2024-07-31 04:00:00+00:00,2.6602566666666667
2024-07-31 05:00:00+00:00,2.279063333333333
2024-07-31 06:00:00+00:00,1.89787
2024-07-31 07:00:00+00:00,1.9592066666666665
2024-07-31 08:00:00+00:00,2.0205433333333334
2024-07-31 09:00:00+00:00,2.08188
2024-07-31 10:00:00+00:00,2.6168933333333335
2024-07-31 11:00:00+00:00,3.151906666666667
2024-07-31 12:00:00+00:00,3.68692
2024-07-31 13:00:00+00:00,3.6259433333333333
2024-07-31 14:00:00+00:00,3.564966666666667
2024-07-31 15:00:00+00:00,3.50399
2024-07-31 16:00:00+00:00,3.0378366666666667
2024-07-31 17:00:00+00:00,2.571683333333333
2024-07-31 18:00:00+00:00,2.10553
2024-07-31 19:00:00+00:00,2.023883333333333
2024-07-31 20:00:00+00:00,1.9422366666666666
2024-07-31 21:00:00+00:00,1.86059
2024-07-31 22:00:00+00:00,1.4114366666666667
2024-07-31 23:00:00+00:00,0.9622833333333334
2024-08-01 00:00:00+00:00,0.51313
2024-08-01 01:00:00+00:00,0.44391533333333333
2024-08-01 02:00:00+00:00,0.3747006666666667
2024-08-01 03:00:00+00:00,0.305486
2024-08-01 04:00:00+00:00,0.07807866666666666
2024-08-01 05:00:00+00:00,-0.14932866666666667
2024-08-01 06:00:00+00:00,-0.376736
2024-08-01 07:00:00+00:00,0.166456
2024-08-01 08:00:00+00:00,0.7096480000000001
2024-08-01 09:00:00+00:00,1.25284
2024-08-01 10:00:00+00:00,1.8554499999999998
2024-08-01 11:00:00+00:00,2.4580599999999997
2024-08-01 12:00:00+00:00,3.06067
2024-08-01 13:00:00+00:00,3.368456666666667
2024-08-01 14:00:00+00:00,3.6762433333333333
2024-08-01 15:00:00+00:00,3.98403
2024-08-01 16:00:00+00:00,3.54048
2024-08-01 17:00:00+00:00,3.09693
2024-08-01 18:00:00+00:00,2.65338
2024-08-01 19:00:00+00:00,2.9550033333333334
2024-08-01 20:00:00+00:00,3.2566266666666666
2024-08-01 21:00:00+00:00,3.55825
2024-08-01 22:00:00+00:00,2.493873333333333
2024-08-01 23:00:00+00:00,1.4294966666666666
2024-08-02 00:00:00+00:00,0.36512
2024-08-02 01:00:00+00:00,0.5784233333333334
2024-08-02 02:00:00+00:00,0.7917266666666667
2024-08-02 03:00:00+00:00,1.00503
2024-08-02 04:00:00+00:00,0.8465506666666667
2024-08-02 05:00:00+00:00,0.6880713333333333
2024-08-02 06:00:00+00:00,0.529592
2024-08-02 07:00:00+00:00,0.33409243333333327
2024-08-02 08:00:00+00:00,0.13859286666666665
2024-08-02 09:00:00+00:00,-0.0569067
2024-08-02 10:00:00+00:00,0.1727465333333333
2024-08-02 11:00:00+00:00,0.40239976666666666
2024-08-02 12:00:00+00:00,0.632053
2024-08-02 13:00:00+00:00,-0.9361680000000001
2024-08-02 14:00:00+00:00,-2.504389
2024-08-02 15:00:00+00:00,-4.07261
2024-08-02 16:00:00+00:00,-5.39761
2024-08-02 17:00:00+00:00,-6.72261
2024-08-02 18:00:00+00:00,-8.04761
2024-08-02 19:00:00+00:00,-6.97902
2024-08-02 20:00:00+00:00,-5.91043
2024-08-02 21:00:00+00:00,-4.84184
2024-08-02 22:00:00+00:00,-4.758133333333333
2024-08-02 23:00:00+00:00,-4.674426666666667
2024-08-03 00:00:00+00:00,-4.59072
2024-08-03 01:00:00+00:00,-4.832506666666667
2024-08-03 02:00:00+00:00,-5.074293333333333
2024-08-03 03:00:00+00:00,-5.31608
2024-08-03 04:00:00+00:00,-4.78244
2024-08-03 05:00:00+00:00,-4.2488
2024-08-03 06:00:00+00:00,-3.71516
2024-08-03 07:00:00+00:00,-3.21383
2024-08-03 08:00:00+00:00,-2.7125000000000004
2024-08-03 09:00:00+00:00,-2.21117
2024-08-03 10:00:00+00:00,-1.6840206666666666
2024-08-03 11:00:00+00:00,-1.1568713333333334
2024-08-03 12:00:00+00:00,-0.629722
2024-08-03 13:00:00+00:00,-0.0375080000000001
2024-08-03 14:00:00+00:00,0.5547059999999998
2024-08-03 15:00:00+00:00,1.14692
2024-08-03 16:00:00+00:00,1.8247799999999998
2024-08-03 17:00:00+00:00,2.5026399999999995
2024-08-03 18:00:00+00:00,3.1805
2024-08-03 19:00:00+00:00,1.76697
2024-08-03 20:00:00+00:00,0.35344
2024-08-03 21:00:00+00:00,-1.06009
2024-08-03 22:00:00+00:00,-2.8214533333333334
2024-08-03 23:00:00+00:00,-4.582816666666667
2024-08-04 00:00:00+00:00,-6.34418
2024-08-04 01:00:00+00:00,-6.48144
2024-08-04 02:00:00+00:00,-6.6187
2024-08-04 03:00:00+00:00,-6.75596
2024-08-04 04:00:00+00:00,-4.507554066666667
2024-08-04 05:00:00+00:00,-2.2591481333333334
2024-08-04 06:00:00+00:00,-0.0107422
2024-08-04 07:00:00+00:00,-0.26521646666666665
2024-08-04 08:00:00+00:00,-0.5196907333333334
2024-08-04 09:00:00+00:00,-0.774165
2024-08-04 10:00:00+00:00,-0.40910466666666667
2024-08-04 11:00:00+00:00,-0.04404433333333335
2024-08-04 12:00:00+00:00,0.321016
2024-08-04 13:00:00+00:00,0.7504106666666667
2024-08-04 14:00:00+00:00,1.1798053333333334
2024-08-04 15:00:00+00:00,1.6092
2024-08-04 16:00:00+00:00,1.4793533333333333
2024-08-04 17:00:00+00:00,1.3495066666666666
2024-08-04 18:00:00+00:00,1.21966
2024-08-04 19:00:00+00:00,0.639054
2024-08-04 20:00:00+00:00,0.058448000000000055
2024-08-04 21:00:00+00:00,-0.522158
2024-08-04 22:00:00+00:00,-0.8863986666666668
2024-08-04 23:00:00+00:00,-1.2506393333333334
2024-08-05 00:00:00+00:00,-1.61488
2024-08-05 01:00:00+00:00,-2.645993333333333
2024-08-05 02:00:00+00:00,-3.677106666666666
2024-08-05 03:00:00+00:00,-4.70822
2024-08-05 04:00:00+00:00,-2.5301366666666665
2024-08-05 05:00:00+00:00,-0.3520533333333331
2024-08-05 06:00:00+00:00,1.82603
2024-08-05 07:00:00+00:00,1.3786953333333334
2024-08-05 08:00:00+00:00,0.9313606666666667
2024-08-05 09:00:00+00:00,0.484026
2024-08-05 10:00:00+00:00,1.0907706666666668
2024-08-05 11:00:00+00:00,1.6975153333333335
2024-08-05 12:00:00+00:00,2.30426
2024-08-05 13:00:00+00:00,2.4621033333333333
2024-08-05 14:00:00+00:00,2.619946666666667
2024-08-05 15:00:00+00:00,2.77779
2024-08-05 16:00:00+00:00,2.800666666666667
2024-08-05 17:00:00+00:00,2.8235433333333333
2024-08-05 18:00:00+00:00,2.84642
2024-08-05 19:00:00+00:00,2.476226666666667
2024-08-05 20:00:00+00:00,2.1060333333333334
2024-08-05 21:00:00+00:00,1.73584
2024-08-05 22:00:00+00:00,-0.0163266666666666
2024-08-05 23:00:00+00:00,-1.7684933333333333
2024-08-06 00:00:00+00:00,-3.52066
2024-08-06 01:00:00+00:00,-2.535641
2024-08-06 02:00:00+00:00,-1.550622
2024-08-06 03:00:00+00:00,-0.565603
2024-08-06 04:00:00+00:00,-0.966252
2024-08-06 05:00:00+00:00,-1.366901
2024-08-06 06:00:00+00:00,-1.76755
2024-08-06 07:00:00+00:00,-1.0101710000000002
2024-08-06 08:00:00+00:00,-0.2527920000000001
2024-08-06 09:00:00+00:00,0.504587
2024-08-06 10:00:00+00:00,1.380978
2024-08-06 11:00:00+00:00,2.257369
2024-08-06 12:00:00+00:00,3.13376
2024-08-06 13:00:00+00:00,3.1410933333333335
2024-08-06 14:00:00+00:00,3.1484266666666665
2024-08-06 15:00:00+00:00,3.15576
2024-08-06 16:00:00+00:00,2.4138056666666667
2024-08-06 17:00:00+00:00,1.6718513333333334
2024-08-06 18:00:00+00:00,0.929897
2024-08-06 19:00:00+00:00,0.6476551333333334
2024-08-06 20:00:00+00:00,0.3654132666666666
2024-08-06 21:00:00+00:00,0.0831714
2024-08-06 22:00:00+00:00,-0.5310690666666666
2024-08-06 23:00:00+00:00,-1.1453095333333332
2024-08-07 00:00:00+00:00,-1.75955
2024-08-07 01:00:00+00:00,-3.3612833333333336
2024-08-07 02:00:00+00:00,-4.963016666666666
2024-08-07 03:00:00+00:00,-6.56475
2024-08-07 04:00:00+00:00,-5.521743333333333
2024-08-07 05:00:00+00:00,-4.478736666666666
2024-08-07 06:00:00+00:00,-3.43573
2024-08-07 07:00:00+00:00,-2.498719
2024-08-07 08:00:00+00:00,-1.5617079999999999
2024-08-07 09:00:00+00:00,-0.624697
2024-08-07 10:00:00+00:00,-0.08338366666666663
2024-08-07 11:00:00+00:00,0.4579296666666667
2024-08-07 12:00:00+00:00,0.999243
2024-08-07 13:00:00+00:00,1.5842453333333333
2024-08-07 14:00:00+00:00,2.1692476666666667
2024-08-07 15:00:00+00:00,2.75425
2024-08-07 16:00:00+00:00,2.0597513333333333
2024-08-07 17:00:00+00:00,1.3652526666666667
2024-08-07 18:00:00+00:00,0.670754
2024-08-07 19:00:00+00:00,0.2768136666666666
2024-08-07 20:00:00+00:00,-0.11712666666666671
2024-08-07 21:00:00+00:00,-0.511067
2024-08-07 22:00:00+00:00,1.769742
2024-08-07 23:00:00+00:00,4.0505510000000005
2024-08-08 00:00:00+00:00,6.33136
2024-08-08 01:00:00+00:00,3.1457566666666668
2024-08-08 02:00:00+00:00,-0.039846666666666586
2024-08-08 03:00:00+00:00,-3.22545
2024-08-08 04:00:00+00:00,-2.678323333333333
2024-08-08 05:00:00+00:00,-2.131196666666667
2024-08-08 06:00:00+00:00,-1.58407
2024-08-08 07:00:00+00:00,-0.9360246666666667
2024-08-08 08:00:00+00:00,-0.28797933333333336
2024-08-08 09:00:00+00:00,0.360066
2024-08-08 10:00:00+00:00,0.5685856666666667
2024-08-08 11:00:00+00:00,0.7771053333333333
2024-08-08 12:00:00+00:00,0.985625
2024-08-08 13:00:00+00:00,0.8892316666666666
2024-08-08 14:00:00+00:00,0.7928383333333333
2024-08-08 15:00:00+00:00,0.696445
2024-08-08 16:00:00+00:00,1.2963933333333335
2024-08-08 17:00:00+00:00,1.8963416666666668
2024-08-08 18:00:00+00:00,2.49629
2024-08-08 19:00:00+00:00,1.5091459999999999
2024-08-08 20:00:00+00:00,0.5220019999999999
2024-08-08 21:00:00+00:00,-0.465142
2024-08-08 22:00:00+00:00,1.2199253333333335
2024-08-08 23:00:00+00:00,2.904992666666667
2024-08-09 00:00:00+00:00,4.59006
2024-08-09 01:00:00+00:00,3.1275580000000005
2024-08-09 02:00:00+00:00,1.6650560000000003
2024-08-09 03:00:00+00:00,0.202554
2024-08-09 04:00:00+00:00,-0.09380099999999997
2024-08-09 05:00:00+00:00,-0.39015599999999995
2024-08-09 06:00:00+00:00,-0.686511
2024-08-09 07:00:00+00:00,-0.27805399999999997
2024-08-09 08:00:00+00:00,0.13040300000000005
2024-08-09 09:00:00+00:00,0.53886
2024-08-09 10:00:00+00:00,1.0389766666666667
2024-08-09 11:00:00+00:00,1.5390933333333332
2024-08-09 12:00:00+00:00,2.03921
2024-08-09 13:00:00+00:00,2.3553133333333336
2024-08-09 14:00:00+00:00,2.6714166666666666
2024-08-09 15:00:00+00:00,2.98752
2024-08-09 16:00:00+00:00,2.9424
2024-08-09 17:00:00+00:00,2.89728
2024-08-09 18:00:00+00:00,2.85216
2024-08-09 19:00:00+00:00,1.710618
2024-08-09 20:00:00+00:00,0.5690759999999999
2024-08-09 21:00:00+00:00,-0.572466
2024-08-09 22:00:00+00:00,1.933026
2024-08-09 23:00:00+00:00,4.438517999999999
2024-08-10 00:00:00+00:00,6.94401
2024-08-10 01:00:00+00:00,3.4722866666666663
2024-08-10 02:00:00+00:00,0.000563333333333027
2024-08-10 03:00:00+00:00,-3.47116
2024-08-10 04:00:00+00:00,-2.8993933333333333
2024-08-10 05:00:00+00:00,-2.3276266666666663
2024-08-10 06:00:00+00:00,-1.75586
2024-08-10 07:00:00+00:00,-0.7590800000000001
2024-08-10 08:00:00+00:00,0.2376999999999998
2024-08-10 09:00:00+00:00,1.23448
2024-08-10 10:00:00+00:00,1.5048633333333334
2024-08-10 11:00:00+00:00,1.7752466666666669
2024-08-10 12:00:00+00:00,2.04563
2024-08-10 13:00:00+00:00,2.2629466666666667
2024-08-10 14:00:00+00:00,2.4802633333333333
2024-08-10 15:00:00+00:00,2.69758
2024-08-10 16:00:00+00:00,3.29777
2024-08-10 17:00:00+00:00,3.89796
2024-08-10 18:00:00+00:00,4.49815
2024-08-10 19:00:00+00:00,6.1226899999999995
2024-08-10 20:00:00+00:00,7.74723
2024-08-10 21:00:00+00:00,9.37177
2024-08-10 22:00:00+00:00,9.647546666666667
2024-08-10 23:00:00+00:00,9.923323333333332
2024-08-11 00:00:00+00:00,10.1991
2024-08-11 01:00:00+00:00,6.967848
2024-08-11 02:00:00+00:00,3.7365959999999996
2024-08-11 03:00:00+00:00,0.505344
2024-08-11 04:00:00+00:00,0.8209360000000001
2024-08-11 05:00:00+00:00,1.1365280000000002
2024-08-11 06:00:00+00:00,1.45212
2024-08-11 07:00:00+00:00,1.51322
2024-08-11 08:00:00+00:00,1.5743200000000002
2024-08-11 09:00:00+00:00,1.63542
2024-08-11 10:00:00+00:00,2.16715
2024-08-11 11:00:00+00:00,2.69888
2024-08-11 12:00:00+00:00,3.23061
2024-08-11 13:00:00+00:00,3.29213
2024-08-11 14:00:00+00:00,3.35365
2024-08-11 15:00:00+00:00,3.41517
2024-08-11 16:00:00+00:00,2.88067
2024-08-11 17:00:00+00:00,2.34617
2024-08-11 18:00:00+00:00,1.81167
2024-08-11 19:00:00+00:00,2.41424
2024-08-11 20:00:00+00:00,3.01681
2024-08-11 21:00:00+00:00,3.61938
2024-08-11 22:00:00+00:00,4.617163333333333
2024-08-11 23:00:00+00:00,5.6149466666666665
2024-08-12 00:00:00+00:00,6.61273
2024-08-12 01:00:00+00:00,3.1358566666666667
2024-08-12 02:00:00+00:00,-0.3410166666666665
2024-08-12 03:00:00+00:00,-3.81789
2024-08-12 04:00:00+00:00,-3.68402
2024-08-12 05:00:00+00:00,-3.55015
2024-08-12 06:00:00+00:00,-3.41628
2024-08-12 07:00:00+00:00,-2.819663333333333
2024-08-12 08:00:00+00:00,-2.223046666666667
2024-08-12 09:00:00+00:00,-1.62643
2024-08-12 10:00:00+00:00,-0.20605666666666678
2024-08-12 11:00:00+00:00,1.2143166666666665
2024-08-12 12:00:00+00:00,2.63469
2024-08-12 13:00:00+00:00,3.21779
2024-08-12 14:00:00+00:00,3.80089
2024-08-12 15:00:00+00:00,4.38399
2024-08-12 16:00:00+00:00,3.2923099999999996
2024-08-12 17:00:00+00:00,2.20063
2024-08-12 18:00:00+00:00,1.10895
2024-08-12 19:00:00+00:00,1.7791466666666667
2024-08-12 20:00:00+00:00,2.449343333333333
2024-08-12 21:00:00+00:00,3.11954
2024-08-12 22:00:00+00:00,2.2284163333333336
2024-08-12 23:00:00+00:00,1.3372926666666667
2024-08-13 00:00:00+00:00,0.446169
2024-08-13 01:00:00+00:00,-1.2636306666666668
2024-08-13 02:00:00+00:00,-2.973430333333334
2024-08-13 03:00:00+00:00,-4.68323
2024-08-13 04:00:00+00:00,-4.086966666666667
2024-08-13 05:00:00+00:00,-3.4907033333333333
2024-08-13 06:00:00+00:00,-2.89444
2024-08-13 07:00:00+00:00,-2.240015
2024-08-13 08:00:00+00:00,-1.58559
2024-08-13 09:00:00+00:00,-0.931165
2024-08-13 10:00:00+00:00,0.09678000000000009
2024-08-13 11:00:00+00:00,1.1247250000000002
2024-08-13 12:00:00+00:00,2.15267
2024-08-13 13:00:00+00:00,1.113392
2024-08-13 14:00:00+00:00,0.07411399999999979
2024-08-13 15:00:00+00:00,-0.965164
2024-08-13 16:00:00+00:00,-2.4081360000000003
2024-08-13 17:00:00+00:00,-3.8511080000000004
2024-08-13 18:00:00+00:00,-5.29408
2024-08-13 19:00:00+00:00,-5.60324
2024-08-13 20:00:00+00:00,-5.9124
2024-08-13 21:00:00+00:00,-6.22156
2024-08-13 22:00:00+00:00,-5.275943333333333
2024-08-13 23:00:00+00:00,-4.330326666666667
2024-08-14 00:00:00+00:00,-3.38471
2024-08-14 01:00:00+00:00,-3.00152
2024-08-14 02:00:00+00:00,-2.61833
2024-08-14 03:00:00+00:00,-2.23514
2024-08-14 04:00:00+00:00,-2.200683333333333
2024-08-14 05:00:00+00:00,-2.1662266666666667
2024-08-14 06:00:00+00:00,-2.13177
2024-08-14 07:00:00+00:00,-2.4293266666666664
2024-08-14 08:00:00+00:00,-2.7268833333333333
2024-08-14 09:00:00+00:00,-3.02444
2024-08-14 10:00:00+00:00,-3.0398166666666664
2024-08-14 11:00:00+00:00,-3.0551933333333334
2024-08-14 12:00:00+00:00,-3.07057
2024-08-14 13:00:00+00:00,-3.0113866666666667
2024-08-14 14:00:00+00:00,-2.9522033333333333
2024-08-14 15:00:00+00:00,-2.89302
2024-08-14 16:00:00+00:00,-3.16588
2024-08-14 17:00:00+00:00,-3.4387399999999997
2024-08-14 18:00:00+00:00,-3.7116
2024-08-14 19:00:00+00:00,-4.416623333333333
2024-08-14 20:00:00+00:00,-5.121646666666667
2024-08-14 21:00:00+00:00,-5.82667
2024-08-14 22:00:00+00:00,-5.4419
2024-08-14 23:00:00+00:00,-5.05713
2024-08-15 00:00:00+00:00,-4.67236
2024-08-15 01:00:00+00:00,-3.884946666666667
2024-08-15 02:00:00+00:00,-3.0975333333333337
2024-08-15 03:00:00+00:00,-2.31012
2024-08-15 04:00:00+00:00,-2.8486466666666668
2024-08-15 05:00:00+00:00,-3.387173333333333
2024-08-15 06:00:00+00:00,-3.9257
2024-08-15 07:00:00+00:00,-3.72326
2024-08-15 08:00:00+00:00,-3.52082
2024-08-15 09:00:00+00:00,-3.31838
2024-08-15 10:00:00+00:00,-3.3036133333333333
2024-08-15 11:00:00+00:00,-3.2888466666666667
2024-08-15 12:00:00+00:00,-3.27408
2024-08-15 13:00:00+00:00,-3.0882133333333335
2024-08-15 14:00:00+00:00,-2.9023466666666664
2024-08-15 15:00:00+00:00,-2.71648
2024-08-15 16:00:00+00:00,-2.1469899999999997
2024-08-15 17:00:00+00:00,-1.5775
2024-08-15 18:00:00+00:00,-1.00801
2024-08-15 19:00:00+00:00,-1.40286
2024-08-15 20:00:00+00:00,-1.79771
2024-08-15 21:00:00+00:00,-2.19256
2024-08-15 22:00:00+00:00,-2.6890466666666666
2024-08-15 23:00:00+00:00,-3.1855333333333333
2024-08-16 00:00:00+00:00,-3.68202
2024-08-16 01:00:00+00:00,-3.23582
2024-08-16 02:00:00+00:00,-2.78962
2024-08-16 03:00:00+00:00,-2.34342
2024-08-16 04:00:00+00:00,-2.2467533333333334
2024-08-16 05:00:00+00:00,-2.1500866666666667
2024-08-16 06:00:00+00:00,-2.05342
2024-08-16 07:00:00+00:00,-1.669028
2024-08-16 08:00:00+00:00,-1.284636
2024-08-16 09:00:00+00:00,-0.900244
2024-08-16 10:00:00+00:00,-1.0277326666666666
2024-08-16 11:00:00+00:00,-1.1552213333333334
2024-08-16 12:00:00+00:00,-1.28271
2024-08-16 13:00:00+00:00,-1.24085
2024-08-16 14:00:00+00:00,-1.19899
2024-08-16 15:00:00+00:00,-1.15713
2024-08-16 16:00:00+00:00,-0.4923143333333333
2024-08-16 17:00:00+00:00,0.1725013333333334
2024-08-16 18:00:00+00:00,0.837317
2024-08-16 19:00:00+00:00,1.2110746666666667
2024-08-16 20:00:00+00:00,1.5848323333333334
2024-08-16 21:00:00+00:00,1.95859
2024-08-16 22:00:00+00:00,-0.0786133333333332
2024-08-16 23:00:00+00:00,-2.1158166666666665
2024-08-17 00:00:00+00:00,-4.15302
2024-08-17 01:00:00+00:00,-2.6753256666666667
2024-08-17 02:00:00+00:00,-1.1976313333333333
2024-08-17 03:00:00+00:00,0.280063
2024-08-17 04:00:00+00:00,0.6108553333333333
2024-08-17 05:00:00+00:00,0.9416476666666667
2024-08-17 06:00:00+00:00,1.27244
2024-08-17 07:00:00+00:00,1.2046133333333333
2024-08-17 08:00:00+00:00,1.1367866666666666
2024-08-17 09:00:00+00:00,1.06896
2024-08-17 10:00:00+00:00,1.1019233333333334
2024-08-17 11:00:00+00:00,1.1348866666666666
2024-08-17 12:00:00+00:00,1.16785
2024-08-17 13:00:00+00:00,1.7659799999999999
2024-08-17 14:00:00+00:00,2.36411
2024-08-17 15:00:00+00:00,2.96224
2024-08-17 16:00:00+00:00,3.105296666666667
2024-08-17 17:00:00+00:00,3.248353333333333
2024-08-17 18:00:00+00:00,3.39141
2024-08-17 19:00:00+00:00,-0.2187733333333335
2024-08-17 20:00:00+00:00,-3.828956666666667
2024-08-17 21:00:00+00:00,-7.43914
2024-08-17 22:00:00+00:00,-7.058353333333334
2024-08-17 23:00:00+00:00,-6.677566666666666
2024-08-18 00:00:00+00:00,-6.29678
2024-08-18 01:00:00+00:00,-6.37688
2024-08-18 02:00:00+00:00,-6.45698
2024-08-18 03:00:00+00:00,-6.53708
2024-08-18 04:00:00+00:00,-5.63315
2024-08-18 05:00:00+00:00,-4.72922
2024-08-18 06:00:00+00:00,-3.82529
2024-08-18 07:00:00+00:00,-4.112253333333333
2024-08-18 08:00:00+00:00,-4.399216666666667
2024-08-18 09:00:00+00:00,-4.68618
2024-08-18 10:00:00+00:00,-3.9606133333333333
2024-08-18 11:00:00+00:00,-3.2350466666666664
2024-08-18 12:00:00+00:00,-2.50948
2024-08-18 13:00:00+00:00,-1.8574103333333332
2024-08-18 14:00:00+00:00,-1.2053406666666666
2024-08-18 15:00:00+00:00,-0.553271
2024-08-18 16:00:00+00:00,-1.1390973333333334
2024-08-18 17:00:00+00:00,-1.7249236666666667
2024-08-18 18:00:00+00:00,-2.31075
2024-08-18 19:00:00+00:00,-3.8536200000000003
2024-08-18 20:00:00+00:00,-5.39649
2024-08-18 21:00:00+00:00,-6.93936
2024-08-18 22:00:00+00:00,-6.747856666666666
2024-08-18 23:00:00+00:00,-6.556353333333333
2024-08-19 00:00:00+00:00,-6.36485
2024-08-19 01:00:00+00:00,-5.428646666666666
2024-08-19 02:00:00+00:00,-4.492443333333333
2024-08-19 03:00:00+00:00,-3.55624
2024-08-19 04:00:00+00:00,-4.054093333333333
2024-08-19 05:00:00+00:00,-4.551946666666667
2024-08-19 06:00:00+00:00,-5.0498
2024-08-19 07:00:00+00:00,-4.477886666666667
2024-08-19 08:00:00+00:00,-3.9059733333333337
2024-08-19 09:00:00+00:00,-3.33406
2024-08-19 10:00:00+00:00,-2.527527666666667
2024-08-19 11:00:00+00:00,-1.7209953333333334
2024-08-19 12:00:00+00:00,-0.914463
2024-08-19 13:00:00+00:00,0.1649480000000001
2024-08-19 14:00:00+00:00,1.2443590000000002
2024-08-19 15:00:00+00:00,2.32377
2024-08-19 16:00:00+00:00,2.18052
2024-08-19 17:00:00+00:00,2.03727
2024-08-19 18:00:00+00:00,1.89402
2024-08-19 19:00:00+00:00,-0.9584233333333334
2024-08-19 20:00:00+00:00,-3.8108666666666666
2024-08-19 21:00:00+00:00,-6.66331
2024-08-19 22:00:00+00:00,-5.444966666666667
2024-08-19 23:00:00+00:00,-4.226623333333333
2024-08-20 00:00:00+00:00,-3.00828
2024-08-20 01:00:00+00:00,-3.90391
2024-08-20 02:00:00+00:00,-4.79954
2024-08-20 03:00:00+00:00,-5.69517
2024-08-20 04:00:00+00:00,-4.916906666666667
2024-08-20 05:00:00+00:00,-4.1386433333333335
2024-08-20 06:00:00+00:00,-3.36038
2024-08-20 07:00:00+00:00,-2.8021166666666666
2024-08-20 08:00:00+00:00,-2.243853333333333
2024-08-20 09:00:00+00:00,-1.68559
2024-08-20 10:00:00+00:00,-1.3894069999999998
2024-08-20 11:00:00+00:00,-1.093224
2024-08-20 12:00:00+00:00,-0.797041
2024-08-20 13:00:00+00:00,-0.10371066666666662
2024-08-20 14:00:00+00:00,0.5896196666666668
2024-08-20 15:00:00+00:00,1.28295
2024-08-20 16:00:00+00:00,1.5934266666666665
2024-08-20 17:00:00+00:00,1.903903333333333
2024-08-20 18:00:00+00:00,2.21438
2024-08-20 19:00:00+00:00,0.5633966666666665
2024-08-20 20:00:00+00:00,-1.0875866666666667
2024-08-20 21:00:00+00:00,-2.73857
2024-08-20 22:00:00+00:00,-4.904216666666667
2024-08-20 23:00:00+00:00,-7.069863333333333
2024-08-21 00:00:00+00:00,-9.23551
2024-08-21 01:00:00+00:00,-8.547853333333332
2024-08-21 02:00:00+00:00,-7.860196666666666
2024-08-21 03:00:00+00:00,-7.17254
2024-08-21 04:00:00+00:00,-6.57496
2024-08-21 05:00:00+00:00,-5.97738
2024-08-21 06:00:00+00:00,-5.3798
2024-08-21 07:00:00+00:00,-3.8590660000000003
2024-08-21 08:00:00+00:00,-2.3383320000000003
2024-08-21 09:00:00+00:00,-0.817598
2024-08-21 10:00:00+00:00,-0.298315
2024-08-21 11:00:00+00:00,0.22096800000000005
2024-08-21 12:00:00+00:00,0.740251
2024-08-21 13:00:00+00:00,0.5111203
2024-08-21 14:00:00+00:00,0.2819896
2024-08-21 15:00:00+00:00,0.0528589
2024-08-21 16:00:00+00:00,0.17714126666666666
2024-08-21 17:00:00+00:00,0.30142363333333333
2024-08-21 18:00:00+00:00,0.425706
2024-08-21 19:00:00+00:00,3.2567873333333335
2024-08-21 20:00:00+00:00,6.087868666666667
2024-08-21 21:00:00+00:00,8.91895
2024-08-21 22:00:00+00:00,8.052606666666668
2024-08-21 23:00:00+00:00,7.186263333333334
2024-08-22 00:00:00+00:00,6.31992
2024-08-22 01:00:00+00:00,4.390151666666666
2024-08-22 02:00:00+00:00,2.460383333333333
2024-08-22 03:00:00+00:00,0.530615
2024-08-22 04:00:00+00:00,-0.17352666666666672
2024-08-22 05:00:00+00:00,-0.8776683333333334
2024-08-22 06:00:00+00:00,-1.58181
2024-08-22 07:00:00+00:00,-1.4709333333333332
2024-08-22 08:00:00+00:00,-1.3600566666666667
2024-08-22 09:00:00+00:00,-1.24918
2024-08-22 10:00:00+00:00,-0.41728333333333334
2024-08-22 11:00:00+00:00,0.4146133333333333
2024-08-22 12:00:00+00:00,1.24651
2024-08-22 13:00:00+00:00,2.0701833333333335
2024-08-22 14:00:00+00:00,2.8938566666666667
2024-08-22 15:00:00+00:00,3.71753
2024-08-22 16:00:00+00:00,3.2908933333333334
2024-08-22 17:00:00+00:00,2.8642566666666665
2024-08-22 18:00:00+00:00,2.43762
2024-08-22 19:00:00+00:00,1.4590693333333333
2024-08-22 20:00:00+00:00,0.48051866666666676
2024-08-22 21:00:00+00:00,-0.498032
2024-08-22 22:00:00+00:00,-1.7560646666666666
2024-08-22 23:00:00+00:00,-3.014097333333333
2024-08-23 00:00:00+00:00,-4.27213
2024-08-23 01:00:00+00:00,-3.0329276666666667
2024-08-23 02:00:00+00:00,-1.7937253333333332
2024-08-23 03:00:00+00:00,-0.554523
2024-08-23 04:00:00+00:00,-0.872782
2024-08-23 05:00:00+00:00,-1.191041
2024-08-23 06:00:00+00:00,-1.5093
2024-08-23 07:00:00+00:00,-1.2189913333333333
2024-08-23 08:00:00+00:00,-0.9286826666666667
2024-08-23 09:00:00+00:00,-0.638374
2024-08-23 10:00:00+00:00,-0.335515
2024-08-23 11:00:00+00:00,-0.03265600000000002
2024-08-23 12:00:00+00:00,0.270203
2024-08-23 13:00:00+00:00,1.6721953333333333
2024-08-23 14:00:00+00:00,3.0741876666666665
2024-08-23 15:00:00+00:00,4.47618
2024-08-23 16:00:00+00:00,2.9356680000000006
2024-08-23 17:00:00+00:00,1.3951560000000005
2024-08-23 18:00:00+00:00,-0.145356
2024-08-23 19:00:00+00:00,2.5937693333333334
2024-08-23 20:00:00+00:00,5.332894666666667
2024-08-23 21:00:00+00:00,8.07202
2024-08-23 22:00:00+00:00,8.192253333333333
2024-08-23 23:00:00+00:00,8.312486666666667
2024-08-24 00:00:00+00:00,8.43272
2024-08-24 01:00:00+00:00,6.021143333333333
2024-08-24 02:00:00+00:00,3.609566666666667
2024-08-24 03:00:00+00:00,1.19799
2024-08-24 04:00:00+00:00,1.44099
2024-08-24 05:00:00+00:00,1.68399
2024-08-24 06:00:00+00:00,1.92699
2024-08-24 07:00:00+00:00,1.6484966666666667
2024-08-24 08:00:00+00:00,1.3700033333333335
2024-08-24 09:00:00+00:00,1.09151
2024-08-24 10:00:00+00:00,1.4596433333333334
2024-08-24 11:00:00+00:00,1.8277766666666668
2024-08-24 12:00:00+00:00,2.19591
2024-08-24 13:00:00+00:00,2.5561666666666665
2024-08-24 14:00:00+00:00,2.9164233333333334
2024-08-24 15:00:00+00:00,3.27668
2024-08-24 16:00:00+00:00,2.2465676666666665
2024-08-24 17:00:00+00:00,1.2164553333333332
2024-08-24 18:00:00+00:00,0.186343
2024-08-24 19:00:00+00:00,-1.2758846666666666
2024-08-24 20:00:00+00:00,-2.738112333333333
2024-08-24 21:00:00+00:00,-4.20034
2024-08-24 22:00:00+00:00,-3.6034366666666666
2024-08-24 23:00:00+00:00,-3.0065333333333335
2024-08-25 00:00:00+00:00,-2.40963
2024-08-25 01:00:00+00:00,-4.0751
2024-08-25 02:00:00+00:00,-5.74057
2024-08-25 03:00:00+00:00,-7.40604
2024-08-25 04:00:00+00:00,-7.698953333333333
2024-08-25 05:00:00+00:00,-7.991866666666667
2024-08-25 06:00:00+00:00,-8.28478
2024-08-25 07:00:00+00:00,-6.7555499999999995
2024-08-25 08:00:00+00:00,-5.226319999999999
2024-08-25 09:00:00+00:00,-3.69709
2024-08-25 10:00:00+00:00,-2.7189713333333336
2024-08-25 11:00:00+00:00,-1.7408526666666668
2024-08-25 12:00:00+00:00,-0.762734
2024-08-25 13:00:00+00:00,0.013707333333333183
2024-08-25 14:00:00+00:00,0.7901486666666664
2024-08-25 15:00:00+00:00,1.56659
2024-08-25 16:00:00+00:00,0.9260943333333332
2024-08-25 17:00:00+00:00,0.28559866666666656
2024-08-25 18:00:00+00:00,-0.354897
2024-08-25 19:00:00+00:00,1.4283753333333333
2024-08-25 20:00:00+00:00,3.211647666666667
2024-08-25 21:00:00+00:00,4.99492
2024-08-25 22:00:00+00:00,3.2731733333333333
2024-08-25 23:00:00+00:00,1.5514266666666665
2024-08-26 00:00:00+00:00,-0.17032
2024-08-26 01:00:00+00:00,-0.5716033333333332
2024-08-26 02:00:00+00:00,-0.9728866666666666
2024-08-26 03:00:00+00:00,-1.37417
2024-08-26 04:00:00+00:00,-1.0250846666666666
2024-08-26 05:00:00+00:00,-0.6759993333333333
2024-08-26 06:00:00+00:00,-0.326914
2024-08-26 07:00:00+00:00,0.054040666666666626
2024-08-26 08:00:00+00:00,0.43499533333333323
2024-08-26 09:00:00+00:00,0.81595
2024-08-26 10:00:00+00:00,0.5163836666666666
2024-08-26 11:00:00+00:00,0.2168173333333333
2024-08-26 12:00:00+00:00,-0.082749
2024-08-26 13:00:00+00:00,0.20344566666666664
2024-08-26 14:00:00+00:00,0.4896403333333333
2024-08-26 15:00:00+00:00,0.775835
2024-08-26 16:00:00+00:00,1.0499066666666668
2024-08-26 17:00:00+00:00,1.3239783333333333
2024-08-26 18:00:00+00:00,1.59805
2024-08-26 19:00:00+00:00,0.925221
2024-08-26 20:00:00+00:00,0.25239199999999995
2024-08-26 21:00:00+00:00,-0.420437
2024-08-26 22:00:00+00:00,0.13184533333333331
2024-08-26 23:00:00+00:00,0.6841276666666667
2024-08-27 00:00:00+00:00,1.23641
2024-08-27 01:00:00+00:00,2.4460566666666668
2024-08-27 02:00:00+00:00,3.6557033333333333
2024-08-27 03:00:00+00:00,4.86535
2024-08-27 04:00:00+00:00,4.071063333333333
2024-08-27 05:00:00+00:00,3.2767766666666667
2024-08-27 06:00:00+00:00,2.48249
2024-08-27 07:00:00+00:00,2.23461
2024-08-27 08:00:00+00:00,1.9867299999999999
2024-08-27 09:00:00+00:00,1.73885
2024-08-27 10:00:00+00:00,1.8800266666666667
2024-08-27 11:00:00+00:00,2.0212033333333332
2024-08-27 12:00:00+00:00,2.16238
2024-08-27 13:00:00+00:00,2.457866666666667
2024-08-27 14:00:00+00:00,2.7533533333333335
2024-08-27 15:00:00+00:00,3.04884
2024-08-27 16:00:00+00:00,3.1216866666666667
2024-08-27 17:00:00+00:00,3.1945333333333337
2024-08-27 18:00:00+00:00,3.26738
2024-08-27 19:00:00+00:00,2.6886400000000004
2024-08-27 20:00:00+00:00,2.1099
2024-08-27 21:00:00+00:00,1.53116
2024-08-27 22:00:00+00:00,0.6976760000000001
2024-08-27 23:00:00+00:00,-0.13580799999999993
2024-08-28 00:00:00+00:00,-0.969292
2024-08-28 01:00:00+00:00,0.046965333333333525
2024-08-28 02:00:00+00:00,1.063222666666667
2024-08-28 03:00:00+00:00,2.07948
2024-08-28 04:00:00+00:00,2.2648833333333336
2024-08-28 05:00:00+00:00,2.4502866666666665
2024-08-28 06:00:00+00:00,2.63569
2024-08-28 07:00:00+00:00,2.4400033333333333
2024-08-28 08:00:00+00:00,2.2443166666666667
2024-08-28 09:00:00+00:00,2.04863
2024-08-28 10:00:00+00:00,2.5877266666666667
2024-08-28 11:00:00+00:00,3.1268233333333333
2024-08-28 12:00:00+00:00,3.66592
2024-08-28 13:00:00+00:00,3.5849066666666665
2024-08-28 14:00:00+00:00,3.5038933333333335
2024-08-28 15:00:00+00:00,3.42288
2024-08-28 16:00:00+00:00,4.0064166666666665
2024-08-28 17:00:00+00:00,4.589953333333334
2024-08-28 18:00:00+00:00,5.17349
2024-08-28 19:00:00+00:00,5.01905
2024-08-28 20:00:00+00:00,4.86461
2024-08-28 21:00:00+00:00,4.71017
2024-08-28 22:00:00+00:00,5.4754499999999995
2024-08-28 23:00:00+00:00,6.24073
2024-08-29 00:00:00+00:00,7.00601
2024-08-29 01:00:00+00:00,6.451286666666666
2024-08-29 02:00:00+00:00,5.896563333333334
2024-08-29 03:00:00+00:00,5.34184
2024-08-29 04:00:00+00:00,2.8512033333333338
2024-08-29 05:00:00+00:00,0.36056666666666715
2024-08-29 06:00:00+00:00,-2.13007
2024-08-29 07:00:00+00:00,-1.5792386666666665
2024-08-29 08:00:00+00:00,-1.0284073333333332
2024-08-29 09:00:00+00:00,-0.477576
2024-08-29 10:00:00+00:00,0.3125960000000001
2024-08-29 11:00:00+00:00,1.1027680000000002
2024-08-29 12:00:00+00:00,1.89294
2024-08-29 13:00:00+00:00,2.5008966666666668
2024-08-29 14:00:00+00:00,3.1088533333333332
2024-08-29 15:00:00+00:00,3.71681
2024-08-29 16:00:00+00:00,3.1339133333333336
2024-08-29 17:00:00+00:00,2.5510166666666665
2024-08-29 18:00:00+00:00,1.96812
2024-08-29 19:00:00+00:00,0.4266633333333334
2024-08-29 20:00:00+00:00,-1.1147933333333333
2024-08-29 21:00:00+00:00,-2.65625
2024-08-29 22:00:00+00:00,-0.7103200000000001
2024-08-29 23:00:00+00:00,1.2356099999999999
2024-08-30 00:00:00+00:00,3.18154
2024-08-30 01:00:00+00:00,1.4760066666666667
2024-08-30 02:00:00+00:00,-0.22952666666666666
2024-08-30 03:00:00+00:00,-1.93506
2024-08-30 04:00:00+00:00,-2.0080233333333335
2024-08-30 05:00:00+00:00,-2.0809866666666665
2024-08-30 06:00:00+00:00,-2.15395
2024-08-30 07:00:00+00:00,-1.4226862333333332
2024-08-30 08:00:00+00:00,-0.6914224666666666
2024-08-30 09:00:00+00:00,0.0398413
2024-08-30 10:00:00+00:00,0.5182308666666666
2024-08-30 11:00:00+00:00,0.9966204333333333
2024-08-30 12:00:00+00:00,1.47501
2024-08-30 13:00:00+00:00,1.7030933333333333
2024-08-30 14:00:00+00:00,1.9311766666666668
2024-08-30 15:00:00+00:00,2.15926
2024-08-30 16:00:00+00:00,-1.796933333333333
2024-08-30 17:00:00+00:00,-5.753126666666667
2024-08-30 18:00:00+00:00,-9.70932
2024-08-30 19:00:00+00:00,-7.92603
2024-08-30 20:00:00+00:00,-6.14274
2024-08-30 21:00:00+00:00,-4.35945
2024-08-30 22:00:00+00:00,-3.3020899999999997
2024-08-30 23:00:00+00:00,-2.24473
2024-08-31 00:00:00+00:00,-1.18737
2024-08-31 01:00:00+00:00,-1.1509233333333333
2024-08-31 02:00:00+00:00,-1.1144766666666668
2024-08-31 03:00:00+00:00,-1.07803
2024-08-31 04:00:00+00:00,-0.6432293333333334
2024-08-31 05:00:00+00:00,-0.2084286666666667
2024-08-31 06:00:00+00:00,0.226372
2024-08-31 07:00:00+00:00,0.19666333333333333
2024-08-31 08:00:00+00:00,0.16695466666666667
2024-08-31 09:00:00+00:00,0.137246
2024-08-31 10:00:00+00:00,0.39993500000000004
2024-08-31 11:00:00+00:00,0.662624
2024-08-31 12:00:00+00:00,0.925313
2024-08-31 13:00:00+00:00,1.4244386666666666
2024-08-31 14:00:00+00:00,1.9235643333333332
2024-08-31 15:00:00+00:00,2.42269
2024-08-31 16:00:00+00:00,2.1078766666666664
2024-08-31 17:00:00+00:00,1.7930633333333335
2024-08-31 18:00:00+00:00,1.47825
2024-08-31 19:00:00+00:00,-0.08771333333333331
2024-08-31 20:00:00+00:00,-1.6536766666666667
2024-08-31 21:00:00+00:00,-3.21964
2024-08-31 22:00:00+00:00,-1.7647000000000002
2024-08-31 23:00:00+00:00,-0.30976000000000026
2024-09-01 00:00:00+00:00,1.14518
2024-09-01 01:00:00+00:00,1.0842386666666668
2024-09-01 02:00:00+00:00,1.0232973333333333
2024-09-01 03:00:00+00:00,0.962356
2024-09-01 04:00:00+00:00,0.47781500000000005
2024-09-01 05:00:00+00:00,-0.006725999999999899
2024-09-01 06:00:00+00:00,-0.491267
2024-09-01 07:00:00+00:00,-0.42516433333333337
2024-09-01 08:00:00+00:00,-0.3590616666666667
2024-09-01 09:00:00+00:00,-0.292959
2024-09-01 10:00:00+00:00,0.08192866666666665
2024-09-01 11:00:00+00:00,0.4568163333333333
2024-09-01 12:00:00+00:00,0.831704
2024-09-01 13:00:00+00:00,1.5507493333333335
2024-09-01 14:00:00+00:00,2.269794666666667
2024-09-01 15:00:00+00:00,2.98884
2024-09-01 16:00:00+00:00,2.40851
2024-09-01 17:00:00+00:00,1.82818
2024-09-01 18:00:00+00:00,1.24785
2024-09-01 19:00:00+00:00,1.119287
2024-09-01 20:00:00+00:00,0.9907239999999999
2024-09-01 21:00:00+00:00,0.862161
2024-09-01 22:00:00+00:00,0.2676799999999999
2024-09-01 23:00:00+00:00,-0.3268010000000001
2024-09-02 00:00:00+00:00,-0.921282
2024-09-02 01:00:00+00:00,-1.799458
2024-09-02 02:00:00+00:00,-2.677634
2024-09-02 03:00:00+00:00,-3.55581
2024-09-02 04:00:00+00:00,-3.2368200000000003
2024-09-02 05:00:00+00:00,-2.91783
2024-09-02 06:00:00+00:00,-2.59884
2024-09-02 07:00:00+00:00,-1.6386733333333332
2024-09-02 08:00:00+00:00,-0.6785066666666666
2024-09-02 09:00:00+00:00,0.28166
2024-09-02 10:00:00+00:00,0.5808466666666667
2024-09-02 11:00:00+00:00,0.8800333333333333
2024-09-02 12:00:00+00:00,1.17922
2024-09-02 13:00:00+00:00,1.7505566666666668
2024-09-02 14:00:00+00:00,2.3218933333333336
2024-09-02 15:00:00+00:00,2.89323
2024-09-02 16:00:00+00:00,2.039546666666667
2024-09-02 17:00:00+00:00,1.1858633333333335
2024-09-02 18:00:00+00:00,0.33218
2024-09-02 19:00:00+00:00,0.8091633333333333
2024-09-02 20:00:00+00:00,1.2861466666666668
2024-09-02 21:00:00+00:00,1.76313
2024-09-02 22:00:00+00:00,1.248977
2024-09-02 23:00:00+00:00,0.7348240000000001
2024-09-03 00:00:00+00:00,0.220671
2024-09-03 01:00:00+00:00,-0.005474000000000007
2024-09-03 02:00:00+00:00,-0.23161900000000002
2024-09-03 03:00:00+00:00,-0.457764
2024-09-03 04:00:00+00:00,0.06835399999999997
2024-09-03 05:00:00+00:00,0.5944719999999999
2024-09-03 06:00:00+00:00,1.12059
2024-09-03 07:00:00+00:00,1.1041933333333334
2024-09-03 08:00:00+00:00,1.0877966666666665
2024-09-03 09:00:00+00:00,1.0714
2024-09-03 10:00:00+00:00,1.5811799999999998
2024-09-03 11:00:00+00:00,2.09096
2024-09-03 12:00:00+00:00,2.60074
2024-09-03 13:00:00+00:00,1.9648096666666666
2024-09-03 14:00:00+00:00,1.3288793333333333
2024-09-03 15:00:00+00:00,0.692949
2024-09-03 16:00:00+00:00,-0.04358733333333331
2024-09-03 17:00:00+00:00,-0.7801236666666667
2024-09-03 18:00:00+00:00,-1.51666
2024-09-03 19:00:00+00:00,-1.5302733333333334
2024-09-03 20:00:00+00:00,-1.5438866666666666
2024-09-03 21:00:00+00:00,-1.5575
2024-09-03 22:00:00+00:00,-4.508366666666666
2024-09-03 23:00:00+00:00,-7.459233333333333
2024-09-04 00:00:00+00:00,-10.4101
2024-09-04 01:00:00+00:00,-9.59467
2024-09-04 02:00:00+00:00,-8.77924
2024-09-04 03:00:00+00:00,-7.96381
2024-09-04 04:00:00+00:00,-8.133276666666667
2024-09-04 05:00:00+00:00,-8.302743333333334
2024-09-04 06:00:00+00:00,-8.47221
2024-09-04 07:00:00+00:00,-8.269986666666668
2024-09-04 08:00:00+00:00,-8.067763333333334
2024-09-04 09:00:00+00:00,-7.86554
2024-09-04 10:00:00+00:00,-6.816506666666667
2024-09-04 11:00:00+00:00,-5.767473333333333
2024-09-04 12:00:00+00:00,-4.71844
2024-09-04 13:00:00+00:00,-4.51728
2024-09-04 14:00:00+00:00,-4.31612
2024-09-04 15:00:00+00:00,-4.11496
2024-09-04 16:00:00+00:00,-3.30551
2024-09-04 17:00:00+00:00,-2.49606
2024-09-04 18:00:00+00:00,-1.68661
2024-09-04 19:00:00+00:00,-2.62152
2024-09-04 20:00:00+00:00,-3.5564299999999998
2024-09-04 21:00:00+00:00,-4.49134
2024-09-04 22:00:00+00:00,-4.032573333333334
2024-09-04 23:00:00+00:00,-3.5738066666666666
2024-09-05 00:00:00+00:00,-3.11504
2024-09-05 01:00:00+00:00,-3.0171
2024-09-05 02:00:00+00:00,-2.9191599999999998
2024-09-05 03:00:00+00:00,-2.82122
2024-09-05 04:00:00+00:00,-2.9926766666666667
2024-09-05 05:00:00+00:00,-3.164133333333333
2024-09-05 06:00:00+00:00,-3.33559
2024-09-05 07:00:00+00:00,-2.8058466666666666
2024-09-05 08:00:00+00:00,-2.2761033333333334
2024-09-05 09:00:00+00:00,-1.74636
2024-09-05 10:00:00+00:00,-0.5073633333333332
2024-09-05 11:00:00+00:00,0.7316333333333336
2024-09-05 12:00:00+00:00,1.97063
2024-09-05 13:00:00+00:00,1.5824963333333333
2024-09-05 14:00:00+00:00,1.1943626666666667
2024-09-05 15:00:00+00:00,0.806229
2024-09-05 16:00:00+00:00,0.9097826666666666
2024-09-05 17:00:00+00:00,1.0133363333333332
2024-09-05 18:00:00+00:00,1.11689
2024-09-05 19:00:00+00:00,0.19062999999999986
2024-09-05 20:00:00+00:00,-0.7356300000000002
2024-09-05 21:00:00+00:00,-1.66189
2024-09-05 22:00:00+00:00,-1.0880739666666668
2024-09-05 23:00:00+00:00,-0.5142579333333333
2024-09-06 00:00:00+00:00,0.0595581
2024-09-06 01:00:00+00:00,1.1481787333333333
2024-09-06 02:00:00+00:00,2.2367993666666663
2024-09-06 03:00:00+00:00,3.32542
2024-09-06 04:00:00+00:00,2.6667966666666665
2024-09-06 05:00:00+00:00,2.0081733333333336
2024-09-06 06:00:00+00:00,1.34955
2024-09-06 07:00:00+00:00,1.7589233333333334
2024-09-06 08:00:00+00:00,2.1682966666666665
2024-09-06 09:00:00+00:00,2.57767
2024-09-06 10:00:00+00:00,3.3124866666666666
2024-09-06 11:00:00+00:00,4.047303333333334
2024-09-06 12:00:00+00:00,4.78212
2024-09-06 13:00:00+00:00,4.33787
2024-09-06 14:00:00+00:00,3.89362
2024-09-06 15:00:00+00:00,3.44937
2024-09-06 16:00:00+00:00,3.0286866666666667
2024-09-06 17:00:00+00:00,2.6080033333333335
2024-09-06 18:00:00+00:00,2.18732
2024-09-06 19:00:00+00:00,2.173566666666667
2024-09-06 20:00:00+00:00,2.159813333333333
2024-09-06 21:00:00+00:00,2.14606
2024-09-06 22:00:00+00:00,1.9743466666666665
2024-09-06 23:00:00+00:00,1.8026333333333333
2024-09-07 00:00:00+00:00,1.63092
2024-09-07 01:00:00+00:00,1.49068
2024-09-07 02:00:00+00:00,1.3504399999999999
2024-09-07 03:00:00+00:00,1.2102
2024-09-07 04:00:00+00:00,1.4328233333333333
2024-09-07 05:00:00+00:00,1.6554466666666665
2024-09-07 06:00:00+00:00,1.87807
2024-09-07 07:00:00+00:00,2.19021
2024-09-07 08:00:00+00:00,2.50235
2024-09-07 09:00:00+00:00,2.81449
2024-09-07 10:00:00+00:00,3.205076666666667
2024-09-07 11:00:00+00:00,3.5956633333333334
2024-09-07 12:00:00+00:00,3.98625
2024-09-07 13:00:00+00:00,3.9503433333333335
2024-09-07 14:00:00+00:00,3.9144366666666666
2024-09-07 15:00:00+00:00,3.87853
2024-09-07 16:00:00+00:00,2.8040656666666663
2024-09-07 17:00:00+00:00,1.729601333333333
2024-09-07 18:00:00+00:00,0.655137
2024-09-07 19:00:00+00:00,1.615498
2024-09-07 20:00:00+00:00,2.5758590000000003
2024-09-07 21:00:00+00:00,3.53622
2024-09-07 22:00:00+00:00,2.9622133333333336
2024-09-07 23:00:00+00:00,2.388206666666667
2024-09-08 00:00:00+00:00,1.8142
2024-09-08 01:00:00+00:00,2.17795
2024-09-08 02:00:00+00:00,2.5417
2024-09-08 03:00:00+00:00,2.90545
2024-09-08 04:00:00+00:00,2.819366666666667
2024-09-08 05:00:00+00:00,2.7332833333333335
2024-09-08 06:00:00+00:00,2.6472
2024-09-08 07:00:00+00:00,2.7099
2024-09-08 08:00:00+00:00,2.7726
2024-09-08 09:00:00+00:00,2.8353
2024-09-08 10:00:00+00:00,2.5219566666666666
2024-09-08 11:00:00+00:00,2.2086133333333335
2024-09-08 12:00:00+00:00,1.89527
2024-09-08 13:00:00+00:00,0.9524943333333334
2024-09-08 14:00:00+00:00,0.009718666666666875
2024-09-08 15:00:00+00:00,-0.933057
2024-09-08 16:00:00+00:00,-2.921048
2024-09-08 17:00:00+00:00,-4.909039
2024-09-08 18:00:00+00:00,-6.89703
2024-09-08 19:00:00+00:00,-6.33116
2024-09-08 20:00:00+00:00,-5.76529
2024-09-08 21:00:00+00:00,-5.19942
2024-09-08 22:00:00+00:00,-4.037123333333334
2024-09-08 23:00:00+00:00,-2.874826666666667
2024-09-09 00:00:00+00:00,-1.71253
2024-09-09 01:00:00+00:00,-1.1157093000000002
2024-09-09 02:00:00+00:00,-0.5188886000000001
2024-09-09 03:00:00+00:00,0.0779321
2024-09-09 04:00:00+00:00,-0.5660852666666667
2024-09-09 05:00:00+00:00,-1.2101026333333333
2024-09-09 06:00:00+00:00,-1.85412
2024-09-09 07:00:00+00:00,-1.3990609999999999
2024-09-09 08:00:00+00:00,-0.9440019999999999
2024-09-09 09:00:00+00:00,-0.488943
2024-09-09 10:00:00+00:00,-0.466378
2024-09-09 11:00:00+00:00,-0.443813
2024-09-09 12:00:00+00:00,-0.421248
2024-09-09 13:00:00+00:00,-0.1577346666666667
2024-09-09 14:00:00+00:00,0.10577866666666663
2024-09-09 15:00:00+00:00,0.369292
2024-09-09 16:00:00+00:00,1.0236546666666668
2024-09-09 17:00:00+00:00,1.6780173333333335
2024-09-09 18:00:00+00:00,2.33238
2024-09-09 19:00:00+00:00,2.1897333333333333
2024-09-09 20:00:00+00:00,2.0470866666666665
2024-09-09 21:00:00+00:00,1.90444
2024-09-09 22:00:00+00:00,1.4039276666666667
2024-09-09 23:00:00+00:00,0.9034153333333332
2024-09-10 00:00:00+00:00,0.402903
2024-09-10 01:00:00+00:00,-0.813968
2024-09-10 02:00:00+00:00,-2.0308390000000003
2024-09-10 03:00:00+00:00,-3.24771
2024-09-10 04:00:00+00:00,-3.6683333333333334
2024-09-10 05:00:00+00:00,-4.088956666666666
2024-09-10 06:00:00+00:00,-4.50958
2024-09-10 07:00:00+00:00,-3.62242
2024-09-10 08:00:00+00:00,-2.7352600000000002
2024-09-10 09:00:00+00:00,-1.8481
2024-09-10 10:00:00+00:00,-1.4591133333333335
2024-09-10 11:00:00+00:00,-1.070126666666667
2024-09-10 12:00:00+00:00,-0.68114
2024-09-10 13:00:00+00:00,-0.31381166666666666
2024-09-10 14:00:00+00:00,0.05351666666666666
2024-09-10 15:00:00+00:00,0.420845
2024-09-10 16:00:00+00:00,0.98692
2024-09-10 17:00:00+00:00,1.5529950000000001
2024-09-10 18:00:00+00:00,2.11907
2024-09-10 19:00:00+00:00,1.3309733333333331
2024-09-10 20:00:00+00:00,0.5428766666666667
2024-09-10 21:00:00+00:00,-0.24522
2024-09-10 22:00:00+00:00,-1.6033266666666668
2024-09-10 23:00:00+00:00,-2.961433333333334
2024-09-11 00:00:00+00:00,-4.31954
2024-09-11 01:00:00+00:00,-4.36212
2024-09-11 02:00:00+00:00,-4.4047
2024-09-11 03:00:00+00:00,-4.44728
2024-09-11 04:00:00+00:00,-4.2765933333333335
2024-09-11 05:00:00+00:00,-4.105906666666667
2024-09-11 06:00:00+00:00,-3.93522
2024-09-11 07:00:00+00:00,-3.77579
2024-09-11 08:00:00+00:00,-3.61636
2024-09-11 09:00:00+00:00,-3.45693
2024-09-11 10:00:00+00:00,-2.7229766666666664
2024-09-11 11:00:00+00:00,-1.9890233333333331
2024-09-11 12:00:00+00:00,-1.25507
2024-09-11 13:00:00+00:00,-1.2877399999999999
2024-09-11 14:00:00+00:00,-1.32041
2024-09-11 15:00:00+00:00,-1.35308
2024-09-11 16:00:00+00:00,-3.3767933333333335
2024-09-11 17:00:00+00:00,-5.400506666666667
2024-09-11 18:00:00+00:00,-7.42422
2024-09-11 19:00:00+00:00,-6.78844
2024-09-11 20:00:00+00:00,-6.15266
2024-09-11 21:00:00+00:00,-5.51688
2024-09-11 22:00:00+00:00,-4.106386666666666
2024-09-11 23:00:00+00:00,-2.6958933333333333
2024-09-12 00:00:00+00:00,-1.2854
2024-09-12 01:00:00+00:00,-1.9572500000000002
2024-09-12 02:00:00+00:00,-2.6291
2024-09-12 03:00:00+00:00,-3.30095
2024-09-12 04:00:00+00:00,-2.8905499999999997
2024-09-12 05:00:00+00:00,-2.48015
2024-09-12 06:00:00+00:00,-2.06975
2024-09-12 07:00:00+00:00,-1.710023
2024-09-12 08:00:00+00:00,-1.3502960000000002
2024-09-12 09:00:00+00:00,-0.990569
2024-09-12 10:00:00+00:00,-2.4395059999999997
2024-09-12 11:00:00+00:00,-3.8884429999999996
2024-09-12 12:00:00+00:00,-5.33738
2024-09-12 13:00:00+00:00,-6.552796666666667
2024-09-12 14:00:00+00:00,-7.768213333333334
2024-09-12 15:00:00+00:00,-8.98363
2024-09-12 16:00:00+00:00,-9.367553333333333
2024-09-12 17:00:00+00:00,-9.751476666666667
2024-09-12 18:00:00+00:00,-10.1354
2024-09-12 19:00:00+00:00,-8.87432
2024-09-12 20:00:00+00:00,-7.613239999999999
2024-09-12 21:00:00+00:00,-6.35216
2024-09-12 22:00:00+00:00,-6.292673333333333
2024-09-12 23:00:00+00:00,-6.233186666666667
2024-09-13 00:00:00+00:00,-6.1737
2024-09-13 01:00:00+00:00,-5.875913333333333
2024-09-13 02:00:00+00:00,-5.578126666666667
2024-09-13 03:00:00+00:00,-5.28034
2024-09-13 04:00:00+00:00,-5.1484733333333335
2024-09-13 05:00:00+00:00,-5.016606666666666
2024-09-13 06:00:00+00:00,-4.88474
2024-09-13 07:00:00+00:00,-5.14074
2024-09-13 08:00:00+00:00,-5.396739999999999
2024-09-13 09:00:00+00:00,-5.65274
2024-09-13 10:00:00+00:00,-5.556463333333333
2024-09-13 11:00:00+00:00,-5.460186666666666
2024-09-13 12:00:00+00:00,-5.36391
2024-09-13 13:00:00+00:00,-5.306533333333333
2024-09-13 14:00:00+00:00,-5.249156666666666
2024-09-13 15:00:00+00:00,-5.19178
2024-09-13 16:00:00+00:00,-4.784373333333333
2024-09-13 17:00:00+00:00,-4.376966666666666
2024-09-13 18:00:00+00:00,-3.96956
2024-09-13 19:00:00+00:00,-4.550506666666666
2024-09-13 20:00:00+00:00,-5.131453333333333
2024-09-13 21:00:00+00:00,-5.7124
2024-09-13 22:00:00+00:00,-5.73475
2024-09-13 23:00:00+00:00,-5.757099999999999
2024-09-14 00:00:00+00:00,-5.77945
2024-09-14 01:00:00+00:00,-5.281553333333333
2024-09-14 02:00:00+00:00,-4.7836566666666664
2024-09-14 03:00:00+00:00,-4.28576
2024-09-14 04:00:00+00:00,-4.160433333333334
2024-09-14 05:00:00+00:00,-4.035106666666667
2024-09-14 06:00:00+00:00,-3.90978
2024-09-14 07:00:00+00:00,-3.1905633333333334
2024-09-14 08:00:00+00:00,-2.4713466666666664
2024-09-14 09:00:00+00:00,-1.75213
2024-09-14 10:00:00+00:00,-1.5348933333333332
2024-09-14 11:00:00+00:00,-1.3176566666666667
2024-09-14 12:00:00+00:00,-1.10042
2024-09-14 13:00:00+00:00,-1.33652
2024-09-14 14:00:00+00:00,-1.5726200000000001
2024-09-14 15:00:00+00:00,-1.80872
2024-09-14 16:00:00+00:00,-1.5708533333333334
2024-09-14 17:00:00+00:00,-1.3329866666666668
2024-09-14 18:00:00+00:00,-1.09512
2024-09-14 19:00:00+00:00,-1.7127266666666667
2024-09-14 20:00:00+00:00,-2.3303333333333334
2024-09-14 21:00:00+00:00,-2.94794
2024-09-14 22:00:00+00:00,-2.48423
2024-09-14 23:00:00+00:00,-2.02052
2024-09-15 00:00:00+00:00,-1.55681
2024-09-15 01:00:00+00:00,-1.4804766666666667
2024-09-15 02:00:00+00:00,-1.4041433333333333
2024-09-15 03:00:00+00:00,-1.32781
2024-09-15 04:00:00+00:00,-1.34655
2024-09-15 05:00:00+00:00,-1.3652900000000001
2024-09-15 06:00:00+00:00,-1.38403
2024-09-15 07:00:00+00:00,-1.2662933333333335
2024-09-15 08:00:00+00:00,-1.1485566666666667
2024-09-15 09:00:00+00:00,-1.03082
2024-09-15 10:00:00+00:00,-0.9095083333333334
2024-09-15 11:00:00+00:00,-0.7881966666666667
2024-09-15 12:00:00+00:00,-0.666885
2024-09-15 13:00:00+00:00,-0.6248733333333333
2024-09-15 14:00:00+00:00,-0.5828616666666667
2024-09-15 15:00:00+00:00,-0.54085
2024-09-15 16:00:00+00:00,-0.14134700000000006
2024-09-15 17:00:00+00:00,0.25815599999999994
2024-09-15 18:00:00+00:00,0.657659
2024-09-15 19:00:00+00:00,0.48513300000000004
2024-09-15 20:00:00+00:00,0.312607
2024-09-15 21:00:00+00:00,0.140081
2024-09-15 22:00:00+00:00,-1.3558493333333335
2024-09-15 23:00:00+00:00,-2.8517796666666673
2024-09-16 00:00:00+00:00,-4.34771
2024-09-16 01:00:00+00:00,-4.419256666666667
2024-09-16 02:00:00+00:00,-4.490803333333334
2024-09-16 03:00:00+00:00,-4.56235
2024-09-16 04:00:00+00:00,-4.600280000000001
2024-09-16 05:00:00+00:00,-4.63821
2024-09-16 06:00:00+00:00,-4.67614
2024-09-16 07:00:00+00:00,-5.22229
2024-09-16 08:00:00+00:00,-5.76844
2024-09-16 09:00:00+00:00,-6.31459
2024-09-16 10:00:00+00:00,-6.3345
2024-09-16 11:00:00+00:00,-6.35441
2024-09-16 12:00:00+00:00,-6.37432
2024-09-16 13:00:00+00:00,-5.46585
2024-09-16 14:00:00+00:00,-4.55738
2024-09-16 15:00:00+00:00,-3.64891
2024-09-16 16:00:00+00:00,-3.0689466666666667
2024-09-16 17:00:00+00:00,-2.4889833333333335
2024-09-16 18:00:00+00:00,-1.90902
2024-09-16 19:00:00+00:00,-3.5415366666666666
2024-09-16 20:00:00+00:00,-5.174053333333333
2024-09-16 21:00:00+00:00,-6.80657
2024-09-16 22:00:00+00:00,-6.253933333333333
2024-09-16 23:00:00+00:00,-5.701296666666666
2024-09-17 00:00:00+00:00,-5.14866
2024-09-17 01:00:00+00:00,-6.38922
2024-09-17 02:00:00+00:00,-7.62978
2024-09-17 03:00:00+00:00,-8.87034
2024-09-17 04:00:00+00:00,-8.63293
2024-09-17 05:00:00+00:00,-8.395520000000001
2024-09-17 06:00:00+00:00,-8.15811
2024-09-17 07:00:00+00:00,-7.479056666666667
2024-09-17 08:00:00+00:00,-6.800003333333334
2024-09-17 09:00:00+00:00,-6.12095
2024-09-17 10:00:00+00:00,-4.513123333333333
2024-09-17 11:00:00+00:00,-2.905296666666666
2024-09-17 12:00:00+00:00,-1.29747
2024-09-17 13:00:00+00:00,-1.2127666666666665
2024-09-17 14:00:00+00:00,-1.1280633333333334
2024-09-17 15:00:00+00:00,-1.04336
2024-09-17 16:00:00+00:00,-0.45835499999999996
2024-09-17 17:00:00+00:00,0.12665000000000015
2024-09-17 18:00:00+00:00,0.711655
2024-09-17 19:00:00+00:00,1.957066666666667
2024-09-17 20:00:00+00:00,3.2024783333333335
2024-09-17 21:00:00+00:00,4.44789
2024-09-17 22:00:00+00:00,2.384466666666667
2024-09-17 23:00:00+00:00,0.3210433333333338
2024-09-18 00:00:00+00:00,-1.74238
2024-09-18 01:00:00+00:00,-2.1451966666666666
2024-09-18 02:00:00+00:00,-2.5480133333333335
2024-09-18 03:00:00+00:00,-2.95083
2024-09-18 04:00:00+00:00,-2.7683033333333333
2024-09-18 05:00:00+00:00,-2.5857766666666664
2024-09-18 06:00:00+00:00,-2.40325
2024-09-18 07:00:00+00:00,-1.7600506666666664
2024-09-18 08:00:00+00:00,-1.1168513333333332
2024-09-18 09:00:00+00:00,-0.473652
2024-09-18 10:00:00+00:00,0.10748866666666662
2024-09-18 11:00:00+00:00,0.6886293333333333
2024-09-18 12:00:00+00:00,1.26977
2024-09-18 13:00:00+00:00,1.4442366666666666
2024-09-18 14:00:00+00:00,1.6187033333333334
2024-09-18 15:00:00+00:00,1.79317
2024-09-18 16:00:00+00:00,2.3125299999999998
2024-09-18 17:00:00+00:00,2.8318899999999996
2024-09-18 18:00:00+00:00,3.35125
2024-09-18 19:00:00+00:00,4.923726666666667
2024-09-18 20:00:00+00:00,6.496203333333334
2024-09-18 21:00:00+00:00,8.06868
2024-09-18 22:00:00+00:00,7.397270000000001
2024-09-18 23:00:00+00:00,6.72586
2024-09-19 00:00:00+00:00,6.05445
2024-09-19 01:00:00+00:00,4.293150666666667
2024-09-19 02:00:00+00:00,2.5318513333333335
2024-09-19 03:00:00+00:00,0.770552
2024-09-19 04:00:00+00:00,0.11270466666666668
2024-09-19 05:00:00+00:00,-0.5451426666666667
2024-09-19 06:00:00+00:00,-1.20299
2024-09-19 07:00:00+00:00,-0.28834000000000004
2024-09-19 08:00:00+00:00,0.6263099999999999
2024-09-19 09:00:00+00:00,1.54096
2024-09-19 10:00:00+00:00,1.6411900000000001
2024-09-19 11:00:00+00:00,1.74142
2024-09-19 12:00:00+00:00,1.84165
2024-09-19 13:00:00+00:00,1.9646833333333333
2024-09-19 14:00:00+00:00,2.0877166666666667
2024-09-19 15:00:00+00:00,2.21075
2024-09-19 16:00:00+00:00,3.7739166666666666
2024-09-19 17:00:00+00:00,5.337083333333333
2024-09-19 18:00:00+00:00,6.90025
2024-09-19 19:00:00+00:00,5.230126666666666
2024-09-19 20:00:00+00:00,3.560003333333333
2024-09-19 21:00:00+00:00,1.88988
2024-09-19 22:00:00+00:00,1.4373613333333333
2024-09-19 23:00:00+00:00,0.9848426666666666
2024-09-20 00:00:00+00:00,0.532324
2024-09-20 01:00:00+00:00,0.22814833333333334
2024-09-20 02:00:00+00:00,-0.07602733333333334
2024-09-20 03:00:00+00:00,-0.380203
2024-09-20 04:00:00+00:00,-0.337173
2024-09-20 05:00:00+00:00,-0.294143
2024-09-20 06:00:00+00:00,-0.251113
2024-09-20 07:00:00+00:00,0.5392313333333334
2024-09-20 08:00:00+00:00,1.329575666666667
2024-09-20 09:00:00+00:00,2.11992
2024-09-20 10:00:00+00:00,2.485203333333333
2024-09-20 11:00:00+00:00,2.850486666666667
2024-09-20 12:00:00+00:00,3.21577
2024-09-20 13:00:00+00:00,3.26902
2024-09-20 14:00:00+00:00,3.32227
2024-09-20 15:00:00+00:00,3.37552
2024-09-20 16:00:00+00:00,2.2228255
2024-09-20 17:00:00+00:00,1.070131
2024-09-20 18:00:00+00:00,-0.0825635
2024-09-20 19:00:00+00:00,-0.8009189999999999
2024-09-20 20:00:00+00:00,-1.5192744999999999
2024-09-20 21:00:00+00:00,-2.23763
2024-09-20 22:00:00+00:00,-2.348933333333333
2024-09-20 23:00:00+00:00,-2.460236666666667
2024-09-21 00:00:00+00:00,-2.57154
2024-09-21 01:00:00+00:00,-1.6381083333333333
2024-09-21 02:00:00+00:00,-0.7046766666666666
2024-09-21 03:00:00+00:00,0.228755
2024-09-21 04:00:00+00:00,0.01256199999999999
2024-09-21 05:00:00+00:00,-0.203631
2024-09-21 06:00:00+00:00,-0.419824
2024-09-21 07:00:00+00:00,0.12754066666666664
2024-09-21 08:00:00+00:00,0.6749053333333332
2024-09-21 09:00:00+00:00,1.22227
2024-09-21 10:00:00+00:00,1.5163333333333333
2024-09-21 11:00:00+00:00,1.8103966666666667
2024-09-21 12:00:00+00:00,2.10446
2024-09-21 13:00:00+00:00,3.6696266666666664
2024-09-21 14:00:00+00:00,5.234793333333332
2024-09-21 15:00:00+00:00,6.79996
2024-09-21 16:00:00+00:00,5.243323333333333
2024-09-21 17:00:00+00:00,3.6866866666666662
2024-09-21 18:00:00+00:00,2.13005
2024-09-21 19:00:00+00:00,1.9472733333333334
2024-09-21 20:00:00+00:00,1.7644966666666668
2024-09-21 21:00:00+00:00,1.58172
2024-09-21 22:00:00+00:00,1.50538
2024-09-21 23:00:00+00:00,1.42904
2024-09-22 00:00:00+00:00,1.3527
2024-09-22 01:00:00+00:00,1.5842866666666666
2024-09-22 02:00:00+00:00,1.8158733333333335
2024-09-22 03:00:00+00:00,2.04746
2024-09-22 04:00:00+00:00,2.3963266666666665
2024-09-22 05:00:00+00:00,2.7451933333333334
2024-09-22 06:00:00+00:00,3.09406
2024-09-22 07:00:00+00:00,2.4998533333333333
2024-09-22 08:00:00+00:00,1.9056466666666665
2024-09-22 09:00:00+00:00,1.31144
2024-09-22 10:00:00+00:00,2.1530033333333334
2024-09-22 11:00:00+00:00,2.9945666666666666
2024-09-22 12:00:00+00:00,3.83613
2024-09-22 13:00:00+00:00,4.1617766666666665
2024-09-22 14:00:00+00:00,4.487423333333333
2024-09-22 15:00:00+00:00,4.81307
2024-09-22 16:00:00+00:00,4.8879399999999995
2024-09-22 17:00:00+00:00,4.96281
2024-09-22 18:00:00+00:00,5.03768
2024-09-22 19:00:00+00:00,4.04658
2024-09-22 20:00:00+00:00,3.05548
2024-09-22 21:00:00+00:00,2.06438
2024-09-22 22:00:00+00:00,1.2409196666666666
2024-09-22 23:00:00+00:00,0.4174593333333334
2024-09-23 00:00:00+00:00,-0.406001
2024-09-23 01:00:00+00:00,-0.21094966666666667
2024-09-23 02:00:00+00:00,-0.015898333333333348
2024-09-23 03:00:00+00:00,0.179153
2024-09-23 04:00:00+00:00,-0.13460100000000003
2024-09-23 05:00:00+00:00,-0.44835500000000006
2024-09-23 06:00:00+00:00,-0.762109
2024-09-23 07:00:00+00:00,-0.7089703333333334
2024-09-23 08:00:00+00:00,-0.6558316666666667
2024-09-23 09:00:00+00:00,-0.602693
2024-09-23 10:00:00+00:00,0.26531133333333334
2024-09-23 11:00:00+00:00,1.1333156666666668
2024-09-23 12:00:00+00:00,2.00132
2024-09-23 13:00:00+00:00,2.31405
2024-09-23 14:00:00+00:00,2.62678
2024-09-23 15:00:00+00:00,2.93951
2024-09-23 16:00:00+00:00,3.12708
2024-09-23 17:00:00+00:00,3.31465
2024-09-23 18:00:00+00:00,3.50222
2024-09-23 19:00:00+00:00,3.3525899999999997
2024-09-23 20:00:00+00:00,3.20296
2024-09-23 21:00:00+00:00,3.05333
2024-09-23 22:00:00+00:00,2.9807099999999997
2024-09-23 23:00:00+00:00,2.90809
2024-09-24 00:00:00+00:00,2.83547
2024-09-24 01:00:00+00:00,2.582613333333333
2024-09-24 02:00:00+00:00,2.329756666666667
2024-09-24 03:00:00+00:00,2.0769
2024-09-24 04:00:00+00:00,1.96005
2024-09-24 05:00:00+00:00,1.8432000000000002
2024-09-24 06:00:00+00:00,1.72635
2024-09-24 07:00:00+00:00,1.8429233333333335
2024-09-24 08:00:00+00:00,1.9594966666666667
2024-09-24 09:00:00+00:00,2.07607
2024-09-24 10:00:00+00:00,2.3629633333333335
2024-09-24 11:00:00+00:00,2.6498566666666665
2024-09-24 12:00:00+00:00,2.93675
2024-09-24 13:00:00+00:00,3.3394566666666665
2024-09-24 14:00:00+00:00,3.7421633333333335
2024-09-24 15:00:00+00:00,4.14487
2024-09-24 16:00:00+00:00,4.85707
2024-09-24 17:00:00+00:00,5.5692699999999995
2024-09-24 18:00:00+00:00,6.28147
2024-09-24 19:00:00+00:00,5.756833333333333
2024-09-24 20:00:00+00:00,5.232196666666667
2024-09-24 21:00:00+00:00,4.70756
2024-09-24 22:00:00+00:00,4.247236666666667
2024-09-24 23:00:00+00:00,3.786913333333333
2024-09-25 00:00:00+00:00,3.32659
2024-09-25 01:00:00+00:00,3.560643333333333
2024-09-25 02:00:00+00:00,3.7946966666666664
2024-09-25 03:00:00+00:00,4.02875
2024-09-25 04:00:00+00:00,4.091959999999999
2024-09-25 05:00:00+00:00,4.15517
2024-09-25 06:00:00+00:00,4.21838
2024-09-25 07:00:00+00:00,4.367423333333333
2024-09-25 08:00:00+00:00,4.516466666666667
2024-09-25 09:00:00+00:00,4.66551
2024-09-25 10:00:00+00:00,4.4487000000000005
2024-09-25 11:00:00+00:00,4.23189
2024-09-25 12:00:00+00:00,4.01508
2024-09-25 13:00:00+00:00,4.57052
2024-09-25 14:00:00+00:00,5.12596
2024-09-25 15:00:00+00:00,5.6814
2024-09-25 16:00:00+00:00,5.429703333333333
2024-09-25 17:00:00+00:00,5.178006666666667
2024-09-25 18:00:00+00:00,4.92631
2024-09-25 19:00:00+00:00,5.308296666666666
2024-09-25 20:00:00+00:00,5.690283333333333
2024-09-25 21:00:00+00:00,6.07227
2024-09-25 22:00:00+00:00,6.509303333333333
2024-09-25 23:00:00+00:00,6.946336666666666
2024-09-26 00:00:00+00:00,7.38337
2024-09-26 01:00:00+00:00,7.468333333333334
2024-09-26 02:00:00+00:00,7.553296666666666
2024-09-26 03:00:00+00:00,7.63826
2024-09-26 04:00:00+00:00,7.478746666666667
2024-09-26 05:00:00+00:00,7.319233333333333
2024-09-26 06:00:00+00:00,7.15972
2024-09-26 07:00:00+00:00,7.90506
2024-09-26 08:00:00+00:00,8.6504
2024-09-26 09:00:00+00:00,9.39574
2024-09-26 10:00:00+00:00,8.36979
2024-09-26 11:00:00+00:00,7.34384
2024-09-26 12:00:00+00:00,6.31789
2024-09-26 13:00:00+00:00,6.260066666666667
2024-09-26 14:00:00+00:00,6.2022433333333336
2024-09-26 15:00:00+00:00,6.14442
2024-09-26 16:00:00+00:00,6.160856666666667
2024-09-26 17:00:00+00:00,6.177293333333334
2024-09-26 18:00:00+00:00,6.19373
2024-09-26 19:00:00+00:00,6.277493333333334
2024-09-26 20:00:00+00:00,6.361256666666667
2024-09-26 21:00:00+00:00,6.44502
2024-09-26 22:00:00+00:00,6.1923433333333335
2024-09-26 23:00:00+00:00,5.939666666666667
2024-09-27 00:00:00+00:00,5.68699
2024-09-27 01:00:00+00:00,4.72136
2024-09-27 02:00:00+00:00,3.75573
2024-09-27 03:00:00+00:00,2.7901
2024-09-27 04:00:00+00:00,2.089611
2024-09-27 05:00:00+00:00,1.3891220000000002
2024-09-27 06:00:00+00:00,0.688633
2024-09-27 07:00:00+00:00,-0.5240946666666666
2024-09-27 08:00:00+00:00,-1.7368223333333332
2024-09-27 09:00:00+00:00,-2.94955
2024-09-27 10:00:00+00:00,-3.0618833333333333
2024-09-27 11:00:00+00:00,-3.1742166666666667
2024-09-27 12:00:00+00:00,-3.28655
2024-09-27 13:00:00+00:00,-5.22049
2024-09-27 14:00:00+00:00,-7.15443
2024-09-27 15:00:00+00:00,-9.08837
2024-09-27 16:00:00+00:00,-9.366303333333333
2024-09-27 17:00:00+00:00,-9.644236666666666
2024-09-27 18:00:00+00:00,-9.92217
2024-09-27 19:00:00+00:00,-9.015123333333333
2024-09-27 20:00:00+00:00,-8.108076666666667
2024-09-27 21:00:00+00:00,-7.20103
2024-09-27 22:00:00+00:00,-6.042826666666667
2024-09-27 23:00:00+00:00,-4.884623333333334
2024-09-28 00:00:00+00:00,-3.72642
2024-09-28 01:00:00+00:00,-4.022953333333334
2024-09-28 02:00:00+00:00,-4.319486666666666
2024-09-28 03:00:00+00:00,-4.61602
2024-09-28 04:00:00+00:00,-4.23116
2024-09-28 05:00:00+00:00,-3.8463
2024-09-28 06:00:00+00:00,-3.46144
2024-09-28 07:00:00+00:00,-3.6877233333333335
2024-09-28 08:00:00+00:00,-3.914006666666667
2024-09-28 09:00:00+00:00,-4.14029
2024-09-28 10:00:00+00:00,-3.8065100000000003
2024-09-28 11:00:00+00:00,-3.47273
2024-09-28 12:00:00+00:00,-3.13895
2024-09-28 13:00:00+00:00,-2.9937066666666667
2024-09-28 14:00:00+00:00,-2.848463333333333
2024-09-28 15:00:00+00:00,-2.70322
2024-09-28 16:00:00+00:00,-2.44312
2024-09-28 17:00:00+00:00,-2.18302
2024-09-28 18:00:00+00:00,-1.92292
2024-09-28 19:00:00+00:00,-2.04881
2024-09-28 20:00:00+00:00,-2.1747
2024-09-28 21:00:00+00:00,-2.30059
2024-09-28 22:00:00+00:00,-1.9597466666666667
2024-09-28 23:00:00+00:00,-1.6189033333333334
2024-09-29 00:00:00+00:00,-1.27806
2024-09-29 01:00:00+00:00,-1.45789
2024-09-29 02:00:00+00:00,-1.63772
2024-09-29 03:00:00+00:00,-1.81755
2024-09-29 04:00:00+00:00,-0.8309333333333332
2024-09-29 05:00:00+00:00,0.15568333333333362
2024-09-29 06:00:00+00:00,1.1423
2024-09-29 07:00:00+00:00,0.9002256666666667
2024-09-29 08:00:00+00:00,0.6581513333333333
2024-09-29 09:00:00+00:00,0.416077
2024-09-29 10:00:00+00:00,0.38547066666666663
2024-09-29 11:00:00+00:00,0.35486433333333334
2024-09-29 12:00:00+00:00,0.324258
2024-09-29 13:00:00+00:00,0.6404653333333333
2024-09-29 14:00:00+00:00,0.9566726666666667
2024-09-29 15:00:00+00:00,1.27288
2024-09-29 16:00:00+00:00,1.26369
2024-09-29 17:00:00+00:00,1.2545
2024-09-29 18:00:00+00:00,1.24531
2024-09-29 19:00:00+00:00,1.2022199999999998
2024-09-29 20:00:00+00:00,1.15913
2024-09-29 21:00:00+00:00,1.11604
2024-09-29 22:00:00+00:00,0.9804946666666666
2024-09-29 23:00:00+00:00,0.8449493333333333
2024-09-30 00:00:00+00:00,0.709404
2024-09-30 01:00:00+00:00,0.5977183333333334
2024-09-30 02:00:00+00:00,0.48603266666666667
2024-09-30 03:00:00+00:00,0.374347
2024-09-30 04:00:00+00:00,-0.059279666666666675
2024-09-30 05:00:00+00:00,-0.49290633333333334
2024-09-30 06:00:00+00:00,-0.926533
2024-09-30 07:00:00+00:00,-0.7961483333333333
2024-09-30 08:00:00+00:00,-0.6657636666666666
2024-09-30 09:00:00+00:00,-0.535379
2024-09-30 10:00:00+00:00,-0.2927846666666667
2024-09-30 11:00:00+00:00,-0.05019033333333334
2024-09-30 12:00:00+00:00,0.192404
2024-09-30 13:00:00+00:00,0.262886
2024-09-30 14:00:00+00:00,0.333368
2024-09-30 15:00:00+00:00,0.40385
2024-09-30 16:00:00+00:00,1.09888
2024-09-30 17:00:00+00:00,1.7939100000000001
2024-09-30 18:00:00+00:00,2.48894
2024-09-30 19:00:00+00:00,2.0513333333333335
2024-09-30 20:00:00+00:00,1.6137266666666665
2024-09-30 21:00:00+00:00,1.17612
2024-09-30 22:00:00+00:00,1.2683666666666666
2024-09-30 23:00:00+00:00,1.3606133333333335
2024-10-01 00:00:00+00:00,1.45286
2024-10-01 01:00:00+00:00,1.3757333333333333
2024-10-01 02:00:00+00:00,1.2986066666666667
2024-10-01 03:00:00+00:00,1.22148
2024-10-01 04:00:00+00:00,1.1998033333333333
2024-10-01 05:00:00+00:00,1.1781266666666665
2024-10-01 06:00:00+00:00,1.15645
2024-10-01 07:00:00+00:00,1.54087
2024-10-01 08:00:00+00:00,1.92529
2024-10-01 09:00:00+00:00,2.30971
2024-10-01 10:00:00+00:00,2.0964
2024-10-01 11:00:00+00:00,1.88309
2024-10-01 12:00:00+00:00,1.66978
2024-10-01 13:00:00+00:00,1.5240766666666667
2024-10-01 14:00:00+00:00,1.3783733333333332
2024-10-01 15:00:00+00:00,1.23267
2024-10-01 16:00:00+00:00,-0.5249133333333331
2024-10-01 17:00:00+00:00,-2.282496666666666
2024-10-01 18:00:00+00:00,-4.04008
2024-10-01 19:00:00+00:00,-3.86841
2024-10-01 20:00:00+00:00,-3.6967399999999997
2024-10-01 21:00:00+00:00,-3.52507
2024-10-01 22:00:00+00:00,-3.04561
2024-10-01 23:00:00+00:00,-2.56615
2024-10-02 00:00:00+00:00,-2.08669
2024-10-02 01:00:00+00:00,-1.5724303333333332
2024-10-02 02:00:00+00:00,-1.0581706666666666
2024-10-02 03:00:00+00:00,-0.543911
2024-10-02 04:00:00+00:00,-0.029060666666666735
2024-10-02 05:00:00+00:00,0.48578966666666656
2024-10-02 06:00:00+00:00,1.00064
2024-10-02 07:00:00+00:00,1.3560366666666666
2024-10-02 08:00:00+00:00,1.7114333333333334
2024-10-02 09:00:00+00:00,2.06683
2024-10-02 10:00:00+00:00,2.47608
2024-10-02 11:00:00+00:00,2.8853299999999997
2024-10-02 12:00:00+00:00,3.29458
2024-10-02 13:00:00+00:00,3.6244866666666664
2024-10-02 14:00:00+00:00,3.9543933333333334
2024-10-02 15:00:00+00:00,4.2843
2024-10-02 16:00:00+00:00,4.0479433333333334
2024-10-02 17:00:00+00:00,3.8115866666666665
2024-10-02 18:00:00+00:00,3.57523
2024-10-02 19:00:00+00:00,2.658234333333333
2024-10-02 20:00:00+00:00,1.7412386666666666
2024-10-02 21:00:00+00:00,0.824243
2024-10-02 22:00:00+00:00,-1.114678
2024-10-02 23:00:00+00:00,-3.0535989999999997
2024-10-03 00:00:00+00:00,-4.99252
2024-10-03 01:00:00+00:00,-5.223246666666666
2024-10-03 02:00:00+00:00,-5.453973333333334
2024-10-03 03:00:00+00:00,-5.6847
2024-10-03 04:00:00+00:00,-5.5363500000000005
2024-10-03 05:00:00+00:00,-5.388
2024-10-03 06:00:00+00:00,-5.23965
2024-10-03 07:00:00+00:00,-5.514496666666667
2024-10-03 08:00:00+00:00,-5.789343333333333
2024-10-03 09:00:00+00:00,-6.06419
2024-10-03 10:00:00+00:00,-5.94355
2024-10-03 11:00:00+00:00,-5.82291
2024-10-03 12:00:00+00:00,-5.70227
2024-10-03 13:00:00+00:00,-5.536973333333334
2024-10-03 14:00:00+00:00,-5.371676666666667
2024-10-03 15:00:00+00:00,-5.20638
2024-10-03 16:00:00+00:00,-5.10544
2024-10-03 17:00:00+00:00,-5.0045
2024-10-03 18:00:00+00:00,-4.90356
2024-10-03 19:00:00+00:00,-5.1642133333333335
2024-10-03 20:00:00+00:00,-5.4248666666666665
2024-10-03 21:00:00+00:00,-5.68552
2024-10-03 22:00:00+00:00,-3.986723333333334
2024-10-03 23:00:00+00:00,-2.287926666666667
2024-10-04 00:00:00+00:00,-0.58913
2024-10-04 01:00:00+00:00,-0.74836
2024-10-04 02:00:00+00:00,-0.9075900000000001
2024-10-04 03:00:00+00:00,-1.06682
2024-10-04 04:00:00+00:00,-0.7389009000000001
2024-10-04 05:00:00+00:00,-0.41098180000000006
2024-10-04 06:00:00+00:00,-0.0830627
2024-10-04 07:00:00+00:00,-0.09802446666666667
2024-10-04 08:00:00+00:00,-0.11298623333333334
2024-10-04 09:00:00+00:00,-0.127948
2024-10-04 10:00:00+00:00,-0.20272433333333334
2024-10-04 11:00:00+00:00,-0.2775006666666667
2024-10-04 12:00:00+00:00,-0.352277
2024-10-04 13:00:00+00:00,0.8183353333333334
2024-10-04 14:00:00+00:00,1.9889476666666668
2024-10-04 15:00:00+00:00,3.15956
2024-10-04 16:00:00+00:00,3.033863333333333
2024-10-04 17:00:00+00:00,2.908166666666667
2024-10-04 18:00:00+00:00,2.78247
2024-10-04 19:00:00+00:00,0.44860333333333324
2024-10-04 20:00:00+00:00,-1.8852633333333335
2024-10-04 21:00:00+00:00,-4.21913
2024-10-04 22:00:00+00:00,-3.4182066666666664
2024-10-04 23:00:00+00:00,-2.617283333333333
2024-10-05 00:00:00+00:00,-1.81636
2024-10-05 01:00:00+00:00,-0.891984
2024-10-05 02:00:00+00:00,0.032391999999999976
2024-10-05 03:00:00+00:00,0.956768
2024-10-05 04:00:00+00:00,0.8154886666666666
2024-10-05 05:00:00+00:00,0.6742093333333333
2024-10-05 06:00:00+00:00,0.53293
2024-10-05 07:00:00+00:00,0.687137
2024-10-05 08:00:00+00:00,0.841344
2024-10-05 09:00:00+00:00,0.995551
2024-10-05 10:00:00+00:00,1.3593106666666666
2024-10-05 11:00:00+00:00,1.7230703333333333
2024-10-05 12:00:00+00:00,2.08683
2024-10-05 13:00:00+00:00,2.392253333333333
2024-10-05 14:00:00+00:00,2.6976766666666667
2024-10-05 15:00:00+00:00,3.0031
2024-10-05 16:00:00+00:00,3.4611666666666667
2024-10-05 17:00:00+00:00,3.919233333333333
2024-10-05 18:00:00+00:00,4.3773
2024-10-05 19:00:00+00:00,4.680213333333334
2024-10-05 20:00:00+00:00,4.983126666666666
2024-10-05 21:00:00+00:00,5.28604
2024-10-05 22:00:00+00:00,5.0884366666666665
2024-10-05 23:00:00+00:00,4.890833333333333
2024-10-06 00:00:00+00:00,4.69323
2024-10-06 01:00:00+00:00,4.285563333333333
2024-10-06 02:00:00+00:00,3.8778966666666665
2024-10-06 03:00:00+00:00,3.47023
2024-10-06 04:00:00+00:00,3.6780633333333332
2024-10-06 05:00:00+00:00,3.8858966666666666
2024-10-06 06:00:00+00:00,4.09373
2024-10-06 07:00:00+00:00,4.59597
2024-10-06 08:00:00+00:00,5.09821
2024-10-06 09:00:00+00:00,5.60045
2024-10-06 10:00:00+00:00,5.677603333333334
2024-10-06 11:00:00+00:00,5.754756666666666
2024-10-06 12:00:00+00:00,5.83191
2024-10-06 13:00:00+00:00,5.49697
2024-10-06 14:00:00+00:00,5.16203
2024-10-06 15:00:00+00:00,4.82709
2024-10-06 16:00:00+00:00,4.118236666666666
2024-10-06 17:00:00+00:00,3.4093833333333334
2024-10-06 18:00:00+00:00,2.70053
2024-10-06 19:00:00+00:00,3.9938433333333334
2024-10-06 20:00:00+00:00,5.287156666666666
2024-10-06 21:00:00+00:00,6.58047
2024-10-06 22:00:00+00:00,6.20458
2024-10-06 23:00:00+00:00,5.82869
2024-10-07 00:00:00+00:00,5.4528
2024-10-07 01:00:00+00:00,4.77669
2024-10-07 02:00:00+00:00,4.10058
2024-10-07 03:00:00+00:00,3.42447
2024-10-07 04:00:00+00:00,3.7864766666666667
2024-10-07 05:00:00+00:00,4.148483333333333
2024-10-07 06:00:00+00:00,4.51049
2024-10-07 07:00:00+00:00,4.16089
2024-10-07 08:00:00+00:00,3.81129
2024-10-07 09:00:00+00:00,3.46169
2024-10-07 10:00:00+00:00,5.496
2024-10-07 11:00:00+00:00,7.53031
2024-10-07 12:00:00+00:00,9.56462
2024-10-07 13:00:00+00:00,6.696112333333334
2024-10-07 14:00:00+00:00,3.8276046666666668
2024-10-07 15:00:00+00:00,0.959097
2024-10-07 16:00:00+00:00,2.1630146666666668
2024-10-07 17:00:00+00:00,3.366932333333333
2024-10-07 18:00:00+00:00,4.57085
2024-10-07 19:00:00+00:00,4.604863333333333
2024-10-07 20:00:00+00:00,4.6388766666666665
2024-10-07 21:00:00+00:00,4.67289
2024-10-07 22:00:00+00:00,4.768283333333333
2024-10-07 23:00:00+00:00,4.863676666666667
2024-10-08 00:00:00+00:00,4.95907
2024-10-08 01:00:00+00:00,4.724013333333333
2024-10-08 02:00:00+00:00,4.488956666666667
2024-10-08 03:00:00+00:00,4.2539
2024-10-08 04:00:00+00:00,4.406783333333333
2024-10-08 05:00:00+00:00,4.559666666666667
2024-10-08 06:00:00+00:00,4.71255
2024-10-08 07:00:00+00:00,4.630166666666667
2024-10-08 08:00:00+00:00,4.547783333333333
2024-10-08 09:00:00+00:00,4.4654
2024-10-08 10:00:00+00:00,4.919033333333333
2024-10-08 11:00:00+00:00,5.3726666666666665
2024-10-08 12:00:00+00:00,5.8263
2024-10-08 13:00:00+00:00,6.013996666666666
2024-10-08 14:00:00+00:00,6.201693333333333
2024-10-08 15:00:00+00:00,6.38939
2024-10-08 16:00:00+00:00,5.729923333333333
2024-10-08 17:00:00+00:00,5.070456666666667
2024-10-08 18:00:00+00:00,4.41099
2024-10-08 19:00:00+00:00,5.826383333333333
2024-10-08 20:00:00+00:00,7.2417766666666665
2024-10-08 21:00:00+00:00,8.65717
2024-10-08 22:00:00+00:00,8.480733333333333
2024-10-08 23:00:00+00:00,8.304296666666668
2024-10-09 00:00:00+00:00,8.12786
2024-10-09 01:00:00+00:00,8.436853333333334
2024-10-09 02:00:00+00:00,8.745846666666667
2024-10-09 03:00:00+00:00,9.05484
2024-10-09 04:00:00+00:00,10.044093333333334
2024-10-09 05:00:00+00:00,11.033346666666667
2024-10-09 06:00:00+00:00,12.0226
2024-10-09 07:00:00+00:00,12.921466666666667
2024-10-09 08:00:00+00:00,13.820333333333334
2024-10-09 09:00:00+00:00,14.7192
2024-10-09 10:00:00+00:00,15.625233333333334
2024-10-09 11:00:00+00:00,16.531266666666667
2024-10-09 12:00:00+00:00,17.4373
2024-10-09 13:00:00+00:00,15.232933333333333
2024-10-09 14:00:00+00:00,13.028566666666666
2024-10-09 15:00:00+00:00,10.8242
2024-10-09 16:00:00+00:00,9.526586666666667
2024-10-09 17:00:00+00:00,8.228973333333332
2024-10-09 18:00:00+00:00,6.93136
2024-10-09 19:00:00+00:00,3.989233333333333
2024-10-09 20:00:00+00:00,1.0471066666666662
2024-10-09 21:00:00+00:00,-1.89502
2024-10-09 22:00:00+00:00,-2.0532
2024-10-09 23:00:00+00:00,-2.21138
2024-10-10 00:00:00+00:00,-2.36956
2024-10-10 01:00:00+00:00,-1.76628
2024-10-10 02:00:00+00:00,-1.163
2024-10-10 03:00:00+00:00,-0.55972
2024-10-10 04:00:00+00:00,-1.52604
2024-10-10 05:00:00+00:00,-2.49236
2024-10-10 06:00:00+00:00,-3.45868
2024-10-10 07:00:00+00:00,-3.00177
2024-10-10 08:00:00+00:00,-2.5448600000000003
2024-10-10 09:00:00+00:00,-2.08795
2024-10-10 10:00:00+00:00,-0.5179466666666668
2024-10-10 11:00:00+00:00,1.0520566666666666
2024-10-10 12:00:00+00:00,2.62206
2024-10-10 13:00:00+00:00,2.3580866666666664
2024-10-10 14:00:00+00:00,2.0941133333333335
2024-10-10 15:00:00+00:00,1.83014
2024-10-10 16:00:00+00:00,2.1976066666666667
2024-10-10 17:00:00+00:00,2.5650733333333333
2024-10-10 18:00:00+00:00,2.93254
2024-10-10 19:00:00+00:00,2.4027666666666665
2024-10-10 20:00:00+00:00,1.8729933333333333
2024-10-10 21:00:00+00:00,1.34322
2024-10-10 22:00:00+00:00,1.56274
2024-10-10 23:00:00+00:00,1.7822600000000002
2024-10-11 00:00:00+00:00,2.00178
2024-10-11 01:00:00+00:00,1.4805130000000002
2024-10-11 02:00:00+00:00,0.959246
2024-10-11 03:00:00+00:00,0.437979
2024-10-11 04:00:00+00:00,0.936746
2024-10-11 05:00:00+00:00,1.4355129999999998
2024-10-11 06:00:00+00:00,1.93428
2024-10-11 07:00:00+00:00,1.9217
2024-10-11 08:00:00+00:00,1.90912
2024-10-11 09:00:00+00:00,1.89654
2024-10-11 10:00:00+00:00,2.6473366666666664
2024-10-11 11:00:00+00:00,3.398133333333333
2024-10-11 12:00:00+00:00,4.14893
2024-10-11 13:00:00+00:00,4.112786666666667
2024-10-11 14:00:00+00:00,4.076643333333333
2024-10-11 15:00:00+00:00,4.0405
2024-10-11 16:00:00+00:00,2.6824980333333333
2024-10-11 17:00:00+00:00,1.3244960666666667
2024-10-11 18:00:00+00:00,-0.0335059
2024-10-11 19:00:00+00:00,2.9143127333333334
2024-10-11 20:00:00+00:00,5.8621313666666675
2024-10-11 21:00:00+00:00,8.80995
2024-10-11 22:00:00+00:00,8.305816666666667
2024-10-11 23:00:00+00:00,7.801683333333334
2024-10-12 00:00:00+00:00,7.29755
2024-10-12 01:00:00+00:00,7.18098
2024-10-12 02:00:00+00:00,7.0644100000000005
2024-10-12 03:00:00+00:00,6.94784
2024-10-12 04:00:00+00:00,6.566243333333333
2024-10-12 05:00:00+00:00,6.184646666666667
2024-10-12 06:00:00+00:00,5.80305
2024-10-12 07:00:00+00:00,6.627913333333333
2024-10-12 08:00:00+00:00,7.452776666666667
2024-10-12 09:00:00+00:00,8.27764
2024-10-12 10:00:00+00:00,7.5549
2024-10-12 11:00:00+00:00,6.83216
2024-10-12 12:00:00+00:00,6.10942
2024-10-12 13:00:00+00:00,5.3127466666666665
2024-10-12 14:00:00+00:00,4.516073333333333
2024-10-12 15:00:00+00:00,3.7194
2024-10-12 16:00:00+00:00,4.431993333333333
2024-10-12 17:00:00+00:00,5.144586666666666
2024-10-12 18:00:00+00:00,5.85718
2024-10-12 19:00:00+00:00,3.954296666666666
2024-10-12 20:00:00+00:00,2.051413333333333
2024-10-12 21:00:00+00:00,0.14853
2024-10-12 22:00:00+00:00,0.285987
2024-10-12 23:00:00+00:00,0.423444
2024-10-13 00:00:00+00:00,0.560901
2024-10-13 01:00:00+00:00,0.5996516666666667
2024-10-13 02:00:00+00:00,0.6384023333333333
2024-10-13 03:00:00+00:00,0.677153
2024-10-13 04:00:00+00:00,-0.14474133333333328
2024-10-13 05:00:00+00:00,-0.9666356666666666
2024-10-13 06:00:00+00:00,-1.78853
2024-10-13 07:00:00+00:00,-1.4809773333333334
2024-10-13 08:00:00+00:00,-1.1734246666666666
2024-10-13 09:00:00+00:00,-0.865872
2024-10-13 10:00:00+00:00,-0.35363633333333333
2024-10-13 11:00:00+00:00,0.15859933333333331
2024-10-13 12:00:00+00:00,0.670835
2024-10-13 13:00:00+00:00,0.89654
2024-10-13 14:00:00+00:00,1.122245
2024-10-13 15:00:00+00:00,1.34795
2024-10-13 16:00:00+00:00,-0.24453999999999998
2024-10-13 17:00:00+00:00,-1.83703
2024-10-13 18:00:00+00:00,-3.42952
2024-10-13 19:00:00+00:00,-3.18162
2024-10-13 20:00:00+00:00,-2.93372
2024-10-13 21:00:00+00:00,-2.68582
2024-10-13 22:00:00+00:00,-2.152746666666667
2024-10-13 23:00:00+00:00,-1.6196733333333333
2024-10-14 00:00:00+00:00,-1.0866
2024-10-14 01:00:00+00:00,-1.3224933333333333
2024-10-14 02:00:00+00:00,-1.5583866666666668
2024-10-14 03:00:00+00:00,-1.79428
2024-10-14 04:00:00+00:00,-1.2719866666666668
2024-10-14 05:00:00+00:00,-0.7496933333333333
2024-10-14 06:00:00+00:00,-0.2274
2024-10-14 07:00:00+00:00,-1.2001533333333334
2024-10-14 08:00:00+00:00,-2.1729066666666665
2024-10-14 09:00:00+00:00,-3.14566
2024-10-14 10:00:00+00:00,-2.0431246666666665
2024-10-14 11:00:00+00:00,-0.9405893333333335
2024-10-14 12:00:00+00:00,0.161946
2024-10-14 13:00:00+00:00,-0.9450826666666666
2024-10-14 14:00:00+00:00,-2.0521113333333334
2024-10-14 15:00:00+00:00,-3.15914
2024-10-14 16:00:00+00:00,-3.3971866666666664
2024-10-14 17:00:00+00:00,-3.6352333333333333
2024-10-14 18:00:00+00:00,-3.87328
2024-10-14 19:00:00+00:00,-2.815328666666667
2024-10-14 20:00:00+00:00,-1.7573773333333333
2024-10-14 21:00:00+00:00,-0.699426
2024-10-14 22:00:00+00:00,0.9884459999999998
2024-10-14 23:00:00+00:00,2.6763179999999998
2024-10-15 00:00:00+00:00,4.36419
2024-10-15 01:00:00+00:00,5.4487
2024-10-15 02:00:00+00:00,6.53321
2024-10-15 03:00:00+00:00,7.61772
2024-10-15 04:00:00+00:00,7.866093333333334
2024-10-15 05:00:00+00:00,8.114466666666667
2024-10-15 06:00:00+00:00,8.36284
2024-10-15 07:00:00+00:00,8.733006666666666
2024-10-15 08:00:00+00:00,9.103173333333334
2024-10-15 09:00:00+00:00,9.47334
2024-10-15 10:00:00+00:00,9.271230000000001
2024-10-15 11:00:00+00:00,9.06912
2024-10-15 12:00:00+00:00,8.86701
2024-10-15 13:00:00+00:00,7.827
2024-10-15 14:00:00+00:00,6.786989999999999
2024-10-15 15:00:00+00:00,5.74698
2024-10-15 16:00:00+00:00,5.322466666666666
2024-10-15 17:00:00+00:00,4.897953333333334
2024-10-15 18:00:00+00:00,4.47344
2024-10-15 19:00:00+00:00,5.562683333333333
2024-10-15 20:00:00+00:00,6.651926666666666
2024-10-15 21:00:00+00:00,7.74117
2024-10-15 22:00:00+00:00,8.325626666666667
2024-10-15 23:00:00+00:00,8.910083333333334
2024-10-16 00:00:00+00:00,9.49454
2024-10-16 01:00:00+00:00,10.748293333333335
2024-10-16 02:00:00+00:00,12.002046666666667
2024-10-16 03:00:00+00:00,13.2558
2024-10-16 04:00:00+00:00,14.388166666666667
2024-10-16 05:00:00+00:00,15.520533333333333
2024-10-16 06:00:00+00:00,16.6529
2024-10-16 07:00:00+00:00,13.326833333333333
2024-10-16 08:00:00+00:00,10.000766666666667
2024-10-16 09:00:00+00:00,6.6747
2024-10-16 10:00:00+00:00,6.5640366666666665
2024-10-16 11:00:00+00:00,6.453373333333333
2024-10-16 12:00:00+00:00,6.34271
2024-10-16 13:00:00+00:00,5.901306666666667
2024-10-16 14:00:00+00:00,5.459903333333334
2024-10-16 15:00:00+00:00,5.0185
2024-10-16 16:00:00+00:00,4.77656
2024-10-16 17:00:00+00:00,4.53462
2024-10-16 18:00:00+00:00,4.29268
2024-10-16 19:00:00+00:00,4.424786666666667
2024-10-16 20:00:00+00:00,4.556893333333333
2024-10-16 21:00:00+00:00,4.689
2024-10-16 22:00:00+00:00,5.42939
2024-10-16 23:00:00+00:00,6.16978
2024-10-17 00:00:00+00:00,6.91017
2024-10-17 01:00:00+00:00,6.18942
2024-10-17 02:00:00+00:00,5.4686699999999995
2024-10-17 03:00:00+00:00,4.74792
2024-10-17 04:00:00+00:00,3.4936336666666667
2024-10-17 05:00:00+00:00,2.2393473333333334
2024-10-17 06:00:00+00:00,0.985061
2024-10-17 07:00:00+00:00,1.728094
2024-10-17 08:00:00+00:00,2.471127
2024-10-17 09:00:00+00:00,3.21416
2024-10-17 10:00:00+00:00,1.7263466666666667
2024-10-17 11:00:00+00:00,0.23853333333333326
2024-10-17 12:00:00+00:00,-1.24928
2024-10-17 13:00:00+00:00,-3.3280433333333335
2024-10-17 14:00:00+00:00,-5.406806666666666
2024-10-17 15:00:00+00:00,-7.48557
2024-10-17 16:00:00+00:00,-7.02365
2024-10-17 17:00:00+00:00,-6.56173
2024-10-17 18:00:00+00:00,-6.09981
2024-10-17 19:00:00+00:00,-6.178966666666667
2024-10-17 20:00:00+00:00,-6.258123333333333
2024-10-17 21:00:00+00:00,-6.33728
2024-10-17 22:00:00+00:00,-6.69587
2024-10-17 23:00:00+00:00,-7.05446
2024-10-18 00:00:00+00:00,-7.41305
2024-10-18 01:00:00+00:00,-7.12032
2024-10-18 02:00:00+00:00,-6.82759
2024-10-18 03:00:00+00:00,-6.53486
2024-10-18 04:00:00+00:00,-5.183063333333333
2024-10-18 05:00:00+00:00,-3.8312666666666666
2024-10-18 06:00:00+00:00,-2.47947
2024-10-18 07:00:00+00:00,-1.8494113333333333
2024-10-18 08:00:00+00:00,-1.2193526666666668
2024-10-18 09:00:00+00:00,-0.589294
2024-10-18 10:00:00+00:00,-0.4988653333333333
2024-10-18 11:00:00+00:00,-0.40843666666666667
2024-10-18 12:00:00+00:00,-0.318008
2024-10-18 13:00:00+00:00,-0.6644453333333333
2024-10-18 14:00:00+00:00,-1.0108826666666666
2024-10-18 15:00:00+00:00,-1.35732
2024-10-18 16:00:00+00:00,-0.7418096666666667
2024-10-18 17:00:00+00:00,-0.12629933333333332
2024-10-18 18:00:00+00:00,0.489211
2024-10-18 19:00:00+00:00,0.14082733333333336
2024-10-18 20:00:00+00:00,-0.2075563333333333
2024-10-18 21:00:00+00:00,-0.55594
2024-10-18 22:00:00+00:00,-0.6069506666666666
2024-10-18 23:00:00+00:00,-0.6579613333333334
2024-10-19 00:00:00+00:00,-0.708972
2024-10-19 01:00:00+00:00,-0.6013703333333333
2024-10-19 02:00:00+00:00,-0.49376866666666663
2024-10-19 03:00:00+00:00,-0.386167
2024-10-19 04:00:00+00:00,-0.3884066666666667
2024-10-19 05:00:00+00:00,-0.3906463333333333
2024-10-19 06:00:00+00:00,-0.392886
2024-10-19 07:00:00+00:00,0.10444266666666668
2024-10-19 08:00:00+00:00,0.6017713333333334
2024-10-19 09:00:00+00:00,1.0991
2024-10-19 10:00:00+00:00,1.12883
2024-10-19 11:00:00+00:00,1.15856
2024-10-19 12:00:00+00:00,1.18829
2024-10-19 13:00:00+00:00,1.7328900000000003
2024-10-19 14:00:00+00:00,2.2774900000000002
2024-10-19 15:00:00+00:00,2.82209
2024-10-19 16:00:00+00:00,3.220306666666667
2024-10-19 17:00:00+00:00,3.6185233333333335
2024-10-19 18:00:00+00:00,4.01674
2024-10-19 19:00:00+00:00,3.0190300000000003
2024-10-19 20:00:00+00:00,2.0213200000000002
2024-10-19 21:00:00+00:00,1.02361
2024-10-19 22:00:00+00:00,0.9686119999999999
2024-10-19 23:00:00+00:00,0.913614
2024-10-20 00:00:00+00:00,0.858616
2024-10-20 01:00:00+00:00,1.0976306666666666
2024-10-20 02:00:00+00:00,1.3366453333333335
2024-10-20 03:00:00+00:00,1.57566
2024-10-20 04:00:00+00:00,1.3197946666666667
2024-10-20 05:00:00+00:00,1.0639293333333333
2024-10-20 06:00:00+00:00,0.808064
2024-10-20 07:00:00+00:00,0.7879786666666667
2024-10-20 08:00:00+00:00,0.7678933333333333
2024-10-20 09:00:00+00:00,0.747808
2024-10-20 10:00:00+00:00,0.5747543333333334
2024-10-20 11:00:00+00:00,0.4017006666666667
2024-10-20 12:00:00+00:00,0.228647
2024-10-20 13:00:00+00:00,0.39930866666666665
2024-10-20 14:00:00+00:00,0.5699703333333332
2024-10-20 15:00:00+00:00,0.740632
2024-10-20 16:00:00+00:00,1.3672146666666665
2024-10-20 17:00:00+00:00,1.9937973333333332
2024-10-20 18:00:00+00:00,2.62038
2024-10-20 19:00:00+00:00,1.9059336666666664
2024-10-20 20:00:00+00:00,1.1914873333333331
2024-10-20 21:00:00+00:00,0.477041
2024-10-20 22:00:00+00:00,0.36211899999999997
2024-10-20 23:00:00+00:00,0.24719699999999997
2024-10-21 00:00:00+00:00,0.132275
2024-10-21 01:00:00+00:00,0.029412999999999995
2024-10-21 02:00:00+00:00,-0.07344900000000001
2024-10-21 03:00:00+00:00,-0.176311
2024-10-21 04:00:00+00:00,-0.117723772
2024-10-21 05:00:00+00:00,-0.059136544
2024-10-21 06:00:00+00:00,-0.000549316
2024-10-21 07:00:00+00:00,-0.021053044
2024-10-21 08:00:00+00:00,-0.041556772
2024-10-21 09:00:00+00:00,-0.0620605
2024-10-21 10:00:00+00:00,0.050165333333333346
2024-10-21 11:00:00+00:00,0.1623911666666667
2024-10-21 12:00:00+00:00,0.274617
2024-10-21 13:00:00+00:00,0.42995533333333336
2024-10-21 14:00:00+00:00,0.5852936666666666
2024-10-21 15:00:00+00:00,0.740632
2024-10-21 16:00:00+00:00,1.3672146666666665
2024-10-21 17:00:00+00:00,1.9937973333333332
2024-10-21 18:00:00+00:00,2.62038
2024-10-21 19:00:00+00:00,1.1720233333333334
2024-10-21 20:00:00+00:00,-0.2763333333333331
2024-10-21 21:00:00+00:00,-1.72469
2024-10-21 22:00:00+00:00,-2.536713333333333
2024-10-21 23:00:00+00:00,-3.3487366666666665
2024-10-22 00:00:00+00:00,-4.16076
2024-10-22 01:00:00+00:00,-4.849443333333333
2024-10-22 02:00:00+00:00,-5.538126666666667
2024-10-22 03:00:00+00:00,-6.22681
2024-10-22 04:00:00+00:00,-5.648163333333334
2024-10-22 05:00:00+00:00,-5.069516666666667
2024-10-22 06:00:00+00:00,-4.49087
2024-10-22 07:00:00+00:00,-4.006446666666667
2024-10-22 08:00:00+00:00,-3.5220233333333333
2024-10-22 09:00:00+00:00,-3.0376
2024-10-22 10:00:00+00:00,-2.2651643333333333
2024-10-22 11:00:00+00:00,-1.4927286666666666
2024-10-22 12:00:00+00:00,-0.720293
2024-10-22 13:00:00+00:00,-0.5466153333333333
2024-10-22 14:00:00+00:00,-0.37293766666666667
2024-10-22 15:00:00+00:00,-0.19926
2024-10-22 16:00:00+00:00,-0.7373
2024-10-22 17:00:00+00:00,-1.27534
2024-10-22 18:00:00+00:00,-1.81338
2024-10-22 19:00:00+00:00,-1.7033666666666667
2024-10-22 20:00:00+00:00,-1.5933533333333334
2024-10-22 21:00:00+00:00,-1.48334
2024-10-22 22:00:00+00:00,-0.2551133333333333
2024-10-22 23:00:00+00:00,0.9731133333333335
2024-10-23 00:00:00+00:00,2.20134
2024-10-23 01:00:00+00:00,1.6041036666666666
2024-10-23 02:00:00+00:00,1.0068673333333333
2024-10-23 03:00:00+00:00,0.409631
2024-10-23 04:00:00+00:00,0.2869472
2024-10-23 05:00:00+00:00,0.1642634
2024-10-23 06:00:00+00:00,0.0415796
2024-10-23 07:00:00+00:00,-0.04326326666666667
2024-10-23 08:00:00+00:00,-0.12810613333333334
2024-10-23 09:00:00+00:00,-0.212949
2024-10-23 10:00:00+00:00,0.7559173333333333
2024-10-23 11:00:00+00:00,1.7247836666666665
2024-10-23 12:00:00+00:00,2.69365
2024-10-23 13:00:00+00:00,2.84931
2024-10-23 14:00:00+00:00,3.0049699999999997
2024-10-23 15:00:00+00:00,3.16063
2024-10-23 16:00:00+00:00,3.0013866666666664
2024-10-23 17:00:00+00:00,2.8421433333333335
2024-10-23 18:00:00+00:00,2.6829
2024-10-23 19:00:00+00:00,2.7132033333333334
2024-10-23 20:00:00+00:00,2.7435066666666668
2024-10-23 21:00:00+00:00,2.77381
2024-10-23 22:00:00+00:00,3.3059033333333336
2024-10-23 23:00:00+00:00,3.837996666666667
2024-10-24 00:00:00+00:00,4.37009
2024-10-24 01:00:00+00:00,3.740276666666667
2024-10-24 02:00:00+00:00,3.1104633333333336
2024-10-24 03:00:00+00:00,2.48065
2024-10-24 04:00:00+00:00,2.0821699999999996
2024-10-24 05:00:00+00:00,1.68369
2024-10-24 06:00:00+00:00,1.28521
2024-10-24 07:00:00+00:00,1.5856966666666665
2024-10-24 08:00:00+00:00,1.8861833333333333
2024-10-24 09:00:00+00:00,2.18667
2024-10-24 10:00:00+00:00,2.2084066666666664
2024-10-24 11:00:00+00:00,2.2301433333333334
2024-10-24 12:00:00+00:00,2.25188
2024-10-24 13:00:00+00:00,2.21951
2024-10-24 14:00:00+00:00,2.18714
2024-10-24 15:00:00+00:00,2.15477
2024-10-24 16:00:00+00:00,1.4650310000000002
2024-10-24 17:00:00+00:00,0.7752920000000001
2024-10-24 18:00:00+00:00,0.085553
2024-10-24 19:00:00+00:00,0.0379537
2024-10-24 20:00:00+00:00,-0.009645600000000004
2024-10-24 21:00:00+00:00,-0.0572449
2024-10-24 22:00:00+00:00,1.9696567333333335
2024-10-24 23:00:00+00:00,3.9965583666666666
2024-10-25 00:00:00+00:00,6.02346
2024-10-25 01:00:00+00:00,5.466693333333334
2024-10-25 02:00:00+00:00,4.909926666666666
2024-10-25 03:00:00+00:00,4.35316
2024-10-25 04:00:00+00:00,4.9439633333333335
2024-10-25 05:00:00+00:00,5.534766666666666
2024-10-25 06:00:00+00:00,6.12557
2024-10-25 07:00:00+00:00,6.2245333333333335
2024-10-25 08:00:00+00:00,6.323496666666666
2024-10-25 09:00:00+00:00,6.42246
2024-10-25 10:00:00+00:00,5.45764
2024-10-25 11:00:00+00:00,4.49282
2024-10-25 12:00:00+00:00,3.528
2024-10-25 13:00:00+00:00,2.1142456666666667
2024-10-25 14:00:00+00:00,0.7004913333333334
2024-10-25 15:00:00+00:00,-0.713263
2024-10-25 16:00:00+00:00,-1.128932
2024-10-25 17:00:00+00:00,-1.5446010000000001
2024-10-25 18:00:00+00:00,-1.96027
2024-10-25 19:00:00+00:00,-1.1099229999999998
2024-10-25 20:00:00+00:00,-0.2595759999999998
2024-10-25 21:00:00+00:00,0.590771
2024-10-25 22:00:00+00:00,0.16999066666666668
2024-10-25 23:00:00+00:00,-0.2507896666666667
2024-10-26 00:00:00+00:00,-0.67157
2024-10-26 01:00:00+00:00,-2.6595966666666664
2024-10-26 02:00:00+00:00,-4.647623333333334
2024-10-26 03:00:00+00:00,-6.63565
2024-10-26 04:00:00+00:00,-5.74895
2024-10-26 05:00:00+00:00,-4.86225
2024-10-26 06:00:00+00:00,-3.97555
2024-10-26 07:00:00+00:00,-3.2223733333333335
2024-10-26 08:00:00+00:00,-2.469196666666667
2024-10-26 09:00:00+00:00,-1.71602
2024-10-26 10:00:00+00:00,-0.9056866666666668
2024-10-26 11:00:00+00:00,-0.0953533333333334
2024-10-26 12:00:00+00:00,0.71498
2024-10-26 13:00:00+00:00,0.9937833333333332
2024-10-26 14:00:00+00:00,1.2725866666666668
2024-10-26 15:00:00+00:00,1.55139
2024-10-26 16:00:00+00:00,0.3657600000000001
2024-10-26 17:00:00+00:00,-0.8198699999999999
2024-10-26 18:00:00+00:00,-2.0055
2024-10-26 19:00:00+00:00,-2.35112
2024-10-26 20:00:00+00:00,-2.69674
2024-10-26 21:00:00+00:00,-3.04236
2024-10-26 22:00:00+00:00,-1.9931146666666666
2024-10-26 23:00:00+00:00,-0.9438693333333332
2024-10-27 00:00:00+00:00,0.105376
2024-10-27 01:00:00+00:00,0.00455333333333334
2024-10-27 02:00:00+00:00,-0.09626933333333332
2024-10-27 03:00:00+00:00,-0.197092
2024-10-27 04:00:00+00:00,-1.3162580000000002
2024-10-27 05:00:00+00:00,-2.4354240000000003
2024-10-27 06:00:00+00:00,-3.55459
2024-10-27 07:00:00+00:00,-3.515546666666667
2024-10-27 08:00:00+00:00,-3.4765033333333335
2024-10-27 09:00:00+00:00,-3.43746
2024-10-27 10:00:00+00:00,-3.9633433333333334
2024-10-27 11:00:00+00:00,-4.489226666666667
2024-10-27 12:00:00+00:00,-5.01511
2024-10-27 13:00:00+00:00,-5.5994166666666665
2024-10-27 14:00:00+00:00,-6.183723333333334
2024-10-27 15:00:00+00:00,-6.76803
2024-10-27 16:00:00+00:00,-6.647886666666667
2024-10-27 17:00:00+00:00,-6.5277433333333335
2024-10-27 18:00:00+00:00,-6.4076
2024-10-27 19:00:00+00:00,-6.01043
2024-10-27 20:00:00+00:00,-5.61326
2024-10-27 21:00:00+00:00,-5.21609
2024-10-27 22:00:00+00:00,-2.909256666666667
2024-10-27 23:00:00+00:00,-0.6024233333333333
2024-10-28 00:00:00+00:00,1.70441
2024-10-28 01:00:00+00:00,-0.26132333333333335
2024-10-28 02:00:00+00:00,-2.227056666666667
2024-10-28 03:00:00+00:00,-4.19279
2024-10-28 04:00:00+00:00,-5.061033333333333
2024-10-28 05:00:00+00:00,-5.9292766666666665
2024-10-28 06:00:00+00:00,-6.79752
2024-10-28 07:00:00+00:00,-6.3701
2024-10-28 08:00:00+00:00,-5.942679999999999
2024-10-28 09:00:00+00:00,-5.51526
2024-10-28 10:00:00+00:00,-4.2027866666666664
2024-10-28 11:00:00+00:00,-2.8903133333333333
2024-10-28 12:00:00+00:00,-1.57784
2024-10-28 13:00:00+00:00,-2.09721
2024-10-28 14:00:00+00:00,-2.61658
2024-10-28 15:00:00+00:00,-3.13595
2024-10-28 16:00:00+00:00,-4.533526666666667
2024-10-28 17:00:00+00:00,-5.931103333333334
2024-10-28 18:00:00+00:00,-7.32868
2024-10-28 19:00:00+00:00,-7.002376666666667
2024-10-28 20:00:00+00:00,-6.676073333333334
2024-10-28 21:00:00+00:00,-6.34977
2024-10-28 22:00:00+00:00,-7.024716666666667
2024-10-28 23:00:00+00:00,-7.6996633333333335
2024-10-29 00:00:00+00:00,-8.37461
2024-10-29 01:00:00+00:00,-8.630343333333334
2024-10-29 02:00:00+00:00,-8.886076666666666
2024-10-29 03:00:00+00:00,-9.14181
2024-10-29 04:00:00+00:00,-8.53797
2024-10-29 05:00:00+00:00,-7.93413
2024-10-29 06:00:00+00:00,-7.33029
2024-10-29 07:00:00+00:00,-7.646273333333333
2024-10-29 08:00:00+00:00,-7.962256666666667
2024-10-29 09:00:00+00:00,-8.27824
2024-10-29 10:00:00+00:00,-7.588446666666667
2024-10-29 11:00:00+00:00,-6.898653333333333
2024-10-29 12:00:00+00:00,-6.20886
2024-10-29 13:00:00+00:00,-6.95768
2024-10-29 14:00:00+00:00,-7.7065
2024-10-29 15:00:00+00:00,-8.45532
2024-10-29 16:00:00+00:00,-6.225833333333334
2024-10-29 17:00:00+00:00,-3.9963466666666667
2024-10-29 18:00:00+00:00,-1.76686
2024-10-29 19:00:00+00:00,-3.8153566666666663
2024-10-29 20:00:00+00:00,-5.863853333333333
2024-10-29 21:00:00+00:00,-7.91235
2024-10-29 22:00:00+00:00,-5.628069999999999
2024-10-29 23:00:00+00:00,-3.3437899999999994
2024-10-30 00:00:00+00:00,-1.05951
2024-10-30 01:00:00+00:00,-4.88544
2024-10-30 02:00:00+00:00,-8.71137
2024-10-30 03:00:00+00:00,-12.5373
2024-10-30 04:00:00+00:00,-9.524783333333334
2024-10-30 05:00:00+00:00,-6.512266666666667
2024-10-30 06:00:00+00:00,-3.49975
2024-10-30 07:00:00+00:00,-1.9683666666666668
2024-10-30 08:00:00+00:00,-0.4369833333333335
2024-10-30 09:00:00+00:00,1.0944
2024-10-30 10:00:00+00:00,3.2407899999999996
2024-10-30 11:00:00+00:00,5.38718
2024-10-30 12:00:00+00:00,7.53357
2024-10-30 13:00:00+00:00,7.667466666666667
2024-10-30 14:00:00+00:00,7.801363333333334
2024-10-30 15:00:00+00:00,7.93526
2024-10-30 16:00:00+00:00,7.023883333333334
2024-10-30 17:00:00+00:00,6.1125066666666665
2024-10-30 18:00:00+00:00,5.20113
2024-10-30 19:00:00+00:00,4.555726666666667
2024-10-30 20:00:00+00:00,3.9103233333333334
2024-10-30 21:00:00+00:00,3.26492
2024-10-30 22:00:00+00:00,3.1468
2024-10-30 23:00:00+00:00,3.02868
2024-10-31 00:00:00+00:00,2.91056
2024-10-31 01:00:00+00:00,3.2647633333333332
2024-10-31 02:00:00+00:00,3.6189666666666667
2024-10-31 03:00:00+00:00,3.97317
2024-10-31 04:00:00+00:00,2.6168765333333335
2024-10-31 05:00:00+00:00,1.2605830666666664
2024-10-31 06:00:00+00:00,-0.0957104
2024-10-31 07:00:00+00:00,-0.2883186
2024-10-31 08:00:00+00:00,-0.4809268
2024-10-31 09:00:00+00:00,-0.673535
2024-10-31 10:00:00+00:00,0.6502233333333334
2024-10-31 11:00:00+00:00,1.9739816666666667
2024-10-31 12:00:00+00:00,3.29774
2024-10-31 13:00:00+00:00,2.8762933333333334
2024-10-31 14:00:00+00:00,2.4548466666666666
2024-10-31 15:00:00+00:00,2.0334
2024-10-31 16:00:00+00:00,2.14829
2024-10-31 17:00:00+00:00,2.26318
2024-10-31 18:00:00+00:00,2.37807
2024-10-31 19:00:00+00:00,1.412698666666667
2024-10-31 20:00:00+00:00,0.44732733333333363
2024-10-31 21:00:00+00:00,-0.518044
2024-10-31 22:00:00+00:00,0.49514400000000025
2024-10-31 23:00:00+00:00,1.5083320000000005
2024-11-01 00:00:00+00:00,2.52152
2024-11-01 01:00:00+00:00,1.294206666666667
2024-11-01 02:00:00+00:00,0.0668933333333337
2024-11-01 03:00:00+00:00,-1.16042
2024-11-01 04:00:00+00:00,-1.2333133333333333
2024-11-01 05:00:00+00:00,-1.3062066666666667
2024-11-01 06:00:00+00:00,-1.3791
2024-11-01 07:00:00+00:00,-1.1315403333333334
2024-11-01 08:00:00+00:00,-0.8839806666666667
2024-11-01 09:00:00+00:00,-0.636421
2024-11-01 10:00:00+00:00,-0.1605866666666667
2024-11-01 11:00:00+00:00,0.3152476666666666
2024-11-01 12:00:00+00:00,0.791082
2024-11-01 13:00:00+00:00,0.2216946666666666
2024-11-01 14:00:00+00:00,-0.34769266666666676
2024-11-01 15:00:00+00:00,-0.91708
2024-11-01 16:00:00+00:00,-1.8657599999999999
2024-11-01 17:00:00+00:00,-2.81444
2024-11-01 18:00:00+00:00,-3.76312
2024-11-01 19:00:00+00:00,-3.5497699999999996
2024-11-01 20:00:00+00:00,-3.33642
2024-11-01 21:00:00+00:00,-3.12307
2024-11-01 22:00:00+00:00,-2.1127082999999995
2024-11-01 23:00:00+00:00,-1.1023465999999997
2024-11-02 00:00:00+00:00,-0.0919849
2024-11-02 01:00:00+00:00,0.0918864
2024-11-02 02:00:00+00:00,0.2757577
2024-11-02 03:00:00+00:00,0.459629
2024-11-02 04:00:00+00:00,-0.4759006666666667
2024-11-02 05:00:00+00:00,-1.4114303333333333
2024-11-02 06:00:00+00:00,-2.34696
2024-11-02 07:00:00+00:00,-2.8434433333333335
2024-11-02 08:00:00+00:00,-3.3399266666666665
2024-11-02 09:00:00+00:00,-3.83641
2024-11-02 10:00:00+00:00,-3.5843266666666667
2024-11-02 11:00:00+00:00,-3.332243333333333
2024-11-02 12:00:00+00:00,-3.08016
2024-11-02 13:00:00+00:00,-3.2010766666666663
2024-11-02 14:00:00+00:00,-3.3219933333333334
2024-11-02 15:00:00+00:00,-3.44291
2024-11-02 16:00:00+00:00,-4.191026666666667
2024-11-02 17:00:00+00:00,-4.939143333333334
2024-11-02 18:00:00+00:00,-5.68726
2024-11-02 19:00:00+00:00,-5.0160366666666665
2024-11-02 20:00:00+00:00,-4.344813333333334
2024-11-02 21:00:00+00:00,-3.67359
2024-11-02 22:00:00+00:00,-2.718798666666667
2024-11-02 23:00:00+00:00,-1.7640073333333335
2024-11-03 00:00:00+00:00,-0.809216
2024-11-03 01:00:00+00:00,-1.143084
2024-11-03 02:00:00+00:00,-1.476952
2024-11-03 03:00:00+00:00,-1.81082
2024-11-03 04:00:00+00:00,-1.9477233333333335
2024-11-03 05:00:00+00:00,-2.084626666666667
2024-11-03 06:00:00+00:00,-2.22153
2024-11-03 07:00:00+00:00,-1.7931823333333334
2024-11-03 08:00:00+00:00,-1.3648346666666669
2024-11-03 09:00:00+00:00,-0.936487
2024-11-03 10:00:00+00:00,-0.3380536666666666
2024-11-03 11:00:00+00:00,0.2603796666666668
2024-11-03 12:00:00+00:00,0.858813
2024-11-03 13:00:00+00:00,1.8880586666666666
2024-11-03 14:00:00+00:00,2.917304333333333
2024-11-03 15:00:00+00:00,3.94655
2024-11-03 16:00:00+00:00,3.9939299999999998
2024-11-03 17:00:00+00:00,4.041309999999999
2024-11-03 18:00:00+00:00,4.08869
2024-11-03 19:00:00+00:00,4.099806666666667
2024-11-03 20:00:00+00:00,4.110923333333333
2024-11-03 21:00:00+00:00,4.12204
2024-11-03 22:00:00+00:00,2.749392226666667
2024-11-03 23:00:00+00:00,1.3767444533333335
2024-11-04 00:00:00+00:00,0.00409668
2024-11-04 01:00:00+00:00,-0.01127278
2024-11-04 02:00:00+00:00,-0.026642239999999998
2024-11-04 03:00:00+00:00,-0.0420117
2024-11-04 04:00:00+00:00,0.19894786666666664
2024-11-04 05:00:00+00:00,0.4399074333333333
2024-11-04 06:00:00+00:00,0.680867
2024-11-04 07:00:00+00:00,1.131978
2024-11-04 08:00:00+00:00,1.5830889999999997
2024-11-04 09:00:00+00:00,2.0342
2024-11-04 10:00:00+00:00,2.178453333333333
2024-11-04 11:00:00+00:00,2.3227066666666665
2024-11-04 12:00:00+00:00,2.46696
2024-11-04 13:00:00+00:00,2.5762966666666665
2024-11-04 14:00:00+00:00,2.6856333333333335
2024-11-04 15:00:00+00:00,2.79497
2024-11-04 16:00:00+00:00,2.6895700000000002
2024-11-04 17:00:00+00:00,2.58417
2024-11-04 18:00:00+00:00,2.47877
2024-11-04 19:00:00+00:00,2.70147
2024-11-04 20:00:00+00:00,2.9241699999999997
2024-11-04 21:00:00+00:00,3.14687
2024-11-04 22:00:00+00:00,2.96909
2024-11-04 23:00:00+00:00,2.7913099999999997
2024-11-05 00:00:00+00:00,2.61353
2024-11-05 01:00:00+00:00,2.0255686666666666
2024-11-05 02:00:00+00:00,1.4376073333333332
2024-11-05 03:00:00+00:00,0.849646
2024-11-05 04:00:00+00:00,0.8155803333333334
2024-11-05 05:00:00+00:00,0.7815146666666667
2024-11-05 06:00:00+00:00,0.747449
2024-11-05 07:00:00+00:00,0.49936704
2024-11-05 08:00:00+00:00,0.25128508
2024-11-05 09:00:00+00:00,0.00320312
2024-11-05 10:00:00+00:00,0.29588608
2024-11-05 11:00:00+00:00,0.58856904
2024-11-05 12:00:00+00:00,0.881252
2024-11-05 13:00:00+00:00,0.9354846666666666
2024-11-05 14:00:00+00:00,0.9897173333333333
2024-11-05 15:00:00+00:00,1.04395
2024-11-05 16:00:00+00:00,0.8369219999999999
2024-11-05 17:00:00+00:00,0.629894
2024-11-05 18:00:00+00:00,0.422866
2024-11-05 19:00:00+00:00,0.12974600000000003
2024-11-05 20:00:00+00:00,-0.16337399999999996
2024-11-05 21:00:00+00:00,-0.456494
2024-11-05 22:00:00+00:00,-0.598584
2024-11-05 23:00:00+00:00,-0.740674
2024-11-06 00:00:00+00:00,-0.882764
2024-11-06 01:00:00+00:00,-1.386266
2024-11-06 02:00:00+00:00,-1.8897680000000001
2024-11-06 03:00:00+00:00,-2.39327
2024-11-06 04:00:00+00:00,-2.7521
2024-11-06 05:00:00+00:00,-3.1109299999999998
2024-11-06 06:00:00+00:00,-3.46976
2024-11-06 07:00:00+00:00,-3.17091
2024-11-06 08:00:00+00:00,-2.87206
2024-11-06 09:00:00+00:00,-2.57321
2024-11-06 10:00:00+00:00,-1.999793
2024-11-06 11:00:00+00:00,-1.426376
2024-11-06 12:00:00+00:00,-0.852959
2024-11-06 13:00:00+00:00,-0.22065600000000007
2024-11-06 14:00:00+00:00,0.4116469999999999
2024-11-06 15:00:00+00:00,1.04395
2024-11-06 16:00:00+00:00,0.8369219999999999
2024-11-06 17:00:00+00:00,0.629894
2024-11-06 18:00:00+00:00,0.422866
2024-11-06 19:00:00+00:00,0.18248033333333333
2024-11-06 20:00:00+00:00,-0.057905333333333364
2024-11-06 21:00:00+00:00,-0.298291
2024-11-06 22:00:00+00:00,0.6374826666666666
2024-11-06 23:00:00+00:00,1.5732563333333331
2024-11-07 00:00:00+00:00,2.50903
2024-11-07 01:00:00+00:00,1.8002296666666666
2024-11-07 02:00:00+00:00,1.0914293333333334
2024-11-07 03:00:00+00:00,0.382629
2024-11-07 04:00:00+00:00,0.2953346666666667
2024-11-07 05:00:00+00:00,0.20804033333333335
2024-11-07 06:00:00+00:00,0.120746
2024-11-07 07:00:00+00:00,0.483694
2024-11-07 08:00:00+00:00,0.846642
2024-11-07 09:00:00+00:00,1.20959
2024-11-07 10:00:00+00:00,1.2763133333333332
2024-11-07 11:00:00+00:00,1.3430366666666667
2024-11-07 12:00:00+00:00,1.40976
2024-11-07 13:00:00+00:00,1.3552133333333332
2024-11-07 14:00:00+00:00,1.3006666666666666
2024-11-07 15:00:00+00:00,1.24612
2024-11-07 16:00:00+00:00,1.2858399999999999
2024-11-07 17:00:00+00:00,1.32556
2024-11-07 18:00:00+00:00,1.36528
2024-11-07 19:00:00+00:00,1.7731033333333335
2024-11-07 20:00:00+00:00,2.1809266666666667
2024-11-07 21:00:00+00:00,2.58875
2024-11-07 22:00:00+00:00,2.6489066666666665
2024-11-07 23:00:00+00:00,2.7090633333333334
2024-11-08 00:00:00+00:00,2.76922
2024-11-08 01:00:00+00:00,1.5886286666666665
2024-11-08 02:00:00+00:00,0.40803733333333314
2024-11-08 03:00:00+00:00,-0.772554
2024-11-08 04:00:00+00:00,-0.6750376666666666
2024-11-08 05:00:00+00:00,-0.5775213333333333
2024-11-08 06:00:00+00:00,-0.480005
2024-11-08 07:00:00+00:00,-0.19772633333333334
2024-11-08 08:00:00+00:00,0.08455233333333334
2024-11-08 09:00:00+00:00,0.366831
2024-11-08 10:00:00+00:00,0.9869640000000001
2024-11-08 11:00:00+00:00,1.607097
2024-11-08 12:00:00+00:00,2.22723
2024-11-08 13:00:00+00:00,2.32703
2024-11-08 14:00:00+00:00,2.42683
2024-11-08 15:00:00+00:00,2.52663
2024-11-08 16:00:00+00:00,1.952754
2024-11-08 17:00:00+00:00,1.378878
2024-11-08 18:00:00+00:00,0.805002
2024-11-08 19:00:00+00:00,0.8815046666666667
2024-11-08 20:00:00+00:00,0.9580073333333333
2024-11-08 21:00:00+00:00,1.03451
2024-11-08 22:00:00+00:00,0.733687
2024-11-08 23:00:00+00:00,0.432864
2024-11-09 00:00:00+00:00,0.132041
2024-11-09 01:00:00+00:00,0.285363
2024-11-09 02:00:00+00:00,0.438685
2024-11-09 03:00:00+00:00,0.592007
2024-11-09 04:00:00+00:00,0.3268866666666666
2024-11-09 05:00:00+00:00,0.061766333333333256
2024-11-09 06:00:00+00:00,-0.203354
2024-11-09 07:00:00+00:00,-0.2898986666666667
2024-11-09 08:00:00+00:00,-0.37644333333333335
2024-11-09 09:00:00+00:00,-0.462988
2024-11-09 10:00:00+00:00,-0.9725586666666668
2024-11-09 11:00:00+00:00,-1.4821293333333334
2024-11-09 12:00:00+00:00,-1.9917
2024-11-09 13:00:00+00:00,-1.1458663333333334
2024-11-09 14:00:00+00:00,-0.30003266666666684
2024-11-09 15:00:00+00:00,0.545801
2024-11-09 16:00:00+00:00,0.6129996666666666
2024-11-09 17:00:00+00:00,0.6801983333333333
2024-11-09 18:00:00+00:00,0.747397
2024-11-09 19:00:00+00:00,-1.1154753333333334
2024-11-09 20:00:00+00:00,-2.978347666666667
2024-11-09 21:00:00+00:00,-4.84122
2024-11-09 22:00:00+00:00,-3.7523
2024-11-09 23:00:00+00:00,-2.66338
2024-11-10 00:00:00+00:00,-1.57446
2024-11-10 01:00:00+00:00,-1.4808033333333332
2024-11-10 02:00:00+00:00,-1.3871466666666667
2024-11-10 03:00:00+00:00,-1.29349
2024-11-10 04:00:00+00:00,-0.9431080000000001
2024-11-10 05:00:00+00:00,-0.592726
2024-11-10 06:00:00+00:00,-0.242344
2024-11-10 07:00:00+00:00,-0.1458449
2024-11-10 08:00:00+00:00,-0.049345799999999995
2024-11-10 09:00:00+00:00,0.0471533
2024-11-10 10:00:00+00:00,-0.10298813333333331
2024-11-10 11:00:00+00:00,-0.25312956666666664
2024-11-10 12:00:00+00:00,-0.403271
2024-11-10 13:00:00+00:00,-1.027884
2024-11-10 14:00:00+00:00,-1.6524969999999999
2024-11-10 15:00:00+00:00,-2.27711
2024-11-10 16:00:00+00:00,-2.13604
2024-11-10 17:00:00+00:00,-1.9949700000000001
2024-11-10 18:00:00+00:00,-1.8539
2024-11-10 19:00:00+00:00,-1.7816833333333335
2024-11-10 20:00:00+00:00,-1.7094666666666667
2024-11-10 21:00:00+00:00,-1.63725
2024-11-10 22:00:00+00:00,-1.6984333333333335
2024-11-10 23:00:00+00:00,-1.7596166666666666
2024-11-11 00:00:00+00:00,-1.8208
2024-11-11 01:00:00+00:00,-2.1999233333333335
2024-11-11 02:00:00+00:00,-2.5790466666666667
2024-11-11 03:00:00+00:00,-2.95817
2024-11-11 04:00:00+00:00,-3.150663333333333
2024-11-11 05:00:00+00:00,-3.3431566666666668
2024-11-11 06:00:00+00:00,-3.53565
2024-11-11 07:00:00+00:00,-3.2428433333333335
2024-11-11 08:00:00+00:00,-2.9500366666666666
2024-11-11 09:00:00+00:00,-2.65723
2024-11-11 10:00:00+00:00,-3.59459
2024-11-11 11:00:00+00:00,-4.53195
2024-11-11 12:00:00+00:00,-5.46931
2024-11-11 13:00:00+00:00,-5.578716666666667
2024-11-11 14:00:00+00:00,-5.688123333333333
2024-11-11 15:00:00+00:00,-5.79753
2024-11-11 16:00:00+00:00,-5.36853
2024-11-11 17:00:00+00:00,-4.93953
2024-11-11 18:00:00+00:00,-4.51053
2024-11-11 19:00:00+00:00,-4.80205
2024-11-11 20:00:00+00:00,-5.09357
2024-11-11 21:00:00+00:00,-5.38509
2024-11-11 22:00:00+00:00,-5.42786
2024-11-11 23:00:00+00:00,-5.47063
2024-11-12 00:00:00+00:00,-5.5134
2024-11-12 01:00:00+00:00,-5.881793333333333
2024-11-12 02:00:00+00:00,-6.250186666666666
2024-11-12 03:00:00+00:00,-6.61858
2024-11-12 04:00:00+00:00,-5.771886666666666
2024-11-12 05:00:00+00:00,-4.9251933333333335
2024-11-12 06:00:00+00:00,-4.0785
2024-11-12 07:00:00+00:00,-3.6776833333333334
2024-11-12 08:00:00+00:00,-3.276866666666667
2024-11-12 09:00:00+00:00,-2.87605
2024-11-12 10:00:00+00:00,-2.480506666666667
2024-11-12 11:00:00+00:00,-2.0849633333333335
2024-11-12 12:00:00+00:00,-1.68942
2024-11-12 13:00:00+00:00,-1.7374399999999999
2024-11-12 14:00:00+00:00,-1.78546
2024-11-12 15:00:00+00:00,-1.83348
2024-11-12 16:00:00+00:00,-4.0581700000000005
2024-11-12 17:00:00+00:00,-6.28286
2024-11-12 18:00:00+00:00,-8.50755
2024-11-12 19:00:00+00:00,-8.019863333333333
2024-11-12 20:00:00+00:00,-7.5321766666666665
2024-11-12 21:00:00+00:00,-7.04449
2024-11-12 22:00:00+00:00,-6.739739999999999
2024-11-12 23:00:00+00:00,-6.43499
2024-11-13 00:00:00+00:00,-6.13024
2024-11-13 01:00:00+00:00,-6.5598
2024-11-13 02:00:00+00:00,-6.98936
2024-11-13 03:00:00+00:00,-7.41892
2024-11-13 04:00:00+00:00,-7.660613333333333
2024-11-13 05:00:00+00:00,-7.902306666666667
2024-11-13 06:00:00+00:00,-8.144
2024-11-13 07:00:00+00:00,-7.605636666666666
2024-11-13 08:00:00+00:00,-7.0672733333333335
2024-11-13 09:00:00+00:00,-6.52891
2024-11-13 10:00:00+00:00,-6.6107466666666665
2024-11-13 11:00:00+00:00,-6.692583333333333
2024-11-13 12:00:00+00:00,-6.77442
2024-11-13 13:00:00+00:00,-6.983976666666667
2024-11-13 14:00:00+00:00,-7.193533333333333
2024-11-13 15:00:00+00:00,-7.40309
2024-11-13 16:00:00+00:00,-5.0960719999999995
2024-11-13 17:00:00+00:00,-2.789054
2024-11-13 18:00:00+00:00,-0.482036
2024-11-13 19:00:00+00:00,0.6484426666666666
2024-11-13 20:00:00+00:00,1.7789213333333334
2024-11-13 21:00:00+00:00,2.9094
2024-11-13 22:00:00+00:00,2.9526000000000003
2024-11-13 23:00:00+00:00,2.9958
2024-11-14 00:00:00+00:00,3.039
2024-11-14 01:00:00+00:00,2.183047666666667
2024-11-14 02:00:00+00:00,1.3270953333333335
2024-11-14 03:00:00+00:00,0.471143
2024-11-14 04:00:00+00:00,-1.5074213333333333
2024-11-14 05:00:00+00:00,-3.485985666666666
2024-11-14 06:00:00+00:00,-5.46455
2024-11-14 07:00:00+00:00,-4.676613333333333
2024-11-14 08:00:00+00:00,-3.888676666666667
2024-11-14 09:00:00+00:00,-3.10074
2024-11-14 10:00:00+00:00,-1.5029899999999998
2024-11-14 11:00:00+00:00,0.0947600000000004
2024-11-14 12:00:00+00:00,1.69251
2024-11-14 13:00:00+00:00,1.5725966666666666
2024-11-14 14:00:00+00:00,1.4526833333333333
2024-11-14 15:00:00+00:00,1.33277
2024-11-14 16:00:00+00:00,2.201426666666667
2024-11-14 17:00:00+00:00,3.0700833333333337
2024-11-14 18:00:00+00:00,3.93874
2024-11-14 19:00:00+00:00,3.67537
2024-11-14 20:00:00+00:00,3.412
2024-11-14 21:00:00+00:00,3.14863
2024-11-14 22:00:00+00:00,3.4663166666666663
2024-11-14 23:00:00+00:00,3.784003333333333
2024-11-15 00:00:00+00:00,4.10169
2024-11-15 01:00:00+00:00,3.1189766666666663
2024-11-15 02:00:00+00:00,2.136263333333333
2024-11-15 03:00:00+00:00,1.15355
2024-11-15 04:00:00+00:00,0.4587810000000001
2024-11-15 05:00:00+00:00,-0.23598799999999986
2024-11-15 06:00:00+00:00,-0.930757
2024-11-15 07:00:00+00:00,-0.5088613333333333
2024-11-15 08:00:00+00:00,-0.08696566666666661
2024-11-15 09:00:00+00:00,0.33493
2024-11-15 10:00:00+00:00,1.1951
2024-11-15 11:00:00+00:00,2.05527
2024-11-15 12:00:00+00:00,2.91544
2024-11-15 13:00:00+00:00,2.9756
2024-11-15 14:00:00+00:00,3.03576
2024-11-15 15:00:00+00:00,3.09592
2024-11-15 16:00:00+00:00,2.4950433333333333
2024-11-15 17:00:00+00:00,1.8941666666666668
2024-11-15 18:00:00+00:00,1.29329
2024-11-15 19:00:00+00:00,1.76451
2024-11-15 20:00:00+00:00,2.23573
2024-11-15 21:00:00+00:00,2.70695
2024-11-15 22:00:00+00:00,1.7369106666666667
2024-11-15 23:00:00+00:00,0.7668713333333335
2024-11-16 00:00:00+00:00,-0.203168
2024-11-16 01:00:00+00:00,-0.6240053333333333
2024-11-16 02:00:00+00:00,-1.0448426666666666
2024-11-16 03:00:00+00:00,-1.46568
2024-11-16 04:00:00+00:00,-1.8438066666666668
2024-11-16 05:00:00+00:00,-2.2219333333333333
2024-11-16 06:00:00+00:00,-2.60006
2024-11-16 07:00:00+00:00,-2.577516666666667
2024-11-16 08:00:00+00:00,-2.5549733333333333
2024-11-16 09:00:00+00:00,-2.53243
2024-11-16 10:00:00+00:00,-1.0994966666666668
2024-11-16 11:00:00+00:00,0.3334366666666666
2024-11-16 12:00:00+00:00,1.76637
2024-11-16 13:00:00+00:00,0.5078733333333334
2024-11-16 14:00:00+00:00,-0.7506233333333332
2024-11-16 15:00:00+00:00,-2.00912
2024-11-16 16:00:00+00:00,-2.3573566666666665
2024-11-16 17:00:00+00:00,-2.7055933333333333
2024-11-16 18:00:00+00:00,-3.05383
2024-11-16 19:00:00+00:00,-2.2547566666666667
2024-11-16 20:00:00+00:00,-1.4556833333333334
2024-11-16 21:00:00+00:00,-0.65661
2024-11-16 22:00:00+00:00,-0.615391
2024-11-16 23:00:00+00:00,-0.574172
2024-11-17 00:00:00+00:00,-0.532953
2024-11-17 01:00:00+00:00,-1.141292
2024-11-17 02:00:00+00:00,-1.749631
2024-11-17 03:00:00+00:00,-2.35797
2024-11-17 04:00:00+00:00,-2.2215966666666667
2024-11-17 05:00:00+00:00,-2.0852233333333334
2024-11-17 06:00:00+00:00,-1.94885
2024-11-17 07:00:00+00:00,-1.80128
2024-11-17 08:00:00+00:00,-1.65371
2024-11-17 09:00:00+00:00,-1.50614
2024-11-17 10:00:00+00:00,-1.7430833333333333
2024-11-17 11:00:00+00:00,-1.9800266666666666
2024-11-17 12:00:00+00:00,-2.21697
2024-11-17 13:00:00+00:00,-1.9841066666666667
2024-11-17 14:00:00+00:00,-1.7512433333333333
2024-11-17 15:00:00+00:00,-1.51838
2024-11-17 16:00:00+00:00,-1.3323176666666667
2024-11-17 17:00:00+00:00,-1.1462553333333334
2024-11-17 18:00:00+00:00,-0.960193
2024-11-17 19:00:00+00:00,-0.5165406666666666
2024-11-17 20:00:00+00:00,-0.07288833333333333
2024-11-17 21:00:00+00:00,0.370764
2024-11-17 22:00:00+00:00,0.09196933333333329
2024-11-17 23:00:00+00:00,-0.1868253333333334
2024-11-18 00:00:00+00:00,-0.46562
2024-11-18 01:00:00+00:00,-1.24389
2024-11-18 02:00:00+00:00,-2.02216
2024-11-18 03:00:00+00:00,-2.80043
2024-11-18 04:00:00+00:00,-1.7630136666666667
2024-11-18 05:00:00+00:00,-0.7255973333333334
2024-11-18 06:00:00+00:00,0.311819
2024-11-18 07:00:00+00:00,0.31440033333333334
2024-11-18 08:00:00+00:00,0.31698166666666666
2024-11-18 09:00:00+00:00,0.319563
2024-11-18 10:00:00+00:00,0.5870486666666667
2024-11-18 11:00:00+00:00,0.8545343333333333
2024-11-18 12:00:00+00:00,1.12202
2024-11-18 13:00:00+00:00,1.3135866666666667
2024-11-18 14:00:00+00:00,1.5051533333333333
2024-11-18 15:00:00+00:00,1.69672
2024-11-18 16:00:00+00:00,1.87608
2024-11-18 17:00:00+00:00,2.05544
2024-11-18 18:00:00+00:00,2.2348
2024-11-18 19:00:00+00:00,2.2821866666666666
2024-11-18 20:00:00+00:00,2.3295733333333333
2024-11-18 21:00:00+00:00,2.37696
2024-11-18 22:00:00+00:00,2.0293966666666665
2024-11-18 23:00:00+00:00,1.6818333333333335
2024-11-19 00:00:00+00:00,1.33427
2024-11-19 01:00:00+00:00,1.2819633333333333
2024-11-19 02:00:00+00:00,1.2296566666666666
2024-11-19 03:00:00+00:00,1.17735
2024-11-19 04:00:00+00:00,0.954178
2024-11-19 05:00:00+00:00,0.731006
2024-11-19 06:00:00+00:00,0.507834
2024-11-19 07:00:00+00:00,0.614701
2024-11-19 08:00:00+00:00,0.721568
2024-11-19 09:00:00+00:00,0.828435
2024-11-19 10:00:00+00:00,1.3167566666666668
2024-11-19 11:00:00+00:00,1.8050783333333333
2024-11-19 12:00:00+00:00,2.2934
2024-11-19 13:00:00+00:00,2.613646666666667
2024-11-19 14:00:00+00:00,2.9338933333333332
2024-11-19 15:00:00+00:00,3.25414
2024-11-19 16:00:00+00:00,2.8288933333333333
2024-11-19 17:00:00+00:00,2.4036466666666665
2024-11-19 18:00:00+00:00,1.9784
2024-11-19 19:00:00+00:00,1.8569
2024-11-19 20:00:00+00:00,1.7353999999999998
2024-11-19 21:00:00+00:00,1.6139
2024-11-19 22:00:00+00:00,1.1699113333333333
2024-11-19 23:00:00+00:00,0.7259226666666666
2024-11-20 00:00:00+00:00,0.281934
2024-11-20 01:00:00+00:00,0.48837600000000003
2024-11-20 02:00:00+00:00,0.6948179999999999
2024-11-20 03:00:00+00:00,0.90126
2024-11-20 04:00:00+00:00,0.05569666666666662
2024-11-20 05:00:00+00:00,-0.7898666666666667
2024-11-20 06:00:00+00:00,-1.63543
2024-11-20 07:00:00+00:00,-1.2357416666666665
2024-11-20 08:00:00+00:00,-0.8360533333333332
2024-11-20 09:00:00+00:00,-0.436365
2024-11-20 10:00:00+00:00,-1.5272800000000002
2024-11-20 11:00:00+00:00,-2.618195
2024-11-20 12:00:00+00:00,-3.70911
2024-11-20 13:00:00+00:00,-4.05155
2024-11-20 14:00:00+00:00,-4.3939900000000005
2024-11-20 15:00:00+00:00,-4.73643
2024-11-20 16:00:00+00:00,-4.42595
2024-11-20 17:00:00+00:00,-4.11547
2024-11-20 18:00:00+00:00,-3.80499
2024-11-20 19:00:00+00:00,-2.8191153333333334
2024-11-20 20:00:00+00:00,-1.8332406666666667
2024-11-20 21:00:00+00:00,-0.847366
2024-11-20 22:00:00+00:00,-0.11625066666666661
2024-11-20 23:00:00+00:00,0.6148646666666667
2024-11-21 00:00:00+00:00,1.34598
2024-11-21 01:00:00+00:00,1.4682266666666666
2024-11-21 02:00:00+00:00,1.5904733333333334
2024-11-21 03:00:00+00:00,1.71272
2024-11-21 04:00:00+00:00,2.06152
2024-11-21 05:00:00+00:00,2.41032
2024-11-21 06:00:00+00:00,2.75912
2024-11-21 07:00:00+00:00,2.7656433333333332
2024-11-21 08:00:00+00:00,2.7721666666666667
2024-11-21 09:00:00+00:00,2.77869
2024-11-21 10:00:00+00:00,3.4090166666666666
2024-11-21 11:00:00+00:00,4.039343333333333
2024-11-21 12:00:00+00:00,4.66967
2024-11-21 13:00:00+00:00,4.411413333333333
2024-11-21 14:00:00+00:00,4.153156666666667
2024-11-21 15:00:00+00:00,3.8949
2024-11-21 16:00:00+00:00,4.002526666666666
2024-11-21 17:00:00+00:00,4.110153333333334
2024-11-21 18:00:00+00:00,4.21778
2024-11-21 19:00:00+00:00,4.3150900000000005
2024-11-21 20:00:00+00:00,4.4124
2024-11-21 21:00:00+00:00,4.50971
2024-11-21 22:00:00+00:00,4.645263333333333
2024-11-21 23:00:00+00:00,4.7808166666666665
2024-11-22 00:00:00+00:00,4.91637
2024-11-22 01:00:00+00:00,4.546189999999999
2024-11-22 02:00:00+00:00,4.17601
2024-11-22 03:00:00+00:00,3.80583
2024-11-22 04:00:00+00:00,2.9156733333333333
2024-11-22 05:00:00+00:00,2.0255166666666664
2024-11-22 06:00:00+00:00,1.13536
2024-11-22 07:00:00+00:00,1.0001959999999999
2024-11-22 08:00:00+00:00,0.865032
2024-11-22 09:00:00+00:00,0.729868
2024-11-22 10:00:00+00:00,-0.12626799999999994
2024-11-22 11:00:00+00:00,-0.9824039999999998
2024-11-22 12:00:00+00:00,-1.83854
2024-11-22 13:00:00+00:00,-0.9102873333333333
2024-11-22 14:00:00+00:00,0.01796533333333339
2024-11-22 15:00:00+00:00,0.946218
2024-11-22 16:00:00+00:00,1.9887253333333332
2024-11-22 17:00:00+00:00,3.0312326666666665
2024-11-22 18:00:00+00:00,4.07374
2024-11-22 19:00:00+00:00,3.4994166666666664
2024-11-22 20:00:00+00:00,2.925093333333333
2024-11-22 21:00:00+00:00,2.35077
2024-11-22 22:00:00+00:00,2.14336
2024-11-22 23:00:00+00:00,1.9359499999999998
2024-11-23 00:00:00+00:00,1.72854
2024-11-23 01:00:00+00:00,1.8733533333333334
2024-11-23 02:00:00+00:00,2.0181666666666667
2024-11-23 03:00:00+00:00,2.16298
2024-11-23 04:00:00+00:00,1.7761733333333334
2024-11-23 05:00:00+00:00,1.3893666666666666
2024-11-23 06:00:00+00:00,1.00256
2024-11-23 07:00:00+00:00,1.0265433333333334
2024-11-23 08:00:00+00:00,1.0505266666666666
2024-11-23 09:00:00+00:00,1.07451
2024-11-23 10:00:00+00:00,1.7414333333333332
2024-11-23 11:00:00+00:00,2.4083566666666663
2024-11-23 12:00:00+00:00,3.07528
2024-11-23 13:00:00+00:00,3.392803333333333
2024-11-23 14:00:00+00:00,3.7103266666666666
2024-11-23 15:00:00+00:00,4.02785
2024-11-23 16:00:00+00:00,4.031146666666666
2024-11-23 17:00:00+00:00,4.034443333333334
2024-11-23 18:00:00+00:00,4.03774
2024-11-23 19:00:00+00:00,3.500846666666667
2024-11-23 20:00:00+00:00,2.9639533333333334
2024-11-23 21:00:00+00:00,2.42706
2024-11-23 22:00:00+00:00,2.57193
2024-11-23 23:00:00+00:00,2.7168
2024-11-24 00:00:00+00:00,2.86167
2024-11-24 01:00:00+00:00,2.2587566666666667
2024-11-24 02:00:00+00:00,1.6558433333333333
2024-11-24 03:00:00+00:00,1.05293
2024-11-24 04:00:00+00:00,0.9047576666666666
2024-11-24 05:00:00+00:00,0.7565853333333332
2024-11-24 06:00:00+00:00,0.608413
2024-11-24 07:00:00+00:00,0.43949633333333327
2024-11-24 08:00:00+00:00,0.2705796666666666
2024-11-24 09:00:00+00:00,0.101663
2024-11-24 10:00:00+00:00,1.1985153333333334
2024-11-24 11:00:00+00:00,2.2953676666666665
2024-11-24 12:00:00+00:00,3.39222
2024-11-24 13:00:00+00:00,3.5263233333333335
2024-11-24 14:00:00+00:00,3.6604266666666665
2024-11-24 15:00:00+00:00,3.79453
2024-11-24 16:00:00+00:00,3.67219
2024-11-24 17:00:00+00:00,3.5498499999999997
2024-11-24 18:00:00+00:00,3.42751
2024-11-24 19:00:00+00:00,6.549606666666666
2024-11-24 20:00:00+00:00,9.671703333333333
2024-11-24 21:00:00+00:00,12.7938
2024-11-24 22:00:00+00:00,13.013733333333333
2024-11-24 23:00:00+00:00,13.233666666666666
2024-11-25 00:00:00+00:00,13.4536
2024-11-25 01:00:00+00:00,12.4879
2024-11-25 02:00:00+00:00,11.5222
2024-11-25 03:00:00+00:00,10.5565
2024-11-25 04:00:00+00:00,10.804166666666667
2024-11-25 05:00:00+00:00,11.051833333333333
2024-11-25 06:00:00+00:00,11.2995
2024-11-25 07:00:00+00:00,11.1058
2024-11-25 08:00:00+00:00,10.9121
2024-11-25 09:00:00+00:00,10.7184
2024-11-25 10:00:00+00:00,8.8421
2024-11-25 11:00:00+00:00,6.9658
2024-11-25 12:00:00+00:00,5.0895
2024-11-25 13:00:00+00:00,3.665872666666667
2024-11-25 14:00:00+00:00,2.2422453333333334
2024-11-25 15:00:00+00:00,0.818618
2024-11-25 16:00:00+00:00,0.6475423333333333
2024-11-25 17:00:00+00:00,0.4764666666666667
2024-11-25 18:00:00+00:00,0.305391
2024-11-25 19:00:00+00:00,0.5148456666666666
2024-11-25 20:00:00+00:00,0.7243003333333333
2024-11-25 21:00:00+00:00,0.933755
2024-11-25 22:00:00+00:00,0.7149073333333333
2024-11-25 23:00:00+00:00,0.4960596666666667
2024-11-26 00:00:00+00:00,0.277212
2024-11-26 01:00:00+00:00,0.009354666666666678
2024-11-26 02:00:00+00:00,-0.25850266666666666
2024-11-26 03:00:00+00:00,-0.52636
2024-11-26 04:00:00+00:00,-0.74685
2024-11-26 05:00:00+00:00,-0.96734
2024-11-26 06:00:00+00:00,-1.18783
2024-11-26 07:00:00+00:00,-1.1489866666666666
2024-11-26 08:00:00+00:00,-1.1101433333333333
2024-11-26 09:00:00+00:00,-1.0713
2024-11-26 10:00:00+00:00,-0.874497
2024-11-26 11:00:00+00:00,-0.677694
2024-11-26 12:00:00+00:00,-0.480891
2024-11-26 13:00:00+00:00,-0.5037206666666667
2024-11-26 14:00:00+00:00,-0.5265503333333333
2024-11-26 15:00:00+00:00,-0.54938
2024-11-26 16:00:00+00:00,-0.12594233333333332
2024-11-26 17:00:00+00:00,0.29749533333333333
2024-11-26 18:00:00+00:00,0.720933
2024-11-26 19:00:00+00:00,0.19588499999999998
2024-11-26 20:00:00+00:00,-0.3291630000000001
2024-11-26 21:00:00+00:00,-0.854211
2024-11-26 22:00:00+00:00,-0.8690800000000001
2024-11-26 23:00:00+00:00,-0.883949
2024-11-27 00:00:00+00:00,-0.898818
2024-11-27 01:00:00+00:00,-1.1968453333333333
2024-11-27 02:00:00+00:00,-1.4948726666666667
2024-11-27 03:00:00+00:00,-1.7929
2024-11-27 04:00:00+00:00,-1.8613633333333333
2024-11-27 05:00:00+00:00,-1.9298266666666666
2024-11-27 06:00:00+00:00,-1.99829
2024-11-27 07:00:00+00:00,-1.9251333333333334
2024-11-27 08:00:00+00:00,-1.8519766666666666
2024-11-27 09:00:00+00:00,-1.77882
2024-11-27 10:00:00+00:00,-1.3527063333333333
2024-11-27 11:00:00+00:00,-0.9265926666666666
2024-11-27 12:00:00+00:00,-0.500479
2024-11-27 13:00:00+00:00,-0.33820343333333336
2024-11-27 14:00:00+00:00,-0.17592786666666665
2024-11-27 15:00:00+00:00,-0.0136523
2024-11-27 16:00:00+00:00,0.15831713333333333
2024-11-27 17:00:00+00:00,0.33028656666666667
2024-11-27 18:00:00+00:00,0.502256
2024-11-27 19:00:00+00:00,0.19947033333333336
2024-11-27 20:00:00+00:00,-0.10331533333333331
2024-11-27 21:00:00+00:00,-0.406101
2024-11-27 22:00:00+00:00,-0.6034383333333333
2024-11-27 23:00:00+00:00,-0.8007756666666667
2024-11-28 00:00:00+00:00,-0.998113
2024-11-28 01:00:00+00:00,-1.0568553333333333
2024-11-28 02:00:00+00:00,-1.1155976666666667
2024-11-28 03:00:00+00:00,-1.17434
2024-11-28 04:00:00+00:00,-1.1580233333333332
2024-11-28 05:00:00+00:00,-1.1417066666666666
2024-11-28 06:00:00+00:00,-1.12539
2024-11-28 07:00:00+00:00,-0.8703803333333333
2024-11-28 08:00:00+00:00,-0.6153706666666666
2024-11-28 09:00:00+00:00,-0.360361
2024-11-28 10:00:00+00:00,-0.32015366666666667
2024-11-28 11:00:00+00:00,-0.27994633333333335
2024-11-28 12:00:00+00:00,-0.239739
2024-11-28 13:00:00+00:00,-0.05543399999999998
2024-11-28 14:00:00+00:00,0.12887100000000004
2024-11-28 15:00:00+00:00,0.313176
2024-11-28 16:00:00+00:00,0.147154
2024-11-28 17:00:00+00:00,-0.018867999999999996
2024-11-28 18:00:00+00:00,-0.18489
2024-11-28 19:00:00+00:00,-0.17267566666666667
2024-11-28 20:00:00+00:00,-0.16046133333333332
2024-11-28 21:00:00+00:00,-0.148247
2024-11-28 22:00:00+00:00,-0.3069496666666667
2024-11-28 23:00:00+00:00,-0.46565233333333333
2024-11-29 00:00:00+00:00,-0.624355
2024-11-29 01:00:00+00:00,-0.7005563333333333
2024-11-29 02:00:00+00:00,-0.7767576666666667
2024-11-29 03:00:00+00:00,-0.852959
2024-11-29 04:00:00+00:00,-0.954416
2024-11-29 05:00:00+00:00,-1.055873
2024-11-29 06:00:00+00:00,-1.15733
2024-11-29 07:00:00+00:00,-1.2055466666666665
2024-11-29 08:00:00+00:00,-1.2537633333333333
2024-11-29 09:00:00+00:00,-1.30198
2024-11-29 10:00:00+00:00,-0.60941
2024-11-29 11:00:00+00:00,0.0831599999999999
2024-11-29 12:00:00+00:00,0.77573
2024-11-29 13:00:00+00:00,0.8574466666666667
2024-11-29 14:00:00+00:00,0.9391633333333333
2024-11-29 15:00:00+00:00,1.02088
2024-11-29 16:00:00+00:00,1.04746
2024-11-29 17:00:00+00:00,1.0740399999999999
2024-11-29 18:00:00+00:00,1.10062
2024-11-29 19:00:00+00:00,0.7740763333333334
2024-11-29 20:00:00+00:00,0.4475326666666667
2024-11-29 21:00:00+00:00,0.120989
2024-11-29 22:00:00+00:00,-0.07200166666666664
2024-11-29 23:00:00+00:00,-0.2649923333333333
2024-11-30 00:00:00+00:00,-0.457983
2024-11-30 01:00:00+00:00,-0.6086779999999999
2024-11-30 02:00:00+00:00,-0.759373
2024-11-30 03:00:00+00:00,-0.910068
2024-11-30 04:00:00+00:00,-0.888968
2024-11-30 05:00:00+00:00,-0.867868
2024-11-30 06:00:00+00:00,-0.846768
2024-11-30 07:00:00+00:00,-0.8932596666666667
2024-11-30 08:00:00+00:00,-0.9397513333333333
2024-11-30 09:00:00+00:00,-0.986243
2024-11-30 10:00:00+00:00,-0.6919866666666666
2024-11-30 11:00:00+00:00,-0.3977303333333333
2024-11-30 12:00:00+00:00,-0.103474
2024-11-30 13:00:00+00:00,0.153435
2024-11-30 14:00:00+00:00,0.410344
2024-11-30 15:00:00+00:00,0.667253
2024-11-30 16:00:00+00:00,0.702293
2024-11-30 17:00:00+00:00,0.737333
2024-11-30 18:00:00+00:00,0.772373
2024-11-30 19:00:00+00:00,0.563501
2024-11-30 20:00:00+00:00,0.354629
2024-11-30 21:00:00+00:00,0.145757
2024-11-30 22:00:00+00:00,0.11167896666666666
2024-11-30 23:00:00+00:00,0.07760093333333333
2024-12-01 00:00:00+00:00,0.0435229
2024-12-01 01:00:00+00:00,-0.3875580666666666
2024-12-01 02:00:00+00:00,-0.8186390333333332
2024-12-01 03:00:00+00:00,-1.24972
2024-12-01 04:00:00+00:00,-1.2490933333333334
2024-12-01 05:00:00+00:00,-1.2484666666666666
2024-12-01 06:00:00+00:00,-1.24784
2024-12-01 07:00:00+00:00,-1.5182766666666667
2024-12-01 08:00:00+00:00,-1.7887133333333334
2024-12-01 09:00:00+00:00,-2.05915
2024-12-01 10:00:00+00:00,-1.78972
2024-12-01 11:00:00+00:00,-1.5202900000000001
2024-12-01 12:00:00+00:00,-1.25086
2024-12-01 13:00:00+00:00,-0.7076763333333334
2024-12-01 14:00:00+00:00,-0.16449266666666662
2024-12-01 15:00:00+00:00,0.378691
2024-12-01 16:00:00+00:00,0.8427073333333334
2024-12-01 17:00:00+00:00,1.3067236666666666
2024-12-01 18:00:00+00:00,1.77074
2024-12-01 19:00:00+00:00,1.116325
2024-12-01 20:00:00+00:00,0.46191000000000004
2024-12-01 21:00:00+00:00,-0.192505
2024-12-01 22:00:00+00:00,-0.15532233333333334
2024-12-01 23:00:00+00:00,-0.11813966666666667
2024-12-02 00:00:00+00:00,-0.080957
2024-12-02 01:00:00+00:00,-0.09110433333333333
2024-12-02 02:00:00+00:00,-0.10125166666666667
2024-12-02 03:00:00+00:00,-0.111399
2024-12-02 04:00:00+00:00,-0.512606
2024-12-02 05:00:00+00:00,-0.9138130000000001
2024-12-02 06:00:00+00:00,-1.31502
2024-12-02 07:00:00+00:00,-0.7516873333333334
2024-12-02 08:00:00+00:00,-0.18835466666666667
2024-12-02 09:00:00+00:00,0.374978
2024-12-02 10:00:00+00:00,0.23010089999999997
2024-12-02 11:00:00+00:00,0.08522379999999996
2024-12-02 12:00:00+00:00,-0.0596533
2024-12-02 13:00:00+00:00,0.24124180000000003
2024-12-02 14:00:00+00:00,0.5421369
2024-12-02 15:00:00+00:00,0.843032
2024-12-02 16:00:00+00:00,0.947688
2024-12-02 17:00:00+00:00,1.052344
2024-12-02 18:00:00+00:00,1.157
2024-12-02 19:00:00+00:00,0.871847
2024-12-02 20:00:00+00:00,0.586694
2024-12-02 21:00:00+00:00,0.301541
2024-12-02 22:00:00+00:00,0.10449266666666665
2024-12-02 23:00:00+00:00,-0.0925556666666667
2024-12-03 00:00:00+00:00,-0.289604
2024-12-03 01:00:00+00:00,-0.19265022666666665
2024-12-03 02:00:00+00:00,-0.09569645333333332
2024-12-03 03:00:00+00:00,0.00125732
2024-12-03 04:00:00+00:00,-0.31152112
2024-12-03 05:00:00+00:00,-0.62429956
2024-12-03 06:00:00+00:00,-0.937078
2024-12-03 07:00:00+00:00,-0.6991076666666667
2024-12-03 08:00:00+00:00,-0.46113733333333334
2024-12-03 09:00:00+00:00,-0.223167
2024-12-03 10:00:00+00:00,0.1078763333333333
2024-12-03 11:00:00+00:00,0.4389196666666666
2024-12-03 12:00:00+00:00,0.769963
2024-12-03 13:00:00+00:00,1.4705186666666665
2024-12-03 14:00:00+00:00,2.1710743333333333
2024-12-03 15:00:00+00:00,2.87163
2024-12-03 16:00:00+00:00,1.937371666666667
2024-12-03 17:00:00+00:00,1.0031133333333335
2024-12-03 18:00:00+00:00,0.068855
2024-12-03 19:00:00+00:00,-0.39894333333333337
2024-12-03 20:00:00+00:00,-0.8667416666666667
2024-12-03 21:00:00+00:00,-1.33454
2024-12-03 22:00:00+00:00,-1.7898466666666668
2024-12-03 23:00:00+00:00,-2.2451533333333336
2024-12-04 00:00:00+00:00,-2.70046
2024-12-04 01:00:00+00:00,-2.1185913333333333
2024-12-04 02:00:00+00:00,-1.5367226666666667
2024-12-04 03:00:00+00:00,-0.954854
2024-12-04 04:00:00+00:00,-2.8480126666666665
2024-12-04 05:00:00+00:00,-4.741171333333333
2024-12-04 06:00:00+00:00,-6.63433
2024-12-04 07:00:00+00:00,-5.22306
2024-12-04 08:00:00+00:00,-3.8117900000000002
2024-12-04 09:00:00+00:00,-2.40052
2024-12-04 10:00:00+00:00,-2.27341
2024-12-04 11:00:00+00:00,-2.1463
2024-12-04 12:00:00+00:00,-2.01919
2024-12-04 13:00:00+00:00,-1.9300066666666666
2024-12-04 14:00:00+00:00,-1.8408233333333335
2024-12-04 15:00:00+00:00,-1.75164
2024-12-04 16:00:00+00:00,-0.5903066666666668
2024-12-04 17:00:00+00:00,0.5710266666666666
2024-12-04 18:00:00+00:00,1.73236
2024-12-04 19:00:00+00:00,0.34206000000000003
2024-12-04 20:00:00+00:00,-1.0482399999999998
2024-12-04 21:00:00+00:00,-2.43854
2024-12-04 22:00:00+00:00,-2.4836566666666666
2024-12-04 23:00:00+00:00,-2.5287733333333335
2024-12-05 00:00:00+00:00,-2.57389
2024-12-05 01:00:00+00:00,-1.8246716666666667
2024-12-05 02:00:00+00:00,-1.0754533333333334
2024-12-05 03:00:00+00:00,-0.326235
2024-12-05 04:00:00+00:00,0.21796
2024-12-05 05:00:00+00:00,0.7621549999999999
2024-12-05 06:00:00+00:00,1.30635
2024-12-05 07:00:00+00:00,0.7185433333333332
2024-12-05 08:00:00+00:00,0.1307366666666665
2024-12-05 09:00:00+00:00,-0.45707
2024-12-05 10:00:00+00:00,-0.35370833333333335
2024-12-05 11:00:00+00:00,-0.2503466666666667
2024-12-05 12:00:00+00:00,-0.146985
2024-12-05 13:00:00+00:00,-0.04764666666666666
2024-12-05 14:00:00+00:00,0.05169166666666669
2024-12-05 15:00:00+00:00,0.15103
2024-12-05 16:00:00+00:00,0.5684833333333332
2024-12-05 17:00:00+00:00,0.9859366666666666
2024-12-05 18:00:00+00:00,1.40339
2024-12-05 19:00:00+00:00,1.1271746666666667
2024-12-05 20:00:00+00:00,0.8509593333333333
2024-12-05 21:00:00+00:00,0.574744
2024-12-05 22:00:00+00:00,0.42767933333333336
2024-12-05 23:00:00+00:00,0.2806146666666667
2024-12-06 00:00:00+00:00,0.13355
2024-12-06 01:00:00+00:00,0.3189333333333333
2024-12-06 02:00:00+00:00,0.5043166666666666
2024-12-06 03:00:00+00:00,0.6897
2024-12-06 04:00:00+00:00,0.5197543333333333
2024-12-06 05:00:00+00:00,0.34980866666666666
2024-12-06 06:00:00+00:00,0.179863
2024-12-06 07:00:00+00:00,0.42742
2024-12-06 08:00:00+00:00,0.6749769999999999
2024-12-06 09:00:00+00:00,0.922534
2024-12-06 10:00:00+00:00,0.6338499666666666
2024-12-06 11:00:00+00:00,0.34516593333333334
2024-12-06 12:00:00+00:00,0.0564819
2024-12-06 13:00:00+00:00,0.14330226666666668
2024-12-06 14:00:00+00:00,0.23012263333333333
2024-12-06 15:00:00+00:00,0.316943
2024-12-06 16:00:00+00:00,0.553152
2024-12-06 17:00:00+00:00,0.789361
2024-12-06 18:00:00+00:00,1.02557
2024-12-06 19:00:00+00:00,1.3507866666666668
2024-12-06 20:00:00+00:00,1.6760033333333335
2024-12-06 21:00:00+00:00,2.00122
2024-12-06 22:00:00+00:00,1.74466
2024-12-06 23:00:00+00:00,1.4881000000000002
2024-12-07 00:00:00+00:00,1.23154
2024-12-07 01:00:00+00:00,0.9789573333333335
2024-12-07 02:00:00+00:00,0.7263746666666667
2024-12-07 03:00:00+00:00,0.473792
2024-12-07 04:00:00+00:00,-0.5483486666666668
2024-12-07 05:00:00+00:00,-1.5704893333333336
2024-12-07 06:00:00+00:00,-2.59263
2024-12-07 07:00:00+00:00,-3.0569133333333336
2024-12-07 08:00:00+00:00,-3.5211966666666665
2024-12-07 09:00:00+00:00,-3.98548
2024-12-07 10:00:00+00:00,-5.698583333333334
2024-12-07 11:00:00+00:00,-7.411686666666667
2024-12-07 12:00:00+00:00,-9.12479
2024-12-07 13:00:00+00:00,-9.257733333333334
2024-12-07 14:00:00+00:00,-9.390676666666666
2024-12-07 15:00:00+00:00,-9.52362
2024-12-07 16:00:00+00:00,-9.00269
2024-12-07 17:00:00+00:00,-8.48176
2024-12-07 18:00:00+00:00,-7.96083
2024-12-07 19:00:00+00:00,-8.56331
2024-12-07 20:00:00+00:00,-9.16579
2024-12-07 21:00:00+00:00,-9.76827
2024-12-07 22:00:00+00:00,-9.864246666666666
2024-12-07 23:00:00+00:00,-9.960223333333333
2024-12-08 00:00:00+00:00,-10.0562
2024-12-08 01:00:00+00:00,-8.98476
2024-12-08 02:00:00+00:00,-7.913320000000001
2024-12-08 03:00:00+00:00,-6.84188
2024-12-08 04:00:00+00:00,-8.627253333333334
2024-12-08 05:00:00+00:00,-10.412626666666666
2024-12-08 06:00:00+00:00,-12.198
2024-12-08 07:00:00+00:00,-11.959766666666667
2024-12-08 08:00:00+00:00,-11.721533333333333
2024-12-08 09:00:00+00:00,-11.4833
2024-12-08 10:00:00+00:00,-9.460173333333334
2024-12-08 11:00:00+00:00,-7.437046666666666
2024-12-08 12:00:00+00:00,-5.41392
2024-12-08 13:00:00+00:00,-7.572246666666667
2024-12-08 14:00:00+00:00,-9.730573333333332
2024-12-08 15:00:00+00:00,-11.8889
2024-12-08 16:00:00+00:00,-11.4203
2024-12-08 17:00:00+00:00,-10.9517
2024-12-08 18:00:00+00:00,-10.4831
2024-12-08 19:00:00+00:00,-9.962396666666667
2024-12-08 20:00:00+00:00,-9.441693333333333
2024-12-08 21:00:00+00:00,-8.92099
2024-12-08 22:00:00+00:00,-8.712323333333334
2024-12-08 23:00:00+00:00,-8.503656666666666
2024-12-09 00:00:00+00:00,-8.29499
2024-12-09 01:00:00+00:00,-7.50203
2024-12-09 02:00:00+00:00,-6.70907
2024-12-09 03:00:00+00:00,-5.91611
2024-12-09 04:00:00+00:00,-6.312213333333333
2024-12-09 05:00:00+00:00,-6.708316666666667
2024-12-09 06:00:00+00:00,-7.10442
2024-12-09 07:00:00+00:00,-6.588776666666667
2024-12-09 08:00:00+00:00,-6.073133333333333
2024-12-09 09:00:00+00:00,-5.55749
2024-12-09 10:00:00+00:00,-6.089683333333333
2024-12-09 11:00:00+00:00,-6.621876666666666
2024-12-09 12:00:00+00:00,-7.15407
2024-12-09 13:00:00+00:00,-7.50984
2024-12-09 14:00:00+00:00,-7.86561
2024-12-09 15:00:00+00:00,-8.22138
2024-12-09 16:00:00+00:00,-7.626686666666666
2024-12-09 17:00:00+00:00,-7.031993333333333
2024-12-09 18:00:00+00:00,-6.4373
2024-12-09 19:00:00+00:00,-5.2253799999999995
2024-12-09 20:00:00+00:00,-4.01346
2024-12-09 21:00:00+00:00,-2.80154
2024-12-09 22:00:00+00:00,-2.7633933333333336
2024-12-09 23:00:00+00:00,-2.7252466666666666
2024-12-10 00:00:00+00:00,-2.6871
2024-12-10 01:00:00+00:00,-3.354546666666667
2024-12-10 02:00:00+00:00,-4.0219933333333335
2024-12-10 03:00:00+00:00,-4.68944
2024-12-10 04:00:00+00:00,-4.04135
2024-12-10 05:00:00+00:00,-3.3932599999999997
2024-12-10 06:00:00+00:00,-2.74517
2024-12-10 07:00:00+00:00,-2.717173333333333
2024-12-10 08:00:00+00:00,-2.6891766666666665
2024-12-10 09:00:00+00:00,-2.66118
2024-12-10 10:00:00+00:00,-2.059763
2024-12-10 11:00:00+00:00,-1.458346
2024-12-10 12:00:00+00:00,-0.856929
2024-12-10 13:00:00+00:00,0.0023006666666667286
2024-12-10 14:00:00+00:00,0.8615303333333335
2024-12-10 15:00:00+00:00,1.72076
2024-12-10 16:00:00+00:00,1.9652266666666667
2024-12-10 17:00:00+00:00,2.209693333333333
2024-12-10 18:00:00+00:00,2.45416
2024-12-10 19:00:00+00:00,0.7404466666666665
2024-12-10 20:00:00+00:00,-0.973266666666667
2024-12-10 21:00:00+00:00,-2.68698
2024-12-10 22:00:00+00:00,-2.5948966666666666
2024-12-10 23:00:00+00:00,-2.5028133333333336
2024-12-11 00:00:00+00:00,-2.41073
2024-12-11 01:00:00+00:00,-2.7673233333333336
2024-12-11 02:00:00+00:00,-3.1239166666666667
2024-12-11 03:00:00+00:00,-3.48051
2024-12-11 04:00:00+00:00,-3.5355600000000003
2024-12-11 05:00:00+00:00,-3.59061
2024-12-11 06:00:00+00:00,-3.64566
2024-12-11 07:00:00+00:00,-3.1267666666666667
2024-12-11 08:00:00+00:00,-2.607873333333333
2024-12-11 09:00:00+00:00,-2.08898
2024-12-11 10:00:00+00:00,-1.1668296666666667
2024-12-11 11:00:00+00:00,-0.24467933333333325
2024-12-11 12:00:00+00:00,0.677471
2024-12-11 13:00:00+00:00,0.19751933333333332
2024-12-11 14:00:00+00:00,-0.2824323333333334
2024-12-11 15:00:00+00:00,-0.762384
2024-12-11 16:00:00+00:00,-1.7056493333333331
2024-12-11 17:00:00+00:00,-2.6489146666666663
2024-12-11 18:00:00+00:00,-3.59218
2024-12-11 19:00:00+00:00,-3.5608766666666667
2024-12-11 20:00:00+00:00,-3.5295733333333335
2024-12-11 21:00:00+00:00,-3.49827
2024-12-11 22:00:00+00:00,-2.087079
2024-12-11 23:00:00+00:00,-0.6758880000000005
2024-12-12 00:00:00+00:00,0.735303
2024-12-12 01:00:00+00:00,0.16591600000000006
2024-12-12 02:00:00+00:00,-0.4034709999999999
2024-12-12 03:00:00+00:00,-0.972858
2024-12-12 04:00:00+00:00,-1.6207853333333335
2024-12-12 05:00:00+00:00,-2.2687126666666666
2024-12-12 06:00:00+00:00,-2.91664
2024-12-12 07:00:00+00:00,-2.6686666666666667
2024-12-12 08:00:00+00:00,-2.4206933333333334
2024-12-12 09:00:00+00:00,-2.17272
2024-12-12 10:00:00+00:00,-1.9677133333333334
2024-12-12 11:00:00+00:00,-1.7627066666666666
2024-12-12 12:00:00+00:00,-1.5577
2024-12-12 13:00:00+00:00,-0.9301170000000001
2024-12-12 14:00:00+00:00,-0.3025340000000001
2024-12-12 15:00:00+00:00,0.325049
2024-12-12 16:00:00+00:00,-0.31544733333333336
2024-12-12 17:00:00+00:00,-0.9559436666666667
2024-12-12 18:00:00+00:00,-1.59644
2024-12-12 19:00:00+00:00,-1.1672463333333334
2024-12-12 20:00:00+00:00,-0.7380526666666667
2024-12-12 21:00:00+00:00,-0.308859
2024-12-12 22:00:00+00:00,-0.005784999999999985
2024-12-12 23:00:00+00:00,0.297289
2024-12-13 00:00:00+00:00,0.600363
2024-12-13 01:00:00+00:00,1.1888986666666668
2024-12-13 02:00:00+00:00,1.7774343333333333
2024-12-13 03:00:00+00:00,2.36597
2024-12-13 04:00:00+00:00,2.9761366666666667
2024-12-13 05:00:00+00:00,3.5863033333333334
2024-12-13 06:00:00+00:00,4.19647
2024-12-13 07:00:00+00:00,4.169813333333333
2024-12-13 08:00:00+00:00,4.143156666666667
2024-12-13 09:00:00+00:00,4.1165
2024-12-13 10:00:00+00:00,3.4101000000000004
2024-12-13 11:00:00+00:00,2.7037000000000004
2024-12-13 12:00:00+00:00,1.9973
2024-12-13 13:00:00+00:00,1.92133
2024-12-13 14:00:00+00:00,1.8453600000000001
2024-12-13 15:00:00+00:00,1.76939
2024-12-13 16:00:00+00:00,1.4163086666666667
2024-12-13 17:00:00+00:00,1.0632273333333333
2024-12-13 18:00:00+00:00,0.710146
2024-12-13 19:00:00+00:00,0.9491206666666667
2024-12-13 20:00:00+00:00,1.1880953333333335
2024-12-13 21:00:00+00:00,1.42707
2024-12-13 22:00:00+00:00,1.4615433333333334
2024-12-13 23:00:00+00:00,1.4960166666666666
2024-12-14 00:00:00+00:00,1.53049
2024-12-14 01:00:00+00:00,1.0385049666666666
2024-12-14 02:00:00+00:00,0.5465199333333333
2024-12-14 03:00:00+00:00,0.0545349
2024-12-14 04:00:00+00:00,-0.3650000666666666
2024-12-14 05:00:00+00:00,-0.7845350333333332
2024-12-14 06:00:00+00:00,-1.20407
2024-12-14 07:00:00+00:00,-1.2540666666666667
2024-12-14 08:00:00+00:00,-1.3040633333333334
2024-12-14 09:00:00+00:00,-1.35406
2024-12-14 10:00:00+00:00,-1.42057
2024-12-14 11:00:00+00:00,-1.48708
2024-12-14 12:00:00+00:00,-1.55359
2024-12-14 13:00:00+00:00,-1.325192
2024-12-14 14:00:00+00:00,-1.096794
2024-12-14 15:00:00+00:00,-0.868396
2024-12-14 16:00:00+00:00,-0.464026
2024-12-14 17:00:00+00:00,-0.05965600000000004
2024-12-14 18:00:00+00:00,0.344714
2024-12-14 19:00:00+00:00,-0.2607739999999999
2024-12-14 20:00:00+00:00,-0.8662619999999999
2024-12-14 21:00:00+00:00,-1.47175
2024-12-14 22:00:00+00:00,-1.7223066666666667
2024-12-14 23:00:00+00:00,-1.9728633333333332
2024-12-15 00:00:00+00:00,-2.22342
2024-12-15 01:00:00+00:00,-2.5099
2024-12-15 02:00:00+00:00,-2.79638
2024-12-15 03:00:00+00:00,-3.08286
2024-12-15 04:00:00+00:00,-3.40384
2024-12-15 05:00:00+00:00,-3.72482
2024-12-15 06:00:00+00:00,-4.0458
2024-12-15 07:00:00+00:00,-3.7047566666666665
2024-12-15 08:00:00+00:00,-3.3637133333333336
2024-12-15 09:00:00+00:00,-3.02267
2024-12-15 10:00:00+00:00,-2.325229666666667
2024-12-15 11:00:00+00:00,-1.6277893333333335
2024-12-15 12:00:00+00:00,-0.930349
2024-12-15 13:00:00+00:00,-0.5800423333333333
2024-12-15 14:00:00+00:00,-0.22973566666666656
2024-12-15 15:00:00+00:00,0.120571
2024-12-15 16:00:00+00:00,-0.42644933333333335
2024-12-15 17:00:00+00:00,-0.9734696666666667
2024-12-15 18:00:00+00:00,-1.52049
2024-12-15 19:00:00+00:00,-2.49782
2024-12-15 20:00:00+00:00,-3.47515
2024-12-15 21:00:00+00:00,-4.45248
2024-12-15 22:00:00+00:00,-3.943866666666667
2024-12-15 23:00:00+00:00,-3.4352533333333337
2024-12-16 00:00:00+00:00,-2.92664
2024-12-16 01:00:00+00:00,-3.0755266666666667
2024-12-16 02:00:00+00:00,-3.224413333333333
2024-12-16 03:00:00+00:00,-3.3733
2024-12-16 04:00:00+00:00,-2.9499933333333335
2024-12-16 05:00:00+00:00,-2.5266866666666665
2024-12-16 06:00:00+00:00,-2.10338
2024-12-16 07:00:00+00:00,-2.2861966666666667
2024-12-16 08:00:00+00:00,-2.4690133333333333
2024-12-16 09:00:00+00:00,-2.65183
2024-12-16 10:00:00+00:00,-2.2238566666666664
2024-12-16 11:00:00+00:00,-1.7958833333333333
2024-12-16 12:00:00+00:00,-1.36791
2024-12-16 13:00:00+00:00,-1.169655
2024-12-16 14:00:00+00:00,-0.9714
2024-12-16 15:00:00+00:00,-0.773145
2024-12-16 16:00:00+00:00,-1.6430533333333335
2024-12-16 17:00:00+00:00,-2.5129616666666665
2024-12-16 18:00:00+00:00,-3.38287
2024-12-16 19:00:00+00:00,-2.5310093333333334
2024-12-16 20:00:00+00:00,-1.6791486666666666
2024-12-16 21:00:00+00:00,-0.827288
2024-12-16 22:00:00+00:00,-0.8264123333333333
2024-12-16 23:00:00+00:00,-0.8255366666666667
2024-12-17 00:00:00+00:00,-0.824661
2024-12-17 01:00:00+00:00,-0.7375563333333334
2024-12-17 02:00:00+00:00,-0.6504516666666667
2024-12-17 03:00:00+00:00,-0.563347
2024-12-17 04:00:00+00:00,-0.5915210000000001
2024-12-17 05:00:00+00:00,-0.619695
2024-12-17 06:00:00+00:00,-0.647869
2024-12-17 07:00:00+00:00,-0.579411
2024-12-17 08:00:00+00:00,-0.510953
2024-12-17 09:00:00+00:00,-0.442495
2024-12-17 10:00:00+00:00,-0.23278400000000002
2024-12-17 11:00:00+00:00,-0.02307300000000001
2024-12-17 12:00:00+00:00,0.186638
2024-12-17 13:00:00+00:00,0.4105856666666667
2024-12-17 14:00:00+00:00,0.6345333333333334
2024-12-17 15:00:00+00:00,0.858481
2024-12-17 16:00:00+00:00,0.6851170000000001
2024-12-17 17:00:00+00:00,0.5117530000000001
2024-12-17 18:00:00+00:00,0.338389
2024-12-17 19:00:00+00:00,0.21355573333333333
2024-12-17 20:00:00+00:00,0.08872246666666667
2024-12-17 21:00:00+00:00,-0.0361108
2024-12-17 22:00:00+00:00,-0.06966320000000001
2024-12-17 23:00:00+00:00,-0.1032156
2024-12-18 00:00:00+00:00,-0.136768
2024-12-18 01:00:00+00:00,-0.05699333333333334
2024-12-18 02:00:00+00:00,0.02278133333333332
2024-12-18 03:00:00+00:00,0.102556
2024-12-18 04:00:00+00:00,0.22950933333333334
2024-12-18 05:00:00+00:00,0.35646266666666665
2024-12-18 06:00:00+00:00,0.483416
2024-12-18 07:00:00+00:00,0.387855
2024-12-18 08:00:00+00:00,0.292294
2024-12-18 09:00:00+00:00,0.196733
2024-12-18 10:00:00+00:00,0.41051066666666663
2024-12-18 11:00:00+00:00,0.6242883333333333
2024-12-18 12:00:00+00:00,0.838066
2024-12-18 13:00:00+00:00,1.4095840000000002
2024-12-18 14:00:00+00:00,1.9811020000000001
2024-12-18 15:00:00+00:00,2.55262
2024-12-18 16:00:00+00:00,3.0811766666666665
2024-12-18 17:00:00+00:00,3.609733333333333
2024-12-18 18:00:00+00:00,4.13829
2024-12-18 19:00:00+00:00,4.482213333333333
2024-12-18 20:00:00+00:00,4.826136666666667
2024-12-18 21:00:00+00:00,5.17006
2024-12-18 22:00:00+00:00,5.41256
2024-12-18 23:00:00+00:00,5.655060000000001
2024-12-19 00:00:00+00:00,5.89756
2024-12-19 01:00:00+00:00,5.735843333333333
2024-12-19 02:00:00+00:00,5.574126666666667
2024-12-19 03:00:00+00:00,5.41241
2024-12-19 04:00:00+00:00,5.234893333333334
2024-12-19 05:00:00+00:00,5.057376666666666
2024-12-19 06:00:00+00:00,4.87986
2024-12-19 07:00:00+00:00,4.7293666666666665
2024-12-19 08:00:00+00:00,4.578873333333333
2024-12-19 09:00:00+00:00,4.42838
2024-12-19 10:00:00+00:00,3.4827733333333333
2024-12-19 11:00:00+00:00,2.537166666666667
2024-12-19 12:00:00+00:00,1.59156
2024-12-19 13:00:00+00:00,0.3750266666666666
2024-12-19 14:00:00+00:00,-0.8415066666666668
2024-12-19 15:00:00+00:00,-2.05804
2024-12-19 16:00:00+00:00,-2.5239933333333333
2024-12-19 17:00:00+00:00,-2.989946666666667
2024-12-19 18:00:00+00:00,-3.4559
2024-12-19 19:00:00+00:00,-4.2526600000000006
2024-12-19 20:00:00+00:00,-5.0494200000000005
2024-12-19 21:00:00+00:00,-5.84618
2024-12-19 22:00:00+00:00,-5.4632233333333335
2024-12-19 23:00:00+00:00,-5.080266666666667
2024-12-20 00:00:00+00:00,-4.69731
2024-12-20 01:00:00+00:00,-4.0866766666666665
2024-12-20 02:00:00+00:00,-3.476043333333333
2024-12-20 03:00:00+00:00,-2.86541
2024-12-20 04:00:00+00:00,-2.3493966666666664
2024-12-20 05:00:00+00:00,-1.8333833333333331
2024-12-20 06:00:00+00:00,-1.31737
2024-12-20 07:00:00+00:00,-0.7555553333333332
2024-12-20 08:00:00+00:00,-0.19374066666666656
2024-12-20 09:00:00+00:00,0.368074
2024-12-20 10:00:00+00:00,-0.25205733333333336
2024-12-20 11:00:00+00:00,-0.8721886666666667
2024-12-20 12:00:00+00:00,-1.49232
2024-12-20 13:00:00+00:00,-1.3658866666666667
2024-12-20 14:00:00+00:00,-1.2394533333333333
2024-12-20 15:00:00+00:00,-1.11302
2024-12-20 16:00:00+00:00,-0.8573176666666666
2024-12-20 17:00:00+00:00,-0.6016153333333333
2024-12-20 18:00:00+00:00,-0.345913
2024-12-20 19:00:00+00:00,-1.276052
2024-12-20 20:00:00+00:00,-2.206191
2024-12-20 21:00:00+00:00,-3.13633
2024-12-20 22:00:00+00:00,-3.0228833333333336
2024-12-20 23:00:00+00:00,-2.9094366666666667
2024-12-21 00:00:00+00:00,-2.79599
2024-12-21 01:00:00+00:00,-3.0347633333333333
2024-12-21 02:00:00+00:00,-3.2735366666666668
2024-12-21 03:00:00+00:00,-3.51231
2024-12-21 04:00:00+00:00,-3.5634333333333332
2024-12-21 05:00:00+00:00,-3.6145566666666666
2024-12-21 06:00:00+00:00,-3.66568
2024-12-21 07:00:00+00:00,-3.4649633333333334
2024-12-21 08:00:00+00:00,-3.2642466666666667
2024-12-21 09:00:00+00:00,-3.06353
2024-12-21 10:00:00+00:00,-2.81746
2024-12-21 11:00:00+00:00,-2.57139
2024-12-21 12:00:00+00:00,-2.32532
2024-12-21 13:00:00+00:00,-1.7909726666666668
2024-12-21 14:00:00+00:00,-1.2566253333333333
2024-12-21 15:00:00+00:00,-0.722278
2024-12-21 16:00:00+00:00,-0.9999553333333333
2024-12-21 17:00:00+00:00,-1.2776326666666666
2024-12-21 18:00:00+00:00,-1.55531
2024-12-21 19:00:00+00:00,-1.7697166666666666
2024-12-21 20:00:00+00:00,-1.9841233333333332
2024-12-21 21:00:00+00:00,-2.19853
2024-12-21 22:00:00+00:00,-1.7387676666666667
2024-12-21 23:00:00+00:00,-1.2790053333333335
2024-12-22 00:00:00+00:00,-0.819243
2024-12-22 01:00:00+00:00,-0.9941486666666667
2024-12-22 02:00:00+00:00,-1.1690543333333334
2024-12-22 03:00:00+00:00,-1.34396
2024-12-22 04:00:00+00:00,-0.46091000000000004
2024-12-22 05:00:00+00:00,0.42213999999999996
2024-12-22 06:00:00+00:00,1.30519
2024-12-22 07:00:00+00:00,0.9505806666666667
2024-12-22 08:00:00+00:00,0.5959713333333334
2024-12-22 09:00:00+00:00,0.241362
2024-12-22 10:00:00+00:00,0.14749653333333335
2024-12-22 11:00:00+00:00,0.05363106666666667
2024-12-22 12:00:00+00:00,-0.0402344
2024-12-22 13:00:00+00:00,0.5308137333333333
2024-12-22 14:00:00+00:00,1.1018618666666666
2024-12-22 15:00:00+00:00,1.67291
2024-12-22 16:00:00+00:00,-0.2558166666666668
2024-12-22 17:00:00+00:00,-2.1845433333333335
2024-12-22 18:00:00+00:00,-4.11327
2024-12-22 19:00:00+00:00,-6.18018
2024-12-22 20:00:00+00:00,-8.24709
2024-12-22 21:00:00+00:00,-10.314
2024-12-22 22:00:00+00:00,-9.881103333333334
2024-12-22 23:00:00+00:00,-9.448206666666666
2024-12-23 00:00:00+00:00,-9.01531
2024-12-23 01:00:00+00:00,-8.623093333333333
2024-12-23 02:00:00+00:00,-8.230876666666667
2024-12-23 03:00:00+00:00,-7.83866
2024-12-23 04:00:00+00:00,-6.851696666666666
2024-12-23 05:00:00+00:00,-5.864733333333334
2024-12-23 06:00:00+00:00,-4.87777
2024-12-23 07:00:00+00:00,-4.955383333333334
2024-12-23 08:00:00+00:00,-5.032996666666667
2024-12-23 09:00:00+00:00,-5.11061
2024-12-23 10:00:00+00:00,-5.909033333333333
2024-12-23 11:00:00+00:00,-6.707456666666667
2024-12-23 12:00:00+00:00,-7.50588
2024-12-23 13:00:00+00:00,-7.96024
2024-12-23 14:00:00+00:00,-8.4146
2024-12-23 15:00:00+00:00,-8.86896
2024-12-23 16:00:00+00:00,-7.572643333333333
2024-12-23 17:00:00+00:00,-6.276326666666666
2024-12-23 18:00:00+00:00,-4.98001
2024-12-23 19:00:00+00:00,-4.979573333333334
2024-12-23 20:00:00+00:00,-4.979136666666666
2024-12-23 21:00:00+00:00,-4.9787
2024-12-23 22:00:00+00:00,-4.9027
2024-12-23 23:00:00+00:00,-4.8267
2024-12-24 00:00:00+00:00,-4.7507
2024-12-24 01:00:00+00:00,-4.510716666666667
2024-12-24 02:00:00+00:00,-4.270733333333333
2024-12-24 03:00:00+00:00,-4.03075
2024-12-24 04:00:00+00:00,-3.9034533333333337
2024-12-24 05:00:00+00:00,-3.7761566666666666
2024-12-24 06:00:00+00:00,-3.64886
2024-12-24 07:00:00+00:00,-3.57789
2024-12-24 08:00:00+00:00,-3.50692
2024-12-24 09:00:00+00:00,-3.43595
2024-12-24 10:00:00+00:00,-2.950736666666667
2024-12-24 11:00:00+00:00,-2.4655233333333335
2024-12-24 12:00:00+00:00,-1.98031
2024-12-24 13:00:00+00:00,-2.3873766666666665
2024-12-24 14:00:00+00:00,-2.794443333333333
2024-12-24 15:00:00+00:00,-3.20151
2024-12-24 16:00:00+00:00,-3.4763033333333335
2024-12-24 17:00:00+00:00,-3.7510966666666667
2024-12-24 18:00:00+00:00,-4.02589
2024-12-24 19:00:00+00:00,-3.7629400000000004
2024-12-24 20:00:00+00:00,-3.49999
2024-12-24 21:00:00+00:00,-3.23704
2024-12-24 22:00:00+00:00,-3.50608
2024-12-24 23:00:00+00:00,-3.77512
2024-12-25 00:00:00+00:00,-4.04416
2024-12-25 01:00:00+00:00,-4.41474
2024-12-25 02:00:00+00:00,-4.78532
2024-12-25 03:00:00+00:00,-5.1559
2024-12-25 04:00:00+00:00,-5.135883333333333
2024-12-25 05:00:00+00:00,-5.115866666666667
2024-12-25 06:00:00+00:00,-5.09585
2024-12-25 07:00:00+00:00,-4.76097
2024-12-25 08:00:00+00:00,-4.42609
2024-12-25 09:00:00+00:00,-4.09121
2024-12-25 10:00:00+00:00,-3.035048333333333
2024-12-25 11:00:00+00:00,-1.9788866666666665
2024-12-25 12:00:00+00:00,-0.922725
2024-12-25 13:00:00+00:00,-0.6516426666666666
2024-12-25 14:00:00+00:00,-0.3805603333333333
2024-12-25 15:00:00+00:00,-0.109478
2024-12-25 16:00:00+00:00,-0.6243553333333333
2024-12-25 17:00:00+00:00,-1.1392326666666666
2024-12-25 18:00:00+00:00,-1.65411
2024-12-25 19:00:00+00:00,-0.9182023333333332
2024-12-25 20:00:00+00:00,-0.1822946666666665
2024-12-25 21:00:00+00:00,0.553613
2024-12-25 22:00:00+00:00,0.7755386666666667
2024-12-25 23:00:00+00:00,0.9974643333333333
2024-12-26 00:00:00+00:00,1.21939
2024-12-26 01:00:00+00:00,1.1062763333333332
2024-12-26 02:00:00+00:00,0.9931626666666666
2024-12-26 03:00:00+00:00,0.880049
2024-12-26 04:00:00+00:00,0.8214543333333333
2024-12-26 05:00:00+00:00,0.7628596666666667
2024-12-26 06:00:00+00:00,0.704265
2024-12-26 07:00:00+00:00,0.4894554666666667
2024-12-26 08:00:00+00:00,0.27464593333333337
2024-12-26 09:00:00+00:00,0.0598364
2024-12-26 10:00:00+00:00,-0.03925606666666667
2024-12-26 11:00:00+00:00,-0.13834853333333336
2024-12-26 12:00:00+00:00,-0.237441
2024-12-26 13:00:00+00:00,-0.1685585
2024-12-26 14:00:00+00:00,-0.09967600000000001
2024-12-26 15:00:00+00:00,-0.0307935
2024-12-26 16:00:00+00:00,-0.37895233333333334
2024-12-26 17:00:00+00:00,-0.7271111666666668
2024-12-26 18:00:00+00:00,-1.07527
2024-12-26 19:00:00+00:00,-0.5276613333333333
2024-12-26 20:00:00+00:00,0.019947333333333317
2024-12-26 21:00:00+00:00,0.567556
2024-12-26 22:00:00+00:00,1.0523906666666667
2024-12-26 23:00:00+00:00,1.5372253333333334
2024-12-27 00:00:00+00:00,2.02206
2024-12-27 01:00:00+00:00,1.6336846666666667
2024-12-27 02:00:00+00:00,1.2453093333333332
2024-12-27 03:00:00+00:00,0.856934
2024-12-27 04:00:00+00:00,0.8415976666666667
2024-12-27 05:00:00+00:00,0.8262613333333333
2024-12-27 06:00:00+00:00,0.810925
2024-12-27 07:00:00+00:00,0.16082000000000007
2024-12-27 08:00:00+00:00,-0.48928499999999986
2024-12-27 09:00:00+00:00,-1.13939
2024-12-27 10:00:00+00:00,-0.6073563333333333
2024-12-27 11:00:00+00:00,-0.07532266666666665
2024-12-27 12:00:00+00:00,0.456711
2024-12-27 13:00:00+00:00,0.351577
2024-12-27 14:00:00+00:00,0.246443
2024-12-27 15:00:00+00:00,0.141309
2024-12-27 16:00:00+00:00,0.15461133333333332
2024-12-27 17:00:00+00:00,0.16791366666666666
2024-12-27 18:00:00+00:00,0.181216
2024-12-27 19:00:00+00:00,0.29851333333333335
2024-12-27 20:00:00+00:00,0.41581066666666666
2024-12-27 21:00:00+00:00,0.533108
2024-12-27 22:00:00+00:00,0.5258153333333333
2024-12-27 23:00:00+00:00,0.5185226666666667
2024-12-28 00:00:00+00:00,0.51123
2024-12-28 01:00:00+00:00,0.2880513333333333
2024-12-28 02:00:00+00:00,0.06487266666666669
2024-12-28 03:00:00+00:00,-0.158306
2024-12-28 04:00:00+00:00,-0.287724
2024-12-28 05:00:00+00:00,-0.417142
2024-12-28 06:00:00+00:00,-0.54656
2024-12-28 07:00:00+00:00,-0.7663166666666666
2024-12-28 08:00:00+00:00,-0.9860733333333334
2024-12-28 09:00:00+00:00,-1.20583
2024-12-28 10:00:00+00:00,-1.134502
2024-12-28 11:00:00+00:00,-1.063174
2024-12-28 12:00:00+00:00,-0.991846
2024-12-28 13:00:00+00:00,-0.8873603333333333
2024-12-28 14:00:00+00:00,-0.7828746666666667
2024-12-28 15:00:00+00:00,-0.678389
2024-12-28 16:00:00+00:00,-0.7911126666666667
2024-12-28 17:00:00+00:00,-0.9038363333333332
2024-12-28 18:00:00+00:00,-1.01656
2024-12-28 19:00:00+00:00,-1.2762566666666666
2024-12-28 20:00:00+00:00,-1.5359533333333333
2024-12-28 21:00:00+00:00,-1.79565
2024-12-28 22:00:00+00:00,-1.7018366666666667
2024-12-28 23:00:00+00:00,-1.6080233333333334
2024-12-29 00:00:00+00:00,-1.51421
2024-12-29 01:00:00+00:00,-1.5622933333333333
2024-12-29 02:00:00+00:00,-1.6103766666666668
2024-12-29 03:00:00+00:00,-1.65846
2024-12-29 04:00:00+00:00,-1.69744
2024-12-29 05:00:00+00:00,-1.73642
2024-12-29 06:00:00+00:00,-1.7754
2024-12-29 07:00:00+00:00,-1.6350266666666666
2024-12-29 08:00:00+00:00,-1.4946533333333334
2024-12-29 09:00:00+00:00,-1.35428
2024-12-29 10:00:00+00:00,-1.0659399999999999
2024-12-29 11:00:00+00:00,-0.7776
2024-12-29 12:00:00+00:00,-0.48926
2024-12-29 13:00:00+00:00,-0.530361
2024-12-29 14:00:00+00:00,-0.5714619999999999
2024-12-29 15:00:00+00:00,-0.612563
2024-12-29 16:00:00+00:00,-1.0241653333333334
2024-12-29 17:00:00+00:00,-1.4357676666666666
2024-12-29 18:00:00+00:00,-1.84737
2024-12-29 19:00:00+00:00,-1.72808
2024-12-29 20:00:00+00:00,-1.60879
2024-12-29 21:00:00+00:00,-1.4895
2024-12-29 22:00:00+00:00,-0.9140066666666667
2024-12-29 23:00:00+00:00,-0.33851333333333344
2024-12-30 00:00:00+00:00,0.23698
2024-12-30 01:00:00+00:00,-0.18416333333333337
2024-12-30 02:00:00+00:00,-0.6053066666666668
2024-12-30 03:00:00+00:00,-1.02645
2024-12-30 04:00:00+00:00,-1.0009016666666668
2024-12-30 05:00:00+00:00,-0.9753533333333334
2024-12-30 06:00:00+00:00,-0.949805
2024-12-30 07:00:00+00:00,-0.877982
2024-12-30 08:00:00+00:00,-0.806159
2024-12-30 09:00:00+00:00,-0.734336
2024-12-30 10:00:00+00:00,-0.696044
2024-12-30 11:00:00+00:00,-0.657752
2024-12-30 12:00:00+00:00,-0.61946
2024-12-30 13:00:00+00:00,-0.5365856666666666
2024-12-30 14:00:00+00:00,-0.45371133333333336
2024-12-30 15:00:00+00:00,-0.370837
2024-12-30 16:00:00+00:00,-0.9324379999999999
2024-12-30 17:00:00+00:00,-1.494039
2024-12-30 18:00:00+00:00,-2.05564
2024-12-30 19:00:00+00:00,-2.1346233333333333
2024-12-30 20:00:00+00:00,-2.2136066666666667
2024-12-30 21:00:00+00:00,-2.29259
2024-12-30 22:00:00+00:00,-2.23604
2024-12-30 23:00:00+00:00,-2.17949
2024-12-31 00:00:00+00:00,-2.12294
2024-12-31 01:00:00+00:00,-2.12587
2024-12-31 02:00:00+00:00,-2.1288
2024-12-31 03:00:00+00:00,-2.13173
2024-12-31 04:00:00+00:00,-2.1122733333333334
2024-12-31 05:00:00+00:00,-2.0928166666666668
2024-12-31 06:00:00+00:00,-2.07336
2024-12-31 07:00:00+00:00,-1.9192466666666668
2024-12-31 08:00:00+00:00,-1.7651333333333332
2024-12-31 09:00:00+00:00,-1.61102
2024-12-31 10:00:00+00:00,-1.45678
2024-12-31 11:00:00+00:00,-1.30254
2024-12-31 12:00:00+00:00,-1.1483
2024-12-31 13:00:00+00:00,-0.8710150000000001
2024-12-31 14:00:00+00:00,-0.59373
2024-12-31 15:00:00+00:00,-0.316445
2024-12-31 16:00:00+00:00,-0.9225933333333334
2024-12-31 17:00:00+00:00,-1.5287416666666669
2024-12-31 18:00:00+00:00,-2.13489
2024-12-31 19:00:00+00:00,-1.6217723333333334
2024-12-31 20:00:00+00:00,-1.1086546666666666
2024-12-31 21:00:00+00:00,-0.595537
2024-12-31 22:00:00+00:00,-0.595537
2024-12-31 23:00:00+00:00,-0.595537
