datetime_utc,da_import_pt_mw,da_export_pt_mw
2022-01-01 00:00:00+00:00,0,1291.2
2022-01-01 01:00:00+00:00,0,1340.3
2022-01-01 02:00:00+00:00,0,1635.7
2022-01-01 03:00:00+00:00,0,1545.4
2022-01-01 04:00:00+00:00,0,1768.5
2022-01-01 05:00:00+00:00,0,1514.5
2022-01-01 06:00:00+00:00,0,1326.6
2022-01-01 07:00:00+00:00,0,1145.2
2022-01-01 08:00:00+00:00,0,1667.6
2022-01-01 09:00:00+00:00,0,1874.3
2022-01-01 10:00:00+00:00,0,2338.6
2022-01-01 11:00:00+00:00,0,2832.2
2022-01-01 12:00:00+00:00,0,2851.6
2022-01-01 13:00:00+00:00,0,2643.3
2022-01-01 14:00:00+00:00,0,1860.6
2022-01-01 15:00:00+00:00,0,1357.1
2022-01-01 16:00:00+00:00,0,1343.5
2022-01-01 17:00:00+00:00,0,1045.7
2022-01-01 18:00:00+00:00,0,937.3
2022-01-01 19:00:00+00:00,0,122.9
2022-01-01 20:00:00+00:00,151.7,0
2022-01-01 21:00:00+00:00,0,513.6
2022-01-01 22:00:00+00:00,0,1611.9
2022-01-01 23:00:00+00:00,0,1581.9
2022-01-02 00:00:00+00:00,0,2023.8
2022-01-02 01:00:00+00:00,0,1970.9
2022-01-02 02:00:00+00:00,0,2039.9
2022-01-02 03:00:00+00:00,0,2077.6
2022-01-02 04:00:00+00:00,0,2345.2
2022-01-02 05:00:00+00:00,0,2170.9
2022-01-02 06:00:00+00:00,0,2063.4
2022-01-02 07:00:00+00:00,0,2281.5
2022-01-02 08:00:00+00:00,0,2158.7
2022-01-02 09:00:00+00:00,0,2779
2022-01-02 10:00:00+00:00,0,2880
2022-01-02 11:00:00+00:00,0,3420
2022-01-02 12:00:00+00:00,0,3375.9
2022-01-02 13:00:00+00:00,0,2997.4
2022-01-02 14:00:00+00:00,0,3375
2022-01-02 15:00:00+00:00,0,2748.9
2022-01-02 16:00:00+00:00,0,2035.8
2022-01-02 17:00:00+00:00,0,744.1
2022-01-02 18:00:00+00:00,0,366.1
2022-01-02 19:00:00+00:00,0,180.1
2022-01-02 20:00:00+00:00,0,263.8
2022-01-02 21:00:00+00:00,0,997.8
2022-01-02 22:00:00+00:00,0,1905.7
2022-01-02 23:00:00+00:00,0,990.7
2022-01-03 00:00:00+00:00,0,1448.6
2022-01-03 01:00:00+00:00,0,1477.2
2022-01-03 02:00:00+00:00,0,1695.9
2022-01-03 03:00:00+00:00,0,1995.4
2022-01-03 04:00:00+00:00,0,1643.8
2022-01-03 05:00:00+00:00,0,880.6
2022-01-03 06:00:00+00:00,0,298.4
2022-01-03 07:00:00+00:00,469.2,0
2022-01-03 08:00:00+00:00,91.8,0
2022-01-03 09:00:00+00:00,0,580.5
2022-01-03 10:00:00+00:00,0,1402.8
2022-01-03 11:00:00+00:00,0,1759.1
2022-01-03 12:00:00+00:00,0,1820.5
2022-01-03 13:00:00+00:00,0,2100
2022-01-03 14:00:00+00:00,0,2289.6
2022-01-03 15:00:00+00:00,0,1846.9
2022-01-03 16:00:00+00:00,0,832.5
2022-01-03 17:00:00+00:00,1084.9,0
2022-01-03 18:00:00+00:00,1060.4,0
2022-01-03 19:00:00+00:00,0,159.7
2022-01-03 20:00:00+00:00,0,775.6
2022-01-03 21:00:00+00:00,0,1040.1
2022-01-03 22:00:00+00:00,0,2240
2022-01-03 23:00:00+00:00,0,919.1
2022-01-04 00:00:00+00:00,0,869.5
2022-01-04 01:00:00+00:00,0,538.6
2022-01-04 02:00:00+00:00,0,1666.1
2022-01-04 03:00:00+00:00,0,1453.9
2022-01-04 04:00:00+00:00,189.8,0
2022-01-04 05:00:00+00:00,1273.5,0
2022-01-04 06:00:00+00:00,2207.5,0
2022-01-04 07:00:00+00:00,2748,0
2022-01-04 08:00:00+00:00,2864.4,0
2022-01-04 09:00:00+00:00,2216.5,0
2022-01-04 10:00:00+00:00,1364.4,0
2022-01-04 11:00:00+00:00,1109.5,0
2022-01-04 12:00:00+00:00,1363.7,0
2022-01-04 13:00:00+00:00,1367.8,0
2022-01-04 14:00:00+00:00,948,0
2022-01-04 15:00:00+00:00,921.5,0
2022-01-04 16:00:00+00:00,1197.9,0
2022-01-04 17:00:00+00:00,1520,0
2022-01-04 18:00:00+00:00,702.9,0
2022-01-04 19:00:00+00:00,0,533.9
2022-01-04 20:00:00+00:00,0,1884.5
2022-01-04 21:00:00+00:00,0,2118.5
2022-01-04 22:00:00+00:00,0,2340
2022-01-04 23:00:00+00:00,0,2565
2022-01-05 00:00:00+00:00,0,3240
2022-01-05 01:00:00+00:00,0,3159
2022-01-05 02:00:00+00:00,0,3240
2022-01-05 03:00:00+00:00,0,3312.7
2022-01-05 04:00:00+00:00,0,3069.1
2022-01-05 05:00:00+00:00,0,1285.4
2022-01-05 06:00:00+00:00,1014.1,0
2022-01-05 07:00:00+00:00,1507.7,0
2022-01-05 08:00:00+00:00,1357,0
2022-01-05 09:00:00+00:00,779.9,0
2022-01-05 10:00:00+00:00,0,251.1
2022-01-05 11:00:00+00:00,0,501.1
2022-01-05 12:00:00+00:00,0,213.4
2022-01-05 13:00:00+00:00,0,80.3
2022-01-05 14:00:00+00:00,0,0
2022-01-05 15:00:00+00:00,1066.5,0
2022-01-05 16:00:00+00:00,2062.1,0
2022-01-05 17:00:00+00:00,2523.1,0
2022-01-05 18:00:00+00:00,2819.8,0
2022-01-05 19:00:00+00:00,2319.1,0
2022-01-05 20:00:00+00:00,1447.6,0
2022-01-05 21:00:00+00:00,988.6,0
2022-01-05 22:00:00+00:00,0,876.1
2022-01-05 23:00:00+00:00,0,903.3
2022-01-06 00:00:00+00:00,0,1353.2
2022-01-06 01:00:00+00:00,0,2217.4
2022-01-06 02:00:00+00:00,0,2105.6
2022-01-06 03:00:00+00:00,0,2391.1
2022-01-06 04:00:00+00:00,0,2213.2
2022-01-06 05:00:00+00:00,0,982
2022-01-06 06:00:00+00:00,0,285.8
2022-01-06 07:00:00+00:00,0,252.8
2022-01-06 08:00:00+00:00,0,577.4
2022-01-06 09:00:00+00:00,0,1469.4
2022-01-06 10:00:00+00:00,0,1657.6
2022-01-06 11:00:00+00:00,0,1890.7
2022-01-06 12:00:00+00:00,0,1669.6
2022-01-06 13:00:00+00:00,0,2025.6
2022-01-06 14:00:00+00:00,0,2638.5
2022-01-06 15:00:00+00:00,0,1794.8
2022-01-06 16:00:00+00:00,0,119.3
2022-01-06 17:00:00+00:00,782.7,0
2022-01-06 18:00:00+00:00,729.1,0
2022-01-06 19:00:00+00:00,689.3,0
2022-01-06 20:00:00+00:00,284.7,0
2022-01-06 21:00:00+00:00,0,297
2022-01-06 22:00:00+00:00,0,596.3
2022-01-06 23:00:00+00:00,0,1825.4
2022-01-07 00:00:00+00:00,0,1724.8
2022-01-07 01:00:00+00:00,0,1263.5
2022-01-07 02:00:00+00:00,0,1268.4
2022-01-07 03:00:00+00:00,0,1780.5
2022-01-07 04:00:00+00:00,0,787.9
2022-01-07 05:00:00+00:00,0,443.9
2022-01-07 06:00:00+00:00,983.4,0
2022-01-07 07:00:00+00:00,1606.6,0
2022-01-07 08:00:00+00:00,1300.8,0
2022-01-07 09:00:00+00:00,269.6,0
2022-01-07 10:00:00+00:00,0,173.2
2022-01-07 11:00:00+00:00,0,659.5
2022-01-07 12:00:00+00:00,0,960.6
2022-01-07 13:00:00+00:00,0,1467.2
2022-01-07 14:00:00+00:00,0,1799.7
2022-01-07 15:00:00+00:00,0,1156.3
2022-01-07 16:00:00+00:00,0,852.8
2022-01-07 17:00:00+00:00,169.1,0
2022-01-07 18:00:00+00:00,0,451.8
2022-01-07 19:00:00+00:00,0,936.5
2022-01-07 20:00:00+00:00,0,1140.3
2022-01-07 21:00:00+00:00,0,1111.8
2022-01-07 22:00:00+00:00,0,1929
2022-01-07 23:00:00+00:00,0,648.1
2022-01-08 00:00:00+00:00,0,1380.5
2022-01-08 01:00:00+00:00,0,1883.9
2022-01-08 02:00:00+00:00,0,2352.7
2022-01-08 03:00:00+00:00,0,3003.5
2022-01-08 04:00:00+00:00,0,3006.2
2022-01-08 05:00:00+00:00,0,2924.1
2022-01-08 06:00:00+00:00,0,2592.5
2022-01-08 07:00:00+00:00,0,1536.5
2022-01-08 08:00:00+00:00,0,1057
2022-01-08 09:00:00+00:00,0,1494.3
2022-01-08 10:00:00+00:00,0,2419.7
2022-01-08 11:00:00+00:00,0,3714
2022-01-08 12:00:00+00:00,0,3849.6
2022-01-08 13:00:00+00:00,0,3916.8
2022-01-08 14:00:00+00:00,0,4411.9
2022-01-08 15:00:00+00:00,0,4129.2
2022-01-08 16:00:00+00:00,0,2219.2
2022-01-08 17:00:00+00:00,0,2140.1
2022-01-08 18:00:00+00:00,0,2322.5
2022-01-08 19:00:00+00:00,0,2545.3
2022-01-08 20:00:00+00:00,0,2415.2
2022-01-08 21:00:00+00:00,0,2936.6
2022-01-08 22:00:00+00:00,0,3330
2022-01-08 23:00:00+00:00,0,3246
2022-01-09 00:00:00+00:00,0,3141.6
2022-01-09 01:00:00+00:00,0,2676.1
2022-01-09 02:00:00+00:00,0,2502.1
2022-01-09 03:00:00+00:00,0,2245.9
2022-01-09 04:00:00+00:00,0,2102.6
2022-01-09 05:00:00+00:00,0,1951.5
2022-01-09 06:00:00+00:00,0,1912.8
2022-01-09 07:00:00+00:00,0,1654.7
2022-01-09 08:00:00+00:00,0,1137.8
2022-01-09 09:00:00+00:00,0,1612
2022-01-09 10:00:00+00:00,0,2320.6
2022-01-09 11:00:00+00:00,0,3017.2
2022-01-09 12:00:00+00:00,0,3143.6
2022-01-09 13:00:00+00:00,0,2766.8
2022-01-09 14:00:00+00:00,0,2830.6
2022-01-09 15:00:00+00:00,0,2450
2022-01-09 16:00:00+00:00,0,2066.9
2022-01-09 17:00:00+00:00,0,1307.1
2022-01-09 18:00:00+00:00,0,582.5
2022-01-09 19:00:00+00:00,0,1134.4
2022-01-09 20:00:00+00:00,0,1658.1
2022-01-09 21:00:00+00:00,0,1620.9
2022-01-09 22:00:00+00:00,0,2655
2022-01-09 23:00:00+00:00,0,2509.6
2022-01-10 00:00:00+00:00,0,2338
2022-01-10 01:00:00+00:00,0,2102.5
2022-01-10 02:00:00+00:00,0,2112
2022-01-10 03:00:00+00:00,0,2090.7
2022-01-10 04:00:00+00:00,0,1545.4
2022-01-10 05:00:00+00:00,0,1284.7
2022-01-10 06:00:00+00:00,0,372.1
2022-01-10 07:00:00+00:00,0,13.6
2022-01-10 08:00:00+00:00,158.5,0
2022-01-10 09:00:00+00:00,0,694.6
2022-01-10 10:00:00+00:00,0,1464.5
2022-01-10 11:00:00+00:00,0,1869.9
2022-01-10 12:00:00+00:00,0,2065.9
2022-01-10 13:00:00+00:00,0,2268.4
2022-01-10 14:00:00+00:00,0,2505.4
2022-01-10 15:00:00+00:00,0,2030.7
2022-01-10 16:00:00+00:00,0,487.9
2022-01-10 17:00:00+00:00,689.1,0
2022-01-10 18:00:00+00:00,695.5,0
2022-01-10 19:00:00+00:00,0,186.6
2022-01-10 20:00:00+00:00,0,1227.2
2022-01-10 21:00:00+00:00,0,2120.2
2022-01-10 22:00:00+00:00,0,2215.5
2022-01-10 23:00:00+00:00,0,1552.4
2022-01-11 00:00:00+00:00,0,1740.9
2022-01-11 01:00:00+00:00,0,1544.2
2022-01-11 02:00:00+00:00,0,2349.9
2022-01-11 03:00:00+00:00,0,1752.8
2022-01-11 04:00:00+00:00,0,899.7
2022-01-11 05:00:00+00:00,0,92
2022-01-11 06:00:00+00:00,154.5,0
2022-01-11 07:00:00+00:00,973.7,0
2022-01-11 08:00:00+00:00,566.6,0
2022-01-11 09:00:00+00:00,0,299.2
2022-01-11 10:00:00+00:00,0,1313.8
2022-01-11 11:00:00+00:00,0,1995
2022-01-11 12:00:00+00:00,0,1935.6
2022-01-11 13:00:00+00:00,0,1928.8
2022-01-11 14:00:00+00:00,0,2142
2022-01-11 15:00:00+00:00,0,2070.1
2022-01-11 16:00:00+00:00,0,1044.1
2022-01-11 17:00:00+00:00,0,67.8
2022-01-11 18:00:00+00:00,0,66.5
2022-01-11 19:00:00+00:00,77.8,0
2022-01-11 20:00:00+00:00,0,641.6
2022-01-11 21:00:00+00:00,0,487.6
2022-01-11 22:00:00+00:00,0,606.8
2022-01-11 23:00:00+00:00,0,1945.2
2022-01-12 00:00:00+00:00,0,1650.1
2022-01-12 01:00:00+00:00,0,1486.8
2022-01-12 02:00:00+00:00,0,1281.8
2022-01-12 03:00:00+00:00,0,1232.1
2022-01-12 04:00:00+00:00,0,967.3
2022-01-12 05:00:00+00:00,0,985.1
2022-01-12 06:00:00+00:00,536.9,0
2022-01-12 07:00:00+00:00,1689,0
2022-01-12 08:00:00+00:00,1016.2,0
2022-01-12 09:00:00+00:00,0,17.6
2022-01-12 10:00:00+00:00,0,1089.6
2022-01-12 11:00:00+00:00,0,1426.6
2022-01-12 12:00:00+00:00,0,1391.6
2022-01-12 13:00:00+00:00,0,1557.5
2022-01-12 14:00:00+00:00,0,1530.8
2022-01-12 15:00:00+00:00,0,1307.6
2022-01-12 16:00:00+00:00,28.9,0
2022-01-12 17:00:00+00:00,1391,0
2022-01-12 18:00:00+00:00,1504.5,0
2022-01-12 19:00:00+00:00,1090.3,0
2022-01-12 20:00:00+00:00,0,76.3
2022-01-12 21:00:00+00:00,0,300.1
2022-01-12 22:00:00+00:00,0,676.4
2022-01-12 23:00:00+00:00,0,1051
2022-01-13 00:00:00+00:00,0,875.2
2022-01-13 01:00:00+00:00,0,944
2022-01-13 02:00:00+00:00,0,1571.4
2022-01-13 03:00:00+00:00,0,1394.7
2022-01-13 04:00:00+00:00,0,614.8
2022-01-13 05:00:00+00:00,572,0
2022-01-13 06:00:00+00:00,1426,0
2022-01-13 07:00:00+00:00,1540.6,0
2022-01-13 08:00:00+00:00,886.5,0
2022-01-13 09:00:00+00:00,297.7,0
2022-01-13 10:00:00+00:00,0,532.6
2022-01-13 11:00:00+00:00,0,961.6
2022-01-13 12:00:00+00:00,0,946.3
2022-01-13 13:00:00+00:00,0,1028
2022-01-13 14:00:00+00:00,0,1343.6
2022-01-13 15:00:00+00:00,0,984
2022-01-13 16:00:00+00:00,0,652.5
2022-01-13 17:00:00+00:00,1532.5,0
2022-01-13 18:00:00+00:00,1670.1,0
2022-01-13 19:00:00+00:00,1391.1,0
2022-01-13 20:00:00+00:00,0,538.6
2022-01-13 21:00:00+00:00,0,1004.1
2022-01-13 22:00:00+00:00,0,1082.4
2022-01-13 23:00:00+00:00,853,0
2022-01-14 00:00:00+00:00,135.6,0
2022-01-14 01:00:00+00:00,0,269.2
2022-01-14 02:00:00+00:00,0,405.2
2022-01-14 03:00:00+00:00,0,332.3
2022-01-14 04:00:00+00:00,0,155.3
2022-01-14 05:00:00+00:00,1181.5,0
2022-01-14 06:00:00+00:00,1669.5,0
2022-01-14 07:00:00+00:00,2134.5,0
2022-01-14 08:00:00+00:00,1566,0
2022-01-14 09:00:00+00:00,19.7,0
2022-01-14 10:00:00+00:00,0,870.8
2022-01-14 11:00:00+00:00,0,1710.1
2022-01-14 12:00:00+00:00,0,1595.5
2022-01-14 13:00:00+00:00,0,1749.5
2022-01-14 14:00:00+00:00,0,1710.6
2022-01-14 15:00:00+00:00,0,1541.4
2022-01-14 16:00:00+00:00,113.9,0
2022-01-14 17:00:00+00:00,822.2,0
2022-01-14 18:00:00+00:00,767.7,0
2022-01-14 19:00:00+00:00,707,0
2022-01-14 20:00:00+00:00,291.7,0
2022-01-14 21:00:00+00:00,0,79.9
2022-01-14 22:00:00+00:00,0,1168.6
2022-01-14 23:00:00+00:00,83.2,0
2022-01-15 00:00:00+00:00,0,299.4
2022-01-15 01:00:00+00:00,0,907.1
2022-01-15 02:00:00+00:00,0,1503.7
2022-01-15 03:00:00+00:00,0,1462
2022-01-15 04:00:00+00:00,0,1361.2
2022-01-15 05:00:00+00:00,0,1145.2
2022-01-15 06:00:00+00:00,680.1,0
2022-01-15 07:00:00+00:00,2083.4,0
2022-01-15 08:00:00+00:00,2377.3,0
2022-01-15 09:00:00+00:00,1288,0
2022-01-15 10:00:00+00:00,158.4,0
2022-01-15 11:00:00+00:00,0,928.9
2022-01-15 12:00:00+00:00,0,1594.8
2022-01-15 13:00:00+00:00,0,1465.5
2022-01-15 14:00:00+00:00,0,618.4
2022-01-15 15:00:00+00:00,0,131
2022-01-15 16:00:00+00:00,1495.5,0
2022-01-15 17:00:00+00:00,2024.5,0
2022-01-15 18:00:00+00:00,1647.4,0
2022-01-15 19:00:00+00:00,1336.2,0
2022-01-15 20:00:00+00:00,461.4,0
2022-01-15 21:00:00+00:00,345.8,0
2022-01-15 22:00:00+00:00,0,329.1
2022-01-15 23:00:00+00:00,242.5,0
2022-01-16 00:00:00+00:00,0,311
2022-01-16 01:00:00+00:00,0,722.7
2022-01-16 02:00:00+00:00,0,1131.8
2022-01-16 03:00:00+00:00,0,1540.7
2022-01-16 04:00:00+00:00,0,1433.8
2022-01-16 05:00:00+00:00,0,980.4
2022-01-16 06:00:00+00:00,0,724
2022-01-16 07:00:00+00:00,0,620.7
2022-01-16 08:00:00+00:00,0,514.7
2022-01-16 09:00:00+00:00,0,865.2
2022-01-16 10:00:00+00:00,0,1421.4
2022-01-16 11:00:00+00:00,0,2089.9
2022-01-16 12:00:00+00:00,0,2763.1
2022-01-16 13:00:00+00:00,0,2939.9
2022-01-16 14:00:00+00:00,0,2735.2
2022-01-16 15:00:00+00:00,0,2451
2022-01-16 16:00:00+00:00,0,1070
2022-01-16 17:00:00+00:00,452.3,0
2022-01-16 18:00:00+00:00,65.3,0
2022-01-16 19:00:00+00:00,0,506.4
2022-01-16 20:00:00+00:00,0,1154.7
2022-01-16 21:00:00+00:00,0,1192.6
2022-01-16 22:00:00+00:00,0,2192
2022-01-16 23:00:00+00:00,0,1088.7
2022-01-17 00:00:00+00:00,0,867.8
2022-01-17 01:00:00+00:00,0,1104.7
2022-01-17 02:00:00+00:00,0,1557.6
2022-01-17 03:00:00+00:00,0,1622.2
2022-01-17 04:00:00+00:00,0,422.1
2022-01-17 05:00:00+00:00,869.9,0
2022-01-17 06:00:00+00:00,2059,0
2022-01-17 07:00:00+00:00,1301.1,0
2022-01-17 08:00:00+00:00,176.6,0
2022-01-17 09:00:00+00:00,0,341.8
2022-01-17 10:00:00+00:00,0,873.9
2022-01-17 11:00:00+00:00,0,1167.2
2022-01-17 12:00:00+00:00,0,1215.8
2022-01-17 13:00:00+00:00,0,1318.3
2022-01-17 14:00:00+00:00,0,1584.4
2022-01-17 15:00:00+00:00,0,1420.5
2022-01-17 16:00:00+00:00,0,388
2022-01-17 17:00:00+00:00,721.8,0
2022-01-17 18:00:00+00:00,938.8,0
2022-01-17 19:00:00+00:00,612.6,0
2022-01-17 20:00:00+00:00,212.5,0
2022-01-17 21:00:00+00:00,0,31.9
2022-01-17 22:00:00+00:00,0,1358.9
2022-01-17 23:00:00+00:00,0,1657.8
2022-01-18 00:00:00+00:00,0,1549
2022-01-18 01:00:00+00:00,0,1229.1
2022-01-18 02:00:00+00:00,0,1895.5
2022-01-18 03:00:00+00:00,0,2044.1
2022-01-18 04:00:00+00:00,0,972.2
2022-01-18 05:00:00+00:00,0,53.4
2022-01-18 06:00:00+00:00,39.5,0
2022-01-18 07:00:00+00:00,391.6,0
2022-01-18 08:00:00+00:00,0,473.3
2022-01-18 09:00:00+00:00,0,1109.6
2022-01-18 10:00:00+00:00,0,1469.1
2022-01-18 11:00:00+00:00,0,1982.2
2022-01-18 12:00:00+00:00,0,1963.4
2022-01-18 13:00:00+00:00,0,2141.9
2022-01-18 14:00:00+00:00,0,2425.4
2022-01-18 15:00:00+00:00,0,2081.7
2022-01-18 16:00:00+00:00,0,1634.1
2022-01-18 17:00:00+00:00,0,385
2022-01-18 18:00:00+00:00,0,410.5
2022-01-18 19:00:00+00:00,0,932.8
2022-01-18 20:00:00+00:00,0,1857.4
2022-01-18 21:00:00+00:00,0,2309.1
2022-01-18 22:00:00+00:00,0,2817.9
2022-01-18 23:00:00+00:00,0,1019.6
2022-01-19 00:00:00+00:00,0,983.1
2022-01-19 01:00:00+00:00,0,1061.4
2022-01-19 02:00:00+00:00,0,1007.1
2022-01-19 03:00:00+00:00,0,1083.3
2022-01-19 04:00:00+00:00,0,811
2022-01-19 05:00:00+00:00,401.6,0
2022-01-19 06:00:00+00:00,402.3,0
2022-01-19 07:00:00+00:00,1190.9,0
2022-01-19 08:00:00+00:00,0,258.7
2022-01-19 09:00:00+00:00,0,707.5
2022-01-19 10:00:00+00:00,0,1010.6
2022-01-19 11:00:00+00:00,0,1466.3
2022-01-19 12:00:00+00:00,0,1610.8
2022-01-19 13:00:00+00:00,0,2553.1
2022-01-19 14:00:00+00:00,0,3334.8
2022-01-19 15:00:00+00:00,0,2504.4
2022-01-19 16:00:00+00:00,0,1428
2022-01-19 17:00:00+00:00,107.1,0
2022-01-19 18:00:00+00:00,16.1,0
2022-01-19 19:00:00+00:00,74.4,0
2022-01-19 20:00:00+00:00,0,799
2022-01-19 21:00:00+00:00,0,1073.2
2022-01-19 22:00:00+00:00,0,1305.8
2022-01-19 23:00:00+00:00,0,629.3
2022-01-20 00:00:00+00:00,0,222.2
2022-01-20 01:00:00+00:00,0,68.2
2022-01-20 02:00:00+00:00,161.9,0
2022-01-20 03:00:00+00:00,325,0
2022-01-20 04:00:00+00:00,657.3,0
2022-01-20 05:00:00+00:00,923,0
2022-01-20 06:00:00+00:00,1621.3,0
2022-01-20 07:00:00+00:00,2300.5,0
2022-01-20 08:00:00+00:00,1342.6,0
2022-01-20 09:00:00+00:00,329,0
2022-01-20 10:00:00+00:00,0,456.7
2022-01-20 11:00:00+00:00,0,1352.3
2022-01-20 12:00:00+00:00,0,1467.3
2022-01-20 13:00:00+00:00,0,2108
2022-01-20 14:00:00+00:00,0,2970.2
2022-01-20 15:00:00+00:00,0,2221.7
2022-01-20 16:00:00+00:00,0,1360.5
2022-01-20 17:00:00+00:00,0,393.1
2022-01-20 18:00:00+00:00,34.5,0
2022-01-20 19:00:00+00:00,0,273.3
2022-01-20 20:00:00+00:00,0,640.8
2022-01-20 21:00:00+00:00,0,1098.9
2022-01-20 22:00:00+00:00,0,999.2
2022-01-20 23:00:00+00:00,0,589.4
2022-01-21 00:00:00+00:00,0,1026
2022-01-21 01:00:00+00:00,0,1215.8
2022-01-21 02:00:00+00:00,0,1193.1
2022-01-21 03:00:00+00:00,0,1032.1
2022-01-21 04:00:00+00:00,0,745.8
2022-01-21 05:00:00+00:00,0,534
2022-01-21 06:00:00+00:00,1658.5,0
2022-01-21 07:00:00+00:00,2160.4,0
2022-01-21 08:00:00+00:00,1224.3,0
2022-01-21 09:00:00+00:00,1.8,0
2022-01-21 10:00:00+00:00,0,1110.8
2022-01-21 11:00:00+00:00,0,1848.4
2022-01-21 12:00:00+00:00,0,1887.8
2022-01-21 13:00:00+00:00,0,2090.3
2022-01-21 14:00:00+00:00,0,2161.2
2022-01-21 15:00:00+00:00,0,1704.7
2022-01-21 16:00:00+00:00,0,799.2
2022-01-21 17:00:00+00:00,789.3,0
2022-01-21 18:00:00+00:00,1157.9,0
2022-01-21 19:00:00+00:00,1231.2,0
2022-01-21 20:00:00+00:00,1060.1,0
2022-01-21 21:00:00+00:00,13.8,0
2022-01-21 22:00:00+00:00,0,153.5
2022-01-21 23:00:00+00:00,200.9,0
2022-01-22 00:00:00+00:00,160.8,0
2022-01-22 01:00:00+00:00,0,737.6
2022-01-22 02:00:00+00:00,0,791.9
2022-01-22 03:00:00+00:00,0,721.7
2022-01-22 04:00:00+00:00,0,422.3
2022-01-22 05:00:00+00:00,626.4,0
2022-01-22 06:00:00+00:00,727.6,0
2022-01-22 07:00:00+00:00,814.5,0
2022-01-22 08:00:00+00:00,1550.5,0
2022-01-22 09:00:00+00:00,1166,0
2022-01-22 10:00:00+00:00,466.4,0
2022-01-22 11:00:00+00:00,16,0
2022-01-22 12:00:00+00:00,0,427.9
2022-01-22 13:00:00+00:00,0,617.1
2022-01-22 14:00:00+00:00,0,807.7
2022-01-22 15:00:00+00:00,0,841.6
2022-01-22 16:00:00+00:00,0,417.1
2022-01-22 17:00:00+00:00,1400.5,0
2022-01-22 18:00:00+00:00,1333,0
2022-01-22 19:00:00+00:00,882.9,0
2022-01-22 20:00:00+00:00,0,440.1
2022-01-22 21:00:00+00:00,0,115.2
2022-01-22 22:00:00+00:00,0,476.2
2022-01-22 23:00:00+00:00,0,891.8
2022-01-23 00:00:00+00:00,0,989.3
2022-01-23 01:00:00+00:00,0,1010.5
2022-01-23 02:00:00+00:00,0,1740.4
2022-01-23 03:00:00+00:00,0,2026.3
2022-01-23 04:00:00+00:00,0,1785
2022-01-23 05:00:00+00:00,0,1242.4
2022-01-23 06:00:00+00:00,0,267.3
2022-01-23 07:00:00+00:00,0,187.6
2022-01-23 08:00:00+00:00,0,102.4
2022-01-23 09:00:00+00:00,0,541.2
2022-01-23 10:00:00+00:00,0,1123.9
2022-01-23 11:00:00+00:00,0,1670.8
2022-01-23 12:00:00+00:00,0,2441.5
2022-01-23 13:00:00+00:00,0,2458.4
2022-01-23 14:00:00+00:00,0,2332.9
2022-01-23 15:00:00+00:00,0,2458.1
2022-01-23 16:00:00+00:00,0,2098.1
2022-01-23 17:00:00+00:00,0,27.1
2022-01-23 18:00:00+00:00,0,675.7
2022-01-23 19:00:00+00:00,0,804.8
2022-01-23 20:00:00+00:00,0,726.9
2022-01-23 21:00:00+00:00,0,2095.9
2022-01-23 22:00:00+00:00,0,2823.4
2022-01-23 23:00:00+00:00,0,2206.8
2022-01-24 00:00:00+00:00,0,3059
2022-01-24 01:00:00+00:00,0,3522.9
2022-01-24 02:00:00+00:00,0,3550.7
2022-01-24 03:00:00+00:00,0,3496.3
2022-01-24 04:00:00+00:00,0,1475.9
2022-01-24 05:00:00+00:00,0,407.1
2022-01-24 06:00:00+00:00,967.9,0
2022-01-24 07:00:00+00:00,1213.9,0
2022-01-24 08:00:00+00:00,625.3,0
2022-01-24 09:00:00+00:00,0,50.6
2022-01-24 10:00:00+00:00,0,928.2
2022-01-24 11:00:00+00:00,0,1552.9
2022-01-24 12:00:00+00:00,0,1605
2022-01-24 13:00:00+00:00,0,1852.4
2022-01-24 14:00:00+00:00,0,1975.3
2022-01-24 15:00:00+00:00,0,1714.1
2022-01-24 16:00:00+00:00,0,829.4
2022-01-24 17:00:00+00:00,0,167.2
2022-01-24 18:00:00+00:00,0,74.9
2022-01-24 19:00:00+00:00,0,606.8
2022-01-24 20:00:00+00:00,0,833.1
2022-01-24 21:00:00+00:00,0,1122.9
2022-01-24 22:00:00+00:00,0,2246
2022-01-24 23:00:00+00:00,0,1555.4
2022-01-25 00:00:00+00:00,0,1358.7
2022-01-25 01:00:00+00:00,0,1339.2
2022-01-25 02:00:00+00:00,0,1076.4
2022-01-25 03:00:00+00:00,0,858.8
2022-01-25 04:00:00+00:00,0,325.8
2022-01-25 05:00:00+00:00,214.1,0
2022-01-25 06:00:00+00:00,559.1,0
2022-01-25 07:00:00+00:00,532.6,0
2022-01-25 08:00:00+00:00,0,133
2022-01-25 09:00:00+00:00,0,795.3
2022-01-25 10:00:00+00:00,0,1276.4
2022-01-25 11:00:00+00:00,0,1653.9
2022-01-25 12:00:00+00:00,0,1865.4
2022-01-25 13:00:00+00:00,0,1970.8
2022-01-25 14:00:00+00:00,0,2057.8
2022-01-25 15:00:00+00:00,0,1923.5
2022-01-25 16:00:00+00:00,0,1339.6
2022-01-25 17:00:00+00:00,0,745.1
2022-01-25 18:00:00+00:00,92.8,0
2022-01-25 19:00:00+00:00,188.6,0
2022-01-25 20:00:00+00:00,0,640.8
2022-01-25 21:00:00+00:00,0,1168.8
2022-01-25 22:00:00+00:00,0,1612.4
2022-01-25 23:00:00+00:00,0,289
2022-01-26 00:00:00+00:00,0,491.7
2022-01-26 01:00:00+00:00,0,323.1
2022-01-26 02:00:00+00:00,0,136.8
2022-01-26 03:00:00+00:00,0,88.1
2022-01-26 04:00:00+00:00,183.6,0
2022-01-26 05:00:00+00:00,282.8,0
2022-01-26 06:00:00+00:00,470.5,0
2022-01-26 07:00:00+00:00,678.5,0
2022-01-26 08:00:00+00:00,0,90.9
2022-01-26 09:00:00+00:00,0,886.9
2022-01-26 10:00:00+00:00,0,972.9
2022-01-26 11:00:00+00:00,0,1181.9
2022-01-26 12:00:00+00:00,0,1236.2
2022-01-26 13:00:00+00:00,0,1384.5
2022-01-26 14:00:00+00:00,0,1588.5
2022-01-26 15:00:00+00:00,0,1566
2022-01-26 16:00:00+00:00,0,1339.3
2022-01-26 17:00:00+00:00,0,722.2
2022-01-26 18:00:00+00:00,0,522.5
2022-01-26 19:00:00+00:00,0,447.7
2022-01-26 20:00:00+00:00,0,597.5
2022-01-26 21:00:00+00:00,0,1059.8
2022-01-26 22:00:00+00:00,0,1148.5
2022-01-26 23:00:00+00:00,0,440.3
2022-01-27 00:00:00+00:00,110.1,0
2022-01-27 01:00:00+00:00,217.4,0
2022-01-27 02:00:00+00:00,267.1,0
2022-01-27 03:00:00+00:00,405,0
2022-01-27 04:00:00+00:00,511.7,0
2022-01-27 05:00:00+00:00,733.5,0
2022-01-27 06:00:00+00:00,757.8,0
2022-01-27 07:00:00+00:00,754.9,0
2022-01-27 08:00:00+00:00,19.6,0
2022-01-27 09:00:00+00:00,0,311
2022-01-27 10:00:00+00:00,0,521.9
2022-01-27 11:00:00+00:00,0,1031.2
2022-01-27 12:00:00+00:00,0,1090.4
2022-01-27 13:00:00+00:00,0,1259.3
2022-01-27 14:00:00+00:00,0,1283.3
2022-01-27 15:00:00+00:00,0,1184.1
2022-01-27 16:00:00+00:00,0,1066.7
2022-01-27 17:00:00+00:00,0,708.7
2022-01-27 18:00:00+00:00,0,735.5
2022-01-27 19:00:00+00:00,0,742.9
2022-01-27 20:00:00+00:00,0,508.3
2022-01-27 21:00:00+00:00,0,786.3
2022-01-27 22:00:00+00:00,0,743.9
2022-01-27 23:00:00+00:00,0,162.1
2022-01-28 00:00:00+00:00,34.2,0
2022-01-28 01:00:00+00:00,63,0
2022-01-28 02:00:00+00:00,268.7,0
2022-01-28 03:00:00+00:00,425,0
2022-01-28 04:00:00+00:00,570.8,0
2022-01-28 05:00:00+00:00,1073.6,0
2022-01-28 06:00:00+00:00,1641.1,0
2022-01-28 07:00:00+00:00,2168.3,0
2022-01-28 08:00:00+00:00,1135.6,0
2022-01-28 09:00:00+00:00,514,0
2022-01-28 10:00:00+00:00,11.4,0
2022-01-28 11:00:00+00:00,0,430
2022-01-28 12:00:00+00:00,0,565.1
2022-01-28 13:00:00+00:00,0,832.1
2022-01-28 14:00:00+00:00,0,1029.1
2022-01-28 15:00:00+00:00,0,880.4
2022-01-28 16:00:00+00:00,0,48.9
2022-01-28 17:00:00+00:00,583.2,0
2022-01-28 18:00:00+00:00,1512,0
2022-01-28 19:00:00+00:00,431.6,0
2022-01-28 20:00:00+00:00,506.7,0
2022-01-28 21:00:00+00:00,321.2,0
2022-01-28 22:00:00+00:00,73.6,0
2022-01-28 23:00:00+00:00,243.8,0
2022-01-29 00:00:00+00:00,0,345.9
2022-01-29 01:00:00+00:00,0,370.1
2022-01-29 02:00:00+00:00,0,214.1
2022-01-29 03:00:00+00:00,0,190
2022-01-29 04:00:00+00:00,0,152.9
2022-01-29 05:00:00+00:00,28.3,0
2022-01-29 06:00:00+00:00,553.4,0
2022-01-29 07:00:00+00:00,778.8,0
2022-01-29 08:00:00+00:00,478.4,0
2022-01-29 09:00:00+00:00,134.8,0
2022-01-29 10:00:00+00:00,0,621.4
2022-01-29 11:00:00+00:00,0,1159.4
2022-01-29 12:00:00+00:00,0,1477
2022-01-29 13:00:00+00:00,0,1500.1
2022-01-29 14:00:00+00:00,0,2513.3
2022-01-29 15:00:00+00:00,0,2510.2
2022-01-29 16:00:00+00:00,0,1095.8
2022-01-29 17:00:00+00:00,0,76.6
2022-01-29 18:00:00+00:00,853.1,0
2022-01-29 19:00:00+00:00,402.8,0
2022-01-29 20:00:00+00:00,574,0
2022-01-29 21:00:00+00:00,134,0
2022-01-29 22:00:00+00:00,0,589.2
2022-01-29 23:00:00+00:00,0,900.8
2022-01-30 00:00:00+00:00,0,898.7
2022-01-30 01:00:00+00:00,0,725.1
2022-01-30 02:00:00+00:00,0,643.4
2022-01-30 03:00:00+00:00,0,712.2
2022-01-30 04:00:00+00:00,0,665.2
2022-01-30 05:00:00+00:00,0,614.3
2022-01-30 06:00:00+00:00,0,502.5
2022-01-30 07:00:00+00:00,0,540
2022-01-30 08:00:00+00:00,0,312.7
2022-01-30 09:00:00+00:00,0,822.6
2022-01-30 10:00:00+00:00,0,1155.7
2022-01-30 11:00:00+00:00,0,1661.6
2022-01-30 12:00:00+00:00,0,2466.6
2022-01-30 13:00:00+00:00,0,2632.9
2022-01-30 14:00:00+00:00,0,2534.1
2022-01-30 15:00:00+00:00,0,2474.4
2022-01-30 16:00:00+00:00,0,2269.1
2022-01-30 17:00:00+00:00,0,760.7
2022-01-30 18:00:00+00:00,0,1225.9
2022-01-30 19:00:00+00:00,0,1487.3
2022-01-30 20:00:00+00:00,0,1465.2
2022-01-30 21:00:00+00:00,0,1642.8
2022-01-30 22:00:00+00:00,0,2502.4
2022-01-30 23:00:00+00:00,0,2886.4
2022-01-31 00:00:00+00:00,0,3086.1
2022-01-31 01:00:00+00:00,0,3563.5
2022-01-31 02:00:00+00:00,0,3915
2022-01-31 03:00:00+00:00,0,3870
2022-01-31 04:00:00+00:00,0,3870
2022-01-31 05:00:00+00:00,0,2673.3
2022-01-31 06:00:00+00:00,0,1137.9
2022-01-31 07:00:00+00:00,0,993.5
2022-01-31 08:00:00+00:00,0,1332
2022-01-31 09:00:00+00:00,0,2183.2
2022-01-31 10:00:00+00:00,0,2070.8
2022-01-31 11:00:00+00:00,0,2343.4
2022-01-31 12:00:00+00:00,0,2553
2022-01-31 13:00:00+00:00,0,2710.3
2022-01-31 14:00:00+00:00,0,3219
2022-01-31 15:00:00+00:00,0,2935.9
2022-01-31 16:00:00+00:00,0,2341
2022-01-31 17:00:00+00:00,0,777.9
2022-01-31 18:00:00+00:00,0,782.9
2022-01-31 19:00:00+00:00,0,1237.2
2022-01-31 20:00:00+00:00,0,1917.8
2022-01-31 21:00:00+00:00,0,2228.6
2022-01-31 22:00:00+00:00,0,2004.8
2022-01-31 23:00:00+00:00,0,580.4
2022-02-01 00:00:00+00:00,0,642.4
2022-02-01 01:00:00+00:00,0,749.9
2022-02-01 02:00:00+00:00,0,1435.5
2022-02-01 03:00:00+00:00,0,1470.4
2022-02-01 04:00:00+00:00,0,1084.8
2022-02-01 05:00:00+00:00,571,0
2022-02-01 06:00:00+00:00,1356,0
2022-02-01 07:00:00+00:00,1789.6,0
2022-02-01 08:00:00+00:00,724.8,0
2022-02-01 09:00:00+00:00,21.4,0
2022-02-01 10:00:00+00:00,0,733.5
2022-02-01 11:00:00+00:00,0,1247.9
2022-02-01 12:00:00+00:00,0,1879.2
2022-02-01 13:00:00+00:00,0,1576.8
2022-02-01 14:00:00+00:00,0,2452.5
2022-02-01 15:00:00+00:00,0,1947.2
2022-02-01 16:00:00+00:00,0,617.9
2022-02-01 17:00:00+00:00,0,146.8
2022-02-01 18:00:00+00:00,1001.8,0
2022-02-01 19:00:00+00:00,221.9,0
2022-02-01 20:00:00+00:00,0,579.9
2022-02-01 21:00:00+00:00,0,652.6
2022-02-01 22:00:00+00:00,0,908.2
2022-02-01 23:00:00+00:00,0,2119.6
2022-02-02 00:00:00+00:00,0,2221.3
2022-02-02 01:00:00+00:00,0,2240.6
2022-02-02 02:00:00+00:00,0,2113.9
2022-02-02 03:00:00+00:00,0,2060.8
2022-02-02 04:00:00+00:00,0,2089.1
2022-02-02 05:00:00+00:00,0,1492.4
2022-02-02 06:00:00+00:00,401.9,0
2022-02-02 07:00:00+00:00,337,0
2022-02-02 08:00:00+00:00,0,423.4
2022-02-02 09:00:00+00:00,0,1175.1
2022-02-02 10:00:00+00:00,0,1949.5
2022-02-02 11:00:00+00:00,0,2364.2
2022-02-02 12:00:00+00:00,0,2467
2022-02-02 13:00:00+00:00,0,2831.3
2022-02-02 14:00:00+00:00,0,3551.9
2022-02-02 15:00:00+00:00,0,2693.3
2022-02-02 16:00:00+00:00,0,2404.9
2022-02-02 17:00:00+00:00,0,750
2022-02-02 18:00:00+00:00,0,940.6
2022-02-02 19:00:00+00:00,0,1098.6
2022-02-02 20:00:00+00:00,0,1493.8
2022-02-02 21:00:00+00:00,0,3264.3
2022-02-02 22:00:00+00:00,0,3509.8
2022-02-02 23:00:00+00:00,0,2669.8
2022-02-03 00:00:00+00:00,0,3112.1
2022-02-03 01:00:00+00:00,0,3631.5
2022-02-03 02:00:00+00:00,0,3707.9
2022-02-03 03:00:00+00:00,0,3727.4
2022-02-03 04:00:00+00:00,0,3611.2
2022-02-03 05:00:00+00:00,0,1580.5
2022-02-03 06:00:00+00:00,0,1253.2
2022-02-03 07:00:00+00:00,0,721.5
2022-02-03 08:00:00+00:00,0,2206.8
2022-02-03 09:00:00+00:00,0,2750.9
2022-02-03 10:00:00+00:00,0,2684.6
2022-02-03 11:00:00+00:00,0,2663
2022-02-03 12:00:00+00:00,0,2480.6
2022-02-03 13:00:00+00:00,0,2471.9
2022-02-03 14:00:00+00:00,0,2841.4
2022-02-03 15:00:00+00:00,0,2395.5
2022-02-03 16:00:00+00:00,0,2400.9
2022-02-03 17:00:00+00:00,0,2099.9
2022-02-03 18:00:00+00:00,0,1540.3
2022-02-03 19:00:00+00:00,0,2973.5
2022-02-03 20:00:00+00:00,0,3205
2022-02-03 21:00:00+00:00,0,3233.6
2022-02-03 22:00:00+00:00,0,2945.5
2022-02-03 23:00:00+00:00,0,2871.5
2022-02-04 00:00:00+00:00,0,2878.3
2022-02-04 01:00:00+00:00,0,2608.4
2022-02-04 02:00:00+00:00,0,2559.7
2022-02-04 03:00:00+00:00,0,3079.5
2022-02-04 04:00:00+00:00,0,2375.2
2022-02-04 05:00:00+00:00,0,1826.1
2022-02-04 06:00:00+00:00,0,726.9
2022-02-04 07:00:00+00:00,0,61.1
2022-02-04 08:00:00+00:00,0,815.1
2022-02-04 09:00:00+00:00,0,1205.9
2022-02-04 10:00:00+00:00,0,2758.3
2022-02-04 11:00:00+00:00,0,3018.3
2022-02-04 12:00:00+00:00,0,3231.8
2022-02-04 13:00:00+00:00,0,3166.6
2022-02-04 14:00:00+00:00,0,3341.5
2022-02-04 15:00:00+00:00,0,3205.8
2022-02-04 16:00:00+00:00,0,2622.4
2022-02-04 17:00:00+00:00,0,1537.6
2022-02-04 18:00:00+00:00,0,891.6
2022-02-04 19:00:00+00:00,0,1265.6
2022-02-04 20:00:00+00:00,0,1633.2
2022-02-04 21:00:00+00:00,0,2785.9
2022-02-04 22:00:00+00:00,0,2878.1
2022-02-04 23:00:00+00:00,0,1253.9
2022-02-05 00:00:00+00:00,0,1609.3
2022-02-05 01:00:00+00:00,0,1888.6
2022-02-05 02:00:00+00:00,0,1507.1
2022-02-05 03:00:00+00:00,0,1240.6
2022-02-05 04:00:00+00:00,0,1026.1
2022-02-05 05:00:00+00:00,0,847.5
2022-02-05 06:00:00+00:00,0,672.9
2022-02-05 07:00:00+00:00,131.2,0
2022-02-05 08:00:00+00:00,163.2,0
2022-02-05 09:00:00+00:00,529,0
2022-02-05 10:00:00+00:00,0,871
2022-02-05 11:00:00+00:00,0,998.6
2022-02-05 12:00:00+00:00,0,1127.5
2022-02-05 13:00:00+00:00,0,1348.5
2022-02-05 14:00:00+00:00,0,1678.3
2022-02-05 15:00:00+00:00,0,1457.7
2022-02-05 16:00:00+00:00,0,1386.8
2022-02-05 17:00:00+00:00,369.7,0
2022-02-05 18:00:00+00:00,400.6,0
2022-02-05 19:00:00+00:00,175.4,0
2022-02-05 20:00:00+00:00,251,0
2022-02-05 21:00:00+00:00,0,699.7
2022-02-05 22:00:00+00:00,0,1130.5
2022-02-05 23:00:00+00:00,0,1627.3
2022-02-06 00:00:00+00:00,0,1230.6
2022-02-06 01:00:00+00:00,0,985.9
2022-02-06 02:00:00+00:00,0,957.3
2022-02-06 03:00:00+00:00,0,1092.6
2022-02-06 04:00:00+00:00,0,769.4
2022-02-06 05:00:00+00:00,0,863
2022-02-06 06:00:00+00:00,0,1040
2022-02-06 07:00:00+00:00,0,1045.8
2022-02-06 08:00:00+00:00,0,916.9
2022-02-06 09:00:00+00:00,0,1062.3
2022-02-06 10:00:00+00:00,0,1796.4
2022-02-06 11:00:00+00:00,0,2263.8
2022-02-06 12:00:00+00:00,0,2624.8
2022-02-06 13:00:00+00:00,0,2443.1
2022-02-06 14:00:00+00:00,0,3611.7
2022-02-06 15:00:00+00:00,0,3739.1
2022-02-06 16:00:00+00:00,0,2174.9
2022-02-06 17:00:00+00:00,0,1688.6
2022-02-06 18:00:00+00:00,0,706.9
2022-02-06 19:00:00+00:00,0,544.4
2022-02-06 20:00:00+00:00,0,678.3
2022-02-06 21:00:00+00:00,0,1751.1
2022-02-06 22:00:00+00:00,0,2337.7
2022-02-06 23:00:00+00:00,0,1927.1
2022-02-07 00:00:00+00:00,0,3117.2
2022-02-07 01:00:00+00:00,0,2733.6
2022-02-07 02:00:00+00:00,0,2473.8
2022-02-07 03:00:00+00:00,0,2533
2022-02-07 04:00:00+00:00,0,1865.4
2022-02-07 05:00:00+00:00,224.4,0
2022-02-07 06:00:00+00:00,409.3,0
2022-02-07 07:00:00+00:00,1837.8,0
2022-02-07 08:00:00+00:00,972.6,0
2022-02-07 09:00:00+00:00,0,853.1
2022-02-07 10:00:00+00:00,0,1469
2022-02-07 11:00:00+00:00,0,2240.7
2022-02-07 12:00:00+00:00,0,2361.2
2022-02-07 13:00:00+00:00,0,2424.5
2022-02-07 14:00:00+00:00,0,2603.2
2022-02-07 15:00:00+00:00,0,2512.5
2022-02-07 16:00:00+00:00,0,2145.5
2022-02-07 17:00:00+00:00,0,1633.8
2022-02-07 18:00:00+00:00,0,1660.4
2022-02-07 19:00:00+00:00,0,1709.5
2022-02-07 20:00:00+00:00,0,1496.6
2022-02-07 21:00:00+00:00,0,1367.3
2022-02-07 22:00:00+00:00,0,912.4
2022-02-07 23:00:00+00:00,0,59.3
2022-02-08 00:00:00+00:00,0,1454
2022-02-08 01:00:00+00:00,0,1174.6
2022-02-08 02:00:00+00:00,0,1043.5
2022-02-08 03:00:00+00:00,0,921.2
2022-02-08 04:00:00+00:00,747.4,0
2022-02-08 05:00:00+00:00,801.9,0
2022-02-08 06:00:00+00:00,1875.1,0
2022-02-08 07:00:00+00:00,2120.1,0
2022-02-08 08:00:00+00:00,168.5,0
2022-02-08 09:00:00+00:00,0,98.3
2022-02-08 10:00:00+00:00,0,952.6
2022-02-08 11:00:00+00:00,0,1328
2022-02-08 12:00:00+00:00,0,1813.2
2022-02-08 13:00:00+00:00,0,3251.9
2022-02-08 14:00:00+00:00,0,3687.7
2022-02-08 15:00:00+00:00,0,2010.4
2022-02-08 16:00:00+00:00,0,1675.1
2022-02-08 17:00:00+00:00,0,728.7
2022-02-08 18:00:00+00:00,0,426.2
2022-02-08 19:00:00+00:00,0,1298.8
2022-02-08 20:00:00+00:00,0,2151
2022-02-08 21:00:00+00:00,0,2086.7
2022-02-08 22:00:00+00:00,0,2071.1
2022-02-08 23:00:00+00:00,0,2011.2
2022-02-09 00:00:00+00:00,0,1923.7
2022-02-09 01:00:00+00:00,0,1622.7
2022-02-09 02:00:00+00:00,0,1611.2
2022-02-09 03:00:00+00:00,0,2385.6
2022-02-09 04:00:00+00:00,0,2060.5
2022-02-09 05:00:00+00:00,0,1120.3
2022-02-09 06:00:00+00:00,0,212.1
2022-02-09 07:00:00+00:00,1054.9,0
2022-02-09 08:00:00+00:00,0,1130.2
2022-02-09 09:00:00+00:00,0,1600.5
2022-02-09 10:00:00+00:00,0,2079.8
2022-02-09 11:00:00+00:00,0,2434.8
2022-02-09 12:00:00+00:00,0,2336.7
2022-02-09 13:00:00+00:00,0,2454.5
2022-02-09 14:00:00+00:00,0,2460.4
2022-02-09 15:00:00+00:00,0,2557.8
2022-02-09 16:00:00+00:00,0,2143.7
2022-02-09 17:00:00+00:00,0,123.3
2022-02-09 18:00:00+00:00,0,472.7
2022-02-09 19:00:00+00:00,0,1064.5
2022-02-09 20:00:00+00:00,0,1696.1
2022-02-09 21:00:00+00:00,0,2816.3
2022-02-09 22:00:00+00:00,0,2877.6
2022-02-09 23:00:00+00:00,0,1999
2022-02-10 00:00:00+00:00,0,1999
2022-02-10 01:00:00+00:00,0,1999
2022-02-10 02:00:00+00:00,0,1999
2022-02-10 03:00:00+00:00,0,3324
2022-02-10 04:00:00+00:00,0,3326
2022-02-10 05:00:00+00:00,0,1636.5
2022-02-10 06:00:00+00:00,0,1232.1
2022-02-10 07:00:00+00:00,0,138.7
2022-02-10 08:00:00+00:00,0,1800
2022-02-10 09:00:00+00:00,0,1800
2022-02-10 10:00:00+00:00,0,2646.5
2022-02-10 11:00:00+00:00,0,2864.2
2022-02-10 12:00:00+00:00,0,2805.3
2022-02-10 13:00:00+00:00,0,2647.5
2022-02-10 14:00:00+00:00,0,2613
2022-02-10 15:00:00+00:00,0,2386
2022-02-10 16:00:00+00:00,0,2071
2022-02-10 17:00:00+00:00,0,166.4
2022-02-10 18:00:00+00:00,0,198.7
2022-02-10 19:00:00+00:00,0,1025.8
2022-02-10 20:00:00+00:00,0,2275.1
2022-02-10 21:00:00+00:00,0,2510.1
2022-02-10 22:00:00+00:00,0,2567.9
2022-02-10 23:00:00+00:00,0,2220.2
2022-02-11 00:00:00+00:00,0,2310.7
2022-02-11 01:00:00+00:00,0,2076
2022-02-11 02:00:00+00:00,0,1862.4
2022-02-11 03:00:00+00:00,0,1771.5
2022-02-11 04:00:00+00:00,0,1755.7
2022-02-11 05:00:00+00:00,0,1491.3
2022-02-11 06:00:00+00:00,0,84.4
2022-02-11 07:00:00+00:00,463.8,0
2022-02-11 08:00:00+00:00,0,458.7
2022-02-11 09:00:00+00:00,0,2121.9
2022-02-11 10:00:00+00:00,0,2388.7
2022-02-11 11:00:00+00:00,0,2617.3
2022-02-11 12:00:00+00:00,0,2426.7
2022-02-11 13:00:00+00:00,0,2583.7
2022-02-11 14:00:00+00:00,0,2703.3
2022-02-11 15:00:00+00:00,0,2634
2022-02-11 16:00:00+00:00,0,2169.3
2022-02-11 17:00:00+00:00,0,319.8
2022-02-11 18:00:00+00:00,0,88.8
2022-02-11 19:00:00+00:00,0,1339.4
2022-02-11 20:00:00+00:00,0,2622.7
2022-02-11 21:00:00+00:00,0,2588.4
2022-02-11 22:00:00+00:00,0,2687.1
2022-02-11 23:00:00+00:00,0,1719.1
2022-02-12 00:00:00+00:00,0,2214.5
2022-02-12 01:00:00+00:00,0,2135.6
2022-02-12 02:00:00+00:00,0,1968.1
2022-02-12 03:00:00+00:00,0,1835.2
2022-02-12 04:00:00+00:00,0,1911.9
2022-02-12 05:00:00+00:00,0,1758
2022-02-12 06:00:00+00:00,0,1700.2
2022-02-12 07:00:00+00:00,0,1401.7
2022-02-12 08:00:00+00:00,0,1115.2
2022-02-12 09:00:00+00:00,0,1729.6
2022-02-12 10:00:00+00:00,0,2198.7
2022-02-12 11:00:00+00:00,0,2254.5
2022-02-12 12:00:00+00:00,0,2318.8
2022-02-12 13:00:00+00:00,0,2109.1
2022-02-12 14:00:00+00:00,0,2053.4
2022-02-12 15:00:00+00:00,0,2039.3
2022-02-12 16:00:00+00:00,0,1676.5
2022-02-12 17:00:00+00:00,0,473.6
2022-02-12 18:00:00+00:00,50.1,0
2022-02-12 19:00:00+00:00,0,1116.4
2022-02-12 20:00:00+00:00,0,1197.1
2022-02-12 21:00:00+00:00,0,2318.5
2022-02-12 22:00:00+00:00,0,2563.3
2022-02-12 23:00:00+00:00,0,1504.7
2022-02-13 00:00:00+00:00,0,2054.7
2022-02-13 01:00:00+00:00,0,2814.8
2022-02-13 02:00:00+00:00,0,2959.5
2022-02-13 03:00:00+00:00,0,2700
2022-02-13 04:00:00+00:00,0,2700
2022-02-13 05:00:00+00:00,0,2700
2022-02-13 06:00:00+00:00,0,2501.7
2022-02-13 07:00:00+00:00,0,2826.4
2022-02-13 08:00:00+00:00,0,2935.2
2022-02-13 09:00:00+00:00,0,3348.3
2022-02-13 10:00:00+00:00,0,3915
2022-02-13 11:00:00+00:00,0,3745.1
2022-02-13 12:00:00+00:00,0,3574.6
2022-02-13 13:00:00+00:00,0,3285.4
2022-02-13 14:00:00+00:00,0,2877.1
2022-02-13 15:00:00+00:00,0,2628.8
2022-02-13 16:00:00+00:00,0,2259.6
2022-02-13 17:00:00+00:00,0,1670.5
2022-02-13 18:00:00+00:00,0,977.1
2022-02-13 19:00:00+00:00,0,1103.8
2022-02-13 20:00:00+00:00,0,1266.6
2022-02-13 21:00:00+00:00,0,2063.7
2022-02-13 22:00:00+00:00,0,2775.7
2022-02-13 23:00:00+00:00,0,3047.9
2022-02-14 00:00:00+00:00,0,2863.5
2022-02-14 01:00:00+00:00,0,2651.4
2022-02-14 02:00:00+00:00,0,2756.2
2022-02-14 03:00:00+00:00,0,2676.2
2022-02-14 04:00:00+00:00,0,2326.4
2022-02-14 05:00:00+00:00,0,1046
2022-02-14 06:00:00+00:00,379.4,0
2022-02-14 07:00:00+00:00,734.7,0
2022-02-14 08:00:00+00:00,180.1,0
2022-02-14 09:00:00+00:00,0,395.1
2022-02-14 10:00:00+00:00,0,1508.6
2022-02-14 11:00:00+00:00,0,1885
2022-02-14 12:00:00+00:00,0,2140.1
2022-02-14 13:00:00+00:00,0,2481.4
2022-02-14 14:00:00+00:00,0,2533.7
2022-02-14 15:00:00+00:00,0,1893.7
2022-02-14 16:00:00+00:00,0,941.4
2022-02-14 17:00:00+00:00,644.7,0
2022-02-14 18:00:00+00:00,788.2,0
2022-02-14 19:00:00+00:00,0,452.6
2022-02-14 20:00:00+00:00,0,656.3
2022-02-14 21:00:00+00:00,0,2429.6
2022-02-14 22:00:00+00:00,0,2495.3
2022-02-14 23:00:00+00:00,0,2351
2022-02-15 00:00:00+00:00,0,2343.7
2022-02-15 01:00:00+00:00,0,2143.2
2022-02-15 02:00:00+00:00,0,2072.4
2022-02-15 03:00:00+00:00,0,2335.4
2022-02-15 04:00:00+00:00,0,2116.4
2022-02-15 05:00:00+00:00,0,1614.8
2022-02-15 06:00:00+00:00,351.2,0
2022-02-15 07:00:00+00:00,183.8,0
2022-02-15 08:00:00+00:00,0,423.8
2022-02-15 09:00:00+00:00,0,2009.1
2022-02-15 10:00:00+00:00,0,2595.4
2022-02-15 11:00:00+00:00,0,2852
2022-02-15 12:00:00+00:00,0,3452.1
2022-02-15 13:00:00+00:00,0,3366.6
2022-02-15 14:00:00+00:00,0,3344.2
2022-02-15 15:00:00+00:00,0,3333.4
2022-02-15 16:00:00+00:00,0,2136.5
2022-02-15 17:00:00+00:00,0,1215.6
2022-02-15 18:00:00+00:00,0,109.9
2022-02-15 19:00:00+00:00,0,413
2022-02-15 20:00:00+00:00,0,665.7
2022-02-15 21:00:00+00:00,0,1505.4
2022-02-15 22:00:00+00:00,0,2121.2
2022-02-15 23:00:00+00:00,0,2209.3
2022-02-16 00:00:00+00:00,0,2379.6
2022-02-16 01:00:00+00:00,0,2775.7
2022-02-16 02:00:00+00:00,0,3098
2022-02-16 03:00:00+00:00,0,3105
2022-02-16 04:00:00+00:00,0,2702.6
2022-02-16 05:00:00+00:00,0,1351.2
2022-02-16 06:00:00+00:00,0,175.5
2022-02-16 07:00:00+00:00,52.4,0
2022-02-16 08:00:00+00:00,0,1075.1
2022-02-16 09:00:00+00:00,0,2238.9
2022-02-16 10:00:00+00:00,0,2085.5
2022-02-16 11:00:00+00:00,0,1900.4
2022-02-16 12:00:00+00:00,0,2688.3
2022-02-16 13:00:00+00:00,0,3335
2022-02-16 14:00:00+00:00,0,3434.8
2022-02-16 15:00:00+00:00,0,3563.4
2022-02-16 16:00:00+00:00,0,2180.1
2022-02-16 17:00:00+00:00,0,1778.4
2022-02-16 18:00:00+00:00,0,1107
2022-02-16 19:00:00+00:00,0,1148.9
2022-02-16 20:00:00+00:00,0,1287.9
2022-02-16 21:00:00+00:00,0,2375.9
2022-02-16 22:00:00+00:00,0,2601.4
2022-02-16 23:00:00+00:00,0,3645
2022-02-17 00:00:00+00:00,0,3645
2022-02-17 01:00:00+00:00,0,3645
2022-02-17 02:00:00+00:00,0,3601
2022-02-17 03:00:00+00:00,0,3600
2022-02-17 04:00:00+00:00,0,3459.7
2022-02-17 05:00:00+00:00,0,3140.3
2022-02-17 06:00:00+00:00,0,1276.6
2022-02-17 07:00:00+00:00,0,1648.9
2022-02-17 08:00:00+00:00,0,2587.7
2022-02-17 09:00:00+00:00,0,3195.4
2022-02-17 10:00:00+00:00,0,4240.2
2022-02-17 11:00:00+00:00,0,4545
2022-02-17 12:00:00+00:00,0,4545
2022-02-17 13:00:00+00:00,0,4545
2022-02-17 14:00:00+00:00,0,4635
2022-02-17 15:00:00+00:00,0,4379.9
2022-02-17 16:00:00+00:00,0,2936
2022-02-17 17:00:00+00:00,0,2073.7
2022-02-17 18:00:00+00:00,0,1099.4
2022-02-17 19:00:00+00:00,0,882.1
2022-02-17 20:00:00+00:00,0,1315.6
2022-02-17 21:00:00+00:00,0,2156.5
2022-02-17 22:00:00+00:00,0,2956.5
2022-02-17 23:00:00+00:00,0,1487.5
2022-02-18 00:00:00+00:00,0,1811
2022-02-18 01:00:00+00:00,0,1735.3
2022-02-18 02:00:00+00:00,0,1610
2022-02-18 03:00:00+00:00,0,1570.5
2022-02-18 04:00:00+00:00,0,1298.4
2022-02-18 05:00:00+00:00,0,768.4
2022-02-18 06:00:00+00:00,529.9,0
2022-02-18 07:00:00+00:00,569.9,0
2022-02-18 08:00:00+00:00,0,605.3
2022-02-18 09:00:00+00:00,0,1733.4
2022-02-18 10:00:00+00:00,0,2317.4
2022-02-18 11:00:00+00:00,0,2602.4
2022-02-18 12:00:00+00:00,0,2557
2022-02-18 13:00:00+00:00,0,2376.3
2022-02-18 14:00:00+00:00,0,2816.1
2022-02-18 15:00:00+00:00,0,2738.2
2022-02-18 16:00:00+00:00,0,1440
2022-02-18 17:00:00+00:00,0,304.7
2022-02-18 18:00:00+00:00,27.6,0
2022-02-18 19:00:00+00:00,0,605.1
2022-02-18 20:00:00+00:00,0,598.8
2022-02-18 21:00:00+00:00,0,1202.4
2022-02-18 22:00:00+00:00,0,1994.8
2022-02-18 23:00:00+00:00,0,974.2
2022-02-19 00:00:00+00:00,0,1513.6
2022-02-19 01:00:00+00:00,0,1647
2022-02-19 02:00:00+00:00,0,2169.3
2022-02-19 03:00:00+00:00,0,1803.4
2022-02-19 04:00:00+00:00,0,1553.4
2022-02-19 05:00:00+00:00,0,1239.3
2022-02-19 06:00:00+00:00,0,233
2022-02-19 07:00:00+00:00,0,306.9
2022-02-19 08:00:00+00:00,0.2,0
2022-02-19 09:00:00+00:00,0,570
2022-02-19 10:00:00+00:00,0,855.9
2022-02-19 11:00:00+00:00,0,1453.7
2022-02-19 12:00:00+00:00,0,1516
2022-02-19 13:00:00+00:00,0,1644.1
2022-02-19 14:00:00+00:00,0,2216
2022-02-19 15:00:00+00:00,0,1911.9
2022-02-19 16:00:00+00:00,0,1039.1
2022-02-19 17:00:00+00:00,0,761.7
2022-02-19 18:00:00+00:00,357.9,0
2022-02-19 19:00:00+00:00,0,20.6
2022-02-19 20:00:00+00:00,0,23.2
2022-02-19 21:00:00+00:00,0,19.7
2022-02-19 22:00:00+00:00,0,245.8
2022-02-19 23:00:00+00:00,0,483.9
2022-02-20 00:00:00+00:00,0,1638.8
2022-02-20 01:00:00+00:00,0,1677.1
2022-02-20 02:00:00+00:00,0,1776.2
2022-02-20 03:00:00+00:00,0,1973.6
2022-02-20 04:00:00+00:00,0,2019
2022-02-20 05:00:00+00:00,0,1943.9
2022-02-20 06:00:00+00:00,0,2026.9
2022-02-20 07:00:00+00:00,0,2291.1
2022-02-20 08:00:00+00:00,0,2822.1
2022-02-20 09:00:00+00:00,0,3964.4
2022-02-20 10:00:00+00:00,0,4275
2022-02-20 11:00:00+00:00,0,5008.6
2022-02-20 12:00:00+00:00,0,5085
2022-02-20 13:00:00+00:00,0,4957.6
2022-02-20 14:00:00+00:00,0,4815
2022-02-20 15:00:00+00:00,0,4723.1
2022-02-20 16:00:00+00:00,0,4076.3
2022-02-20 17:00:00+00:00,0,1790.1
2022-02-20 18:00:00+00:00,0,1380
2022-02-20 19:00:00+00:00,0,1316
2022-02-20 20:00:00+00:00,0,1393.4
2022-02-20 21:00:00+00:00,0,1497.7
2022-02-20 22:00:00+00:00,0,1541.7
2022-02-20 23:00:00+00:00,0,2598.8
2022-02-21 00:00:00+00:00,0,2488.8
2022-02-21 01:00:00+00:00,0,2881.2
2022-02-21 02:00:00+00:00,0,3127.1
2022-02-21 03:00:00+00:00,0,3061
2022-02-21 04:00:00+00:00,0,2748.1
2022-02-21 05:00:00+00:00,0,1020.3
2022-02-21 06:00:00+00:00,705.3,0
2022-02-21 07:00:00+00:00,745,0
2022-02-21 08:00:00+00:00,0,730.8
2022-02-21 09:00:00+00:00,0,2326.7
2022-02-21 10:00:00+00:00,0,3380.5
2022-02-21 11:00:00+00:00,0,4160.6
2022-02-21 12:00:00+00:00,0,4770
2022-02-21 13:00:00+00:00,0,4770
2022-02-21 14:00:00+00:00,0,4635
2022-02-21 15:00:00+00:00,0,4635
2022-02-21 16:00:00+00:00,0,4104.1
2022-02-21 17:00:00+00:00,0,2259.1
2022-02-21 18:00:00+00:00,0,1329.2
2022-02-21 19:00:00+00:00,0,1402.5
2022-02-21 20:00:00+00:00,0,1697.2
2022-02-21 21:00:00+00:00,0,2233.1
2022-02-21 22:00:00+00:00,0,3095
2022-02-21 23:00:00+00:00,0,2524.3
2022-02-22 00:00:00+00:00,0,2028.6
2022-02-22 01:00:00+00:00,0,1661.1
2022-02-22 02:00:00+00:00,0,1405.9
2022-02-22 03:00:00+00:00,0,1427.4
2022-02-22 04:00:00+00:00,0,1433.8
2022-02-22 05:00:00+00:00,0,1458
2022-02-22 06:00:00+00:00,0,1436.3
2022-02-22 07:00:00+00:00,0,692.6
2022-02-22 08:00:00+00:00,0,2856
2022-02-22 09:00:00+00:00,0,3190.4
2022-02-22 10:00:00+00:00,0,3560.6
2022-02-22 11:00:00+00:00,0,3814.5
2022-02-22 12:00:00+00:00,0,3802.2
2022-02-22 13:00:00+00:00,0,4635.7
2022-02-22 14:00:00+00:00,0,4725
2022-02-22 15:00:00+00:00,0,4725
2022-02-22 16:00:00+00:00,0,4303.8
2022-02-22 17:00:00+00:00,0,4047
2022-02-22 18:00:00+00:00,0,2209.9
2022-02-22 19:00:00+00:00,0,2216.2
2022-02-22 20:00:00+00:00,0,2602.1
2022-02-22 21:00:00+00:00,0,3757.2
2022-02-22 22:00:00+00:00,0,3539.9
2022-02-22 23:00:00+00:00,0,2973.1
2022-02-23 00:00:00+00:00,0,2187.9
2022-02-23 01:00:00+00:00,0,1528.9
2022-02-23 02:00:00+00:00,0,1109.1
2022-02-23 03:00:00+00:00,0,889.5
2022-02-23 04:00:00+00:00,0,827.9
2022-02-23 05:00:00+00:00,0,505.5
2022-02-23 06:00:00+00:00,487.4,0
2022-02-23 07:00:00+00:00,1389.8,0
2022-02-23 08:00:00+00:00,110,0
2022-02-23 09:00:00+00:00,0,1634.2
2022-02-23 10:00:00+00:00,0,2271
2022-02-23 11:00:00+00:00,0,2668.6
2022-02-23 12:00:00+00:00,0,2731.6
2022-02-23 13:00:00+00:00,0,2831.7
2022-02-23 14:00:00+00:00,0,3308.3
2022-02-23 15:00:00+00:00,0,3464.1
2022-02-23 16:00:00+00:00,0,2902.2
2022-02-23 17:00:00+00:00,0,367.3
2022-02-23 18:00:00+00:00,0,104.2
2022-02-23 19:00:00+00:00,0,590.9
2022-02-23 20:00:00+00:00,0,839.8
2022-02-23 21:00:00+00:00,0,2202.9
2022-02-23 22:00:00+00:00,0,2928.7
2022-02-23 23:00:00+00:00,0,2328.6
2022-02-24 00:00:00+00:00,0,2593.6
2022-02-24 01:00:00+00:00,0,2606.7
2022-02-24 02:00:00+00:00,0,2472.1
2022-02-24 03:00:00+00:00,0,2277.5
2022-02-24 04:00:00+00:00,0,2114.5
2022-02-24 05:00:00+00:00,0,922
2022-02-24 06:00:00+00:00,468.4,0
2022-02-24 07:00:00+00:00,760,0
2022-02-24 08:00:00+00:00,0,377.8
2022-02-24 09:00:00+00:00,0,1657.4
2022-02-24 10:00:00+00:00,0,2169.4
2022-02-24 11:00:00+00:00,0,2532.5
2022-02-24 12:00:00+00:00,0,2851.3
2022-02-24 13:00:00+00:00,0,2885.3
2022-02-24 14:00:00+00:00,0,3417.1
2022-02-24 15:00:00+00:00,0,3372.2
2022-02-24 16:00:00+00:00,0,3024.8
2022-02-24 17:00:00+00:00,0,2367.5
2022-02-24 18:00:00+00:00,0,31.3
2022-02-24 19:00:00+00:00,0,605.7
2022-02-24 20:00:00+00:00,0,1724.2
2022-02-24 21:00:00+00:00,0,2538.2
2022-02-24 22:00:00+00:00,0,2561.8
2022-02-24 23:00:00+00:00,0,2111.9
2022-02-25 00:00:00+00:00,0,1873
2022-02-25 01:00:00+00:00,0,1852.2
2022-02-25 02:00:00+00:00,0,2141.9
2022-02-25 03:00:00+00:00,0,2305.5
2022-02-25 04:00:00+00:00,0,1629.3
2022-02-25 05:00:00+00:00,0,533.8
2022-02-25 06:00:00+00:00,1766.9,0
2022-02-25 07:00:00+00:00,1784.3,0
2022-02-25 08:00:00+00:00,1114,0
2022-02-25 09:00:00+00:00,401.9,0
2022-02-25 10:00:00+00:00,0,997.8
2022-02-25 11:00:00+00:00,0,590.5
2022-02-25 12:00:00+00:00,0,1127.7
2022-02-25 13:00:00+00:00,0,1504.1
2022-02-25 14:00:00+00:00,0,1848.4
2022-02-25 15:00:00+00:00,0,1738.3
2022-02-25 16:00:00+00:00,0,379.1
2022-02-25 17:00:00+00:00,317.9,0
2022-02-25 18:00:00+00:00,1174.1,0
2022-02-25 19:00:00+00:00,546.3,0
2022-02-25 20:00:00+00:00,297.3,0
2022-02-25 21:00:00+00:00,228.6,0
2022-02-25 22:00:00+00:00,514.4,0
2022-02-25 23:00:00+00:00,598.2,0
2022-02-26 00:00:00+00:00,53.5,0
2022-02-26 01:00:00+00:00,0,759
2022-02-26 02:00:00+00:00,0,745.6
2022-02-26 03:00:00+00:00,0,889.5
2022-02-26 04:00:00+00:00,0,877
2022-02-26 05:00:00+00:00,0,474.7
2022-02-26 06:00:00+00:00,789.3,0
2022-02-26 07:00:00+00:00,1382.4,0
2022-02-26 08:00:00+00:00,781.5,0
2022-02-26 09:00:00+00:00,0,1462.8
2022-02-26 10:00:00+00:00,0,1806.3
2022-02-26 11:00:00+00:00,0,2207.8
2022-02-26 12:00:00+00:00,0,2534.6
2022-02-26 13:00:00+00:00,0,2739.7
2022-02-26 14:00:00+00:00,0,2770.5
2022-02-26 15:00:00+00:00,0,2844.7
2022-02-26 16:00:00+00:00,0,2499.2
2022-02-26 17:00:00+00:00,0,421.9
2022-02-26 18:00:00+00:00,0,431.6
2022-02-26 19:00:00+00:00,0,1157.1
2022-02-26 20:00:00+00:00,0,1135.5
2022-02-26 21:00:00+00:00,0,2040.9
2022-02-26 22:00:00+00:00,0,2945.6
2022-02-26 23:00:00+00:00,0,3799
2022-02-27 00:00:00+00:00,0,3516.8
2022-02-27 01:00:00+00:00,0,3243.3
2022-02-27 02:00:00+00:00,0,3141.7
2022-02-27 03:00:00+00:00,0,2963.1
2022-02-27 04:00:00+00:00,0,2814.2
2022-02-27 05:00:00+00:00,0,2811.8
2022-02-27 06:00:00+00:00,0,2811.8
2022-02-27 07:00:00+00:00,0,2667.3
2022-02-27 08:00:00+00:00,0,2820.7
2022-02-27 09:00:00+00:00,0,3134.6
2022-02-27 10:00:00+00:00,0,3269.3
2022-02-27 11:00:00+00:00,0,3402
2022-02-27 12:00:00+00:00,0,3581.6
2022-02-27 13:00:00+00:00,0,3307.9
2022-02-27 14:00:00+00:00,0,3617.3
2022-02-27 15:00:00+00:00,0,3555.8
2022-02-27 16:00:00+00:00,0,2997.2
2022-02-27 17:00:00+00:00,0,2051.6
2022-02-27 18:00:00+00:00,0,1110.5
2022-02-27 19:00:00+00:00,0,1087.1
2022-02-27 20:00:00+00:00,0,1183
2022-02-27 21:00:00+00:00,0,1782.2
2022-02-27 22:00:00+00:00,0,2669.2
2022-02-27 23:00:00+00:00,0,1821.6
2022-02-28 00:00:00+00:00,0,1556.2
2022-02-28 01:00:00+00:00,0,1983.3
2022-02-28 02:00:00+00:00,0,2248.2
2022-02-28 03:00:00+00:00,0,2198.7
2022-02-28 04:00:00+00:00,0,1553.5
2022-02-28 05:00:00+00:00,197.3,0
2022-02-28 06:00:00+00:00,1255.2,0
2022-02-28 07:00:00+00:00,539.9,0
2022-02-28 08:00:00+00:00,0,803.7
2022-02-28 09:00:00+00:00,0,2122.8
2022-02-28 10:00:00+00:00,0,2649.4
2022-02-28 11:00:00+00:00,0,2505.8
2022-02-28 12:00:00+00:00,0,2455.7
2022-02-28 13:00:00+00:00,0,2375.7
2022-02-28 14:00:00+00:00,0,2462.1
2022-02-28 15:00:00+00:00,0,2027.1
2022-02-28 16:00:00+00:00,0,1428.5
2022-02-28 17:00:00+00:00,0,52.7
2022-02-28 18:00:00+00:00,60.6,0
2022-02-28 19:00:00+00:00,31.6,0
2022-02-28 20:00:00+00:00,0,2.8
2022-02-28 21:00:00+00:00,0,684.8
2022-02-28 22:00:00+00:00,0,1889.4
2022-02-28 23:00:00+00:00,0,1998.3
2022-03-01 00:00:00+00:00,0,2068.8
2022-03-01 01:00:00+00:00,0,2166.5
2022-03-01 02:00:00+00:00,0,1893.8
2022-03-01 03:00:00+00:00,0,1804.2
2022-03-01 04:00:00+00:00,0,1636.1
2022-03-01 05:00:00+00:00,0,962.5
2022-03-01 06:00:00+00:00,780.6,0
2022-03-01 07:00:00+00:00,825.8,0
2022-03-01 08:00:00+00:00,222.9,0
2022-03-01 09:00:00+00:00,0,1467
2022-03-01 10:00:00+00:00,0,2065.6
2022-03-01 11:00:00+00:00,0,1977
2022-03-01 12:00:00+00:00,0,1906.9
2022-03-01 13:00:00+00:00,0,1489
2022-03-01 14:00:00+00:00,0,1318
2022-03-01 15:00:00+00:00,0,1198.5
2022-03-01 16:00:00+00:00,0,474.2
2022-03-01 17:00:00+00:00,316.7,0
2022-03-01 18:00:00+00:00,1409.7,0
2022-03-01 19:00:00+00:00,889.2,0
2022-03-01 20:00:00+00:00,115.7,0
2022-03-01 21:00:00+00:00,0,1428.6
2022-03-01 22:00:00+00:00,0,1681.7
2022-03-01 23:00:00+00:00,0,1549.4
2022-03-02 00:00:00+00:00,0,1342.2
2022-03-02 01:00:00+00:00,0,1353.7
2022-03-02 02:00:00+00:00,0,1201.6
2022-03-02 03:00:00+00:00,0,1079.9
2022-03-02 04:00:00+00:00,0,821.2
2022-03-02 05:00:00+00:00,0,519.9
2022-03-02 06:00:00+00:00,1270.1,0
2022-03-02 07:00:00+00:00,1349.3,0
2022-03-02 08:00:00+00:00,0,77
2022-03-02 09:00:00+00:00,0,2247.8
2022-03-02 10:00:00+00:00,0,2569.7
2022-03-02 11:00:00+00:00,0,2771.9
2022-03-02 12:00:00+00:00,0,2793.1
2022-03-02 13:00:00+00:00,0,3440.6
2022-03-02 14:00:00+00:00,0,4053.9
2022-03-02 15:00:00+00:00,0,3838.2
2022-03-02 16:00:00+00:00,0,2178.1
2022-03-02 17:00:00+00:00,0,1564.3
2022-03-02 18:00:00+00:00,0,623.6
2022-03-02 19:00:00+00:00,0,124.6
2022-03-02 20:00:00+00:00,0,1735.3
2022-03-02 21:00:00+00:00,0,2058.5
2022-03-02 22:00:00+00:00,0,2157.3
2022-03-02 23:00:00+00:00,0,1703.7
2022-03-03 00:00:00+00:00,0,1768.6
2022-03-03 01:00:00+00:00,0,1674.4
2022-03-03 02:00:00+00:00,0,1360.8
2022-03-03 03:00:00+00:00,0,1039
2022-03-03 04:00:00+00:00,0,221.4
2022-03-03 05:00:00+00:00,2208.6,0
2022-03-03 06:00:00+00:00,3645,0
2022-03-03 07:00:00+00:00,3645,0
2022-03-03 08:00:00+00:00,2313.3,0
2022-03-03 09:00:00+00:00,1968.9,0
2022-03-03 10:00:00+00:00,1572.5,0
2022-03-03 11:00:00+00:00,1450.9,0
2022-03-03 12:00:00+00:00,1611.2,0
2022-03-03 13:00:00+00:00,753.5,0
2022-03-03 14:00:00+00:00,729.4,0
2022-03-03 15:00:00+00:00,1391.2,0
2022-03-03 16:00:00+00:00,1907.7,0
2022-03-03 17:00:00+00:00,2166.8,0
2022-03-03 18:00:00+00:00,2187.3,0
2022-03-03 19:00:00+00:00,1827.5,0
2022-03-03 20:00:00+00:00,1176,0
2022-03-03 21:00:00+00:00,581.5,0
2022-03-03 22:00:00+00:00,0,101.1
2022-03-03 23:00:00+00:00,524.2,0
2022-03-04 00:00:00+00:00,0,40
2022-03-04 01:00:00+00:00,0,104.2
2022-03-04 02:00:00+00:00,0,433.1
2022-03-04 03:00:00+00:00,0,741.2
2022-03-04 04:00:00+00:00,0,636.5
2022-03-04 05:00:00+00:00,95,0
2022-03-04 06:00:00+00:00,1410.1,0
2022-03-04 07:00:00+00:00,1858.1,0
2022-03-04 08:00:00+00:00,887.7,0
2022-03-04 09:00:00+00:00,0,497
2022-03-04 10:00:00+00:00,0,1305.7
2022-03-04 11:00:00+00:00,0,1536.4
2022-03-04 12:00:00+00:00,0,1519.4
2022-03-04 13:00:00+00:00,0,1517.8
2022-03-04 14:00:00+00:00,0,1614.9
2022-03-04 15:00:00+00:00,0,1353.5
2022-03-04 16:00:00+00:00,240.2,0
2022-03-04 17:00:00+00:00,1190.7,0
2022-03-04 18:00:00+00:00,1300.4,0
2022-03-04 19:00:00+00:00,359.8,0
2022-03-04 20:00:00+00:00,28,0
2022-03-04 21:00:00+00:00,0,646.6
2022-03-04 22:00:00+00:00,0,2163.5
2022-03-04 23:00:00+00:00,0,1785.9
2022-03-05 00:00:00+00:00,0,2291.2
2022-03-05 01:00:00+00:00,0,2203.8
2022-03-05 02:00:00+00:00,0,2162.8
2022-03-05 03:00:00+00:00,0,2125
2022-03-05 04:00:00+00:00,0,2108.3
2022-03-05 05:00:00+00:00,0,1661.9
2022-03-05 06:00:00+00:00,0,681.1
2022-03-05 07:00:00+00:00,0,1564
2022-03-05 08:00:00+00:00,0,1793
2022-03-05 09:00:00+00:00,0,1984.7
2022-03-05 10:00:00+00:00,0,2251.2
2022-03-05 11:00:00+00:00,0,2654.3
2022-03-05 12:00:00+00:00,0,2759.1
2022-03-05 13:00:00+00:00,0,2779.8
2022-03-05 14:00:00+00:00,0,2963.4
2022-03-05 15:00:00+00:00,0,2890.1
2022-03-05 16:00:00+00:00,0,486.7
2022-03-05 17:00:00+00:00,0,461
2022-03-05 18:00:00+00:00,0,580.5
2022-03-05 19:00:00+00:00,0,909.8
2022-03-05 20:00:00+00:00,0,608.9
2022-03-05 21:00:00+00:00,0,931.6
2022-03-05 22:00:00+00:00,0,2038
2022-03-05 23:00:00+00:00,0,2402.3
2022-03-06 00:00:00+00:00,0,2386
2022-03-06 01:00:00+00:00,0,2554.4
2022-03-06 02:00:00+00:00,0,2747.9
2022-03-06 03:00:00+00:00,0,2338.6
2022-03-06 04:00:00+00:00,0,2085.5
2022-03-06 05:00:00+00:00,0,1815.2
2022-03-06 06:00:00+00:00,0,1081.9
2022-03-06 07:00:00+00:00,0,1355.9
2022-03-06 08:00:00+00:00,0,1235.2
2022-03-06 09:00:00+00:00,0,1910.4
2022-03-06 10:00:00+00:00,0,2563.2
2022-03-06 11:00:00+00:00,0,2555.5
2022-03-06 12:00:00+00:00,0,3582
2022-03-06 13:00:00+00:00,0,3020.6
2022-03-06 14:00:00+00:00,0,3438.8
2022-03-06 15:00:00+00:00,0,3264.2
2022-03-06 16:00:00+00:00,0,2088.6
2022-03-06 17:00:00+00:00,0,1627.2
2022-03-06 18:00:00+00:00,0,1434.7
2022-03-06 19:00:00+00:00,0,1946.1
2022-03-06 20:00:00+00:00,0,2035.8
2022-03-06 21:00:00+00:00,0,2219
2022-03-06 22:00:00+00:00,0,1817.7
2022-03-06 23:00:00+00:00,0,890.5
2022-03-07 00:00:00+00:00,0,1450.1
2022-03-07 01:00:00+00:00,0,1214.6
2022-03-07 02:00:00+00:00,0,1138
2022-03-07 03:00:00+00:00,0,1136
2022-03-07 04:00:00+00:00,0,937.2
2022-03-07 05:00:00+00:00,1770.5,0
2022-03-07 06:00:00+00:00,2829.3,0
2022-03-07 07:00:00+00:00,2280.7,0
2022-03-07 08:00:00+00:00,1343.1,0
2022-03-07 09:00:00+00:00,0,162.5
2022-03-07 10:00:00+00:00,0,735.1
2022-03-07 11:00:00+00:00,0,896.2
2022-03-07 12:00:00+00:00,0,1205.3
2022-03-07 13:00:00+00:00,0,2041.1
2022-03-07 14:00:00+00:00,0,2607.4
2022-03-07 15:00:00+00:00,0,2375.7
2022-03-07 16:00:00+00:00,0,83.6
2022-03-07 17:00:00+00:00,1369,0
2022-03-07 18:00:00+00:00,1553.4,0
2022-03-07 19:00:00+00:00,762.7,0
2022-03-07 20:00:00+00:00,0,205.8
2022-03-07 21:00:00+00:00,0,1204.5
2022-03-07 22:00:00+00:00,0,939.8
2022-03-07 23:00:00+00:00,0,501.1
2022-03-08 00:00:00+00:00,0,89.7
2022-03-08 01:00:00+00:00,69.7,0
2022-03-08 02:00:00+00:00,25.3,0
2022-03-08 03:00:00+00:00,212.5,0
2022-03-08 04:00:00+00:00,0,7.1
2022-03-08 05:00:00+00:00,733.3,0
2022-03-08 06:00:00+00:00,2304.5,0
2022-03-08 07:00:00+00:00,2441.4,0
2022-03-08 08:00:00+00:00,1202.7,0
2022-03-08 09:00:00+00:00,270.1,0
2022-03-08 10:00:00+00:00,0,1681.8
2022-03-08 11:00:00+00:00,0,2402.2
2022-03-08 12:00:00+00:00,0,2471.1
2022-03-08 13:00:00+00:00,0,2508.9
2022-03-08 14:00:00+00:00,0,2966.9
2022-03-08 15:00:00+00:00,0,3015
2022-03-08 16:00:00+00:00,136.8,0
2022-03-08 17:00:00+00:00,3280.1,0
2022-03-08 18:00:00+00:00,3285,0
2022-03-08 19:00:00+00:00,3285,0
2022-03-08 20:00:00+00:00,2190,0
2022-03-08 21:00:00+00:00,228.9,0
2022-03-08 22:00:00+00:00,0,262.3
2022-03-08 23:00:00+00:00,0,1145.8
2022-03-09 00:00:00+00:00,0,905.6
2022-03-09 01:00:00+00:00,0,759.8
2022-03-09 02:00:00+00:00,0,501.7
2022-03-09 03:00:00+00:00,0,385.6
2022-03-09 04:00:00+00:00,0,229.8
2022-03-09 05:00:00+00:00,1301.3,0
2022-03-09 06:00:00+00:00,2088.4,0
2022-03-09 07:00:00+00:00,1600.1,0
2022-03-09 08:00:00+00:00,0,518
2022-03-09 09:00:00+00:00,0,1031.2
2022-03-09 10:00:00+00:00,0,1054.5
2022-03-09 11:00:00+00:00,0,1545.9
2022-03-09 12:00:00+00:00,0,1213.9
2022-03-09 13:00:00+00:00,0,1034.3
2022-03-09 14:00:00+00:00,0,1204.1
2022-03-09 15:00:00+00:00,0,1012.2
2022-03-09 16:00:00+00:00,395.6,0
2022-03-09 17:00:00+00:00,1305.2,0
2022-03-09 18:00:00+00:00,1624.2,0
2022-03-09 19:00:00+00:00,121.4,0
2022-03-09 20:00:00+00:00,0,251.9
2022-03-09 21:00:00+00:00,0,543.3
2022-03-09 22:00:00+00:00,0,1755.8
2022-03-09 23:00:00+00:00,0,993.5
2022-03-10 00:00:00+00:00,0,1296.7
2022-03-10 01:00:00+00:00,0,1512.4
2022-03-10 02:00:00+00:00,0,2000.4
2022-03-10 03:00:00+00:00,0,2059.3
2022-03-10 04:00:00+00:00,0,783.4
2022-03-10 05:00:00+00:00,0,47.7
2022-03-10 06:00:00+00:00,1535.9,0
2022-03-10 07:00:00+00:00,1273.6,0
2022-03-10 08:00:00+00:00,0,199.2
2022-03-10 09:00:00+00:00,0,1429.6
2022-03-10 10:00:00+00:00,0,1376.2
2022-03-10 11:00:00+00:00,0,977.4
2022-03-10 12:00:00+00:00,0,899.6
2022-03-10 13:00:00+00:00,0,1407.6
2022-03-10 14:00:00+00:00,0,2032.7
2022-03-10 15:00:00+00:00,0,1896.3
2022-03-10 16:00:00+00:00,145.8,0
2022-03-10 17:00:00+00:00,422.5,0
2022-03-10 18:00:00+00:00,2351.5,0
2022-03-10 19:00:00+00:00,1548.4,0
2022-03-10 20:00:00+00:00,107.5,0
2022-03-10 21:00:00+00:00,0,20.2
2022-03-10 22:00:00+00:00,0,614
2022-03-10 23:00:00+00:00,612.9,0
2022-03-11 00:00:00+00:00,410.2,0
2022-03-11 01:00:00+00:00,0,44.9
2022-03-11 02:00:00+00:00,0,1287.8
2022-03-11 03:00:00+00:00,0,1521.8
2022-03-11 04:00:00+00:00,0,1813.2
2022-03-11 05:00:00+00:00,599.2,0
2022-03-11 06:00:00+00:00,1129.9,0
2022-03-11 07:00:00+00:00,1699.2,0
2022-03-11 08:00:00+00:00,503.6,0
2022-03-11 09:00:00+00:00,0,884.8
2022-03-11 10:00:00+00:00,0,1514.5
2022-03-11 11:00:00+00:00,0,1221.4
2022-03-11 12:00:00+00:00,0,1189.4
2022-03-11 13:00:00+00:00,0,1138.9
2022-03-11 14:00:00+00:00,0,1479.4
2022-03-11 15:00:00+00:00,0,1530.3
2022-03-11 16:00:00+00:00,0,850.7
2022-03-11 17:00:00+00:00,245.4,0
2022-03-11 18:00:00+00:00,1364.1,0
2022-03-11 19:00:00+00:00,537.2,0
2022-03-11 20:00:00+00:00,11.9,0
2022-03-11 21:00:00+00:00,0,252.3
2022-03-11 22:00:00+00:00,0,952.1
2022-03-11 23:00:00+00:00,0,1771
2022-03-12 00:00:00+00:00,0,2484.7
2022-03-12 01:00:00+00:00,0,2461.1
2022-03-12 02:00:00+00:00,0,2400.8
2022-03-12 03:00:00+00:00,0,2002.8
2022-03-12 04:00:00+00:00,0,1616.4
2022-03-12 05:00:00+00:00,0,1388.7
2022-03-12 06:00:00+00:00,0,801.5
2022-03-12 07:00:00+00:00,0,650.7
2022-03-12 08:00:00+00:00,0,947.1
2022-03-12 09:00:00+00:00,0,1034.8
2022-03-12 10:00:00+00:00,0,952.6
2022-03-12 11:00:00+00:00,0,1314
2022-03-12 12:00:00+00:00,0,1312.2
2022-03-12 13:00:00+00:00,0,1746.3
2022-03-12 14:00:00+00:00,0,1536
2022-03-12 15:00:00+00:00,0,888.9
2022-03-12 16:00:00+00:00,0,1046.9
2022-03-12 17:00:00+00:00,0,478.6
2022-03-12 18:00:00+00:00,0,239
2022-03-12 19:00:00+00:00,0,732.8
2022-03-12 20:00:00+00:00,0,1902.2
2022-03-12 21:00:00+00:00,0,2523.2
2022-03-12 22:00:00+00:00,0,2627.6
2022-03-12 23:00:00+00:00,0,1549.9
2022-03-13 00:00:00+00:00,0,1206.1
2022-03-13 01:00:00+00:00,0,1002.5
2022-03-13 02:00:00+00:00,0,2600.9
2022-03-13 03:00:00+00:00,0,2790
2022-03-13 04:00:00+00:00,0,1903.1
2022-03-13 05:00:00+00:00,0,1811
2022-03-13 06:00:00+00:00,0,2031.6
2022-03-13 07:00:00+00:00,0,2055.5
2022-03-13 08:00:00+00:00,0,2168.7
2022-03-13 09:00:00+00:00,0,2355.5
2022-03-13 10:00:00+00:00,0,2323.9
2022-03-13 11:00:00+00:00,0,2374.4
2022-03-13 12:00:00+00:00,0,2230.5
2022-03-13 13:00:00+00:00,0,1776
2022-03-13 14:00:00+00:00,0,1620.1
2022-03-13 15:00:00+00:00,0,1533.8
2022-03-13 16:00:00+00:00,0,1497
2022-03-13 17:00:00+00:00,0,1199.5
2022-03-13 18:00:00+00:00,545.2,0
2022-03-13 19:00:00+00:00,0,144.5
2022-03-13 20:00:00+00:00,0,586.2
2022-03-13 21:00:00+00:00,0,856.6
2022-03-13 22:00:00+00:00,0,1277.2
2022-03-13 23:00:00+00:00,0,1574.3
2022-03-14 00:00:00+00:00,0,2172.4
2022-03-14 01:00:00+00:00,0,2270.9
2022-03-14 02:00:00+00:00,0,1930.6
2022-03-14 03:00:00+00:00,0,1633.4
2022-03-14 04:00:00+00:00,0,1368.2
2022-03-14 05:00:00+00:00,0,799.9
2022-03-14 06:00:00+00:00,0,57.9
2022-03-14 07:00:00+00:00,521.9,0
2022-03-14 08:00:00+00:00,149.3,0
2022-03-14 09:00:00+00:00,0,638.6
2022-03-14 10:00:00+00:00,0,1291.1
2022-03-14 11:00:00+00:00,0,2076.5
2022-03-14 12:00:00+00:00,0,1962.5
2022-03-14 13:00:00+00:00,0,1738.9
2022-03-14 14:00:00+00:00,0,2062.8
2022-03-14 15:00:00+00:00,0,2059
2022-03-14 16:00:00+00:00,0,1936.5
2022-03-14 17:00:00+00:00,0,1942
2022-03-14 18:00:00+00:00,0,1795.2
2022-03-14 19:00:00+00:00,0,1587
2022-03-14 20:00:00+00:00,0,1607.5
2022-03-14 21:00:00+00:00,0,1818.2
2022-03-14 22:00:00+00:00,0,1490.8
2022-03-14 23:00:00+00:00,0,1594.9
2022-03-15 00:00:00+00:00,0,1992.8
2022-03-15 01:00:00+00:00,0,2021.5
2022-03-15 02:00:00+00:00,0,2083.9
2022-03-15 03:00:00+00:00,0,1871.6
2022-03-15 04:00:00+00:00,0,1617.3
2022-03-15 05:00:00+00:00,0,1018.8
2022-03-15 06:00:00+00:00,0,336.5
2022-03-15 07:00:00+00:00,0,650.9
2022-03-15 08:00:00+00:00,0,1567.2
2022-03-15 09:00:00+00:00,0,2074
2022-03-15 10:00:00+00:00,0,2416.4
2022-03-15 11:00:00+00:00,0,2793
2022-03-15 12:00:00+00:00,0,2722
2022-03-15 13:00:00+00:00,0,2871.8
2022-03-15 14:00:00+00:00,0,3203.2
2022-03-15 15:00:00+00:00,0,3272.4
2022-03-15 16:00:00+00:00,0,3195.4
2022-03-15 17:00:00+00:00,0,2926.3
2022-03-15 18:00:00+00:00,0,1072.8
2022-03-15 19:00:00+00:00,0,1089.5
2022-03-15 20:00:00+00:00,0,1132.4
2022-03-15 21:00:00+00:00,0,2235.5
2022-03-15 22:00:00+00:00,0,2881.9
2022-03-15 23:00:00+00:00,0,2219.5
2022-03-16 00:00:00+00:00,0,1893.1
2022-03-16 01:00:00+00:00,0,1656.6
2022-03-16 02:00:00+00:00,0,1536.3
2022-03-16 03:00:00+00:00,0,1447.1
2022-03-16 04:00:00+00:00,0,1097.1
2022-03-16 05:00:00+00:00,818.8,0
2022-03-16 06:00:00+00:00,1935.6,0
2022-03-16 07:00:00+00:00,1978.4,0
2022-03-16 08:00:00+00:00,519.7,0
2022-03-16 09:00:00+00:00,0,948.4
2022-03-16 10:00:00+00:00,0,1231.5
2022-03-16 11:00:00+00:00,0,1496.3
2022-03-16 12:00:00+00:00,0,1534.4
2022-03-16 13:00:00+00:00,0,1271.8
2022-03-16 14:00:00+00:00,0,1072.4
2022-03-16 15:00:00+00:00,0,1033.9
2022-03-16 16:00:00+00:00,0,326.5
2022-03-16 17:00:00+00:00,0,1016.3
2022-03-16 18:00:00+00:00,0,90.5
2022-03-16 19:00:00+00:00,0,215
2022-03-16 20:00:00+00:00,0,807.5
2022-03-16 21:00:00+00:00,0,1352.4
2022-03-16 22:00:00+00:00,0,1522.5
2022-03-16 23:00:00+00:00,0,1270.6
2022-03-17 00:00:00+00:00,0,1104.4
2022-03-17 01:00:00+00:00,0,1653.3
2022-03-17 02:00:00+00:00,0,2129
2022-03-17 03:00:00+00:00,0,2089.7
2022-03-17 04:00:00+00:00,0,1617.3
2022-03-17 05:00:00+00:00,0,926.3
2022-03-17 06:00:00+00:00,159.2,0
2022-03-17 07:00:00+00:00,0,175.4
2022-03-17 08:00:00+00:00,0,1434
2022-03-17 09:00:00+00:00,0,1974.2
2022-03-17 10:00:00+00:00,0,2164.9
2022-03-17 11:00:00+00:00,0,2292.6
2022-03-17 12:00:00+00:00,0,2370.1
2022-03-17 13:00:00+00:00,0,2632.8
2022-03-17 14:00:00+00:00,0,2649.4
2022-03-17 15:00:00+00:00,0,2611.6
2022-03-17 16:00:00+00:00,0,2490.3
2022-03-17 17:00:00+00:00,0,1565.2
2022-03-17 18:00:00+00:00,0,552.1
2022-03-17 19:00:00+00:00,132.7,0
2022-03-17 20:00:00+00:00,0,1072.2
2022-03-17 21:00:00+00:00,0,849.1
2022-03-17 22:00:00+00:00,0,1236.2
2022-03-17 23:00:00+00:00,0,240.8
2022-03-18 00:00:00+00:00,0,53.3
2022-03-18 01:00:00+00:00,0,96.8
2022-03-18 02:00:00+00:00,4.7,0
2022-03-18 03:00:00+00:00,495.9,0
2022-03-18 04:00:00+00:00,1050.7,0
2022-03-18 05:00:00+00:00,1291.6,0
2022-03-18 06:00:00+00:00,1817.7,0
2022-03-18 07:00:00+00:00,1477,0
2022-03-18 08:00:00+00:00,554.6,0
2022-03-18 09:00:00+00:00,0,130
2022-03-18 10:00:00+00:00,0,761.1
2022-03-18 11:00:00+00:00,0,1342.5
2022-03-18 12:00:00+00:00,0,1975
2022-03-18 13:00:00+00:00,0,2331.4
2022-03-18 14:00:00+00:00,0,2479.4
2022-03-18 15:00:00+00:00,0,2328.4
2022-03-18 16:00:00+00:00,0,2161.3
2022-03-18 17:00:00+00:00,0,374.3
2022-03-18 18:00:00+00:00,0,99.4
2022-03-18 19:00:00+00:00,0,341.4
2022-03-18 20:00:00+00:00,0,252.3
2022-03-18 21:00:00+00:00,0,1458.7
2022-03-18 22:00:00+00:00,0,1719
2022-03-18 23:00:00+00:00,0,702.1
2022-03-19 00:00:00+00:00,0,1173.4
2022-03-19 01:00:00+00:00,0,956.2
2022-03-19 02:00:00+00:00,0,1059
2022-03-19 03:00:00+00:00,0,1354.2
2022-03-19 04:00:00+00:00,0,1410.5
2022-03-19 05:00:00+00:00,0,466.9
2022-03-19 06:00:00+00:00,0,106
2022-03-19 07:00:00+00:00,158.8,0
2022-03-19 08:00:00+00:00,0,27.8
2022-03-19 09:00:00+00:00,0,371.4
2022-03-19 10:00:00+00:00,0,1636.2
2022-03-19 11:00:00+00:00,0,2108.6
2022-03-19 12:00:00+00:00,0,2680.4
2022-03-19 13:00:00+00:00,0,2678.7
2022-03-19 14:00:00+00:00,0,2692.5
2022-03-19 15:00:00+00:00,0,2820.1
2022-03-19 16:00:00+00:00,0,2273.9
2022-03-19 17:00:00+00:00,0,1529.7
2022-03-19 18:00:00+00:00,679.8,0
2022-03-19 19:00:00+00:00,414.8,0
2022-03-19 20:00:00+00:00,0,294.9
2022-03-19 21:00:00+00:00,0,1023.5
2022-03-19 22:00:00+00:00,0,531.3
2022-03-19 23:00:00+00:00,0,777.2
2022-03-20 00:00:00+00:00,0,565.7
2022-03-20 01:00:00+00:00,0,329.3
2022-03-20 02:00:00+00:00,0,180.7
2022-03-20 03:00:00+00:00,0,46.6
2022-03-20 04:00:00+00:00,145.1,0
2022-03-20 05:00:00+00:00,370.8,0
2022-03-20 06:00:00+00:00,649.2,0
2022-03-20 07:00:00+00:00,437.6,0
2022-03-20 08:00:00+00:00,339.9,0
2022-03-20 09:00:00+00:00,154.3,0
2022-03-20 10:00:00+00:00,155.6,0
2022-03-20 11:00:00+00:00,161.6,0
2022-03-20 12:00:00+00:00,0,10.2
2022-03-20 13:00:00+00:00,0,322.9
2022-03-20 14:00:00+00:00,0,657.4
2022-03-20 15:00:00+00:00,0,721.6
2022-03-20 16:00:00+00:00,0,853.6
2022-03-20 17:00:00+00:00,0,482.1
2022-03-20 18:00:00+00:00,0,180.5
2022-03-20 19:00:00+00:00,82.3,0
2022-03-20 20:00:00+00:00,0,156.4
2022-03-20 21:00:00+00:00,0,642.4
2022-03-20 22:00:00+00:00,0,1178.6
2022-03-20 23:00:00+00:00,0,815.9
2022-03-21 00:00:00+00:00,0,1002.2
2022-03-21 01:00:00+00:00,0,1335.9
2022-03-21 02:00:00+00:00,0,1506.8
2022-03-21 03:00:00+00:00,0,1639.4
2022-03-21 04:00:00+00:00,0,1179.3
2022-03-21 05:00:00+00:00,0,213.4
2022-03-21 06:00:00+00:00,441.7,0
2022-03-21 07:00:00+00:00,342.3,0
2022-03-21 08:00:00+00:00,0,133.6
2022-03-21 09:00:00+00:00,0,488.9
2022-03-21 10:00:00+00:00,0,1148.5
2022-03-21 11:00:00+00:00,0,1383.8
2022-03-21 12:00:00+00:00,0,1692.1
2022-03-21 13:00:00+00:00,0,1864.4
2022-03-21 14:00:00+00:00,0,2004.5
2022-03-21 15:00:00+00:00,0,1412.7
2022-03-21 16:00:00+00:00,0,1043.1
2022-03-21 17:00:00+00:00,0,505.3
2022-03-21 18:00:00+00:00,797.7,0
2022-03-21 19:00:00+00:00,421.7,0
2022-03-21 20:00:00+00:00,0,1571.7
2022-03-21 21:00:00+00:00,0,1849.9
2022-03-21 22:00:00+00:00,0,2100.7
2022-03-21 23:00:00+00:00,0,2041.2
2022-03-22 00:00:00+00:00,0,1926.8
2022-03-22 01:00:00+00:00,0,1655.4
2022-03-22 02:00:00+00:00,0,1773.5
2022-03-22 03:00:00+00:00,0,1239.7
2022-03-22 04:00:00+00:00,0,1082.5
2022-03-22 05:00:00+00:00,0,708.6
2022-03-22 06:00:00+00:00,0,103.9
2022-03-22 07:00:00+00:00,386.4,0
2022-03-22 08:00:00+00:00,0,1071.5
2022-03-22 09:00:00+00:00,0,1634.8
2022-03-22 10:00:00+00:00,0,1702.7
2022-03-22 11:00:00+00:00,0,1938.5
2022-03-22 12:00:00+00:00,0,2206.9
2022-03-22 13:00:00+00:00,0,2579.6
2022-03-22 14:00:00+00:00,0,2001
2022-03-22 15:00:00+00:00,0,1777.9
2022-03-22 16:00:00+00:00,0,1574
2022-03-22 17:00:00+00:00,0,1216.4
2022-03-22 18:00:00+00:00,261.3,0
2022-03-22 19:00:00+00:00,751.4,0
2022-03-22 20:00:00+00:00,0,526.1
2022-03-22 21:00:00+00:00,0,1751.9
2022-03-22 22:00:00+00:00,0,1578.7
2022-03-22 23:00:00+00:00,0,1298.8
2022-03-23 00:00:00+00:00,0,840.8
2022-03-23 01:00:00+00:00,0,328.9
2022-03-23 02:00:00+00:00,0,229.3
2022-03-23 03:00:00+00:00,76.1,0
2022-03-23 04:00:00+00:00,276.6,0
2022-03-23 05:00:00+00:00,760.5,0
2022-03-23 06:00:00+00:00,1613.1,0
2022-03-23 07:00:00+00:00,2285,0
2022-03-23 08:00:00+00:00,1539.9,0
2022-03-23 09:00:00+00:00,0,106
2022-03-23 10:00:00+00:00,0,235
2022-03-23 11:00:00+00:00,0,502.4
2022-03-23 12:00:00+00:00,0,472.6
2022-03-23 13:00:00+00:00,0,474.4
2022-03-23 14:00:00+00:00,0,798
2022-03-23 15:00:00+00:00,0,417.5
2022-03-23 16:00:00+00:00,0,512
2022-03-23 17:00:00+00:00,103.9,0
2022-03-23 18:00:00+00:00,1262.3,0
2022-03-23 19:00:00+00:00,1711.5,0
2022-03-23 20:00:00+00:00,1450.2,0
2022-03-23 21:00:00+00:00,0,20
2022-03-23 22:00:00+00:00,0,235.2
2022-03-23 23:00:00+00:00,74,0
2022-03-24 00:00:00+00:00,262.4,0
2022-03-24 01:00:00+00:00,584.2,0
2022-03-24 02:00:00+00:00,811.8,0
2022-03-24 03:00:00+00:00,901.2,0
2022-03-24 04:00:00+00:00,964.6,0
2022-03-24 05:00:00+00:00,1691.9,0
2022-03-24 06:00:00+00:00,3020.2,0
2022-03-24 07:00:00+00:00,3648.5,0
2022-03-24 08:00:00+00:00,3105.4,0
2022-03-24 09:00:00+00:00,1504.6,0
2022-03-24 10:00:00+00:00,0,145.8
2022-03-24 11:00:00+00:00,0,622.2
2022-03-24 12:00:00+00:00,0,640
2022-03-24 13:00:00+00:00,0,770.7
2022-03-24 14:00:00+00:00,0,1307.2
2022-03-24 15:00:00+00:00,0,636.5
2022-03-24 16:00:00+00:00,539.6,0
2022-03-24 17:00:00+00:00,1177.1,0
2022-03-24 18:00:00+00:00,1726.5,0
2022-03-24 19:00:00+00:00,1976,0
2022-03-24 20:00:00+00:00,1642.3,0
2022-03-24 21:00:00+00:00,550.4,0
2022-03-24 22:00:00+00:00,0,69.3
2022-03-24 23:00:00+00:00,1168.7,0
2022-03-25 00:00:00+00:00,0,125.3
2022-03-25 01:00:00+00:00,0,278.6
2022-03-25 02:00:00+00:00,0,153.2
2022-03-25 03:00:00+00:00,0,48
2022-03-25 04:00:00+00:00,808.5,0
2022-03-25 05:00:00+00:00,2367.7,0
2022-03-25 06:00:00+00:00,3645,0
2022-03-25 07:00:00+00:00,3645,0
2022-03-25 08:00:00+00:00,3321.2,0
2022-03-25 09:00:00+00:00,2542.3,0
2022-03-25 10:00:00+00:00,905.7,0
2022-03-25 11:00:00+00:00,0,25.9
2022-03-25 12:00:00+00:00,0,540.7
2022-03-25 13:00:00+00:00,0,1070
2022-03-25 14:00:00+00:00,0,2012
2022-03-25 15:00:00+00:00,0,1085.7
2022-03-25 16:00:00+00:00,1321.1,0
2022-03-25 17:00:00+00:00,1685.4,0
2022-03-25 18:00:00+00:00,1672.6,0
2022-03-25 19:00:00+00:00,1260.4,0
2022-03-25 20:00:00+00:00,1185.5,0
2022-03-25 21:00:00+00:00,1311.8,0
2022-03-25 22:00:00+00:00,1350.1,0
2022-03-25 23:00:00+00:00,0,693.3
2022-03-26 00:00:00+00:00,0,862.7
2022-03-26 01:00:00+00:00,0,846.6
2022-03-26 02:00:00+00:00,0,1208.2
2022-03-26 03:00:00+00:00,0,1117.3
2022-03-26 04:00:00+00:00,0,1014.6
2022-03-26 05:00:00+00:00,0,564.9
2022-03-26 06:00:00+00:00,0,418.7
2022-03-26 07:00:00+00:00,0,188
2022-03-26 08:00:00+00:00,0,652.7
2022-03-26 09:00:00+00:00,0,978
2022-03-26 10:00:00+00:00,0,1191.7
2022-03-26 11:00:00+00:00,0,1464.7
2022-03-26 12:00:00+00:00,0,1726.1
2022-03-26 13:00:00+00:00,0,1890.1
2022-03-26 14:00:00+00:00,0,2373.9
2022-03-26 15:00:00+00:00,0,2183.8
2022-03-26 16:00:00+00:00,0,2224.9
2022-03-26 17:00:00+00:00,0,1417.7
2022-03-26 18:00:00+00:00,593,0
2022-03-26 19:00:00+00:00,193.4,0
2022-03-26 20:00:00+00:00,398,0
2022-03-26 21:00:00+00:00,0,487.4
2022-03-26 22:00:00+00:00,0,950.7
2022-03-26 23:00:00+00:00,0,1152.8
2022-03-27 00:00:00+00:00,0,1165.6
2022-03-27 01:00:00+00:00,0,996.7
2022-03-27 02:00:00+00:00,0,714.9
2022-03-27 03:00:00+00:00,0,592.6
2022-03-27 04:00:00+00:00,0,557.6
2022-03-27 05:00:00+00:00,0,295.3
2022-03-27 06:00:00+00:00,0,50.8
2022-03-27 07:00:00+00:00,44.8,0
2022-03-27 08:00:00+00:00,0,345.5
2022-03-27 09:00:00+00:00,0,1859.9
2022-03-27 10:00:00+00:00,0,3029.1
2022-03-27 11:00:00+00:00,0,3514.3
2022-03-27 12:00:00+00:00,0,3134.9
2022-03-27 13:00:00+00:00,0,3218.3
2022-03-27 14:00:00+00:00,0,3328
2022-03-27 15:00:00+00:00,0,2883.1
2022-03-27 16:00:00+00:00,0,1176.3
2022-03-27 17:00:00+00:00,0,358
2022-03-27 18:00:00+00:00,1294.9,0
2022-03-27 19:00:00+00:00,486.4,0
2022-03-27 20:00:00+00:00,0,179.4
2022-03-27 21:00:00+00:00,0,601.5
2022-03-27 22:00:00+00:00,42.5,0
2022-03-27 23:00:00+00:00,341.2,0
2022-03-28 00:00:00+00:00,112,0
2022-03-28 01:00:00+00:00,311,0
2022-03-28 02:00:00+00:00,452,0
2022-03-28 03:00:00+00:00,783.9,0
2022-03-28 04:00:00+00:00,1808.9,0
2022-03-28 05:00:00+00:00,2510.4,0
2022-03-28 06:00:00+00:00,2128,0
2022-03-28 07:00:00+00:00,1319.3,0
2022-03-28 08:00:00+00:00,322.5,0
2022-03-28 09:00:00+00:00,0,301.5
2022-03-28 10:00:00+00:00,0,1133.2
2022-03-28 11:00:00+00:00,0,1549.2
2022-03-28 12:00:00+00:00,0,1927.9
2022-03-28 13:00:00+00:00,0,2332.8
2022-03-28 14:00:00+00:00,0,2097
2022-03-28 15:00:00+00:00,0,1784.7
2022-03-28 16:00:00+00:00,0,193.5
2022-03-28 17:00:00+00:00,374.4,0
2022-03-28 18:00:00+00:00,1498.7,0
2022-03-28 19:00:00+00:00,1530.7,0
2022-03-28 20:00:00+00:00,0,363
2022-03-28 21:00:00+00:00,0,629.6
2022-03-28 22:00:00+00:00,0,1190.7
2022-03-28 23:00:00+00:00,0,1768.4
2022-03-29 00:00:00+00:00,0,1815.9
2022-03-29 01:00:00+00:00,0,1854.2
2022-03-29 02:00:00+00:00,0,1884
2022-03-29 03:00:00+00:00,0,1736.4
2022-03-29 04:00:00+00:00,459.6,0
2022-03-29 05:00:00+00:00,1013.4,0
2022-03-29 06:00:00+00:00,1364.3,0
2022-03-29 07:00:00+00:00,570,0
2022-03-29 08:00:00+00:00,327.3,0
2022-03-29 09:00:00+00:00,83.3,0
2022-03-29 10:00:00+00:00,0,225.8
2022-03-29 11:00:00+00:00,0,1016.6
2022-03-29 12:00:00+00:00,0,2238.6
2022-03-29 13:00:00+00:00,0,2624.5
2022-03-29 14:00:00+00:00,0,2356.8
2022-03-29 15:00:00+00:00,0,1703.5
2022-03-29 16:00:00+00:00,0,1231.8
2022-03-29 17:00:00+00:00,0,556.2
2022-03-29 18:00:00+00:00,938.5,0
2022-03-29 19:00:00+00:00,1164.9,0
2022-03-29 20:00:00+00:00,0,735
2022-03-29 21:00:00+00:00,0,730.9
2022-03-29 22:00:00+00:00,1273.6,0
2022-03-29 23:00:00+00:00,0,169.5
2022-03-30 00:00:00+00:00,0,491.5
2022-03-30 01:00:00+00:00,0,381.5
2022-03-30 02:00:00+00:00,0,221
2022-03-30 03:00:00+00:00,227.1,0
2022-03-30 04:00:00+00:00,1856,0
2022-03-30 05:00:00+00:00,2669.1,0
2022-03-30 06:00:00+00:00,3288.4,0
2022-03-30 07:00:00+00:00,2549.4,0
2022-03-30 08:00:00+00:00,1913.5,0
2022-03-30 09:00:00+00:00,1141.7,0
2022-03-30 10:00:00+00:00,751.1,0
2022-03-30 11:00:00+00:00,928.2,0
2022-03-30 12:00:00+00:00,604,0
2022-03-30 13:00:00+00:00,0,301.8
2022-03-30 14:00:00+00:00,0,924.3
2022-03-30 15:00:00+00:00,0,1044.7
2022-03-30 16:00:00+00:00,0,834.6
2022-03-30 17:00:00+00:00,599.3,0
2022-03-30 18:00:00+00:00,1758.3,0
2022-03-30 19:00:00+00:00,1323,0
2022-03-30 20:00:00+00:00,415.3,0
2022-03-30 21:00:00+00:00,0,174.3
2022-03-30 22:00:00+00:00,636,0
2022-03-30 23:00:00+00:00,0,451.4
2022-03-31 00:00:00+00:00,0,647.1
2022-03-31 01:00:00+00:00,0,1263.7
2022-03-31 02:00:00+00:00,0,1220.8
2022-03-31 03:00:00+00:00,0,820.5
2022-03-31 04:00:00+00:00,417.2,0
2022-03-31 05:00:00+00:00,2210.5,0
2022-03-31 06:00:00+00:00,2206.6,0
2022-03-31 07:00:00+00:00,1652.5,0
2022-03-31 08:00:00+00:00,335,0
2022-03-31 09:00:00+00:00,0,1017.6
2022-03-31 10:00:00+00:00,0,1245.9
2022-03-31 11:00:00+00:00,0,1246.7
2022-03-31 12:00:00+00:00,0,1769.8
2022-03-31 13:00:00+00:00,0,2358.6
2022-03-31 14:00:00+00:00,0,2655
2022-03-31 15:00:00+00:00,0,2494.1
2022-03-31 16:00:00+00:00,0,1558.1
2022-03-31 17:00:00+00:00,0,292.2
2022-03-31 18:00:00+00:00,1870.9,0
2022-03-31 19:00:00+00:00,1874.6,0
2022-03-31 20:00:00+00:00,405.2,0
2022-03-31 21:00:00+00:00,0,1235.9
2022-03-31 22:00:00+00:00,0,1070.6
2022-03-31 23:00:00+00:00,0,1054.6
2022-04-01 00:00:00+00:00,0,1775.1
2022-04-01 01:00:00+00:00,0,1970.5
2022-04-01 02:00:00+00:00,0,1574.2
2022-04-01 03:00:00+00:00,0,1131.8
2022-04-01 04:00:00+00:00,0,922
2022-04-01 05:00:00+00:00,335.7,0
2022-04-01 06:00:00+00:00,1030.9,0
2022-04-01 07:00:00+00:00,0,384.5
2022-04-01 08:00:00+00:00,0,1910.5
2022-04-01 09:00:00+00:00,0,2255.9
2022-04-01 10:00:00+00:00,0,2754.5
2022-04-01 11:00:00+00:00,0,3059.7
2022-04-01 12:00:00+00:00,0,3227.6
2022-04-01 13:00:00+00:00,0,3866.3
2022-04-01 14:00:00+00:00,0,4180.7
2022-04-01 15:00:00+00:00,0,3712.9
2022-04-01 16:00:00+00:00,0,2939.9
2022-04-01 17:00:00+00:00,0,1773.2
2022-04-01 18:00:00+00:00,127.6,0
2022-04-01 19:00:00+00:00,447.8,0
2022-04-01 20:00:00+00:00,501,0
2022-04-01 21:00:00+00:00,0,455
2022-04-01 22:00:00+00:00,1595.2,0
2022-04-01 23:00:00+00:00,1440.2,0
2022-04-02 00:00:00+00:00,1235.1,0
2022-04-02 01:00:00+00:00,552.8,0
2022-04-02 02:00:00+00:00,662.3,0
2022-04-02 03:00:00+00:00,448,0
2022-04-02 04:00:00+00:00,933.6,0
2022-04-02 05:00:00+00:00,490.5,0
2022-04-02 06:00:00+00:00,756.1,0
2022-04-02 07:00:00+00:00,0,321.1
2022-04-02 08:00:00+00:00,0,1701.3
2022-04-02 09:00:00+00:00,0,2630.9
2022-04-02 10:00:00+00:00,0,3133.3
2022-04-02 11:00:00+00:00,0,3628
2022-04-02 12:00:00+00:00,0,3879.9
2022-04-02 13:00:00+00:00,0,4288.2
2022-04-02 14:00:00+00:00,0,4359.6
2022-04-02 15:00:00+00:00,0,4546.9
2022-04-02 16:00:00+00:00,0,3948.9
2022-04-02 17:00:00+00:00,0,2035.7
2022-04-02 18:00:00+00:00,185.1,0
2022-04-02 19:00:00+00:00,1018.9,0
2022-04-02 20:00:00+00:00,1052,0
2022-04-02 21:00:00+00:00,902.1,0
2022-04-02 22:00:00+00:00,865.3,0
2022-04-02 23:00:00+00:00,191.3,0
2022-04-03 00:00:00+00:00,586.6,0
2022-04-03 01:00:00+00:00,680.5,0
2022-04-03 02:00:00+00:00,0,105
2022-04-03 03:00:00+00:00,101.5,0
2022-04-03 04:00:00+00:00,865.1,0
2022-04-03 05:00:00+00:00,1386.6,0
2022-04-03 06:00:00+00:00,1404.5,0
2022-04-03 07:00:00+00:00,0,66.1
2022-04-03 08:00:00+00:00,0,888.2
2022-04-03 09:00:00+00:00,0,2031.2
2022-04-03 10:00:00+00:00,0,2833.6
2022-04-03 11:00:00+00:00,0,2899
2022-04-03 12:00:00+00:00,0,2899
2022-04-03 13:00:00+00:00,0,3024.2
2022-04-03 14:00:00+00:00,0,3089.9
2022-04-03 15:00:00+00:00,0,3209.8
2022-04-03 16:00:00+00:00,0,2956.1
2022-04-03 17:00:00+00:00,0,1375.7
2022-04-03 18:00:00+00:00,0,537.3
2022-04-03 19:00:00+00:00,270.5,0
2022-04-03 20:00:00+00:00,0,455.8
2022-04-03 21:00:00+00:00,0,530.5
2022-04-03 22:00:00+00:00,0,793.7
2022-04-03 23:00:00+00:00,0,1307.8
2022-04-04 00:00:00+00:00,0,1065.2
2022-04-04 01:00:00+00:00,0,889.3
2022-04-04 02:00:00+00:00,0,722.5
2022-04-04 03:00:00+00:00,0,74.1
2022-04-04 04:00:00+00:00,2008.7,0
2022-04-04 05:00:00+00:00,2970,0
2022-04-04 06:00:00+00:00,2970,0
2022-04-04 07:00:00+00:00,2370.2,0
2022-04-04 08:00:00+00:00,1187.2,0
2022-04-04 09:00:00+00:00,695.5,0
2022-04-04 10:00:00+00:00,951.5,0
2022-04-04 11:00:00+00:00,1054.5,0
2022-04-04 12:00:00+00:00,1181.5,0
2022-04-04 13:00:00+00:00,726.6,0
2022-04-04 14:00:00+00:00,409.7,0
2022-04-04 15:00:00+00:00,703.4,0
2022-04-04 16:00:00+00:00,770.1,0
2022-04-04 17:00:00+00:00,1295.1,0
2022-04-04 18:00:00+00:00,1889.5,0
2022-04-04 19:00:00+00:00,1762.4,0
2022-04-04 20:00:00+00:00,1203.4,0
2022-04-04 21:00:00+00:00,665.5,0
2022-04-04 22:00:00+00:00,380.1,0
2022-04-04 23:00:00+00:00,361,0
2022-04-05 00:00:00+00:00,477.1,0
2022-04-05 01:00:00+00:00,682.9,0
2022-04-05 02:00:00+00:00,971.5,0
2022-04-05 03:00:00+00:00,1292.1,0
2022-04-05 04:00:00+00:00,1591.6,0
2022-04-05 05:00:00+00:00,2620.7,0
2022-04-05 06:00:00+00:00,2858.9,0
2022-04-05 07:00:00+00:00,2893.6,0
2022-04-05 08:00:00+00:00,2782.9,0
2022-04-05 09:00:00+00:00,2648.3,0
2022-04-05 10:00:00+00:00,2487.7,0
2022-04-05 11:00:00+00:00,2117.1,0
2022-04-05 12:00:00+00:00,1172,0
2022-04-05 13:00:00+00:00,397.7,0
2022-04-05 14:00:00+00:00,0,47
2022-04-05 15:00:00+00:00,0,167.4
2022-04-05 16:00:00+00:00,691.5,0
2022-04-05 17:00:00+00:00,1569.9,0
2022-04-05 18:00:00+00:00,1605.9,0
2022-04-05 19:00:00+00:00,1096.9,0
2022-04-05 20:00:00+00:00,988.5,0
2022-04-05 21:00:00+00:00,409.9,0
2022-04-05 22:00:00+00:00,0,1434.1
2022-04-05 23:00:00+00:00,0,1830.1
2022-04-06 00:00:00+00:00,0,1704.8
2022-04-06 01:00:00+00:00,0,1679.1
2022-04-06 02:00:00+00:00,0,1503.3
2022-04-06 03:00:00+00:00,0,1077.4
2022-04-06 04:00:00+00:00,178.6,0
2022-04-06 05:00:00+00:00,1713.3,0
2022-04-06 06:00:00+00:00,2055.8,0
2022-04-06 07:00:00+00:00,845.7,0
2022-04-06 08:00:00+00:00,0,716.7
2022-04-06 09:00:00+00:00,0,1805.6
2022-04-06 10:00:00+00:00,0,1779.2
2022-04-06 11:00:00+00:00,0,1845.4
2022-04-06 12:00:00+00:00,0,1675.7
2022-04-06 13:00:00+00:00,0,1642.8
2022-04-06 14:00:00+00:00,0,1576.3
2022-04-06 15:00:00+00:00,0,1854.8
2022-04-06 16:00:00+00:00,0,1038.1
2022-04-06 17:00:00+00:00,0,510.8
2022-04-06 18:00:00+00:00,24.6,0
2022-04-06 19:00:00+00:00,0,334.5
2022-04-06 20:00:00+00:00,0,433.3
2022-04-06 21:00:00+00:00,0,741.2
2022-04-06 22:00:00+00:00,0,1105.2
2022-04-06 23:00:00+00:00,0,1214
2022-04-07 00:00:00+00:00,0,1098.4
2022-04-07 01:00:00+00:00,0,2169.7
2022-04-07 02:00:00+00:00,0,2296.6
2022-04-07 03:00:00+00:00,0,1917.1
2022-04-07 04:00:00+00:00,0,600.2
2022-04-07 05:00:00+00:00,0,134.7
2022-04-07 06:00:00+00:00,472.5,0
2022-04-07 07:00:00+00:00,0,458.7
2022-04-07 08:00:00+00:00,0,1905
2022-04-07 09:00:00+00:00,0,2118.4
2022-04-07 10:00:00+00:00,0,2158.1
2022-04-07 11:00:00+00:00,0,1906.9
2022-04-07 12:00:00+00:00,0,2637.9
2022-04-07 13:00:00+00:00,0,3156.8
2022-04-07 14:00:00+00:00,0,3100.9
2022-04-07 15:00:00+00:00,0,3161.7
2022-04-07 16:00:00+00:00,0,2030.1
2022-04-07 17:00:00+00:00,0,1413.8
2022-04-07 18:00:00+00:00,0,486.1
2022-04-07 19:00:00+00:00,0,983.5
2022-04-07 20:00:00+00:00,0,1787.8
2022-04-07 21:00:00+00:00,0,1781.4
2022-04-07 22:00:00+00:00,0,1577.5
2022-04-07 23:00:00+00:00,0,1510.2
2022-04-08 00:00:00+00:00,0,1288.4
2022-04-08 01:00:00+00:00,0,1388.5
2022-04-08 02:00:00+00:00,0,1224.1
2022-04-08 03:00:00+00:00,0,757.5
2022-04-08 04:00:00+00:00,0,498.7
2022-04-08 05:00:00+00:00,541,0
2022-04-08 06:00:00+00:00,972.6,0
2022-04-08 07:00:00+00:00,0,678.4
2022-04-08 08:00:00+00:00,0,1853.8
2022-04-08 09:00:00+00:00,0,2318.9
2022-04-08 10:00:00+00:00,0,2640.9
2022-04-08 11:00:00+00:00,0,2736
2022-04-08 12:00:00+00:00,0,3205
2022-04-08 13:00:00+00:00,0,3279.2
2022-04-08 14:00:00+00:00,0,3325.9
2022-04-08 15:00:00+00:00,0,3375.1
2022-04-08 16:00:00+00:00,0,2791.2
2022-04-08 17:00:00+00:00,0,1570.9
2022-04-08 18:00:00+00:00,0,572.5
2022-04-08 19:00:00+00:00,0,770.3
2022-04-08 20:00:00+00:00,0,1646.2
2022-04-08 21:00:00+00:00,0,2005.5
2022-04-08 22:00:00+00:00,0,1146.9
2022-04-08 23:00:00+00:00,0,1034.9
2022-04-09 00:00:00+00:00,0,1103.6
2022-04-09 01:00:00+00:00,0,1146
2022-04-09 02:00:00+00:00,0,1156.9
2022-04-09 03:00:00+00:00,0,984.3
2022-04-09 04:00:00+00:00,0,684.6
2022-04-09 05:00:00+00:00,0,245.4
2022-04-09 06:00:00+00:00,0,136.9
2022-04-09 07:00:00+00:00,273.2,0
2022-04-09 08:00:00+00:00,0,734.1
2022-04-09 09:00:00+00:00,0,1228.8
2022-04-09 10:00:00+00:00,0,1382.6
2022-04-09 11:00:00+00:00,0,1445.9
2022-04-09 12:00:00+00:00,0,1342
2022-04-09 13:00:00+00:00,0,1675.3
2022-04-09 14:00:00+00:00,0,1641.7
2022-04-09 15:00:00+00:00,0,1100.5
2022-04-09 16:00:00+00:00,0,557.8
2022-04-09 17:00:00+00:00,0,48.2
2022-04-09 18:00:00+00:00,1779.5,0
2022-04-09 19:00:00+00:00,1292.4,0
2022-04-09 20:00:00+00:00,948.1,0
2022-04-09 21:00:00+00:00,1633.4,0
2022-04-09 22:00:00+00:00,1332.9,0
2022-04-09 23:00:00+00:00,81.1,0
2022-04-10 00:00:00+00:00,365.5,0
2022-04-10 01:00:00+00:00,0,21.6
2022-04-10 02:00:00+00:00,77.2,0
2022-04-10 03:00:00+00:00,451.3,0
2022-04-10 04:00:00+00:00,840.8,0
2022-04-10 05:00:00+00:00,567.9,0
2022-04-10 06:00:00+00:00,636.1,0
2022-04-10 07:00:00+00:00,405.6,0
2022-04-10 08:00:00+00:00,0,1215.3
2022-04-10 09:00:00+00:00,0,1195.8
2022-04-10 10:00:00+00:00,0,1641.4
2022-04-10 11:00:00+00:00,0,1540.6
2022-04-10 12:00:00+00:00,0,1188.1
2022-04-10 13:00:00+00:00,0,1008.9
2022-04-10 14:00:00+00:00,0,999.2
2022-04-10 15:00:00+00:00,0,1149.2
2022-04-10 16:00:00+00:00,0,1375.1
2022-04-10 17:00:00+00:00,0,1173.2
2022-04-10 18:00:00+00:00,46.5,0
2022-04-10 19:00:00+00:00,180,0
2022-04-10 20:00:00+00:00,0,196.9
2022-04-10 21:00:00+00:00,0,241.8
2022-04-10 22:00:00+00:00,0,1465.6
2022-04-10 23:00:00+00:00,0,1452.3
2022-04-11 00:00:00+00:00,0,1163.9
2022-04-11 01:00:00+00:00,0,1039
2022-04-11 02:00:00+00:00,0,922.6
2022-04-11 03:00:00+00:00,0,593.4
2022-04-11 04:00:00+00:00,773,0
2022-04-11 05:00:00+00:00,2706.3,0
2022-04-11 06:00:00+00:00,2514,0
2022-04-11 07:00:00+00:00,988.4,0
2022-04-11 08:00:00+00:00,0,903
2022-04-11 09:00:00+00:00,0,1714.2
2022-04-11 10:00:00+00:00,0,1895.8
2022-04-11 11:00:00+00:00,0,2048.8
2022-04-11 12:00:00+00:00,0,2260.3
2022-04-11 13:00:00+00:00,0,2413.8
2022-04-11 14:00:00+00:00,0,2519.6
2022-04-11 15:00:00+00:00,0,2073.7
2022-04-11 16:00:00+00:00,0,1986.1
2022-04-11 17:00:00+00:00,0,1006.8
2022-04-11 18:00:00+00:00,211.2,0
2022-04-11 19:00:00+00:00,0,209.9
2022-04-11 20:00:00+00:00,0,974.4
2022-04-11 21:00:00+00:00,0,1665.2
2022-04-11 22:00:00+00:00,0,1410.1
2022-04-11 23:00:00+00:00,0,1192.9
2022-04-12 00:00:00+00:00,0,1074.9
2022-04-12 01:00:00+00:00,0,1693.5
2022-04-12 02:00:00+00:00,0,1390.5
2022-04-12 03:00:00+00:00,0,564.4
2022-04-12 04:00:00+00:00,0,473.2
2022-04-12 05:00:00+00:00,0,467.8
2022-04-12 06:00:00+00:00,0,467.2
2022-04-12 07:00:00+00:00,0,1168.6
2022-04-12 08:00:00+00:00,0,1570.4
2022-04-12 09:00:00+00:00,0,2043.2
2022-04-12 10:00:00+00:00,0,2179.1
2022-04-12 11:00:00+00:00,0,2254.1
2022-04-12 12:00:00+00:00,0,2346.8
2022-04-12 13:00:00+00:00,0,2273
2022-04-12 14:00:00+00:00,0,2015.8
2022-04-12 15:00:00+00:00,0,1936.7
2022-04-12 16:00:00+00:00,0,1697.3
2022-04-12 17:00:00+00:00,0,848.6
2022-04-12 18:00:00+00:00,0,370.5
2022-04-12 19:00:00+00:00,0,681.6
2022-04-12 20:00:00+00:00,0,1336.1
2022-04-12 21:00:00+00:00,0,1552.5
2022-04-12 22:00:00+00:00,0,1908.5
2022-04-12 23:00:00+00:00,0,1651.4
2022-04-13 00:00:00+00:00,0,1307.9
2022-04-13 01:00:00+00:00,0,1164.2
2022-04-13 02:00:00+00:00,0,1540.9
2022-04-13 03:00:00+00:00,0,934.6
2022-04-13 04:00:00+00:00,0,279
2022-04-13 05:00:00+00:00,931.8,0
2022-04-13 06:00:00+00:00,862.4,0
2022-04-13 07:00:00+00:00,0,178.3
2022-04-13 08:00:00+00:00,0,1636.2
2022-04-13 09:00:00+00:00,0,1757.1
2022-04-13 10:00:00+00:00,0,1945.6
2022-04-13 11:00:00+00:00,0,2085.3
2022-04-13 12:00:00+00:00,0,2066.4
2022-04-13 13:00:00+00:00,0,2016.4
2022-04-13 14:00:00+00:00,0,1912.2
2022-04-13 15:00:00+00:00,0,1786.9
2022-04-13 16:00:00+00:00,0,1700
2022-04-13 17:00:00+00:00,0,1165
2022-04-13 18:00:00+00:00,0,204.3
2022-04-13 19:00:00+00:00,0,78.3
2022-04-13 20:00:00+00:00,0,689.3
2022-04-13 21:00:00+00:00,0,1473.2
2022-04-13 22:00:00+00:00,0,1212.4
2022-04-13 23:00:00+00:00,0,1182.3
2022-04-14 00:00:00+00:00,0,1050.1
2022-04-14 01:00:00+00:00,0,913.6
2022-04-14 02:00:00+00:00,0,834.1
2022-04-14 03:00:00+00:00,0,781.2
2022-04-14 04:00:00+00:00,84,0
2022-04-14 05:00:00+00:00,1002.3,0
2022-04-14 06:00:00+00:00,225.3,0
2022-04-14 07:00:00+00:00,0,1305.8
2022-04-14 08:00:00+00:00,0,2314.9
2022-04-14 09:00:00+00:00,0,2436
2022-04-14 10:00:00+00:00,0,2501.2
2022-04-14 11:00:00+00:00,0,2370.6
2022-04-14 12:00:00+00:00,0,2264.3
2022-04-14 13:00:00+00:00,0,2195.8
2022-04-14 14:00:00+00:00,0,2128.5
2022-04-14 15:00:00+00:00,0,2134.2
2022-04-14 16:00:00+00:00,0,1837.9
2022-04-14 17:00:00+00:00,0,372.5
2022-04-14 18:00:00+00:00,1119.7,0
2022-04-14 19:00:00+00:00,771.3,0
2022-04-14 20:00:00+00:00,258.8,0
2022-04-14 21:00:00+00:00,0,1048.2
2022-04-14 22:00:00+00:00,0,2157.1
2022-04-14 23:00:00+00:00,0,2261.6
2022-04-15 00:00:00+00:00,0,2000.1
2022-04-15 01:00:00+00:00,0,1840.5
2022-04-15 02:00:00+00:00,0,1780.4
2022-04-15 03:00:00+00:00,0,1720
2022-04-15 04:00:00+00:00,0,1495
2022-04-15 05:00:00+00:00,0,949.9
2022-04-15 06:00:00+00:00,0,829.1
2022-04-15 07:00:00+00:00,0,1414.8
2022-04-15 08:00:00+00:00,0,2216.8
2022-04-15 09:00:00+00:00,0,2426.4
2022-04-15 10:00:00+00:00,0,2661.8
2022-04-15 11:00:00+00:00,0,3364.8
2022-04-15 12:00:00+00:00,0,3490.8
2022-04-15 13:00:00+00:00,0,3406.4
2022-04-15 14:00:00+00:00,0,3388
2022-04-15 15:00:00+00:00,0,2700.9
2022-04-15 16:00:00+00:00,0,2355.8
2022-04-15 17:00:00+00:00,0,1782.9
2022-04-15 18:00:00+00:00,0,399.7
2022-04-15 19:00:00+00:00,0,746.4
2022-04-15 20:00:00+00:00,0,1220.4
2022-04-15 21:00:00+00:00,0,2356.3
2022-04-15 22:00:00+00:00,0,2275.7
2022-04-15 23:00:00+00:00,0,2533.6
2022-04-16 00:00:00+00:00,0,2412.5
2022-04-16 01:00:00+00:00,0,2228.2
2022-04-16 02:00:00+00:00,0,2112.7
2022-04-16 03:00:00+00:00,0,1962.5
2022-04-16 04:00:00+00:00,0,1802.6
2022-04-16 05:00:00+00:00,0,1713
2022-04-16 06:00:00+00:00,0,1871.9
2022-04-16 07:00:00+00:00,0,2390.4
2022-04-16 08:00:00+00:00,0,3457.9
2022-04-16 09:00:00+00:00,0,3749
2022-04-16 10:00:00+00:00,0,4095
2022-04-16 11:00:00+00:00,0,4095
2022-04-16 12:00:00+00:00,0,4095
2022-04-16 13:00:00+00:00,0,4050
2022-04-16 14:00:00+00:00,0,4050
2022-04-16 15:00:00+00:00,0,3912.5
2022-04-16 16:00:00+00:00,0,3195.8
2022-04-16 17:00:00+00:00,0,2479.7
2022-04-16 18:00:00+00:00,0,2466.2
2022-04-16 19:00:00+00:00,0,2797
2022-04-16 20:00:00+00:00,0,2629.3
2022-04-16 21:00:00+00:00,0,2591.8
2022-04-16 22:00:00+00:00,0,2673.9
2022-04-16 23:00:00+00:00,0,2576.3
2022-04-17 00:00:00+00:00,0,2339.5
2022-04-17 01:00:00+00:00,0,2175.4
2022-04-17 02:00:00+00:00,0,2047
2022-04-17 03:00:00+00:00,0,1902.9
2022-04-17 04:00:00+00:00,0,1629.6
2022-04-17 05:00:00+00:00,0,1357.5
2022-04-17 06:00:00+00:00,0,1318.4
2022-04-17 07:00:00+00:00,0,2050.9
2022-04-17 08:00:00+00:00,0,3214.7
2022-04-17 09:00:00+00:00,0,2899
2022-04-17 10:00:00+00:00,0,2899
2022-04-17 11:00:00+00:00,0,2899
2022-04-17 12:00:00+00:00,0,2899
2022-04-17 13:00:00+00:00,0,3259.9
2022-04-17 14:00:00+00:00,0,2991.2
2022-04-17 15:00:00+00:00,0,2130.6
2022-04-17 16:00:00+00:00,0,1609.4
2022-04-17 17:00:00+00:00,0,662.3
2022-04-17 18:00:00+00:00,0,509.2
2022-04-17 19:00:00+00:00,0,936.1
2022-04-17 20:00:00+00:00,0,1424.5
2022-04-17 21:00:00+00:00,0,1651.7
2022-04-17 22:00:00+00:00,0,1934.3
2022-04-17 23:00:00+00:00,0,2327.7
2022-04-18 00:00:00+00:00,0,2313.5
2022-04-18 01:00:00+00:00,0,2219.3
2022-04-18 02:00:00+00:00,0,2099.2
2022-04-18 03:00:00+00:00,0,2023.8
2022-04-18 04:00:00+00:00,0,1444.4
2022-04-18 05:00:00+00:00,0,1492.7
2022-04-18 06:00:00+00:00,0,1820.2
2022-04-18 07:00:00+00:00,0,2564
2022-04-18 08:00:00+00:00,0,3104.6
2022-04-18 09:00:00+00:00,0,3643.4
2022-04-18 10:00:00+00:00,0,3405
2022-04-18 11:00:00+00:00,0,3884.7
2022-04-18 12:00:00+00:00,0,3759.6
2022-04-18 13:00:00+00:00,0,3385
2022-04-18 14:00:00+00:00,0,2716.1
2022-04-18 15:00:00+00:00,0,2479.7
2022-04-18 16:00:00+00:00,0,1932.6
2022-04-18 17:00:00+00:00,0,1121.4
2022-04-18 18:00:00+00:00,548.7,0
2022-04-18 19:00:00+00:00,842.2,0
2022-04-18 20:00:00+00:00,298.5,0
2022-04-18 21:00:00+00:00,0,933.3
2022-04-18 22:00:00+00:00,0,414
2022-04-18 23:00:00+00:00,0,464.4
2022-04-19 00:00:00+00:00,0,851.2
2022-04-19 01:00:00+00:00,0,788.7
2022-04-19 02:00:00+00:00,0,562
2022-04-19 03:00:00+00:00,0,180.3
2022-04-19 04:00:00+00:00,261.8,0
2022-04-19 05:00:00+00:00,1604.2,0
2022-04-19 06:00:00+00:00,1831.7,0
2022-04-19 07:00:00+00:00,1124,0
2022-04-19 08:00:00+00:00,0,583.6
2022-04-19 09:00:00+00:00,0,763.9
2022-04-19 10:00:00+00:00,0,799.6
2022-04-19 11:00:00+00:00,0,824
2022-04-19 12:00:00+00:00,0,1501.6
2022-04-19 13:00:00+00:00,0,2379.5
2022-04-19 14:00:00+00:00,0,2329.9
2022-04-19 15:00:00+00:00,0,2196.8
2022-04-19 16:00:00+00:00,0,1712
2022-04-19 17:00:00+00:00,0,602.8
2022-04-19 18:00:00+00:00,607.5,0
2022-04-19 19:00:00+00:00,1393.1,0
2022-04-19 20:00:00+00:00,283.5,0
2022-04-19 21:00:00+00:00,0,247.4
2022-04-19 22:00:00+00:00,0,560.2
2022-04-19 23:00:00+00:00,0,432.9
2022-04-20 00:00:00+00:00,0,185.5
2022-04-20 01:00:00+00:00,0,19.3
2022-04-20 02:00:00+00:00,68,0
2022-04-20 03:00:00+00:00,159.1,0
2022-04-20 04:00:00+00:00,285.4,0
2022-04-20 05:00:00+00:00,656.3,0
2022-04-20 06:00:00+00:00,1347.1,0
2022-04-20 07:00:00+00:00,80.5,0
2022-04-20 08:00:00+00:00,0,1205.8
2022-04-20 09:00:00+00:00,0,942.2
2022-04-20 10:00:00+00:00,0,1459.9
2022-04-20 11:00:00+00:00,0,2154
2022-04-20 12:00:00+00:00,0,2191.6
2022-04-20 13:00:00+00:00,0,2478
2022-04-20 14:00:00+00:00,0,2463.3
2022-04-20 15:00:00+00:00,0,2521.2
2022-04-20 16:00:00+00:00,0,2499
2022-04-20 17:00:00+00:00,0,1832.5
2022-04-20 18:00:00+00:00,0,1376.5
2022-04-20 19:00:00+00:00,0,872.7
2022-04-20 20:00:00+00:00,0,1786
2022-04-20 21:00:00+00:00,0,2066.4
2022-04-20 22:00:00+00:00,0,1679.7
2022-04-20 23:00:00+00:00,0,1712
2022-04-21 00:00:00+00:00,0,1587.5
2022-04-21 01:00:00+00:00,0,1616.6
2022-04-21 02:00:00+00:00,0,1468.2
2022-04-21 03:00:00+00:00,0,1080.8
2022-04-21 04:00:00+00:00,0,399.9
2022-04-21 05:00:00+00:00,911.3,0
2022-04-21 06:00:00+00:00,744.7,0
2022-04-21 07:00:00+00:00,0,871.3
2022-04-21 08:00:00+00:00,0,2478.2
2022-04-21 09:00:00+00:00,0,3811
2022-04-21 10:00:00+00:00,0,3830.4
2022-04-21 11:00:00+00:00,0,3414.7
2022-04-21 12:00:00+00:00,0,3098.1
2022-04-21 13:00:00+00:00,0,3001.3
2022-04-21 14:00:00+00:00,0,2559.1
2022-04-21 15:00:00+00:00,0,2046.4
2022-04-21 16:00:00+00:00,0,1252.4
2022-04-21 17:00:00+00:00,897.3,0
2022-04-21 18:00:00+00:00,1678.1,0
2022-04-21 19:00:00+00:00,1408.6,0
2022-04-21 20:00:00+00:00,999,0
2022-04-21 21:00:00+00:00,1127.6,0
2022-04-21 22:00:00+00:00,1004.4,0
2022-04-21 23:00:00+00:00,49.6,0
2022-04-22 00:00:00+00:00,0,426.4
2022-04-22 01:00:00+00:00,0,448.5
2022-04-22 02:00:00+00:00,0,402.5
2022-04-22 03:00:00+00:00,0,163.4
2022-04-22 04:00:00+00:00,1810.7,0
2022-04-22 05:00:00+00:00,2736.3,0
2022-04-22 06:00:00+00:00,2503.2,0
2022-04-22 07:00:00+00:00,967.4,0
2022-04-22 08:00:00+00:00,0,42.7
2022-04-22 09:00:00+00:00,0,447.2
2022-04-22 10:00:00+00:00,0,982.3
2022-04-22 11:00:00+00:00,0,907.4
2022-04-22 12:00:00+00:00,0,967.9
2022-04-22 13:00:00+00:00,0,1345
2022-04-22 14:00:00+00:00,0,1331.6
2022-04-22 15:00:00+00:00,0,1408.2
2022-04-22 16:00:00+00:00,0,427
2022-04-22 17:00:00+00:00,204.1,0
2022-04-22 18:00:00+00:00,478.8,0
2022-04-22 19:00:00+00:00,616.5,0
2022-04-22 20:00:00+00:00,0,149.5
2022-04-22 21:00:00+00:00,0,1088.8
2022-04-22 22:00:00+00:00,0,1675
2022-04-22 23:00:00+00:00,0,1861.6
2022-04-23 00:00:00+00:00,0,1860.4
2022-04-23 01:00:00+00:00,0,1789.8
2022-04-23 02:00:00+00:00,0,1563.1
2022-04-23 03:00:00+00:00,0,1451.9
2022-04-23 04:00:00+00:00,0,1389.9
2022-04-23 05:00:00+00:00,0,1175.3
2022-04-23 06:00:00+00:00,0,1206.9
2022-04-23 07:00:00+00:00,0,2055.6
2022-04-23 08:00:00+00:00,0,2703.3
2022-04-23 09:00:00+00:00,0,3127.2
2022-04-23 10:00:00+00:00,0,3285.9
2022-04-23 11:00:00+00:00,0,3052.3
2022-04-23 12:00:00+00:00,0,2618.4
2022-04-23 13:00:00+00:00,0,2364
2022-04-23 14:00:00+00:00,0,2159.2
2022-04-23 15:00:00+00:00,0,2088.5
2022-04-23 16:00:00+00:00,0,1953.4
2022-04-23 17:00:00+00:00,0,2336
2022-04-23 18:00:00+00:00,0,1139.3
2022-04-23 19:00:00+00:00,0,1252.9
2022-04-23 20:00:00+00:00,0,952.8
2022-04-23 21:00:00+00:00,0,1972.5
2022-04-23 22:00:00+00:00,0,3033.9
2022-04-23 23:00:00+00:00,0,2708.7
2022-04-24 00:00:00+00:00,0,2700.9
2022-04-24 01:00:00+00:00,0,3066.3
2022-04-24 02:00:00+00:00,0,3109.2
2022-04-24 03:00:00+00:00,0,2604.9
2022-04-24 04:00:00+00:00,0,2234.9
2022-04-24 05:00:00+00:00,0,2122.1
2022-04-24 06:00:00+00:00,0,1895.8
2022-04-24 07:00:00+00:00,0,2006
2022-04-24 08:00:00+00:00,0,2257.7
2022-04-24 09:00:00+00:00,0,3014.4
2022-04-24 10:00:00+00:00,0,3088.1
2022-04-24 11:00:00+00:00,0,2652.1
2022-04-24 12:00:00+00:00,0,2298.3
2022-04-24 13:00:00+00:00,0,2966.4
2022-04-24 14:00:00+00:00,0,3083.5
2022-04-24 15:00:00+00:00,0,2228
2022-04-24 16:00:00+00:00,0,2000.5
2022-04-24 17:00:00+00:00,0,521.4
2022-04-24 18:00:00+00:00,286.5,0
2022-04-24 19:00:00+00:00,404.6,0
2022-04-24 20:00:00+00:00,128.4,0
2022-04-24 21:00:00+00:00,61.8,0
2022-04-24 22:00:00+00:00,0,20.2
2022-04-24 23:00:00+00:00,0,154.1
2022-04-25 00:00:00+00:00,0,196.7
2022-04-25 01:00:00+00:00,0,346.7
2022-04-25 02:00:00+00:00,0,259.7
2022-04-25 03:00:00+00:00,0,56.9
2022-04-25 04:00:00+00:00,586.3,0
2022-04-25 05:00:00+00:00,2199,0
2022-04-25 06:00:00+00:00,2199,0
2022-04-25 07:00:00+00:00,1786.3,0
2022-04-25 08:00:00+00:00,961,0
2022-04-25 09:00:00+00:00,0,117.7
2022-04-25 10:00:00+00:00,0,132.6
2022-04-25 11:00:00+00:00,0,411.9
2022-04-25 12:00:00+00:00,0,480.5
2022-04-25 13:00:00+00:00,0,385.5
2022-04-25 14:00:00+00:00,0,456.1
2022-04-25 15:00:00+00:00,0,527.5
2022-04-25 16:00:00+00:00,146.5,0
2022-04-25 17:00:00+00:00,1097.2,0
2022-04-25 18:00:00+00:00,2880,0
2022-04-25 19:00:00+00:00,2473.7,0
2022-04-25 20:00:00+00:00,1584.9,0
2022-04-25 21:00:00+00:00,298.2,0
2022-04-25 22:00:00+00:00,0,988.7
2022-04-25 23:00:00+00:00,0,1057
2022-04-26 00:00:00+00:00,0,1033.4
2022-04-26 01:00:00+00:00,0,924.8
2022-04-26 02:00:00+00:00,0,740
2022-04-26 03:00:00+00:00,0,430.9
2022-04-26 04:00:00+00:00,1238.3,0
2022-04-26 05:00:00+00:00,1794.7,0
2022-04-26 06:00:00+00:00,1408.6,0
2022-04-26 07:00:00+00:00,0,199.3
2022-04-26 08:00:00+00:00,0,1341.7
2022-04-26 09:00:00+00:00,0,1504.7
2022-04-26 10:00:00+00:00,0,1621.3
2022-04-26 11:00:00+00:00,0,1490.6
2022-04-26 12:00:00+00:00,0,1390.6
2022-04-26 13:00:00+00:00,0,1440
2022-04-26 14:00:00+00:00,0,1422.2
2022-04-26 15:00:00+00:00,0,1485.9
2022-04-26 16:00:00+00:00,0,1421.6
2022-04-26 17:00:00+00:00,0,445.8
2022-04-26 18:00:00+00:00,1290.5,0
2022-04-26 19:00:00+00:00,1304.9,0
2022-04-26 20:00:00+00:00,0,175.5
2022-04-26 21:00:00+00:00,0,928.4
2022-04-26 22:00:00+00:00,0,1331.5
2022-04-26 23:00:00+00:00,0,1010.2
2022-04-27 00:00:00+00:00,0,1001.9
2022-04-27 01:00:00+00:00,0,821.2
2022-04-27 02:00:00+00:00,0,766.9
2022-04-27 03:00:00+00:00,0,603.1
2022-04-27 04:00:00+00:00,755.7,0
2022-04-27 05:00:00+00:00,2355.5,0
2022-04-27 06:00:00+00:00,2475,0
2022-04-27 07:00:00+00:00,866.5,0
2022-04-27 08:00:00+00:00,0,810.3
2022-04-27 09:00:00+00:00,0,1346.9
2022-04-27 10:00:00+00:00,0,1245.8
2022-04-27 11:00:00+00:00,0,1123.1
2022-04-27 12:00:00+00:00,0,1097.6
2022-04-27 13:00:00+00:00,0,1218.1
2022-04-27 14:00:00+00:00,0,940
2022-04-27 15:00:00+00:00,0,328.2
2022-04-27 16:00:00+00:00,0,128.8
2022-04-27 17:00:00+00:00,289.8,0
2022-04-27 18:00:00+00:00,2310.3,0
2022-04-27 19:00:00+00:00,2172.7,0
2022-04-27 20:00:00+00:00,122.1,0
2022-04-27 21:00:00+00:00,0,459.5
2022-04-27 22:00:00+00:00,0,255.5
2022-04-27 23:00:00+00:00,0,670.6
2022-04-28 00:00:00+00:00,0,656.1
2022-04-28 01:00:00+00:00,0,550.3
2022-04-28 02:00:00+00:00,0,459.5
2022-04-28 03:00:00+00:00,93.5,0
2022-04-28 04:00:00+00:00,2896.6,0
2022-04-28 05:00:00+00:00,3150,0
2022-04-28 06:00:00+00:00,3150,0
2022-04-28 07:00:00+00:00,2080.6,0
2022-04-28 08:00:00+00:00,0,457.5
2022-04-28 09:00:00+00:00,0,967.6
2022-04-28 10:00:00+00:00,0,1286.7
2022-04-28 11:00:00+00:00,0,1125.6
2022-04-28 12:00:00+00:00,0,1130.3
2022-04-28 13:00:00+00:00,0,1320.1
2022-04-28 14:00:00+00:00,0,1430.2
2022-04-28 15:00:00+00:00,0,1028.7
2022-04-28 16:00:00+00:00,0,329.1
2022-04-28 17:00:00+00:00,319.8,0
2022-04-28 18:00:00+00:00,2039.8,0
2022-04-28 19:00:00+00:00,2295.1,0
2022-04-28 20:00:00+00:00,1514.4,0
2022-04-28 21:00:00+00:00,0,780.4
2022-04-28 22:00:00+00:00,0,164.1
2022-04-28 23:00:00+00:00,0,321.1
2022-04-29 00:00:00+00:00,0,264.4
2022-04-29 01:00:00+00:00,0,29.2
2022-04-29 02:00:00+00:00,180.8,0
2022-04-29 03:00:00+00:00,594.6,0
2022-04-29 04:00:00+00:00,1056.1,0
2022-04-29 05:00:00+00:00,2520,0
2022-04-29 06:00:00+00:00,2343.9,0
2022-04-29 07:00:00+00:00,235,0
2022-04-29 08:00:00+00:00,0,399.8
2022-04-29 09:00:00+00:00,0,789.4
2022-04-29 10:00:00+00:00,0,953.4
2022-04-29 11:00:00+00:00,0,1235.9
2022-04-29 12:00:00+00:00,0,1482.1
2022-04-29 13:00:00+00:00,0,1669.6
2022-04-29 14:00:00+00:00,0,1905.6
2022-04-29 15:00:00+00:00,0,1787.8
2022-04-29 16:00:00+00:00,0,1500.7
2022-04-29 17:00:00+00:00,0,863.4
2022-04-29 18:00:00+00:00,500.5,0
2022-04-29 19:00:00+00:00,1011.9,0
2022-04-29 20:00:00+00:00,27.8,0
2022-04-29 21:00:00+00:00,0,859.2
2022-04-29 22:00:00+00:00,35.3,0
2022-04-29 23:00:00+00:00,15.1,0
2022-04-30 00:00:00+00:00,0,25.5
2022-04-30 01:00:00+00:00,0,147.9
2022-04-30 02:00:00+00:00,0,257.3
2022-04-30 03:00:00+00:00,0,114
2022-04-30 04:00:00+00:00,296,0
2022-04-30 05:00:00+00:00,565.6,0
2022-04-30 06:00:00+00:00,627.2,0
2022-04-30 07:00:00+00:00,268.5,0
2022-04-30 08:00:00+00:00,0,386
2022-04-30 09:00:00+00:00,0,1559.9
2022-04-30 10:00:00+00:00,0,1845.6
2022-04-30 11:00:00+00:00,0,2939.1
2022-04-30 12:00:00+00:00,0,3301.8
2022-04-30 13:00:00+00:00,0,3024.5
2022-04-30 14:00:00+00:00,0,2793.4
2022-04-30 15:00:00+00:00,0,2635.3
2022-04-30 16:00:00+00:00,0,2341.2
2022-04-30 17:00:00+00:00,0,446.1
2022-04-30 18:00:00+00:00,1056.4,0
2022-04-30 19:00:00+00:00,1329.2,0
2022-04-30 20:00:00+00:00,741.8,0
2022-04-30 21:00:00+00:00,893.2,0
2022-04-30 22:00:00+00:00,0,35.2
2022-04-30 23:00:00+00:00,0,445.5
2022-05-01 00:00:00+00:00,0,548.6
2022-05-01 01:00:00+00:00,0,612.6
2022-05-01 02:00:00+00:00,0,997.5
2022-05-01 03:00:00+00:00,0,1027.2
2022-05-01 04:00:00+00:00,0,1130.4
2022-05-01 05:00:00+00:00,0,1060.4
2022-05-01 06:00:00+00:00,0,1270.9
2022-05-01 07:00:00+00:00,0,1731.8
2022-05-01 08:00:00+00:00,0,1871.6
2022-05-01 09:00:00+00:00,0,2604
2022-05-01 10:00:00+00:00,0,2934.9
2022-05-01 11:00:00+00:00,0,3311.3
2022-05-01 12:00:00+00:00,0,2816.7
2022-05-01 13:00:00+00:00,0,2645.9
2022-05-01 14:00:00+00:00,0,2516
2022-05-01 15:00:00+00:00,0,2398.2
2022-05-01 16:00:00+00:00,0,2064.9
2022-05-01 17:00:00+00:00,0,1100.6
2022-05-01 18:00:00+00:00,1221.1,0
2022-05-01 19:00:00+00:00,1746.6,0
2022-05-01 20:00:00+00:00,1248.5,0
2022-05-01 21:00:00+00:00,939.4,0
2022-05-01 22:00:00+00:00,324.8,0
2022-05-01 23:00:00+00:00,327.1,0
2022-05-02 00:00:00+00:00,240.9,0
2022-05-02 01:00:00+00:00,296.2,0
2022-05-02 02:00:00+00:00,304.7,0
2022-05-02 03:00:00+00:00,767.5,0
2022-05-02 04:00:00+00:00,1081.6,0
2022-05-02 05:00:00+00:00,1908.3,0
2022-05-02 06:00:00+00:00,1365.8,0
2022-05-02 07:00:00+00:00,0,249.3
2022-05-02 08:00:00+00:00,0,776.5
2022-05-02 09:00:00+00:00,0,1594.9
2022-05-02 10:00:00+00:00,0,1849.1
2022-05-02 11:00:00+00:00,0,1902.5
2022-05-02 12:00:00+00:00,0,1904.3
2022-05-02 13:00:00+00:00,0,1778.1
2022-05-02 14:00:00+00:00,0,2084.8
2022-05-02 15:00:00+00:00,0,2319.5
2022-05-02 16:00:00+00:00,0,1718.9
2022-05-02 17:00:00+00:00,0,566
2022-05-02 18:00:00+00:00,175.4,0
2022-05-02 19:00:00+00:00,876.8,0
2022-05-02 20:00:00+00:00,452.9,0
2022-05-02 21:00:00+00:00,0,377.7
2022-05-02 22:00:00+00:00,0,1205.3
2022-05-02 23:00:00+00:00,0,518.7
2022-05-03 00:00:00+00:00,0,60.6
2022-05-03 01:00:00+00:00,378.2,0
2022-05-03 02:00:00+00:00,767,0
2022-05-03 03:00:00+00:00,1097.9,0
2022-05-03 04:00:00+00:00,1537.5,0
2022-05-03 05:00:00+00:00,2301.8,0
2022-05-03 06:00:00+00:00,2270.1,0
2022-05-03 07:00:00+00:00,987.7,0
2022-05-03 08:00:00+00:00,467.3,0
2022-05-03 09:00:00+00:00,16.4,0
2022-05-03 10:00:00+00:00,0,385.3
2022-05-03 11:00:00+00:00,0,451.1
2022-05-03 12:00:00+00:00,0,456.2
2022-05-03 13:00:00+00:00,0,828.5
2022-05-03 14:00:00+00:00,0,861.2
2022-05-03 15:00:00+00:00,0,890
2022-05-03 16:00:00+00:00,0,609.9
2022-05-03 17:00:00+00:00,95.3,0
2022-05-03 18:00:00+00:00,1170.9,0
2022-05-03 19:00:00+00:00,1848.8,0
2022-05-03 20:00:00+00:00,1007,0
2022-05-03 21:00:00+00:00,0,166.4
2022-05-03 22:00:00+00:00,765.8,0
2022-05-03 23:00:00+00:00,214.7,0
2022-05-04 00:00:00+00:00,603.9,0
2022-05-04 01:00:00+00:00,986,0
2022-05-04 02:00:00+00:00,1452.5,0
2022-05-04 03:00:00+00:00,1618.1,0
2022-05-04 04:00:00+00:00,2590.5,0
2022-05-04 05:00:00+00:00,3233.7,0
2022-05-04 06:00:00+00:00,2911.5,0
2022-05-04 07:00:00+00:00,1076.1,0
2022-05-04 08:00:00+00:00,0,275.4
2022-05-04 09:00:00+00:00,0,707.3
2022-05-04 10:00:00+00:00,0,1076.3
2022-05-04 11:00:00+00:00,0,993.6
2022-05-04 12:00:00+00:00,0,1071.9
2022-05-04 13:00:00+00:00,0,781.5
2022-05-04 14:00:00+00:00,0,1221.9
2022-05-04 15:00:00+00:00,0,1301.2
2022-05-04 16:00:00+00:00,0,720.9
2022-05-04 17:00:00+00:00,0,546.2
2022-05-04 18:00:00+00:00,1118.7,0
2022-05-04 19:00:00+00:00,1694.6,0
2022-05-04 20:00:00+00:00,564.3,0
2022-05-04 21:00:00+00:00,0,962.4
2022-05-04 22:00:00+00:00,0,735.1
2022-05-04 23:00:00+00:00,0,1049.8
2022-05-05 00:00:00+00:00,0,987
2022-05-05 01:00:00+00:00,0,699.7
2022-05-05 02:00:00+00:00,0,26.4
2022-05-05 03:00:00+00:00,562.1,0
2022-05-05 04:00:00+00:00,843.9,0
2022-05-05 05:00:00+00:00,2085.9,0
2022-05-05 06:00:00+00:00,1834.7,0
2022-05-05 07:00:00+00:00,298.1,0
2022-05-05 08:00:00+00:00,0,1725.7
2022-05-05 09:00:00+00:00,0,2087.7
2022-05-05 10:00:00+00:00,0,2550.2
2022-05-05 11:00:00+00:00,0,2504.1
2022-05-05 12:00:00+00:00,0,2576
2022-05-05 13:00:00+00:00,0,2838.4
2022-05-05 14:00:00+00:00,0,2743.5
2022-05-05 15:00:00+00:00,0,2648.9
2022-05-05 16:00:00+00:00,0,2122.4
2022-05-05 17:00:00+00:00,0,1725.4
2022-05-05 18:00:00+00:00,798.4,0
2022-05-05 19:00:00+00:00,1482,0
2022-05-05 20:00:00+00:00,726.1,0
2022-05-05 21:00:00+00:00,0,435.8
2022-05-05 22:00:00+00:00,850.8,0
2022-05-05 23:00:00+00:00,781.5,0
2022-05-06 00:00:00+00:00,162.3,0
2022-05-06 01:00:00+00:00,0,83.9
2022-05-06 02:00:00+00:00,263,0
2022-05-06 03:00:00+00:00,1258.1,0
2022-05-06 04:00:00+00:00,1613,0
2022-05-06 05:00:00+00:00,2408.5,0
2022-05-06 06:00:00+00:00,1839.2,0
2022-05-06 07:00:00+00:00,0,142
2022-05-06 08:00:00+00:00,0,1199.6
2022-05-06 09:00:00+00:00,0,2290.1
2022-05-06 10:00:00+00:00,0,2463.5
2022-05-06 11:00:00+00:00,0,2429.6
2022-05-06 12:00:00+00:00,0,2405.9
2022-05-06 13:00:00+00:00,0,2746.4
2022-05-06 14:00:00+00:00,0,2757.9
2022-05-06 15:00:00+00:00,0,2865
2022-05-06 16:00:00+00:00,0,2598.6
2022-05-06 17:00:00+00:00,0,1285.8
2022-05-06 18:00:00+00:00,523.4,0
2022-05-06 19:00:00+00:00,1403.5,0
2022-05-06 20:00:00+00:00,1247.1,0
2022-05-06 21:00:00+00:00,491,0
2022-05-06 22:00:00+00:00,0,1255.6
2022-05-06 23:00:00+00:00,0,1649.6
2022-05-07 00:00:00+00:00,0,1219.3
2022-05-07 01:00:00+00:00,0,814.8
2022-05-07 02:00:00+00:00,0,467.4
2022-05-07 03:00:00+00:00,0,201.5
2022-05-07 04:00:00+00:00,97.9,0
2022-05-07 05:00:00+00:00,239.4,0
2022-05-07 06:00:00+00:00,84.7,0
2022-05-07 07:00:00+00:00,0,353.8
2022-05-07 08:00:00+00:00,0,1712
2022-05-07 09:00:00+00:00,0,2567.4
2022-05-07 10:00:00+00:00,0,2818.1
2022-05-07 11:00:00+00:00,0,3053.8
2022-05-07 12:00:00+00:00,0,3344.8
2022-05-07 13:00:00+00:00,0,3280.8
2022-05-07 14:00:00+00:00,0,3258.3
2022-05-07 15:00:00+00:00,0,3262.9
2022-05-07 16:00:00+00:00,0,3005.2
2022-05-07 17:00:00+00:00,0,1681.4
2022-05-07 18:00:00+00:00,113,0
2022-05-07 19:00:00+00:00,757.9,0
2022-05-07 20:00:00+00:00,391.5,0
2022-05-07 21:00:00+00:00,0,1240.7
2022-05-07 22:00:00+00:00,0,2337.1
2022-05-07 23:00:00+00:00,0,2480.3
2022-05-08 00:00:00+00:00,0,2257.3
2022-05-08 01:00:00+00:00,0,2050.5
2022-05-08 02:00:00+00:00,0,1983.2
2022-05-08 03:00:00+00:00,0,1933.5
2022-05-08 04:00:00+00:00,0,1897.6
2022-05-08 05:00:00+00:00,0,1726.9
2022-05-08 06:00:00+00:00,0,1844.8
2022-05-08 07:00:00+00:00,0,2026.1
2022-05-08 08:00:00+00:00,0,3573
2022-05-08 09:00:00+00:00,0,4050
2022-05-08 10:00:00+00:00,0,4050
2022-05-08 11:00:00+00:00,0,4050
2022-05-08 12:00:00+00:00,0,4050
2022-05-08 13:00:00+00:00,0,3915
2022-05-08 14:00:00+00:00,0,3711.9
2022-05-08 15:00:00+00:00,0,3091.2
2022-05-08 16:00:00+00:00,0,2101.8
2022-05-08 17:00:00+00:00,0,1702.9
2022-05-08 18:00:00+00:00,0,337.3
2022-05-08 19:00:00+00:00,187.7,0
2022-05-08 20:00:00+00:00,0,209.3
2022-05-08 21:00:00+00:00,0,1186.9
2022-05-08 22:00:00+00:00,0,1623.5
2022-05-08 23:00:00+00:00,0,1924
2022-05-09 00:00:00+00:00,0,1713.4
2022-05-09 01:00:00+00:00,0,1587
2022-05-09 02:00:00+00:00,0,1147.6
2022-05-09 03:00:00+00:00,0,194.1
2022-05-09 04:00:00+00:00,1988.1,0
2022-05-09 05:00:00+00:00,2616.9,0
2022-05-09 06:00:00+00:00,1906.5,0
2022-05-09 07:00:00+00:00,495.6,0
2022-05-09 08:00:00+00:00,0,1538.1
2022-05-09 09:00:00+00:00,0,1728.5
2022-05-09 10:00:00+00:00,0,1780.6
2022-05-09 11:00:00+00:00,0,1913.8
2022-05-09 12:00:00+00:00,0,1814.2
2022-05-09 13:00:00+00:00,0,1768.8
2022-05-09 14:00:00+00:00,0,1588.6
2022-05-09 15:00:00+00:00,0,1219
2022-05-09 16:00:00+00:00,0,861.2
2022-05-09 17:00:00+00:00,347.7,0
2022-05-09 18:00:00+00:00,1548.2,0
2022-05-09 19:00:00+00:00,2589.8,0
2022-05-09 20:00:00+00:00,1614.8,0
2022-05-09 21:00:00+00:00,289.3,0
2022-05-09 22:00:00+00:00,257.4,0
2022-05-09 23:00:00+00:00,0,475.6
2022-05-10 00:00:00+00:00,0,670.3
2022-05-10 01:00:00+00:00,0,587.6
2022-05-10 02:00:00+00:00,0,563.7
2022-05-10 03:00:00+00:00,0,281.9
2022-05-10 04:00:00+00:00,1113.9,0
2022-05-10 05:00:00+00:00,2643.6,0
2022-05-10 06:00:00+00:00,1765.7,0
2022-05-10 07:00:00+00:00,0,472.5
2022-05-10 08:00:00+00:00,0,1315.1
2022-05-10 09:00:00+00:00,0,1426.1
2022-05-10 10:00:00+00:00,0,1464.8
2022-05-10 11:00:00+00:00,0,1541.3
2022-05-10 12:00:00+00:00,0,1633.5
2022-05-10 13:00:00+00:00,0,1732.1
2022-05-10 14:00:00+00:00,0,1723.5
2022-05-10 15:00:00+00:00,0,1528.2
2022-05-10 16:00:00+00:00,0,1080.8
2022-05-10 17:00:00+00:00,0,299.6
2022-05-10 18:00:00+00:00,928.3,0
2022-05-10 19:00:00+00:00,1378,0
2022-05-10 20:00:00+00:00,525.2,0
2022-05-10 21:00:00+00:00,0,298.7
2022-05-10 22:00:00+00:00,0,662.4
2022-05-10 23:00:00+00:00,0,579.1
2022-05-11 00:00:00+00:00,0,668.4
2022-05-11 01:00:00+00:00,0,757.4
2022-05-11 02:00:00+00:00,0,707.3
2022-05-11 03:00:00+00:00,0,443
2022-05-11 04:00:00+00:00,680.6,0
2022-05-11 05:00:00+00:00,1586.4,0
2022-05-11 06:00:00+00:00,865,0
2022-05-11 07:00:00+00:00,0,1408.2
2022-05-11 08:00:00+00:00,0,1878.6
2022-05-11 09:00:00+00:00,0,1912.8
2022-05-11 10:00:00+00:00,0,2104.2
2022-05-11 11:00:00+00:00,0,2900.7
2022-05-11 12:00:00+00:00,0,3410.7
2022-05-11 13:00:00+00:00,0,3600
2022-05-11 14:00:00+00:00,0,3587.3
2022-05-11 15:00:00+00:00,0,3404.2
2022-05-11 16:00:00+00:00,0,1962.9
2022-05-11 17:00:00+00:00,0,1255.1
2022-05-11 18:00:00+00:00,0,442.8
2022-05-11 19:00:00+00:00,0,179.8
2022-05-11 20:00:00+00:00,0,1158.4
2022-05-11 21:00:00+00:00,0,1063.7
2022-05-11 22:00:00+00:00,0,1537.2
2022-05-11 23:00:00+00:00,0,2031.6
2022-05-12 00:00:00+00:00,0,2030
2022-05-12 01:00:00+00:00,0,2356.3
2022-05-12 02:00:00+00:00,0,2207.4
2022-05-12 03:00:00+00:00,0,705.7
2022-05-12 04:00:00+00:00,186.9,0
2022-05-12 05:00:00+00:00,831.7,0
2022-05-12 06:00:00+00:00,626.1,0
2022-05-12 07:00:00+00:00,0,1050
2022-05-12 08:00:00+00:00,0,1280.4
2022-05-12 09:00:00+00:00,0,1599.2
2022-05-12 10:00:00+00:00,0,1823.2
2022-05-12 11:00:00+00:00,0,1996.1
2022-05-12 12:00:00+00:00,0,2693.3
2022-05-12 13:00:00+00:00,0,3120.2
2022-05-12 14:00:00+00:00,0,3037.7
2022-05-12 15:00:00+00:00,0,2232.6
2022-05-12 16:00:00+00:00,0,1298.2
2022-05-12 17:00:00+00:00,0,873.4
2022-05-12 18:00:00+00:00,0,261.3
2022-05-12 19:00:00+00:00,370.3,0
2022-05-12 20:00:00+00:00,100.9,0
2022-05-12 21:00:00+00:00,0,276.7
2022-05-12 22:00:00+00:00,0,989
2022-05-12 23:00:00+00:00,0,897
2022-05-13 00:00:00+00:00,0,943.7
2022-05-13 01:00:00+00:00,0,996.1
2022-05-13 02:00:00+00:00,0,888.4
2022-05-13 03:00:00+00:00,0,478.3
2022-05-13 04:00:00+00:00,1209.5,0
2022-05-13 05:00:00+00:00,1935,0
2022-05-13 06:00:00+00:00,1587.5,0
2022-05-13 07:00:00+00:00,0,28.4
2022-05-13 08:00:00+00:00,0,1692.2
2022-05-13 09:00:00+00:00,0,1576.7
2022-05-13 10:00:00+00:00,0,1502
2022-05-13 11:00:00+00:00,0,1387.9
2022-05-13 12:00:00+00:00,0,1584.6
2022-05-13 13:00:00+00:00,0,2110.9
2022-05-13 14:00:00+00:00,0,2091.4
2022-05-13 15:00:00+00:00,0,2377
2022-05-13 16:00:00+00:00,0,1230.9
2022-05-13 17:00:00+00:00,0,458.2
2022-05-13 18:00:00+00:00,1350.6,0
2022-05-13 19:00:00+00:00,1300.8,0
2022-05-13 20:00:00+00:00,0,19.5
2022-05-13 21:00:00+00:00,0,865
2022-05-13 22:00:00+00:00,0,926.4
2022-05-13 23:00:00+00:00,0,1438.6
2022-05-14 00:00:00+00:00,0,1860.4
2022-05-14 01:00:00+00:00,0,1746.5
2022-05-14 02:00:00+00:00,0,1617.2
2022-05-14 03:00:00+00:00,0,1336.3
2022-05-14 04:00:00+00:00,0,1089.4
2022-05-14 05:00:00+00:00,0,866.8
2022-05-14 06:00:00+00:00,0,919.4
2022-05-14 07:00:00+00:00,0,1991.6
2022-05-14 08:00:00+00:00,0,2867.6
2022-05-14 09:00:00+00:00,0,2837.3
2022-05-14 10:00:00+00:00,0,2750.1
2022-05-14 11:00:00+00:00,0,3058.4
2022-05-14 12:00:00+00:00,0,3086.7
2022-05-14 13:00:00+00:00,0,3045.9
2022-05-14 14:00:00+00:00,0,2716.3
2022-05-14 15:00:00+00:00,0,2363.6
2022-05-14 16:00:00+00:00,0,948.1
2022-05-14 17:00:00+00:00,129.4,0
2022-05-14 18:00:00+00:00,1130.5,0
2022-05-14 19:00:00+00:00,1179.5,0
2022-05-14 20:00:00+00:00,741.7,0
2022-05-14 21:00:00+00:00,0,304.6
2022-05-14 22:00:00+00:00,0,1904.1
2022-05-14 23:00:00+00:00,0,1726.2
2022-05-15 00:00:00+00:00,0,1516.2
2022-05-15 01:00:00+00:00,0,1389
2022-05-15 02:00:00+00:00,0,1024.7
2022-05-15 03:00:00+00:00,0,679.9
2022-05-15 04:00:00+00:00,0,503.1
2022-05-15 05:00:00+00:00,0,295.5
2022-05-15 06:00:00+00:00,0,1258.1
2022-05-15 07:00:00+00:00,0,2219.8
2022-05-15 08:00:00+00:00,0,2347.6
2022-05-15 09:00:00+00:00,0,2438.3
2022-05-15 10:00:00+00:00,0,2458.9
2022-05-15 11:00:00+00:00,0,2470.8
2022-05-15 12:00:00+00:00,0,2391
2022-05-15 13:00:00+00:00,0,2120.3
2022-05-15 14:00:00+00:00,0,2038.1
2022-05-15 15:00:00+00:00,0,2093.7
2022-05-15 16:00:00+00:00,0,2144.7
2022-05-15 17:00:00+00:00,0,1056.6
2022-05-15 18:00:00+00:00,0,375.4
2022-05-15 19:00:00+00:00,469.6,0
2022-05-15 20:00:00+00:00,0,426
2022-05-15 21:00:00+00:00,0,1271.2
2022-05-15 22:00:00+00:00,0,1292
2022-05-15 23:00:00+00:00,0,926.4
2022-05-16 00:00:00+00:00,0,688.5
2022-05-16 01:00:00+00:00,0,588.3
2022-05-16 02:00:00+00:00,0,436.9
2022-05-16 03:00:00+00:00,0,6.3
2022-05-16 04:00:00+00:00,2283.8,0
2022-05-16 05:00:00+00:00,2745,0
2022-05-16 06:00:00+00:00,2648.5,0
2022-05-16 07:00:00+00:00,1290.8,0
2022-05-16 08:00:00+00:00,0,727.9
2022-05-16 09:00:00+00:00,0,806.6
2022-05-16 10:00:00+00:00,0,737.3
2022-05-16 11:00:00+00:00,0,537.9
2022-05-16 12:00:00+00:00,0,973.9
2022-05-16 13:00:00+00:00,0,1081.2
2022-05-16 14:00:00+00:00,0,1184.4
2022-05-16 15:00:00+00:00,0,1198
2022-05-16 16:00:00+00:00,0,526.3
2022-05-16 17:00:00+00:00,0,326.1
2022-05-16 18:00:00+00:00,1378.6,0
2022-05-16 19:00:00+00:00,2021.5,0
2022-05-16 20:00:00+00:00,1549,0
2022-05-16 21:00:00+00:00,1214.4,0
2022-05-16 22:00:00+00:00,0,330.8
2022-05-16 23:00:00+00:00,0,363
2022-05-17 00:00:00+00:00,0,321.3
2022-05-17 01:00:00+00:00,0,266.6
2022-05-17 02:00:00+00:00,0,59
2022-05-17 03:00:00+00:00,336.7,0
2022-05-17 04:00:00+00:00,1965,0
2022-05-17 05:00:00+00:00,2575.6,0
2022-05-17 06:00:00+00:00,1764.9,0
2022-05-17 07:00:00+00:00,0,433.4
2022-05-17 08:00:00+00:00,0,916.1
2022-05-17 09:00:00+00:00,0,1073.5
2022-05-17 10:00:00+00:00,0,873.1
2022-05-17 11:00:00+00:00,0,812
2022-05-17 12:00:00+00:00,0,1107.4
2022-05-17 13:00:00+00:00,0,1140
2022-05-17 14:00:00+00:00,0,1067.2
2022-05-17 15:00:00+00:00,0,927.2
2022-05-17 16:00:00+00:00,0,1164.1
2022-05-17 17:00:00+00:00,10.9,0
2022-05-17 18:00:00+00:00,1600.5,0
2022-05-17 19:00:00+00:00,1663.9,0
2022-05-17 20:00:00+00:00,1224.4,0
2022-05-17 21:00:00+00:00,380.3,0
2022-05-17 22:00:00+00:00,0,1265
2022-05-17 23:00:00+00:00,0,1153
2022-05-18 00:00:00+00:00,0,1036.8
2022-05-18 01:00:00+00:00,0,1022.9
2022-05-18 02:00:00+00:00,0,1022.9
2022-05-18 03:00:00+00:00,0,720.2
2022-05-18 04:00:00+00:00,585,0
2022-05-18 05:00:00+00:00,1802.3,0
2022-05-18 06:00:00+00:00,1053.2,0
2022-05-18 07:00:00+00:00,0,573.4
2022-05-18 08:00:00+00:00,0,1666.3
2022-05-18 09:00:00+00:00,0,1868.8
2022-05-18 10:00:00+00:00,0,1817.8
2022-05-18 11:00:00+00:00,0,1739.4
2022-05-18 12:00:00+00:00,0,2168.3
2022-05-18 13:00:00+00:00,0,1780.8
2022-05-18 14:00:00+00:00,0,1815.3
2022-05-18 15:00:00+00:00,0,1809
2022-05-18 16:00:00+00:00,0,1535.8
2022-05-18 17:00:00+00:00,0,1354.3
2022-05-18 18:00:00+00:00,350.3,0
2022-05-18 19:00:00+00:00,905.9,0
2022-05-18 20:00:00+00:00,141.6,0
2022-05-18 21:00:00+00:00,0,1441.1
2022-05-18 22:00:00+00:00,0,1182.2
2022-05-18 23:00:00+00:00,0,1340.4
2022-05-19 00:00:00+00:00,0,1163.8
2022-05-19 01:00:00+00:00,0,1114.9
2022-05-19 02:00:00+00:00,0,1081.8
2022-05-19 03:00:00+00:00,0,966.9
2022-05-19 04:00:00+00:00,966.3,0
2022-05-19 05:00:00+00:00,2056.9,0
2022-05-19 06:00:00+00:00,1124.4,0
2022-05-19 07:00:00+00:00,0,1276.4
2022-05-19 08:00:00+00:00,0,1750.9
2022-05-19 09:00:00+00:00,0,2315.9
2022-05-19 10:00:00+00:00,0,2253.6
2022-05-19 11:00:00+00:00,0,2512.1
2022-05-19 12:00:00+00:00,0,3327
2022-05-19 13:00:00+00:00,0,3476.4
2022-05-19 14:00:00+00:00,0,3493.7
2022-05-19 15:00:00+00:00,0,3216.7
2022-05-19 16:00:00+00:00,0,2199.2
2022-05-19 17:00:00+00:00,0,1935.2
2022-05-19 18:00:00+00:00,0,461.7
2022-05-19 19:00:00+00:00,646.7,0
2022-05-19 20:00:00+00:00,0,74.2
2022-05-19 21:00:00+00:00,0,1457.7
2022-05-19 22:00:00+00:00,0,1483.9
2022-05-19 23:00:00+00:00,0,1346.3
2022-05-20 00:00:00+00:00,0,1474.5
2022-05-20 01:00:00+00:00,0,1383.9
2022-05-20 02:00:00+00:00,0,1303.3
2022-05-20 03:00:00+00:00,0,979.4
2022-05-20 04:00:00+00:00,338.9,0
2022-05-20 05:00:00+00:00,1418.7,0
2022-05-20 06:00:00+00:00,1085.8,0
2022-05-20 07:00:00+00:00,0,444.7
2022-05-20 08:00:00+00:00,0,1824.7
2022-05-20 09:00:00+00:00,0,2056.1
2022-05-20 10:00:00+00:00,0,2127.7
2022-05-20 11:00:00+00:00,0,2197.3
2022-05-20 12:00:00+00:00,0,2330.4
2022-05-20 13:00:00+00:00,0,2534.9
2022-05-20 14:00:00+00:00,0,2536.9
2022-05-20 15:00:00+00:00,0,2375.4
2022-05-20 16:00:00+00:00,0,2027.6
2022-05-20 17:00:00+00:00,0,850.1
2022-05-20 18:00:00+00:00,0,439.3
2022-05-20 19:00:00+00:00,0,668.2
2022-05-20 20:00:00+00:00,0,1211.5
2022-05-20 21:00:00+00:00,0,1094.8
2022-05-20 22:00:00+00:00,0,685.5
2022-05-20 23:00:00+00:00,0,945.4
2022-05-21 00:00:00+00:00,0,928.7
2022-05-21 01:00:00+00:00,0,1267
2022-05-21 02:00:00+00:00,0,1591.5
2022-05-21 03:00:00+00:00,0,1326.3
2022-05-21 04:00:00+00:00,0,1599.3
2022-05-21 05:00:00+00:00,0,1314.5
2022-05-21 06:00:00+00:00,0,925.5
2022-05-21 07:00:00+00:00,0,860.3
2022-05-21 08:00:00+00:00,0,1026.3
2022-05-21 09:00:00+00:00,0,1189
2022-05-21 10:00:00+00:00,0,1230.8
2022-05-21 11:00:00+00:00,0,1277.3
2022-05-21 12:00:00+00:00,0,2393.1
2022-05-21 13:00:00+00:00,0,2378.2
2022-05-21 14:00:00+00:00,0,2276.7
2022-05-21 15:00:00+00:00,0,2160.7
2022-05-21 16:00:00+00:00,0,1238.9
2022-05-21 17:00:00+00:00,0,1457.1
2022-05-21 18:00:00+00:00,0,526.6
2022-05-21 19:00:00+00:00,0,174.6
2022-05-21 20:00:00+00:00,0,529.8
2022-05-21 21:00:00+00:00,0,1392.6
2022-05-21 22:00:00+00:00,0,1725.4
2022-05-21 23:00:00+00:00,0,1546.9
2022-05-22 00:00:00+00:00,0,1305.2
2022-05-22 01:00:00+00:00,0,1163.5
2022-05-22 02:00:00+00:00,0,978.7
2022-05-22 03:00:00+00:00,0,855.2
2022-05-22 04:00:00+00:00,0,906
2022-05-22 05:00:00+00:00,0,874.9
2022-05-22 06:00:00+00:00,0,1221.7
2022-05-22 07:00:00+00:00,0,1653.9
2022-05-22 08:00:00+00:00,0,2427.3
2022-05-22 09:00:00+00:00,0,3461.1
2022-05-22 10:00:00+00:00,0,3878.5
2022-05-22 11:00:00+00:00,0,3902
2022-05-22 12:00:00+00:00,0,3987.7
2022-05-22 13:00:00+00:00,0,3688.2
2022-05-22 14:00:00+00:00,0,3290.7
2022-05-22 15:00:00+00:00,0,2713.4
2022-05-22 16:00:00+00:00,0,2521.2
2022-05-22 17:00:00+00:00,0,1037.5
2022-05-22 18:00:00+00:00,462.5,0
2022-05-22 19:00:00+00:00,1098.2,0
2022-05-22 20:00:00+00:00,244.5,0
2022-05-22 21:00:00+00:00,0,858.2
2022-05-22 22:00:00+00:00,0,1270.5
2022-05-22 23:00:00+00:00,0,1272.2
2022-05-23 00:00:00+00:00,0,1570.1
2022-05-23 01:00:00+00:00,0,1544.4
2022-05-23 02:00:00+00:00,0,1487.4
2022-05-23 03:00:00+00:00,0,558.6
2022-05-23 04:00:00+00:00,35,0
2022-05-23 05:00:00+00:00,1763.1,0
2022-05-23 06:00:00+00:00,1544.9,0
2022-05-23 07:00:00+00:00,226.7,0
2022-05-23 08:00:00+00:00,0,1036
2022-05-23 09:00:00+00:00,0,1246.5
2022-05-23 10:00:00+00:00,0,1351.5
2022-05-23 11:00:00+00:00,0,969.9
2022-05-23 12:00:00+00:00,0,878.6
2022-05-23 13:00:00+00:00,0,807.5
2022-05-23 14:00:00+00:00,0,856.7
2022-05-23 15:00:00+00:00,0,820.9
2022-05-23 16:00:00+00:00,0,642.4
2022-05-23 17:00:00+00:00,0,176.9
2022-05-23 18:00:00+00:00,153.4,0
2022-05-23 19:00:00+00:00,295.1,0
2022-05-23 20:00:00+00:00,0,175.6
2022-05-23 21:00:00+00:00,0,302.6
2022-05-23 22:00:00+00:00,115.5,0
2022-05-23 23:00:00+00:00,209.8,0
2022-05-24 00:00:00+00:00,0,59.6
2022-05-24 01:00:00+00:00,5.8,0
2022-05-24 02:00:00+00:00,44.7,0
2022-05-24 03:00:00+00:00,124.1,0
2022-05-24 04:00:00+00:00,201.5,0
2022-05-24 05:00:00+00:00,567.7,0
2022-05-24 06:00:00+00:00,315,0
2022-05-24 07:00:00+00:00,0,443
2022-05-24 08:00:00+00:00,0,509.4
2022-05-24 09:00:00+00:00,0,659.7
2022-05-24 10:00:00+00:00,0,561.1
2022-05-24 11:00:00+00:00,0,419
2022-05-24 12:00:00+00:00,0,747
2022-05-24 13:00:00+00:00,0,1392.6
2022-05-24 14:00:00+00:00,0,1413.8
2022-05-24 15:00:00+00:00,0,1301.1
2022-05-24 16:00:00+00:00,0,1326.9
2022-05-24 17:00:00+00:00,0,160.9
2022-05-24 18:00:00+00:00,209.9,0
2022-05-24 19:00:00+00:00,1300.7,0
2022-05-24 20:00:00+00:00,248.6,0
2022-05-24 21:00:00+00:00,0,31.5
2022-05-24 22:00:00+00:00,0,497.1
2022-05-24 23:00:00+00:00,0,343.6
2022-05-25 00:00:00+00:00,0,189.4
2022-05-25 01:00:00+00:00,0,46.9
2022-05-25 02:00:00+00:00,0,73.4
2022-05-25 03:00:00+00:00,0,55.9
2022-05-25 04:00:00+00:00,448.5,0
2022-05-25 05:00:00+00:00,2064.5,0
2022-05-25 06:00:00+00:00,911.8,0
2022-05-25 07:00:00+00:00,0,1482.4
2022-05-25 08:00:00+00:00,0,2273.3
2022-05-25 09:00:00+00:00,0,2590.1
2022-05-25 10:00:00+00:00,0,2632.6
2022-05-25 11:00:00+00:00,0,2607
2022-05-25 12:00:00+00:00,0,3152.5
2022-05-25 13:00:00+00:00,0,3791.3
2022-05-25 14:00:00+00:00,0,3868.8
2022-05-25 15:00:00+00:00,0,3680.4
2022-05-25 16:00:00+00:00,0,2212.8
2022-05-25 17:00:00+00:00,0,2049.6
2022-05-25 18:00:00+00:00,0,1867.3
2022-05-25 19:00:00+00:00,0,860.8
2022-05-25 20:00:00+00:00,0,1726.3
2022-05-25 21:00:00+00:00,0,1943.2
2022-05-25 22:00:00+00:00,0,1859.3
2022-05-25 23:00:00+00:00,0,1490.5
2022-05-26 00:00:00+00:00,0,1206
2022-05-26 01:00:00+00:00,0,999.8
2022-05-26 02:00:00+00:00,0,895.6
2022-05-26 03:00:00+00:00,0,480.7
2022-05-26 04:00:00+00:00,154,0
2022-05-26 05:00:00+00:00,317,0
2022-05-26 06:00:00+00:00,0,320.3
2022-05-26 07:00:00+00:00,0,1485
2022-05-26 08:00:00+00:00,0,1952
2022-05-26 09:00:00+00:00,0,2202.3
2022-05-26 10:00:00+00:00,0,2479.3
2022-05-26 11:00:00+00:00,0,2732.5
2022-05-26 12:00:00+00:00,0,2917.8
2022-05-26 13:00:00+00:00,0,3315
2022-05-26 14:00:00+00:00,0,3161.6
2022-05-26 15:00:00+00:00,0,3138.4
2022-05-26 16:00:00+00:00,0,3097
2022-05-26 17:00:00+00:00,0,2778.5
2022-05-26 18:00:00+00:00,0,2710.9
2022-05-26 19:00:00+00:00,0,1228.3
2022-05-26 20:00:00+00:00,0,2248.5
2022-05-26 21:00:00+00:00,0,1807
2022-05-26 22:00:00+00:00,0,1989.2
2022-05-26 23:00:00+00:00,0,1598.4
2022-05-27 00:00:00+00:00,0,2049.8
2022-05-27 01:00:00+00:00,0,2041.5
2022-05-27 02:00:00+00:00,0,1887.2
2022-05-27 03:00:00+00:00,0,824.9
2022-05-27 04:00:00+00:00,0,376.2
2022-05-27 05:00:00+00:00,0,144.2
2022-05-27 06:00:00+00:00,0,37.6
2022-05-27 07:00:00+00:00,0,1533.7
2022-05-27 08:00:00+00:00,0,2058.7
2022-05-27 09:00:00+00:00,0,2299.4
2022-05-27 10:00:00+00:00,0,2603.3
2022-05-27 11:00:00+00:00,0,2662.2
2022-05-27 12:00:00+00:00,0,2805.9
2022-05-27 13:00:00+00:00,0,3114.9
2022-05-27 14:00:00+00:00,0,3732.4
2022-05-27 15:00:00+00:00,0,3899.6
2022-05-27 16:00:00+00:00,0,3694.6
2022-05-27 17:00:00+00:00,0,3026.3
2022-05-27 18:00:00+00:00,0,2061.7
2022-05-27 19:00:00+00:00,0,823.4
2022-05-27 20:00:00+00:00,0,1535.1
2022-05-27 21:00:00+00:00,0,2522.6
2022-05-27 22:00:00+00:00,0,2019.1
2022-05-27 23:00:00+00:00,0,1766.6
2022-05-28 00:00:00+00:00,0,1241.9
2022-05-28 01:00:00+00:00,0,1059
2022-05-28 02:00:00+00:00,0,908
2022-05-28 03:00:00+00:00,0,765.5
2022-05-28 04:00:00+00:00,0,701.3
2022-05-28 05:00:00+00:00,0,471.3
2022-05-28 06:00:00+00:00,0,1206.6
2022-05-28 07:00:00+00:00,0,1747.2
2022-05-28 08:00:00+00:00,0,2242.9
2022-05-28 09:00:00+00:00,0,2473.1
2022-05-28 10:00:00+00:00,0,2577.8
2022-05-28 11:00:00+00:00,0,2656.2
2022-05-28 12:00:00+00:00,0,2689.4
2022-05-28 13:00:00+00:00,0,3490
2022-05-28 14:00:00+00:00,0,4165.7
2022-05-28 15:00:00+00:00,0,3764.8
2022-05-28 16:00:00+00:00,0,2700.8
2022-05-28 17:00:00+00:00,0,2887.3
2022-05-28 18:00:00+00:00,0,1109.5
2022-05-28 19:00:00+00:00,199,0
2022-05-28 20:00:00+00:00,0,440.8
2022-05-28 21:00:00+00:00,0,1471.5
2022-05-28 22:00:00+00:00,0,2149.6
2022-05-28 23:00:00+00:00,0,2547.1
2022-05-29 00:00:00+00:00,0,2423.8
2022-05-29 01:00:00+00:00,0,2294
2022-05-29 02:00:00+00:00,0,2216
2022-05-29 03:00:00+00:00,0,2153.1
2022-05-29 04:00:00+00:00,0,2095.4
2022-05-29 05:00:00+00:00,0,1931.4
2022-05-29 06:00:00+00:00,0,2204
2022-05-29 07:00:00+00:00,0,2334.2
2022-05-29 08:00:00+00:00,0,2590.1
2022-05-29 09:00:00+00:00,0,2564.3
2022-05-29 10:00:00+00:00,0,2608.7
2022-05-29 11:00:00+00:00,0,3914.1
2022-05-29 12:00:00+00:00,0,3789.6
2022-05-29 13:00:00+00:00,0,3767.9
2022-05-29 14:00:00+00:00,0,3562.6
2022-05-29 15:00:00+00:00,0,2067.6
2022-05-29 16:00:00+00:00,0,1658.4
2022-05-29 17:00:00+00:00,0,1040.9
2022-05-29 18:00:00+00:00,98.7,0
2022-05-29 19:00:00+00:00,469.9,0
2022-05-29 20:00:00+00:00,353.8,0
2022-05-29 21:00:00+00:00,0,303.9
2022-05-29 22:00:00+00:00,0,1808
2022-05-29 23:00:00+00:00,0,1776.1
2022-05-30 00:00:00+00:00,0,1741.4
2022-05-30 01:00:00+00:00,0,1484.8
2022-05-30 02:00:00+00:00,0,1171.8
2022-05-30 03:00:00+00:00,0,918.5
2022-05-30 04:00:00+00:00,813,0
2022-05-30 05:00:00+00:00,1049.6,0
2022-05-30 06:00:00+00:00,362.4,0
2022-05-30 07:00:00+00:00,0,926.3
2022-05-30 08:00:00+00:00,0,1683.9
2022-05-30 09:00:00+00:00,0,1856.8
2022-05-30 10:00:00+00:00,0,1679.6
2022-05-30 11:00:00+00:00,0,1667.1
2022-05-30 12:00:00+00:00,0,1789.1
2022-05-30 13:00:00+00:00,0,1884.8
2022-05-30 14:00:00+00:00,0,1991.1
2022-05-30 15:00:00+00:00,0,1876.6
2022-05-30 16:00:00+00:00,0,2033.3
2022-05-30 17:00:00+00:00,0,1299.5
2022-05-30 18:00:00+00:00,148.1,0
2022-05-30 19:00:00+00:00,1043.9,0
2022-05-30 20:00:00+00:00,624.1,0
2022-05-30 21:00:00+00:00,0,414.5
2022-05-30 22:00:00+00:00,0,1152.2
2022-05-30 23:00:00+00:00,0,1255.3
2022-05-31 00:00:00+00:00,0,1022.3
2022-05-31 01:00:00+00:00,0,825.3
2022-05-31 02:00:00+00:00,0,711.8
2022-05-31 03:00:00+00:00,0,651.7
2022-05-31 04:00:00+00:00,665.6,0
2022-05-31 05:00:00+00:00,1846.7,0
2022-05-31 06:00:00+00:00,1250.3,0
2022-05-31 07:00:00+00:00,0,439.5
2022-05-31 08:00:00+00:00,0,1239.1
2022-05-31 09:00:00+00:00,0,1275.5
2022-05-31 10:00:00+00:00,0,1513.3
2022-05-31 11:00:00+00:00,0,1392.3
2022-05-31 12:00:00+00:00,0,1290.2
2022-05-31 13:00:00+00:00,0,1442.5
2022-05-31 14:00:00+00:00,0,1568.7
2022-05-31 15:00:00+00:00,0,1754.2
2022-05-31 16:00:00+00:00,0,1798.3
2022-05-31 17:00:00+00:00,0,1609.2
2022-05-31 18:00:00+00:00,206.4,0
2022-05-31 19:00:00+00:00,588.6,0
2022-05-31 20:00:00+00:00,0,60.5
2022-05-31 21:00:00+00:00,0,1059.8
2022-05-31 22:00:00+00:00,0,1701.5
2022-05-31 23:00:00+00:00,0,1502.9
2022-06-01 00:00:00+00:00,0,1345.1
2022-06-01 01:00:00+00:00,0,1088.6
2022-06-01 02:00:00+00:00,0,930.2
2022-06-01 03:00:00+00:00,0,516.7
2022-06-01 04:00:00+00:00,351.4,0
2022-06-01 05:00:00+00:00,2158.9,0
2022-06-01 06:00:00+00:00,1372,0
2022-06-01 07:00:00+00:00,0,446
2022-06-01 08:00:00+00:00,0,606.3
2022-06-01 09:00:00+00:00,0,562.3
2022-06-01 10:00:00+00:00,0,596.8
2022-06-01 11:00:00+00:00,0,459
2022-06-01 12:00:00+00:00,0,1279.3
2022-06-01 13:00:00+00:00,0,2268.7
2022-06-01 14:00:00+00:00,0,2475.8
2022-06-01 15:00:00+00:00,0,2256.7
2022-06-01 16:00:00+00:00,0,1291.6
2022-06-01 17:00:00+00:00,0,1132.3
2022-06-01 18:00:00+00:00,487.7,0
2022-06-01 19:00:00+00:00,1024.3,0
2022-06-01 20:00:00+00:00,544.6,0
2022-06-01 21:00:00+00:00,0,1192.3
2022-06-01 22:00:00+00:00,0,444.7
2022-06-01 23:00:00+00:00,0,683.9
2022-06-02 00:00:00+00:00,0,889.8
2022-06-02 01:00:00+00:00,0,718.5
2022-06-02 02:00:00+00:00,0,819.7
2022-06-02 03:00:00+00:00,0,654.8
2022-06-02 04:00:00+00:00,235.3,0
2022-06-02 05:00:00+00:00,784.9,0
2022-06-02 06:00:00+00:00,0,92
2022-06-02 07:00:00+00:00,0,1384.4
2022-06-02 08:00:00+00:00,0,1726.8
2022-06-02 09:00:00+00:00,0,1946.8
2022-06-02 10:00:00+00:00,0,2073.8
2022-06-02 11:00:00+00:00,0,2877.3
2022-06-02 12:00:00+00:00,0,3248.5
2022-06-02 13:00:00+00:00,0,3438.1
2022-06-02 14:00:00+00:00,0,3203.4
2022-06-02 15:00:00+00:00,0,1892.4
2022-06-02 16:00:00+00:00,0,1706.4
2022-06-02 17:00:00+00:00,0,1462.9
2022-06-02 18:00:00+00:00,0,1224
2022-06-02 19:00:00+00:00,0,135.4
2022-06-02 20:00:00+00:00,0,314.1
2022-06-02 21:00:00+00:00,0,864
2022-06-02 22:00:00+00:00,0,888.1
2022-06-02 23:00:00+00:00,0,1367.2
2022-06-03 00:00:00+00:00,0,1374.6
2022-06-03 01:00:00+00:00,0,1195.4
2022-06-03 02:00:00+00:00,0,1212.9
2022-06-03 03:00:00+00:00,0,1008.3
2022-06-03 04:00:00+00:00,0,320.1
2022-06-03 05:00:00+00:00,386,0
2022-06-03 06:00:00+00:00,91.3,0
2022-06-03 07:00:00+00:00,0,1170.8
2022-06-03 08:00:00+00:00,0,1367.6
2022-06-03 09:00:00+00:00,0,1288.2
2022-06-03 10:00:00+00:00,0,1254.2
2022-06-03 11:00:00+00:00,0,1604.7
2022-06-03 12:00:00+00:00,0,2528.5
2022-06-03 13:00:00+00:00,0,2685.9
2022-06-03 14:00:00+00:00,0,2806.9
2022-06-03 15:00:00+00:00,0,2192
2022-06-03 16:00:00+00:00,0,1596.2
2022-06-03 17:00:00+00:00,0,1551
2022-06-03 18:00:00+00:00,0,1834.4
2022-06-03 19:00:00+00:00,0,1397.7
2022-06-03 20:00:00+00:00,0,908.1
2022-06-03 21:00:00+00:00,0,1232.6
2022-06-03 22:00:00+00:00,0,1025.6
2022-06-03 23:00:00+00:00,0,1781.6
2022-06-04 00:00:00+00:00,0,1824.2
2022-06-04 01:00:00+00:00,0,1669
2022-06-04 02:00:00+00:00,0,1622.2
2022-06-04 03:00:00+00:00,0,1466.8
2022-06-04 04:00:00+00:00,0,1316.8
2022-06-04 05:00:00+00:00,0,1048.5
2022-06-04 06:00:00+00:00,0,1345.5
2022-06-04 07:00:00+00:00,0,1804.9
2022-06-04 08:00:00+00:00,0,2004.7
2022-06-04 09:00:00+00:00,0,2179.3
2022-06-04 10:00:00+00:00,0,2293.1
2022-06-04 11:00:00+00:00,0,3514.1
2022-06-04 12:00:00+00:00,0,3603.2
2022-06-04 13:00:00+00:00,0,4016.9
2022-06-04 14:00:00+00:00,0,4155.3
2022-06-04 15:00:00+00:00,0,3709.7
2022-06-04 16:00:00+00:00,0,3336.7
2022-06-04 17:00:00+00:00,0,2122.3
2022-06-04 18:00:00+00:00,0,2282
2022-06-04 19:00:00+00:00,0,700.9
2022-06-04 20:00:00+00:00,0,372.3
2022-06-04 21:00:00+00:00,0,1040.4
2022-06-04 22:00:00+00:00,0,1953.4
2022-06-04 23:00:00+00:00,0,2100.6
2022-06-05 00:00:00+00:00,0,2000.5
2022-06-05 01:00:00+00:00,0,1908.9
2022-06-05 02:00:00+00:00,0,1731.9
2022-06-05 03:00:00+00:00,0,1608.3
2022-06-05 04:00:00+00:00,0,1591.5
2022-06-05 05:00:00+00:00,0,1548.5
2022-06-05 06:00:00+00:00,0,1707.4
2022-06-05 07:00:00+00:00,0,2236.4
2022-06-05 08:00:00+00:00,0,3022.7
2022-06-05 09:00:00+00:00,0,2971.3
2022-06-05 10:00:00+00:00,0,3066.3
2022-06-05 11:00:00+00:00,0,2974.6
2022-06-05 12:00:00+00:00,0,2648.5
2022-06-05 13:00:00+00:00,0,2799
2022-06-05 14:00:00+00:00,0,2799
2022-06-05 15:00:00+00:00,0,2675.6
2022-06-05 16:00:00+00:00,0,2469.2
2022-06-05 17:00:00+00:00,0,1791.9
2022-06-05 18:00:00+00:00,0,1425.9
2022-06-05 19:00:00+00:00,0,210.4
2022-06-05 20:00:00+00:00,91.7,0
2022-06-05 21:00:00+00:00,0,1105.3
2022-06-05 22:00:00+00:00,0,1560
2022-06-05 23:00:00+00:00,0,1571.6
2022-06-06 00:00:00+00:00,0,1464.4
2022-06-06 01:00:00+00:00,0,1219.3
2022-06-06 02:00:00+00:00,0,892.5
2022-06-06 03:00:00+00:00,0,628
2022-06-06 04:00:00+00:00,0,461.9
2022-06-06 05:00:00+00:00,0,614.2
2022-06-06 06:00:00+00:00,0,1140.3
2022-06-06 07:00:00+00:00,0,1754.6
2022-06-06 08:00:00+00:00,0,2119.1
2022-06-06 09:00:00+00:00,0,2267.5
2022-06-06 10:00:00+00:00,0,2459.9
2022-06-06 11:00:00+00:00,0,2528.3
2022-06-06 12:00:00+00:00,0,2168
2022-06-06 13:00:00+00:00,0,2629.9
2022-06-06 14:00:00+00:00,0,2853.8
2022-06-06 15:00:00+00:00,0,2738.2
2022-06-06 16:00:00+00:00,0,2534.3
2022-06-06 17:00:00+00:00,0,1305.4
2022-06-06 18:00:00+00:00,0,1432.1
2022-06-06 19:00:00+00:00,0,445.8
2022-06-06 20:00:00+00:00,0,919.5
2022-06-06 21:00:00+00:00,0,1331
2022-06-06 22:00:00+00:00,0,1087.5
2022-06-06 23:00:00+00:00,0,982.4
2022-06-07 00:00:00+00:00,0,986.1
2022-06-07 01:00:00+00:00,0,915.9
2022-06-07 02:00:00+00:00,0,1053
2022-06-07 03:00:00+00:00,0,932.6
2022-06-07 04:00:00+00:00,0,524.1
2022-06-07 05:00:00+00:00,0,442.5
2022-06-07 06:00:00+00:00,0,1027.5
2022-06-07 07:00:00+00:00,0,1725.6
2022-06-07 08:00:00+00:00,0,2105.4
2022-06-07 09:00:00+00:00,0,2141.2
2022-06-07 10:00:00+00:00,0,2190.7
2022-06-07 11:00:00+00:00,0,2100.8
2022-06-07 12:00:00+00:00,0,2417
2022-06-07 13:00:00+00:00,0,2954.9
2022-06-07 14:00:00+00:00,0,2933.5
2022-06-07 15:00:00+00:00,0,2011.4
2022-06-07 16:00:00+00:00,0,1244.9
2022-06-07 17:00:00+00:00,0,921.3
2022-06-07 18:00:00+00:00,0,948.7
2022-06-07 19:00:00+00:00,0,811
2022-06-07 20:00:00+00:00,0,878.3
2022-06-07 21:00:00+00:00,0,708.5
2022-06-07 22:00:00+00:00,0,475.5
2022-06-07 23:00:00+00:00,0,502.8
2022-06-08 00:00:00+00:00,0,496.4
2022-06-08 01:00:00+00:00,0,441.3
2022-06-08 02:00:00+00:00,0,448.1
2022-06-08 03:00:00+00:00,0,412.3
2022-06-08 04:00:00+00:00,0,104.6
2022-06-08 05:00:00+00:00,0,150.4
2022-06-08 06:00:00+00:00,0,487.8
2022-06-08 07:00:00+00:00,0,1312.6
2022-06-08 08:00:00+00:00,0,1746.5
2022-06-08 09:00:00+00:00,0,1856.2
2022-06-08 10:00:00+00:00,0,1761.1
2022-06-08 11:00:00+00:00,0,1588.6
2022-06-08 12:00:00+00:00,0,2087.4
2022-06-08 13:00:00+00:00,0,2271.4
2022-06-08 14:00:00+00:00,0,2212.9
2022-06-08 15:00:00+00:00,0,2094.1
2022-06-08 16:00:00+00:00,0,1398.2
2022-06-08 17:00:00+00:00,0,876.4
2022-06-08 18:00:00+00:00,0,897.5
2022-06-08 19:00:00+00:00,0,931.5
2022-06-08 20:00:00+00:00,0,980.6
2022-06-08 21:00:00+00:00,0,772.4
2022-06-08 22:00:00+00:00,0,876.8
2022-06-08 23:00:00+00:00,0,750.5
2022-06-09 00:00:00+00:00,0,847.4
2022-06-09 01:00:00+00:00,0,705.7
2022-06-09 02:00:00+00:00,0,619.9
2022-06-09 03:00:00+00:00,0,485.2
2022-06-09 04:00:00+00:00,187.8,0
2022-06-09 05:00:00+00:00,1160.8,0
2022-06-09 06:00:00+00:00,581,0
2022-06-09 07:00:00+00:00,0,710.5
2022-06-09 08:00:00+00:00,0,1816
2022-06-09 09:00:00+00:00,0,2122.8
2022-06-09 10:00:00+00:00,0,2155
2022-06-09 11:00:00+00:00,0,1996.7
2022-06-09 12:00:00+00:00,0,2098.3
2022-06-09 13:00:00+00:00,0,2354
2022-06-09 14:00:00+00:00,0,2380.6
2022-06-09 15:00:00+00:00,0,2326.1
2022-06-09 16:00:00+00:00,0,1845.6
2022-06-09 17:00:00+00:00,0,1511.6
2022-06-09 18:00:00+00:00,0,851.8
2022-06-09 19:00:00+00:00,0,569.5
2022-06-09 20:00:00+00:00,0,472.7
2022-06-09 21:00:00+00:00,0,1114
2022-06-09 22:00:00+00:00,0,888.5
2022-06-09 23:00:00+00:00,0,762.6
2022-06-10 00:00:00+00:00,0,756.8
2022-06-10 01:00:00+00:00,0,408.4
2022-06-10 02:00:00+00:00,0,270.5
2022-06-10 03:00:00+00:00,0,0.9
2022-06-10 04:00:00+00:00,1706.4,0
2022-06-10 05:00:00+00:00,2478.3,0
2022-06-10 06:00:00+00:00,2069.6,0
2022-06-10 07:00:00+00:00,344.6,0
2022-06-10 08:00:00+00:00,0,552.2
2022-06-10 09:00:00+00:00,0,938.9
2022-06-10 10:00:00+00:00,0,1062.8
2022-06-10 11:00:00+00:00,0,1446.6
2022-06-10 12:00:00+00:00,0,1348.1
2022-06-10 13:00:00+00:00,0,1212.5
2022-06-10 14:00:00+00:00,0,1037.1
2022-06-10 15:00:00+00:00,0,607.3
2022-06-10 16:00:00+00:00,245.7,0
2022-06-10 17:00:00+00:00,1075.6,0
2022-06-10 18:00:00+00:00,1645.1,0
2022-06-10 19:00:00+00:00,1450.4,0
2022-06-10 20:00:00+00:00,1378.5,0
2022-06-10 21:00:00+00:00,536,0
2022-06-10 22:00:00+00:00,0,392.8
2022-06-10 23:00:00+00:00,0,1182.7
2022-06-11 00:00:00+00:00,0,1561.9
2022-06-11 01:00:00+00:00,0,1628
2022-06-11 02:00:00+00:00,0,1613.7
2022-06-11 03:00:00+00:00,0,1578.9
2022-06-11 04:00:00+00:00,0,1583
2022-06-11 05:00:00+00:00,0,1354.1
2022-06-11 06:00:00+00:00,0,1527.8
2022-06-11 07:00:00+00:00,0,1975.4
2022-06-11 08:00:00+00:00,0,2358.3
2022-06-11 09:00:00+00:00,0,2593.6
2022-06-11 10:00:00+00:00,0,2764.2
2022-06-11 11:00:00+00:00,0,2817
2022-06-11 12:00:00+00:00,0,2626
2022-06-11 13:00:00+00:00,0,2645.3
2022-06-11 14:00:00+00:00,0,2459
2022-06-11 15:00:00+00:00,0,2342.6
2022-06-11 16:00:00+00:00,0,2388.5
2022-06-11 17:00:00+00:00,0,2499.4
2022-06-11 18:00:00+00:00,0,1591.1
2022-06-11 19:00:00+00:00,0,150.6
2022-06-11 20:00:00+00:00,0,210.5
2022-06-11 21:00:00+00:00,0,1091.9
2022-06-11 22:00:00+00:00,0,2790.4
2022-06-11 23:00:00+00:00,0,2639.5
2022-06-12 00:00:00+00:00,0,2384.1
2022-06-12 01:00:00+00:00,0,2267.5
2022-06-12 02:00:00+00:00,0,2189.1
2022-06-12 03:00:00+00:00,0,2178.4
2022-06-12 04:00:00+00:00,0,2088.7
2022-06-12 05:00:00+00:00,0,1808.5
2022-06-12 06:00:00+00:00,0,1746.1
2022-06-12 07:00:00+00:00,0,2488
2022-06-12 08:00:00+00:00,0,3025
2022-06-12 09:00:00+00:00,0,3348.4
2022-06-12 10:00:00+00:00,0,3452.5
2022-06-12 11:00:00+00:00,0,3457.7
2022-06-12 12:00:00+00:00,0,3219.5
2022-06-12 13:00:00+00:00,0,3359
2022-06-12 14:00:00+00:00,0,3359
2022-06-12 15:00:00+00:00,0,3032.5
2022-06-12 16:00:00+00:00,0,2268.9
2022-06-12 17:00:00+00:00,0,2514.7
2022-06-12 18:00:00+00:00,0,2315.4
2022-06-12 19:00:00+00:00,0,846.3
2022-06-12 20:00:00+00:00,0,552.7
2022-06-12 21:00:00+00:00,0,1929.6
2022-06-12 22:00:00+00:00,0,2876
2022-06-12 23:00:00+00:00,0,2619
2022-06-13 00:00:00+00:00,0,2618.9
2022-06-13 01:00:00+00:00,0,2538.4
2022-06-13 02:00:00+00:00,0,2260.1
2022-06-13 03:00:00+00:00,0,1767
2022-06-13 04:00:00+00:00,0,1174.4
2022-06-13 05:00:00+00:00,0,261.9
2022-06-13 06:00:00+00:00,0,563.5
2022-06-13 07:00:00+00:00,0,1448.6
2022-06-13 08:00:00+00:00,0,1734.8
2022-06-13 09:00:00+00:00,0,1889.9
2022-06-13 10:00:00+00:00,0,1867.6
2022-06-13 11:00:00+00:00,0,1896.3
2022-06-13 12:00:00+00:00,0,1921.2
2022-06-13 13:00:00+00:00,0,1971.5
2022-06-13 14:00:00+00:00,0,1955.7
2022-06-13 15:00:00+00:00,0,2036.2
2022-06-13 16:00:00+00:00,0,1926.9
2022-06-13 17:00:00+00:00,0,759.5
2022-06-13 18:00:00+00:00,0,52.3
2022-06-13 19:00:00+00:00,60.3,0
2022-06-13 20:00:00+00:00,0,284.8
2022-06-13 21:00:00+00:00,0,701.7
2022-06-13 22:00:00+00:00,0,1156.2
2022-06-13 23:00:00+00:00,0,1875.2
2022-06-14 00:00:00+00:00,0,1730.7
2022-06-14 01:00:00+00:00,0,1578.2
2022-06-14 02:00:00+00:00,0,1502.5
2022-06-14 03:00:00+00:00,0,1360.5
2022-06-14 04:00:00+00:00,0,898.8
2022-06-14 05:00:00+00:00,29.9,0
2022-06-14 06:00:00+00:00,0,268.4
2022-06-14 07:00:00+00:00,0,1024.3
2022-06-14 08:00:00+00:00,0,1870.5
2022-06-14 09:00:00+00:00,0,2154.6
2022-06-14 10:00:00+00:00,0,2257.6
2022-06-14 11:00:00+00:00,0,2272.1
2022-06-14 12:00:00+00:00,0,2168.3
2022-06-14 13:00:00+00:00,0,2230.2
2022-06-14 14:00:00+00:00,0,2116
2022-06-14 15:00:00+00:00,0,2156.8
2022-06-14 16:00:00+00:00,0,2060.2
2022-06-14 17:00:00+00:00,0,1328.5
2022-06-14 18:00:00+00:00,0,1211.9
2022-06-14 19:00:00+00:00,0,450.5
2022-06-14 20:00:00+00:00,0,1680
2022-06-14 21:00:00+00:00,0,1869
2022-06-14 22:00:00+00:00,0,778.3
2022-06-14 23:00:00+00:00,0,1228.2
2022-06-15 00:00:00+00:00,0,1521.8
2022-06-15 01:00:00+00:00,0,1351.4
2022-06-15 02:00:00+00:00,0,1232
2022-06-15 03:00:00+00:00,0,805.8
2022-06-15 04:00:00+00:00,0,719.3
2022-06-15 05:00:00+00:00,0,422
2022-06-15 06:00:00+00:00,0,1071
2022-06-15 07:00:00+00:00,0,1979.5
2022-06-15 08:00:00+00:00,0,2633.8
2022-06-15 09:00:00+00:00,0,2745.5
2022-06-15 10:00:00+00:00,0,2761
2022-06-15 11:00:00+00:00,0,2825.6
2022-06-15 12:00:00+00:00,0,2740.4
2022-06-15 13:00:00+00:00,0,2950.7
2022-06-15 14:00:00+00:00,0,2828.2
2022-06-15 15:00:00+00:00,0,2829.6
2022-06-15 16:00:00+00:00,0,2725.7
2022-06-15 17:00:00+00:00,0,2399.7
2022-06-15 18:00:00+00:00,0,2068.8
2022-06-15 19:00:00+00:00,0,1724.3
2022-06-15 20:00:00+00:00,0,1701.6
2022-06-15 21:00:00+00:00,0,1568
2022-06-15 22:00:00+00:00,0,1124.1
2022-06-15 23:00:00+00:00,0,1367.7
2022-06-16 00:00:00+00:00,0,2087.4
2022-06-16 01:00:00+00:00,0,2293.6
2022-06-16 02:00:00+00:00,0,2234.3
2022-06-16 03:00:00+00:00,0,1899.2
2022-06-16 04:00:00+00:00,0,1369.7
2022-06-16 05:00:00+00:00,0,694.4
2022-06-16 06:00:00+00:00,0,880.1
2022-06-16 07:00:00+00:00,0,1385.1
2022-06-16 08:00:00+00:00,0,2099.6
2022-06-16 09:00:00+00:00,0,2754.9
2022-06-16 10:00:00+00:00,0,2777.4
2022-06-16 11:00:00+00:00,0,2753.7
2022-06-16 12:00:00+00:00,0,2821.1
2022-06-16 13:00:00+00:00,0,2981.2
2022-06-16 14:00:00+00:00,0,2843.9
2022-06-16 15:00:00+00:00,0,2296.9
2022-06-16 16:00:00+00:00,0,2433.9
2022-06-16 17:00:00+00:00,0,1715.4
2022-06-16 18:00:00+00:00,0,1485.9
2022-06-16 19:00:00+00:00,0,801
2022-06-16 20:00:00+00:00,0,1090.5
2022-06-16 21:00:00+00:00,0,1734.2
2022-06-16 22:00:00+00:00,0,1353.1
2022-06-16 23:00:00+00:00,0,1390.9
2022-06-17 00:00:00+00:00,0,1159.9
2022-06-17 01:00:00+00:00,0,932.4
2022-06-17 02:00:00+00:00,0,772.7
2022-06-17 03:00:00+00:00,0,749.7
2022-06-17 04:00:00+00:00,0,528.5
2022-06-17 05:00:00+00:00,0,413.4
2022-06-17 06:00:00+00:00,0,657.4
2022-06-17 07:00:00+00:00,0,1200.4
2022-06-17 08:00:00+00:00,0,1424.7
2022-06-17 09:00:00+00:00,0,1664.7
2022-06-17 10:00:00+00:00,0,1660.7
2022-06-17 11:00:00+00:00,0,1689.6
2022-06-17 12:00:00+00:00,0,1735.7
2022-06-17 13:00:00+00:00,0,1711.7
2022-06-17 14:00:00+00:00,0,1694.6
2022-06-17 15:00:00+00:00,0,1811.5
2022-06-17 16:00:00+00:00,0,1821.6
2022-06-17 17:00:00+00:00,0,1717.6
2022-06-17 18:00:00+00:00,0,1894.3
2022-06-17 19:00:00+00:00,0,1691.6
2022-06-17 20:00:00+00:00,0,1707.4
2022-06-17 21:00:00+00:00,0,1596.7
2022-06-17 22:00:00+00:00,684.5,0
2022-06-17 23:00:00+00:00,0,305.5
2022-06-18 00:00:00+00:00,0,964
2022-06-18 01:00:00+00:00,0,915.6
2022-06-18 02:00:00+00:00,0,1106
2022-06-18 03:00:00+00:00,0,1430.3
2022-06-18 04:00:00+00:00,0,1378.7
2022-06-18 05:00:00+00:00,0,1477.6
2022-06-18 06:00:00+00:00,0,1550.5
2022-06-18 07:00:00+00:00,0,1808.4
2022-06-18 08:00:00+00:00,0,1941.9
2022-06-18 09:00:00+00:00,0,1900
2022-06-18 10:00:00+00:00,0,2465.4
2022-06-18 11:00:00+00:00,0,3344.1
2022-06-18 12:00:00+00:00,0,3333.3
2022-06-18 13:00:00+00:00,0,3435.2
2022-06-18 14:00:00+00:00,0,3430.6
2022-06-18 15:00:00+00:00,0,3312.6
2022-06-18 16:00:00+00:00,0,3205
2022-06-18 17:00:00+00:00,0,2786.9
2022-06-18 18:00:00+00:00,0,1618.2
2022-06-18 19:00:00+00:00,0,840.6
2022-06-18 20:00:00+00:00,0,570.2
2022-06-18 21:00:00+00:00,0,1589.1
2022-06-18 22:00:00+00:00,0,1167.3
2022-06-18 23:00:00+00:00,0,1573.3
2022-06-19 00:00:00+00:00,0,1988.9
2022-06-19 01:00:00+00:00,0,1826.9
2022-06-19 02:00:00+00:00,0,1986.8
2022-06-19 03:00:00+00:00,0,2448
2022-06-19 04:00:00+00:00,0,2477.1
2022-06-19 05:00:00+00:00,0,1887.7
2022-06-19 06:00:00+00:00,0,2976.4
2022-06-19 07:00:00+00:00,0,3319.1
2022-06-19 08:00:00+00:00,0,3678.7
2022-06-19 09:00:00+00:00,0,3862.8
2022-06-19 10:00:00+00:00,0,3950.2
2022-06-19 11:00:00+00:00,0,3965
2022-06-19 12:00:00+00:00,0,3784.9
2022-06-19 13:00:00+00:00,0,3912.1
2022-06-19 14:00:00+00:00,0,3811.7
2022-06-19 15:00:00+00:00,0,3614.5
2022-06-19 16:00:00+00:00,0,3243
2022-06-19 17:00:00+00:00,0,2080.3
2022-06-19 18:00:00+00:00,0,1778.7
2022-06-19 19:00:00+00:00,0,213.1
2022-06-19 20:00:00+00:00,800.3,0
2022-06-19 21:00:00+00:00,244.4,0
2022-06-19 22:00:00+00:00,0,1043.7
2022-06-19 23:00:00+00:00,0,963
2022-06-20 00:00:00+00:00,0,1184.1
2022-06-20 01:00:00+00:00,0,1081.6
2022-06-20 02:00:00+00:00,0,1051.1
2022-06-20 03:00:00+00:00,0,858.3
2022-06-20 04:00:00+00:00,0,384.6
2022-06-20 05:00:00+00:00,145.1,0
2022-06-20 06:00:00+00:00,0,239.6
2022-06-20 07:00:00+00:00,0,1102.1
2022-06-20 08:00:00+00:00,0,1674.1
2022-06-20 09:00:00+00:00,0,1729.5
2022-06-20 10:00:00+00:00,0,1633.5
2022-06-20 11:00:00+00:00,0,1507
2022-06-20 12:00:00+00:00,0,2359.3
2022-06-20 13:00:00+00:00,0,2890.9
2022-06-20 14:00:00+00:00,0,3243.6
2022-06-20 15:00:00+00:00,0,3252.7
2022-06-20 16:00:00+00:00,0,2909.5
2022-06-20 17:00:00+00:00,0,1489.6
2022-06-20 18:00:00+00:00,0,1738.1
2022-06-20 19:00:00+00:00,0,868
2022-06-20 20:00:00+00:00,0,857.8
2022-06-20 21:00:00+00:00,0,1406.4
2022-06-20 22:00:00+00:00,0,1408.6
2022-06-20 23:00:00+00:00,0,1404.6
2022-06-21 00:00:00+00:00,0,1306.5
2022-06-21 01:00:00+00:00,0,1253.1
2022-06-21 02:00:00+00:00,0,1201.6
2022-06-21 03:00:00+00:00,0,1205.3
2022-06-21 04:00:00+00:00,0,934.5
2022-06-21 05:00:00+00:00,0,259.9
2022-06-21 06:00:00+00:00,0,693.4
2022-06-21 07:00:00+00:00,0,1923.2
2022-06-21 08:00:00+00:00,0,2134.1
2022-06-21 09:00:00+00:00,0,2171.8
2022-06-21 10:00:00+00:00,0,2123.5
2022-06-21 11:00:00+00:00,0,2130.5
2022-06-21 12:00:00+00:00,0,2246.7
2022-06-21 13:00:00+00:00,0,2652
2022-06-21 14:00:00+00:00,0,2910.7
2022-06-21 15:00:00+00:00,0,2607.6
2022-06-21 16:00:00+00:00,0,2304.4
2022-06-21 17:00:00+00:00,0,1823.2
2022-06-21 18:00:00+00:00,0,1977.9
2022-06-21 19:00:00+00:00,0,1228.7
2022-06-21 20:00:00+00:00,0,1332.3
2022-06-21 21:00:00+00:00,0,1968.6
2022-06-21 22:00:00+00:00,0,1856.2
2022-06-21 23:00:00+00:00,0,1650.1
2022-06-22 00:00:00+00:00,0,1492.6
2022-06-22 01:00:00+00:00,0,1380.9
2022-06-22 02:00:00+00:00,0,1278.2
2022-06-22 03:00:00+00:00,0,1181.2
2022-06-22 04:00:00+00:00,0,887.1
2022-06-22 05:00:00+00:00,0,851.6
2022-06-22 06:00:00+00:00,0,1396.9
2022-06-22 07:00:00+00:00,0,2043.4
2022-06-22 08:00:00+00:00,0,2324.4
2022-06-22 09:00:00+00:00,0,2350.4
2022-06-22 10:00:00+00:00,0,2319.9
2022-06-22 11:00:00+00:00,0,2348.2
2022-06-22 12:00:00+00:00,0,2338.8
2022-06-22 13:00:00+00:00,0,2376.2
2022-06-22 14:00:00+00:00,0,2468.9
2022-06-22 15:00:00+00:00,0,2529.7
2022-06-22 16:00:00+00:00,0,2251.5
2022-06-22 17:00:00+00:00,0,2056.4
2022-06-22 18:00:00+00:00,0,1740.5
2022-06-22 19:00:00+00:00,0,857
2022-06-22 20:00:00+00:00,0,994.3
2022-06-22 21:00:00+00:00,0,1623.8
2022-06-22 22:00:00+00:00,0,953.3
2022-06-22 23:00:00+00:00,0,1901.4
2022-06-23 00:00:00+00:00,0,1791.4
2022-06-23 01:00:00+00:00,0,1619.6
2022-06-23 02:00:00+00:00,0,1550.7
2022-06-23 03:00:00+00:00,0,1461.8
2022-06-23 04:00:00+00:00,0,1165.7
2022-06-23 05:00:00+00:00,0,975.6
2022-06-23 06:00:00+00:00,0,1257.4
2022-06-23 07:00:00+00:00,0,2134.7
2022-06-23 08:00:00+00:00,0,2406.1
2022-06-23 09:00:00+00:00,0,2450.2
2022-06-23 10:00:00+00:00,0,2411.4
2022-06-23 11:00:00+00:00,0,2400.5
2022-06-23 12:00:00+00:00,0,2588.6
2022-06-23 13:00:00+00:00,0,2769.7
2022-06-23 14:00:00+00:00,0,3095
2022-06-23 15:00:00+00:00,0,3128
2022-06-23 16:00:00+00:00,0,2967.5
2022-06-23 17:00:00+00:00,0,1916.6
2022-06-23 18:00:00+00:00,0,1533.5
2022-06-23 19:00:00+00:00,0,1458.7
2022-06-23 20:00:00+00:00,0,1017.3
2022-06-23 21:00:00+00:00,0,1673.7
2022-06-23 22:00:00+00:00,0,736.2
2022-06-23 23:00:00+00:00,0,1366.9
2022-06-24 00:00:00+00:00,0,1256.4
2022-06-24 01:00:00+00:00,0,1194.2
2022-06-24 02:00:00+00:00,0,1096.1
2022-06-24 03:00:00+00:00,0,1129
2022-06-24 04:00:00+00:00,0,878.8
2022-06-24 05:00:00+00:00,0,869
2022-06-24 06:00:00+00:00,0,1254.8
2022-06-24 07:00:00+00:00,0,1863.8
2022-06-24 08:00:00+00:00,0,1935.9
2022-06-24 09:00:00+00:00,0,1976.3
2022-06-24 10:00:00+00:00,0,2028.9
2022-06-24 11:00:00+00:00,0,1995.4
2022-06-24 12:00:00+00:00,0,2348.3
2022-06-24 13:00:00+00:00,0,2545.1
2022-06-24 14:00:00+00:00,0,2450.5
2022-06-24 15:00:00+00:00,0,2125.1
2022-06-24 16:00:00+00:00,0,1741.5
2022-06-24 17:00:00+00:00,0,1535.4
2022-06-24 18:00:00+00:00,0,1273.5
2022-06-24 19:00:00+00:00,398.3,0
2022-06-24 20:00:00+00:00,298.6,0
2022-06-24 21:00:00+00:00,249.2,0
2022-06-24 22:00:00+00:00,230.8,0
2022-06-24 23:00:00+00:00,0,36.9
2022-06-25 00:00:00+00:00,0,300.8
2022-06-25 01:00:00+00:00,0,101.3
2022-06-25 02:00:00+00:00,0,281.2
2022-06-25 03:00:00+00:00,0,513
2022-06-25 04:00:00+00:00,0,570.1
2022-06-25 05:00:00+00:00,0,476.7
2022-06-25 06:00:00+00:00,0,1063.9
2022-06-25 07:00:00+00:00,0,1423.6
2022-06-25 08:00:00+00:00,0,1602.2
2022-06-25 09:00:00+00:00,0,1671.9
2022-06-25 10:00:00+00:00,0,1670.2
2022-06-25 11:00:00+00:00,0,1978.6
2022-06-25 12:00:00+00:00,0,2850.7
2022-06-25 13:00:00+00:00,0,2992.4
2022-06-25 14:00:00+00:00,0,2974.8
2022-06-25 15:00:00+00:00,0,2739.1
2022-06-25 16:00:00+00:00,0,2590.9
2022-06-25 17:00:00+00:00,0,2221.5
2022-06-25 18:00:00+00:00,0,659
2022-06-25 19:00:00+00:00,0,21.4
2022-06-25 20:00:00+00:00,412.6,0
2022-06-25 21:00:00+00:00,0,392.2
2022-06-25 22:00:00+00:00,0,15.8
2022-06-25 23:00:00+00:00,0,153.5
2022-06-26 00:00:00+00:00,0,120.5
2022-06-26 01:00:00+00:00,0,67.6
2022-06-26 02:00:00+00:00,220.5,0
2022-06-26 03:00:00+00:00,376.9,0
2022-06-26 04:00:00+00:00,524.9,0
2022-06-26 05:00:00+00:00,314.5,0
2022-06-26 06:00:00+00:00,0,63.4
2022-06-26 07:00:00+00:00,0,857.1
2022-06-26 08:00:00+00:00,0,1270.3
2022-06-26 09:00:00+00:00,0,1711.9
2022-06-26 10:00:00+00:00,0,1679.8
2022-06-26 11:00:00+00:00,0,1787
2022-06-26 12:00:00+00:00,0,1642
2022-06-26 13:00:00+00:00,0,1843.2
2022-06-26 14:00:00+00:00,0,2001.5
2022-06-26 15:00:00+00:00,0,2117.7
2022-06-26 16:00:00+00:00,0,1720.8
2022-06-26 17:00:00+00:00,0,1207.1
2022-06-26 18:00:00+00:00,0,466.1
2022-06-26 19:00:00+00:00,663.7,0
2022-06-26 20:00:00+00:00,795.7,0
2022-06-26 21:00:00+00:00,157.6,0
2022-06-26 22:00:00+00:00,149.9,0
2022-06-26 23:00:00+00:00,0,408.7
2022-06-27 00:00:00+00:00,0,343.9
2022-06-27 01:00:00+00:00,0,335.9
2022-06-27 02:00:00+00:00,0,304.7
2022-06-27 03:00:00+00:00,0,179
2022-06-27 04:00:00+00:00,503.4,0
2022-06-27 05:00:00+00:00,600,0
2022-06-27 06:00:00+00:00,305.5,0
2022-06-27 07:00:00+00:00,0,778.6
2022-06-27 08:00:00+00:00,0,1256.5
2022-06-27 09:00:00+00:00,0,1256.7
2022-06-27 10:00:00+00:00,0,1269
2022-06-27 11:00:00+00:00,0,1349.7
2022-06-27 12:00:00+00:00,0,1619.6
2022-06-27 13:00:00+00:00,0,2140.6
2022-06-27 14:00:00+00:00,0,2092.3
2022-06-27 15:00:00+00:00,0,2186.6
2022-06-27 16:00:00+00:00,0,1889.9
2022-06-27 17:00:00+00:00,0,1190.1
2022-06-27 18:00:00+00:00,0,670.7
2022-06-27 19:00:00+00:00,522.6,0
2022-06-27 20:00:00+00:00,368.5,0
2022-06-27 21:00:00+00:00,0,195.7
2022-06-27 22:00:00+00:00,0,1124.4
2022-06-27 23:00:00+00:00,0,1334.7
2022-06-28 00:00:00+00:00,0,1376.8
2022-06-28 01:00:00+00:00,0,1164.8
2022-06-28 02:00:00+00:00,0,876.8
2022-06-28 03:00:00+00:00,0,680.5
2022-06-28 04:00:00+00:00,0,263.7
2022-06-28 05:00:00+00:00,334.6,0
2022-06-28 06:00:00+00:00,0,224.8
2022-06-28 07:00:00+00:00,0,1714.9
2022-06-28 08:00:00+00:00,0,2093.6
2022-06-28 09:00:00+00:00,0,2320.1
2022-06-28 10:00:00+00:00,0,2301.2
2022-06-28 11:00:00+00:00,0,2298.3
2022-06-28 12:00:00+00:00,0,2176.7
2022-06-28 13:00:00+00:00,0,2416.7
2022-06-28 14:00:00+00:00,0,2324.7
2022-06-28 15:00:00+00:00,0,2114.3
2022-06-28 16:00:00+00:00,0,1718.5
2022-06-28 17:00:00+00:00,0,1135.2
2022-06-28 18:00:00+00:00,0,177.8
2022-06-28 19:00:00+00:00,284,0
2022-06-28 20:00:00+00:00,123.3,0
2022-06-28 21:00:00+00:00,0,364.7
2022-06-28 22:00:00+00:00,1228.3,0
2022-06-28 23:00:00+00:00,588.7,0
2022-06-29 00:00:00+00:00,535.4,0
2022-06-29 01:00:00+00:00,690.6,0
2022-06-29 02:00:00+00:00,752.7,0
2022-06-29 03:00:00+00:00,843.2,0
2022-06-29 04:00:00+00:00,1831.4,0
2022-06-29 05:00:00+00:00,2000,0
2022-06-29 06:00:00+00:00,1464.8,0
2022-06-29 07:00:00+00:00,0,222.6
2022-06-29 08:00:00+00:00,0,1192.2
2022-06-29 09:00:00+00:00,0,1206.4
2022-06-29 10:00:00+00:00,0,1310.8
2022-06-29 11:00:00+00:00,0,1500
2022-06-29 12:00:00+00:00,0,1500
2022-06-29 13:00:00+00:00,0,1500
2022-06-29 14:00:00+00:00,0,1500
2022-06-29 15:00:00+00:00,0,1500
2022-06-29 16:00:00+00:00,0,1500
2022-06-29 17:00:00+00:00,0,1118.6
2022-06-29 18:00:00+00:00,0,588.6
2022-06-29 19:00:00+00:00,95.9,0
2022-06-29 20:00:00+00:00,73.7,0
2022-06-29 21:00:00+00:00,0,438.2
2022-06-29 22:00:00+00:00,354.4,0
2022-06-29 23:00:00+00:00,304.7,0
2022-06-30 00:00:00+00:00,171.2,0
2022-06-30 01:00:00+00:00,198.8,0
2022-06-30 02:00:00+00:00,344.9,0
2022-06-30 03:00:00+00:00,505,0
2022-06-30 04:00:00+00:00,979.3,0
2022-06-30 05:00:00+00:00,1507.3,0
2022-06-30 06:00:00+00:00,842.5,0
2022-06-30 07:00:00+00:00,0,403.8
2022-06-30 08:00:00+00:00,0,1153.2
2022-06-30 09:00:00+00:00,0,1515.7
2022-06-30 10:00:00+00:00,0,1671.3
2022-06-30 11:00:00+00:00,0,1712
2022-06-30 12:00:00+00:00,0,2065.1
2022-06-30 13:00:00+00:00,0,2014.8
2022-06-30 14:00:00+00:00,0,1890.8
2022-06-30 15:00:00+00:00,0,1814.2
2022-06-30 16:00:00+00:00,0,1733.6
2022-06-30 17:00:00+00:00,0,1531.4
2022-06-30 18:00:00+00:00,0,798.8
2022-06-30 19:00:00+00:00,372,0
2022-06-30 20:00:00+00:00,720.9,0
2022-06-30 21:00:00+00:00,0,54.5
2022-06-30 22:00:00+00:00,540.9,0
2022-06-30 23:00:00+00:00,0,62.7
2022-07-01 00:00:00+00:00,0,179.4
2022-07-01 01:00:00+00:00,0,132.9
2022-07-01 02:00:00+00:00,0,41.4
2022-07-01 03:00:00+00:00,234,0
2022-07-01 04:00:00+00:00,848.1,0
2022-07-01 05:00:00+00:00,1349.9,0
2022-07-01 06:00:00+00:00,789.7,0
2022-07-01 07:00:00+00:00,0,600.6
2022-07-01 08:00:00+00:00,0,684.7
2022-07-01 09:00:00+00:00,0,827.1
2022-07-01 10:00:00+00:00,0,877.9
2022-07-01 11:00:00+00:00,0,865.5
2022-07-01 12:00:00+00:00,0,1390.7
2022-07-01 13:00:00+00:00,0,1795.3
2022-07-01 14:00:00+00:00,0,2271.6
2022-07-01 15:00:00+00:00,0,2196.4
2022-07-01 16:00:00+00:00,0,2173
2022-07-01 17:00:00+00:00,0,1812.5
2022-07-01 18:00:00+00:00,0,802.3
2022-07-01 19:00:00+00:00,218.6,0
2022-07-01 20:00:00+00:00,67,0
2022-07-01 21:00:00+00:00,0,459
2022-07-01 22:00:00+00:00,0,383
2022-07-01 23:00:00+00:00,0,570
2022-07-02 00:00:00+00:00,0,804.5
2022-07-02 01:00:00+00:00,0,896.4
2022-07-02 02:00:00+00:00,0,811
2022-07-02 03:00:00+00:00,0,734.3
2022-07-02 04:00:00+00:00,0,325
2022-07-02 05:00:00+00:00,0,596.6
2022-07-02 06:00:00+00:00,0,1211.9
2022-07-02 07:00:00+00:00,0,1912.6
2022-07-02 08:00:00+00:00,0,2202.8
2022-07-02 09:00:00+00:00,0,2377.2
2022-07-02 10:00:00+00:00,0,2428.6
2022-07-02 11:00:00+00:00,0,2480
2022-07-02 12:00:00+00:00,0,2345.7
2022-07-02 13:00:00+00:00,0,2429.9
2022-07-02 14:00:00+00:00,0,2574.3
2022-07-02 15:00:00+00:00,0,2246.5
2022-07-02 16:00:00+00:00,0,2255.1
2022-07-02 17:00:00+00:00,0,2360
2022-07-02 18:00:00+00:00,0,1491
2022-07-02 19:00:00+00:00,0,401.3
2022-07-02 20:00:00+00:00,0,50.4
2022-07-02 21:00:00+00:00,0,744.6
2022-07-02 22:00:00+00:00,0,810
2022-07-02 23:00:00+00:00,0,1042.2
2022-07-03 00:00:00+00:00,0,1492.6
2022-07-03 01:00:00+00:00,0,1511.3
2022-07-03 02:00:00+00:00,0,1305
2022-07-03 03:00:00+00:00,0,1275.6
2022-07-03 04:00:00+00:00,0,1305
2022-07-03 05:00:00+00:00,0,300
2022-07-03 06:00:00+00:00,0,300
2022-07-03 07:00:00+00:00,0,300
2022-07-03 08:00:00+00:00,0,300
2022-07-03 09:00:00+00:00,0,300
2022-07-03 10:00:00+00:00,0,2389
2022-07-03 11:00:00+00:00,0,2411.1
2022-07-03 12:00:00+00:00,0,2394.1
2022-07-03 13:00:00+00:00,0,2197.1
2022-07-03 14:00:00+00:00,0,2598
2022-07-03 15:00:00+00:00,0,2568.1
2022-07-03 16:00:00+00:00,0,2200
2022-07-03 17:00:00+00:00,0,2281.3
2022-07-03 18:00:00+00:00,0,1318.6
2022-07-03 19:00:00+00:00,260.4,0
2022-07-03 20:00:00+00:00,362.2,0
2022-07-03 21:00:00+00:00,0,57
2022-07-03 22:00:00+00:00,0,1855.2
2022-07-03 23:00:00+00:00,0,1969.3
2022-07-04 00:00:00+00:00,0,2312.1
2022-07-04 01:00:00+00:00,0,2232.5
2022-07-04 02:00:00+00:00,0,2075.7
2022-07-04 03:00:00+00:00,0,1886.3
2022-07-04 04:00:00+00:00,0,1244.7
2022-07-04 05:00:00+00:00,0,195.5
2022-07-04 06:00:00+00:00,0,535.6
2022-07-04 07:00:00+00:00,0,2122.2
2022-07-04 08:00:00+00:00,0,2290.5
2022-07-04 09:00:00+00:00,0,2754.7
2022-07-04 10:00:00+00:00,0,2761.4
2022-07-04 11:00:00+00:00,0,2615.5
2022-07-04 12:00:00+00:00,0,2596.4
2022-07-04 13:00:00+00:00,0,2762.7
2022-07-04 14:00:00+00:00,0,2781.3
2022-07-04 15:00:00+00:00,0,2753.8
2022-07-04 16:00:00+00:00,0,2674.5
2022-07-04 17:00:00+00:00,0,2635.1
2022-07-04 18:00:00+00:00,0,2173.4
2022-07-04 19:00:00+00:00,0,1561.7
2022-07-04 20:00:00+00:00,0,1603.8
2022-07-04 21:00:00+00:00,0,2052.8
2022-07-04 22:00:00+00:00,0,1687.4
2022-07-04 23:00:00+00:00,0,1405
2022-07-05 00:00:00+00:00,0,1515
2022-07-05 01:00:00+00:00,0,1595
2022-07-05 02:00:00+00:00,0,1443.6
2022-07-05 03:00:00+00:00,0,965
2022-07-05 04:00:00+00:00,0,716.7
2022-07-05 05:00:00+00:00,0,537.2
2022-07-05 06:00:00+00:00,0,1005.5
2022-07-05 07:00:00+00:00,0,1749.4
2022-07-05 08:00:00+00:00,0,2126
2022-07-05 09:00:00+00:00,0,2278
2022-07-05 10:00:00+00:00,0,2415.8
2022-07-05 11:00:00+00:00,0,2445
2022-07-05 12:00:00+00:00,0,2368.6
2022-07-05 13:00:00+00:00,0,2435.8
2022-07-05 14:00:00+00:00,0,2376.3
2022-07-05 15:00:00+00:00,0,2383
2022-07-05 16:00:00+00:00,0,2374.8
2022-07-05 17:00:00+00:00,0,2452.8
2022-07-05 18:00:00+00:00,0,2157.2
2022-07-05 19:00:00+00:00,0,1514.4
2022-07-05 20:00:00+00:00,0,1595.5
2022-07-05 21:00:00+00:00,0,1695.6
2022-07-05 22:00:00+00:00,0,1150.8
2022-07-05 23:00:00+00:00,0,987
2022-07-06 00:00:00+00:00,0,1115
2022-07-06 01:00:00+00:00,0,1001.3
2022-07-06 02:00:00+00:00,0,951
2022-07-06 03:00:00+00:00,0,502.1
2022-07-06 04:00:00+00:00,0,285
2022-07-06 05:00:00+00:00,462.6,0
2022-07-06 06:00:00+00:00,0,22.5
2022-07-06 07:00:00+00:00,0,1421.8
2022-07-06 08:00:00+00:00,0,1762.6
2022-07-06 09:00:00+00:00,0,1974.4
2022-07-06 10:00:00+00:00,0,2245.5
2022-07-06 11:00:00+00:00,0,2337.1
2022-07-06 12:00:00+00:00,0,2421.5
2022-07-06 13:00:00+00:00,0,2717
2022-07-06 14:00:00+00:00,0,2780.1
2022-07-06 15:00:00+00:00,0,2786
2022-07-06 16:00:00+00:00,0,2516.6
2022-07-06 17:00:00+00:00,0,2493.6
2022-07-06 18:00:00+00:00,0,1366.1
2022-07-06 19:00:00+00:00,0.7,0
2022-07-06 20:00:00+00:00,0,173
2022-07-06 21:00:00+00:00,0,930.8
2022-07-06 22:00:00+00:00,0,651.3
2022-07-06 23:00:00+00:00,0,737.8
2022-07-07 00:00:00+00:00,0,769.7
2022-07-07 01:00:00+00:00,0,722.2
2022-07-07 02:00:00+00:00,0,774.7
2022-07-07 03:00:00+00:00,0,446.4
2022-07-07 04:00:00+00:00,0,52.6
2022-07-07 05:00:00+00:00,188.3,0
2022-07-07 06:00:00+00:00,0,457.8
2022-07-07 07:00:00+00:00,0,2183.4
2022-07-07 08:00:00+00:00,0,2350.4
2022-07-07 09:00:00+00:00,0,2826.1
2022-07-07 10:00:00+00:00,0,2587.1
2022-07-07 11:00:00+00:00,0,2699.3
2022-07-07 12:00:00+00:00,0,2941.6
2022-07-07 13:00:00+00:00,0,3400
2022-07-07 14:00:00+00:00,0,3400
2022-07-07 15:00:00+00:00,0,3400
2022-07-07 16:00:00+00:00,0,3400
2022-07-07 17:00:00+00:00,0,3158.7
2022-07-07 18:00:00+00:00,0,2683
2022-07-07 19:00:00+00:00,0,1037.6
2022-07-07 20:00:00+00:00,0,813.9
2022-07-07 21:00:00+00:00,0,1890
2022-07-07 22:00:00+00:00,0,288.7
2022-07-07 23:00:00+00:00,0,550.9
2022-07-08 00:00:00+00:00,0,320.6
2022-07-08 01:00:00+00:00,0,99.3
2022-07-08 02:00:00+00:00,17.1,0
2022-07-08 03:00:00+00:00,198.7,0
2022-07-08 04:00:00+00:00,415.4,0
2022-07-08 05:00:00+00:00,1402.3,0
2022-07-08 06:00:00+00:00,1087.2,0
2022-07-08 07:00:00+00:00,0,683.1
2022-07-08 08:00:00+00:00,0,1246.7
2022-07-08 09:00:00+00:00,0,1638.6
2022-07-08 10:00:00+00:00,0,1589.7
2022-07-08 11:00:00+00:00,0,1325.4
2022-07-08 12:00:00+00:00,0,2214.1
2022-07-08 13:00:00+00:00,0,2562.2
2022-07-08 14:00:00+00:00,0,2621.6
2022-07-08 15:00:00+00:00,0,2690.5
2022-07-08 16:00:00+00:00,0,2590.7
2022-07-08 17:00:00+00:00,0,2584
2022-07-08 18:00:00+00:00,0,1227.4
2022-07-08 19:00:00+00:00,0,368.8
2022-07-08 20:00:00+00:00,0,340.3
2022-07-08 21:00:00+00:00,0,854.7
2022-07-08 22:00:00+00:00,0,1650
2022-07-08 23:00:00+00:00,0,1909.7
2022-07-09 00:00:00+00:00,0,1692.1
2022-07-09 01:00:00+00:00,0,1420.7
2022-07-09 02:00:00+00:00,0,945.7
2022-07-09 03:00:00+00:00,0,354.9
2022-07-09 04:00:00+00:00,420.5,0
2022-07-09 05:00:00+00:00,0,558.5
2022-07-09 06:00:00+00:00,0,1139.3
2022-07-09 07:00:00+00:00,0,1614.9
2022-07-09 08:00:00+00:00,0,1971.5
2022-07-09 09:00:00+00:00,0,2268.1
2022-07-09 10:00:00+00:00,0,2464.4
2022-07-09 11:00:00+00:00,0,2638.5
2022-07-09 12:00:00+00:00,0,2581.6
2022-07-09 13:00:00+00:00,0,2525.3
2022-07-09 14:00:00+00:00,0,2626.7
2022-07-09 15:00:00+00:00,0,2462.1
2022-07-09 16:00:00+00:00,0,2225.3
2022-07-09 17:00:00+00:00,0,2269
2022-07-09 18:00:00+00:00,0,1331.2
2022-07-09 19:00:00+00:00,0,272.5
2022-07-09 20:00:00+00:00,0,228
2022-07-09 21:00:00+00:00,0,1178.7
2022-07-09 22:00:00+00:00,0,1878.6
2022-07-09 23:00:00+00:00,0,2069.1
2022-07-10 00:00:00+00:00,0,1933
2022-07-10 01:00:00+00:00,0,1843.7
2022-07-10 02:00:00+00:00,0,1336.9
2022-07-10 03:00:00+00:00,0,1063.3
2022-07-10 04:00:00+00:00,0,963.2
2022-07-10 05:00:00+00:00,0,1308.9
2022-07-10 06:00:00+00:00,0,1668.5
2022-07-10 07:00:00+00:00,0,2814.2
2022-07-10 08:00:00+00:00,0,3722.3
2022-07-10 09:00:00+00:00,0,3655.9
2022-07-10 10:00:00+00:00,0,3404
2022-07-10 11:00:00+00:00,0,2909.2
2022-07-10 12:00:00+00:00,0,2713.3
2022-07-10 13:00:00+00:00,0,2995.6
2022-07-10 14:00:00+00:00,0,3421.9
2022-07-10 15:00:00+00:00,0,3485.7
2022-07-10 16:00:00+00:00,0,3052.9
2022-07-10 17:00:00+00:00,0,2372.5
2022-07-10 18:00:00+00:00,0,1809.9
2022-07-10 19:00:00+00:00,0,657.1
2022-07-10 20:00:00+00:00,0,415.9
2022-07-10 21:00:00+00:00,0,1356.6
2022-07-10 22:00:00+00:00,0,1211.2
2022-07-10 23:00:00+00:00,0,1848.1
2022-07-11 00:00:00+00:00,0,1861.8
2022-07-11 01:00:00+00:00,0,1758.9
2022-07-11 02:00:00+00:00,0,1697.2
2022-07-11 03:00:00+00:00,0,1567.7
2022-07-11 04:00:00+00:00,0,1087.8
2022-07-11 05:00:00+00:00,20,0
2022-07-11 06:00:00+00:00,0,466.8
2022-07-11 07:00:00+00:00,0,2198.6
2022-07-11 08:00:00+00:00,0,2706
2022-07-11 09:00:00+00:00,0,2929.3
2022-07-11 10:00:00+00:00,0,2918
2022-07-11 11:00:00+00:00,0,2845.5
2022-07-11 12:00:00+00:00,0,2653.2
2022-07-11 13:00:00+00:00,0,2565.8
2022-07-11 14:00:00+00:00,0,2565.3
2022-07-11 15:00:00+00:00,0,2440.6
2022-07-11 16:00:00+00:00,0,2548.2
2022-07-11 17:00:00+00:00,0,2460.6
2022-07-11 18:00:00+00:00,0,1440.7
2022-07-11 19:00:00+00:00,0,509.5
2022-07-11 20:00:00+00:00,0,843.5
2022-07-11 21:00:00+00:00,0,1687.8
2022-07-11 22:00:00+00:00,0,1345.7
2022-07-11 23:00:00+00:00,0,1090.4
2022-07-12 00:00:00+00:00,0,868.6
2022-07-12 01:00:00+00:00,0,630.3
2022-07-12 02:00:00+00:00,0,630.2
2022-07-12 03:00:00+00:00,0,389.2
2022-07-12 04:00:00+00:00,0,99.1
2022-07-12 05:00:00+00:00,0,72.8
2022-07-12 06:00:00+00:00,0,623.6
2022-07-12 07:00:00+00:00,0,1520.5
2022-07-12 08:00:00+00:00,0,2089.4
2022-07-12 09:00:00+00:00,0,2291.3
2022-07-12 10:00:00+00:00,0,2396.9
2022-07-12 11:00:00+00:00,0,2394.2
2022-07-12 12:00:00+00:00,0,2532.1
2022-07-12 13:00:00+00:00,0,2784.6
2022-07-12 14:00:00+00:00,0,3012
2022-07-12 15:00:00+00:00,0,3017.7
2022-07-12 16:00:00+00:00,0,2661.7
2022-07-12 17:00:00+00:00,0,2149.8
2022-07-12 18:00:00+00:00,0,801.2
2022-07-12 19:00:00+00:00,0,310
2022-07-12 20:00:00+00:00,0,402.7
2022-07-12 21:00:00+00:00,0,1526.9
2022-07-12 22:00:00+00:00,0,1651.8
2022-07-12 23:00:00+00:00,0,1771.7
2022-07-13 00:00:00+00:00,0,1571
2022-07-13 01:00:00+00:00,0,1328.7
2022-07-13 02:00:00+00:00,0,1202.6
2022-07-13 03:00:00+00:00,0,1162.2
2022-07-13 04:00:00+00:00,0,1076.6
2022-07-13 05:00:00+00:00,0,830.6
2022-07-13 06:00:00+00:00,0,1499.2
2022-07-13 07:00:00+00:00,0,2241.2
2022-07-13 08:00:00+00:00,0,2817.4
2022-07-13 09:00:00+00:00,0,2927.7
2022-07-13 10:00:00+00:00,0,3035.4
2022-07-13 11:00:00+00:00,0,2853.9
2022-07-13 12:00:00+00:00,0,2699.2
2022-07-13 13:00:00+00:00,0,2837.1
2022-07-13 14:00:00+00:00,0,2993.2
2022-07-13 15:00:00+00:00,0,3012.9
2022-07-13 16:00:00+00:00,0,2842.9
2022-07-13 17:00:00+00:00,0,2877.1
2022-07-13 18:00:00+00:00,0,2156
2022-07-13 19:00:00+00:00,0,1655.7
2022-07-13 20:00:00+00:00,0,1689.5
2022-07-13 21:00:00+00:00,0,2382.3
2022-07-13 22:00:00+00:00,0,710
2022-07-13 23:00:00+00:00,0,650.2
2022-07-14 00:00:00+00:00,0,1073.9
2022-07-14 01:00:00+00:00,0,826.2
2022-07-14 02:00:00+00:00,0,675.3
2022-07-14 03:00:00+00:00,0,553.4
2022-07-14 04:00:00+00:00,0,173.8
2022-07-14 05:00:00+00:00,497.6,0
2022-07-14 06:00:00+00:00,0,277.8
2022-07-14 07:00:00+00:00,0,1842.9
2022-07-14 08:00:00+00:00,0,2605.3
2022-07-14 09:00:00+00:00,0,2475
2022-07-14 10:00:00+00:00,0,2475
2022-07-14 11:00:00+00:00,0,2475
2022-07-14 12:00:00+00:00,0,2475
2022-07-14 13:00:00+00:00,0,2250
2022-07-14 14:00:00+00:00,0,2250
2022-07-14 15:00:00+00:00,0,2250
2022-07-14 16:00:00+00:00,0,2250
2022-07-14 17:00:00+00:00,0,2340
2022-07-14 18:00:00+00:00,0,2340
2022-07-14 19:00:00+00:00,0,2340
2022-07-14 20:00:00+00:00,0,2340
2022-07-14 21:00:00+00:00,0,2340
2022-07-14 22:00:00+00:00,0,2046.3
2022-07-14 23:00:00+00:00,0,2076.5
2022-07-15 00:00:00+00:00,0,1816
2022-07-15 01:00:00+00:00,0,1949.7
2022-07-15 02:00:00+00:00,0,1675.6
2022-07-15 03:00:00+00:00,0,1442
2022-07-15 04:00:00+00:00,0,1144.8
2022-07-15 05:00:00+00:00,0,488.2
2022-07-15 06:00:00+00:00,0,1043.5
2022-07-15 07:00:00+00:00,0,2079.9
2022-07-15 08:00:00+00:00,0,2751.6
2022-07-15 09:00:00+00:00,0,2700
2022-07-15 10:00:00+00:00,0,2689.7
2022-07-15 11:00:00+00:00,0,2334
2022-07-15 12:00:00+00:00,0,2214.6
2022-07-15 13:00:00+00:00,0,2261.6
2022-07-15 14:00:00+00:00,0,2392.9
2022-07-15 15:00:00+00:00,0,2430.6
2022-07-15 16:00:00+00:00,0,2295
2022-07-15 17:00:00+00:00,0,2279.7
2022-07-15 18:00:00+00:00,0,2198.3
2022-07-15 19:00:00+00:00,0,1056
2022-07-15 20:00:00+00:00,0,1549.4
2022-07-15 21:00:00+00:00,0,2295
2022-07-15 22:00:00+00:00,0,2153.2
2022-07-15 23:00:00+00:00,0,2195.1
2022-07-16 00:00:00+00:00,0,2072.1
2022-07-16 01:00:00+00:00,0,2128.6
2022-07-16 02:00:00+00:00,0,2025.5
2022-07-16 03:00:00+00:00,0,1935.8
2022-07-16 04:00:00+00:00,0,2055.7
2022-07-16 05:00:00+00:00,0,2099.6
2022-07-16 06:00:00+00:00,0,2385
2022-07-16 07:00:00+00:00,0,3127.8
2022-07-16 08:00:00+00:00,0,3240
2022-07-16 09:00:00+00:00,0,3015
2022-07-16 10:00:00+00:00,0,3015
2022-07-16 11:00:00+00:00,0,3015
2022-07-16 12:00:00+00:00,0,3015
2022-07-16 13:00:00+00:00,0,2970
2022-07-16 14:00:00+00:00,0,2970
2022-07-16 15:00:00+00:00,0,2970
2022-07-16 16:00:00+00:00,0,2970
2022-07-16 17:00:00+00:00,0,2700
2022-07-16 18:00:00+00:00,0,2205.5
2022-07-16 19:00:00+00:00,0,1293.4
2022-07-16 20:00:00+00:00,0,1274.8
2022-07-16 21:00:00+00:00,0,2095.5
2022-07-16 22:00:00+00:00,0,2415.3
2022-07-16 23:00:00+00:00,0,2520
2022-07-17 00:00:00+00:00,0,2299.2
2022-07-17 01:00:00+00:00,0,2118
2022-07-17 02:00:00+00:00,0,1875
2022-07-17 03:00:00+00:00,0,1774.1
2022-07-17 04:00:00+00:00,0,1656.3
2022-07-17 05:00:00+00:00,0,1664.3
2022-07-17 06:00:00+00:00,0,2389.7
2022-07-17 07:00:00+00:00,0,2822.5
2022-07-17 08:00:00+00:00,0,2970
2022-07-17 09:00:00+00:00,0,2925
2022-07-17 10:00:00+00:00,0,2925
2022-07-17 11:00:00+00:00,0,2925
2022-07-17 12:00:00+00:00,0,2829.2
2022-07-17 13:00:00+00:00,0,2808.7
2022-07-17 14:00:00+00:00,0,2970
2022-07-17 15:00:00+00:00,0,2970
2022-07-17 16:00:00+00:00,0,2970
2022-07-17 17:00:00+00:00,0,2259.2
2022-07-17 18:00:00+00:00,0,1944.9
2022-07-17 19:00:00+00:00,0,830
2022-07-17 20:00:00+00:00,0,1021.9
2022-07-17 21:00:00+00:00,0,1555.9
2022-07-17 22:00:00+00:00,0,1621
2022-07-17 23:00:00+00:00,0,1936.6
2022-07-18 00:00:00+00:00,0,1528.3
2022-07-18 01:00:00+00:00,0,1429.3
2022-07-18 02:00:00+00:00,0,1296.7
2022-07-18 03:00:00+00:00,0,1196.3
2022-07-18 04:00:00+00:00,0,1055.3
2022-07-18 05:00:00+00:00,0,44.3
2022-07-18 06:00:00+00:00,0,369.2
2022-07-18 07:00:00+00:00,0,1363.3
2022-07-18 08:00:00+00:00,0,1923.4
2022-07-18 09:00:00+00:00,0,1986.3
2022-07-18 10:00:00+00:00,0,1830.8
2022-07-18 11:00:00+00:00,0,1721.5
2022-07-18 12:00:00+00:00,0,1507.1
2022-07-18 13:00:00+00:00,0,1410
2022-07-18 14:00:00+00:00,0,1658.3
2022-07-18 15:00:00+00:00,0,1724.6
2022-07-18 16:00:00+00:00,0,2343
2022-07-18 17:00:00+00:00,0,2013.1
2022-07-18 18:00:00+00:00,0,1562.8
2022-07-18 19:00:00+00:00,0,1340
2022-07-18 20:00:00+00:00,0,1622.4
2022-07-18 21:00:00+00:00,0,1672.2
2022-07-18 22:00:00+00:00,0,695.3
2022-07-18 23:00:00+00:00,0,599.3
2022-07-19 00:00:00+00:00,0,974.4
2022-07-19 01:00:00+00:00,0,850
2022-07-19 02:00:00+00:00,0,701
2022-07-19 03:00:00+00:00,0,285.1
2022-07-19 04:00:00+00:00,69.7,0
2022-07-19 05:00:00+00:00,284.5,0
2022-07-19 06:00:00+00:00,0,208.8
2022-07-19 07:00:00+00:00,0,937.2
2022-07-19 08:00:00+00:00,0,1289.2
2022-07-19 09:00:00+00:00,0,1301.5
2022-07-19 10:00:00+00:00,0,1404.8
2022-07-19 11:00:00+00:00,0,1267.5
2022-07-19 12:00:00+00:00,0,1436.6
2022-07-19 13:00:00+00:00,0,1970
2022-07-19 14:00:00+00:00,0,2027.3
2022-07-19 15:00:00+00:00,0,1932.3
2022-07-19 16:00:00+00:00,0,1066.6
2022-07-19 17:00:00+00:00,0,967.8
2022-07-19 18:00:00+00:00,0,588.7
2022-07-19 19:00:00+00:00,779.4,0
2022-07-19 20:00:00+00:00,798.3,0
2022-07-19 21:00:00+00:00,263.1,0
2022-07-19 22:00:00+00:00,277.4,0
2022-07-19 23:00:00+00:00,0,566.4
2022-07-20 00:00:00+00:00,0,770.2
2022-07-20 01:00:00+00:00,0,598.8
2022-07-20 02:00:00+00:00,0,559
2022-07-20 03:00:00+00:00,0,299.9
2022-07-20 04:00:00+00:00,258.3,0
2022-07-20 05:00:00+00:00,320.6,0
2022-07-20 06:00:00+00:00,0,629.7
2022-07-20 07:00:00+00:00,0,1532.7
2022-07-20 08:00:00+00:00,0,1796.4
2022-07-20 09:00:00+00:00,0,1949.5
2022-07-20 10:00:00+00:00,0,1623.2
2022-07-20 11:00:00+00:00,0,1253.7
2022-07-20 12:00:00+00:00,0,1447.1
2022-07-20 13:00:00+00:00,0,1603.5
2022-07-20 14:00:00+00:00,0,1954.5
2022-07-20 15:00:00+00:00,0,2168.4
2022-07-20 16:00:00+00:00,0,2150.6
2022-07-20 17:00:00+00:00,0,1889.4
2022-07-20 18:00:00+00:00,0,1491.9
2022-07-20 19:00:00+00:00,0,497.2
2022-07-20 20:00:00+00:00,0,787
2022-07-20 21:00:00+00:00,0,2134.5
2022-07-20 22:00:00+00:00,0,1961.4
2022-07-20 23:00:00+00:00,0,1817
2022-07-21 00:00:00+00:00,0,1712
2022-07-21 01:00:00+00:00,0,1572.6
2022-07-21 02:00:00+00:00,0,1464.7
2022-07-21 03:00:00+00:00,0,1355.4
2022-07-21 04:00:00+00:00,0,1095.6
2022-07-21 05:00:00+00:00,0,587.9
2022-07-21 06:00:00+00:00,0,1081.1
2022-07-21 07:00:00+00:00,0,2153.4
2022-07-21 08:00:00+00:00,0,2538.1
2022-07-21 09:00:00+00:00,0,2700
2022-07-21 10:00:00+00:00,0,2700
2022-07-21 11:00:00+00:00,0,2645.3
2022-07-21 12:00:00+00:00,0,2429.4
2022-07-21 13:00:00+00:00,0,2508.3
2022-07-21 14:00:00+00:00,0,2565
2022-07-21 15:00:00+00:00,0,2565
2022-07-21 16:00:00+00:00,0,2565
2022-07-21 17:00:00+00:00,0,2328.5
2022-07-21 18:00:00+00:00,0,2031.4
2022-07-21 19:00:00+00:00,0,1032.6
2022-07-21 20:00:00+00:00,0,949.5
2022-07-21 21:00:00+00:00,0,1918.2
2022-07-21 22:00:00+00:00,0,1182.9
2022-07-21 23:00:00+00:00,0,1642.8
2022-07-22 00:00:00+00:00,0,1744.2
2022-07-22 01:00:00+00:00,0,1565.2
2022-07-22 02:00:00+00:00,0,1485.6
2022-07-22 03:00:00+00:00,0,1422.7
2022-07-22 04:00:00+00:00,0,587.9
2022-07-22 05:00:00+00:00,61.5,0
2022-07-22 06:00:00+00:00,0,684.3
2022-07-22 07:00:00+00:00,0,1742.3
2022-07-22 08:00:00+00:00,0,1775.7
2022-07-22 09:00:00+00:00,0,2021.9
2022-07-22 10:00:00+00:00,0,1828.7
2022-07-22 11:00:00+00:00,0,1825.6
2022-07-22 12:00:00+00:00,0,2181
2022-07-22 13:00:00+00:00,0,2278
2022-07-22 14:00:00+00:00,0,2307.3
2022-07-22 15:00:00+00:00,0,2340.1
2022-07-22 16:00:00+00:00,0,2653.6
2022-07-22 17:00:00+00:00,0,2162.6
2022-07-22 18:00:00+00:00,0,2072.6
2022-07-22 19:00:00+00:00,0,1550.4
2022-07-22 20:00:00+00:00,0,1469.8
2022-07-22 21:00:00+00:00,0,1958
2022-07-22 22:00:00+00:00,0,728.1
2022-07-22 23:00:00+00:00,0,1163.4
2022-07-23 00:00:00+00:00,0,1235.6
2022-07-23 01:00:00+00:00,0,1485.1
2022-07-23 02:00:00+00:00,0,1471.8
2022-07-23 03:00:00+00:00,0,1288.7
2022-07-23 04:00:00+00:00,0,1389.5
2022-07-23 05:00:00+00:00,0,1211.9
2022-07-23 06:00:00+00:00,0,1561.5
2022-07-23 07:00:00+00:00,0,2472.8
2022-07-23 08:00:00+00:00,0,2520
2022-07-23 09:00:00+00:00,0,2370.9
2022-07-23 10:00:00+00:00,0,2148.3
2022-07-23 11:00:00+00:00,0,1909.3
2022-07-23 12:00:00+00:00,0,1928.3
2022-07-23 13:00:00+00:00,0,2029.3
2022-07-23 14:00:00+00:00,0,2130.8
2022-07-23 15:00:00+00:00,0,2064.1
2022-07-23 16:00:00+00:00,0,1732.4
2022-07-23 17:00:00+00:00,0,978.2
2022-07-23 18:00:00+00:00,0,191.6
2022-07-23 19:00:00+00:00,766.3,0
2022-07-23 20:00:00+00:00,690.3,0
2022-07-23 21:00:00+00:00,67.7,0
2022-07-23 22:00:00+00:00,0,1160.3
2022-07-23 23:00:00+00:00,0,1382.3
2022-07-24 00:00:00+00:00,0,1568.8
2022-07-24 01:00:00+00:00,0,1544.1
2022-07-24 02:00:00+00:00,0,1245.9
2022-07-24 03:00:00+00:00,0,1193.9
2022-07-24 04:00:00+00:00,0,1472.8
2022-07-24 05:00:00+00:00,0,1827.5
2022-07-24 06:00:00+00:00,0,2074.5
2022-07-24 07:00:00+00:00,0,2610
2022-07-24 08:00:00+00:00,0,2610
2022-07-24 09:00:00+00:00,0,2520
2022-07-24 10:00:00+00:00,0,2520
2022-07-24 11:00:00+00:00,0,2520
2022-07-24 12:00:00+00:00,0,2520
2022-07-24 13:00:00+00:00,0,2295
2022-07-24 14:00:00+00:00,0,2295
2022-07-24 15:00:00+00:00,0,2295
2022-07-24 16:00:00+00:00,0,2295
2022-07-24 17:00:00+00:00,0,2101.5
2022-07-24 18:00:00+00:00,0,1731.7
2022-07-24 19:00:00+00:00,0,503
2022-07-24 20:00:00+00:00,211.9,0
2022-07-24 21:00:00+00:00,0,550.6
2022-07-24 22:00:00+00:00,0,206.6
2022-07-24 23:00:00+00:00,0,541.8
2022-07-25 00:00:00+00:00,0,901.4
2022-07-25 01:00:00+00:00,0,857.6
2022-07-25 02:00:00+00:00,0,867
2022-07-25 03:00:00+00:00,0,517.6
2022-07-25 04:00:00+00:00,0,498.3
2022-07-25 05:00:00+00:00,0,340.3
2022-07-25 06:00:00+00:00,0,337.1
2022-07-25 07:00:00+00:00,0,1407
2022-07-25 08:00:00+00:00,0,1528.7
2022-07-25 09:00:00+00:00,0,1906.9
2022-07-25 10:00:00+00:00,0,1923.5
2022-07-25 11:00:00+00:00,0,1679.1
2022-07-25 12:00:00+00:00,0,1847.4
2022-07-25 13:00:00+00:00,0,1950.7
2022-07-25 14:00:00+00:00,0,2216.6
2022-07-25 15:00:00+00:00,0,2538.5
2022-07-25 16:00:00+00:00,0,2648
2022-07-25 17:00:00+00:00,0,1802.4
2022-07-25 18:00:00+00:00,0,1514.6
2022-07-25 19:00:00+00:00,0,824.2
2022-07-25 20:00:00+00:00,0,828.1
2022-07-25 21:00:00+00:00,0,864.6
2022-07-25 22:00:00+00:00,0,1209.2
2022-07-25 23:00:00+00:00,0,1081.7
2022-07-26 00:00:00+00:00,0,1085.9
2022-07-26 01:00:00+00:00,0,1552
2022-07-26 02:00:00+00:00,0,1529.9
2022-07-26 03:00:00+00:00,0,1167.3
2022-07-26 04:00:00+00:00,0,972.2
2022-07-26 05:00:00+00:00,0,1019.9
2022-07-26 06:00:00+00:00,0,1415.8
2022-07-26 07:00:00+00:00,0,2322.6
2022-07-26 08:00:00+00:00,0,2520
2022-07-26 09:00:00+00:00,0,2500.7
2022-07-26 10:00:00+00:00,0,1716.7
2022-07-26 11:00:00+00:00,0,1336.1
2022-07-26 12:00:00+00:00,0,1471.4
2022-07-26 13:00:00+00:00,0,1845.5
2022-07-26 14:00:00+00:00,0,1799
2022-07-26 15:00:00+00:00,0,1735.8
2022-07-26 16:00:00+00:00,0,1776.2
2022-07-26 17:00:00+00:00,0,1750
2022-07-26 18:00:00+00:00,0,1756.3
2022-07-26 19:00:00+00:00,0,913.2
2022-07-26 20:00:00+00:00,0,1072.2
2022-07-26 21:00:00+00:00,0,1677.6
2022-07-26 22:00:00+00:00,0,1466.1
2022-07-26 23:00:00+00:00,0,1374.1
2022-07-27 00:00:00+00:00,0,1408.6
2022-07-27 01:00:00+00:00,0,1609.5
2022-07-27 02:00:00+00:00,0,1315.1
2022-07-27 03:00:00+00:00,0,1211.1
2022-07-27 04:00:00+00:00,0,920.3
2022-07-27 05:00:00+00:00,0,292
2022-07-27 06:00:00+00:00,0,199.2
2022-07-27 07:00:00+00:00,0,1392
2022-07-27 08:00:00+00:00,0,1802.3
2022-07-27 09:00:00+00:00,0,1790.6
2022-07-27 10:00:00+00:00,0,1482.3
2022-07-27 11:00:00+00:00,0,927.7
2022-07-27 12:00:00+00:00,0,1057.4
2022-07-27 13:00:00+00:00,0,952.3
2022-07-27 14:00:00+00:00,0,1025.8
2022-07-27 15:00:00+00:00,0,915.5
2022-07-27 16:00:00+00:00,0,1117.4
2022-07-27 17:00:00+00:00,0,614.6
2022-07-27 18:00:00+00:00,0,17.9
2022-07-27 19:00:00+00:00,613.2,0
2022-07-27 20:00:00+00:00,435.2,0
2022-07-27 21:00:00+00:00,0,316.1
2022-07-27 22:00:00+00:00,1048.6,0
2022-07-27 23:00:00+00:00,1027.1,0
2022-07-28 00:00:00+00:00,931.2,0
2022-07-28 01:00:00+00:00,588.2,0
2022-07-28 02:00:00+00:00,799.7,0
2022-07-28 03:00:00+00:00,1370.7,0
2022-07-28 04:00:00+00:00,1704.4,0
2022-07-28 05:00:00+00:00,1750,0
2022-07-28 06:00:00+00:00,1387.4,0
2022-07-28 07:00:00+00:00,134.4,0
2022-07-28 08:00:00+00:00,0,300.6
2022-07-28 09:00:00+00:00,0,221.7
2022-07-28 10:00:00+00:00,0,5.8
2022-07-28 11:00:00+00:00,134.3,0
2022-07-28 12:00:00+00:00,5.9,0
2022-07-28 13:00:00+00:00,0,210.4
2022-07-28 14:00:00+00:00,0,309.3
2022-07-28 15:00:00+00:00,0,615
2022-07-28 16:00:00+00:00,0,594.7
2022-07-28 17:00:00+00:00,0,60.7
2022-07-28 18:00:00+00:00,975.7,0
2022-07-28 19:00:00+00:00,1605.1,0
2022-07-28 20:00:00+00:00,1453.5,0
2022-07-28 21:00:00+00:00,772.6,0
2022-07-28 22:00:00+00:00,510.7,0
2022-07-28 23:00:00+00:00,16.2,0
2022-07-29 00:00:00+00:00,0,111.4
2022-07-29 01:00:00+00:00,0,76.5
2022-07-29 02:00:00+00:00,0,63.1
2022-07-29 03:00:00+00:00,55.2,0
2022-07-29 04:00:00+00:00,341.4,0
2022-07-29 05:00:00+00:00,599.5,0
2022-07-29 06:00:00+00:00,213.4,0
2022-07-29 07:00:00+00:00,0,1101.1
2022-07-29 08:00:00+00:00,0,1588.3
2022-07-29 09:00:00+00:00,0,1652.4
2022-07-29 10:00:00+00:00,0,1623.4
2022-07-29 11:00:00+00:00,0,1426.9
2022-07-29 12:00:00+00:00,0,1457.4
2022-07-29 13:00:00+00:00,0,1639.6
2022-07-29 14:00:00+00:00,0,1688
2022-07-29 15:00:00+00:00,0,2193.8
2022-07-29 16:00:00+00:00,0,2530.7
2022-07-29 17:00:00+00:00,0,1674.8
2022-07-29 18:00:00+00:00,0,1284.5
2022-07-29 19:00:00+00:00,0,696.1
2022-07-29 20:00:00+00:00,0,813.9
2022-07-29 21:00:00+00:00,0,1172.1
2022-07-29 22:00:00+00:00,0,338.3
2022-07-29 23:00:00+00:00,0,851.9
2022-07-30 00:00:00+00:00,0,854.5
2022-07-30 01:00:00+00:00,0,909.3
2022-07-30 02:00:00+00:00,0,515.2
2022-07-30 03:00:00+00:00,0,713.2
2022-07-30 04:00:00+00:00,0,557
2022-07-30 05:00:00+00:00,0,1025.4
2022-07-30 06:00:00+00:00,0,1230.3
2022-07-30 07:00:00+00:00,0,1878.2
2022-07-30 08:00:00+00:00,0,2317.3
2022-07-30 09:00:00+00:00,0,2699.1
2022-07-30 10:00:00+00:00,0,2712.3
2022-07-30 11:00:00+00:00,0,2511.7
2022-07-30 12:00:00+00:00,0,2373.7
2022-07-30 13:00:00+00:00,0,2497
2022-07-30 14:00:00+00:00,0,2832.5
2022-07-30 15:00:00+00:00,0,3006.9
2022-07-30 16:00:00+00:00,0,2422.9
2022-07-30 17:00:00+00:00,0,2130.1
2022-07-30 18:00:00+00:00,0,1998.3
2022-07-30 19:00:00+00:00,0,1480.6
2022-07-30 20:00:00+00:00,0,1572.7
2022-07-30 21:00:00+00:00,0,1724.5
2022-07-30 22:00:00+00:00,0,2245.9
2022-07-30 23:00:00+00:00,0,1903.8
2022-07-31 00:00:00+00:00,0,1774.7
2022-07-31 01:00:00+00:00,0,1485.7
2022-07-31 02:00:00+00:00,0,1276.5
2022-07-31 03:00:00+00:00,0,1039.8
2022-07-31 04:00:00+00:00,0,810.5
2022-07-31 05:00:00+00:00,0,1246.8
2022-07-31 06:00:00+00:00,0,1866.7
2022-07-31 07:00:00+00:00,0,2425.5
2022-07-31 08:00:00+00:00,0,2905
2022-07-31 09:00:00+00:00,0,2790
2022-07-31 10:00:00+00:00,0,2790
2022-07-31 11:00:00+00:00,0,2790
2022-07-31 12:00:00+00:00,0,2537.7
2022-07-31 13:00:00+00:00,0,2549.7
2022-07-31 14:00:00+00:00,0,2632.5
2022-07-31 15:00:00+00:00,0,2835
2022-07-31 16:00:00+00:00,0,2461.7
2022-07-31 17:00:00+00:00,0,2018.2
2022-07-31 18:00:00+00:00,0,1057.6
2022-07-31 19:00:00+00:00,0,40.6
2022-07-31 20:00:00+00:00,140.2,0
2022-07-31 21:00:00+00:00,0,509.2
2022-07-31 22:00:00+00:00,0,1092
2022-07-31 23:00:00+00:00,0,1285.2
2022-08-01 00:00:00+00:00,0,1246
2022-08-01 01:00:00+00:00,0,1035.6
2022-08-01 02:00:00+00:00,0,705.8
2022-08-01 03:00:00+00:00,0,530.5
2022-08-01 04:00:00+00:00,0,559.5
2022-08-01 05:00:00+00:00,0,779.8
2022-08-01 06:00:00+00:00,0,1248.2
2022-08-01 07:00:00+00:00,0,1800.8
2022-08-01 08:00:00+00:00,0,2295
2022-08-01 09:00:00+00:00,0,2385
2022-08-01 10:00:00+00:00,0,2385
2022-08-01 11:00:00+00:00,0,2332.3
2022-08-01 12:00:00+00:00,0,2313.5
2022-08-01 13:00:00+00:00,0,2366
2022-08-01 14:00:00+00:00,0,2364.8
2022-08-01 15:00:00+00:00,0,2249.4
2022-08-01 16:00:00+00:00,0,2256.3
2022-08-01 17:00:00+00:00,0,2026.6
2022-08-01 18:00:00+00:00,0,1030.3
2022-08-01 19:00:00+00:00,0,513.4
2022-08-01 20:00:00+00:00,0,907.1
2022-08-01 21:00:00+00:00,0,1674.6
2022-08-01 22:00:00+00:00,0,1206.1
2022-08-01 23:00:00+00:00,0,1141.5
2022-08-02 00:00:00+00:00,0,1475.3
2022-08-02 01:00:00+00:00,0,1280.4
2022-08-02 02:00:00+00:00,0,903.5
2022-08-02 03:00:00+00:00,0,518.4
2022-08-02 04:00:00+00:00,0,365.6
2022-08-02 05:00:00+00:00,0,392.5
2022-08-02 06:00:00+00:00,0,938.3
2022-08-02 07:00:00+00:00,0,1533.5
2022-08-02 08:00:00+00:00,0,2131.3
2022-08-02 09:00:00+00:00,0,2054.9
2022-08-02 10:00:00+00:00,0,1975.6
2022-08-02 11:00:00+00:00,0,1644.2
2022-08-02 12:00:00+00:00,0,1307.9
2022-08-02 13:00:00+00:00,0,1424.5
2022-08-02 14:00:00+00:00,0,1449
2022-08-02 15:00:00+00:00,0,1567.3
2022-08-02 16:00:00+00:00,0,1406.4
2022-08-02 17:00:00+00:00,0,1154
2022-08-02 18:00:00+00:00,0,529.9
2022-08-02 19:00:00+00:00,203.5,0
2022-08-02 20:00:00+00:00,0,397.2
2022-08-02 21:00:00+00:00,0,482.7
2022-08-02 22:00:00+00:00,0,730
2022-08-02 23:00:00+00:00,0,1287.5
2022-08-03 00:00:00+00:00,0,1485.8
2022-08-03 01:00:00+00:00,0,1378.6
2022-08-03 02:00:00+00:00,0,1327.1
2022-08-03 03:00:00+00:00,0,1285.2
2022-08-03 04:00:00+00:00,0,1170.3
2022-08-03 05:00:00+00:00,0,1027.3
2022-08-03 06:00:00+00:00,0,1433.3
2022-08-03 07:00:00+00:00,0,2313.3
2022-08-03 08:00:00+00:00,0,2521.3
2022-08-03 09:00:00+00:00,0,2699.9
2022-08-03 10:00:00+00:00,0,2431
2022-08-03 11:00:00+00:00,0,2417.3
2022-08-03 12:00:00+00:00,0,2284.2
2022-08-03 13:00:00+00:00,0,2365
2022-08-03 14:00:00+00:00,0,2375.6
2022-08-03 15:00:00+00:00,0,2511.8
2022-08-03 16:00:00+00:00,0,2248.6
2022-08-03 17:00:00+00:00,0,2000.3
2022-08-03 18:00:00+00:00,0,1523.1
2022-08-03 19:00:00+00:00,0,839.7
2022-08-03 20:00:00+00:00,0,995.6
2022-08-03 21:00:00+00:00,0,1242.2
2022-08-03 22:00:00+00:00,0,682.4
2022-08-03 23:00:00+00:00,0,719.6
2022-08-04 00:00:00+00:00,0,1334.7
2022-08-04 01:00:00+00:00,0,1224.9
2022-08-04 02:00:00+00:00,0,1163.2
2022-08-04 03:00:00+00:00,0,1115.6
2022-08-04 04:00:00+00:00,0,943.2
2022-08-04 05:00:00+00:00,0,458.9
2022-08-04 06:00:00+00:00,0,869
2022-08-04 07:00:00+00:00,0,1982.4
2022-08-04 08:00:00+00:00,0,2295.3
2022-08-04 09:00:00+00:00,0,2198
2022-08-04 10:00:00+00:00,0,2149.4
2022-08-04 11:00:00+00:00,0,1863.8
2022-08-04 12:00:00+00:00,0,1924.6
2022-08-04 13:00:00+00:00,0,2102.6
2022-08-04 14:00:00+00:00,0,2246.4
2022-08-04 15:00:00+00:00,0,2491.2
2022-08-04 16:00:00+00:00,0,2570.6
2022-08-04 17:00:00+00:00,0,2224.8
2022-08-04 18:00:00+00:00,0,2150.5
2022-08-04 19:00:00+00:00,0,1230.7
2022-08-04 20:00:00+00:00,0,1475
2022-08-04 21:00:00+00:00,0,1984.3
2022-08-04 22:00:00+00:00,0,1454.2
2022-08-04 23:00:00+00:00,0,1517.3
2022-08-05 00:00:00+00:00,0,1969
2022-08-05 01:00:00+00:00,0,1779.6
2022-08-05 02:00:00+00:00,0,1680.1
2022-08-05 03:00:00+00:00,0,1559.3
2022-08-05 04:00:00+00:00,0,1101
2022-08-05 05:00:00+00:00,0,917.2
2022-08-05 06:00:00+00:00,0,1210.1
2022-08-05 07:00:00+00:00,0,1884
2022-08-05 08:00:00+00:00,0,2317.2
2022-08-05 09:00:00+00:00,0,2361.2
2022-08-05 10:00:00+00:00,0,2290.6
2022-08-05 11:00:00+00:00,0,2161.2
2022-08-05 12:00:00+00:00,0,2197.9
2022-08-05 13:00:00+00:00,0,2467.2
2022-08-05 14:00:00+00:00,0,2591.4
2022-08-05 15:00:00+00:00,0,2716.4
2022-08-05 16:00:00+00:00,0,2627.7
2022-08-05 17:00:00+00:00,0,2398.7
2022-08-05 18:00:00+00:00,0,2111.4
2022-08-05 19:00:00+00:00,0,1450.1
2022-08-05 20:00:00+00:00,0,1773.8
2022-08-05 21:00:00+00:00,0,1959.2
2022-08-05 22:00:00+00:00,0,1719
2022-08-05 23:00:00+00:00,0,1719
2022-08-06 00:00:00+00:00,0,1719
2022-08-06 01:00:00+00:00,0,1719
2022-08-06 02:00:00+00:00,0,1784.1
2022-08-06 03:00:00+00:00,0,1647.2
2022-08-06 04:00:00+00:00,0,1625.8
2022-08-06 05:00:00+00:00,0,1410.1
2022-08-06 06:00:00+00:00,0,1719
2022-08-06 07:00:00+00:00,0,2198.8
2022-08-06 08:00:00+00:00,0,2565
2022-08-06 09:00:00+00:00,0,2565
2022-08-06 10:00:00+00:00,0,2610
2022-08-06 11:00:00+00:00,0,2610
2022-08-06 12:00:00+00:00,0,2610
2022-08-06 13:00:00+00:00,0,2593
2022-08-06 14:00:00+00:00,0,2593
2022-08-06 15:00:00+00:00,0,2593
2022-08-06 16:00:00+00:00,0,2593
2022-08-06 17:00:00+00:00,0,2205
2022-08-06 18:00:00+00:00,0,1693.5
2022-08-06 19:00:00+00:00,0,1528.9
2022-08-06 20:00:00+00:00,0,1645.3
2022-08-06 21:00:00+00:00,0,1582.2
2022-08-06 22:00:00+00:00,0,1785.7
2022-08-06 23:00:00+00:00,0,1888
2022-08-07 00:00:00+00:00,0,1888
2022-08-07 01:00:00+00:00,0,1747
2022-08-07 02:00:00+00:00,0,1853.3
2022-08-07 03:00:00+00:00,0,1668.8
2022-08-07 04:00:00+00:00,0,1592.2
2022-08-07 05:00:00+00:00,0,990
2022-08-07 06:00:00+00:00,0,990
2022-08-07 07:00:00+00:00,0,990
2022-08-07 08:00:00+00:00,0,990
2022-08-07 09:00:00+00:00,0,990
2022-08-07 10:00:00+00:00,0,2475
2022-08-07 11:00:00+00:00,0,2475
2022-08-07 12:00:00+00:00,0,2475
2022-08-07 13:00:00+00:00,0,2475
2022-08-07 14:00:00+00:00,0,2475
2022-08-07 15:00:00+00:00,0,2475
2022-08-07 16:00:00+00:00,0,2475
2022-08-07 17:00:00+00:00,0,2123.1
2022-08-07 18:00:00+00:00,0,1692.9
2022-08-07 19:00:00+00:00,0,1086
2022-08-07 20:00:00+00:00,0,1096.2
2022-08-07 21:00:00+00:00,0,1463.8
2022-08-07 22:00:00+00:00,0,1925.4
2022-08-07 23:00:00+00:00,0,1943.1
2022-08-08 00:00:00+00:00,0,1943.6
2022-08-08 01:00:00+00:00,0,1736.1
2022-08-08 02:00:00+00:00,0,1554.4
2022-08-08 03:00:00+00:00,0,1331.2
2022-08-08 04:00:00+00:00,0,1217.9
2022-08-08 05:00:00+00:00,0,1332.5
2022-08-08 06:00:00+00:00,0,1417.8
2022-08-08 07:00:00+00:00,0,2008.4
2022-08-08 08:00:00+00:00,0,2178
2022-08-08 09:00:00+00:00,0,2263.9
2022-08-08 10:00:00+00:00,0,2169.9
2022-08-08 11:00:00+00:00,0,2099.9
2022-08-08 12:00:00+00:00,0,2085
2022-08-08 13:00:00+00:00,0,2195.5
2022-08-08 14:00:00+00:00,0,2369.6
2022-08-08 15:00:00+00:00,0,2398.2
2022-08-08 16:00:00+00:00,0,2351.4
2022-08-08 17:00:00+00:00,0,2042.3
2022-08-08 18:00:00+00:00,0,1754.3
2022-08-08 19:00:00+00:00,0,1005.7
2022-08-08 20:00:00+00:00,0,1105.5
2022-08-08 21:00:00+00:00,0,1933.8
2022-08-08 22:00:00+00:00,0,1015.6
2022-08-08 23:00:00+00:00,0,1150.9
2022-08-09 00:00:00+00:00,0,1315.9
2022-08-09 01:00:00+00:00,0,1228.9
2022-08-09 02:00:00+00:00,0,1162.4
2022-08-09 03:00:00+00:00,0,1065
2022-08-09 04:00:00+00:00,0,805
2022-08-09 05:00:00+00:00,0,797.9
2022-08-09 06:00:00+00:00,0,1134.8
2022-08-09 07:00:00+00:00,0,1605.8
2022-08-09 08:00:00+00:00,0,1671.6
2022-08-09 09:00:00+00:00,0,1650.8
2022-08-09 10:00:00+00:00,0,1658.5
2022-08-09 11:00:00+00:00,0,1636.1
2022-08-09 12:00:00+00:00,0,1803.4
2022-08-09 13:00:00+00:00,0,2084.4
2022-08-09 14:00:00+00:00,0,2124
2022-08-09 15:00:00+00:00,0,2124
2022-08-09 16:00:00+00:00,0,2124
2022-08-09 17:00:00+00:00,0,2097.8
2022-08-09 18:00:00+00:00,0,1716.3
2022-08-09 19:00:00+00:00,0,1133.3
2022-08-09 20:00:00+00:00,0,1374
2022-08-09 21:00:00+00:00,0,1610.5
2022-08-09 22:00:00+00:00,0,1125.3
2022-08-09 23:00:00+00:00,0,1423.1
2022-08-10 00:00:00+00:00,0,1489.6
2022-08-10 01:00:00+00:00,0,1439.1
2022-08-10 02:00:00+00:00,0,1130.6
2022-08-10 03:00:00+00:00,0,932.1
2022-08-10 04:00:00+00:00,0,566.1
2022-08-10 05:00:00+00:00,0,473.7
2022-08-10 06:00:00+00:00,0,537.1
2022-08-10 07:00:00+00:00,0,1035.7
2022-08-10 08:00:00+00:00,0,1611.4
2022-08-10 09:00:00+00:00,0,1726.1
2022-08-10 10:00:00+00:00,0,1774.8
2022-08-10 11:00:00+00:00,0,1552.4
2022-08-10 12:00:00+00:00,0,1566.4
2022-08-10 13:00:00+00:00,0,1954.1
2022-08-10 14:00:00+00:00,0,1984.5
2022-08-10 15:00:00+00:00,0,2104.6
2022-08-10 16:00:00+00:00,0,2019.7
2022-08-10 17:00:00+00:00,0,1762.6
2022-08-10 18:00:00+00:00,0,962.2
2022-08-10 19:00:00+00:00,0,452.2
2022-08-10 20:00:00+00:00,0,525.2
2022-08-10 21:00:00+00:00,0,1085.3
2022-08-10 22:00:00+00:00,0,335.2
2022-08-10 23:00:00+00:00,0,221.4
2022-08-11 00:00:00+00:00,0,700.1
2022-08-11 01:00:00+00:00,0,1100
2022-08-11 02:00:00+00:00,0,1021.3
2022-08-11 03:00:00+00:00,0,646.1
2022-08-11 04:00:00+00:00,0,214.4
2022-08-11 05:00:00+00:00,0,51
2022-08-11 06:00:00+00:00,0,373.5
2022-08-11 07:00:00+00:00,0,966.2
2022-08-11 08:00:00+00:00,0,1587.3
2022-08-11 09:00:00+00:00,0,1780.5
2022-08-11 10:00:00+00:00,0,1750.2
2022-08-11 11:00:00+00:00,0,1558
2022-08-11 12:00:00+00:00,0,1955
2022-08-11 13:00:00+00:00,0,2385
2022-08-11 14:00:00+00:00,0,2385
2022-08-11 15:00:00+00:00,0,1968.7
2022-08-11 16:00:00+00:00,0,1492.9
2022-08-11 17:00:00+00:00,0,1094.3
2022-08-11 18:00:00+00:00,0,907.7
2022-08-11 19:00:00+00:00,148.6,0
2022-08-11 20:00:00+00:00,0,137.3
2022-08-11 21:00:00+00:00,0,850.2
2022-08-11 22:00:00+00:00,0,384.3
2022-08-11 23:00:00+00:00,0,722.6
2022-08-12 00:00:00+00:00,0,672.4
2022-08-12 01:00:00+00:00,0,981.1
2022-08-12 02:00:00+00:00,0,950.2
2022-08-12 03:00:00+00:00,0,541.6
2022-08-12 04:00:00+00:00,0,175.3
2022-08-12 05:00:00+00:00,268.1,0
2022-08-12 06:00:00+00:00,95.8,0
2022-08-12 07:00:00+00:00,0,965.7
2022-08-12 08:00:00+00:00,0,1458
2022-08-12 09:00:00+00:00,0,1807.9
2022-08-12 10:00:00+00:00,0,1650.7
2022-08-12 11:00:00+00:00,0,1503.9
2022-08-12 12:00:00+00:00,0,2062.7
2022-08-12 13:00:00+00:00,0,2438.9
2022-08-12 14:00:00+00:00,0,2524.3
2022-08-12 15:00:00+00:00,0,2322.9
2022-08-12 16:00:00+00:00,0,1791.6
2022-08-12 17:00:00+00:00,0,1026.5
2022-08-12 18:00:00+00:00,0,75.3
2022-08-12 19:00:00+00:00,490.5,0
2022-08-12 20:00:00+00:00,104.8,0
2022-08-12 21:00:00+00:00,0,139.7
2022-08-12 22:00:00+00:00,0,870.7
2022-08-12 23:00:00+00:00,0,925
2022-08-13 00:00:00+00:00,0,1424.2
2022-08-13 01:00:00+00:00,0,1479
2022-08-13 02:00:00+00:00,0,1387.2
2022-08-13 03:00:00+00:00,0,1378.1
2022-08-13 04:00:00+00:00,0,1312.8
2022-08-13 05:00:00+00:00,0,1363.8
2022-08-13 06:00:00+00:00,0,1452.7
2022-08-13 07:00:00+00:00,0,1683.4
2022-08-13 08:00:00+00:00,0,1975.1
2022-08-13 09:00:00+00:00,0,2299.9
2022-08-13 10:00:00+00:00,0,2126.6
2022-08-13 11:00:00+00:00,0,2022.7
2022-08-13 12:00:00+00:00,0,2204.2
2022-08-13 13:00:00+00:00,0,2049.4
2022-08-13 14:00:00+00:00,0,2245.4
2022-08-13 15:00:00+00:00,0,2111.8
2022-08-13 16:00:00+00:00,0,1760.1
2022-08-13 17:00:00+00:00,0,1372.8
2022-08-13 18:00:00+00:00,0,576.9
2022-08-13 19:00:00+00:00,125.5,0
2022-08-13 20:00:00+00:00,0,21.4
2022-08-13 21:00:00+00:00,0,309.2
2022-08-13 22:00:00+00:00,262.2,0
2022-08-13 23:00:00+00:00,182.5,0
2022-08-14 00:00:00+00:00,0,50.1
2022-08-14 01:00:00+00:00,0,16.8
2022-08-14 02:00:00+00:00,125.9,0
2022-08-14 03:00:00+00:00,231.2,0
2022-08-14 04:00:00+00:00,163.7,0
2022-08-14 05:00:00+00:00,0,252.4
2022-08-14 06:00:00+00:00,0,845.5
2022-08-14 07:00:00+00:00,0,1535.5
2022-08-14 08:00:00+00:00,0,1724.5
2022-08-14 09:00:00+00:00,0,1852.8
2022-08-14 10:00:00+00:00,0,1861.7
2022-08-14 11:00:00+00:00,0,1809.4
2022-08-14 12:00:00+00:00,0,1874.8
2022-08-14 13:00:00+00:00,0,2515.5
2022-08-14 14:00:00+00:00,0,2579.6
2022-08-14 15:00:00+00:00,0,2299.8
2022-08-14 16:00:00+00:00,0,1852.9
2022-08-14 17:00:00+00:00,0,834.7
2022-08-14 18:00:00+00:00,415.3,0
2022-08-14 19:00:00+00:00,1516.8,0
2022-08-14 20:00:00+00:00,1543.6,0
2022-08-14 21:00:00+00:00,597.8,0
2022-08-14 22:00:00+00:00,0,37.4
2022-08-14 23:00:00+00:00,0,189.7
2022-08-15 00:00:00+00:00,0,675.5
2022-08-15 01:00:00+00:00,0,678.4
2022-08-15 02:00:00+00:00,0,670.2
2022-08-15 03:00:00+00:00,0,608.1
2022-08-15 04:00:00+00:00,0,626.6
2022-08-15 05:00:00+00:00,0,591.4
2022-08-15 06:00:00+00:00,0,893.8
2022-08-15 07:00:00+00:00,0,1118.3
2022-08-15 08:00:00+00:00,0,1339.9
2022-08-15 09:00:00+00:00,0,450
2022-08-15 10:00:00+00:00,0,450
2022-08-15 11:00:00+00:00,0,450
2022-08-15 12:00:00+00:00,0,450
2022-08-15 13:00:00+00:00,0,1048.2
2022-08-15 14:00:00+00:00,0,1120.2
2022-08-15 15:00:00+00:00,0,1090.8
2022-08-15 16:00:00+00:00,0,818.6
2022-08-15 17:00:00+00:00,0,223.1
2022-08-15 18:00:00+00:00,6.7,0
2022-08-15 19:00:00+00:00,1109.7,0
2022-08-15 20:00:00+00:00,919.7,0
2022-08-15 21:00:00+00:00,0,49.7
2022-08-15 22:00:00+00:00,0,40.1
2022-08-15 23:00:00+00:00,0,402.6
2022-08-16 00:00:00+00:00,0,717
2022-08-16 01:00:00+00:00,0,882.4
2022-08-16 02:00:00+00:00,0,844.4
2022-08-16 03:00:00+00:00,0,765.3
2022-08-16 04:00:00+00:00,0,803.7
2022-08-16 05:00:00+00:00,0,562.3
2022-08-16 06:00:00+00:00,0,766.2
2022-08-16 07:00:00+00:00,0,1931.8
2022-08-16 08:00:00+00:00,0,2088.2
2022-08-16 09:00:00+00:00,0,1842.2
2022-08-16 10:00:00+00:00,0,1619.8
2022-08-16 11:00:00+00:00,0,1375.4
2022-08-16 12:00:00+00:00,0,1618.3
2022-08-16 13:00:00+00:00,0,1908.1
2022-08-16 14:00:00+00:00,0,2079.5
2022-08-16 15:00:00+00:00,0,1706.5
2022-08-16 16:00:00+00:00,0,1586.4
2022-08-16 17:00:00+00:00,0,1005.2
2022-08-16 18:00:00+00:00,0,444.8
2022-08-16 19:00:00+00:00,840.3,0
2022-08-16 20:00:00+00:00,711.8,0
2022-08-16 21:00:00+00:00,0,202.6
2022-08-16 22:00:00+00:00,640.6,0
2022-08-16 23:00:00+00:00,344.2,0
2022-08-17 00:00:00+00:00,260.7,0
2022-08-17 01:00:00+00:00,218.6,0
2022-08-17 02:00:00+00:00,278.1,0
2022-08-17 03:00:00+00:00,595.8,0
2022-08-17 04:00:00+00:00,952.6,0
2022-08-17 05:00:00+00:00,1438.2,0
2022-08-17 06:00:00+00:00,377.8,0
2022-08-17 07:00:00+00:00,0,499.7
2022-08-17 08:00:00+00:00,0,1138.4
2022-08-17 09:00:00+00:00,0,1155.2
2022-08-17 10:00:00+00:00,0,1193.2
2022-08-17 11:00:00+00:00,0,1168.7
2022-08-17 12:00:00+00:00,0,1302.1
2022-08-17 13:00:00+00:00,0,1451.1
2022-08-17 14:00:00+00:00,0,1699.9
2022-08-17 15:00:00+00:00,0,1680.8
2022-08-17 16:00:00+00:00,0,1678.1
2022-08-17 17:00:00+00:00,0,1013.4
2022-08-17 18:00:00+00:00,0,822.9
2022-08-17 19:00:00+00:00,49.7,0
2022-08-17 20:00:00+00:00,0,191.4
2022-08-17 21:00:00+00:00,0,629
2022-08-17 22:00:00+00:00,0,768.5
2022-08-17 23:00:00+00:00,0,631.8
2022-08-18 00:00:00+00:00,0,754.2
2022-08-18 01:00:00+00:00,0,974.1
2022-08-18 02:00:00+00:00,0,805.4
2022-08-18 03:00:00+00:00,0,507.2
2022-08-18 04:00:00+00:00,296,0
2022-08-18 05:00:00+00:00,439.7,0
2022-08-18 06:00:00+00:00,0,34.5
2022-08-18 07:00:00+00:00,0,1530.3
2022-08-18 08:00:00+00:00,0,2754.1
2022-08-18 09:00:00+00:00,0,3274.5
2022-08-18 10:00:00+00:00,0,3212.2
2022-08-18 11:00:00+00:00,0,3042.1
2022-08-18 12:00:00+00:00,0,3247
2022-08-18 13:00:00+00:00,0,3623.9
2022-08-18 14:00:00+00:00,0,3643.6
2022-08-18 15:00:00+00:00,0,3614.5
2022-08-18 16:00:00+00:00,0,3385.8
2022-08-18 17:00:00+00:00,0,2719.6
2022-08-18 18:00:00+00:00,0,1772.7
2022-08-18 19:00:00+00:00,0,633
2022-08-18 20:00:00+00:00,0,1083.8
2022-08-18 21:00:00+00:00,0,1086
2022-08-18 22:00:00+00:00,0,1936.2
2022-08-18 23:00:00+00:00,0,1412.7
2022-08-19 00:00:00+00:00,0,1226.7
2022-08-19 01:00:00+00:00,0,1453.5
2022-08-19 02:00:00+00:00,0,1215.7
2022-08-19 03:00:00+00:00,0,1001.2
2022-08-19 04:00:00+00:00,0,352.4
2022-08-19 05:00:00+00:00,0,338.8
2022-08-19 06:00:00+00:00,0,642
2022-08-19 07:00:00+00:00,0,1441.6
2022-08-19 08:00:00+00:00,0,2374.9
2022-08-19 09:00:00+00:00,0,2672.3
2022-08-19 10:00:00+00:00,0,2561.7
2022-08-19 11:00:00+00:00,0,2765.3
2022-08-19 12:00:00+00:00,0,2874.1
2022-08-19 13:00:00+00:00,0,2988
2022-08-19 14:00:00+00:00,0,3123.6
2022-08-19 15:00:00+00:00,0,2958.6
2022-08-19 16:00:00+00:00,0,2661.5
2022-08-19 17:00:00+00:00,0,2082.5
2022-08-19 18:00:00+00:00,0,385.4
2022-08-19 19:00:00+00:00,0,156.5
2022-08-19 20:00:00+00:00,0,129.2
2022-08-19 21:00:00+00:00,0,1264.6
2022-08-19 22:00:00+00:00,0,1166.8
2022-08-19 23:00:00+00:00,0,1224.3
2022-08-20 00:00:00+00:00,0,1104.3
2022-08-20 01:00:00+00:00,0,1033.5
2022-08-20 02:00:00+00:00,0,876.9
2022-08-20 03:00:00+00:00,0,832.3
2022-08-20 04:00:00+00:00,0,623.6
2022-08-20 05:00:00+00:00,0,831.8
2022-08-20 06:00:00+00:00,0,1298.8
2022-08-20 07:00:00+00:00,0,1634.3
2022-08-20 08:00:00+00:00,0,2132.6
2022-08-20 09:00:00+00:00,0,2271.8
2022-08-20 10:00:00+00:00,0,2213.5
2022-08-20 11:00:00+00:00,0,2035.6
2022-08-20 12:00:00+00:00,0,1943.9
2022-08-20 13:00:00+00:00,0,2049.7
2022-08-20 14:00:00+00:00,0,1869.6
2022-08-20 15:00:00+00:00,0,1759.9
2022-08-20 16:00:00+00:00,0,1477.6
2022-08-20 17:00:00+00:00,0,1289.7
2022-08-20 18:00:00+00:00,0,573.5
2022-08-20 19:00:00+00:00,61.1,0
2022-08-20 20:00:00+00:00,158.1,0
2022-08-20 21:00:00+00:00,0,315.3
2022-08-20 22:00:00+00:00,120.4,0
2022-08-20 23:00:00+00:00,0,34.9
2022-08-21 00:00:00+00:00,0,45.3
2022-08-21 01:00:00+00:00,0,481.1
2022-08-21 02:00:00+00:00,0,526.3
2022-08-21 03:00:00+00:00,0,303.7
2022-08-21 04:00:00+00:00,0,396.2
2022-08-21 05:00:00+00:00,0,514.9
2022-08-21 06:00:00+00:00,0,979.3
2022-08-21 07:00:00+00:00,0,1036.7
2022-08-21 08:00:00+00:00,0,1809.6
2022-08-21 09:00:00+00:00,0,2034.6
2022-08-21 10:00:00+00:00,0,2045.3
2022-08-21 11:00:00+00:00,0,1944.4
2022-08-21 12:00:00+00:00,0,1827.2
2022-08-21 13:00:00+00:00,0,2428
2022-08-21 14:00:00+00:00,0,2675.1
2022-08-21 15:00:00+00:00,0,2658.2
2022-08-21 16:00:00+00:00,0,2799
2022-08-21 17:00:00+00:00,0,900
2022-08-21 18:00:00+00:00,0,900
2022-08-21 19:00:00+00:00,0,610.4
2022-08-21 20:00:00+00:00,0,714.5
2022-08-21 21:00:00+00:00,0,856.4
2022-08-21 22:00:00+00:00,571,0
2022-08-21 23:00:00+00:00,0,463.4
2022-08-22 00:00:00+00:00,0,1031.9
2022-08-22 01:00:00+00:00,0,949.9
2022-08-22 02:00:00+00:00,0,845.9
2022-08-22 03:00:00+00:00,0,734.9
2022-08-22 04:00:00+00:00,0,19.6
2022-08-22 05:00:00+00:00,990,0
2022-08-22 06:00:00+00:00,660.8,0
2022-08-22 07:00:00+00:00,0,633.4
2022-08-22 08:00:00+00:00,0,1924.8
2022-08-22 09:00:00+00:00,0,2578.5
2022-08-22 10:00:00+00:00,0,2379.7
2022-08-22 11:00:00+00:00,0,2441.6
2022-08-22 12:00:00+00:00,0,2428.9
2022-08-22 13:00:00+00:00,0,2530.9
2022-08-22 14:00:00+00:00,0,2702.5
2022-08-22 15:00:00+00:00,0,2729.5
2022-08-22 16:00:00+00:00,0,2413.9
2022-08-22 17:00:00+00:00,0,316
2022-08-22 18:00:00+00:00,0,542.8
2022-08-22 19:00:00+00:00,0,70.6
2022-08-22 20:00:00+00:00,0,491.6
2022-08-22 21:00:00+00:00,0,402.5
2022-08-22 22:00:00+00:00,0,1333.9
2022-08-22 23:00:00+00:00,0,1470.6
2022-08-23 00:00:00+00:00,0,1578.9
2022-08-23 01:00:00+00:00,0,1502.9
2022-08-23 02:00:00+00:00,0,1424.1
2022-08-23 03:00:00+00:00,0,992.1
2022-08-23 04:00:00+00:00,0,162.1
2022-08-23 05:00:00+00:00,160.6,0
2022-08-23 06:00:00+00:00,0,252.7
2022-08-23 07:00:00+00:00,0,1187.9
2022-08-23 08:00:00+00:00,0,1717.7
2022-08-23 09:00:00+00:00,0,2131.3
2022-08-23 10:00:00+00:00,0,2090.3
2022-08-23 11:00:00+00:00,0,1983.1
2022-08-23 12:00:00+00:00,0,2016.8
2022-08-23 13:00:00+00:00,0,2429.8
2022-08-23 14:00:00+00:00,0,2590
2022-08-23 15:00:00+00:00,0,2573.8
2022-08-23 16:00:00+00:00,0,2329.2
2022-08-23 17:00:00+00:00,0,1630.3
2022-08-23 18:00:00+00:00,0,676.9
2022-08-23 19:00:00+00:00,0,470.7
2022-08-23 20:00:00+00:00,0,589.4
2022-08-23 21:00:00+00:00,0,1392.7
2022-08-23 22:00:00+00:00,0,1105.3
2022-08-23 23:00:00+00:00,0,1136.4
2022-08-24 00:00:00+00:00,0,961
2022-08-24 01:00:00+00:00,0,974.3
2022-08-24 02:00:00+00:00,0,895.3
2022-08-24 03:00:00+00:00,0,836.4
2022-08-24 04:00:00+00:00,0,899.8
2022-08-24 05:00:00+00:00,0,690.7
2022-08-24 06:00:00+00:00,0,996.5
2022-08-24 07:00:00+00:00,0,1347.6
2022-08-24 08:00:00+00:00,0,2253.5
2022-08-24 09:00:00+00:00,0,2179.5
2022-08-24 10:00:00+00:00,0,2112
2022-08-24 11:00:00+00:00,0,1797.7
2022-08-24 12:00:00+00:00,0,1965.3
2022-08-24 13:00:00+00:00,0,2313.7
2022-08-24 14:00:00+00:00,0,2501.7
2022-08-24 15:00:00+00:00,0,1962.3
2022-08-24 16:00:00+00:00,0,1810.8
2022-08-24 17:00:00+00:00,0,1056.6
2022-08-24 18:00:00+00:00,0,362.8
2022-08-24 19:00:00+00:00,698.2,0
2022-08-24 20:00:00+00:00,0,212
2022-08-24 21:00:00+00:00,0,315.6
2022-08-24 22:00:00+00:00,0,645.6
2022-08-24 23:00:00+00:00,0,618.5
2022-08-25 00:00:00+00:00,0,505.4
2022-08-25 01:00:00+00:00,0,474.7
2022-08-25 02:00:00+00:00,0,390.1
2022-08-25 03:00:00+00:00,0,214.5
2022-08-25 04:00:00+00:00,0,30.9
2022-08-25 05:00:00+00:00,0,88.8
2022-08-25 06:00:00+00:00,0,391.6
2022-08-25 07:00:00+00:00,0,879.2
2022-08-25 08:00:00+00:00,0,1273.9
2022-08-25 09:00:00+00:00,0,1584.1
2022-08-25 10:00:00+00:00,0,1655.1
2022-08-25 11:00:00+00:00,0,1460
2022-08-25 12:00:00+00:00,0,1518.2
2022-08-25 13:00:00+00:00,0,1653.9
2022-08-25 14:00:00+00:00,0,1813.5
2022-08-25 15:00:00+00:00,0,1770.7
2022-08-25 16:00:00+00:00,0,1192
2022-08-25 17:00:00+00:00,0,1298.3
2022-08-25 18:00:00+00:00,0,953.3
2022-08-25 19:00:00+00:00,0,405.9
2022-08-25 20:00:00+00:00,0,1090.4
2022-08-25 21:00:00+00:00,0,981.2
2022-08-25 22:00:00+00:00,0,496.8
2022-08-25 23:00:00+00:00,0,810.5
2022-08-26 00:00:00+00:00,0,1005.4
2022-08-26 01:00:00+00:00,0,1326.4
2022-08-26 02:00:00+00:00,0,1175.7
2022-08-26 03:00:00+00:00,0,928.2
2022-08-26 04:00:00+00:00,0,547
2022-08-26 05:00:00+00:00,0,132
2022-08-26 06:00:00+00:00,0,467.7
2022-08-26 07:00:00+00:00,0,1467.9
2022-08-26 08:00:00+00:00,0,2291.9
2022-08-26 09:00:00+00:00,0,2629.1
2022-08-26 10:00:00+00:00,0,2333.7
2022-08-26 11:00:00+00:00,0,1969.6
2022-08-26 12:00:00+00:00,0,2246.9
2022-08-26 13:00:00+00:00,0,2353.2
2022-08-26 14:00:00+00:00,0,2333.6
2022-08-26 15:00:00+00:00,0,2318.2
2022-08-26 16:00:00+00:00,0,1678.8
2022-08-26 17:00:00+00:00,0,1359.3
2022-08-26 18:00:00+00:00,0,1267.1
2022-08-26 19:00:00+00:00,0,1187.3
2022-08-26 20:00:00+00:00,0,1489.4
2022-08-26 21:00:00+00:00,0,1328.9
2022-08-26 22:00:00+00:00,0,2044.7
2022-08-26 23:00:00+00:00,0,2338.7
2022-08-27 00:00:00+00:00,0,2166.6
2022-08-27 01:00:00+00:00,0,2066.1
2022-08-27 02:00:00+00:00,0,1670.4
2022-08-27 03:00:00+00:00,0,1484.6
2022-08-27 04:00:00+00:00,0,1210.5
2022-08-27 05:00:00+00:00,0,1210.2
2022-08-27 06:00:00+00:00,0,1234.6
2022-08-27 07:00:00+00:00,0,2042.6
2022-08-27 08:00:00+00:00,0,2355
2022-08-27 09:00:00+00:00,0,2619.5
2022-08-27 10:00:00+00:00,0,2668.3
2022-08-27 11:00:00+00:00,0,2694.7
2022-08-27 12:00:00+00:00,0,2483.4
2022-08-27 13:00:00+00:00,0,2427.1
2022-08-27 14:00:00+00:00,0,2492.7
2022-08-27 15:00:00+00:00,0,2596.4
2022-08-27 16:00:00+00:00,0,2661.7
2022-08-27 17:00:00+00:00,0,2260.4
2022-08-27 18:00:00+00:00,0,1181.5
2022-08-27 19:00:00+00:00,0,610.4
2022-08-27 20:00:00+00:00,0,813.8
2022-08-27 21:00:00+00:00,0,1215.7
2022-08-27 22:00:00+00:00,0,1278.4
2022-08-27 23:00:00+00:00,0,1595
2022-08-28 00:00:00+00:00,0,1580.8
2022-08-28 01:00:00+00:00,0,1652.4
2022-08-28 02:00:00+00:00,0,1529.3
2022-08-28 03:00:00+00:00,0,1499.3
2022-08-28 04:00:00+00:00,0,1406
2022-08-28 05:00:00+00:00,0,700
2022-08-28 06:00:00+00:00,0,700
2022-08-28 07:00:00+00:00,0,700
2022-08-28 08:00:00+00:00,0,700
2022-08-28 09:00:00+00:00,0,700
2022-08-28 10:00:00+00:00,0,990
2022-08-28 11:00:00+00:00,0,990
2022-08-28 12:00:00+00:00,0,990
2022-08-28 13:00:00+00:00,0,1710
2022-08-28 14:00:00+00:00,0,1710
2022-08-28 15:00:00+00:00,0,1710
2022-08-28 16:00:00+00:00,0,1710
2022-08-28 17:00:00+00:00,0,1809.9
2022-08-28 18:00:00+00:00,0,1399.7
2022-08-28 19:00:00+00:00,0,455.3
2022-08-28 20:00:00+00:00,0,560
2022-08-28 21:00:00+00:00,0,1278.4
2022-08-28 22:00:00+00:00,0,1727.2
2022-08-28 23:00:00+00:00,0,1903.4
2022-08-29 00:00:00+00:00,0,1717.8
2022-08-29 01:00:00+00:00,0,1659.1
2022-08-29 02:00:00+00:00,0,1504.4
2022-08-29 03:00:00+00:00,0,1219.9
2022-08-29 04:00:00+00:00,0,846.9
2022-08-29 05:00:00+00:00,0,477.2
2022-08-29 06:00:00+00:00,0,164.6
2022-08-29 07:00:00+00:00,0,495.4
2022-08-29 08:00:00+00:00,0,1063
2022-08-29 09:00:00+00:00,0,1256
2022-08-29 10:00:00+00:00,0,1208.3
2022-08-29 11:00:00+00:00,0,1285.7
2022-08-29 12:00:00+00:00,0,1233.9
2022-08-29 13:00:00+00:00,0,1443.3
2022-08-29 14:00:00+00:00,0,1704.1
2022-08-29 15:00:00+00:00,0,1863.2
2022-08-29 16:00:00+00:00,0,1790.5
2022-08-29 17:00:00+00:00,0,1345.8
2022-08-29 18:00:00+00:00,0,510.7
2022-08-29 19:00:00+00:00,315.4,0
2022-08-29 20:00:00+00:00,145,0
2022-08-29 21:00:00+00:00,0,870.4
2022-08-29 22:00:00+00:00,0,570.2
2022-08-29 23:00:00+00:00,0,570.4
2022-08-30 00:00:00+00:00,0,776
2022-08-30 01:00:00+00:00,0,750.2
2022-08-30 02:00:00+00:00,0,711.1
2022-08-30 03:00:00+00:00,0,506.4
2022-08-30 04:00:00+00:00,0,205.5
2022-08-30 05:00:00+00:00,0,21.5
2022-08-30 06:00:00+00:00,0,188
2022-08-30 07:00:00+00:00,0,1071.1
2022-08-30 08:00:00+00:00,0,1761.3
2022-08-30 09:00:00+00:00,0,1767.2
2022-08-30 10:00:00+00:00,0,1777.4
2022-08-30 11:00:00+00:00,0,1815.4
2022-08-30 12:00:00+00:00,0,1702.9
2022-08-30 13:00:00+00:00,0,1694.2
2022-08-30 14:00:00+00:00,0,1779.7
2022-08-30 15:00:00+00:00,0,1628.3
2022-08-30 16:00:00+00:00,0,1532.3
2022-08-30 17:00:00+00:00,0,1463.6
2022-08-30 18:00:00+00:00,0,813.7
2022-08-30 19:00:00+00:00,0,578
2022-08-30 20:00:00+00:00,0,766.1
2022-08-30 21:00:00+00:00,0,1409.5
2022-08-30 22:00:00+00:00,133.2,0
2022-08-30 23:00:00+00:00,0,674.3
2022-08-31 00:00:00+00:00,0,604.2
2022-08-31 01:00:00+00:00,0,614.8
2022-08-31 02:00:00+00:00,0,525.2
2022-08-31 03:00:00+00:00,0,366.1
2022-08-31 04:00:00+00:00,0,206.9
2022-08-31 05:00:00+00:00,809.3,0
2022-08-31 06:00:00+00:00,503.5,0
2022-08-31 07:00:00+00:00,0,374.8
2022-08-31 08:00:00+00:00,0,1649.2
2022-08-31 09:00:00+00:00,0,1708
2022-08-31 10:00:00+00:00,0,1942.9
2022-08-31 11:00:00+00:00,0,2017.1
2022-08-31 12:00:00+00:00,0,2241.5
2022-08-31 13:00:00+00:00,0,2309.7
2022-08-31 14:00:00+00:00,0,2249.2
2022-08-31 15:00:00+00:00,0,2126.2
2022-08-31 16:00:00+00:00,0,1936.2
2022-08-31 17:00:00+00:00,0,1050
2022-08-31 18:00:00+00:00,0,452.1
2022-08-31 19:00:00+00:00,0,230.1
2022-08-31 20:00:00+00:00,0,1024.9
2022-08-31 21:00:00+00:00,0,946.7
2022-08-31 22:00:00+00:00,0,251.9
2022-08-31 23:00:00+00:00,0,607
2022-09-01 00:00:00+00:00,0,458.2
2022-09-01 01:00:00+00:00,0,456.4
2022-09-01 02:00:00+00:00,0,450.2
2022-09-01 03:00:00+00:00,0,358.9
2022-09-01 04:00:00+00:00,0,76
2022-09-01 05:00:00+00:00,1062.6,0
2022-09-01 06:00:00+00:00,942.3,0
2022-09-01 07:00:00+00:00,0,269.6
2022-09-01 08:00:00+00:00,0,1778.7
2022-09-01 09:00:00+00:00,0,2031.1
2022-09-01 10:00:00+00:00,0,1900.5
2022-09-01 11:00:00+00:00,0,1861.5
2022-09-01 12:00:00+00:00,0,1522.6
2022-09-01 13:00:00+00:00,0,1765.8
2022-09-01 14:00:00+00:00,0,1664.4
2022-09-01 15:00:00+00:00,0,1579.4
2022-09-01 16:00:00+00:00,0,1100.8
2022-09-01 17:00:00+00:00,0,654.7
2022-09-01 18:00:00+00:00,379.1,0
2022-09-01 19:00:00+00:00,263.9,0
2022-09-01 20:00:00+00:00,126.8,0
2022-09-01 21:00:00+00:00,0,1284.9
2022-09-01 22:00:00+00:00,0,801.9
2022-09-01 23:00:00+00:00,0,810.6
2022-09-02 00:00:00+00:00,0,1123.4
2022-09-02 01:00:00+00:00,0,1274.4
2022-09-02 02:00:00+00:00,0,1091
2022-09-02 03:00:00+00:00,0,765.5
2022-09-02 04:00:00+00:00,0,797
2022-09-02 05:00:00+00:00,33.1,0
2022-09-02 06:00:00+00:00,116.3,0
2022-09-02 07:00:00+00:00,0,922
2022-09-02 08:00:00+00:00,0,2011.8
2022-09-02 09:00:00+00:00,0,2028.4
2022-09-02 10:00:00+00:00,0,1858.2
2022-09-02 11:00:00+00:00,0,1872.4
2022-09-02 12:00:00+00:00,0,1913
2022-09-02 13:00:00+00:00,0,2097.1
2022-09-02 14:00:00+00:00,0,2048.7
2022-09-02 15:00:00+00:00,0,1910.7
2022-09-02 16:00:00+00:00,0,1630.6
2022-09-02 17:00:00+00:00,0,1310.3
2022-09-02 18:00:00+00:00,0,449.4
2022-09-02 19:00:00+00:00,0,131.1
2022-09-02 20:00:00+00:00,0,1089.9
2022-09-02 21:00:00+00:00,0,1596.3
2022-09-02 22:00:00+00:00,0,546.9
2022-09-02 23:00:00+00:00,0,739.3
2022-09-03 00:00:00+00:00,0,892.8
2022-09-03 01:00:00+00:00,0,638.6
2022-09-03 02:00:00+00:00,0,515.9
2022-09-03 03:00:00+00:00,0,123.9
2022-09-03 04:00:00+00:00,174.7,0
2022-09-03 05:00:00+00:00,109.6,0
2022-09-03 06:00:00+00:00,0,30.6
2022-09-03 07:00:00+00:00,0,996.6
2022-09-03 08:00:00+00:00,0,1552.1
2022-09-03 09:00:00+00:00,0,1622.4
2022-09-03 10:00:00+00:00,0,1715
2022-09-03 11:00:00+00:00,0,1597
2022-09-03 12:00:00+00:00,0,1432.7
2022-09-03 13:00:00+00:00,0,2145.6
2022-09-03 14:00:00+00:00,0,2121.8
2022-09-03 15:00:00+00:00,0,2054.6
2022-09-03 16:00:00+00:00,0,1410.5
2022-09-03 17:00:00+00:00,0,1278.8
2022-09-03 18:00:00+00:00,0,160.5
2022-09-03 19:00:00+00:00,503.4,0
2022-09-03 20:00:00+00:00,28.6,0
2022-09-03 21:00:00+00:00,0,484.3
2022-09-03 22:00:00+00:00,679.8,0
2022-09-03 23:00:00+00:00,180.6,0
2022-09-04 00:00:00+00:00,0,498.5
2022-09-04 01:00:00+00:00,0,733.6
2022-09-04 02:00:00+00:00,0,461.9
2022-09-04 03:00:00+00:00,0,222.8
2022-09-04 04:00:00+00:00,3.7,0
2022-09-04 05:00:00+00:00,42.4,0
2022-09-04 06:00:00+00:00,92.7,0
2022-09-04 07:00:00+00:00,0,546.3
2022-09-04 08:00:00+00:00,0,1927.6
2022-09-04 09:00:00+00:00,0,2252.4
2022-09-04 10:00:00+00:00,0,2170.5
2022-09-04 11:00:00+00:00,0,2100.6
2022-09-04 12:00:00+00:00,0,1861.8
2022-09-04 13:00:00+00:00,0,1687.5
2022-09-04 14:00:00+00:00,0,1865.3
2022-09-04 15:00:00+00:00,0,1804.2
2022-09-04 16:00:00+00:00,0,1504.4
2022-09-04 17:00:00+00:00,0,1027.8
2022-09-04 18:00:00+00:00,104.8,0
2022-09-04 19:00:00+00:00,246.1,0
2022-09-04 20:00:00+00:00,504.8,0
2022-09-04 21:00:00+00:00,420.1,0
2022-09-04 22:00:00+00:00,0,693.7
2022-09-04 23:00:00+00:00,0,774.5
2022-09-05 00:00:00+00:00,0,1009.2
2022-09-05 01:00:00+00:00,0,1040.4
2022-09-05 02:00:00+00:00,0,949
2022-09-05 03:00:00+00:00,0,638
2022-09-05 04:00:00+00:00,0,168
2022-09-05 05:00:00+00:00,768.9,0
2022-09-05 06:00:00+00:00,866,0
2022-09-05 07:00:00+00:00,0,393.3
2022-09-05 08:00:00+00:00,0,967.8
2022-09-05 09:00:00+00:00,0,1165.8
2022-09-05 10:00:00+00:00,0,1245
2022-09-05 11:00:00+00:00,0,1168.6
2022-09-05 12:00:00+00:00,0,1532.1
2022-09-05 13:00:00+00:00,0,2118.5
2022-09-05 14:00:00+00:00,0,2098.8
2022-09-05 15:00:00+00:00,0,2146.7
2022-09-05 16:00:00+00:00,0,1100.6
2022-09-05 17:00:00+00:00,0,852.2
2022-09-05 18:00:00+00:00,115.5,0
2022-09-05 19:00:00+00:00,380.5,0
2022-09-05 20:00:00+00:00,163.8,0
2022-09-05 21:00:00+00:00,0,22.6
2022-09-05 22:00:00+00:00,0,1005.8
2022-09-05 23:00:00+00:00,0,1528.9
2022-09-06 00:00:00+00:00,0,1976.2
2022-09-06 01:00:00+00:00,0,1921.3
2022-09-06 02:00:00+00:00,0,1895.9
2022-09-06 03:00:00+00:00,0,1747.7
2022-09-06 04:00:00+00:00,0,1311.4
2022-09-06 05:00:00+00:00,0,453.7
2022-09-06 06:00:00+00:00,0,757.7
2022-09-06 07:00:00+00:00,0,1859.8
2022-09-06 08:00:00+00:00,0,2627.9
2022-09-06 09:00:00+00:00,0,3232.9
2022-09-06 10:00:00+00:00,0,3172.7
2022-09-06 11:00:00+00:00,0,3068.4
2022-09-06 12:00:00+00:00,0,3106.9
2022-09-06 13:00:00+00:00,0,3281.6
2022-09-06 14:00:00+00:00,0,3240.7
2022-09-06 15:00:00+00:00,0,3068.8
2022-09-06 16:00:00+00:00,0,2755.8
2022-09-06 17:00:00+00:00,0,1146.9
2022-09-06 18:00:00+00:00,0,711.8
2022-09-06 19:00:00+00:00,0,1
2022-09-06 20:00:00+00:00,0,368.4
2022-09-06 21:00:00+00:00,0,1145.6
2022-09-06 22:00:00+00:00,0,1586.7
2022-09-06 23:00:00+00:00,0,1497.1
2022-09-07 00:00:00+00:00,0,2058.9
2022-09-07 01:00:00+00:00,0,2299.2
2022-09-07 02:00:00+00:00,0,2136.8
2022-09-07 03:00:00+00:00,0,1821.8
2022-09-07 04:00:00+00:00,0,805.8
2022-09-07 05:00:00+00:00,0,494.8
2022-09-07 06:00:00+00:00,0,571.6
2022-09-07 07:00:00+00:00,0,1411.4
2022-09-07 08:00:00+00:00,0,2111
2022-09-07 09:00:00+00:00,0,2440.7
2022-09-07 10:00:00+00:00,0,2579.8
2022-09-07 11:00:00+00:00,0,2368.2
2022-09-07 12:00:00+00:00,0,2276.5
2022-09-07 13:00:00+00:00,0,2520.2
2022-09-07 14:00:00+00:00,0,2407.8
2022-09-07 15:00:00+00:00,0,2335.4
2022-09-07 16:00:00+00:00,0,2279.9
2022-09-07 17:00:00+00:00,0,2058.4
2022-09-07 18:00:00+00:00,0,1555.1
2022-09-07 19:00:00+00:00,0,623.5
2022-09-07 20:00:00+00:00,0,1304.6
2022-09-07 21:00:00+00:00,0,1477
2022-09-07 22:00:00+00:00,0,1714.9
2022-09-07 23:00:00+00:00,0,1452.7
2022-09-08 00:00:00+00:00,0,1359.1
2022-09-08 01:00:00+00:00,0,1308.7
2022-09-08 02:00:00+00:00,0,1181.9
2022-09-08 03:00:00+00:00,0,860
2022-09-08 04:00:00+00:00,0,605.3
2022-09-08 05:00:00+00:00,0,198.9
2022-09-08 06:00:00+00:00,89.3,0
2022-09-08 07:00:00+00:00,0,703.9
2022-09-08 08:00:00+00:00,0,1453
2022-09-08 09:00:00+00:00,0,1666.2
2022-09-08 10:00:00+00:00,0,1592
2022-09-08 11:00:00+00:00,0,1519.6
2022-09-08 12:00:00+00:00,0,1350.4
2022-09-08 13:00:00+00:00,0,1552.2
2022-09-08 14:00:00+00:00,0,1551.7
2022-09-08 15:00:00+00:00,0,1432.8
2022-09-08 16:00:00+00:00,0,1529.2
2022-09-08 17:00:00+00:00,0,1430.4
2022-09-08 18:00:00+00:00,0,341.5
2022-09-08 19:00:00+00:00,301.7,0
2022-09-08 20:00:00+00:00,0,135.7
2022-09-08 21:00:00+00:00,0,728.3
2022-09-08 22:00:00+00:00,45,0
2022-09-08 23:00:00+00:00,0,204.5
2022-09-09 00:00:00+00:00,0,868.8
2022-09-09 01:00:00+00:00,0,1030.3
2022-09-09 02:00:00+00:00,0,938.4
2022-09-09 03:00:00+00:00,0,726.9
2022-09-09 04:00:00+00:00,0,684.2
2022-09-09 05:00:00+00:00,646.8,0
2022-09-09 06:00:00+00:00,366.3,0
2022-09-09 07:00:00+00:00,0,735.5
2022-09-09 08:00:00+00:00,0,2054.4
2022-09-09 09:00:00+00:00,0,2725
2022-09-09 10:00:00+00:00,0,2760.1
2022-09-09 11:00:00+00:00,0,2656.1
2022-09-09 12:00:00+00:00,0,2317.1
2022-09-09 13:00:00+00:00,0,2457.6
2022-09-09 14:00:00+00:00,0,2411.6
2022-09-09 15:00:00+00:00,0,2287.5
2022-09-09 16:00:00+00:00,0,2431.5
2022-09-09 17:00:00+00:00,0,1720.5
2022-09-09 18:00:00+00:00,0,168.1
2022-09-09 19:00:00+00:00,321.6,0
2022-09-09 20:00:00+00:00,66.4,0
2022-09-09 21:00:00+00:00,0,1544.8
2022-09-09 22:00:00+00:00,0,399.6
2022-09-09 23:00:00+00:00,0,1045.7
2022-09-10 00:00:00+00:00,0,1016.7
2022-09-10 01:00:00+00:00,0,887
2022-09-10 02:00:00+00:00,0,688.2
2022-09-10 03:00:00+00:00,0,581
2022-09-10 04:00:00+00:00,0,642.2
2022-09-10 05:00:00+00:00,0,786.9
2022-09-10 06:00:00+00:00,0,815
2022-09-10 07:00:00+00:00,0,1237
2022-09-10 08:00:00+00:00,0,1762.4
2022-09-10 09:00:00+00:00,0,1708.5
2022-09-10 10:00:00+00:00,0,1666.8
2022-09-10 11:00:00+00:00,0,1628.4
2022-09-10 12:00:00+00:00,0,1504.2
2022-09-10 13:00:00+00:00,0,1453.2
2022-09-10 14:00:00+00:00,0,1571.4
2022-09-10 15:00:00+00:00,0,1472.4
2022-09-10 16:00:00+00:00,0,1444.2
2022-09-10 17:00:00+00:00,0,1176.8
2022-09-10 18:00:00+00:00,0,354.9
2022-09-10 19:00:00+00:00,364.6,0
2022-09-10 20:00:00+00:00,0,320.9
2022-09-10 21:00:00+00:00,0,796.9
2022-09-10 22:00:00+00:00,0,1064.9
2022-09-10 23:00:00+00:00,0,1686.7
2022-09-11 00:00:00+00:00,0,1704.3
2022-09-11 01:00:00+00:00,0,1619
2022-09-11 02:00:00+00:00,0,1446.2
2022-09-11 03:00:00+00:00,0,1216.2
2022-09-11 04:00:00+00:00,0,1121.3
2022-09-11 05:00:00+00:00,0,996.8
2022-09-11 06:00:00+00:00,0,1499.1
2022-09-11 07:00:00+00:00,0,1036.5
2022-09-11 08:00:00+00:00,0,1711.9
2022-09-11 09:00:00+00:00,0,1960.5
2022-09-11 10:00:00+00:00,0,2100.6
2022-09-11 11:00:00+00:00,0,2095
2022-09-11 12:00:00+00:00,0,2000.9
2022-09-11 13:00:00+00:00,0,2095.4
2022-09-11 14:00:00+00:00,0,2214.7
2022-09-11 15:00:00+00:00,0,2106.1
2022-09-11 16:00:00+00:00,0,1826.7
2022-09-11 17:00:00+00:00,0,1466.5
2022-09-11 18:00:00+00:00,0,1553.2
2022-09-11 19:00:00+00:00,0,584.4
2022-09-11 20:00:00+00:00,0,968.8
2022-09-11 21:00:00+00:00,0,1646.1
2022-09-11 22:00:00+00:00,0,1102
2022-09-11 23:00:00+00:00,0,1293.9
2022-09-12 00:00:00+00:00,0,1024.1
2022-09-12 01:00:00+00:00,0,693.7
2022-09-12 02:00:00+00:00,0,117.4
2022-09-12 03:00:00+00:00,511.2,0
2022-09-12 04:00:00+00:00,925.8,0
2022-09-12 05:00:00+00:00,1238.6,0
2022-09-12 06:00:00+00:00,2158.8,0
2022-09-12 07:00:00+00:00,1984.7,0
2022-09-12 08:00:00+00:00,1589.1,0
2022-09-12 09:00:00+00:00,653.1,0
2022-09-12 10:00:00+00:00,731.3,0
2022-09-12 11:00:00+00:00,1098.4,0
2022-09-12 12:00:00+00:00,1133.2,0
2022-09-12 13:00:00+00:00,956.8,0
2022-09-12 14:00:00+00:00,921,0
2022-09-12 15:00:00+00:00,832.2,0
2022-09-12 16:00:00+00:00,1502.5,0
2022-09-12 17:00:00+00:00,2030.2,0
2022-09-12 18:00:00+00:00,2505.3,0
2022-09-12 19:00:00+00:00,2781.4,0
2022-09-12 20:00:00+00:00,1226,0
2022-09-12 21:00:00+00:00,1440.2,0
2022-09-12 22:00:00+00:00,1338.7,0
2022-09-12 23:00:00+00:00,566.9,0
2022-09-13 00:00:00+00:00,702.9,0
2022-09-13 01:00:00+00:00,861.9,0
2022-09-13 02:00:00+00:00,705.5,0
2022-09-13 03:00:00+00:00,719.6,0
2022-09-13 04:00:00+00:00,976.4,0
2022-09-13 05:00:00+00:00,837.7,0
2022-09-13 06:00:00+00:00,504.7,0
2022-09-13 07:00:00+00:00,461.6,0
2022-09-13 08:00:00+00:00,0,27.6
2022-09-13 09:00:00+00:00,0,402.8
2022-09-13 10:00:00+00:00,0,446.9
2022-09-13 11:00:00+00:00,0,479.3
2022-09-13 12:00:00+00:00,0,690
2022-09-13 13:00:00+00:00,0,924.4
2022-09-13 14:00:00+00:00,0,721.4
2022-09-13 15:00:00+00:00,0,891.2
2022-09-13 16:00:00+00:00,0,495
2022-09-13 17:00:00+00:00,0,125.6
2022-09-13 18:00:00+00:00,632.2,0
2022-09-13 19:00:00+00:00,1179.6,0
2022-09-13 20:00:00+00:00,289.6,0
2022-09-13 21:00:00+00:00,0,18.1
2022-09-13 22:00:00+00:00,173.7,0
2022-09-13 23:00:00+00:00,34.1,0
2022-09-14 00:00:00+00:00,0,104.6
2022-09-14 01:00:00+00:00,18.9,0
2022-09-14 02:00:00+00:00,58.5,0
2022-09-14 03:00:00+00:00,415.9,0
2022-09-14 04:00:00+00:00,1011.4,0
2022-09-14 05:00:00+00:00,1555.9,0
2022-09-14 06:00:00+00:00,1395.4,0
2022-09-14 07:00:00+00:00,712.2,0
2022-09-14 08:00:00+00:00,289.6,0
2022-09-14 09:00:00+00:00,0,59.8
2022-09-14 10:00:00+00:00,0,269.7
2022-09-14 11:00:00+00:00,0,443.6
2022-09-14 12:00:00+00:00,0,1144.6
2022-09-14 13:00:00+00:00,0,1407.3
2022-09-14 14:00:00+00:00,0,1277.1
2022-09-14 15:00:00+00:00,0,893.3
2022-09-14 16:00:00+00:00,0,514.8
2022-09-14 17:00:00+00:00,0,329.2
2022-09-14 18:00:00+00:00,663.1,0
2022-09-14 19:00:00+00:00,884.5,0
2022-09-14 20:00:00+00:00,516,0
2022-09-14 21:00:00+00:00,0,577.5
2022-09-14 22:00:00+00:00,0,930.8
2022-09-14 23:00:00+00:00,0,933.9
2022-09-15 00:00:00+00:00,0,1200.2
2022-09-15 01:00:00+00:00,0,1338.6
2022-09-15 02:00:00+00:00,0,1174.3
2022-09-15 03:00:00+00:00,0,963.9
2022-09-15 04:00:00+00:00,0,899.8
2022-09-15 05:00:00+00:00,0,856.2
2022-09-15 06:00:00+00:00,0,1087.4
2022-09-15 07:00:00+00:00,0,1788
2022-09-15 08:00:00+00:00,0,2156.9
2022-09-15 09:00:00+00:00,0,2229.8
2022-09-15 10:00:00+00:00,0,2302.6
2022-09-15 11:00:00+00:00,0,2244.1
2022-09-15 12:00:00+00:00,0,2534.8
2022-09-15 13:00:00+00:00,0,2845.6
2022-09-15 14:00:00+00:00,0,2612.9
2022-09-15 15:00:00+00:00,0,2636
2022-09-15 16:00:00+00:00,0,2550
2022-09-15 17:00:00+00:00,0,2265.6
2022-09-15 18:00:00+00:00,0,1294.7
2022-09-15 19:00:00+00:00,0,1265.2
2022-09-15 20:00:00+00:00,0,2468.9
2022-09-15 21:00:00+00:00,0,2700
2022-09-15 22:00:00+00:00,0,628.1
2022-09-15 23:00:00+00:00,0,1322.1
2022-09-16 00:00:00+00:00,0,1826.8
2022-09-16 01:00:00+00:00,0,1962.5
2022-09-16 02:00:00+00:00,0,1886.4
2022-09-16 03:00:00+00:00,0,1581.9
2022-09-16 04:00:00+00:00,0,1201.9
2022-09-16 05:00:00+00:00,91.4,0
2022-09-16 06:00:00+00:00,545.7,0
2022-09-16 07:00:00+00:00,0,935.5
2022-09-16 08:00:00+00:00,0,2579.3
2022-09-16 09:00:00+00:00,0,2068.6
2022-09-16 10:00:00+00:00,0,2227
2022-09-16 11:00:00+00:00,0,2184.8
2022-09-16 12:00:00+00:00,0,2693.3
2022-09-16 13:00:00+00:00,0,2809.3
2022-09-16 14:00:00+00:00,0,3248.8
2022-09-16 15:00:00+00:00,0,3030
2022-09-16 16:00:00+00:00,0,2785.2
2022-09-16 17:00:00+00:00,0,2275.3
2022-09-16 18:00:00+00:00,0,452.4
2022-09-16 19:00:00+00:00,0,492.9
2022-09-16 20:00:00+00:00,0,2441
2022-09-16 21:00:00+00:00,0,2517.8
2022-09-16 22:00:00+00:00,0,2573.5
2022-09-16 23:00:00+00:00,0,2704.4
2022-09-17 00:00:00+00:00,0,2513.2
2022-09-17 01:00:00+00:00,0,2256.5
2022-09-17 02:00:00+00:00,0,1992
2022-09-17 03:00:00+00:00,0,1689.8
2022-09-17 04:00:00+00:00,0,1495.7
2022-09-17 05:00:00+00:00,0,1483.2
2022-09-17 06:00:00+00:00,0,1486.6
2022-09-17 07:00:00+00:00,0,2094.2
2022-09-17 08:00:00+00:00,0,2707.8
2022-09-17 09:00:00+00:00,0,3128.6
2022-09-17 10:00:00+00:00,0,2885
2022-09-17 11:00:00+00:00,0,2934.3
2022-09-17 12:00:00+00:00,0,3068.4
2022-09-17 13:00:00+00:00,0,2745
2022-09-17 14:00:00+00:00,0,2745
2022-09-17 15:00:00+00:00,0,2727.3
2022-09-17 16:00:00+00:00,0,2745
2022-09-17 17:00:00+00:00,0,2230.5
2022-09-17 18:00:00+00:00,0,1927.9
2022-09-17 19:00:00+00:00,0,1279.1
2022-09-17 20:00:00+00:00,0,2007.4
2022-09-17 21:00:00+00:00,0,2224.9
2022-09-17 22:00:00+00:00,0,1051.7
2022-09-17 23:00:00+00:00,0,1235.2
2022-09-18 00:00:00+00:00,0,1047.5
2022-09-18 01:00:00+00:00,0,990.7
2022-09-18 02:00:00+00:00,0,852.8
2022-09-18 03:00:00+00:00,0,590.9
2022-09-18 04:00:00+00:00,0,425.3
2022-09-18 05:00:00+00:00,0,214.6
2022-09-18 06:00:00+00:00,0,270.3
2022-09-18 07:00:00+00:00,0,603.8
2022-09-18 08:00:00+00:00,0,1199.7
2022-09-18 09:00:00+00:00,0,1731.6
2022-09-18 10:00:00+00:00,0,2090.9
2022-09-18 11:00:00+00:00,0,2332.6
2022-09-18 12:00:00+00:00,0,2370.2
2022-09-18 13:00:00+00:00,0,2639.5
2022-09-18 14:00:00+00:00,0,2404.7
2022-09-18 15:00:00+00:00,0,2061.9
2022-09-18 16:00:00+00:00,0,1780
2022-09-18 17:00:00+00:00,0,1771.7
2022-09-18 18:00:00+00:00,0,564.9
2022-09-18 19:00:00+00:00,0,384.5
2022-09-18 20:00:00+00:00,0,757.2
2022-09-18 21:00:00+00:00,0,1237.9
2022-09-18 22:00:00+00:00,0,1709.7
2022-09-18 23:00:00+00:00,0,1674
2022-09-19 00:00:00+00:00,0,1593.6
2022-09-19 01:00:00+00:00,0,1290.6
2022-09-19 02:00:00+00:00,0,1173.2
2022-09-19 03:00:00+00:00,0,830.6
2022-09-19 04:00:00+00:00,0,139.1
2022-09-19 05:00:00+00:00,928.7,0
2022-09-19 06:00:00+00:00,1200.9,0
2022-09-19 07:00:00+00:00,571.4,0
2022-09-19 08:00:00+00:00,0,337.4
2022-09-19 09:00:00+00:00,0,1178.6
2022-09-19 10:00:00+00:00,0,1501.5
2022-09-19 11:00:00+00:00,0,1499.2
2022-09-19 12:00:00+00:00,0,1873.9
2022-09-19 13:00:00+00:00,0,2135.6
2022-09-19 14:00:00+00:00,0,2036.1
2022-09-19 15:00:00+00:00,0,2646
2022-09-19 16:00:00+00:00,0,1766.2
2022-09-19 17:00:00+00:00,0,707.1
2022-09-19 18:00:00+00:00,0,606.7
2022-09-19 19:00:00+00:00,0,684.2
2022-09-19 20:00:00+00:00,0,1061.2
2022-09-19 21:00:00+00:00,0,2500.6
2022-09-19 22:00:00+00:00,0,1835.6
2022-09-19 23:00:00+00:00,0,1764.4
2022-09-20 00:00:00+00:00,0,1918.7
2022-09-20 01:00:00+00:00,0,1943.3
2022-09-20 02:00:00+00:00,0,1629.4
2022-09-20 03:00:00+00:00,0,1295.8
2022-09-20 04:00:00+00:00,0,1185.1
2022-09-20 05:00:00+00:00,0,562.3
2022-09-20 06:00:00+00:00,0,91.5
2022-09-20 07:00:00+00:00,0,1076
2022-09-20 08:00:00+00:00,0,2406.3
2022-09-20 09:00:00+00:00,0,3111.5
2022-09-20 10:00:00+00:00,0,3177.4
2022-09-20 11:00:00+00:00,0,3218.1
2022-09-20 12:00:00+00:00,0,3796
2022-09-20 13:00:00+00:00,0,3959.2
2022-09-20 14:00:00+00:00,0,3946.7
2022-09-20 15:00:00+00:00,0,3961.6
2022-09-20 16:00:00+00:00,0,3069.9
2022-09-20 17:00:00+00:00,0,2342.1
2022-09-20 18:00:00+00:00,0,1571.9
2022-09-20 19:00:00+00:00,0,1820.6
2022-09-20 20:00:00+00:00,0,2660.2
2022-09-20 21:00:00+00:00,0,3472.5
2022-09-20 22:00:00+00:00,0,1675.3
2022-09-20 23:00:00+00:00,0,1539.9
2022-09-21 00:00:00+00:00,0,1513.8
2022-09-21 01:00:00+00:00,0,1623.7
2022-09-21 02:00:00+00:00,0,1548.7
2022-09-21 03:00:00+00:00,0,1265
2022-09-21 04:00:00+00:00,0,931.6
2022-09-21 05:00:00+00:00,0,800.8
2022-09-21 06:00:00+00:00,0,677.7
2022-09-21 07:00:00+00:00,0,1635.2
2022-09-21 08:00:00+00:00,0,2162.8
2022-09-21 09:00:00+00:00,0,2043.5
2022-09-21 10:00:00+00:00,0,2178.1
2022-09-21 11:00:00+00:00,0,2124
2022-09-21 12:00:00+00:00,0,2287.2
2022-09-21 13:00:00+00:00,0,2506.3
2022-09-21 14:00:00+00:00,0,2294.2
2022-09-21 15:00:00+00:00,0,2255.6
2022-09-21 16:00:00+00:00,0,2073.1
2022-09-21 17:00:00+00:00,0,1431.2
2022-09-21 18:00:00+00:00,0,1165.8
2022-09-21 19:00:00+00:00,0,1278.3
2022-09-21 20:00:00+00:00,0,2328.1
2022-09-21 21:00:00+00:00,0,2319.9
2022-09-21 22:00:00+00:00,0,1248.3
2022-09-21 23:00:00+00:00,0,837.7
2022-09-22 00:00:00+00:00,0,1034.3
2022-09-22 01:00:00+00:00,0,872.5
2022-09-22 02:00:00+00:00,0,743.5
2022-09-22 03:00:00+00:00,0,674.2
2022-09-22 04:00:00+00:00,0,391.2
2022-09-22 05:00:00+00:00,542.4,0
2022-09-22 06:00:00+00:00,726.5,0
2022-09-22 07:00:00+00:00,0,291.3
2022-09-22 08:00:00+00:00,0,1449.9
2022-09-22 09:00:00+00:00,0,1618.8
2022-09-22 10:00:00+00:00,0,1697.9
2022-09-22 11:00:00+00:00,0,1642.5
2022-09-22 12:00:00+00:00,0,2065.3
2022-09-22 13:00:00+00:00,0,2194.4
2022-09-22 14:00:00+00:00,0,2093.9
2022-09-22 15:00:00+00:00,0,1808.7
2022-09-22 16:00:00+00:00,0,1416.4
2022-09-22 17:00:00+00:00,0,1217.5
2022-09-22 18:00:00+00:00,113.9,0
2022-09-22 19:00:00+00:00,0,102.1
2022-09-22 20:00:00+00:00,0,1696.2
2022-09-22 21:00:00+00:00,0,1408
2022-09-22 22:00:00+00:00,0,1492.5
2022-09-22 23:00:00+00:00,0,1250.8
2022-09-23 00:00:00+00:00,0,1236.7
2022-09-23 01:00:00+00:00,0,1221.3
2022-09-23 02:00:00+00:00,0,1176.6
2022-09-23 03:00:00+00:00,0,1099.6
2022-09-23 04:00:00+00:00,0,683.3
2022-09-23 05:00:00+00:00,0,35.7
2022-09-23 06:00:00+00:00,147.8,0
2022-09-23 07:00:00+00:00,0,1614.1
2022-09-23 08:00:00+00:00,0,2545.6
2022-09-23 09:00:00+00:00,0,2826.7
2022-09-23 10:00:00+00:00,0,2848.5
2022-09-23 11:00:00+00:00,0,2752.5
2022-09-23 12:00:00+00:00,0,2745.6
2022-09-23 13:00:00+00:00,0,2845.6
2022-09-23 14:00:00+00:00,0,2793.2
2022-09-23 15:00:00+00:00,0,2575.9
2022-09-23 16:00:00+00:00,0,1662.6
2022-09-23 17:00:00+00:00,0,1307.8
2022-09-23 18:00:00+00:00,2.2,0
2022-09-23 19:00:00+00:00,0,195.7
2022-09-23 20:00:00+00:00,0,1151.5
2022-09-23 21:00:00+00:00,0,1357.8
2022-09-23 22:00:00+00:00,0,274.7
2022-09-23 23:00:00+00:00,0,565
2022-09-24 00:00:00+00:00,0,665.5
2022-09-24 01:00:00+00:00,0,475.4
2022-09-24 02:00:00+00:00,0,302.2
2022-09-24 03:00:00+00:00,0,428.5
2022-09-24 04:00:00+00:00,0,353.6
2022-09-24 05:00:00+00:00,0,100.7
2022-09-24 06:00:00+00:00,191.9,0
2022-09-24 07:00:00+00:00,0,289.2
2022-09-24 08:00:00+00:00,0,718.1
2022-09-24 09:00:00+00:00,0,1485.9
2022-09-24 10:00:00+00:00,0,2164.4
2022-09-24 11:00:00+00:00,0,2365
2022-09-24 12:00:00+00:00,0,2493.4
2022-09-24 13:00:00+00:00,0,2728.7
2022-09-24 14:00:00+00:00,0,2749.1
2022-09-24 15:00:00+00:00,0,2683.5
2022-09-24 16:00:00+00:00,0,2505.7
2022-09-24 17:00:00+00:00,0,1126.7
2022-09-24 18:00:00+00:00,0,979.2
2022-09-24 19:00:00+00:00,0,813.9
2022-09-24 20:00:00+00:00,0,1156.8
2022-09-24 21:00:00+00:00,0,1027.7
2022-09-24 22:00:00+00:00,0,292.3
2022-09-24 23:00:00+00:00,0,2.2
2022-09-25 00:00:00+00:00,134.5,0
2022-09-25 01:00:00+00:00,266.2,0
2022-09-25 02:00:00+00:00,362.9,0
2022-09-25 03:00:00+00:00,450.7,0
2022-09-25 04:00:00+00:00,653.5,0
2022-09-25 05:00:00+00:00,763.8,0
2022-09-25 06:00:00+00:00,855.7,0
2022-09-25 07:00:00+00:00,463.5,0
2022-09-25 08:00:00+00:00,0,20.6
2022-09-25 09:00:00+00:00,0,1304.2
2022-09-25 10:00:00+00:00,0,1620
2022-09-25 11:00:00+00:00,0,1326.2
2022-09-25 12:00:00+00:00,0,1267.1
2022-09-25 13:00:00+00:00,0,650
2022-09-25 14:00:00+00:00,0,650
2022-09-25 15:00:00+00:00,0,650
2022-09-25 16:00:00+00:00,0,301.1
2022-09-25 17:00:00+00:00,0,438.3
2022-09-25 18:00:00+00:00,202.2,0
2022-09-25 19:00:00+00:00,648,0
2022-09-25 20:00:00+00:00,205.9,0
2022-09-25 21:00:00+00:00,0,3.6
2022-09-25 22:00:00+00:00,0,358.2
2022-09-25 23:00:00+00:00,121.6,0
2022-09-26 00:00:00+00:00,439.4,0
2022-09-26 01:00:00+00:00,411.7,0
2022-09-26 02:00:00+00:00,503.6,0
2022-09-26 03:00:00+00:00,612.8,0
2022-09-26 04:00:00+00:00,614.7,0
2022-09-26 05:00:00+00:00,1100,0
2022-09-26 06:00:00+00:00,1100,0
2022-09-26 07:00:00+00:00,341.7,0
2022-09-26 08:00:00+00:00,0,363.3
2022-09-26 09:00:00+00:00,0,1311.4
2022-09-26 10:00:00+00:00,0,1302.4
2022-09-26 11:00:00+00:00,0,1400
2022-09-26 12:00:00+00:00,0,2052.3
2022-09-26 13:00:00+00:00,0,2325.1
2022-09-26 14:00:00+00:00,0,2228.3
2022-09-26 15:00:00+00:00,0,2222.3
2022-09-26 16:00:00+00:00,0,1407.1
2022-09-26 17:00:00+00:00,0,686.4
2022-09-26 18:00:00+00:00,962.7,0
2022-09-26 19:00:00+00:00,771.6,0
2022-09-26 20:00:00+00:00,0,307.8
2022-09-26 21:00:00+00:00,0,808.7
2022-09-26 22:00:00+00:00,356,0
2022-09-26 23:00:00+00:00,427.9,0
2022-09-27 00:00:00+00:00,238.6,0
2022-09-27 01:00:00+00:00,0,414.4
2022-09-27 02:00:00+00:00,0,439.2
2022-09-27 03:00:00+00:00,0,309.1
2022-09-27 04:00:00+00:00,113.6,0
2022-09-27 05:00:00+00:00,972.7,0
2022-09-27 06:00:00+00:00,781,0
2022-09-27 07:00:00+00:00,16.1,0
2022-09-27 08:00:00+00:00,0,1511.8
2022-09-27 09:00:00+00:00,0,2301
2022-09-27 10:00:00+00:00,0,2286.4
2022-09-27 11:00:00+00:00,0,2096.8
2022-09-27 12:00:00+00:00,0,2539.4
2022-09-27 13:00:00+00:00,0,2751.6
2022-09-27 14:00:00+00:00,0,2640.9
2022-09-27 15:00:00+00:00,0,2357.5
2022-09-27 16:00:00+00:00,0,1748
2022-09-27 17:00:00+00:00,0,682.9
2022-09-27 18:00:00+00:00,240,0
2022-09-27 19:00:00+00:00,355.1,0
2022-09-27 20:00:00+00:00,184.3,0
2022-09-27 21:00:00+00:00,76.1,0
2022-09-27 22:00:00+00:00,0,476.2
2022-09-27 23:00:00+00:00,0,315.1
2022-09-28 00:00:00+00:00,0,270.6
2022-09-28 01:00:00+00:00,0,134.5
2022-09-28 02:00:00+00:00,0,9.2
2022-09-28 03:00:00+00:00,109,0
2022-09-28 04:00:00+00:00,329.3,0
2022-09-28 05:00:00+00:00,1035,0
2022-09-28 06:00:00+00:00,986.7,0
2022-09-28 07:00:00+00:00,0,381.4
2022-09-28 08:00:00+00:00,0,900.6
2022-09-28 09:00:00+00:00,0,1012
2022-09-28 10:00:00+00:00,0,1537.7
2022-09-28 11:00:00+00:00,0,1821.7
2022-09-28 12:00:00+00:00,0,2150.5
2022-09-28 13:00:00+00:00,0,2470.9
2022-09-28 14:00:00+00:00,0,2420.7
2022-09-28 15:00:00+00:00,0,2135.1
2022-09-28 16:00:00+00:00,0,1151.7
2022-09-28 17:00:00+00:00,0,501.7
2022-09-28 18:00:00+00:00,1327.7,0
2022-09-28 19:00:00+00:00,1464,0
2022-09-28 20:00:00+00:00,401.2,0
2022-09-28 21:00:00+00:00,0,473.5
2022-09-28 22:00:00+00:00,0,754.9
2022-09-28 23:00:00+00:00,0,385.5
2022-09-29 00:00:00+00:00,0,145.3
2022-09-29 01:00:00+00:00,47.8,0
2022-09-29 02:00:00+00:00,0,76.3
2022-09-29 03:00:00+00:00,94.1,0
2022-09-29 04:00:00+00:00,200,0
2022-09-29 05:00:00+00:00,1143.5,0
2022-09-29 06:00:00+00:00,917.1,0
2022-09-29 07:00:00+00:00,0,546.6
2022-09-29 08:00:00+00:00,0,761.9
2022-09-29 09:00:00+00:00,0,1518.6
2022-09-29 10:00:00+00:00,0,1490.7
2022-09-29 11:00:00+00:00,0,1290.9
2022-09-29 12:00:00+00:00,0,1524.6
2022-09-29 13:00:00+00:00,0,1600.5
2022-09-29 14:00:00+00:00,0,1409.2
2022-09-29 15:00:00+00:00,0,888.7
2022-09-29 16:00:00+00:00,0,707
2022-09-29 17:00:00+00:00,0,647.4
2022-09-29 18:00:00+00:00,1107.1,0
2022-09-29 19:00:00+00:00,1482,0
2022-09-29 20:00:00+00:00,0,316.9
2022-09-29 21:00:00+00:00,0,1235.3
2022-09-29 22:00:00+00:00,0,902.8
2022-09-29 23:00:00+00:00,0,914.9
2022-09-30 00:00:00+00:00,0,929.6
2022-09-30 01:00:00+00:00,0,732.8
2022-09-30 02:00:00+00:00,0,648.8
2022-09-30 03:00:00+00:00,0,447.6
2022-09-30 04:00:00+00:00,0,190.1
2022-09-30 05:00:00+00:00,558.3,0
2022-09-30 06:00:00+00:00,390.7,0
2022-09-30 07:00:00+00:00,0,1390.3
2022-09-30 08:00:00+00:00,0,2582
2022-09-30 09:00:00+00:00,0,3604.1
2022-09-30 10:00:00+00:00,0,3677.2
2022-09-30 11:00:00+00:00,0,3492.4
2022-09-30 12:00:00+00:00,0,3641.6
2022-09-30 13:00:00+00:00,0,3823.4
2022-09-30 14:00:00+00:00,0,3824.6
2022-09-30 15:00:00+00:00,0,3344.8
2022-09-30 16:00:00+00:00,0,2678.4
2022-09-30 17:00:00+00:00,0,1804.1
2022-09-30 18:00:00+00:00,13.9,0
2022-09-30 19:00:00+00:00,457.4,0
2022-09-30 20:00:00+00:00,0,882.1
2022-09-30 21:00:00+00:00,0,1580.5
2022-09-30 22:00:00+00:00,0,775.8
2022-09-30 23:00:00+00:00,0,1600.1
2022-10-01 00:00:00+00:00,0,2334.6
2022-10-01 01:00:00+00:00,0,2667.3
2022-10-01 02:00:00+00:00,0,2690.6
2022-10-01 03:00:00+00:00,0,2773.9
2022-10-01 04:00:00+00:00,0,2115.6
2022-10-01 05:00:00+00:00,0,2114.2
2022-10-01 06:00:00+00:00,0,1241.7
2022-10-01 07:00:00+00:00,0,962.9
2022-10-01 08:00:00+00:00,0,1550.1
2022-10-01 09:00:00+00:00,0,2376.1
2022-10-01 10:00:00+00:00,0,2442.5
2022-10-01 11:00:00+00:00,0,2846.9
2022-10-01 12:00:00+00:00,0,2746.9
2022-10-01 13:00:00+00:00,0,2715.7
2022-10-01 14:00:00+00:00,0,2665.4
2022-10-01 15:00:00+00:00,0,2292.6
2022-10-01 16:00:00+00:00,0,1482.4
2022-10-01 17:00:00+00:00,0,252.3
2022-10-01 18:00:00+00:00,304.5,0
2022-10-01 19:00:00+00:00,0,203
2022-10-01 20:00:00+00:00,0,697.3
2022-10-01 21:00:00+00:00,0,1088.1
2022-10-01 22:00:00+00:00,0,524.7
2022-10-01 23:00:00+00:00,0,1968.1
2022-10-02 00:00:00+00:00,0,1877.9
2022-10-02 01:00:00+00:00,0,2290.3
2022-10-02 02:00:00+00:00,0,2221
2022-10-02 03:00:00+00:00,0,1985.9
2022-10-02 04:00:00+00:00,0,183.9
2022-10-02 05:00:00+00:00,0,994.1
2022-10-02 06:00:00+00:00,0,1422
2022-10-02 07:00:00+00:00,0,1691.7
2022-10-02 08:00:00+00:00,0,2020.1
2022-10-02 09:00:00+00:00,0,2481.6
2022-10-02 10:00:00+00:00,0,2274
2022-10-02 11:00:00+00:00,0,2532.7
2022-10-02 12:00:00+00:00,0,2937.3
2022-10-02 13:00:00+00:00,0,2666.8
2022-10-02 14:00:00+00:00,0,2511.5
2022-10-02 15:00:00+00:00,0,2760.3
2022-10-02 16:00:00+00:00,0,2830.5
2022-10-02 17:00:00+00:00,0,1253.8
2022-10-02 18:00:00+00:00,0,600.2
2022-10-02 19:00:00+00:00,0,723
2022-10-02 20:00:00+00:00,0,1422.7
2022-10-02 21:00:00+00:00,0,1571.3
2022-10-02 22:00:00+00:00,0,1014.2
2022-10-02 23:00:00+00:00,0,1203.4
2022-10-03 00:00:00+00:00,0,976.5
2022-10-03 01:00:00+00:00,0,891.1
2022-10-03 02:00:00+00:00,0,364
2022-10-03 03:00:00+00:00,101.1,0
2022-10-03 04:00:00+00:00,696.4,0
2022-10-03 05:00:00+00:00,769.1,0
2022-10-03 06:00:00+00:00,1176.1,0
2022-10-03 07:00:00+00:00,87.3,0
2022-10-03 08:00:00+00:00,0,668.8
2022-10-03 09:00:00+00:00,0,1227.6
2022-10-03 10:00:00+00:00,0,1760.4
2022-10-03 11:00:00+00:00,0,1897.2
2022-10-03 12:00:00+00:00,0,2069.6
2022-10-03 13:00:00+00:00,0,2366.8
2022-10-03 14:00:00+00:00,0,2321.2
2022-10-03 15:00:00+00:00,0,1641.1
2022-10-03 16:00:00+00:00,0,1134.4
2022-10-03 17:00:00+00:00,0,584.8
2022-10-03 18:00:00+00:00,1029.4,0
2022-10-03 19:00:00+00:00,844,0
2022-10-03 20:00:00+00:00,0,750.3
2022-10-03 21:00:00+00:00,0,569.9
2022-10-03 22:00:00+00:00,0,626.7
2022-10-03 23:00:00+00:00,0,870.6
2022-10-04 00:00:00+00:00,0,846.2
2022-10-04 01:00:00+00:00,0,817.9
2022-10-04 02:00:00+00:00,0,841.3
2022-10-04 03:00:00+00:00,0,832.7
2022-10-04 04:00:00+00:00,0,274.4
2022-10-04 05:00:00+00:00,638.5,0
2022-10-04 06:00:00+00:00,495.6,0
2022-10-04 07:00:00+00:00,0,631.3
2022-10-04 08:00:00+00:00,0,2041.8
2022-10-04 09:00:00+00:00,0,2204.3
2022-10-04 10:00:00+00:00,0,2477.8
2022-10-04 11:00:00+00:00,0,2577.9
2022-10-04 12:00:00+00:00,0,2881.2
2022-10-04 13:00:00+00:00,0,3207.8
2022-10-04 14:00:00+00:00,0,3040.6
2022-10-04 15:00:00+00:00,0,2463.6
2022-10-04 16:00:00+00:00,0,2384.4
2022-10-04 17:00:00+00:00,0,864.9
2022-10-04 18:00:00+00:00,0,274.1
2022-10-04 19:00:00+00:00,0,269.9
2022-10-04 20:00:00+00:00,0,1063.7
2022-10-04 21:00:00+00:00,0,1615.7
2022-10-04 22:00:00+00:00,0,822.1
2022-10-04 23:00:00+00:00,0,966.6
2022-10-05 00:00:00+00:00,0,786
2022-10-05 01:00:00+00:00,0,1040.8
2022-10-05 02:00:00+00:00,0,1912.4
2022-10-05 03:00:00+00:00,0,729.5
2022-10-05 04:00:00+00:00,0,293
2022-10-05 05:00:00+00:00,902.3,0
2022-10-05 06:00:00+00:00,1063,0
2022-10-05 07:00:00+00:00,0,201.2
2022-10-05 08:00:00+00:00,0,1236.5
2022-10-05 09:00:00+00:00,0,2083.8
2022-10-05 10:00:00+00:00,0,2340.2
2022-10-05 11:00:00+00:00,0,2472.7
2022-10-05 12:00:00+00:00,0,2388.2
2022-10-05 13:00:00+00:00,0,2539
2022-10-05 14:00:00+00:00,0,2431.2
2022-10-05 15:00:00+00:00,0,2012.6
2022-10-05 16:00:00+00:00,0,1310.1
2022-10-05 17:00:00+00:00,0,526.5
2022-10-05 18:00:00+00:00,188.9,0
2022-10-05 19:00:00+00:00,0,360.7
2022-10-05 20:00:00+00:00,0,1294.9
2022-10-05 21:00:00+00:00,0,2116.8
2022-10-05 22:00:00+00:00,0,1506.7
2022-10-05 23:00:00+00:00,0,2212.9
2022-10-06 00:00:00+00:00,0,2102.1
2022-10-06 01:00:00+00:00,0,2012.7
2022-10-06 02:00:00+00:00,0,1787.7
2022-10-06 03:00:00+00:00,0,1565.5
2022-10-06 04:00:00+00:00,0,1141.6
2022-10-06 05:00:00+00:00,0,791.9
2022-10-06 06:00:00+00:00,0,728
2022-10-06 07:00:00+00:00,0,1345.3
2022-10-06 08:00:00+00:00,0,1956.7
2022-10-06 09:00:00+00:00,0,2783.8
2022-10-06 10:00:00+00:00,0,3259.9
2022-10-06 11:00:00+00:00,0,3465.6
2022-10-06 12:00:00+00:00,0,3572.2
2022-10-06 13:00:00+00:00,0,3669.2
2022-10-06 14:00:00+00:00,0,3697
2022-10-06 15:00:00+00:00,0,3743.8
2022-10-06 16:00:00+00:00,0,3162.2
2022-10-06 17:00:00+00:00,0,1947.2
2022-10-06 18:00:00+00:00,0,1352
2022-10-06 19:00:00+00:00,0,1055.8
2022-10-06 20:00:00+00:00,0,1924.5
2022-10-06 21:00:00+00:00,0,2579.7
2022-10-06 22:00:00+00:00,0,2410.6
2022-10-06 23:00:00+00:00,0,2314.5
2022-10-07 00:00:00+00:00,0,2296.8
2022-10-07 01:00:00+00:00,0,2141.6
2022-10-07 02:00:00+00:00,0,1605.1
2022-10-07 03:00:00+00:00,0,1294.6
2022-10-07 04:00:00+00:00,0,840.7
2022-10-07 05:00:00+00:00,0,134.5
2022-10-07 06:00:00+00:00,67.4,0
2022-10-07 07:00:00+00:00,0,959.5
2022-10-07 08:00:00+00:00,0,2182.3
2022-10-07 09:00:00+00:00,0,2576.9
2022-10-07 10:00:00+00:00,0,2752.2
2022-10-07 11:00:00+00:00,0,2620
2022-10-07 12:00:00+00:00,0,2645
2022-10-07 13:00:00+00:00,0,2871.2
2022-10-07 14:00:00+00:00,0,2967.8
2022-10-07 15:00:00+00:00,0,2903.2
2022-10-07 16:00:00+00:00,0,2456.4
2022-10-07 17:00:00+00:00,0,1259.2
2022-10-07 18:00:00+00:00,0,686.6
2022-10-07 19:00:00+00:00,0,1005.5
2022-10-07 20:00:00+00:00,0,2350.1
2022-10-07 21:00:00+00:00,0,2432.2
2022-10-07 22:00:00+00:00,0,1074.7
2022-10-07 23:00:00+00:00,0,1879.2
2022-10-08 00:00:00+00:00,0,1741.6
2022-10-08 01:00:00+00:00,0,1969.3
2022-10-08 02:00:00+00:00,0,2080.2
2022-10-08 03:00:00+00:00,0,2084.6
2022-10-08 04:00:00+00:00,0,1980.1
2022-10-08 05:00:00+00:00,0,1836.4
2022-10-08 06:00:00+00:00,0,1725.6
2022-10-08 07:00:00+00:00,0,1963.1
2022-10-08 08:00:00+00:00,0,2160.5
2022-10-08 09:00:00+00:00,0,3036.7
2022-10-08 10:00:00+00:00,0,3271.3
2022-10-08 11:00:00+00:00,0,3378
2022-10-08 12:00:00+00:00,0,3156.2
2022-10-08 13:00:00+00:00,0,3338.7
2022-10-08 14:00:00+00:00,0,3307.8
2022-10-08 15:00:00+00:00,0,3349.2
2022-10-08 16:00:00+00:00,0,2916.3
2022-10-08 17:00:00+00:00,0,2363.2
2022-10-08 18:00:00+00:00,0,1172
2022-10-08 19:00:00+00:00,0,1090.3
2022-10-08 20:00:00+00:00,0,2024.4
2022-10-08 21:00:00+00:00,0,2440.8
2022-10-08 22:00:00+00:00,0,2305.5
2022-10-08 23:00:00+00:00,0,2082.3
2022-10-09 00:00:00+00:00,0,1977.2
2022-10-09 01:00:00+00:00,0,1978
2022-10-09 02:00:00+00:00,0,1897.7
2022-10-09 03:00:00+00:00,0,1860.7
2022-10-09 04:00:00+00:00,0,1752.8
2022-10-09 05:00:00+00:00,0,1776.5
2022-10-09 06:00:00+00:00,0,1862.1
2022-10-09 07:00:00+00:00,0,2796.4
2022-10-09 08:00:00+00:00,0,3163.4
2022-10-09 09:00:00+00:00,0,3300
2022-10-09 10:00:00+00:00,0,3300
2022-10-09 11:00:00+00:00,0,3300
2022-10-09 12:00:00+00:00,0,3300
2022-10-09 13:00:00+00:00,0,3145.6
2022-10-09 14:00:00+00:00,0,3033.9
2022-10-09 15:00:00+00:00,0,2795.6
2022-10-09 16:00:00+00:00,0,1822
2022-10-09 17:00:00+00:00,0,1381.3
2022-10-09 18:00:00+00:00,0,416
2022-10-09 19:00:00+00:00,0,413.8
2022-10-09 20:00:00+00:00,0,859.1
2022-10-09 21:00:00+00:00,0,1535.1
2022-10-09 22:00:00+00:00,0,2299.5
2022-10-09 23:00:00+00:00,0,2285.4
2022-10-10 00:00:00+00:00,0,2305.9
2022-10-10 01:00:00+00:00,0,2604.7
2022-10-10 02:00:00+00:00,0,2504.5
2022-10-10 03:00:00+00:00,0,1967.1
2022-10-10 04:00:00+00:00,0,1241.2
2022-10-10 05:00:00+00:00,109,0
2022-10-10 06:00:00+00:00,245.7,0
2022-10-10 07:00:00+00:00,0,282.1
2022-10-10 08:00:00+00:00,0,680.9
2022-10-10 09:00:00+00:00,0,1099.1
2022-10-10 10:00:00+00:00,0,1261.3
2022-10-10 11:00:00+00:00,0,1312.2
2022-10-10 12:00:00+00:00,0,1619.3
2022-10-10 13:00:00+00:00,0,2007.4
2022-10-10 14:00:00+00:00,0,1999.1
2022-10-10 15:00:00+00:00,0,1234
2022-10-10 16:00:00+00:00,0,916.3
2022-10-10 17:00:00+00:00,0,239.9
2022-10-10 18:00:00+00:00,0,446
2022-10-10 19:00:00+00:00,0,637
2022-10-10 20:00:00+00:00,0,838.4
2022-10-10 21:00:00+00:00,0,1425.3
2022-10-10 22:00:00+00:00,0,1303.6
2022-10-10 23:00:00+00:00,0,1621.1
2022-10-11 00:00:00+00:00,0,1349.9
2022-10-11 01:00:00+00:00,0,1145.1
2022-10-11 02:00:00+00:00,0,1194.1
2022-10-11 03:00:00+00:00,0,1038.1
2022-10-11 04:00:00+00:00,0,953.8
2022-10-11 05:00:00+00:00,0,246.5
2022-10-11 06:00:00+00:00,0,110.5
2022-10-11 07:00:00+00:00,0,695.8
2022-10-11 08:00:00+00:00,0,1576
2022-10-11 09:00:00+00:00,0,2429
2022-10-11 10:00:00+00:00,0,2646.1
2022-10-11 11:00:00+00:00,0,2590.8
2022-10-11 12:00:00+00:00,0,2544.4
2022-10-11 13:00:00+00:00,0,2756.8
2022-10-11 14:00:00+00:00,0,2870.6
2022-10-11 15:00:00+00:00,0,2795.2
2022-10-11 16:00:00+00:00,0,2250.2
2022-10-11 17:00:00+00:00,0,1400.3
2022-10-11 18:00:00+00:00,0,849
2022-10-11 19:00:00+00:00,0,911.3
2022-10-11 20:00:00+00:00,0,1955.8
2022-10-11 21:00:00+00:00,0,2049.5
2022-10-11 22:00:00+00:00,0,108.3
2022-10-11 23:00:00+00:00,0,946.7
2022-10-12 00:00:00+00:00,0,1122.4
2022-10-12 01:00:00+00:00,0,1320.3
2022-10-12 02:00:00+00:00,0,1416.1
2022-10-12 03:00:00+00:00,0,1450.8
2022-10-12 04:00:00+00:00,0,1603.5
2022-10-12 05:00:00+00:00,0,1829.3
2022-10-12 06:00:00+00:00,0,1955.9
2022-10-12 07:00:00+00:00,0,2487.7
2022-10-12 08:00:00+00:00,0,2925.7
2022-10-12 09:00:00+00:00,0,3273.3
2022-10-12 10:00:00+00:00,0,3604.7
2022-10-12 11:00:00+00:00,0,3406.6
2022-10-12 12:00:00+00:00,0,3314.5
2022-10-12 13:00:00+00:00,0,3610.7
2022-10-12 14:00:00+00:00,0,3636.4
2022-10-12 15:00:00+00:00,0,3406.1
2022-10-12 16:00:00+00:00,0,2876.5
2022-10-12 17:00:00+00:00,0,2158.1
2022-10-12 18:00:00+00:00,0,1099.2
2022-10-12 19:00:00+00:00,0,926.5
2022-10-12 20:00:00+00:00,0,1882.2
2022-10-12 21:00:00+00:00,0,2128.8
2022-10-12 22:00:00+00:00,0,1830.8
2022-10-12 23:00:00+00:00,0,1775.8
2022-10-13 00:00:00+00:00,0,1863.1
2022-10-13 01:00:00+00:00,0,1786
2022-10-13 02:00:00+00:00,0,1585.8
2022-10-13 03:00:00+00:00,0,1558.9
2022-10-13 04:00:00+00:00,0,1096.6
2022-10-13 05:00:00+00:00,493.7,0
2022-10-13 06:00:00+00:00,71,0
2022-10-13 07:00:00+00:00,0,688.7
2022-10-13 08:00:00+00:00,0,2409.5
2022-10-13 09:00:00+00:00,0,3315.3
2022-10-13 10:00:00+00:00,0,3562.5
2022-10-13 11:00:00+00:00,0,3494.4
2022-10-13 12:00:00+00:00,0,3531.9
2022-10-13 13:00:00+00:00,0,3621
2022-10-13 14:00:00+00:00,0,3512.8
2022-10-13 15:00:00+00:00,0,2939.7
2022-10-13 16:00:00+00:00,0,1975.1
2022-10-13 17:00:00+00:00,147.6,0
2022-10-13 18:00:00+00:00,0,204.9
2022-10-13 19:00:00+00:00,0,227.3
2022-10-13 20:00:00+00:00,0,600.8
2022-10-13 21:00:00+00:00,0,1551.2
2022-10-13 22:00:00+00:00,0,1280.2
2022-10-13 23:00:00+00:00,0,1159.9
2022-10-14 00:00:00+00:00,0,1455.9
2022-10-14 01:00:00+00:00,0,2317.3
2022-10-14 02:00:00+00:00,0,2256.9
2022-10-14 03:00:00+00:00,0,2115
2022-10-14 04:00:00+00:00,0,1335.5
2022-10-14 05:00:00+00:00,0,262.6
2022-10-14 06:00:00+00:00,0,154.2
2022-10-14 07:00:00+00:00,0,1062.1
2022-10-14 08:00:00+00:00,0,2987.9
2022-10-14 09:00:00+00:00,0,3720.2
2022-10-14 10:00:00+00:00,0,3855.9
2022-10-14 11:00:00+00:00,0,3781.8
2022-10-14 12:00:00+00:00,0,3772.3
2022-10-14 13:00:00+00:00,0,3950.5
2022-10-14 14:00:00+00:00,0,3813.2
2022-10-14 15:00:00+00:00,0,3296.5
2022-10-14 16:00:00+00:00,0,1857.3
2022-10-14 17:00:00+00:00,0,372.4
2022-10-14 18:00:00+00:00,0,601.5
2022-10-14 19:00:00+00:00,0,185.7
2022-10-14 20:00:00+00:00,0,775.1
2022-10-14 21:00:00+00:00,0,1637
2022-10-14 22:00:00+00:00,0,699.2
2022-10-14 23:00:00+00:00,0,700.1
2022-10-15 00:00:00+00:00,0,780.2
2022-10-15 01:00:00+00:00,0,960
2022-10-15 02:00:00+00:00,0,882.1
2022-10-15 03:00:00+00:00,0,839.9
2022-10-15 04:00:00+00:00,0,731.6
2022-10-15 05:00:00+00:00,0,832.8
2022-10-15 06:00:00+00:00,0,611.1
2022-10-15 07:00:00+00:00,0,1278.2
2022-10-15 08:00:00+00:00,0,1210.7
2022-10-15 09:00:00+00:00,0,2098.5
2022-10-15 10:00:00+00:00,0,2135.6
2022-10-15 11:00:00+00:00,0,2139.6
2022-10-15 12:00:00+00:00,0,2110.9
2022-10-15 13:00:00+00:00,0,2820.9
2022-10-15 14:00:00+00:00,0,2829.6
2022-10-15 15:00:00+00:00,0,2428.9
2022-10-15 16:00:00+00:00,0,1553.1
2022-10-15 17:00:00+00:00,0,675.5
2022-10-15 18:00:00+00:00,329.3,0
2022-10-15 19:00:00+00:00,0,198.5
2022-10-15 20:00:00+00:00,0,458.5
2022-10-15 21:00:00+00:00,0,832.7
2022-10-15 22:00:00+00:00,0,1190
2022-10-15 23:00:00+00:00,0,1454.3
2022-10-16 00:00:00+00:00,0,1331.7
2022-10-16 01:00:00+00:00,0,1198.3
2022-10-16 02:00:00+00:00,0,1327.3
2022-10-16 03:00:00+00:00,0,1553.3
2022-10-16 04:00:00+00:00,0,966.6
2022-10-16 05:00:00+00:00,0,906.6
2022-10-16 06:00:00+00:00,0,885.9
2022-10-16 07:00:00+00:00,0,1209.2
2022-10-16 08:00:00+00:00,0,1476.8
2022-10-16 09:00:00+00:00,0,2035
2022-10-16 10:00:00+00:00,0,2174.6
2022-10-16 11:00:00+00:00,0,2076
2022-10-16 12:00:00+00:00,0,2164.9
2022-10-16 13:00:00+00:00,0,1938.1
2022-10-16 14:00:00+00:00,0,1885.1
2022-10-16 15:00:00+00:00,0,1576.3
2022-10-16 16:00:00+00:00,0,974.5
2022-10-16 17:00:00+00:00,0,937.3
2022-10-16 18:00:00+00:00,395.2,0
2022-10-16 19:00:00+00:00,226.3,0
2022-10-16 20:00:00+00:00,184.6,0
2022-10-16 21:00:00+00:00,0,785.1
2022-10-16 22:00:00+00:00,0,709.6
2022-10-16 23:00:00+00:00,0,1316.6
2022-10-17 00:00:00+00:00,0,1405.3
2022-10-17 01:00:00+00:00,0,1820.9
2022-10-17 02:00:00+00:00,0,1616.3
2022-10-17 03:00:00+00:00,0,697.9
2022-10-17 04:00:00+00:00,108.8,0
2022-10-17 05:00:00+00:00,1043.4,0
2022-10-17 06:00:00+00:00,698,0
2022-10-17 07:00:00+00:00,0,48.8
2022-10-17 08:00:00+00:00,0,536
2022-10-17 09:00:00+00:00,0,1559.2
2022-10-17 10:00:00+00:00,0,1895.1
2022-10-17 11:00:00+00:00,0,2254
2022-10-17 12:00:00+00:00,0,2134.5
2022-10-17 13:00:00+00:00,0,2287.8
2022-10-17 14:00:00+00:00,0,2144.3
2022-10-17 15:00:00+00:00,0,1893
2022-10-17 16:00:00+00:00,0,1374.5
2022-10-17 17:00:00+00:00,0,870.5
2022-10-17 18:00:00+00:00,0,355.9
2022-10-17 19:00:00+00:00,0,293.7
2022-10-17 20:00:00+00:00,0,894.4
2022-10-17 21:00:00+00:00,0,1239.6
2022-10-17 22:00:00+00:00,0,877.4
2022-10-17 23:00:00+00:00,0,293.5
2022-10-18 00:00:00+00:00,64.2,0
2022-10-18 01:00:00+00:00,158.3,0
2022-10-18 02:00:00+00:00,177.6,0
2022-10-18 03:00:00+00:00,168.5,0
2022-10-18 04:00:00+00:00,754.7,0
2022-10-18 05:00:00+00:00,1516.5,0
2022-10-18 06:00:00+00:00,1970.7,0
2022-10-18 07:00:00+00:00,1066.5,0
2022-10-18 08:00:00+00:00,0,367.3
2022-10-18 09:00:00+00:00,0,973
2022-10-18 10:00:00+00:00,0,1900.8
2022-10-18 11:00:00+00:00,0,2065.3
2022-10-18 12:00:00+00:00,0,1869.3
2022-10-18 13:00:00+00:00,0,2114.7
2022-10-18 14:00:00+00:00,0,2098.3
2022-10-18 15:00:00+00:00,0,1572.5
2022-10-18 16:00:00+00:00,0,451.4
2022-10-18 17:00:00+00:00,108.3,0
2022-10-18 18:00:00+00:00,746.4,0
2022-10-18 19:00:00+00:00,828.7,0
2022-10-18 20:00:00+00:00,0,273.6
2022-10-18 21:00:00+00:00,0,26.3
2022-10-18 22:00:00+00:00,1164.4,0
2022-10-18 23:00:00+00:00,1322.6,0
2022-10-19 00:00:00+00:00,1110.9,0
2022-10-19 01:00:00+00:00,1099.7,0
2022-10-19 02:00:00+00:00,1305,0
2022-10-19 03:00:00+00:00,1613.4,0
2022-10-19 04:00:00+00:00,1795.3,0
2022-10-19 05:00:00+00:00,1710,0
2022-10-19 06:00:00+00:00,1710,0
2022-10-19 07:00:00+00:00,1331.7,0
2022-10-19 08:00:00+00:00,443.1,0
2022-10-19 09:00:00+00:00,51.2,0
2022-10-19 10:00:00+00:00,0,118.3
2022-10-19 11:00:00+00:00,0,355.1
2022-10-19 12:00:00+00:00,0,593.2
2022-10-19 13:00:00+00:00,0,780.7
2022-10-19 14:00:00+00:00,0,376.2
2022-10-19 15:00:00+00:00,0,343.8
2022-10-19 16:00:00+00:00,838.3,0
2022-10-19 17:00:00+00:00,1195.9,0
2022-10-19 18:00:00+00:00,1930.1,0
2022-10-19 19:00:00+00:00,1539.1,0
2022-10-19 20:00:00+00:00,683.3,0
2022-10-19 21:00:00+00:00,445.4,0
2022-10-19 22:00:00+00:00,281,0
2022-10-19 23:00:00+00:00,337.1,0
2022-10-20 00:00:00+00:00,298.5,0
2022-10-20 01:00:00+00:00,422,0
2022-10-20 02:00:00+00:00,585.1,0
2022-10-20 03:00:00+00:00,775.9,0
2022-10-20 04:00:00+00:00,829.7,0
2022-10-20 05:00:00+00:00,761.2,0
2022-10-20 06:00:00+00:00,1449.4,0
2022-10-20 07:00:00+00:00,867.8,0
2022-10-20 08:00:00+00:00,0,179.9
2022-10-20 09:00:00+00:00,0,579
2022-10-20 10:00:00+00:00,0,693
2022-10-20 11:00:00+00:00,0,523.5
2022-10-20 12:00:00+00:00,0,496
2022-10-20 13:00:00+00:00,0,760.2
2022-10-20 14:00:00+00:00,0,729.2
2022-10-20 15:00:00+00:00,0,913.8
2022-10-20 16:00:00+00:00,0,628.5
2022-10-20 17:00:00+00:00,0,804
2022-10-20 18:00:00+00:00,510,0
2022-10-20 19:00:00+00:00,0,130.7
2022-10-20 20:00:00+00:00,0,1161.1
2022-10-20 21:00:00+00:00,0,929.4
2022-10-20 22:00:00+00:00,0,726.3
2022-10-20 23:00:00+00:00,0,728.8
2022-10-21 00:00:00+00:00,0,520.5
2022-10-21 01:00:00+00:00,0,425.9
2022-10-21 02:00:00+00:00,0,263.2
2022-10-21 03:00:00+00:00,0,26.6
2022-10-21 04:00:00+00:00,159,0
2022-10-21 05:00:00+00:00,644.9,0
2022-10-21 06:00:00+00:00,648.2,0
2022-10-21 07:00:00+00:00,278.8,0
2022-10-21 08:00:00+00:00,0,610.9
2022-10-21 09:00:00+00:00,0,848.9
2022-10-21 10:00:00+00:00,0,854.8
2022-10-21 11:00:00+00:00,0,652.8
2022-10-21 12:00:00+00:00,0,812.4
2022-10-21 13:00:00+00:00,0,1084.2
2022-10-21 14:00:00+00:00,0,995.1
2022-10-21 15:00:00+00:00,0,1083.3
2022-10-21 16:00:00+00:00,0,847.2
2022-10-21 17:00:00+00:00,0,335.7
2022-10-21 18:00:00+00:00,769.3,0
2022-10-21 19:00:00+00:00,699.5,0
2022-10-21 20:00:00+00:00,0,510.8
2022-10-21 21:00:00+00:00,0,27.6
2022-10-21 22:00:00+00:00,278.9,0
2022-10-21 23:00:00+00:00,639.9,0
2022-10-22 00:00:00+00:00,720.9,0
2022-10-22 01:00:00+00:00,1040.7,0
2022-10-22 02:00:00+00:00,885.8,0
2022-10-22 03:00:00+00:00,1088.2,0
2022-10-22 04:00:00+00:00,1768.9,0
2022-10-22 05:00:00+00:00,1673.2,0
2022-10-22 06:00:00+00:00,2242.4,0
2022-10-22 07:00:00+00:00,2261.4,0
2022-10-22 08:00:00+00:00,1116.4,0
2022-10-22 09:00:00+00:00,980.5,0
2022-10-22 10:00:00+00:00,13.6,0
2022-10-22 11:00:00+00:00,0,183.5
2022-10-22 12:00:00+00:00,0,573
2022-10-22 13:00:00+00:00,0,1073.9
2022-10-22 14:00:00+00:00,0,1399.5
2022-10-22 15:00:00+00:00,0,706.4
2022-10-22 16:00:00+00:00,0,83.4
2022-10-22 17:00:00+00:00,431,0
2022-10-22 18:00:00+00:00,890.3,0
2022-10-22 19:00:00+00:00,898.8,0
2022-10-22 20:00:00+00:00,301,0
2022-10-22 21:00:00+00:00,0,27.1
2022-10-22 22:00:00+00:00,0,1.6
2022-10-22 23:00:00+00:00,0,14.5
2022-10-23 00:00:00+00:00,130.1,0
2022-10-23 01:00:00+00:00,233.6,0
2022-10-23 02:00:00+00:00,47.9,0
2022-10-23 03:00:00+00:00,0,127.5
2022-10-23 04:00:00+00:00,86.4,0
2022-10-23 05:00:00+00:00,0,35.7
2022-10-23 06:00:00+00:00,0,251.5
2022-10-23 07:00:00+00:00,0,521.9
2022-10-23 08:00:00+00:00,0,827.8
2022-10-23 09:00:00+00:00,0,1155.9
2022-10-23 10:00:00+00:00,0,1616.2
2022-10-23 11:00:00+00:00,0,1708
2022-10-23 12:00:00+00:00,0,1925.1
2022-10-23 13:00:00+00:00,0,1957.9
2022-10-23 14:00:00+00:00,0,1859.1
2022-10-23 15:00:00+00:00,0,1634.2
2022-10-23 16:00:00+00:00,0,994.2
2022-10-23 17:00:00+00:00,0,684.4
2022-10-23 18:00:00+00:00,0,647.1
2022-10-23 19:00:00+00:00,0,415.9
2022-10-23 20:00:00+00:00,0,699.6
2022-10-23 21:00:00+00:00,0,1428.1
2022-10-23 22:00:00+00:00,0,1702.3
2022-10-23 23:00:00+00:00,0,1771.6
2022-10-24 00:00:00+00:00,0,1715.8
2022-10-24 01:00:00+00:00,0,1705
2022-10-24 02:00:00+00:00,0,1973.1
2022-10-24 03:00:00+00:00,0,1468.3
2022-10-24 04:00:00+00:00,0,708.8
2022-10-24 05:00:00+00:00,0,662
2022-10-24 06:00:00+00:00,0,891.3
2022-10-24 07:00:00+00:00,0,1463.5
2022-10-24 08:00:00+00:00,0,2169.5
2022-10-24 09:00:00+00:00,0,2324.8
2022-10-24 10:00:00+00:00,0,2890.3
2022-10-24 11:00:00+00:00,0,2897.5
2022-10-24 12:00:00+00:00,0,2986.4
2022-10-24 13:00:00+00:00,0,2963.9
2022-10-24 14:00:00+00:00,0,2696.9
2022-10-24 15:00:00+00:00,0,2298.7
2022-10-24 16:00:00+00:00,0,1387
2022-10-24 17:00:00+00:00,0,1137.9
2022-10-24 18:00:00+00:00,0,144.8
2022-10-24 19:00:00+00:00,0,633.4
2022-10-24 20:00:00+00:00,0,1591.2
2022-10-24 21:00:00+00:00,0,1470
2022-10-24 22:00:00+00:00,0,703
2022-10-24 23:00:00+00:00,0,503.1
2022-10-25 00:00:00+00:00,0,1134.1
2022-10-25 01:00:00+00:00,0,1149.8
2022-10-25 02:00:00+00:00,0,1391.2
2022-10-25 03:00:00+00:00,0,1182.3
2022-10-25 04:00:00+00:00,0,395.3
2022-10-25 05:00:00+00:00,460.1,0
2022-10-25 06:00:00+00:00,1764.1,0
2022-10-25 07:00:00+00:00,1069,0
2022-10-25 08:00:00+00:00,0,480.8
2022-10-25 09:00:00+00:00,0,748.1
2022-10-25 10:00:00+00:00,0,870.5
2022-10-25 11:00:00+00:00,0,1597.4
2022-10-25 12:00:00+00:00,0,1714.7
2022-10-25 13:00:00+00:00,0,2030.2
2022-10-25 14:00:00+00:00,0,1944.5
2022-10-25 15:00:00+00:00,0,1548.7
2022-10-25 16:00:00+00:00,0,926.9
2022-10-25 17:00:00+00:00,0,61.8
2022-10-25 18:00:00+00:00,0,123.5
2022-10-25 19:00:00+00:00,0,781
2022-10-25 20:00:00+00:00,0,1389.8
2022-10-25 21:00:00+00:00,0,1098.3
2022-10-25 22:00:00+00:00,0,1234.5
2022-10-25 23:00:00+00:00,0,1768.9
2022-10-26 00:00:00+00:00,0,2156.8
2022-10-26 01:00:00+00:00,0,2176.7
2022-10-26 02:00:00+00:00,0,2211.9
2022-10-26 03:00:00+00:00,0,1839.2
2022-10-26 04:00:00+00:00,0,851.4
2022-10-26 05:00:00+00:00,1396.4,0
2022-10-26 06:00:00+00:00,1452.8,0
2022-10-26 07:00:00+00:00,434.6,0
2022-10-26 08:00:00+00:00,0,1193.9
2022-10-26 09:00:00+00:00,0,1427
2022-10-26 10:00:00+00:00,0,1272.5
2022-10-26 11:00:00+00:00,0,1772.9
2022-10-26 12:00:00+00:00,0,1234.3
2022-10-26 13:00:00+00:00,0,1601.8
2022-10-26 14:00:00+00:00,0,581.3
2022-10-26 15:00:00+00:00,0,630.2
2022-10-26 16:00:00+00:00,415.4,0
2022-10-26 17:00:00+00:00,1646.2,0
2022-10-26 18:00:00+00:00,567.2,0
2022-10-26 19:00:00+00:00,0,677.4
2022-10-26 20:00:00+00:00,0,462.1
2022-10-26 21:00:00+00:00,0,1161.1
2022-10-26 22:00:00+00:00,514.2,0
2022-10-26 23:00:00+00:00,680.9,0
2022-10-27 00:00:00+00:00,537,0
2022-10-27 01:00:00+00:00,0,520.9
2022-10-27 02:00:00+00:00,0,895
2022-10-27 03:00:00+00:00,0,132.9
2022-10-27 04:00:00+00:00,457.4,0
2022-10-27 05:00:00+00:00,1601.4,0
2022-10-27 06:00:00+00:00,2676.5,0
2022-10-27 07:00:00+00:00,1675.4,0
2022-10-27 08:00:00+00:00,0,270.4
2022-10-27 09:00:00+00:00,0,808.9
2022-10-27 10:00:00+00:00,0,918.4
2022-10-27 11:00:00+00:00,0,761.2
2022-10-27 12:00:00+00:00,0,1294.4
2022-10-27 13:00:00+00:00,0,1777
2022-10-27 14:00:00+00:00,0,1585.4
2022-10-27 15:00:00+00:00,0,546.3
2022-10-27 16:00:00+00:00,1237.9,0
2022-10-27 17:00:00+00:00,2532.9,0
2022-10-27 18:00:00+00:00,1069.8,0
2022-10-27 19:00:00+00:00,0,49.1
2022-10-27 20:00:00+00:00,0,488.8
2022-10-27 21:00:00+00:00,0,450.3
2022-10-27 22:00:00+00:00,0,1007.2
2022-10-27 23:00:00+00:00,0,1034.8
2022-10-28 00:00:00+00:00,0,1560
2022-10-28 01:00:00+00:00,0,1595.7
2022-10-28 02:00:00+00:00,0,1376.5
2022-10-28 03:00:00+00:00,0,931.8
2022-10-28 04:00:00+00:00,266.5,0
2022-10-28 05:00:00+00:00,1108.5,0
2022-10-28 06:00:00+00:00,1513.1,0
2022-10-28 07:00:00+00:00,743.6,0
2022-10-28 08:00:00+00:00,0,256.4
2022-10-28 09:00:00+00:00,0,914.6
2022-10-28 10:00:00+00:00,0,953.1
2022-10-28 11:00:00+00:00,0,743.2
2022-10-28 12:00:00+00:00,0,761.2
2022-10-28 13:00:00+00:00,0,1418.3
2022-10-28 14:00:00+00:00,0,829.9
2022-10-28 15:00:00+00:00,0,720.4
2022-10-28 16:00:00+00:00,674.3,0
2022-10-28 17:00:00+00:00,1109.4,0
2022-10-28 18:00:00+00:00,399.3,0
2022-10-28 19:00:00+00:00,0,178.7
2022-10-28 20:00:00+00:00,0,268.4
2022-10-28 21:00:00+00:00,0,321.8
2022-10-28 22:00:00+00:00,501.8,0
2022-10-28 23:00:00+00:00,440.2,0
2022-10-29 00:00:00+00:00,663.8,0
2022-10-29 01:00:00+00:00,792.6,0
2022-10-29 02:00:00+00:00,838.9,0
2022-10-29 03:00:00+00:00,788.2,0
2022-10-29 04:00:00+00:00,719.4,0
2022-10-29 05:00:00+00:00,711.8,0
2022-10-29 06:00:00+00:00,908.1,0
2022-10-29 07:00:00+00:00,121.6,0
2022-10-29 08:00:00+00:00,0,200.1
2022-10-29 09:00:00+00:00,0,985.7
2022-10-29 10:00:00+00:00,0,2060.4
2022-10-29 11:00:00+00:00,0,2447.4
2022-10-29 12:00:00+00:00,0,2392.3
2022-10-29 13:00:00+00:00,0,2125.7
2022-10-29 14:00:00+00:00,0,2093.4
2022-10-29 15:00:00+00:00,0,1910.3
2022-10-29 16:00:00+00:00,0,3.5
2022-10-29 17:00:00+00:00,0,136.9
2022-10-29 18:00:00+00:00,0,702.4
2022-10-29 19:00:00+00:00,0,545.5
2022-10-29 20:00:00+00:00,0,966.9
2022-10-29 21:00:00+00:00,0,1235.8
2022-10-29 22:00:00+00:00,0,1906
2022-10-29 23:00:00+00:00,0,2375.6
2022-10-30 00:00:00+00:00,0,2295
2022-10-30 01:00:00+00:00,0,2792.2
2022-10-30 02:00:00+00:00,0,2726.3
2022-10-30 03:00:00+00:00,0,2520
2022-10-30 04:00:00+00:00,0,2751.1
2022-10-30 05:00:00+00:00,0,2867.6
2022-10-30 06:00:00+00:00,0,2176
2022-10-30 07:00:00+00:00,0,2111.4
2022-10-30 08:00:00+00:00,0,2391.4
2022-10-30 09:00:00+00:00,0,2302.2
2022-10-30 10:00:00+00:00,0,2650.6
2022-10-30 11:00:00+00:00,0,2802.9
2022-10-30 12:00:00+00:00,0,2825.7
2022-10-30 13:00:00+00:00,0,2564
2022-10-30 14:00:00+00:00,0,2543.3
2022-10-30 15:00:00+00:00,0,2205
2022-10-30 16:00:00+00:00,0,321.8
2022-10-30 17:00:00+00:00,0,40.3
2022-10-30 18:00:00+00:00,224.2,0
2022-10-30 19:00:00+00:00,119,0
2022-10-30 20:00:00+00:00,221.9,0
2022-10-30 21:00:00+00:00,401.8,0
2022-10-30 22:00:00+00:00,0,1073.8
2022-10-30 23:00:00+00:00,0,217.5
2022-10-31 00:00:00+00:00,0,451.2
2022-10-31 01:00:00+00:00,0,1096.3
2022-10-31 02:00:00+00:00,0,856.6
2022-10-31 03:00:00+00:00,0,548.6
2022-10-31 04:00:00+00:00,0,104.4
2022-10-31 05:00:00+00:00,971.9,0
2022-10-31 06:00:00+00:00,1958.9,0
2022-10-31 07:00:00+00:00,1531.3,0
2022-10-31 08:00:00+00:00,349.8,0
2022-10-31 09:00:00+00:00,0,278.3
2022-10-31 10:00:00+00:00,0,358.1
2022-10-31 11:00:00+00:00,0,545.3
2022-10-31 12:00:00+00:00,0,570.6
2022-10-31 13:00:00+00:00,0,440.4
2022-10-31 14:00:00+00:00,0,603.3
2022-10-31 15:00:00+00:00,0,1074.4
2022-10-31 16:00:00+00:00,0,693.6
2022-10-31 17:00:00+00:00,0,486.8
2022-10-31 18:00:00+00:00,0,178.7
2022-10-31 19:00:00+00:00,472.3,0
2022-10-31 20:00:00+00:00,547.8,0
2022-10-31 21:00:00+00:00,560.6,0
2022-10-31 22:00:00+00:00,260,0
2022-10-31 23:00:00+00:00,0,650.7
2022-11-01 00:00:00+00:00,0,1453.1
2022-11-01 01:00:00+00:00,0,1510.3
2022-11-01 02:00:00+00:00,0,1315.6
2022-11-01 03:00:00+00:00,0,1185.1
2022-11-01 04:00:00+00:00,0,945.3
2022-11-01 05:00:00+00:00,0,865
2022-11-01 06:00:00+00:00,0,920
2022-11-01 07:00:00+00:00,0,837.9
2022-11-01 08:00:00+00:00,0,758.6
2022-11-01 09:00:00+00:00,0,1533.7
2022-11-01 10:00:00+00:00,0,1997.8
2022-11-01 11:00:00+00:00,0,1942.1
2022-11-01 12:00:00+00:00,0,2150.3
2022-11-01 13:00:00+00:00,0,1881.1
2022-11-01 14:00:00+00:00,0,1697.6
2022-11-01 15:00:00+00:00,0,811.6
2022-11-01 16:00:00+00:00,0,709.3
2022-11-01 17:00:00+00:00,0,417.7
2022-11-01 18:00:00+00:00,269.9,0
2022-11-01 19:00:00+00:00,337,0
2022-11-01 20:00:00+00:00,55.1,0
2022-11-01 21:00:00+00:00,4.5,0
2022-11-01 22:00:00+00:00,0,843.4
2022-11-01 23:00:00+00:00,0,594.4
2022-11-02 00:00:00+00:00,0,976.9
2022-11-02 01:00:00+00:00,0,834.6
2022-11-02 02:00:00+00:00,0,787.7
2022-11-02 03:00:00+00:00,0,795.9
2022-11-02 04:00:00+00:00,0,761.8
2022-11-02 05:00:00+00:00,0,430.3
2022-11-02 06:00:00+00:00,719.7,0
2022-11-02 07:00:00+00:00,432.8,0
2022-11-02 08:00:00+00:00,0,1060.7
2022-11-02 09:00:00+00:00,0,1743.4
2022-11-02 10:00:00+00:00,0,1782.6
2022-11-02 11:00:00+00:00,0,2219.2
2022-11-02 12:00:00+00:00,0,2222.2
2022-11-02 13:00:00+00:00,0,2121.3
2022-11-02 14:00:00+00:00,0,2366.4
2022-11-02 15:00:00+00:00,0,2115.4
2022-11-02 16:00:00+00:00,0,966.9
2022-11-02 17:00:00+00:00,0,484
2022-11-02 18:00:00+00:00,0,600.5
2022-11-02 19:00:00+00:00,0,360.9
2022-11-02 20:00:00+00:00,0,878.9
2022-11-02 21:00:00+00:00,0,1659.4
2022-11-02 22:00:00+00:00,0,1349.5
2022-11-02 23:00:00+00:00,0,835.3
2022-11-03 00:00:00+00:00,0,691.2
2022-11-03 01:00:00+00:00,0,650.6
2022-11-03 02:00:00+00:00,0,1407.5
2022-11-03 03:00:00+00:00,0,1788.2
2022-11-03 04:00:00+00:00,0,1329.8
2022-11-03 05:00:00+00:00,0,404.6
2022-11-03 06:00:00+00:00,663.3,0
2022-11-03 07:00:00+00:00,414.3,0
2022-11-03 08:00:00+00:00,0,521.2
2022-11-03 09:00:00+00:00,0,809
2022-11-03 10:00:00+00:00,0,918.4
2022-11-03 11:00:00+00:00,0,1149.2
2022-11-03 12:00:00+00:00,0,1239.6
2022-11-03 13:00:00+00:00,0,577.4
2022-11-03 14:00:00+00:00,0,687.5
2022-11-03 15:00:00+00:00,0,640.9
2022-11-03 16:00:00+00:00,0,528.8
2022-11-03 17:00:00+00:00,0,70.1
2022-11-03 18:00:00+00:00,0,460.3
2022-11-03 19:00:00+00:00,0,1156.5
2022-11-03 20:00:00+00:00,0,1998.2
2022-11-03 21:00:00+00:00,0,2240.2
2022-11-03 22:00:00+00:00,0,2085
2022-11-03 23:00:00+00:00,0,927.4
2022-11-04 00:00:00+00:00,0,836.2
2022-11-04 01:00:00+00:00,0,615.7
2022-11-04 02:00:00+00:00,0,876.2
2022-11-04 03:00:00+00:00,0,795.9
2022-11-04 04:00:00+00:00,0,607.9
2022-11-04 05:00:00+00:00,437,0
2022-11-04 06:00:00+00:00,1773.1,0
2022-11-04 07:00:00+00:00,1364,0
2022-11-04 08:00:00+00:00,0,370.5
2022-11-04 09:00:00+00:00,0,1652.6
2022-11-04 10:00:00+00:00,0,2023.8
2022-11-04 11:00:00+00:00,0,2243.4
2022-11-04 12:00:00+00:00,0,2655
2022-11-04 13:00:00+00:00,0,2779.7
2022-11-04 14:00:00+00:00,0,2675.2
2022-11-04 15:00:00+00:00,0,2460.3
2022-11-04 16:00:00+00:00,0,1332.3
2022-11-04 17:00:00+00:00,662.5,0
2022-11-04 18:00:00+00:00,979.3,0
2022-11-04 19:00:00+00:00,664.2,0
2022-11-04 20:00:00+00:00,602.9,0
2022-11-04 21:00:00+00:00,408.6,0
2022-11-04 22:00:00+00:00,0,628.2
2022-11-04 23:00:00+00:00,0,993
2022-11-05 00:00:00+00:00,0,1477.9
2022-11-05 01:00:00+00:00,0,1472.8
2022-11-05 02:00:00+00:00,0,1277.2
2022-11-05 03:00:00+00:00,0,1213.3
2022-11-05 04:00:00+00:00,0,1252
2022-11-05 05:00:00+00:00,0,1063.1
2022-11-05 06:00:00+00:00,0,1011
2022-11-05 07:00:00+00:00,0,1023
2022-11-05 08:00:00+00:00,0,1774.1
2022-11-05 09:00:00+00:00,0,2012.5
2022-11-05 10:00:00+00:00,0,2420.5
2022-11-05 11:00:00+00:00,0,2515.1
2022-11-05 12:00:00+00:00,0,2754.2
2022-11-05 13:00:00+00:00,0,2551.8
2022-11-05 14:00:00+00:00,0,2522.8
2022-11-05 15:00:00+00:00,0,2084.6
2022-11-05 16:00:00+00:00,0,680.2
2022-11-05 17:00:00+00:00,824.2,0
2022-11-05 18:00:00+00:00,0,3.7
2022-11-05 19:00:00+00:00,0,1358.6
2022-11-05 20:00:00+00:00,0,1631.1
2022-11-05 21:00:00+00:00,0,1890.6
2022-11-05 22:00:00+00:00,0,1705
2022-11-05 23:00:00+00:00,0,729.3
2022-11-06 00:00:00+00:00,0,1327.4
2022-11-06 01:00:00+00:00,0,1436.1
2022-11-06 02:00:00+00:00,0,1928
2022-11-06 03:00:00+00:00,0,2475
2022-11-06 04:00:00+00:00,0,1748.8
2022-11-06 05:00:00+00:00,0,1762
2022-11-06 06:00:00+00:00,0,1378.5
2022-11-06 07:00:00+00:00,0,1354.4
2022-11-06 08:00:00+00:00,0,2704.2
2022-11-06 09:00:00+00:00,0,3399.2
2022-11-06 10:00:00+00:00,0,2608.2
2022-11-06 11:00:00+00:00,0,3581.7
2022-11-06 12:00:00+00:00,0,2892.8
2022-11-06 13:00:00+00:00,0,2470.7
2022-11-06 14:00:00+00:00,0,1700
2022-11-06 15:00:00+00:00,0,1700
2022-11-06 16:00:00+00:00,0,1179.5
2022-11-06 17:00:00+00:00,0,190.2
2022-11-06 18:00:00+00:00,0,1164.4
2022-11-06 19:00:00+00:00,0,1394
2022-11-06 20:00:00+00:00,0,1653.4
2022-11-06 21:00:00+00:00,0,1599.7
2022-11-06 22:00:00+00:00,0,1444.1
2022-11-06 23:00:00+00:00,0,1731.2
2022-11-07 00:00:00+00:00,0,1950.3
2022-11-07 01:00:00+00:00,0,1962.5
2022-11-07 02:00:00+00:00,0,2049.7
2022-11-07 03:00:00+00:00,0,2216.8
2022-11-07 04:00:00+00:00,0,1165.5
2022-11-07 05:00:00+00:00,0,690.6
2022-11-07 06:00:00+00:00,1034.5,0
2022-11-07 07:00:00+00:00,774,0
2022-11-07 08:00:00+00:00,0,858.4
2022-11-07 09:00:00+00:00,0,2017.6
2022-11-07 10:00:00+00:00,0,2065.5
2022-11-07 11:00:00+00:00,0,2365.3
2022-11-07 12:00:00+00:00,0,2143.8
2022-11-07 13:00:00+00:00,0,1963.6
2022-11-07 14:00:00+00:00,0,1973.7
2022-11-07 15:00:00+00:00,0,1136.8
2022-11-07 16:00:00+00:00,0,134.8
2022-11-07 17:00:00+00:00,1221.6,0
2022-11-07 18:00:00+00:00,1485.3,0
2022-11-07 19:00:00+00:00,295.1,0
2022-11-07 20:00:00+00:00,0,362.9
2022-11-07 21:00:00+00:00,0,633.2
2022-11-07 22:00:00+00:00,0,548.2
2022-11-07 23:00:00+00:00,0,194.4
2022-11-08 00:00:00+00:00,0,840.7
2022-11-08 01:00:00+00:00,0,1229
2022-11-08 02:00:00+00:00,0,1488
2022-11-08 03:00:00+00:00,0,1455.4
2022-11-08 04:00:00+00:00,0,723.5
2022-11-08 05:00:00+00:00,420.7,0
2022-11-08 06:00:00+00:00,1270,0
2022-11-08 07:00:00+00:00,992.2,0
2022-11-08 08:00:00+00:00,224,0
2022-11-08 09:00:00+00:00,137.9,0
2022-11-08 10:00:00+00:00,0,146
2022-11-08 11:00:00+00:00,0,392.7
2022-11-08 12:00:00+00:00,0,106.3
2022-11-08 13:00:00+00:00,0,83.7
2022-11-08 14:00:00+00:00,7.1,0
2022-11-08 15:00:00+00:00,0,311.2
2022-11-08 16:00:00+00:00,109.1,0
2022-11-08 17:00:00+00:00,1014.2,0
2022-11-08 18:00:00+00:00,1318.9,0
2022-11-08 19:00:00+00:00,0,754.9
2022-11-08 20:00:00+00:00,0,1744.5
2022-11-08 21:00:00+00:00,0,1607.7
2022-11-08 22:00:00+00:00,0,1414.3
2022-11-08 23:00:00+00:00,0,1386.3
2022-11-09 00:00:00+00:00,0,2117.6
2022-11-09 01:00:00+00:00,0,2130
2022-11-09 02:00:00+00:00,0,2512.6
2022-11-09 03:00:00+00:00,0,2520.3
2022-11-09 04:00:00+00:00,0,2124.3
2022-11-09 05:00:00+00:00,0,450.5
2022-11-09 06:00:00+00:00,0,464
2022-11-09 07:00:00+00:00,0,15.8
2022-11-09 08:00:00+00:00,0,1294
2022-11-09 09:00:00+00:00,0,1945.4
2022-11-09 10:00:00+00:00,0,1891.2
2022-11-09 11:00:00+00:00,0,1911.2
2022-11-09 12:00:00+00:00,0,1757.7
2022-11-09 13:00:00+00:00,0,1687.9
2022-11-09 14:00:00+00:00,0,1944.2
2022-11-09 15:00:00+00:00,0,1776.3
2022-11-09 16:00:00+00:00,0,839.3
2022-11-09 17:00:00+00:00,71.3,0
2022-11-09 18:00:00+00:00,257.2,0
2022-11-09 19:00:00+00:00,0,1231
2022-11-09 20:00:00+00:00,0,2047.6
2022-11-09 21:00:00+00:00,0,2574.5
2022-11-09 22:00:00+00:00,0,2243
2022-11-09 23:00:00+00:00,0,1455.9
2022-11-10 00:00:00+00:00,0,1073.2
2022-11-10 01:00:00+00:00,0,922
2022-11-10 02:00:00+00:00,0,1363.1
2022-11-10 03:00:00+00:00,0,1526.5
2022-11-10 04:00:00+00:00,0,779.3
2022-11-10 05:00:00+00:00,0,647.3
2022-11-10 06:00:00+00:00,370.7,0
2022-11-10 07:00:00+00:00,395.5,0
2022-11-10 08:00:00+00:00,0,763.3
2022-11-10 09:00:00+00:00,0,1525.2
2022-11-10 10:00:00+00:00,0,1716
2022-11-10 11:00:00+00:00,0,1702.1
2022-11-10 12:00:00+00:00,0,1604.8
2022-11-10 13:00:00+00:00,0,1560.4
2022-11-10 14:00:00+00:00,0,1743.9
2022-11-10 15:00:00+00:00,0,1556.6
2022-11-10 16:00:00+00:00,0,590.7
2022-11-10 17:00:00+00:00,688.2,0
2022-11-10 18:00:00+00:00,1318.2,0
2022-11-10 19:00:00+00:00,1224.1,0
2022-11-10 20:00:00+00:00,578.4,0
2022-11-10 21:00:00+00:00,0,392.8
2022-11-10 22:00:00+00:00,0,470.2
2022-11-10 23:00:00+00:00,1033.5,0
2022-11-11 00:00:00+00:00,711.5,0
2022-11-11 01:00:00+00:00,543,0
2022-11-11 02:00:00+00:00,628.9,0
2022-11-11 03:00:00+00:00,648.1,0
2022-11-11 04:00:00+00:00,888.3,0
2022-11-11 05:00:00+00:00,1072.9,0
2022-11-11 06:00:00+00:00,2780.8,0
2022-11-11 07:00:00+00:00,2691.7,0
2022-11-11 08:00:00+00:00,592.3,0
2022-11-11 09:00:00+00:00,568,0
2022-11-11 10:00:00+00:00,0,12.4
2022-11-11 11:00:00+00:00,0,240.1
2022-11-11 12:00:00+00:00,0,439.8
2022-11-11 13:00:00+00:00,0,726.9
2022-11-11 14:00:00+00:00,0,971.8
2022-11-11 15:00:00+00:00,0,492.7
2022-11-11 16:00:00+00:00,27.1,0
2022-11-11 17:00:00+00:00,1327.8,0
2022-11-11 18:00:00+00:00,1718.6,0
2022-11-11 19:00:00+00:00,1749,0
2022-11-11 20:00:00+00:00,747.6,0
2022-11-11 21:00:00+00:00,376.8,0
2022-11-11 22:00:00+00:00,0,443.7
2022-11-11 23:00:00+00:00,88.3,0
2022-11-12 00:00:00+00:00,0,618.6
2022-11-12 01:00:00+00:00,0,816.2
2022-11-12 02:00:00+00:00,0,976.1
2022-11-12 03:00:00+00:00,0,1206.1
2022-11-12 04:00:00+00:00,0,1221.3
2022-11-12 05:00:00+00:00,0,843.7
2022-11-12 06:00:00+00:00,0,1301.2
2022-11-12 07:00:00+00:00,0,1234.6
2022-11-12 08:00:00+00:00,0,1636.6
2022-11-12 09:00:00+00:00,0,2794.6
2022-11-12 10:00:00+00:00,0,3161.2
2022-11-12 11:00:00+00:00,0,3405.3
2022-11-12 12:00:00+00:00,0,3574.8
2022-11-12 13:00:00+00:00,0,3572.4
2022-11-12 14:00:00+00:00,0,3713.2
2022-11-12 15:00:00+00:00,0,3573.6
2022-11-12 16:00:00+00:00,0,1804.7
2022-11-12 17:00:00+00:00,138.2,0
2022-11-12 18:00:00+00:00,727.4,0
2022-11-12 19:00:00+00:00,837.4,0
2022-11-12 20:00:00+00:00,1017.8,0
2022-11-12 21:00:00+00:00,643.5,0
2022-11-12 22:00:00+00:00,299.4,0
2022-11-12 23:00:00+00:00,0,167.2
2022-11-13 00:00:00+00:00,0,283.9
2022-11-13 01:00:00+00:00,0,342.9
2022-11-13 02:00:00+00:00,0,133
2022-11-13 03:00:00+00:00,257.4,0
2022-11-13 04:00:00+00:00,608,0
2022-11-13 05:00:00+00:00,574.8,0
2022-11-13 06:00:00+00:00,790.2,0
2022-11-13 07:00:00+00:00,814.5,0
2022-11-13 08:00:00+00:00,124.1,0
2022-11-13 09:00:00+00:00,0,1258.9
2022-11-13 10:00:00+00:00,0,1951.8
2022-11-13 11:00:00+00:00,0,2028.4
2022-11-13 12:00:00+00:00,0,1914.1
2022-11-13 13:00:00+00:00,0,1571.5
2022-11-13 14:00:00+00:00,0,1516.5
2022-11-13 15:00:00+00:00,0,576.1
2022-11-13 16:00:00+00:00,571.6,0
2022-11-13 17:00:00+00:00,1874.7,0
2022-11-13 18:00:00+00:00,2349.9,0
2022-11-13 19:00:00+00:00,1651.3,0
2022-11-13 20:00:00+00:00,441.7,0
2022-11-13 21:00:00+00:00,844.5,0
2022-11-13 22:00:00+00:00,0,244.2
2022-11-13 23:00:00+00:00,434.3,0
2022-11-14 00:00:00+00:00,0,1.4
2022-11-14 01:00:00+00:00,0,301.8
2022-11-14 02:00:00+00:00,0,411.5
2022-11-14 03:00:00+00:00,0,1141.1
2022-11-14 04:00:00+00:00,0,125
2022-11-14 05:00:00+00:00,0,158.1
2022-11-14 06:00:00+00:00,496.5,0
2022-11-14 07:00:00+00:00,1237.7,0
2022-11-14 08:00:00+00:00,686.4,0
2022-11-14 09:00:00+00:00,0,3.7
2022-11-14 10:00:00+00:00,0,650.1
2022-11-14 11:00:00+00:00,0,1138.8
2022-11-14 12:00:00+00:00,0,1112.5
2022-11-14 13:00:00+00:00,0,1468.4
2022-11-14 14:00:00+00:00,0,1735.4
2022-11-14 15:00:00+00:00,0,1148.5
2022-11-14 16:00:00+00:00,0,704.7
2022-11-14 17:00:00+00:00,177,0
2022-11-14 18:00:00+00:00,819.6,0
2022-11-14 19:00:00+00:00,1069.6,0
2022-11-14 20:00:00+00:00,66.9,0
2022-11-14 21:00:00+00:00,0,541.9
2022-11-14 22:00:00+00:00,0,861.4
2022-11-14 23:00:00+00:00,335.1,0
2022-11-15 00:00:00+00:00,351.5,0
2022-11-15 01:00:00+00:00,211.5,0
2022-11-15 02:00:00+00:00,106.9,0
2022-11-15 03:00:00+00:00,307.9,0
2022-11-15 04:00:00+00:00,455.2,0
2022-11-15 05:00:00+00:00,1062.2,0
2022-11-15 06:00:00+00:00,1534.6,0
2022-11-15 07:00:00+00:00,1624,0
2022-11-15 08:00:00+00:00,860.8,0
2022-11-15 09:00:00+00:00,0,16.2
2022-11-15 10:00:00+00:00,0,524.9
2022-11-15 11:00:00+00:00,0,854.5
2022-11-15 12:00:00+00:00,0,929
2022-11-15 13:00:00+00:00,0,1210.4
2022-11-15 14:00:00+00:00,0,1677.6
2022-11-15 15:00:00+00:00,0,1388.7
2022-11-15 16:00:00+00:00,0,627.2
2022-11-15 17:00:00+00:00,100.2,0
2022-11-15 18:00:00+00:00,524.4,0
2022-11-15 19:00:00+00:00,823.1,0
2022-11-15 20:00:00+00:00,288.6,0
2022-11-15 21:00:00+00:00,0,259.5
2022-11-15 22:00:00+00:00,0,1262.5
2022-11-15 23:00:00+00:00,0,1288.8
2022-11-16 00:00:00+00:00,0,1162.1
2022-11-16 01:00:00+00:00,0,1257.9
2022-11-16 02:00:00+00:00,0,1082.7
2022-11-16 03:00:00+00:00,0,1084.8
2022-11-16 04:00:00+00:00,0,1016.4
2022-11-16 05:00:00+00:00,0,397.1
2022-11-16 06:00:00+00:00,415.9,0
2022-11-16 07:00:00+00:00,1068.8,0
2022-11-16 08:00:00+00:00,318.1,0
2022-11-16 09:00:00+00:00,0,520.5
2022-11-16 10:00:00+00:00,0,420.7
2022-11-16 11:00:00+00:00,0,666.9
2022-11-16 12:00:00+00:00,0,506.9
2022-11-16 13:00:00+00:00,0,417
2022-11-16 14:00:00+00:00,0,523.1
2022-11-16 15:00:00+00:00,0,351.6
2022-11-16 16:00:00+00:00,0,565.1
2022-11-16 17:00:00+00:00,39,0
2022-11-16 18:00:00+00:00,406.4,0
2022-11-16 19:00:00+00:00,623.5,0
2022-11-16 20:00:00+00:00,509.2,0
2022-11-16 21:00:00+00:00,0,633.8
2022-11-16 22:00:00+00:00,0,1174.8
2022-11-16 23:00:00+00:00,0,605.5
2022-11-17 00:00:00+00:00,0,931.6
2022-11-17 01:00:00+00:00,0,815.1
2022-11-17 02:00:00+00:00,0,577.9
2022-11-17 03:00:00+00:00,0,478.9
2022-11-17 04:00:00+00:00,0,232.7
2022-11-17 05:00:00+00:00,73.1,0
2022-11-17 06:00:00+00:00,396.4,0
2022-11-17 07:00:00+00:00,1028.2,0
2022-11-17 08:00:00+00:00,0,259
2022-11-17 09:00:00+00:00,0,922.5
2022-11-17 10:00:00+00:00,0,1175.7
2022-11-17 11:00:00+00:00,0,1287.6
2022-11-17 12:00:00+00:00,0,1049.7
2022-11-17 13:00:00+00:00,0,884.4
2022-11-17 14:00:00+00:00,0,1043.5
2022-11-17 15:00:00+00:00,0,992.3
2022-11-17 16:00:00+00:00,51.9,0
2022-11-17 17:00:00+00:00,687.8,0
2022-11-17 18:00:00+00:00,564.4,0
2022-11-17 19:00:00+00:00,977.7,0
2022-11-17 20:00:00+00:00,1064.9,0
2022-11-17 21:00:00+00:00,286.1,0
2022-11-17 22:00:00+00:00,144.8,0
2022-11-17 23:00:00+00:00,0,385.7
2022-11-18 00:00:00+00:00,0,195.5
2022-11-18 01:00:00+00:00,92.3,0
2022-11-18 02:00:00+00:00,603.5,0
2022-11-18 03:00:00+00:00,829,0
2022-11-18 04:00:00+00:00,1389.3,0
2022-11-18 05:00:00+00:00,2054.4,0
2022-11-18 06:00:00+00:00,2000,0
2022-11-18 07:00:00+00:00,2000,0
2022-11-18 08:00:00+00:00,2296.8,0
2022-11-18 09:00:00+00:00,2174.4,0
2022-11-18 10:00:00+00:00,1532.5,0
2022-11-18 11:00:00+00:00,1385.6,0
2022-11-18 12:00:00+00:00,254.5,0
2022-11-18 13:00:00+00:00,240.9,0
2022-11-18 14:00:00+00:00,0,220.7
2022-11-18 15:00:00+00:00,0,37.5
2022-11-18 16:00:00+00:00,412.9,0
2022-11-18 17:00:00+00:00,503.4,0
2022-11-18 18:00:00+00:00,587.7,0
2022-11-18 19:00:00+00:00,383,0
2022-11-18 20:00:00+00:00,0,44.2
2022-11-18 21:00:00+00:00,0,476.9
2022-11-18 22:00:00+00:00,0,736.1
2022-11-18 23:00:00+00:00,0,300.6
2022-11-19 00:00:00+00:00,0,863.2
2022-11-19 01:00:00+00:00,0,880.7
2022-11-19 02:00:00+00:00,0,953.3
2022-11-19 03:00:00+00:00,0,950.6
2022-11-19 04:00:00+00:00,0,1010.2
2022-11-19 05:00:00+00:00,0,932
2022-11-19 06:00:00+00:00,0,686.1
2022-11-19 07:00:00+00:00,0,681.3
2022-11-19 08:00:00+00:00,0,1736.5
2022-11-19 09:00:00+00:00,0,2643.8
2022-11-19 10:00:00+00:00,0,3122.8
2022-11-19 11:00:00+00:00,0,3594.9
2022-11-19 12:00:00+00:00,0,3536.1
2022-11-19 13:00:00+00:00,0,3444.4
2022-11-19 14:00:00+00:00,0,3524.5
2022-11-19 15:00:00+00:00,0,2945.7
2022-11-19 16:00:00+00:00,0,1641.2
2022-11-19 17:00:00+00:00,0,1097.4
2022-11-19 18:00:00+00:00,0,1402.7
2022-11-19 19:00:00+00:00,0,701.3
2022-11-19 20:00:00+00:00,0,566
2022-11-19 21:00:00+00:00,0,882.5
2022-11-19 22:00:00+00:00,0,774.4
2022-11-19 23:00:00+00:00,0,682.5
2022-11-20 00:00:00+00:00,0,764.5
2022-11-20 01:00:00+00:00,0,678.1
2022-11-20 02:00:00+00:00,0,617
2022-11-20 03:00:00+00:00,0,584.2
2022-11-20 04:00:00+00:00,0,477.9
2022-11-20 05:00:00+00:00,0,430.1
2022-11-20 06:00:00+00:00,0,304.5
2022-11-20 07:00:00+00:00,0,287.8
2022-11-20 08:00:00+00:00,0,446.7
2022-11-20 09:00:00+00:00,0,1006.3
2022-11-20 10:00:00+00:00,0,1656.7
2022-11-20 11:00:00+00:00,0,2278.2
2022-11-20 12:00:00+00:00,0,2423.1
2022-11-20 13:00:00+00:00,0,2263.7
2022-11-20 14:00:00+00:00,0,2040
2022-11-20 15:00:00+00:00,0,1110.2
2022-11-20 16:00:00+00:00,0,195.8
2022-11-20 17:00:00+00:00,1172.5,0
2022-11-20 18:00:00+00:00,1841.9,0
2022-11-20 19:00:00+00:00,2188,0
2022-11-20 20:00:00+00:00,2131.4,0
2022-11-20 21:00:00+00:00,1531,0
2022-11-20 22:00:00+00:00,716.9,0
2022-11-20 23:00:00+00:00,914.7,0
2022-11-21 00:00:00+00:00,586.7,0
2022-11-21 01:00:00+00:00,0,142.3
2022-11-21 02:00:00+00:00,0,413.6
2022-11-21 03:00:00+00:00,0,527.4
2022-11-21 04:00:00+00:00,0,478.6
2022-11-21 05:00:00+00:00,132.3,0
2022-11-21 06:00:00+00:00,1755.7,0
2022-11-21 07:00:00+00:00,1347.5,0
2022-11-21 08:00:00+00:00,803.1,0
2022-11-21 09:00:00+00:00,196.5,0
2022-11-21 10:00:00+00:00,141.2,0
2022-11-21 11:00:00+00:00,114.3,0
2022-11-21 12:00:00+00:00,84.1,0
2022-11-21 13:00:00+00:00,22.6,0
2022-11-21 14:00:00+00:00,0,586.4
2022-11-21 15:00:00+00:00,0,720.1
2022-11-21 16:00:00+00:00,0,194.8
2022-11-21 17:00:00+00:00,0,51.7
2022-11-21 18:00:00+00:00,0,421
2022-11-21 19:00:00+00:00,0,653.4
2022-11-21 20:00:00+00:00,0,1080.2
2022-11-21 21:00:00+00:00,0,1544.6
2022-11-21 22:00:00+00:00,0,2738
2022-11-21 23:00:00+00:00,0,1828.7
2022-11-22 00:00:00+00:00,0,2036.6
2022-11-22 01:00:00+00:00,0,1972.3
2022-11-22 02:00:00+00:00,0,1909.9
2022-11-22 03:00:00+00:00,0,1965.2
2022-11-22 04:00:00+00:00,0,1566.9
2022-11-22 05:00:00+00:00,0,1004.1
2022-11-22 06:00:00+00:00,76.6,0
2022-11-22 07:00:00+00:00,877,0
2022-11-22 08:00:00+00:00,0,87.9
2022-11-22 09:00:00+00:00,0,1141.2
2022-11-22 10:00:00+00:00,0,1431.3
2022-11-22 11:00:00+00:00,0,1806.4
2022-11-22 12:00:00+00:00,0,1570.5
2022-11-22 13:00:00+00:00,0,1419.4
2022-11-22 14:00:00+00:00,0,1110.6
2022-11-22 15:00:00+00:00,0,597.6
2022-11-22 16:00:00+00:00,291.8,0
2022-11-22 17:00:00+00:00,1082.5,0
2022-11-22 18:00:00+00:00,1153.8,0
2022-11-22 19:00:00+00:00,1443,0
2022-11-22 20:00:00+00:00,962,0
2022-11-22 21:00:00+00:00,0,388.2
2022-11-22 22:00:00+00:00,0,1153.5
2022-11-22 23:00:00+00:00,0,747.7
2022-11-23 00:00:00+00:00,0,1323.9
2022-11-23 01:00:00+00:00,0,1454.3
2022-11-23 02:00:00+00:00,0,1311.9
2022-11-23 03:00:00+00:00,0,1277
2022-11-23 04:00:00+00:00,0,1298.1
2022-11-23 05:00:00+00:00,0,265.1
2022-11-23 06:00:00+00:00,726.5,0
2022-11-23 07:00:00+00:00,941,0
2022-11-23 08:00:00+00:00,723.4,0
2022-11-23 09:00:00+00:00,170.7,0
2022-11-23 10:00:00+00:00,0,305.1
2022-11-23 11:00:00+00:00,0,488.6
2022-11-23 12:00:00+00:00,0,289.7
2022-11-23 13:00:00+00:00,0,279.8
2022-11-23 14:00:00+00:00,0,177.1
2022-11-23 15:00:00+00:00,103.2,0
2022-11-23 16:00:00+00:00,0,71
2022-11-23 17:00:00+00:00,6.2,0
2022-11-23 18:00:00+00:00,411.9,0
2022-11-23 19:00:00+00:00,854.2,0
2022-11-23 20:00:00+00:00,940,0
2022-11-23 21:00:00+00:00,698.3,0
2022-11-23 22:00:00+00:00,0,81.8
2022-11-23 23:00:00+00:00,303.6,0
2022-11-24 00:00:00+00:00,514.9,0
2022-11-24 01:00:00+00:00,991.1,0
2022-11-24 02:00:00+00:00,1199.4,0
2022-11-24 03:00:00+00:00,1211.1,0
2022-11-24 04:00:00+00:00,1537,0
2022-11-24 05:00:00+00:00,2290.3,0
2022-11-24 06:00:00+00:00,3104.2,0
2022-11-24 07:00:00+00:00,2451.3,0
2022-11-24 08:00:00+00:00,1822.9,0
2022-11-24 09:00:00+00:00,1743.3,0
2022-11-24 10:00:00+00:00,1879.7,0
2022-11-24 11:00:00+00:00,1793,0
2022-11-24 12:00:00+00:00,1710,0
2022-11-24 13:00:00+00:00,1284.5,0
2022-11-24 14:00:00+00:00,891.3,0
2022-11-24 15:00:00+00:00,958.1,0
2022-11-24 16:00:00+00:00,1079.5,0
2022-11-24 17:00:00+00:00,1428.3,0
2022-11-24 18:00:00+00:00,1368.1,0
2022-11-24 19:00:00+00:00,1841.3,0
2022-11-24 20:00:00+00:00,1303.1,0
2022-11-24 21:00:00+00:00,1289.9,0
2022-11-24 22:00:00+00:00,719,0
2022-11-24 23:00:00+00:00,362.1,0
2022-11-25 00:00:00+00:00,331.4,0
2022-11-25 01:00:00+00:00,154.3,0
2022-11-25 02:00:00+00:00,455.1,0
2022-11-25 03:00:00+00:00,575.6,0
2022-11-25 04:00:00+00:00,507.8,0
2022-11-25 05:00:00+00:00,698.5,0
2022-11-25 06:00:00+00:00,1873.8,0
2022-11-25 07:00:00+00:00,2587.4,0
2022-11-25 08:00:00+00:00,1481.3,0
2022-11-25 09:00:00+00:00,1175.1,0
2022-11-25 10:00:00+00:00,171.7,0
2022-11-25 11:00:00+00:00,0,939.3
2022-11-25 12:00:00+00:00,0,1220.6
2022-11-25 13:00:00+00:00,0,1373.5
2022-11-25 14:00:00+00:00,0,1614.7
2022-11-25 15:00:00+00:00,0,1078.9
2022-11-25 16:00:00+00:00,806.9,0
2022-11-25 17:00:00+00:00,1616.1,0
2022-11-25 18:00:00+00:00,1656.5,0
2022-11-25 19:00:00+00:00,1706.7,0
2022-11-25 20:00:00+00:00,1805.5,0
2022-11-25 21:00:00+00:00,1752.5,0
2022-11-25 22:00:00+00:00,1120.2,0
2022-11-25 23:00:00+00:00,1262.1,0
2022-11-26 00:00:00+00:00,830.6,0
2022-11-26 01:00:00+00:00,372.6,0
2022-11-26 02:00:00+00:00,519.7,0
2022-11-26 03:00:00+00:00,641.3,0
2022-11-26 04:00:00+00:00,826.9,0
2022-11-26 05:00:00+00:00,1556.6,0
2022-11-26 06:00:00+00:00,1653.1,0
2022-11-26 07:00:00+00:00,1787.3,0
2022-11-26 08:00:00+00:00,1825,0
2022-11-26 09:00:00+00:00,1036.5,0
2022-11-26 10:00:00+00:00,370.7,0
2022-11-26 11:00:00+00:00,0,144.9
2022-11-26 12:00:00+00:00,0,110.3
2022-11-26 13:00:00+00:00,0,233.7
2022-11-26 14:00:00+00:00,0,394.8
2022-11-26 15:00:00+00:00,531.2,0
2022-11-26 16:00:00+00:00,1790.2,0
2022-11-26 17:00:00+00:00,2039.2,0
2022-11-26 18:00:00+00:00,1797,0
2022-11-26 19:00:00+00:00,1974.4,0
2022-11-26 20:00:00+00:00,1986.4,0
2022-11-26 21:00:00+00:00,1729.3,0
2022-11-26 22:00:00+00:00,1210.2,0
2022-11-26 23:00:00+00:00,481.6,0
2022-11-27 00:00:00+00:00,839.3,0
2022-11-27 01:00:00+00:00,738.2,0
2022-11-27 02:00:00+00:00,14.4,0
2022-11-27 03:00:00+00:00,84.2,0
2022-11-27 04:00:00+00:00,252.1,0
2022-11-27 05:00:00+00:00,494.3,0
2022-11-27 06:00:00+00:00,1254.3,0
2022-11-27 07:00:00+00:00,1205.7,0
2022-11-27 08:00:00+00:00,783.2,0
2022-11-27 09:00:00+00:00,0,133.2
2022-11-27 10:00:00+00:00,0,576.9
2022-11-27 11:00:00+00:00,0,923
2022-11-27 12:00:00+00:00,0,602.8
2022-11-27 13:00:00+00:00,0,321.4
2022-11-27 14:00:00+00:00,0,203.7
2022-11-27 15:00:00+00:00,650.3,0
2022-11-27 16:00:00+00:00,1761.9,0
2022-11-27 17:00:00+00:00,2562.5,0
2022-11-27 18:00:00+00:00,2648.9,0
2022-11-27 19:00:00+00:00,2606.9,0
2022-11-27 20:00:00+00:00,2148.9,0
2022-11-27 21:00:00+00:00,1880.5,0
2022-11-27 22:00:00+00:00,1407.1,0
2022-11-27 23:00:00+00:00,1429.9,0
2022-11-28 00:00:00+00:00,607.6,0
2022-11-28 01:00:00+00:00,315.7,0
2022-11-28 02:00:00+00:00,323.7,0
2022-11-28 03:00:00+00:00,0,170.3
2022-11-28 04:00:00+00:00,0,281.7
2022-11-28 05:00:00+00:00,209.3,0
2022-11-28 06:00:00+00:00,1227.3,0
2022-11-28 07:00:00+00:00,1153.7,0
2022-11-28 08:00:00+00:00,0,247.7
2022-11-28 09:00:00+00:00,0,1928.1
2022-11-28 10:00:00+00:00,0,1888.8
2022-11-28 11:00:00+00:00,0,2570.9
2022-11-28 12:00:00+00:00,0,2315.4
2022-11-28 13:00:00+00:00,0,2348.8
2022-11-28 14:00:00+00:00,0,2246.8
2022-11-28 15:00:00+00:00,0,1716.5
2022-11-28 16:00:00+00:00,0,58.4
2022-11-28 17:00:00+00:00,1058,0
2022-11-28 18:00:00+00:00,1426.4,0
2022-11-28 19:00:00+00:00,1498,0
2022-11-28 20:00:00+00:00,1435.7,0
2022-11-28 21:00:00+00:00,753.6,0
2022-11-28 22:00:00+00:00,516.8,0
2022-11-28 23:00:00+00:00,0,1018.7
2022-11-29 00:00:00+00:00,0,1217.9
2022-11-29 01:00:00+00:00,0,1495.2
2022-11-29 02:00:00+00:00,0,1414.1
2022-11-29 03:00:00+00:00,0,1542.7
2022-11-29 04:00:00+00:00,0,1436.9
2022-11-29 05:00:00+00:00,0,474.9
2022-11-29 06:00:00+00:00,225.6,0
2022-11-29 07:00:00+00:00,795.4,0
2022-11-29 08:00:00+00:00,0,626.2
2022-11-29 09:00:00+00:00,0,2575.7
2022-11-29 10:00:00+00:00,0,2681.7
2022-11-29 11:00:00+00:00,0,2555.6
2022-11-29 12:00:00+00:00,0,2427.2
2022-11-29 13:00:00+00:00,0,2397.2
2022-11-29 14:00:00+00:00,0,2632.1
2022-11-29 15:00:00+00:00,0,1842.4
2022-11-29 16:00:00+00:00,0,662.1
2022-11-29 17:00:00+00:00,842.3,0
2022-11-29 18:00:00+00:00,1106.1,0
2022-11-29 19:00:00+00:00,1031,0
2022-11-29 20:00:00+00:00,903.1,0
2022-11-29 21:00:00+00:00,0,452.7
2022-11-29 22:00:00+00:00,0,1109.8
2022-11-29 23:00:00+00:00,0,1214.1
2022-11-30 00:00:00+00:00,0,1016.9
2022-11-30 01:00:00+00:00,0,94.4
2022-11-30 02:00:00+00:00,0,7.5
2022-11-30 03:00:00+00:00,0,72.8
2022-11-30 04:00:00+00:00,360.7,0
2022-11-30 05:00:00+00:00,617.2,0
2022-11-30 06:00:00+00:00,787.4,0
2022-11-30 07:00:00+00:00,1303.8,0
2022-11-30 08:00:00+00:00,430.1,0
2022-11-30 09:00:00+00:00,70,0
2022-11-30 10:00:00+00:00,511.8,0
2022-11-30 11:00:00+00:00,541.9,0
2022-11-30 12:00:00+00:00,781.7,0
2022-11-30 13:00:00+00:00,343.5,0
2022-11-30 14:00:00+00:00,622.1,0
2022-11-30 15:00:00+00:00,945.8,0
2022-11-30 16:00:00+00:00,1777.9,0
2022-11-30 17:00:00+00:00,1792.9,0
2022-11-30 18:00:00+00:00,2050.9,0
2022-11-30 19:00:00+00:00,2290.1,0
2022-11-30 20:00:00+00:00,2575.2,0
2022-11-30 21:00:00+00:00,1207.3,0
2022-11-30 22:00:00+00:00,122.7,0
2022-11-30 23:00:00+00:00,1507.8,0
2022-12-01 00:00:00+00:00,1122.3,0
2022-12-01 01:00:00+00:00,1514.5,0
2022-12-01 02:00:00+00:00,1666.7,0
2022-12-01 03:00:00+00:00,1443.3,0
2022-12-01 04:00:00+00:00,1653.8,0
2022-12-01 05:00:00+00:00,2575.7,0
2022-12-01 06:00:00+00:00,2747.1,0
2022-12-01 07:00:00+00:00,3259.3,0
2022-12-01 08:00:00+00:00,2610.7,0
2022-12-01 09:00:00+00:00,1597,0
2022-12-01 10:00:00+00:00,1069.6,0
2022-12-01 11:00:00+00:00,567.1,0
2022-12-01 12:00:00+00:00,605.7,0
2022-12-01 13:00:00+00:00,704,0
2022-12-01 14:00:00+00:00,824.3,0
2022-12-01 15:00:00+00:00,797.9,0
2022-12-01 16:00:00+00:00,1373.3,0
2022-12-01 17:00:00+00:00,2059.1,0
2022-12-01 18:00:00+00:00,2169.2,0
2022-12-01 19:00:00+00:00,2333.2,0
2022-12-01 20:00:00+00:00,1904,0
2022-12-01 21:00:00+00:00,954.6,0
2022-12-01 22:00:00+00:00,708,0
2022-12-01 23:00:00+00:00,164.8,0
2022-12-02 00:00:00+00:00,0,125.1
2022-12-02 01:00:00+00:00,0,111.7
2022-12-02 02:00:00+00:00,152.7,0
2022-12-02 03:00:00+00:00,494.8,0
2022-12-02 04:00:00+00:00,955.6,0
2022-12-02 05:00:00+00:00,1686.6,0
2022-12-02 06:00:00+00:00,2075.6,0
2022-12-02 07:00:00+00:00,1728.5,0
2022-12-02 08:00:00+00:00,654.3,0
2022-12-02 09:00:00+00:00,0,558.7
2022-12-02 10:00:00+00:00,0,1345.4
2022-12-02 11:00:00+00:00,0,1438.8
2022-12-02 12:00:00+00:00,0,543.8
2022-12-02 13:00:00+00:00,0,1125.9
2022-12-02 14:00:00+00:00,0,1656
2022-12-02 15:00:00+00:00,0,725.4
2022-12-02 16:00:00+00:00,752.6,0
2022-12-02 17:00:00+00:00,1420.8,0
2022-12-02 18:00:00+00:00,1458.8,0
2022-12-02 19:00:00+00:00,1514.8,0
2022-12-02 20:00:00+00:00,1651,0
2022-12-02 21:00:00+00:00,775.8,0
2022-12-02 22:00:00+00:00,161.5,0
2022-12-02 23:00:00+00:00,1044.1,0
2022-12-03 00:00:00+00:00,274.2,0
2022-12-03 01:00:00+00:00,0,647.5
2022-12-03 02:00:00+00:00,0,692.2
2022-12-03 03:00:00+00:00,0,379.5
2022-12-03 04:00:00+00:00,0,496.2
2022-12-03 05:00:00+00:00,0,74
2022-12-03 06:00:00+00:00,451.8,0
2022-12-03 07:00:00+00:00,956.7,0
2022-12-03 08:00:00+00:00,688.6,0
2022-12-03 09:00:00+00:00,0,41.5
2022-12-03 10:00:00+00:00,0,998.4
2022-12-03 11:00:00+00:00,0,1674.9
2022-12-03 12:00:00+00:00,0,1140.5
2022-12-03 13:00:00+00:00,0,1013.4
2022-12-03 14:00:00+00:00,0,1024
2022-12-03 15:00:00+00:00,0,1743
2022-12-03 16:00:00+00:00,0,122.7
2022-12-03 17:00:00+00:00,643.1,0
2022-12-03 18:00:00+00:00,1123.7,0
2022-12-03 19:00:00+00:00,1146.6,0
2022-12-03 20:00:00+00:00,1220.9,0
2022-12-03 21:00:00+00:00,322.9,0
2022-12-03 22:00:00+00:00,0,351.3
2022-12-03 23:00:00+00:00,926.1,0
2022-12-04 00:00:00+00:00,513.3,0
2022-12-04 01:00:00+00:00,753.4,0
2022-12-04 02:00:00+00:00,730.4,0
2022-12-04 03:00:00+00:00,691.5,0
2022-12-04 04:00:00+00:00,741.5,0
2022-12-04 05:00:00+00:00,1182.7,0
2022-12-04 06:00:00+00:00,1475,0
2022-12-04 07:00:00+00:00,1721.7,0
2022-12-04 08:00:00+00:00,1990.2,0
2022-12-04 09:00:00+00:00,1556.5,0
2022-12-04 10:00:00+00:00,923.9,0
2022-12-04 11:00:00+00:00,181.8,0
2022-12-04 12:00:00+00:00,115.7,0
2022-12-04 13:00:00+00:00,504.5,0
2022-12-04 14:00:00+00:00,538,0
2022-12-04 15:00:00+00:00,1701.2,0
2022-12-04 16:00:00+00:00,2416.6,0
2022-12-04 17:00:00+00:00,2228.1,0
2022-12-04 18:00:00+00:00,2562.4,0
2022-12-04 19:00:00+00:00,2748.4,0
2022-12-04 20:00:00+00:00,3030.7,0
2022-12-04 21:00:00+00:00,2922.8,0
2022-12-04 22:00:00+00:00,1967.5,0
2022-12-04 23:00:00+00:00,1511.3,0
2022-12-05 00:00:00+00:00,1258.2,0
2022-12-05 01:00:00+00:00,1226,0
2022-12-05 02:00:00+00:00,1444.9,0
2022-12-05 03:00:00+00:00,1662.9,0
2022-12-05 04:00:00+00:00,1873.1,0
2022-12-05 05:00:00+00:00,1989.3,0
2022-12-05 06:00:00+00:00,2845.2,0
2022-12-05 07:00:00+00:00,2400.1,0
2022-12-05 08:00:00+00:00,2002.3,0
2022-12-05 09:00:00+00:00,1414.1,0
2022-12-05 10:00:00+00:00,1222.1,0
2022-12-05 11:00:00+00:00,1208.6,0
2022-12-05 12:00:00+00:00,1104,0
2022-12-05 13:00:00+00:00,944,0
2022-12-05 14:00:00+00:00,500,0
2022-12-05 15:00:00+00:00,321.8,0
2022-12-05 16:00:00+00:00,203.3,0
2022-12-05 17:00:00+00:00,873.8,0
2022-12-05 18:00:00+00:00,1085.6,0
2022-12-05 19:00:00+00:00,1207.6,0
2022-12-05 20:00:00+00:00,893.6,0
2022-12-05 21:00:00+00:00,328.5,0
2022-12-05 22:00:00+00:00,117.7,0
2022-12-05 23:00:00+00:00,1202.6,0
2022-12-06 00:00:00+00:00,761.2,0
2022-12-06 01:00:00+00:00,765.2,0
2022-12-06 02:00:00+00:00,800.5,0
2022-12-06 03:00:00+00:00,798.4,0
2022-12-06 04:00:00+00:00,938,0
2022-12-06 05:00:00+00:00,758.1,0
2022-12-06 06:00:00+00:00,0,826.5
2022-12-06 07:00:00+00:00,0,1379
2022-12-06 08:00:00+00:00,0,1197.5
2022-12-06 09:00:00+00:00,0,865.2
2022-12-06 10:00:00+00:00,0,926.7
2022-12-06 11:00:00+00:00,0,1018
2022-12-06 12:00:00+00:00,0,640.6
2022-12-06 13:00:00+00:00,0,836.9
2022-12-06 14:00:00+00:00,0,1259.6
2022-12-06 15:00:00+00:00,0,871.7
2022-12-06 16:00:00+00:00,0,1510.6
2022-12-06 17:00:00+00:00,0,331.6
2022-12-06 18:00:00+00:00,0,95.1
2022-12-06 19:00:00+00:00,0,27.9
2022-12-06 20:00:00+00:00,64.2,0
2022-12-06 21:00:00+00:00,0,494.8
2022-12-06 22:00:00+00:00,0,1385
2022-12-06 23:00:00+00:00,0,424.9
2022-12-07 00:00:00+00:00,0,716.6
2022-12-07 01:00:00+00:00,0,268.5
2022-12-07 02:00:00+00:00,0,288.8
2022-12-07 03:00:00+00:00,0,119.5
2022-12-07 04:00:00+00:00,42.4,0
2022-12-07 05:00:00+00:00,483.8,0
2022-12-07 06:00:00+00:00,741.3,0
2022-12-07 07:00:00+00:00,978.3,0
2022-12-07 08:00:00+00:00,897,0
2022-12-07 09:00:00+00:00,744.5,0
2022-12-07 10:00:00+00:00,500.3,0
2022-12-07 11:00:00+00:00,143.9,0
2022-12-07 12:00:00+00:00,163.4,0
2022-12-07 13:00:00+00:00,164,0
2022-12-07 14:00:00+00:00,0,41.7
2022-12-07 15:00:00+00:00,0,175.8
2022-12-07 16:00:00+00:00,734.7,0
2022-12-07 17:00:00+00:00,1442.3,0
2022-12-07 18:00:00+00:00,1544.7,0
2022-12-07 19:00:00+00:00,1193.5,0
2022-12-07 20:00:00+00:00,668.8,0
2022-12-07 21:00:00+00:00,1268.4,0
2022-12-07 22:00:00+00:00,1551.8,0
2022-12-07 23:00:00+00:00,2884.7,0
2022-12-08 00:00:00+00:00,1542.8,0
2022-12-08 01:00:00+00:00,1083.2,0
2022-12-08 02:00:00+00:00,572.8,0
2022-12-08 03:00:00+00:00,380.2,0
2022-12-08 04:00:00+00:00,227.1,0
2022-12-08 05:00:00+00:00,320.7,0
2022-12-08 06:00:00+00:00,563.2,0
2022-12-08 07:00:00+00:00,717.9,0
2022-12-08 08:00:00+00:00,1177,0
2022-12-08 09:00:00+00:00,1181.1,0
2022-12-08 10:00:00+00:00,707.3,0
2022-12-08 11:00:00+00:00,640.2,0
2022-12-08 12:00:00+00:00,915.5,0
2022-12-08 13:00:00+00:00,1107.9,0
2022-12-08 14:00:00+00:00,466.5,0
2022-12-08 15:00:00+00:00,870.1,0
2022-12-08 16:00:00+00:00,1613.1,0
2022-12-08 17:00:00+00:00,1373.2,0
2022-12-08 18:00:00+00:00,1067.7,0
2022-12-08 19:00:00+00:00,936.7,0
2022-12-08 20:00:00+00:00,720.5,0
2022-12-08 21:00:00+00:00,787.1,0
2022-12-08 22:00:00+00:00,0,816.5
2022-12-08 23:00:00+00:00,0,348.6
2022-12-09 00:00:00+00:00,0,477.5
2022-12-09 01:00:00+00:00,0,426.7
2022-12-09 02:00:00+00:00,0,201
2022-12-09 03:00:00+00:00,390.3,0
2022-12-09 04:00:00+00:00,945.3,0
2022-12-09 05:00:00+00:00,1697.8,0
2022-12-09 06:00:00+00:00,1800,0
2022-12-09 07:00:00+00:00,1800,0
2022-12-09 08:00:00+00:00,1879.3,0
2022-12-09 09:00:00+00:00,1500.2,0
2022-12-09 10:00:00+00:00,1253,0
2022-12-09 11:00:00+00:00,796.7,0
2022-12-09 12:00:00+00:00,756.1,0
2022-12-09 13:00:00+00:00,381.3,0
2022-12-09 14:00:00+00:00,368.8,0
2022-12-09 15:00:00+00:00,191.9,0
2022-12-09 16:00:00+00:00,580.6,0
2022-12-09 17:00:00+00:00,713.1,0
2022-12-09 18:00:00+00:00,675.9,0
2022-12-09 19:00:00+00:00,441.5,0
2022-12-09 20:00:00+00:00,541.8,0
2022-12-09 21:00:00+00:00,62.1,0
2022-12-09 22:00:00+00:00,0,560.2
2022-12-09 23:00:00+00:00,0,750.8
2022-12-10 00:00:00+00:00,0,1261.5
2022-12-10 01:00:00+00:00,0,1744.2
2022-12-10 02:00:00+00:00,0,2172.9
2022-12-10 03:00:00+00:00,0,2313.8
2022-12-10 04:00:00+00:00,0,2255.6
2022-12-10 05:00:00+00:00,0,1530.3
2022-12-10 06:00:00+00:00,0,734.9
2022-12-10 07:00:00+00:00,0,581.2
2022-12-10 08:00:00+00:00,0,366.2
2022-12-10 09:00:00+00:00,0,859
2022-12-10 10:00:00+00:00,0,930.2
2022-12-10 11:00:00+00:00,0,1223.9
2022-12-10 12:00:00+00:00,0,1319.6
2022-12-10 13:00:00+00:00,0,1159.3
2022-12-10 14:00:00+00:00,0,1203.9
2022-12-10 15:00:00+00:00,0,1236.6
2022-12-10 16:00:00+00:00,0,412.7
2022-12-10 17:00:00+00:00,240,0
2022-12-10 18:00:00+00:00,805.5,0
2022-12-10 19:00:00+00:00,718.4,0
2022-12-10 20:00:00+00:00,745.9,0
2022-12-10 21:00:00+00:00,373.6,0
2022-12-10 22:00:00+00:00,92.9,0
2022-12-10 23:00:00+00:00,967.9,0
2022-12-11 00:00:00+00:00,1266.9,0
2022-12-11 01:00:00+00:00,932.8,0
2022-12-11 02:00:00+00:00,1194.6,0
2022-12-11 03:00:00+00:00,1437.9,0
2022-12-11 04:00:00+00:00,1474.9,0
2022-12-11 05:00:00+00:00,1584.5,0
2022-12-11 06:00:00+00:00,1389.1,0
2022-12-11 07:00:00+00:00,1353,0
2022-12-11 08:00:00+00:00,2158.1,0
2022-12-11 09:00:00+00:00,1909.6,0
2022-12-11 10:00:00+00:00,1542,0
2022-12-11 11:00:00+00:00,965.4,0
2022-12-11 12:00:00+00:00,960.4,0
2022-12-11 13:00:00+00:00,1396.9,0
2022-12-11 14:00:00+00:00,1114.5,0
2022-12-11 15:00:00+00:00,1030.1,0
2022-12-11 16:00:00+00:00,879,0
2022-12-11 17:00:00+00:00,804.1,0
2022-12-11 18:00:00+00:00,615.8,0
2022-12-11 19:00:00+00:00,765.2,0
2022-12-11 20:00:00+00:00,273,0
2022-12-11 21:00:00+00:00,0,171.5
2022-12-11 22:00:00+00:00,0,543.6
2022-12-11 23:00:00+00:00,0,1226.9
2022-12-12 00:00:00+00:00,0,1286.7
2022-12-12 01:00:00+00:00,0,774.3
2022-12-12 02:00:00+00:00,0,372.9
2022-12-12 03:00:00+00:00,108.7,0
2022-12-12 04:00:00+00:00,548.1,0
2022-12-12 05:00:00+00:00,1138,0
2022-12-12 06:00:00+00:00,2625.6,0
2022-12-12 07:00:00+00:00,2942.8,0
2022-12-12 08:00:00+00:00,2252.7,0
2022-12-12 09:00:00+00:00,1078.7,0
2022-12-12 10:00:00+00:00,102.4,0
2022-12-12 11:00:00+00:00,0,922.2
2022-12-12 12:00:00+00:00,0,978.8
2022-12-12 13:00:00+00:00,0,1133.9
2022-12-12 14:00:00+00:00,0,1498.9
2022-12-12 15:00:00+00:00,0,1563.7
2022-12-12 16:00:00+00:00,0,958.7
2022-12-12 17:00:00+00:00,0,362.5
2022-12-12 18:00:00+00:00,0,59.1
2022-12-12 19:00:00+00:00,0,64.7
2022-12-12 20:00:00+00:00,0,858.6
2022-12-12 21:00:00+00:00,0,1725.2
2022-12-12 22:00:00+00:00,0,2163
2022-12-12 23:00:00+00:00,0,798.6
2022-12-13 00:00:00+00:00,0,464.4
2022-12-13 01:00:00+00:00,0,146.1
2022-12-13 02:00:00+00:00,0,80
2022-12-13 03:00:00+00:00,0,177.1
2022-12-13 04:00:00+00:00,0,358.8
2022-12-13 05:00:00+00:00,337.4,0
2022-12-13 06:00:00+00:00,1735.3,0
2022-12-13 07:00:00+00:00,2339.4,0
2022-12-13 08:00:00+00:00,1595.7,0
2022-12-13 09:00:00+00:00,1207.3,0
2022-12-13 10:00:00+00:00,1103.7,0
2022-12-13 11:00:00+00:00,987.8,0
2022-12-13 12:00:00+00:00,1382.7,0
2022-12-13 13:00:00+00:00,1530.5,0
2022-12-13 14:00:00+00:00,1764.9,0
2022-12-13 15:00:00+00:00,1816.7,0
2022-12-13 16:00:00+00:00,1679.9,0
2022-12-13 17:00:00+00:00,1761.1,0
2022-12-13 18:00:00+00:00,1913.8,0
2022-12-13 19:00:00+00:00,2077.7,0
2022-12-13 20:00:00+00:00,2031.3,0
2022-12-13 21:00:00+00:00,494.8,0
2022-12-13 22:00:00+00:00,0,98.4
2022-12-13 23:00:00+00:00,0,11.9
2022-12-14 00:00:00+00:00,145,0
2022-12-14 01:00:00+00:00,474.4,0
2022-12-14 02:00:00+00:00,319,0
2022-12-14 03:00:00+00:00,747.4,0
2022-12-14 04:00:00+00:00,800.4,0
2022-12-14 05:00:00+00:00,705.6,0
2022-12-14 06:00:00+00:00,1328.8,0
2022-12-14 07:00:00+00:00,1224.3,0
2022-12-14 08:00:00+00:00,1327.4,0
2022-12-14 09:00:00+00:00,814.8,0
2022-12-14 10:00:00+00:00,858.8,0
2022-12-14 11:00:00+00:00,653,0
2022-12-14 12:00:00+00:00,1024.1,0
2022-12-14 13:00:00+00:00,971.7,0
2022-12-14 14:00:00+00:00,718.5,0
2022-12-14 15:00:00+00:00,1240,0
2022-12-14 16:00:00+00:00,1728.3,0
2022-12-14 17:00:00+00:00,1725.3,0
2022-12-14 18:00:00+00:00,1751.3,0
2022-12-14 19:00:00+00:00,1915.4,0
2022-12-14 20:00:00+00:00,1684.8,0
2022-12-14 21:00:00+00:00,1343.9,0
2022-12-14 22:00:00+00:00,316,0
2022-12-14 23:00:00+00:00,891.7,0
2022-12-15 00:00:00+00:00,685.9,0
2022-12-15 01:00:00+00:00,563.8,0
2022-12-15 02:00:00+00:00,522,0
2022-12-15 03:00:00+00:00,544,0
2022-12-15 04:00:00+00:00,1098.5,0
2022-12-15 05:00:00+00:00,2018.8,0
2022-12-15 06:00:00+00:00,1800,0
2022-12-15 07:00:00+00:00,1800,0
2022-12-15 08:00:00+00:00,1813.7,0
2022-12-15 09:00:00+00:00,1229.1,0
2022-12-15 10:00:00+00:00,929.6,0
2022-12-15 11:00:00+00:00,872.1,0
2022-12-15 12:00:00+00:00,1111.4,0
2022-12-15 13:00:00+00:00,1223,0
2022-12-15 14:00:00+00:00,1091.5,0
2022-12-15 15:00:00+00:00,1050.6,0
2022-12-15 16:00:00+00:00,1059.7,0
2022-12-15 17:00:00+00:00,1468.4,0
2022-12-15 18:00:00+00:00,1613.4,0
2022-12-15 19:00:00+00:00,1440.8,0
2022-12-15 20:00:00+00:00,1149.6,0
2022-12-15 21:00:00+00:00,902.7,0
2022-12-15 22:00:00+00:00,1285.4,0
2022-12-15 23:00:00+00:00,1657.1,0
2022-12-16 00:00:00+00:00,1820.4,0
2022-12-16 01:00:00+00:00,1726.7,0
2022-12-16 02:00:00+00:00,1640.9,0
2022-12-16 03:00:00+00:00,1678.4,0
2022-12-16 04:00:00+00:00,2180.7,0
2022-12-16 05:00:00+00:00,2903.5,0
2022-12-16 06:00:00+00:00,3041,0
2022-12-16 07:00:00+00:00,3195,0
2022-12-16 08:00:00+00:00,2698.8,0
2022-12-16 09:00:00+00:00,2257.5,0
2022-12-16 10:00:00+00:00,1836.2,0
2022-12-16 11:00:00+00:00,1404.9,0
2022-12-16 12:00:00+00:00,1229.9,0
2022-12-16 13:00:00+00:00,1135.6,0
2022-12-16 14:00:00+00:00,1059,0
2022-12-16 15:00:00+00:00,1695.2,0
2022-12-16 16:00:00+00:00,1569.8,0
2022-12-16 17:00:00+00:00,1694,0
2022-12-16 18:00:00+00:00,1945.9,0
2022-12-16 19:00:00+00:00,2022.1,0
2022-12-16 20:00:00+00:00,1726.1,0
2022-12-16 21:00:00+00:00,1534,0
2022-12-16 22:00:00+00:00,1379,0
2022-12-16 23:00:00+00:00,2314.4,0
2022-12-17 00:00:00+00:00,2422.4,0
2022-12-17 01:00:00+00:00,2746.5,0
2022-12-17 02:00:00+00:00,2757.9,0
2022-12-17 03:00:00+00:00,2540.8,0
2022-12-17 04:00:00+00:00,2622,0
2022-12-17 05:00:00+00:00,2587.8,0
2022-12-17 06:00:00+00:00,1143.5,0
2022-12-17 07:00:00+00:00,1088,0
2022-12-17 08:00:00+00:00,1281.6,0
2022-12-17 09:00:00+00:00,648.8,0
2022-12-17 10:00:00+00:00,619.8,0
2022-12-17 11:00:00+00:00,173.2,0
2022-12-17 12:00:00+00:00,0,203.6
2022-12-17 13:00:00+00:00,0,298.2
2022-12-17 14:00:00+00:00,0,356.9
2022-12-17 15:00:00+00:00,66.6,0
2022-12-17 16:00:00+00:00,1001.6,0
2022-12-17 17:00:00+00:00,1617.9,0
2022-12-17 18:00:00+00:00,1655.3,0
2022-12-17 19:00:00+00:00,1599.5,0
2022-12-17 20:00:00+00:00,1698,0
2022-12-17 21:00:00+00:00,993.3,0
2022-12-17 22:00:00+00:00,536.3,0
2022-12-17 23:00:00+00:00,1223.9,0
2022-12-18 00:00:00+00:00,816.4,0
2022-12-18 01:00:00+00:00,1596.9,0
2022-12-18 02:00:00+00:00,1389.4,0
2022-12-18 03:00:00+00:00,1336.8,0
2022-12-18 04:00:00+00:00,1366.7,0
2022-12-18 05:00:00+00:00,1609.3,0
2022-12-18 06:00:00+00:00,1639.2,0
2022-12-18 07:00:00+00:00,1764.8,0
2022-12-18 08:00:00+00:00,1535.6,0
2022-12-18 09:00:00+00:00,1222.3,0
2022-12-18 10:00:00+00:00,463.7,0
2022-12-18 11:00:00+00:00,102.2,0
2022-12-18 12:00:00+00:00,128.1,0
2022-12-18 13:00:00+00:00,147.9,0
2022-12-18 14:00:00+00:00,194.4,0
2022-12-18 15:00:00+00:00,903.2,0
2022-12-18 16:00:00+00:00,1842.3,0
2022-12-18 17:00:00+00:00,1517,0
2022-12-18 18:00:00+00:00,1148.3,0
2022-12-18 19:00:00+00:00,1314.4,0
2022-12-18 20:00:00+00:00,678.9,0
2022-12-18 21:00:00+00:00,766.8,0
2022-12-18 22:00:00+00:00,945.3,0
2022-12-18 23:00:00+00:00,771.7,0
2022-12-19 00:00:00+00:00,1109.8,0
2022-12-19 01:00:00+00:00,1278.2,0
2022-12-19 02:00:00+00:00,1470.9,0
2022-12-19 03:00:00+00:00,1585.5,0
2022-12-19 04:00:00+00:00,1688.7,0
2022-12-19 05:00:00+00:00,2134.4,0
2022-12-19 06:00:00+00:00,2491,0
2022-12-19 07:00:00+00:00,2927.5,0
2022-12-19 08:00:00+00:00,2062.6,0
2022-12-19 09:00:00+00:00,869.8,0
2022-12-19 10:00:00+00:00,438.4,0
2022-12-19 11:00:00+00:00,172.8,0
2022-12-19 12:00:00+00:00,229.9,0
2022-12-19 13:00:00+00:00,186.1,0
2022-12-19 14:00:00+00:00,28.7,0
2022-12-19 15:00:00+00:00,1112.5,0
2022-12-19 16:00:00+00:00,1537.6,0
2022-12-19 17:00:00+00:00,1986.1,0
2022-12-19 18:00:00+00:00,1981,0
2022-12-19 19:00:00+00:00,2056.4,0
2022-12-19 20:00:00+00:00,1871,0
2022-12-19 21:00:00+00:00,1319.3,0
2022-12-19 22:00:00+00:00,608.1,0
2022-12-19 23:00:00+00:00,1232.7,0
2022-12-20 00:00:00+00:00,1539.4,0
2022-12-20 01:00:00+00:00,1824.9,0
2022-12-20 02:00:00+00:00,2001.2,0
2022-12-20 03:00:00+00:00,2056.7,0
2022-12-20 04:00:00+00:00,2059.3,0
2022-12-20 05:00:00+00:00,2038.1,0
2022-12-20 06:00:00+00:00,2565,0
2022-12-20 07:00:00+00:00,2538,0
2022-12-20 08:00:00+00:00,1800.6,0
2022-12-20 09:00:00+00:00,1188.4,0
2022-12-20 10:00:00+00:00,792.9,0
2022-12-20 11:00:00+00:00,732.9,0
2022-12-20 12:00:00+00:00,466.5,0
2022-12-20 13:00:00+00:00,353.5,0
2022-12-20 14:00:00+00:00,486.6,0
2022-12-20 15:00:00+00:00,887.6,0
2022-12-20 16:00:00+00:00,1245.7,0
2022-12-20 17:00:00+00:00,1353.5,0
2022-12-20 18:00:00+00:00,1437.7,0
2022-12-20 19:00:00+00:00,1057.2,0
2022-12-20 20:00:00+00:00,626,0
2022-12-20 21:00:00+00:00,0,116.6
2022-12-20 22:00:00+00:00,0,149.5
2022-12-20 23:00:00+00:00,145.6,0
2022-12-21 00:00:00+00:00,303,0
2022-12-21 01:00:00+00:00,517,0
2022-12-21 02:00:00+00:00,609.3,0
2022-12-21 03:00:00+00:00,576.5,0
2022-12-21 04:00:00+00:00,905.1,0
2022-12-21 05:00:00+00:00,940.1,0
2022-12-21 06:00:00+00:00,1207.5,0
2022-12-21 07:00:00+00:00,1568.3,0
2022-12-21 08:00:00+00:00,880.5,0
2022-12-21 09:00:00+00:00,300,0
2022-12-21 10:00:00+00:00,0,1017.8
2022-12-21 11:00:00+00:00,0,1023.8
2022-12-21 12:00:00+00:00,0,953.1
2022-12-21 13:00:00+00:00,0,852.6
2022-12-21 14:00:00+00:00,0,934.8
2022-12-21 15:00:00+00:00,326.8,0
2022-12-21 16:00:00+00:00,410.7,0
2022-12-21 17:00:00+00:00,651.1,0
2022-12-21 18:00:00+00:00,655.2,0
2022-12-21 19:00:00+00:00,585.4,0
2022-12-21 20:00:00+00:00,313.3,0
2022-12-21 21:00:00+00:00,0,36.9
2022-12-21 22:00:00+00:00,0,1023.8
2022-12-21 23:00:00+00:00,0,1147.7
2022-12-22 00:00:00+00:00,0,510.8
2022-12-22 01:00:00+00:00,0,520
2022-12-22 02:00:00+00:00,0,277
2022-12-22 03:00:00+00:00,173.3,0
2022-12-22 04:00:00+00:00,696.5,0
2022-12-22 05:00:00+00:00,628.5,0
2022-12-22 06:00:00+00:00,1444.6,0
2022-12-22 07:00:00+00:00,1650.6,0
2022-12-22 08:00:00+00:00,1016.4,0
2022-12-22 09:00:00+00:00,0,75.4
2022-12-22 10:00:00+00:00,0,409.5
2022-12-22 11:00:00+00:00,0,784.1
2022-12-22 12:00:00+00:00,0,834.2
2022-12-22 13:00:00+00:00,0,871.9
2022-12-22 14:00:00+00:00,0,1070.2
2022-12-22 15:00:00+00:00,0,682.6
2022-12-22 16:00:00+00:00,0,115.5
2022-12-22 17:00:00+00:00,660.7,0
2022-12-22 18:00:00+00:00,738.7,0
2022-12-22 19:00:00+00:00,975.3,0
2022-12-22 20:00:00+00:00,484,0
2022-12-22 21:00:00+00:00,0,392.3
2022-12-22 22:00:00+00:00,0,538.4
2022-12-22 23:00:00+00:00,0,990.4
2022-12-23 00:00:00+00:00,0,605.9
2022-12-23 01:00:00+00:00,0,249.8
2022-12-23 02:00:00+00:00,0,71.4
2022-12-23 03:00:00+00:00,41.4,0
2022-12-23 04:00:00+00:00,80.6,0
2022-12-23 05:00:00+00:00,33.6,0
2022-12-23 06:00:00+00:00,257,0
2022-12-23 07:00:00+00:00,478.7,0
2022-12-23 08:00:00+00:00,0,548.5
2022-12-23 09:00:00+00:00,0,979.5
2022-12-23 10:00:00+00:00,0,946.1
2022-12-23 11:00:00+00:00,0,1045.9
2022-12-23 12:00:00+00:00,0,719.6
2022-12-23 13:00:00+00:00,0,751.1
2022-12-23 14:00:00+00:00,0,948.4
2022-12-23 15:00:00+00:00,0,492.9
2022-12-23 16:00:00+00:00,486.3,0
2022-12-23 17:00:00+00:00,1162.6,0
2022-12-23 18:00:00+00:00,1374.3,0
2022-12-23 19:00:00+00:00,1576,0
2022-12-23 20:00:00+00:00,1288.2,0
2022-12-23 21:00:00+00:00,1026.7,0
2022-12-23 22:00:00+00:00,349.4,0
2022-12-23 23:00:00+00:00,2270.1,0
2022-12-24 00:00:00+00:00,2503,0
2022-12-24 01:00:00+00:00,2454.6,0
2022-12-24 02:00:00+00:00,2799.5,0
2022-12-24 03:00:00+00:00,2917.3,0
2022-12-24 04:00:00+00:00,3044.7,0
2022-12-24 05:00:00+00:00,3148.9,0
2022-12-24 06:00:00+00:00,2792.5,0
2022-12-24 07:00:00+00:00,3079.3,0
2022-12-24 08:00:00+00:00,2933.9,0
2022-12-24 09:00:00+00:00,2207.6,0
2022-12-24 10:00:00+00:00,2018,0
2022-12-24 11:00:00+00:00,2074.1,0
2022-12-24 12:00:00+00:00,2046.4,0
2022-12-24 13:00:00+00:00,1899.8,0
2022-12-24 14:00:00+00:00,2223.2,0
2022-12-24 15:00:00+00:00,2450.5,0
2022-12-24 16:00:00+00:00,3060,0
2022-12-24 17:00:00+00:00,3060,0
2022-12-24 18:00:00+00:00,3552,0
2022-12-24 19:00:00+00:00,3696,0
2022-12-24 20:00:00+00:00,3696,0
2022-12-24 21:00:00+00:00,3780,0
2022-12-24 22:00:00+00:00,3780,0
2022-12-24 23:00:00+00:00,2884.6,0
2022-12-25 00:00:00+00:00,3082.9,0
2022-12-25 01:00:00+00:00,3332.1,0
2022-12-25 02:00:00+00:00,3519.5,0
2022-12-25 03:00:00+00:00,2889.1,0
2022-12-25 04:00:00+00:00,2738.7,0
2022-12-25 05:00:00+00:00,2560.9,0
2022-12-25 06:00:00+00:00,2592.4,0
2022-12-25 07:00:00+00:00,2505.4,0
2022-12-25 08:00:00+00:00,2135.1,0
2022-12-25 09:00:00+00:00,1480.3,0
2022-12-25 10:00:00+00:00,1335.9,0
2022-12-25 11:00:00+00:00,1550.6,0
2022-12-25 12:00:00+00:00,1326.4,0
2022-12-25 13:00:00+00:00,1492.9,0
2022-12-25 14:00:00+00:00,1665.7,0
2022-12-25 15:00:00+00:00,1432,0
2022-12-25 16:00:00+00:00,1871.3,0
2022-12-25 17:00:00+00:00,2451.9,0
2022-12-25 18:00:00+00:00,2499.3,0
2022-12-25 19:00:00+00:00,2193.5,0
2022-12-25 20:00:00+00:00,2110.6,0
2022-12-25 21:00:00+00:00,2133.8,0
2022-12-25 22:00:00+00:00,2160.7,0
2022-12-25 23:00:00+00:00,0,165.8
2022-12-26 00:00:00+00:00,0,611.1
2022-12-26 01:00:00+00:00,0,626.8
2022-12-26 02:00:00+00:00,0,1183.4
2022-12-26 03:00:00+00:00,0,903.7
2022-12-26 04:00:00+00:00,0,437.4
2022-12-26 05:00:00+00:00,0,445.2
2022-12-26 06:00:00+00:00,0,356.7
2022-12-26 07:00:00+00:00,0,292.1
2022-12-26 08:00:00+00:00,0,626.7
2022-12-26 09:00:00+00:00,0,768.7
2022-12-26 10:00:00+00:00,0,831.9
2022-12-26 11:00:00+00:00,0,1052.9
2022-12-26 12:00:00+00:00,0,1083.2
2022-12-26 13:00:00+00:00,0,937.3
2022-12-26 14:00:00+00:00,0,1109.5
2022-12-26 15:00:00+00:00,20.9,0
2022-12-26 16:00:00+00:00,728.7,0
2022-12-26 17:00:00+00:00,391.2,0
2022-12-26 18:00:00+00:00,156.1,0
2022-12-26 19:00:00+00:00,0,74.4
2022-12-26 20:00:00+00:00,113.5,0
2022-12-26 21:00:00+00:00,557.6,0
2022-12-26 22:00:00+00:00,847.5,0
2022-12-26 23:00:00+00:00,0,228.2
2022-12-27 00:00:00+00:00,990.5,0
2022-12-27 01:00:00+00:00,207.1,0
2022-12-27 02:00:00+00:00,0,360.8
2022-12-27 03:00:00+00:00,0,308.1
2022-12-27 04:00:00+00:00,818.8,0
2022-12-27 05:00:00+00:00,2191.4,0
2022-12-27 06:00:00+00:00,2495.8,0
2022-12-27 07:00:00+00:00,2058.4,0
2022-12-27 08:00:00+00:00,1555.9,0
2022-12-27 09:00:00+00:00,1400.9,0
2022-12-27 10:00:00+00:00,292.9,0
2022-12-27 11:00:00+00:00,0,329
2022-12-27 12:00:00+00:00,0,428.8
2022-12-27 13:00:00+00:00,0,724.6
2022-12-27 14:00:00+00:00,0,250.4
2022-12-27 15:00:00+00:00,991.8,0
2022-12-27 16:00:00+00:00,977.7,0
2022-12-27 17:00:00+00:00,823.5,0
2022-12-27 18:00:00+00:00,371,0
2022-12-27 19:00:00+00:00,217.1,0
2022-12-27 20:00:00+00:00,444,0
2022-12-27 21:00:00+00:00,553.3,0
2022-12-27 22:00:00+00:00,922.8,0
2022-12-27 23:00:00+00:00,0,1202.3
2022-12-28 00:00:00+00:00,0,1265.7
2022-12-28 01:00:00+00:00,0,1051.9
2022-12-28 02:00:00+00:00,0,731.2
2022-12-28 03:00:00+00:00,0,1158.6
2022-12-28 04:00:00+00:00,0,967.8
2022-12-28 05:00:00+00:00,0,171.8
2022-12-28 06:00:00+00:00,212,0
2022-12-28 07:00:00+00:00,621.4,0
2022-12-28 08:00:00+00:00,0,84.8
2022-12-28 09:00:00+00:00,0,322.9
2022-12-28 10:00:00+00:00,0,1002.6
2022-12-28 11:00:00+00:00,0,1044.2
2022-12-28 12:00:00+00:00,0,849.2
2022-12-28 13:00:00+00:00,0,691.5
2022-12-28 14:00:00+00:00,0,841.1
2022-12-28 15:00:00+00:00,0,832.1
2022-12-28 16:00:00+00:00,0,439.4
2022-12-28 17:00:00+00:00,866.5,0
2022-12-28 18:00:00+00:00,1015.8,0
2022-12-28 19:00:00+00:00,0,167.2
2022-12-28 20:00:00+00:00,0,910.8
2022-12-28 21:00:00+00:00,0,1266.2
2022-12-28 22:00:00+00:00,0,1097.4
2022-12-28 23:00:00+00:00,0,531.8
2022-12-29 00:00:00+00:00,0,481.9
2022-12-29 01:00:00+00:00,0,353.3
2022-12-29 02:00:00+00:00,0,84.3
2022-12-29 03:00:00+00:00,78.9,0
2022-12-29 04:00:00+00:00,226.2,0
2022-12-29 05:00:00+00:00,411,0
2022-12-29 06:00:00+00:00,561.3,0
2022-12-29 07:00:00+00:00,1204.3,0
2022-12-29 08:00:00+00:00,1300.7,0
2022-12-29 09:00:00+00:00,562.8,0
2022-12-29 10:00:00+00:00,493.2,0
2022-12-29 11:00:00+00:00,332.7,0
2022-12-29 12:00:00+00:00,132.6,0
2022-12-29 13:00:00+00:00,243,0
2022-12-29 14:00:00+00:00,238.3,0
2022-12-29 15:00:00+00:00,746,0
2022-12-29 16:00:00+00:00,1165.3,0
2022-12-29 17:00:00+00:00,2013.1,0
2022-12-29 18:00:00+00:00,1878.3,0
2022-12-29 19:00:00+00:00,1899.3,0
2022-12-29 20:00:00+00:00,1682.4,0
2022-12-29 21:00:00+00:00,1498.8,0
2022-12-29 22:00:00+00:00,1049.2,0
2022-12-29 23:00:00+00:00,1448.1,0
2022-12-30 00:00:00+00:00,1947.1,0
2022-12-30 01:00:00+00:00,1997.7,0
2022-12-30 02:00:00+00:00,2091,0
2022-12-30 03:00:00+00:00,2195.5,0
2022-12-30 04:00:00+00:00,2285.2,0
2022-12-30 05:00:00+00:00,2422.9,0
2022-12-30 06:00:00+00:00,2221.9,0
2022-12-30 07:00:00+00:00,2402,0
2022-12-30 08:00:00+00:00,2003.1,0
2022-12-30 09:00:00+00:00,1058.1,0
2022-12-30 10:00:00+00:00,889.8,0
2022-12-30 11:00:00+00:00,882.6,0
2022-12-30 12:00:00+00:00,988.1,0
2022-12-30 13:00:00+00:00,1107.6,0
2022-12-30 14:00:00+00:00,983,0
2022-12-30 15:00:00+00:00,954.5,0
2022-12-30 16:00:00+00:00,1695.6,0
2022-12-30 17:00:00+00:00,1638.7,0
2022-12-30 18:00:00+00:00,1449.3,0
2022-12-30 19:00:00+00:00,1377.2,0
2022-12-30 20:00:00+00:00,66.1,0
2022-12-30 21:00:00+00:00,353.2,0
2022-12-30 22:00:00+00:00,745.1,0
2022-12-30 23:00:00+00:00,2879,0
2022-12-31 00:00:00+00:00,2183.4,0
2022-12-31 01:00:00+00:00,2300.8,0
2022-12-31 02:00:00+00:00,2335,0
2022-12-31 03:00:00+00:00,2426.8,0
2022-12-31 04:00:00+00:00,2458.7,0
2022-12-31 05:00:00+00:00,2462,0
2022-12-31 06:00:00+00:00,2638.2,0
2022-12-31 07:00:00+00:00,3726.5,0
2022-12-31 08:00:00+00:00,3687.7,0
2022-12-31 09:00:00+00:00,3528.7,0
2022-12-31 10:00:00+00:00,2639.2,0
2022-12-31 11:00:00+00:00,2558.9,0
2022-12-31 12:00:00+00:00,2349.5,0
2022-12-31 13:00:00+00:00,2610,0
2022-12-31 14:00:00+00:00,2565,0
2022-12-31 15:00:00+00:00,2565,0
2022-12-31 16:00:00+00:00,2565,0
2022-12-31 17:00:00+00:00,3465,0
2022-12-31 18:00:00+00:00,3465,0
2022-12-31 19:00:00+00:00,2546,0
2022-12-31 20:00:00+00:00,2996,0
2022-12-31 21:00:00+00:00,3381.2,0
2022-12-31 22:00:00+00:00,3062.9,0
2022-12-31 23:00:00+00:00,1436.9,0
