datetime_utc,da_total_load_mw
2024-01-01 00:00:00+00:00,21506.75
2024-01-01 01:00:00+00:00,19970.75
2024-01-01 02:00:00+00:00,18870.75
2024-01-01 03:00:00+00:00,18095.25
2024-01-01 04:00:00+00:00,17845
2024-01-01 05:00:00+00:00,18241.75
2024-01-01 06:00:00+00:00,18669.5
2024-01-01 07:00:00+00:00,18731
2024-01-01 08:00:00+00:00,19236
2024-01-01 09:00:00+00:00,20007
2024-01-01 10:00:00+00:00,20699.25
2024-01-01 11:00:00+00:00,21041.25
2024-01-01 12:00:00+00:00,21663.75
2024-01-01 13:00:00+00:00,22280.25
2024-01-01 14:00:00+00:00,21584.25
2024-01-01 15:00:00+00:00,21452.75
2024-01-01 16:00:00+00:00,22512.75
2024-01-01 17:00:00+00:00,24732
2024-01-01 18:00:00+00:00,26064
2024-01-01 19:00:00+00:00,27230
2024-01-01 20:00:00+00:00,27236
2024-01-01 21:00:00+00:00,25977.25
2024-01-01 22:00:00+00:00,23593
2024-01-01 23:00:00+00:00,21323.5
2024-01-02 00:00:00+00:00,19581.75
2024-01-02 01:00:00+00:00,18468
2024-01-02 02:00:00+00:00,17992.25
2024-01-02 03:00:00+00:00,17871.75
2024-01-02 04:00:00+00:00,18725.25
2024-01-02 05:00:00+00:00,21641
2024-01-02 06:00:00+00:00,25417.5
2024-01-02 07:00:00+00:00,28265.5
2024-01-02 08:00:00+00:00,30022.25
2024-01-02 09:00:00+00:00,30642.5
2024-01-02 10:00:00+00:00,30442
2024-01-02 11:00:00+00:00,29959
2024-01-02 12:00:00+00:00,29868
2024-01-02 13:00:00+00:00,29545.5
2024-01-02 14:00:00+00:00,29305.25
2024-01-02 15:00:00+00:00,29588.25
2024-01-02 16:00:00+00:00,30992.25
2024-01-02 17:00:00+00:00,32571.25
2024-01-02 18:00:00+00:00,32836.25
2024-01-02 19:00:00+00:00,33188
2024-01-02 20:00:00+00:00,32717.5
2024-01-02 21:00:00+00:00,30035.5
2024-01-02 22:00:00+00:00,27036.25
2024-01-02 23:00:00+00:00,24773.75
2024-01-03 00:00:00+00:00,22991
2024-01-03 01:00:00+00:00,22073.75
2024-01-03 02:00:00+00:00,21221
2024-01-03 03:00:00+00:00,21308.25
2024-01-03 04:00:00+00:00,21862.25
2024-01-03 05:00:00+00:00,24072.25
2024-01-03 06:00:00+00:00,27690.5
2024-01-03 07:00:00+00:00,30414
2024-01-03 08:00:00+00:00,31544
2024-01-03 09:00:00+00:00,31745.75
2024-01-03 10:00:00+00:00,31219.25
2024-01-03 11:00:00+00:00,30667.5
2024-01-03 12:00:00+00:00,30772
2024-01-03 13:00:00+00:00,30536.25
2024-01-03 14:00:00+00:00,30097.25
2024-01-03 15:00:00+00:00,30888.5
2024-01-03 16:00:00+00:00,31118
2024-01-03 17:00:00+00:00,32750
2024-01-03 18:00:00+00:00,33421
2024-01-03 19:00:00+00:00,33927
2024-01-03 20:00:00+00:00,33188.75
2024-01-03 21:00:00+00:00,30137.5
2024-01-03 22:00:00+00:00,27316.75
2024-01-03 23:00:00+00:00,24501.25
2024-01-04 00:00:00+00:00,22615.75
2024-01-04 01:00:00+00:00,21494
2024-01-04 02:00:00+00:00,20995.75
2024-01-04 03:00:00+00:00,20917
2024-01-04 04:00:00+00:00,21470
2024-01-04 05:00:00+00:00,23744.75
2024-01-04 06:00:00+00:00,27000.5
2024-01-04 07:00:00+00:00,29459.25
2024-01-04 08:00:00+00:00,30809.25
2024-01-04 09:00:00+00:00,31219.75
2024-01-04 10:00:00+00:00,30821.5
2024-01-04 11:00:00+00:00,30453.25
2024-01-04 12:00:00+00:00,30574.75
2024-01-04 13:00:00+00:00,30391
2024-01-04 14:00:00+00:00,29901
2024-01-04 15:00:00+00:00,29958.5
2024-01-04 16:00:00+00:00,30619.5
2024-01-04 17:00:00+00:00,31993.25
2024-01-04 18:00:00+00:00,32439.5
2024-01-04 19:00:00+00:00,32891.75
2024-01-04 20:00:00+00:00,32350.25
2024-01-04 21:00:00+00:00,29727.75
2024-01-04 22:00:00+00:00,26713.75
2024-01-04 23:00:00+00:00,24830
2024-01-05 00:00:00+00:00,22993.5
2024-01-05 01:00:00+00:00,21796
2024-01-05 02:00:00+00:00,21181.75
2024-01-05 03:00:00+00:00,20978.75
2024-01-05 04:00:00+00:00,21390
2024-01-05 05:00:00+00:00,23284.75
2024-01-05 06:00:00+00:00,26047.75
2024-01-05 07:00:00+00:00,28226.75
2024-01-05 08:00:00+00:00,30152.25
2024-01-05 09:00:00+00:00,30858
2024-01-05 10:00:00+00:00,30710.25
2024-01-05 11:00:00+00:00,30397.25
2024-01-05 12:00:00+00:00,30516
2024-01-05 13:00:00+00:00,29882.5
2024-01-05 14:00:00+00:00,29075
2024-01-05 15:00:00+00:00,28820.75
2024-01-05 16:00:00+00:00,29216
2024-01-05 17:00:00+00:00,29939.75
2024-01-05 18:00:00+00:00,29868
2024-01-05 19:00:00+00:00,30230.5
2024-01-05 20:00:00+00:00,29889.75
2024-01-05 21:00:00+00:00,27881.75
2024-01-05 22:00:00+00:00,25677.75
2024-01-05 23:00:00+00:00,24126.5
2024-01-06 00:00:00+00:00,22128.25
2024-01-06 01:00:00+00:00,20747.25
2024-01-06 02:00:00+00:00,19851.25
2024-01-06 03:00:00+00:00,19350.5
2024-01-06 04:00:00+00:00,19242.75
2024-01-06 05:00:00+00:00,19599
2024-01-06 06:00:00+00:00,20190
2024-01-06 07:00:00+00:00,20845.25
2024-01-06 08:00:00+00:00,22492.75
2024-01-06 09:00:00+00:00,23785.25
2024-01-06 10:00:00+00:00,24478.25
2024-01-06 11:00:00+00:00,24318
2024-01-06 12:00:00+00:00,24381.25
2024-01-06 13:00:00+00:00,24681.5
2024-01-06 14:00:00+00:00,23440.25
2024-01-06 15:00:00+00:00,23296.5
2024-01-06 16:00:00+00:00,24161.25
2024-01-06 17:00:00+00:00,26191.5
2024-01-06 18:00:00+00:00,27360.5
2024-01-06 19:00:00+00:00,28174.75
2024-01-06 20:00:00+00:00,28531.5
2024-01-06 21:00:00+00:00,27391.75
2024-01-06 22:00:00+00:00,25475.25
2024-01-06 23:00:00+00:00,23639.5
2024-01-07 00:00:00+00:00,21709.5
2024-01-07 01:00:00+00:00,20369
2024-01-07 02:00:00+00:00,19569.75
2024-01-07 03:00:00+00:00,19220
2024-01-07 04:00:00+00:00,19221.25
2024-01-07 05:00:00+00:00,19653
2024-01-07 06:00:00+00:00,20407.75
2024-01-07 07:00:00+00:00,21362.5
2024-01-07 08:00:00+00:00,23300.25
2024-01-07 09:00:00+00:00,24955.25
2024-01-07 10:00:00+00:00,25413.25
2024-01-07 11:00:00+00:00,25560.75
2024-01-07 12:00:00+00:00,26225.5
2024-01-07 13:00:00+00:00,26594.25
2024-01-07 14:00:00+00:00,25927.75
2024-01-07 15:00:00+00:00,25859.5
2024-01-07 16:00:00+00:00,26647.5
2024-01-07 17:00:00+00:00,28811.75
2024-01-07 18:00:00+00:00,29943.5
2024-01-07 19:00:00+00:00,30955.75
2024-01-07 20:00:00+00:00,30968
2024-01-07 21:00:00+00:00,28952.75
2024-01-07 22:00:00+00:00,26282.5
2024-01-07 23:00:00+00:00,24195.75
2024-01-08 00:00:00+00:00,22261.25
2024-01-08 01:00:00+00:00,21112.75
2024-01-08 02:00:00+00:00,20691
2024-01-08 03:00:00+00:00,20661.5
2024-01-08 04:00:00+00:00,21519
2024-01-08 05:00:00+00:00,24735
2024-01-08 06:00:00+00:00,29464.5
2024-01-08 07:00:00+00:00,32617.25
2024-01-08 08:00:00+00:00,33599.5
2024-01-08 09:00:00+00:00,33562.25
2024-01-08 10:00:00+00:00,33046
2024-01-08 11:00:00+00:00,32650.25
2024-01-08 12:00:00+00:00,32746.25
2024-01-08 13:00:00+00:00,32252.75
2024-01-08 14:00:00+00:00,32511
2024-01-08 15:00:00+00:00,33007.5
2024-01-08 16:00:00+00:00,34099
2024-01-08 17:00:00+00:00,36020
2024-01-08 18:00:00+00:00,37047.75
2024-01-08 19:00:00+00:00,37528
2024-01-08 20:00:00+00:00,36424.25
2024-01-08 21:00:00+00:00,32820.5
2024-01-08 22:00:00+00:00,29404.75
2024-01-08 23:00:00+00:00,26929.25
2024-01-09 00:00:00+00:00,24806.25
2024-01-09 01:00:00+00:00,23615
2024-01-09 02:00:00+00:00,23128.75
2024-01-09 03:00:00+00:00,23013.5
2024-01-09 04:00:00+00:00,23717.75
2024-01-09 05:00:00+00:00,26623.5
2024-01-09 06:00:00+00:00,31222.25
2024-01-09 07:00:00+00:00,34239
2024-01-09 08:00:00+00:00,34971.5
2024-01-09 09:00:00+00:00,34803.25
2024-01-09 10:00:00+00:00,34179
2024-01-09 11:00:00+00:00,33866
2024-01-09 12:00:00+00:00,34005.25
2024-01-09 13:00:00+00:00,33997
2024-01-09 14:00:00+00:00,33933
2024-01-09 15:00:00+00:00,34235.5
2024-01-09 16:00:00+00:00,35100.25
2024-01-09 17:00:00+00:00,36504.5
2024-01-09 18:00:00+00:00,37206.75
2024-01-09 19:00:00+00:00,37759.5
2024-01-09 20:00:00+00:00,36755.75
2024-01-09 21:00:00+00:00,33249.75
2024-01-09 22:00:00+00:00,29697.75
2024-01-09 23:00:00+00:00,27106.25
2024-01-10 00:00:00+00:00,24992
2024-01-10 01:00:00+00:00,23722.75
2024-01-10 02:00:00+00:00,23256.5
2024-01-10 03:00:00+00:00,23198.25
2024-01-10 04:00:00+00:00,23893.5
2024-01-10 05:00:00+00:00,26787.25
2024-01-10 06:00:00+00:00,31353.25
2024-01-10 07:00:00+00:00,34205.75
2024-01-10 08:00:00+00:00,35101.25
2024-01-10 09:00:00+00:00,35138.5
2024-01-10 10:00:00+00:00,34562
2024-01-10 11:00:00+00:00,34210.5
2024-01-10 12:00:00+00:00,34309.75
2024-01-10 13:00:00+00:00,34025
2024-01-10 14:00:00+00:00,33869.25
2024-01-10 15:00:00+00:00,34023.25
2024-01-10 16:00:00+00:00,34725.75
2024-01-10 17:00:00+00:00,36186
2024-01-10 18:00:00+00:00,36833.75
2024-01-10 19:00:00+00:00,37289.25
2024-01-10 20:00:00+00:00,36360.5
2024-01-10 21:00:00+00:00,33050.5
2024-01-10 22:00:00+00:00,29673
2024-01-10 23:00:00+00:00,27176
2024-01-11 00:00:00+00:00,25166.25
2024-01-11 01:00:00+00:00,23941.25
2024-01-11 02:00:00+00:00,23422.5
2024-01-11 03:00:00+00:00,23375
2024-01-11 04:00:00+00:00,24110
2024-01-11 05:00:00+00:00,27092.25
2024-01-11 06:00:00+00:00,31793.25
2024-01-11 07:00:00+00:00,34577.25
2024-01-11 08:00:00+00:00,35402
2024-01-11 09:00:00+00:00,35398
2024-01-11 10:00:00+00:00,34959.75
2024-01-11 11:00:00+00:00,34586
2024-01-11 12:00:00+00:00,34642
2024-01-11 13:00:00+00:00,34561.5
2024-01-11 14:00:00+00:00,34089
2024-01-11 15:00:00+00:00,34215.75
2024-01-11 16:00:00+00:00,34850.75
2024-01-11 17:00:00+00:00,36357.75
2024-01-11 18:00:00+00:00,37129.75
2024-01-11 19:00:00+00:00,37772.75
2024-01-11 20:00:00+00:00,36557.5
2024-01-11 21:00:00+00:00,33160
2024-01-11 22:00:00+00:00,29648.5
2024-01-11 23:00:00+00:00,27579.75
2024-01-12 00:00:00+00:00,25599.75
2024-01-12 01:00:00+00:00,24310.75
2024-01-12 02:00:00+00:00,23777.5
2024-01-12 03:00:00+00:00,23679.25
2024-01-12 04:00:00+00:00,24402.5
2024-01-12 05:00:00+00:00,27448.5
2024-01-12 06:00:00+00:00,32218.75
2024-01-12 07:00:00+00:00,34932.25
2024-01-12 08:00:00+00:00,35454.75
2024-01-12 09:00:00+00:00,35222
2024-01-12 10:00:00+00:00,34460
2024-01-12 11:00:00+00:00,33916.75
2024-01-12 12:00:00+00:00,33875.5
2024-01-12 13:00:00+00:00,33058.25
2024-01-12 14:00:00+00:00,33125.5
2024-01-12 15:00:00+00:00,33177
2024-01-12 16:00:00+00:00,33956.75
2024-01-12 17:00:00+00:00,35679.5
2024-01-12 18:00:00+00:00,36374.25
2024-01-12 19:00:00+00:00,36800.5
2024-01-12 20:00:00+00:00,35733
2024-01-12 21:00:00+00:00,32497.25
2024-01-12 22:00:00+00:00,29309.25
2024-01-12 23:00:00+00:00,27473.25
2024-01-13 00:00:00+00:00,25815.5
2024-01-13 01:00:00+00:00,24302.25
2024-01-13 02:00:00+00:00,23652.75
2024-01-13 03:00:00+00:00,23063.25
2024-01-13 04:00:00+00:00,23138.5
2024-01-13 05:00:00+00:00,24304.5
2024-01-13 06:00:00+00:00,26106.75
2024-01-13 07:00:00+00:00,28043.25
2024-01-13 08:00:00+00:00,29839.75
2024-01-13 09:00:00+00:00,30633.5
2024-01-13 10:00:00+00:00,30073.75
2024-01-13 11:00:00+00:00,28994.5
2024-01-13 12:00:00+00:00,29568.5
2024-01-13 13:00:00+00:00,29500.25
2024-01-13 14:00:00+00:00,28916
2024-01-13 15:00:00+00:00,29045
2024-01-13 16:00:00+00:00,29945.75
2024-01-13 17:00:00+00:00,31911
2024-01-13 18:00:00+00:00,32762.75
2024-01-13 19:00:00+00:00,33468
2024-01-13 20:00:00+00:00,33036.75
2024-01-13 21:00:00+00:00,30431.75
2024-01-13 22:00:00+00:00,27530
2024-01-13 23:00:00+00:00,25231.75
2024-01-14 00:00:00+00:00,23194.25
2024-01-14 01:00:00+00:00,21602.25
2024-01-14 02:00:00+00:00,20889.5
2024-01-14 03:00:00+00:00,20459.5
2024-01-14 04:00:00+00:00,20504.5
2024-01-14 05:00:00+00:00,21047.75
2024-01-14 06:00:00+00:00,22031.25
2024-01-14 07:00:00+00:00,22973
2024-01-14 08:00:00+00:00,24615
2024-01-14 09:00:00+00:00,25925.5
2024-01-14 10:00:00+00:00,26054.75
2024-01-14 11:00:00+00:00,25845.25
2024-01-14 12:00:00+00:00,26234.5
2024-01-14 13:00:00+00:00,26547.25
2024-01-14 14:00:00+00:00,25886.5
2024-01-14 15:00:00+00:00,25741
2024-01-14 16:00:00+00:00,26301.75
2024-01-14 17:00:00+00:00,28509
2024-01-14 18:00:00+00:00,29902
2024-01-14 19:00:00+00:00,31061
2024-01-14 20:00:00+00:00,30803
2024-01-14 21:00:00+00:00,29248.75
2024-01-14 22:00:00+00:00,26303.75
2024-01-14 23:00:00+00:00,23872
2024-01-15 00:00:00+00:00,22156.75
2024-01-15 01:00:00+00:00,21219
2024-01-15 02:00:00+00:00,20762.5
2024-01-15 03:00:00+00:00,20766.25
2024-01-15 04:00:00+00:00,21655.75
2024-01-15 05:00:00+00:00,24793.5
2024-01-15 06:00:00+00:00,29518.25
2024-01-15 07:00:00+00:00,32344.25
2024-01-15 08:00:00+00:00,32990.75
2024-01-15 09:00:00+00:00,32865.5
2024-01-15 10:00:00+00:00,32482.25
2024-01-15 11:00:00+00:00,32182.25
2024-01-15 12:00:00+00:00,32250.5
2024-01-15 13:00:00+00:00,32032.5
2024-01-15 14:00:00+00:00,31720
2024-01-15 15:00:00+00:00,31703.75
2024-01-15 16:00:00+00:00,32287.75
2024-01-15 17:00:00+00:00,33748.5
2024-01-15 18:00:00+00:00,34681.5
2024-01-15 19:00:00+00:00,35313.25
2024-01-15 20:00:00+00:00,33863
2024-01-15 21:00:00+00:00,30770.25
2024-01-15 22:00:00+00:00,27675.25
2024-01-15 23:00:00+00:00,25816.5
2024-01-16 00:00:00+00:00,24155
2024-01-16 01:00:00+00:00,23234
2024-01-16 02:00:00+00:00,22734.25
2024-01-16 03:00:00+00:00,22657.25
2024-01-16 04:00:00+00:00,23375.25
2024-01-16 05:00:00+00:00,26259.5
2024-01-16 06:00:00+00:00,30732.5
2024-01-16 07:00:00+00:00,33026
2024-01-16 08:00:00+00:00,33305.75
2024-01-16 09:00:00+00:00,33192.75
2024-01-16 10:00:00+00:00,32697.5
2024-01-16 11:00:00+00:00,32360.5
2024-01-16 12:00:00+00:00,32460
2024-01-16 13:00:00+00:00,32191
2024-01-16 14:00:00+00:00,31687
2024-01-16 15:00:00+00:00,31690.5
2024-01-16 16:00:00+00:00,32271.5
2024-01-16 17:00:00+00:00,33726.75
2024-01-16 18:00:00+00:00,34620.5
2024-01-16 19:00:00+00:00,35203.25
2024-01-16 20:00:00+00:00,34023
2024-01-16 21:00:00+00:00,30636.75
2024-01-16 22:00:00+00:00,27588.25
2024-01-16 23:00:00+00:00,25538
2024-01-17 00:00:00+00:00,23897.25
2024-01-17 01:00:00+00:00,23018.5
2024-01-17 02:00:00+00:00,22476.5
2024-01-17 03:00:00+00:00,22424.5
2024-01-17 04:00:00+00:00,23163.25
2024-01-17 05:00:00+00:00,26055.25
2024-01-17 06:00:00+00:00,30521
2024-01-17 07:00:00+00:00,32663.75
2024-01-17 08:00:00+00:00,32949
2024-01-17 09:00:00+00:00,32931.75
2024-01-17 10:00:00+00:00,32649.25
2024-01-17 11:00:00+00:00,32301.5
2024-01-17 12:00:00+00:00,32431.25
2024-01-17 13:00:00+00:00,32260.25
2024-01-17 14:00:00+00:00,31650
2024-01-17 15:00:00+00:00,31523.5
2024-01-17 16:00:00+00:00,32060.25
2024-01-17 17:00:00+00:00,33453.5
2024-01-17 18:00:00+00:00,34288.5
2024-01-17 19:00:00+00:00,34787
2024-01-17 20:00:00+00:00,33624.75
2024-01-17 21:00:00+00:00,30097
2024-01-17 22:00:00+00:00,27140.5
2024-01-17 23:00:00+00:00,25636.25
2024-01-18 00:00:00+00:00,24051
2024-01-18 01:00:00+00:00,23095
2024-01-18 02:00:00+00:00,22610.75
2024-01-18 03:00:00+00:00,22557.75
2024-01-18 04:00:00+00:00,23273
2024-01-18 05:00:00+00:00,26093.75
2024-01-18 06:00:00+00:00,30355.75
2024-01-18 07:00:00+00:00,32517.75
2024-01-18 08:00:00+00:00,32817
2024-01-18 09:00:00+00:00,32591.25
2024-01-18 10:00:00+00:00,32091.5
2024-01-18 11:00:00+00:00,31839.25
2024-01-18 12:00:00+00:00,31854.25
2024-01-18 13:00:00+00:00,31487.5
2024-01-18 14:00:00+00:00,31097.75
2024-01-18 15:00:00+00:00,31117
2024-01-18 16:00:00+00:00,31745.75
2024-01-18 17:00:00+00:00,33234
2024-01-18 18:00:00+00:00,34195.75
2024-01-18 19:00:00+00:00,34773.25
2024-01-18 20:00:00+00:00,33681
2024-01-18 21:00:00+00:00,30242
2024-01-18 22:00:00+00:00,27156.75
2024-01-18 23:00:00+00:00,25626.75
2024-01-19 00:00:00+00:00,24089.25
2024-01-19 01:00:00+00:00,23166.25
2024-01-19 02:00:00+00:00,22642.25
2024-01-19 03:00:00+00:00,22561.75
2024-01-19 04:00:00+00:00,23253
2024-01-19 05:00:00+00:00,26237
2024-01-19 06:00:00+00:00,30650.25
2024-01-19 07:00:00+00:00,32760.5
2024-01-19 08:00:00+00:00,33006.25
2024-01-19 09:00:00+00:00,32706.75
2024-01-19 10:00:00+00:00,32293.25
2024-01-19 11:00:00+00:00,32044.25
2024-01-19 12:00:00+00:00,31860
2024-01-19 13:00:00+00:00,31371.75
2024-01-19 14:00:00+00:00,31153.5
2024-01-19 15:00:00+00:00,31225.75
2024-01-19 16:00:00+00:00,31885.75
2024-01-19 17:00:00+00:00,33400
2024-01-19 18:00:00+00:00,34170.75
2024-01-19 19:00:00+00:00,34466.5
2024-01-19 20:00:00+00:00,33415
2024-01-19 21:00:00+00:00,30228.75
2024-01-19 22:00:00+00:00,27458
2024-01-19 23:00:00+00:00,26106.25
2024-01-20 00:00:00+00:00,24351.5
2024-01-20 01:00:00+00:00,23191.5
2024-01-20 02:00:00+00:00,22360.75
2024-01-20 03:00:00+00:00,22024.5
2024-01-20 04:00:00+00:00,21996.25
2024-01-20 05:00:00+00:00,22869.75
2024-01-20 06:00:00+00:00,24337
2024-01-20 07:00:00+00:00,25844.25
2024-01-20 08:00:00+00:00,28036.25
2024-01-20 09:00:00+00:00,29503
2024-01-20 10:00:00+00:00,29470.5
2024-01-20 11:00:00+00:00,29221.5
2024-01-20 12:00:00+00:00,29454.75
2024-01-20 13:00:00+00:00,29934.5
2024-01-20 14:00:00+00:00,28532.75
2024-01-20 15:00:00+00:00,28296
2024-01-20 16:00:00+00:00,28753.75
2024-01-20 17:00:00+00:00,30213.75
2024-01-20 18:00:00+00:00,31209
2024-01-20 19:00:00+00:00,31721.25
2024-01-20 20:00:00+00:00,31324.75
2024-01-20 21:00:00+00:00,28955
2024-01-20 22:00:00+00:00,26528.25
2024-01-20 23:00:00+00:00,24707.75
2024-01-21 00:00:00+00:00,22758.75
2024-01-21 01:00:00+00:00,21422.75
2024-01-21 02:00:00+00:00,20612
2024-01-21 03:00:00+00:00,20271
2024-01-21 04:00:00+00:00,20347.25
2024-01-21 05:00:00+00:00,21031
2024-01-21 06:00:00+00:00,21929
2024-01-21 07:00:00+00:00,22741
2024-01-21 08:00:00+00:00,24495.25
2024-01-21 09:00:00+00:00,25984
2024-01-21 10:00:00+00:00,26347.5
2024-01-21 11:00:00+00:00,26336.5
2024-01-21 12:00:00+00:00,26817.25
2024-01-21 13:00:00+00:00,27359.25
2024-01-21 14:00:00+00:00,26310.25
2024-01-21 15:00:00+00:00,26048.25
2024-01-21 16:00:00+00:00,26698
2024-01-21 17:00:00+00:00,28789.25
2024-01-21 18:00:00+00:00,30269
2024-01-21 19:00:00+00:00,31413.5
2024-01-21 20:00:00+00:00,30990.75
2024-01-21 21:00:00+00:00,29035
2024-01-21 22:00:00+00:00,26481.5
2024-01-21 23:00:00+00:00,24248.25
2024-01-22 00:00:00+00:00,22545.75
2024-01-22 01:00:00+00:00,21667.5
2024-01-22 02:00:00+00:00,21296.75
2024-01-22 03:00:00+00:00,21332.25
2024-01-22 04:00:00+00:00,22234
2024-01-22 05:00:00+00:00,25586
2024-01-22 06:00:00+00:00,30478.25
2024-01-22 07:00:00+00:00,33553.5
2024-01-22 08:00:00+00:00,34108.5
2024-01-22 09:00:00+00:00,33870.25
2024-01-22 10:00:00+00:00,33236.25
2024-01-22 11:00:00+00:00,32730
2024-01-22 12:00:00+00:00,32495.75
2024-01-22 13:00:00+00:00,31399
2024-01-22 14:00:00+00:00,31594.75
2024-01-22 15:00:00+00:00,31780.75
2024-01-22 16:00:00+00:00,32461
2024-01-22 17:00:00+00:00,34008
2024-01-22 18:00:00+00:00,35341.25
2024-01-22 19:00:00+00:00,36001
2024-01-22 20:00:00+00:00,34787.5
2024-01-22 21:00:00+00:00,31255.25
2024-01-22 22:00:00+00:00,28071.75
2024-01-22 23:00:00+00:00,26162
2024-01-23 00:00:00+00:00,24385.75
2024-01-23 01:00:00+00:00,23446
2024-01-23 02:00:00+00:00,22967
2024-01-23 03:00:00+00:00,22958.5
2024-01-23 04:00:00+00:00,23616
2024-01-23 05:00:00+00:00,26570.25
2024-01-23 06:00:00+00:00,31184.25
2024-01-23 07:00:00+00:00,33580.25
2024-01-23 08:00:00+00:00,33789.25
2024-01-23 09:00:00+00:00,33438.5
2024-01-23 10:00:00+00:00,32728.75
2024-01-23 11:00:00+00:00,32219.5
2024-01-23 12:00:00+00:00,32059.75
2024-01-23 13:00:00+00:00,31638
2024-01-23 14:00:00+00:00,31251.75
2024-01-23 15:00:00+00:00,31307.75
2024-01-23 16:00:00+00:00,31817.5
2024-01-23 17:00:00+00:00,33318.75
2024-01-23 18:00:00+00:00,34794.25
2024-01-23 19:00:00+00:00,35606.5
2024-01-23 20:00:00+00:00,34454
2024-01-23 21:00:00+00:00,30948.75
2024-01-23 22:00:00+00:00,28071.75
2024-01-23 23:00:00+00:00,25936.75
2024-01-24 00:00:00+00:00,24297
2024-01-24 01:00:00+00:00,23224
2024-01-24 02:00:00+00:00,22791.5
2024-01-24 03:00:00+00:00,22765.5
2024-01-24 04:00:00+00:00,23472
2024-01-24 05:00:00+00:00,26486
2024-01-24 06:00:00+00:00,30869
2024-01-24 07:00:00+00:00,33127.75
2024-01-24 08:00:00+00:00,33306.75
2024-01-24 09:00:00+00:00,32828
2024-01-24 10:00:00+00:00,32098.75
2024-01-24 11:00:00+00:00,31545.25
2024-01-24 12:00:00+00:00,31337.75
2024-01-24 13:00:00+00:00,30822.5
2024-01-24 14:00:00+00:00,30354
2024-01-24 15:00:00+00:00,30494.5
2024-01-24 16:00:00+00:00,31037.5
2024-01-24 17:00:00+00:00,32628
2024-01-24 18:00:00+00:00,34060.5
2024-01-24 19:00:00+00:00,34955.5
2024-01-24 20:00:00+00:00,34026
2024-01-24 21:00:00+00:00,30556.5
2024-01-24 22:00:00+00:00,27608.75
2024-01-24 23:00:00+00:00,25744.5
2024-01-25 00:00:00+00:00,24189.25
2024-01-25 01:00:00+00:00,23161.75
2024-01-25 02:00:00+00:00,22752.75
2024-01-25 03:00:00+00:00,22686.25
2024-01-25 04:00:00+00:00,23397
2024-01-25 05:00:00+00:00,26405.25
2024-01-25 06:00:00+00:00,30937.75
2024-01-25 07:00:00+00:00,32993.5
2024-01-25 08:00:00+00:00,32860.25
2024-01-25 09:00:00+00:00,32129.25
2024-01-25 10:00:00+00:00,31445
2024-01-25 11:00:00+00:00,30862.5
2024-01-25 12:00:00+00:00,30668.25
2024-01-25 13:00:00+00:00,30103.5
2024-01-25 14:00:00+00:00,29832.25
2024-01-25 15:00:00+00:00,30067.25
2024-01-25 16:00:00+00:00,30592
2024-01-25 17:00:00+00:00,32163.5
2024-01-25 18:00:00+00:00,33705.25
2024-01-25 19:00:00+00:00,34460.75
2024-01-25 20:00:00+00:00,33488
2024-01-25 21:00:00+00:00,30199.75
2024-01-25 22:00:00+00:00,27365.75
2024-01-25 23:00:00+00:00,25578.5
2024-01-26 00:00:00+00:00,23951.75
2024-01-26 01:00:00+00:00,22833.5
2024-01-26 02:00:00+00:00,22477.5
2024-01-26 03:00:00+00:00,22420.5
2024-01-26 04:00:00+00:00,23129
2024-01-26 05:00:00+00:00,26041.25
2024-01-26 06:00:00+00:00,30360.5
2024-01-26 07:00:00+00:00,32248.5
2024-01-26 08:00:00+00:00,32355.5
2024-01-26 09:00:00+00:00,31740.75
2024-01-26 10:00:00+00:00,31151
2024-01-26 11:00:00+00:00,30667.5
2024-01-26 12:00:00+00:00,30282
2024-01-26 13:00:00+00:00,29571.5
2024-01-26 14:00:00+00:00,29177.25
2024-01-26 15:00:00+00:00,29293
2024-01-26 16:00:00+00:00,29780.5
2024-01-26 17:00:00+00:00,31320.75
2024-01-26 18:00:00+00:00,32618.75
2024-01-26 19:00:00+00:00,33057.75
2024-01-26 20:00:00+00:00,32118.5
2024-01-26 21:00:00+00:00,29039.75
2024-01-26 22:00:00+00:00,26627
2024-01-26 23:00:00+00:00,25323.5
2024-01-27 00:00:00+00:00,23601
2024-01-27 01:00:00+00:00,22424.25
2024-01-27 02:00:00+00:00,21755
2024-01-27 03:00:00+00:00,21413
2024-01-27 04:00:00+00:00,21481.25
2024-01-27 05:00:00+00:00,22415.5
2024-01-27 06:00:00+00:00,24063
2024-01-27 07:00:00+00:00,25458.25
2024-01-27 08:00:00+00:00,26836.5
2024-01-27 09:00:00+00:00,27314.5
2024-01-27 10:00:00+00:00,26753
2024-01-27 11:00:00+00:00,25989.25
2024-01-27 12:00:00+00:00,25852.25
2024-01-27 13:00:00+00:00,25543.5
2024-01-27 14:00:00+00:00,24894.25
2024-01-27 15:00:00+00:00,24787.5
2024-01-27 16:00:00+00:00,25326.25
2024-01-27 17:00:00+00:00,27008.75
2024-01-27 18:00:00+00:00,28491.25
2024-01-27 19:00:00+00:00,29174.25
2024-01-27 20:00:00+00:00,29130.5
2024-01-27 21:00:00+00:00,26895
2024-01-27 22:00:00+00:00,24891.5
2024-01-27 23:00:00+00:00,23239.75
2024-01-28 00:00:00+00:00,21987.25
2024-01-28 01:00:00+00:00,20807.25
2024-01-28 02:00:00+00:00,19841.25
2024-01-28 03:00:00+00:00,19530.75
2024-01-28 04:00:00+00:00,19401.75
2024-01-28 05:00:00+00:00,19726.5
2024-01-28 06:00:00+00:00,20559
2024-01-28 07:00:00+00:00,21324.25
2024-01-28 08:00:00+00:00,22607.5
2024-01-28 09:00:00+00:00,23713.75
2024-01-28 10:00:00+00:00,23979.5
2024-01-28 11:00:00+00:00,23790.25
2024-01-28 12:00:00+00:00,24016.25
2024-01-28 13:00:00+00:00,24043
2024-01-28 14:00:00+00:00,23596.25
2024-01-28 15:00:00+00:00,23279.25
2024-01-28 16:00:00+00:00,23628.75
2024-01-28 17:00:00+00:00,25226.25
2024-01-28 18:00:00+00:00,27104.5
2024-01-28 19:00:00+00:00,28683.75
2024-01-28 20:00:00+00:00,28982.25
2024-01-28 21:00:00+00:00,27543.5
2024-01-28 22:00:00+00:00,25241.5
2024-01-28 23:00:00+00:00,22687.5
2024-01-29 00:00:00+00:00,21348
2024-01-29 01:00:00+00:00,20474.25
2024-01-29 02:00:00+00:00,20138.5
2024-01-29 03:00:00+00:00,20226.25
2024-01-29 04:00:00+00:00,21084.5
2024-01-29 05:00:00+00:00,24226.25
2024-01-29 06:00:00+00:00,28906.5
2024-01-29 07:00:00+00:00,31678.25
2024-01-29 08:00:00+00:00,32007
2024-01-29 09:00:00+00:00,31424.75
2024-01-29 10:00:00+00:00,30817
2024-01-29 11:00:00+00:00,30300
2024-01-29 12:00:00+00:00,30016.75
2024-01-29 13:00:00+00:00,29495.5
2024-01-29 14:00:00+00:00,29167.75
2024-01-29 15:00:00+00:00,29349.25
2024-01-29 16:00:00+00:00,30139
2024-01-29 17:00:00+00:00,31775
2024-01-29 18:00:00+00:00,33540
2024-01-29 19:00:00+00:00,34197.5
2024-01-29 20:00:00+00:00,32878.75
2024-01-29 21:00:00+00:00,29445
2024-01-29 22:00:00+00:00,26688.75
2024-01-29 23:00:00+00:00,24631
2024-01-30 00:00:00+00:00,23208
2024-01-30 01:00:00+00:00,22258.75
2024-01-30 02:00:00+00:00,21959
2024-01-30 03:00:00+00:00,21907.75
2024-01-30 04:00:00+00:00,22724
2024-01-30 05:00:00+00:00,25587.5
2024-01-30 06:00:00+00:00,29861.5
2024-01-30 07:00:00+00:00,31945.25
2024-01-30 08:00:00+00:00,32197.5
2024-01-30 09:00:00+00:00,31840.75
2024-01-30 10:00:00+00:00,31194.75
2024-01-30 11:00:00+00:00,30653.25
2024-01-30 12:00:00+00:00,30374
2024-01-30 13:00:00+00:00,30233.5
2024-01-30 14:00:00+00:00,30208.5
2024-01-30 15:00:00+00:00,30158.25
2024-01-30 16:00:00+00:00,30593.25
2024-01-30 17:00:00+00:00,31966.25
2024-01-30 18:00:00+00:00,33620.75
2024-01-30 19:00:00+00:00,34413.25
2024-01-30 20:00:00+00:00,33340
2024-01-30 21:00:00+00:00,30067
2024-01-30 22:00:00+00:00,26937.25
2024-01-30 23:00:00+00:00,25233
2024-01-31 00:00:00+00:00,23673.75
2024-01-31 01:00:00+00:00,22594.25
2024-01-31 02:00:00+00:00,22217.75
2024-01-31 03:00:00+00:00,22193.75
2024-01-31 04:00:00+00:00,23010.25
2024-01-31 05:00:00+00:00,25959
2024-01-31 06:00:00+00:00,30139
2024-01-31 07:00:00+00:00,32320.25
2024-01-31 08:00:00+00:00,32738.75
2024-01-31 09:00:00+00:00,32439.5
2024-01-31 10:00:00+00:00,31763.25
2024-01-31 11:00:00+00:00,31144.5
2024-01-31 12:00:00+00:00,30903.5
2024-01-31 13:00:00+00:00,30364.5
2024-01-31 14:00:00+00:00,30049
2024-01-31 15:00:00+00:00,30027.5
2024-01-31 16:00:00+00:00,30382.5
2024-01-31 17:00:00+00:00,31956.75
2024-01-31 18:00:00+00:00,33612.5
2024-01-31 19:00:00+00:00,34338.5
2024-01-31 20:00:00+00:00,33420
2024-01-31 21:00:00+00:00,30324
2024-01-31 22:00:00+00:00,27421.5
2024-01-31 23:00:00+00:00,25574.5
2024-02-01 00:00:00+00:00,23949.25
2024-02-01 01:00:00+00:00,22855
2024-02-01 02:00:00+00:00,22483.25
2024-02-01 03:00:00+00:00,22474.75
2024-02-01 04:00:00+00:00,23231.75
2024-02-01 05:00:00+00:00,26216.25
2024-02-01 06:00:00+00:00,30495.25
2024-02-01 07:00:00+00:00,32575.75
2024-02-01 08:00:00+00:00,32912.75
2024-02-01 09:00:00+00:00,32497
2024-02-01 10:00:00+00:00,31740
2024-02-01 11:00:00+00:00,31125.75
2024-02-01 12:00:00+00:00,30840
2024-02-01 13:00:00+00:00,30260.75
2024-02-01 14:00:00+00:00,29937
2024-02-01 15:00:00+00:00,30074.75
2024-02-01 16:00:00+00:00,30541.25
2024-02-01 17:00:00+00:00,31791.75
2024-02-01 18:00:00+00:00,33565
2024-02-01 19:00:00+00:00,34397
2024-02-01 20:00:00+00:00,33443
2024-02-01 21:00:00+00:00,30327.25
2024-02-01 22:00:00+00:00,27323
2024-02-01 23:00:00+00:00,25472
2024-02-02 00:00:00+00:00,23921
2024-02-02 01:00:00+00:00,22885
2024-02-02 02:00:00+00:00,22442.75
2024-02-02 03:00:00+00:00,22394.25
2024-02-02 04:00:00+00:00,23102.5
2024-02-02 05:00:00+00:00,26145.75
2024-02-02 06:00:00+00:00,30570.75
2024-02-02 07:00:00+00:00,32655
2024-02-02 08:00:00+00:00,32721.75
2024-02-02 09:00:00+00:00,32041.5
2024-02-02 10:00:00+00:00,31087.25
2024-02-02 11:00:00+00:00,30398.75
2024-02-02 12:00:00+00:00,29948
2024-02-02 13:00:00+00:00,29327
2024-02-02 14:00:00+00:00,28988
2024-02-02 15:00:00+00:00,28972.75
2024-02-02 16:00:00+00:00,29512.5
2024-02-02 17:00:00+00:00,30973.25
2024-02-02 18:00:00+00:00,32728.25
2024-02-02 19:00:00+00:00,33373.25
2024-02-02 20:00:00+00:00,32343.25
2024-02-02 21:00:00+00:00,29481.25
2024-02-02 22:00:00+00:00,26808.25
2024-02-02 23:00:00+00:00,25311.25
2024-02-03 00:00:00+00:00,23576.25
2024-02-03 01:00:00+00:00,22331
2024-02-03 02:00:00+00:00,21639.25
2024-02-03 03:00:00+00:00,21278.25
2024-02-03 04:00:00+00:00,21339.75
2024-02-03 05:00:00+00:00,22359.75
2024-02-03 06:00:00+00:00,24040
2024-02-03 07:00:00+00:00,25343.75
2024-02-03 08:00:00+00:00,26992.5
2024-02-03 09:00:00+00:00,27422.25
2024-02-03 10:00:00+00:00,26761.5
2024-02-03 11:00:00+00:00,26060.75
2024-02-03 12:00:00+00:00,25958.25
2024-02-03 13:00:00+00:00,25681
2024-02-03 14:00:00+00:00,25074.5
2024-02-03 15:00:00+00:00,24921
2024-02-03 16:00:00+00:00,25417
2024-02-03 17:00:00+00:00,26989.75
2024-02-03 18:00:00+00:00,28773
2024-02-03 19:00:00+00:00,29453.5
2024-02-03 20:00:00+00:00,29419.25
2024-02-03 21:00:00+00:00,27361.75
2024-02-03 22:00:00+00:00,25173
2024-02-03 23:00:00+00:00,23328
2024-02-04 00:00:00+00:00,21598
2024-02-04 01:00:00+00:00,20368.25
2024-02-04 02:00:00+00:00,19737
2024-02-04 03:00:00+00:00,19453
2024-02-04 04:00:00+00:00,19506.25
2024-02-04 05:00:00+00:00,20040
2024-02-04 06:00:00+00:00,20863
2024-02-04 07:00:00+00:00,21700.5
2024-02-04 08:00:00+00:00,23077.25
2024-02-04 09:00:00+00:00,24004
2024-02-04 10:00:00+00:00,23972.5
2024-02-04 11:00:00+00:00,23624
2024-02-04 12:00:00+00:00,23792.25
2024-02-04 13:00:00+00:00,23731
2024-02-04 14:00:00+00:00,23154.5
2024-02-04 15:00:00+00:00,22950.75
2024-02-04 16:00:00+00:00,23515.75
2024-02-04 17:00:00+00:00,25514
2024-02-04 18:00:00+00:00,27833.5
2024-02-04 19:00:00+00:00,29281.75
2024-02-04 20:00:00+00:00,29209.25
2024-02-04 21:00:00+00:00,27430.75
2024-02-04 22:00:00+00:00,24967.75
2024-02-04 23:00:00+00:00,23093.75
2024-02-05 00:00:00+00:00,21582.25
2024-02-05 01:00:00+00:00,20721.75
2024-02-05 02:00:00+00:00,20385.25
2024-02-05 03:00:00+00:00,20555.25
2024-02-05 04:00:00+00:00,21509.25
2024-02-05 05:00:00+00:00,24723.75
2024-02-05 06:00:00+00:00,29514.75
2024-02-05 07:00:00+00:00,32027
2024-02-05 08:00:00+00:00,32278.75
2024-02-05 09:00:00+00:00,31747.25
2024-02-05 10:00:00+00:00,30915.25
2024-02-05 11:00:00+00:00,30268.25
2024-02-05 12:00:00+00:00,29682
2024-02-05 13:00:00+00:00,28979
2024-02-05 14:00:00+00:00,29051.75
2024-02-05 15:00:00+00:00,29252.75
2024-02-05 16:00:00+00:00,29852.25
2024-02-05 17:00:00+00:00,31353.25
2024-02-05 18:00:00+00:00,33582.25
2024-02-05 19:00:00+00:00,34616.25
2024-02-05 20:00:00+00:00,33480
2024-02-05 21:00:00+00:00,30231.5
2024-02-05 22:00:00+00:00,27140.75
2024-02-05 23:00:00+00:00,25292.5
2024-02-06 00:00:00+00:00,23669
2024-02-06 01:00:00+00:00,22652.75
2024-02-06 02:00:00+00:00,22276
2024-02-06 03:00:00+00:00,22320.5
2024-02-06 04:00:00+00:00,23007.5
2024-02-06 05:00:00+00:00,26011
2024-02-06 06:00:00+00:00,30574.5
2024-02-06 07:00:00+00:00,32668.5
2024-02-06 08:00:00+00:00,32643
2024-02-06 09:00:00+00:00,32080.25
2024-02-06 10:00:00+00:00,31266
2024-02-06 11:00:00+00:00,30647.5
2024-02-06 12:00:00+00:00,30374.75
2024-02-06 13:00:00+00:00,29830
2024-02-06 14:00:00+00:00,29537.25
2024-02-06 15:00:00+00:00,29685
2024-02-06 16:00:00+00:00,30307
2024-02-06 17:00:00+00:00,31600
2024-02-06 18:00:00+00:00,33591.25
2024-02-06 19:00:00+00:00,34461.25
2024-02-06 20:00:00+00:00,33556
2024-02-06 21:00:00+00:00,30313.75
2024-02-06 22:00:00+00:00,27278.25
2024-02-06 23:00:00+00:00,25341
2024-02-07 00:00:00+00:00,23712
2024-02-07 01:00:00+00:00,22625.25
2024-02-07 02:00:00+00:00,22249.5
2024-02-07 03:00:00+00:00,22259
2024-02-07 04:00:00+00:00,22983.25
2024-02-07 05:00:00+00:00,25924
2024-02-07 06:00:00+00:00,30362.75
2024-02-07 07:00:00+00:00,32352.25
2024-02-07 08:00:00+00:00,32567.5
2024-02-07 09:00:00+00:00,32096.25
2024-02-07 10:00:00+00:00,31359
2024-02-07 11:00:00+00:00,30733.5
2024-02-07 12:00:00+00:00,30360.25
2024-02-07 13:00:00+00:00,29631.75
2024-02-07 14:00:00+00:00,29316.25
2024-02-07 15:00:00+00:00,29477
2024-02-07 16:00:00+00:00,29980.75
2024-02-07 17:00:00+00:00,31266.25
2024-02-07 18:00:00+00:00,33343.5
2024-02-07 19:00:00+00:00,34340
2024-02-07 20:00:00+00:00,33427.25
2024-02-07 21:00:00+00:00,30210
2024-02-07 22:00:00+00:00,27205
2024-02-07 23:00:00+00:00,25561.25
2024-02-08 00:00:00+00:00,23932.25
2024-02-08 01:00:00+00:00,22920.75
2024-02-08 02:00:00+00:00,22609.75
2024-02-08 03:00:00+00:00,22572.25
2024-02-08 04:00:00+00:00,23266.75
2024-02-08 05:00:00+00:00,26190
2024-02-08 06:00:00+00:00,30682.75
2024-02-08 07:00:00+00:00,32573.5
2024-02-08 08:00:00+00:00,32633.25
2024-02-08 09:00:00+00:00,31965.25
2024-02-08 10:00:00+00:00,31139
2024-02-08 11:00:00+00:00,30607
2024-02-08 12:00:00+00:00,30358.25
2024-02-08 13:00:00+00:00,29909.75
2024-02-08 14:00:00+00:00,29682.75
2024-02-08 15:00:00+00:00,29809.25
2024-02-08 16:00:00+00:00,30280.25
2024-02-08 17:00:00+00:00,31598.75
2024-02-08 18:00:00+00:00,33589.5
2024-02-08 19:00:00+00:00,34611.25
2024-02-08 20:00:00+00:00,33504.25
2024-02-08 21:00:00+00:00,30307.25
2024-02-08 22:00:00+00:00,27314.5
2024-02-08 23:00:00+00:00,25581.75
2024-02-09 00:00:00+00:00,24006.5
2024-02-09 01:00:00+00:00,22965.75
2024-02-09 02:00:00+00:00,22611
2024-02-09 03:00:00+00:00,22558.75
2024-02-09 04:00:00+00:00,23261.25
2024-02-09 05:00:00+00:00,25974.75
2024-02-09 06:00:00+00:00,30265.75
2024-02-09 07:00:00+00:00,32016.25
2024-02-09 08:00:00+00:00,32269
2024-02-09 09:00:00+00:00,31916.5
2024-02-09 10:00:00+00:00,31411.75
2024-02-09 11:00:00+00:00,30964.5
2024-02-09 12:00:00+00:00,30874
2024-02-09 13:00:00+00:00,30501
2024-02-09 14:00:00+00:00,30051
2024-02-09 15:00:00+00:00,29962.75
2024-02-09 16:00:00+00:00,30311
2024-02-09 17:00:00+00:00,31371.25
2024-02-09 18:00:00+00:00,32895.25
2024-02-09 19:00:00+00:00,33332.75
2024-02-09 20:00:00+00:00,32399.25
2024-02-09 21:00:00+00:00,29635.75
2024-02-09 22:00:00+00:00,27031.5
2024-02-09 23:00:00+00:00,25332
2024-02-10 00:00:00+00:00,23673.25
2024-02-10 01:00:00+00:00,22463.75
2024-02-10 02:00:00+00:00,21770.5
2024-02-10 03:00:00+00:00,21414.25
2024-02-10 04:00:00+00:00,21360.25
2024-02-10 05:00:00+00:00,21947
2024-02-10 06:00:00+00:00,23440.5
2024-02-10 07:00:00+00:00,24721
2024-02-10 08:00:00+00:00,26574.5
2024-02-10 09:00:00+00:00,27715.75
2024-02-10 10:00:00+00:00,27574.75
2024-02-10 11:00:00+00:00,27211.5
2024-02-10 12:00:00+00:00,27276.5
2024-02-10 13:00:00+00:00,27502.25
2024-02-10 14:00:00+00:00,26302.25
2024-02-10 15:00:00+00:00,25803.25
2024-02-10 16:00:00+00:00,26083.5
2024-02-10 17:00:00+00:00,27380.75
2024-02-10 18:00:00+00:00,28918.25
2024-02-10 19:00:00+00:00,29591.75
2024-02-10 20:00:00+00:00,29454.75
2024-02-10 21:00:00+00:00,27429.75
2024-02-10 22:00:00+00:00,25210
2024-02-10 23:00:00+00:00,23568
2024-02-11 00:00:00+00:00,21957
2024-02-11 01:00:00+00:00,20878.75
2024-02-11 02:00:00+00:00,20128.5
2024-02-11 03:00:00+00:00,19808.75
2024-02-11 04:00:00+00:00,19811.75
2024-02-11 05:00:00+00:00,20253.5
2024-02-11 06:00:00+00:00,21163.25
2024-02-11 07:00:00+00:00,21816.75
2024-02-11 08:00:00+00:00,23346.25
2024-02-11 09:00:00+00:00,24644.75
2024-02-11 10:00:00+00:00,24967
2024-02-11 11:00:00+00:00,24981
2024-02-11 12:00:00+00:00,25468.5
2024-02-11 13:00:00+00:00,25739.75
2024-02-11 14:00:00+00:00,24668.25
2024-02-11 15:00:00+00:00,24310
2024-02-11 16:00:00+00:00,24894
2024-02-11 17:00:00+00:00,26702.25
2024-02-11 18:00:00+00:00,29017
2024-02-11 19:00:00+00:00,30329.75
2024-02-11 20:00:00+00:00,30036.5
2024-02-11 21:00:00+00:00,28302.25
2024-02-11 22:00:00+00:00,25639.5
2024-02-11 23:00:00+00:00,23520.75
2024-02-12 00:00:00+00:00,21997.75
2024-02-12 01:00:00+00:00,21007.25
2024-02-12 02:00:00+00:00,20730.5
2024-02-12 03:00:00+00:00,20832.5
2024-02-12 04:00:00+00:00,21760.75
2024-02-12 05:00:00+00:00,24904.25
2024-02-12 06:00:00+00:00,29324.25
2024-02-12 07:00:00+00:00,31777.5
2024-02-12 08:00:00+00:00,32494.75
2024-02-12 09:00:00+00:00,32333.75
2024-02-12 10:00:00+00:00,31832.5
2024-02-12 11:00:00+00:00,31484.5
2024-02-12 12:00:00+00:00,31369.25
2024-02-12 13:00:00+00:00,30806.25
2024-02-12 14:00:00+00:00,30483.5
2024-02-12 15:00:00+00:00,30389.5
2024-02-12 16:00:00+00:00,30728.75
2024-02-12 17:00:00+00:00,31706.25
2024-02-12 18:00:00+00:00,33700.75
2024-02-12 19:00:00+00:00,34481.75
2024-02-12 20:00:00+00:00,33477.5
2024-02-12 21:00:00+00:00,30246
2024-02-12 22:00:00+00:00,27268.5
2024-02-12 23:00:00+00:00,25141.5
2024-02-13 00:00:00+00:00,23557.75
2024-02-13 01:00:00+00:00,22723.25
2024-02-13 02:00:00+00:00,22301.75
2024-02-13 03:00:00+00:00,22329.75
2024-02-13 04:00:00+00:00,23028.25
2024-02-13 05:00:00+00:00,25758.5
2024-02-13 06:00:00+00:00,29730.75
2024-02-13 07:00:00+00:00,31376.5
2024-02-13 08:00:00+00:00,31704.75
2024-02-13 09:00:00+00:00,31405
2024-02-13 10:00:00+00:00,30785.5
2024-02-13 11:00:00+00:00,30186.5
2024-02-13 12:00:00+00:00,30007
2024-02-13 13:00:00+00:00,29566.75
2024-02-13 14:00:00+00:00,29166.25
2024-02-13 15:00:00+00:00,29061.25
2024-02-13 16:00:00+00:00,29348.5
2024-02-13 17:00:00+00:00,30832.25
2024-02-13 18:00:00+00:00,32770.25
2024-02-13 19:00:00+00:00,33720.25
2024-02-13 20:00:00+00:00,32865
2024-02-13 21:00:00+00:00,29637
2024-02-13 22:00:00+00:00,26817.25
2024-02-13 23:00:00+00:00,24849
2024-02-14 00:00:00+00:00,23314.75
2024-02-14 01:00:00+00:00,22418.5
2024-02-14 02:00:00+00:00,22071.25
2024-02-14 03:00:00+00:00,22062.5
2024-02-14 04:00:00+00:00,22741.75
2024-02-14 05:00:00+00:00,25477.75
2024-02-14 06:00:00+00:00,29573.5
2024-02-14 07:00:00+00:00,30975
2024-02-14 08:00:00+00:00,31156
2024-02-14 09:00:00+00:00,30673.5
2024-02-14 10:00:00+00:00,29998.5
2024-02-14 11:00:00+00:00,29548.5
2024-02-14 12:00:00+00:00,29509.75
2024-02-14 13:00:00+00:00,29090.5
2024-02-14 14:00:00+00:00,28471
2024-02-14 15:00:00+00:00,28433.25
2024-02-14 16:00:00+00:00,28997.5
2024-02-14 17:00:00+00:00,30170.75
2024-02-14 18:00:00+00:00,32114.75
2024-02-14 19:00:00+00:00,33160
2024-02-14 20:00:00+00:00,32265
2024-02-14 21:00:00+00:00,29186
2024-02-14 22:00:00+00:00,26443.5
2024-02-14 23:00:00+00:00,25009.25
2024-02-15 00:00:00+00:00,23562
2024-02-15 01:00:00+00:00,22654.5
2024-02-15 02:00:00+00:00,22295.5
2024-02-15 03:00:00+00:00,22212
2024-02-15 04:00:00+00:00,22805.75
2024-02-15 05:00:00+00:00,25611
2024-02-15 06:00:00+00:00,29530.75
2024-02-15 07:00:00+00:00,30886.75
2024-02-15 08:00:00+00:00,31100.25
2024-02-15 09:00:00+00:00,30683.25
2024-02-15 10:00:00+00:00,30147
2024-02-15 11:00:00+00:00,29828.75
2024-02-15 12:00:00+00:00,29772.25
2024-02-15 13:00:00+00:00,29475.25
2024-02-15 14:00:00+00:00,29072
2024-02-15 15:00:00+00:00,29027
2024-02-15 16:00:00+00:00,29349.5
2024-02-15 17:00:00+00:00,30520.5
2024-02-15 18:00:00+00:00,32331
2024-02-15 19:00:00+00:00,33186.25
2024-02-15 20:00:00+00:00,32254
2024-02-15 21:00:00+00:00,29385.75
2024-02-15 22:00:00+00:00,26575.5
2024-02-15 23:00:00+00:00,24815
2024-02-16 00:00:00+00:00,23425.25
2024-02-16 01:00:00+00:00,22471.25
2024-02-16 02:00:00+00:00,22161.25
2024-02-16 03:00:00+00:00,22060.5
2024-02-16 04:00:00+00:00,22644
2024-02-16 05:00:00+00:00,25514.5
2024-02-16 06:00:00+00:00,29556.25
2024-02-16 07:00:00+00:00,30979
2024-02-16 08:00:00+00:00,31355.75
2024-02-16 09:00:00+00:00,31070.25
2024-02-16 10:00:00+00:00,30630
2024-02-16 11:00:00+00:00,30232.75
2024-02-16 12:00:00+00:00,30099.75
2024-02-16 13:00:00+00:00,29674.75
2024-02-16 14:00:00+00:00,29211.25
2024-02-16 15:00:00+00:00,29046.5
2024-02-16 16:00:00+00:00,29357.5
2024-02-16 17:00:00+00:00,30218.25
2024-02-16 18:00:00+00:00,32064
2024-02-16 19:00:00+00:00,32564.5
2024-02-16 20:00:00+00:00,31561
2024-02-16 21:00:00+00:00,28797.75
2024-02-16 22:00:00+00:00,26335
2024-02-16 23:00:00+00:00,25001.5
2024-02-17 00:00:00+00:00,23398
2024-02-17 01:00:00+00:00,22220
2024-02-17 02:00:00+00:00,21484.25
2024-02-17 03:00:00+00:00,21122
2024-02-17 04:00:00+00:00,21138.75
2024-02-17 05:00:00+00:00,21886.5
2024-02-17 06:00:00+00:00,23176.5
2024-02-17 07:00:00+00:00,24253.75
2024-02-17 08:00:00+00:00,25851
2024-02-17 09:00:00+00:00,26459
2024-02-17 10:00:00+00:00,26077.5
2024-02-17 11:00:00+00:00,25469.25
2024-02-17 12:00:00+00:00,25622.75
2024-02-17 13:00:00+00:00,25469.5
2024-02-17 14:00:00+00:00,24581.75
2024-02-17 15:00:00+00:00,24129
2024-02-17 16:00:00+00:00,24571.75
2024-02-17 17:00:00+00:00,25672.5
2024-02-17 18:00:00+00:00,27745
2024-02-17 19:00:00+00:00,28621.5
2024-02-17 20:00:00+00:00,28680.75
2024-02-17 21:00:00+00:00,26681.25
2024-02-17 22:00:00+00:00,24682.5
2024-02-17 23:00:00+00:00,22824.75
2024-02-18 00:00:00+00:00,21362.5
2024-02-18 01:00:00+00:00,20230.5
2024-02-18 02:00:00+00:00,19490.25
2024-02-18 03:00:00+00:00,19203.25
2024-02-18 04:00:00+00:00,19227
2024-02-18 05:00:00+00:00,19652.75
2024-02-18 06:00:00+00:00,20422.75
2024-02-18 07:00:00+00:00,20999.75
2024-02-18 08:00:00+00:00,22319.25
2024-02-18 09:00:00+00:00,23177.25
2024-02-18 10:00:00+00:00,23209.5
2024-02-18 11:00:00+00:00,22962
2024-02-18 12:00:00+00:00,23225.5
2024-02-18 13:00:00+00:00,23194.5
2024-02-18 14:00:00+00:00,22344
2024-02-18 15:00:00+00:00,22082.75
2024-02-18 16:00:00+00:00,22668.25
2024-02-18 17:00:00+00:00,24433.5
2024-02-18 18:00:00+00:00,26842.5
2024-02-18 19:00:00+00:00,28178.5
2024-02-18 20:00:00+00:00,28201
2024-02-18 21:00:00+00:00,26499.75
2024-02-18 22:00:00+00:00,24228
2024-02-18 23:00:00+00:00,22435.25
2024-02-19 00:00:00+00:00,21160.5
2024-02-19 01:00:00+00:00,20410.5
2024-02-19 02:00:00+00:00,20146.75
2024-02-19 03:00:00+00:00,20214
2024-02-19 04:00:00+00:00,21163
2024-02-19 05:00:00+00:00,24287.75
2024-02-19 06:00:00+00:00,28623.25
2024-02-19 07:00:00+00:00,30546.25
2024-02-19 08:00:00+00:00,30802.25
2024-02-19 09:00:00+00:00,30173
2024-02-19 10:00:00+00:00,29476
2024-02-19 11:00:00+00:00,29007.75
2024-02-19 12:00:00+00:00,28734.25
2024-02-19 13:00:00+00:00,28347.25
2024-02-19 14:00:00+00:00,28107
2024-02-19 15:00:00+00:00,28146.25
2024-02-19 16:00:00+00:00,28623.5
2024-02-19 17:00:00+00:00,29730.5
2024-02-19 18:00:00+00:00,32074.75
2024-02-19 19:00:00+00:00,33142.25
2024-02-19 20:00:00+00:00,32046.75
2024-02-19 21:00:00+00:00,29021.75
2024-02-19 22:00:00+00:00,26093.75
2024-02-19 23:00:00+00:00,24402.5
2024-02-20 00:00:00+00:00,23035
2024-02-20 01:00:00+00:00,22163.75
2024-02-20 02:00:00+00:00,21764.75
2024-02-20 03:00:00+00:00,21702.75
2024-02-20 04:00:00+00:00,22407.75
2024-02-20 05:00:00+00:00,25251.5
2024-02-20 06:00:00+00:00,29253
2024-02-20 07:00:00+00:00,30716.5
2024-02-20 08:00:00+00:00,30596
2024-02-20 09:00:00+00:00,30023.25
2024-02-20 10:00:00+00:00,29161.75
2024-02-20 11:00:00+00:00,28757.5
2024-02-20 12:00:00+00:00,28663.5
2024-02-20 13:00:00+00:00,28189.75
2024-02-20 14:00:00+00:00,27836
2024-02-20 15:00:00+00:00,27965.25
2024-02-20 16:00:00+00:00,28416.5
2024-02-20 17:00:00+00:00,29596.5
2024-02-20 18:00:00+00:00,32094.75
2024-02-20 19:00:00+00:00,33234.25
2024-02-20 20:00:00+00:00,32376.75
2024-02-20 21:00:00+00:00,29261.5
2024-02-20 22:00:00+00:00,26414.5
2024-02-20 23:00:00+00:00,24468.5
2024-02-21 00:00:00+00:00,23076
2024-02-21 01:00:00+00:00,22222.5
2024-02-21 02:00:00+00:00,21865.25
2024-02-21 03:00:00+00:00,21903
2024-02-21 04:00:00+00:00,22645.75
2024-02-21 05:00:00+00:00,25558.25
2024-02-21 06:00:00+00:00,29655
2024-02-21 07:00:00+00:00,31015.25
2024-02-21 08:00:00+00:00,30653
2024-02-21 09:00:00+00:00,29952
2024-02-21 10:00:00+00:00,29102.25
2024-02-21 11:00:00+00:00,28695.5
2024-02-21 12:00:00+00:00,28512
2024-02-21 13:00:00+00:00,27904.25
2024-02-21 14:00:00+00:00,27650
2024-02-21 15:00:00+00:00,27864.75
2024-02-21 16:00:00+00:00,28479.25
2024-02-21 17:00:00+00:00,29667.25
2024-02-21 18:00:00+00:00,31980.25
2024-02-21 19:00:00+00:00,33111.75
2024-02-21 20:00:00+00:00,32066.75
2024-02-21 21:00:00+00:00,29153.25
2024-02-21 22:00:00+00:00,26228.75
2024-02-21 23:00:00+00:00,24941.75
2024-02-22 00:00:00+00:00,23499.75
2024-02-22 01:00:00+00:00,22606.75
2024-02-22 02:00:00+00:00,22218.5
2024-02-22 03:00:00+00:00,22218.25
2024-02-22 04:00:00+00:00,22878.5
2024-02-22 05:00:00+00:00,25792
2024-02-22 06:00:00+00:00,29878.75
2024-02-22 07:00:00+00:00,31129.75
2024-02-22 08:00:00+00:00,30990.75
2024-02-22 09:00:00+00:00,30110.75
2024-02-22 10:00:00+00:00,29566
2024-02-22 11:00:00+00:00,29295
2024-02-22 12:00:00+00:00,29370.25
2024-02-22 13:00:00+00:00,29157.75
2024-02-22 14:00:00+00:00,28813
2024-02-22 15:00:00+00:00,29027.5
2024-02-22 16:00:00+00:00,29691.25
2024-02-22 17:00:00+00:00,30679
2024-02-22 18:00:00+00:00,32913.5
2024-02-22 19:00:00+00:00,33696.25
2024-02-22 20:00:00+00:00,32625.75
2024-02-22 21:00:00+00:00,29583.75
2024-02-22 22:00:00+00:00,26645.75
2024-02-22 23:00:00+00:00,24846.75
2024-02-23 00:00:00+00:00,23519.5
2024-02-23 01:00:00+00:00,22549.5
2024-02-23 02:00:00+00:00,22105.25
2024-02-23 03:00:00+00:00,22072.25
2024-02-23 04:00:00+00:00,22751
2024-02-23 05:00:00+00:00,25516.5
2024-02-23 06:00:00+00:00,29595
2024-02-23 07:00:00+00:00,30900.25
2024-02-23 08:00:00+00:00,30897.75
2024-02-23 09:00:00+00:00,30162.25
2024-02-23 10:00:00+00:00,29862.5
2024-02-23 11:00:00+00:00,29664.75
2024-02-23 12:00:00+00:00,29727
2024-02-23 13:00:00+00:00,29349.75
2024-02-23 14:00:00+00:00,28827.75
2024-02-23 15:00:00+00:00,28644.5
2024-02-23 16:00:00+00:00,28969.75
2024-02-23 17:00:00+00:00,29981.25
2024-02-23 18:00:00+00:00,32103.25
2024-02-23 19:00:00+00:00,32720.5
2024-02-23 20:00:00+00:00,31790.25
2024-02-23 21:00:00+00:00,28961
2024-02-23 22:00:00+00:00,26405.5
2024-02-23 23:00:00+00:00,25162.5
2024-02-24 00:00:00+00:00,23580
2024-02-24 01:00:00+00:00,22299.5
2024-02-24 02:00:00+00:00,21748
2024-02-24 03:00:00+00:00,21323
2024-02-24 04:00:00+00:00,21253
2024-02-24 05:00:00+00:00,22021.75
2024-02-24 06:00:00+00:00,23295.5
2024-02-24 07:00:00+00:00,24401.25
2024-02-24 08:00:00+00:00,25904
2024-02-24 09:00:00+00:00,26312.75
2024-02-24 10:00:00+00:00,26061.5
2024-02-24 11:00:00+00:00,25685.5
2024-02-24 12:00:00+00:00,25796.25
2024-02-24 13:00:00+00:00,25826.25
2024-02-24 14:00:00+00:00,24982.75
2024-02-24 15:00:00+00:00,24677.25
2024-02-24 16:00:00+00:00,25170.25
2024-02-24 17:00:00+00:00,26407.75
2024-02-24 18:00:00+00:00,28510.5
2024-02-24 19:00:00+00:00,29435.75
2024-02-24 20:00:00+00:00,29383.75
2024-02-24 21:00:00+00:00,27334.75
2024-02-24 22:00:00+00:00,25102.5
2024-02-24 23:00:00+00:00,23582
2024-02-25 00:00:00+00:00,21952.25
2024-02-25 01:00:00+00:00,20745.75
2024-02-25 02:00:00+00:00,20132.75
2024-02-25 03:00:00+00:00,19841.5
2024-02-25 04:00:00+00:00,19945.25
2024-02-25 05:00:00+00:00,20469.25
2024-02-25 06:00:00+00:00,21227
2024-02-25 07:00:00+00:00,21755
2024-02-25 08:00:00+00:00,22985.75
2024-02-25 09:00:00+00:00,23912
2024-02-25 10:00:00+00:00,24069.25
2024-02-25 11:00:00+00:00,24008.25
2024-02-25 12:00:00+00:00,24422
2024-02-25 13:00:00+00:00,24508.5
2024-02-25 14:00:00+00:00,23633.25
2024-02-25 15:00:00+00:00,23414
2024-02-25 16:00:00+00:00,24015
2024-02-25 17:00:00+00:00,25705
2024-02-25 18:00:00+00:00,28375
2024-02-25 19:00:00+00:00,29926
2024-02-25 20:00:00+00:00,29593.25
2024-02-25 21:00:00+00:00,27765
2024-02-25 22:00:00+00:00,25240.75
2024-02-25 23:00:00+00:00,22958.5
2024-02-26 00:00:00+00:00,21560
2024-02-26 01:00:00+00:00,20700
2024-02-26 02:00:00+00:00,20364.75
2024-02-26 03:00:00+00:00,20470.75
2024-02-26 04:00:00+00:00,21446.25
2024-02-26 05:00:00+00:00,24581.5
2024-02-26 06:00:00+00:00,28826.5
2024-02-26 07:00:00+00:00,30833.75
2024-02-26 08:00:00+00:00,31218.5
2024-02-26 09:00:00+00:00,30849
2024-02-26 10:00:00+00:00,30201
2024-02-26 11:00:00+00:00,30438.25
2024-02-26 12:00:00+00:00,30499.5
2024-02-26 13:00:00+00:00,30061.25
2024-02-26 14:00:00+00:00,29474.75
2024-02-26 15:00:00+00:00,29462.75
2024-02-26 16:00:00+00:00,29903.25
2024-02-26 17:00:00+00:00,30631.25
2024-02-26 18:00:00+00:00,33057.25
2024-02-26 19:00:00+00:00,34193.5
2024-02-26 20:00:00+00:00,33172
2024-02-26 21:00:00+00:00,29905.75
2024-02-26 22:00:00+00:00,26767.25
2024-02-26 23:00:00+00:00,25237.25
2024-02-27 00:00:00+00:00,23716.25
2024-02-27 01:00:00+00:00,22788.75
2024-02-27 02:00:00+00:00,22388.25
2024-02-27 03:00:00+00:00,22400.5
2024-02-27 04:00:00+00:00,23244
2024-02-27 05:00:00+00:00,26115.25
2024-02-27 06:00:00+00:00,30391.25
2024-02-27 07:00:00+00:00,31943.75
2024-02-27 08:00:00+00:00,32111.25
2024-02-27 09:00:00+00:00,31730
2024-02-27 10:00:00+00:00,31092
2024-02-27 11:00:00+00:00,30897
2024-02-27 12:00:00+00:00,30889.5
2024-02-27 13:00:00+00:00,30678
2024-02-27 14:00:00+00:00,30128.5
2024-02-27 15:00:00+00:00,30219.75
2024-02-27 16:00:00+00:00,30781.5
2024-02-27 17:00:00+00:00,31684.75
2024-02-27 18:00:00+00:00,34076.5
2024-02-27 19:00:00+00:00,35243.5
2024-02-27 20:00:00+00:00,34101.75
2024-02-27 21:00:00+00:00,30707
2024-02-27 22:00:00+00:00,27533.25
2024-02-27 23:00:00+00:00,25670.75
2024-02-28 00:00:00+00:00,24370.5
2024-02-28 01:00:00+00:00,23220
2024-02-28 02:00:00+00:00,22663.75
2024-02-28 03:00:00+00:00,22593.75
2024-02-28 04:00:00+00:00,23255.25
2024-02-28 05:00:00+00:00,25862.5
2024-02-28 06:00:00+00:00,29793.25
2024-02-28 07:00:00+00:00,31551.75
2024-02-28 08:00:00+00:00,31891
2024-02-28 09:00:00+00:00,31121.25
2024-02-28 10:00:00+00:00,30523.75
2024-02-28 11:00:00+00:00,30132.75
2024-02-28 12:00:00+00:00,30064
2024-02-28 13:00:00+00:00,29744
2024-02-28 14:00:00+00:00,29435.75
2024-02-28 15:00:00+00:00,29386
2024-02-28 16:00:00+00:00,29824.75
2024-02-28 17:00:00+00:00,30768.5
2024-02-28 18:00:00+00:00,33004
2024-02-28 19:00:00+00:00,34374.5
2024-02-28 20:00:00+00:00,33796.5
2024-02-28 21:00:00+00:00,31065.5
2024-02-28 22:00:00+00:00,27799.25
2024-02-28 23:00:00+00:00,25392.25
2024-02-29 00:00:00+00:00,23930.25
2024-02-29 01:00:00+00:00,22920.75
2024-02-29 02:00:00+00:00,22433.75
2024-02-29 03:00:00+00:00,22491.25
2024-02-29 04:00:00+00:00,23083.25
2024-02-29 05:00:00+00:00,25928.5
2024-02-29 06:00:00+00:00,29876.25
2024-02-29 07:00:00+00:00,31412.75
2024-02-29 08:00:00+00:00,31386.25
2024-02-29 09:00:00+00:00,30599.75
2024-02-29 10:00:00+00:00,29786.75
2024-02-29 11:00:00+00:00,29399.75
2024-02-29 12:00:00+00:00,29250.75
2024-02-29 13:00:00+00:00,29059
2024-02-29 14:00:00+00:00,28699
2024-02-29 15:00:00+00:00,28753
2024-02-29 16:00:00+00:00,29315.25
2024-02-29 17:00:00+00:00,30355.75
2024-02-29 18:00:00+00:00,32894.5
2024-02-29 19:00:00+00:00,34137.25
2024-02-29 20:00:00+00:00,33086
2024-02-29 21:00:00+00:00,30064.75
2024-02-29 22:00:00+00:00,27044
2024-02-29 23:00:00+00:00,25677.5
2024-03-01 00:00:00+00:00,24186
2024-03-01 01:00:00+00:00,23225
2024-03-01 02:00:00+00:00,22752
2024-03-01 03:00:00+00:00,22734.25
2024-03-01 04:00:00+00:00,23433
2024-03-01 05:00:00+00:00,26250.75
2024-03-01 06:00:00+00:00,30318.25
2024-03-01 07:00:00+00:00,31808.75
2024-03-01 08:00:00+00:00,31665.75
2024-03-01 09:00:00+00:00,30867.75
2024-03-01 10:00:00+00:00,30114
2024-03-01 11:00:00+00:00,29700.75
2024-03-01 12:00:00+00:00,29532
2024-03-01 13:00:00+00:00,28864
2024-03-01 14:00:00+00:00,28521.25
2024-03-01 15:00:00+00:00,28410.25
2024-03-01 16:00:00+00:00,29141.5
2024-03-01 17:00:00+00:00,30091.75
2024-03-01 18:00:00+00:00,32419.5
2024-03-01 19:00:00+00:00,33584
2024-03-01 20:00:00+00:00,32685.25
2024-03-01 21:00:00+00:00,29723.25
2024-03-01 22:00:00+00:00,26971.25
2024-03-01 23:00:00+00:00,25583.75
2024-03-02 00:00:00+00:00,24056.5
2024-03-02 01:00:00+00:00,22797
2024-03-02 02:00:00+00:00,22068
2024-03-02 03:00:00+00:00,21671
2024-03-02 04:00:00+00:00,21655.25
2024-03-02 05:00:00+00:00,22557.25
2024-03-02 06:00:00+00:00,23913.25
2024-03-02 07:00:00+00:00,25000.5
2024-03-02 08:00:00+00:00,26283
2024-03-02 09:00:00+00:00,26838.25
2024-03-02 10:00:00+00:00,26453.75
2024-03-02 11:00:00+00:00,25795.25
2024-03-02 12:00:00+00:00,25902
2024-03-02 13:00:00+00:00,25514.25
2024-03-02 14:00:00+00:00,24740.75
2024-03-02 15:00:00+00:00,24421.5
2024-03-02 16:00:00+00:00,25044
2024-03-02 17:00:00+00:00,26855
2024-03-02 18:00:00+00:00,28818.5
2024-03-02 19:00:00+00:00,30092.25
2024-03-02 20:00:00+00:00,29766.5
2024-03-02 21:00:00+00:00,27648.75
2024-03-02 22:00:00+00:00,25447
2024-03-02 23:00:00+00:00,23499.75
2024-03-03 00:00:00+00:00,21791.25
2024-03-03 01:00:00+00:00,20598.5
2024-03-03 02:00:00+00:00,19951.5
2024-03-03 03:00:00+00:00,19600.25
2024-03-03 04:00:00+00:00,19658.25
2024-03-03 05:00:00+00:00,20129
2024-03-03 06:00:00+00:00,20729.75
2024-03-03 07:00:00+00:00,21403.25
2024-03-03 08:00:00+00:00,22893
2024-03-03 09:00:00+00:00,24209.75
2024-03-03 10:00:00+00:00,24659.75
2024-03-03 11:00:00+00:00,24788.25
2024-03-03 12:00:00+00:00,25367
2024-03-03 13:00:00+00:00,25494
2024-03-03 14:00:00+00:00,24392.5
2024-03-03 15:00:00+00:00,24043.75
2024-03-03 16:00:00+00:00,24515.5
2024-03-03 17:00:00+00:00,25913.5
2024-03-03 18:00:00+00:00,28469
2024-03-03 19:00:00+00:00,30142
2024-03-03 20:00:00+00:00,29927.75
2024-03-03 21:00:00+00:00,28031.25
2024-03-03 22:00:00+00:00,25541.25
2024-03-03 23:00:00+00:00,23552.5
2024-03-04 00:00:00+00:00,21978.75
2024-03-04 01:00:00+00:00,21081.5
2024-03-04 02:00:00+00:00,20748.25
2024-03-04 03:00:00+00:00,20820.5
2024-03-04 04:00:00+00:00,21726.25
2024-03-04 05:00:00+00:00,24981.75
2024-03-04 06:00:00+00:00,29330.25
2024-03-04 07:00:00+00:00,31600.75
2024-03-04 08:00:00+00:00,31763.25
2024-03-04 09:00:00+00:00,31387.5
2024-03-04 10:00:00+00:00,30640.75
2024-03-04 11:00:00+00:00,30291
2024-03-04 12:00:00+00:00,30363.5
2024-03-04 13:00:00+00:00,29657.75
2024-03-04 14:00:00+00:00,29540.25
2024-03-04 15:00:00+00:00,29591
2024-03-04 16:00:00+00:00,30197.75
2024-03-04 17:00:00+00:00,31208.5
2024-03-04 18:00:00+00:00,33877.75
2024-03-04 19:00:00+00:00,35406.25
2024-03-04 20:00:00+00:00,34263
2024-03-04 21:00:00+00:00,30662.25
2024-03-04 22:00:00+00:00,27495.75
2024-03-04 23:00:00+00:00,25790
2024-03-05 00:00:00+00:00,24093.25
2024-03-05 01:00:00+00:00,23131.25
2024-03-05 02:00:00+00:00,22708.5
2024-03-05 03:00:00+00:00,22704.5
2024-03-05 04:00:00+00:00,23399
2024-03-05 05:00:00+00:00,26343.5
2024-03-05 06:00:00+00:00,30497
2024-03-05 07:00:00+00:00,32278
2024-03-05 08:00:00+00:00,32033.25
2024-03-05 09:00:00+00:00,31461.5
2024-03-05 10:00:00+00:00,30683.5
2024-03-05 11:00:00+00:00,30298.25
2024-03-05 12:00:00+00:00,30389.75
2024-03-05 13:00:00+00:00,30062.75
2024-03-05 14:00:00+00:00,29863.25
2024-03-05 15:00:00+00:00,29811.25
2024-03-05 16:00:00+00:00,30247.5
2024-03-05 17:00:00+00:00,30842.25
2024-03-05 18:00:00+00:00,33541
2024-03-05 19:00:00+00:00,35254.25
2024-03-05 20:00:00+00:00,34262
2024-03-05 21:00:00+00:00,30948
2024-03-05 22:00:00+00:00,27761.75
2024-03-05 23:00:00+00:00,25775.5
2024-03-06 00:00:00+00:00,24125.5
2024-03-06 01:00:00+00:00,23124.5
2024-03-06 02:00:00+00:00,22766.5
2024-03-06 03:00:00+00:00,22725.25
2024-03-06 04:00:00+00:00,23414.5
2024-03-06 05:00:00+00:00,26403.75
2024-03-06 06:00:00+00:00,30516.75
2024-03-06 07:00:00+00:00,32081.5
2024-03-06 08:00:00+00:00,31696.5
2024-03-06 09:00:00+00:00,30889
2024-03-06 10:00:00+00:00,29906.25
2024-03-06 11:00:00+00:00,29495.75
2024-03-06 12:00:00+00:00,29337.75
2024-03-06 13:00:00+00:00,28755.5
2024-03-06 14:00:00+00:00,28465.25
2024-03-06 15:00:00+00:00,28438.75
2024-03-06 16:00:00+00:00,29249.25
2024-03-06 17:00:00+00:00,30300
2024-03-06 18:00:00+00:00,33028.5
2024-03-06 19:00:00+00:00,34868
2024-03-06 20:00:00+00:00,34022.25
2024-03-06 21:00:00+00:00,30782
2024-03-06 22:00:00+00:00,27600.5
2024-03-06 23:00:00+00:00,25836.5
2024-03-07 00:00:00+00:00,24245.75
2024-03-07 01:00:00+00:00,23249.25
2024-03-07 02:00:00+00:00,22835.75
2024-03-07 03:00:00+00:00,22809.75
2024-03-07 04:00:00+00:00,23485.5
2024-03-07 05:00:00+00:00,26419
2024-03-07 06:00:00+00:00,30425
2024-03-07 07:00:00+00:00,31863
2024-03-07 08:00:00+00:00,31496.5
2024-03-07 09:00:00+00:00,30661
2024-03-07 10:00:00+00:00,29952.5
2024-03-07 11:00:00+00:00,29612.75
2024-03-07 12:00:00+00:00,29640.25
2024-03-07 13:00:00+00:00,29397.5
2024-03-07 14:00:00+00:00,28953
2024-03-07 15:00:00+00:00,29149.25
2024-03-07 16:00:00+00:00,29963
2024-03-07 17:00:00+00:00,30804.25
2024-03-07 18:00:00+00:00,33071
2024-03-07 19:00:00+00:00,34638
2024-03-07 20:00:00+00:00,33731.75
2024-03-07 21:00:00+00:00,30547.5
2024-03-07 22:00:00+00:00,27517.25
2024-03-07 23:00:00+00:00,25682.5
2024-03-08 00:00:00+00:00,24137.5
2024-03-08 01:00:00+00:00,23052.75
2024-03-08 02:00:00+00:00,22692.5
2024-03-08 03:00:00+00:00,22610.75
2024-03-08 04:00:00+00:00,23362.25
2024-03-08 05:00:00+00:00,26272.25
2024-03-08 06:00:00+00:00,30335.25
2024-03-08 07:00:00+00:00,31853
2024-03-08 08:00:00+00:00,31534.5
2024-03-08 09:00:00+00:00,30939.25
2024-03-08 10:00:00+00:00,30470
2024-03-08 11:00:00+00:00,30273
2024-03-08 12:00:00+00:00,30342.5
2024-03-08 13:00:00+00:00,30033.5
2024-03-08 14:00:00+00:00,29486.75
2024-03-08 15:00:00+00:00,29442.25
2024-03-08 16:00:00+00:00,30019.25
2024-03-08 17:00:00+00:00,30642.75
2024-03-08 18:00:00+00:00,32944.25
2024-03-08 19:00:00+00:00,33954.75
2024-03-08 20:00:00+00:00,33095.5
2024-03-08 21:00:00+00:00,30110.75
2024-03-08 22:00:00+00:00,27453.5
2024-03-08 23:00:00+00:00,25863.25
2024-03-09 00:00:00+00:00,24191.75
2024-03-09 01:00:00+00:00,22902.25
2024-03-09 02:00:00+00:00,22203.75
2024-03-09 03:00:00+00:00,21760.75
2024-03-09 04:00:00+00:00,21719.5
2024-03-09 05:00:00+00:00,22455.75
2024-03-09 06:00:00+00:00,23568.5
2024-03-09 07:00:00+00:00,24678.5
2024-03-09 08:00:00+00:00,26237.5
2024-03-09 09:00:00+00:00,27100.75
2024-03-09 10:00:00+00:00,27089
2024-03-09 11:00:00+00:00,26956.5
2024-03-09 12:00:00+00:00,27310.25
2024-03-09 13:00:00+00:00,26621.5
2024-03-09 14:00:00+00:00,25728.25
2024-03-09 15:00:00+00:00,25335.75
2024-03-09 16:00:00+00:00,25858.75
2024-03-09 17:00:00+00:00,27052.75
2024-03-09 18:00:00+00:00,29066.5
2024-03-09 19:00:00+00:00,30200
2024-03-09 20:00:00+00:00,30092
2024-03-09 21:00:00+00:00,28030.25
2024-03-09 22:00:00+00:00,25775.75
2024-03-09 23:00:00+00:00,23918
2024-03-10 00:00:00+00:00,22127.25
2024-03-10 01:00:00+00:00,20919.5
2024-03-10 02:00:00+00:00,20240.25
2024-03-10 03:00:00+00:00,19879
2024-03-10 04:00:00+00:00,19983.25
2024-03-10 05:00:00+00:00,20478.25
2024-03-10 06:00:00+00:00,20939
2024-03-10 07:00:00+00:00,21714
2024-03-10 08:00:00+00:00,23305.75
2024-03-10 09:00:00+00:00,24851
2024-03-10 10:00:00+00:00,25125.25
2024-03-10 11:00:00+00:00,25138.5
2024-03-10 12:00:00+00:00,25750.25
2024-03-10 13:00:00+00:00,26093.75
2024-03-10 14:00:00+00:00,24826
2024-03-10 15:00:00+00:00,24305
2024-03-10 16:00:00+00:00,24571.5
2024-03-10 17:00:00+00:00,25845.5
2024-03-10 18:00:00+00:00,28512.5
2024-03-10 19:00:00+00:00,30334.25
2024-03-10 20:00:00+00:00,30346
2024-03-10 21:00:00+00:00,28199
2024-03-10 22:00:00+00:00,25689
2024-03-10 23:00:00+00:00,23697.75
2024-03-11 00:00:00+00:00,22006.75
2024-03-11 01:00:00+00:00,21046.5
2024-03-11 02:00:00+00:00,20628
2024-03-11 03:00:00+00:00,20734
2024-03-11 04:00:00+00:00,21634.75
2024-03-11 05:00:00+00:00,25024.25
2024-03-11 06:00:00+00:00,29226
2024-03-11 07:00:00+00:00,31434.5
2024-03-11 08:00:00+00:00,31779.25
2024-03-11 09:00:00+00:00,31127.75
2024-03-11 10:00:00+00:00,30427.25
2024-03-11 11:00:00+00:00,30399.25
2024-03-11 12:00:00+00:00,30431.75
2024-03-11 13:00:00+00:00,29778.25
2024-03-11 14:00:00+00:00,29245.25
2024-03-11 15:00:00+00:00,29063
2024-03-11 16:00:00+00:00,29673.5
2024-03-11 17:00:00+00:00,30506.25
2024-03-11 18:00:00+00:00,33284
2024-03-11 19:00:00+00:00,35053.75
2024-03-11 20:00:00+00:00,34232.25
2024-03-11 21:00:00+00:00,30851.75
2024-03-11 22:00:00+00:00,27699.25
2024-03-11 23:00:00+00:00,25293.75
2024-03-12 00:00:00+00:00,23771.25
2024-03-12 01:00:00+00:00,22842
2024-03-12 02:00:00+00:00,22353
2024-03-12 03:00:00+00:00,22350.5
2024-03-12 04:00:00+00:00,23160.25
2024-03-12 05:00:00+00:00,26237.25
2024-03-12 06:00:00+00:00,30260
2024-03-12 07:00:00+00:00,31621
2024-03-12 08:00:00+00:00,31083.75
2024-03-12 09:00:00+00:00,30084.75
2024-03-12 10:00:00+00:00,29284.25
2024-03-12 11:00:00+00:00,28889.5
2024-03-12 12:00:00+00:00,28833.5
2024-03-12 13:00:00+00:00,28470.75
2024-03-12 14:00:00+00:00,28269.25
2024-03-12 15:00:00+00:00,28236.75
2024-03-12 16:00:00+00:00,28870
2024-03-12 17:00:00+00:00,29784.25
2024-03-12 18:00:00+00:00,32451.25
2024-03-12 19:00:00+00:00,34228
2024-03-12 20:00:00+00:00,33465
2024-03-12 21:00:00+00:00,30309
2024-03-12 22:00:00+00:00,27247.5
2024-03-12 23:00:00+00:00,25477.75
2024-03-13 00:00:00+00:00,23962
2024-03-13 01:00:00+00:00,22948.25
2024-03-13 02:00:00+00:00,22491.5
2024-03-13 03:00:00+00:00,22490
2024-03-13 04:00:00+00:00,23258.25
2024-03-13 05:00:00+00:00,26156
2024-03-13 06:00:00+00:00,29803
2024-03-13 07:00:00+00:00,31164.25
2024-03-13 08:00:00+00:00,30853.25
2024-03-13 09:00:00+00:00,30054.5
2024-03-13 10:00:00+00:00,29116.75
2024-03-13 11:00:00+00:00,28711.75
2024-03-13 12:00:00+00:00,28706
2024-03-13 13:00:00+00:00,28231.5
2024-03-13 14:00:00+00:00,27952.25
2024-03-13 15:00:00+00:00,27951.5
2024-03-13 16:00:00+00:00,28618
2024-03-13 17:00:00+00:00,29580.5
2024-03-13 18:00:00+00:00,32111.75
2024-03-13 19:00:00+00:00,33869
2024-03-13 20:00:00+00:00,33147.75
2024-03-13 21:00:00+00:00,30029.25
2024-03-13 22:00:00+00:00,27009.5
2024-03-13 23:00:00+00:00,25379.5
2024-03-14 00:00:00+00:00,23929
2024-03-14 01:00:00+00:00,22995.75
2024-03-14 02:00:00+00:00,22618.5
2024-03-14 03:00:00+00:00,22539
2024-03-14 04:00:00+00:00,23254
2024-03-14 05:00:00+00:00,26087.75
2024-03-14 06:00:00+00:00,29676.75
2024-03-14 07:00:00+00:00,31032.5
2024-03-14 08:00:00+00:00,30503
2024-03-14 09:00:00+00:00,29571.75
2024-03-14 10:00:00+00:00,28957.25
2024-03-14 11:00:00+00:00,28748.25
2024-03-14 12:00:00+00:00,28908
2024-03-14 13:00:00+00:00,28567.5
2024-03-14 14:00:00+00:00,28152
2024-03-14 15:00:00+00:00,28165.5
2024-03-14 16:00:00+00:00,28918.75
2024-03-14 17:00:00+00:00,29833.25
2024-03-14 18:00:00+00:00,32255.75
2024-03-14 19:00:00+00:00,33889.5
2024-03-14 20:00:00+00:00,32939.75
2024-03-14 21:00:00+00:00,29840
2024-03-14 22:00:00+00:00,26857.25
2024-03-14 23:00:00+00:00,25381.25
2024-03-15 00:00:00+00:00,23971.5
2024-03-15 01:00:00+00:00,23032.75
2024-03-15 02:00:00+00:00,22604
2024-03-15 03:00:00+00:00,22529.5
2024-03-15 04:00:00+00:00,23280.75
2024-03-15 05:00:00+00:00,26141.75
2024-03-15 06:00:00+00:00,29533.5
2024-03-15 07:00:00+00:00,30649.5
2024-03-15 08:00:00+00:00,30271.25
2024-03-15 09:00:00+00:00,29431.75
2024-03-15 10:00:00+00:00,28748.5
2024-03-15 11:00:00+00:00,28511.25
2024-03-15 12:00:00+00:00,28548
2024-03-15 13:00:00+00:00,28020
2024-03-15 14:00:00+00:00,27472.25
2024-03-15 15:00:00+00:00,27430.5
2024-03-15 16:00:00+00:00,28139.25
2024-03-15 17:00:00+00:00,29042.25
2024-03-15 18:00:00+00:00,31048
2024-03-15 19:00:00+00:00,32365.5
2024-03-15 20:00:00+00:00,31649.5
2024-03-15 21:00:00+00:00,28803.25
2024-03-15 22:00:00+00:00,26387.75
2024-03-15 23:00:00+00:00,24931.5
2024-03-16 00:00:00+00:00,23405.5
2024-03-16 01:00:00+00:00,22230.75
2024-03-16 02:00:00+00:00,21595.75
2024-03-16 03:00:00+00:00,21250
2024-03-16 04:00:00+00:00,21270.75
2024-03-16 05:00:00+00:00,21981
2024-03-16 06:00:00+00:00,22754
2024-03-16 07:00:00+00:00,23666.75
2024-03-16 08:00:00+00:00,24990.75
2024-03-16 09:00:00+00:00,25394
2024-03-16 10:00:00+00:00,25097.75
2024-03-16 11:00:00+00:00,24698.75
2024-03-16 12:00:00+00:00,24825.75
2024-03-16 13:00:00+00:00,24459.5
2024-03-16 14:00:00+00:00,23657
2024-03-16 15:00:00+00:00,23262
2024-03-16 16:00:00+00:00,23667
2024-03-16 17:00:00+00:00,24787.75
2024-03-16 18:00:00+00:00,26712.5
2024-03-16 19:00:00+00:00,28112.25
2024-03-16 20:00:00+00:00,28168.25
2024-03-16 21:00:00+00:00,26190.5
2024-03-16 22:00:00+00:00,24296.25
2024-03-16 23:00:00+00:00,22605.75
2024-03-17 00:00:00+00:00,21198.25
2024-03-17 01:00:00+00:00,20191
2024-03-17 02:00:00+00:00,19639
2024-03-17 03:00:00+00:00,19334.75
2024-03-17 04:00:00+00:00,19392
2024-03-17 05:00:00+00:00,19889
2024-03-17 06:00:00+00:00,20134.25
2024-03-17 07:00:00+00:00,20514.5
2024-03-17 08:00:00+00:00,21480.5
2024-03-17 09:00:00+00:00,22121.75
2024-03-17 10:00:00+00:00,22090.75
2024-03-17 11:00:00+00:00,22040.5
2024-03-17 12:00:00+00:00,22428
2024-03-17 13:00:00+00:00,22356
2024-03-17 14:00:00+00:00,21580.25
2024-03-17 15:00:00+00:00,21344.25
2024-03-17 16:00:00+00:00,21970
2024-03-17 17:00:00+00:00,23428.75
2024-03-17 18:00:00+00:00,26018.25
2024-03-17 19:00:00+00:00,27825.5
2024-03-17 20:00:00+00:00,27650.75
2024-03-17 21:00:00+00:00,25967.25
2024-03-17 22:00:00+00:00,23953.25
2024-03-17 23:00:00+00:00,22163.25
2024-03-18 00:00:00+00:00,21058.75
2024-03-18 01:00:00+00:00,20436.25
2024-03-18 02:00:00+00:00,20153.25
2024-03-18 03:00:00+00:00,20255
2024-03-18 04:00:00+00:00,21162.25
2024-03-18 05:00:00+00:00,24274.75
2024-03-18 06:00:00+00:00,27815.75
2024-03-18 07:00:00+00:00,29187.25
2024-03-18 08:00:00+00:00,28845.75
2024-03-18 09:00:00+00:00,28042
2024-03-18 10:00:00+00:00,27301.75
2024-03-18 11:00:00+00:00,27148.25
2024-03-18 12:00:00+00:00,27238.25
2024-03-18 13:00:00+00:00,26935.75
2024-03-18 14:00:00+00:00,26697.75
2024-03-18 15:00:00+00:00,26860.75
2024-03-18 16:00:00+00:00,27707.5
2024-03-18 17:00:00+00:00,28447.25
2024-03-18 18:00:00+00:00,30573
2024-03-18 19:00:00+00:00,31925.25
2024-03-18 20:00:00+00:00,31073.5
2024-03-18 21:00:00+00:00,28044.5
2024-03-18 22:00:00+00:00,25406.75
2024-03-18 23:00:00+00:00,23851.75
2024-03-19 00:00:00+00:00,22622.5
2024-03-19 01:00:00+00:00,21834.5
2024-03-19 02:00:00+00:00,21496.5
2024-03-19 03:00:00+00:00,21489.25
2024-03-19 04:00:00+00:00,22174.75
2024-03-19 05:00:00+00:00,24679.25
2024-03-19 06:00:00+00:00,27255
2024-03-19 07:00:00+00:00,28100.75
2024-03-19 08:00:00+00:00,27904
2024-03-19 09:00:00+00:00,27206.5
2024-03-19 10:00:00+00:00,26476.75
2024-03-19 11:00:00+00:00,26411.75
2024-03-19 12:00:00+00:00,26526
2024-03-19 13:00:00+00:00,26505.25
2024-03-19 14:00:00+00:00,26031.5
2024-03-19 15:00:00+00:00,26121.25
2024-03-19 16:00:00+00:00,26909.5
2024-03-19 17:00:00+00:00,27596.75
2024-03-19 18:00:00+00:00,29817.5
2024-03-19 19:00:00+00:00,31513.25
2024-03-19 20:00:00+00:00,30678.5
2024-03-19 21:00:00+00:00,27741.5
2024-03-19 22:00:00+00:00,25208.25
2024-03-19 23:00:00+00:00,23486.25
2024-03-20 00:00:00+00:00,22330
2024-03-20 01:00:00+00:00,21506.5
2024-03-20 02:00:00+00:00,21195.5
2024-03-20 03:00:00+00:00,21197.75
2024-03-20 04:00:00+00:00,21816.25
2024-03-20 05:00:00+00:00,24084.5
2024-03-20 06:00:00+00:00,26502
2024-03-20 07:00:00+00:00,27613
2024-03-20 08:00:00+00:00,27613.5
2024-03-20 09:00:00+00:00,26992.5
2024-03-20 10:00:00+00:00,26476.5
2024-03-20 11:00:00+00:00,26469.5
2024-03-20 12:00:00+00:00,26555.25
2024-03-20 13:00:00+00:00,26252.75
2024-03-20 14:00:00+00:00,25946
2024-03-20 15:00:00+00:00,26012.75
2024-03-20 16:00:00+00:00,26797.25
2024-03-20 17:00:00+00:00,27623
2024-03-20 18:00:00+00:00,29603
2024-03-20 19:00:00+00:00,31172.75
2024-03-20 20:00:00+00:00,30146.25
2024-03-20 21:00:00+00:00,27410.25
2024-03-20 22:00:00+00:00,24950.25
2024-03-20 23:00:00+00:00,23833.25
2024-03-21 00:00:00+00:00,22580.5
2024-03-21 01:00:00+00:00,21755
2024-03-21 02:00:00+00:00,21444.5
2024-03-21 03:00:00+00:00,21436
2024-03-21 04:00:00+00:00,22138.75
2024-03-21 05:00:00+00:00,24758
2024-03-21 06:00:00+00:00,27542.5
2024-03-21 07:00:00+00:00,28663
2024-03-21 08:00:00+00:00,28251.75
2024-03-21 09:00:00+00:00,27559.75
2024-03-21 10:00:00+00:00,27039.75
2024-03-21 11:00:00+00:00,27208
2024-03-21 12:00:00+00:00,27457.5
2024-03-21 13:00:00+00:00,27402.75
2024-03-21 14:00:00+00:00,27082.5
2024-03-21 15:00:00+00:00,27237.25
2024-03-21 16:00:00+00:00,27781.25
2024-03-21 17:00:00+00:00,28382.25
2024-03-21 18:00:00+00:00,30235.25
2024-03-21 19:00:00+00:00,31690.25
2024-03-21 20:00:00+00:00,30722.5
2024-03-21 21:00:00+00:00,27913.5
2024-03-21 22:00:00+00:00,25421
2024-03-21 23:00:00+00:00,24122.5
2024-03-22 00:00:00+00:00,22923.5
2024-03-22 01:00:00+00:00,22045.5
2024-03-22 02:00:00+00:00,21729.75
2024-03-22 03:00:00+00:00,21708
2024-03-22 04:00:00+00:00,22417.25
2024-03-22 05:00:00+00:00,24878
2024-03-22 06:00:00+00:00,27647.75
2024-03-22 07:00:00+00:00,28783.75
2024-03-22 08:00:00+00:00,28436.5
2024-03-22 09:00:00+00:00,27847.5
2024-03-22 10:00:00+00:00,27181.75
2024-03-22 11:00:00+00:00,27174.75
2024-03-22 12:00:00+00:00,27145.75
2024-03-22 13:00:00+00:00,26778.75
2024-03-22 14:00:00+00:00,26355.75
2024-03-22 15:00:00+00:00,26413.25
2024-03-22 16:00:00+00:00,27118.5
2024-03-22 17:00:00+00:00,27828
2024-03-22 18:00:00+00:00,29740.5
2024-03-22 19:00:00+00:00,30823.5
2024-03-22 20:00:00+00:00,29949
2024-03-22 21:00:00+00:00,27430.5
2024-03-22 22:00:00+00:00,25193.75
2024-03-22 23:00:00+00:00,24107.75
2024-03-23 00:00:00+00:00,22891.75
2024-03-23 01:00:00+00:00,21777.5
2024-03-23 02:00:00+00:00,21232.5
2024-03-23 03:00:00+00:00,20961
2024-03-23 04:00:00+00:00,20903.75
2024-03-23 05:00:00+00:00,21408.25
2024-03-23 06:00:00+00:00,21923.25
2024-03-23 07:00:00+00:00,22850
2024-03-23 08:00:00+00:00,24019
2024-03-23 09:00:00+00:00,24513.75
2024-03-23 10:00:00+00:00,24333
2024-03-23 11:00:00+00:00,24101.25
2024-03-23 12:00:00+00:00,24277.5
2024-03-23 13:00:00+00:00,23765.5
2024-03-23 14:00:00+00:00,23278.75
2024-03-23 15:00:00+00:00,22993
2024-03-23 16:00:00+00:00,23483.5
2024-03-23 17:00:00+00:00,24471
2024-03-23 18:00:00+00:00,26229.25
2024-03-23 19:00:00+00:00,27266.75
2024-03-23 20:00:00+00:00,27083.25
2024-03-23 21:00:00+00:00,25189
2024-03-23 22:00:00+00:00,23356.5
2024-03-23 23:00:00+00:00,21548.75
2024-03-24 00:00:00+00:00,20253.25
2024-03-24 01:00:00+00:00,19226.5
2024-03-24 02:00:00+00:00,18778.75
2024-03-24 03:00:00+00:00,18545.25
2024-03-24 04:00:00+00:00,18522
2024-03-24 05:00:00+00:00,18853.5
2024-03-24 06:00:00+00:00,18917.75
2024-03-24 07:00:00+00:00,19546.5
2024-03-24 08:00:00+00:00,20621.75
2024-03-24 09:00:00+00:00,21287.75
2024-03-24 10:00:00+00:00,21083.25
2024-03-24 11:00:00+00:00,20986.25
2024-03-24 12:00:00+00:00,21406.25
2024-03-24 13:00:00+00:00,21303.5
2024-03-24 14:00:00+00:00,20643
2024-03-24 15:00:00+00:00,20648
2024-03-24 16:00:00+00:00,21324.25
2024-03-24 17:00:00+00:00,22537.25
2024-03-24 18:00:00+00:00,24642.25
2024-03-24 19:00:00+00:00,26481.5
2024-03-24 20:00:00+00:00,26432.75
2024-03-24 21:00:00+00:00,24802.25
2024-03-24 22:00:00+00:00,22997
2024-03-24 23:00:00+00:00,21489
2024-03-25 00:00:00+00:00,20361.25
2024-03-25 01:00:00+00:00,19616.75
2024-03-25 02:00:00+00:00,19346.25
2024-03-25 03:00:00+00:00,19320
2024-03-25 04:00:00+00:00,20182.5
2024-03-25 05:00:00+00:00,22667.5
2024-03-25 06:00:00+00:00,24902.75
2024-03-25 07:00:00+00:00,26452.75
2024-03-25 08:00:00+00:00,27248.25
2024-03-25 09:00:00+00:00,27074.25
2024-03-25 10:00:00+00:00,26750
2024-03-25 11:00:00+00:00,27056.5
2024-03-25 12:00:00+00:00,27234
2024-03-25 13:00:00+00:00,26818.25
2024-03-25 14:00:00+00:00,26340.75
2024-03-25 15:00:00+00:00,26709.75
2024-03-25 16:00:00+00:00,27597
2024-03-25 17:00:00+00:00,28202.25
2024-03-25 18:00:00+00:00,29737
2024-03-25 19:00:00+00:00,30962.5
2024-03-25 20:00:00+00:00,29986.5
2024-03-25 21:00:00+00:00,27354.75
2024-03-25 22:00:00+00:00,24770.5
2024-03-25 23:00:00+00:00,23692.75
2024-03-26 00:00:00+00:00,22340.5
2024-03-26 01:00:00+00:00,21515
2024-03-26 02:00:00+00:00,21164
2024-03-26 03:00:00+00:00,21140
2024-03-26 04:00:00+00:00,21758.75
2024-03-26 05:00:00+00:00,23933.75
2024-03-26 06:00:00+00:00,25830.5
2024-03-26 07:00:00+00:00,27530
2024-03-26 08:00:00+00:00,28608.75
2024-03-26 09:00:00+00:00,28828.5
2024-03-26 10:00:00+00:00,28659
2024-03-26 11:00:00+00:00,28561
2024-03-26 12:00:00+00:00,28623.75
2024-03-26 13:00:00+00:00,28554.5
2024-03-26 14:00:00+00:00,28173.25
2024-03-26 15:00:00+00:00,28158.75
2024-03-26 16:00:00+00:00,28408
2024-03-26 17:00:00+00:00,28512.5
2024-03-26 18:00:00+00:00,30180
2024-03-26 19:00:00+00:00,31479
2024-03-26 20:00:00+00:00,30634.25
2024-03-26 21:00:00+00:00,28442
2024-03-26 22:00:00+00:00,25888.5
2024-03-26 23:00:00+00:00,24781.25
2024-03-27 00:00:00+00:00,23412.75
2024-03-27 01:00:00+00:00,22347
2024-03-27 02:00:00+00:00,21875.25
2024-03-27 03:00:00+00:00,21793
2024-03-27 04:00:00+00:00,22323.25
2024-03-27 05:00:00+00:00,24470.25
2024-03-27 06:00:00+00:00,26713.5
2024-03-27 07:00:00+00:00,28392
2024-03-27 08:00:00+00:00,28962.25
2024-03-27 09:00:00+00:00,28776.5
2024-03-27 10:00:00+00:00,28482
2024-03-27 11:00:00+00:00,28336.5
2024-03-27 12:00:00+00:00,28530.75
2024-03-27 13:00:00+00:00,28293.5
2024-03-27 14:00:00+00:00,27635.75
2024-03-27 15:00:00+00:00,27685.25
2024-03-27 16:00:00+00:00,28211.5
2024-03-27 17:00:00+00:00,28728.5
2024-03-27 18:00:00+00:00,30636.5
2024-03-27 19:00:00+00:00,32058.25
2024-03-27 20:00:00+00:00,31087.75
2024-03-27 21:00:00+00:00,28540
2024-03-27 22:00:00+00:00,26256
2024-03-27 23:00:00+00:00,24090.75
2024-03-28 00:00:00+00:00,23154.75
2024-03-28 01:00:00+00:00,21880.75
2024-03-28 02:00:00+00:00,20876.25
2024-03-28 03:00:00+00:00,20568.25
2024-03-28 04:00:00+00:00,20508.25
2024-03-28 05:00:00+00:00,21335.5
2024-03-28 06:00:00+00:00,21981.25
2024-03-28 07:00:00+00:00,22340.5
2024-03-28 08:00:00+00:00,22902.75
2024-03-28 09:00:00+00:00,23455.5
2024-03-28 10:00:00+00:00,23552.25
2024-03-28 11:00:00+00:00,23647
2024-03-28 12:00:00+00:00,23950.25
2024-03-28 13:00:00+00:00,24151.5
2024-03-28 14:00:00+00:00,23652.75
2024-03-28 15:00:00+00:00,23072.75
2024-03-28 16:00:00+00:00,23066.25
2024-03-28 17:00:00+00:00,23720.75
2024-03-28 18:00:00+00:00,24866.75
2024-03-28 19:00:00+00:00,26697.75
2024-03-28 20:00:00+00:00,27224.25
2024-03-28 21:00:00+00:00,25942
2024-03-28 22:00:00+00:00,24069.5
2024-03-28 23:00:00+00:00,22377.75
2024-03-29 00:00:00+00:00,20997.5
2024-03-29 01:00:00+00:00,19805.25
2024-03-29 02:00:00+00:00,19190
2024-03-29 03:00:00+00:00,18851.75
2024-03-29 04:00:00+00:00,18887.25
2024-03-29 05:00:00+00:00,19546.75
2024-03-29 06:00:00+00:00,19803.75
2024-03-29 07:00:00+00:00,19784.25
2024-03-29 08:00:00+00:00,20570.25
2024-03-29 09:00:00+00:00,21255.5
2024-03-29 10:00:00+00:00,21513
2024-03-29 11:00:00+00:00,21522
2024-03-29 12:00:00+00:00,21956.25
2024-03-29 13:00:00+00:00,22177
2024-03-29 14:00:00+00:00,21476
2024-03-29 15:00:00+00:00,21135.5
2024-03-29 16:00:00+00:00,21462.5
2024-03-29 17:00:00+00:00,22531.75
2024-03-29 18:00:00+00:00,24264.25
2024-03-29 19:00:00+00:00,25775.25
2024-03-29 20:00:00+00:00,26006.75
2024-03-29 21:00:00+00:00,24855.25
2024-03-29 22:00:00+00:00,23138.25
2024-03-29 23:00:00+00:00,21508
2024-03-30 00:00:00+00:00,20084.25
2024-03-30 01:00:00+00:00,19196.25
2024-03-30 02:00:00+00:00,18536.25
2024-03-30 03:00:00+00:00,18297
2024-03-30 04:00:00+00:00,18507
2024-03-30 05:00:00+00:00,19086.75
2024-03-30 06:00:00+00:00,19384
2024-03-30 07:00:00+00:00,20888.25
2024-03-30 08:00:00+00:00,22680.25
2024-03-30 09:00:00+00:00,23690.75
2024-03-30 10:00:00+00:00,23800.5
2024-03-30 11:00:00+00:00,23825.5
2024-03-30 12:00:00+00:00,24185
2024-03-30 13:00:00+00:00,24159
2024-03-30 14:00:00+00:00,23579
2024-03-30 15:00:00+00:00,23394.25
2024-03-30 16:00:00+00:00,23818.5
2024-03-30 17:00:00+00:00,25008.5
2024-03-30 18:00:00+00:00,26614
2024-03-30 19:00:00+00:00,27964.5
2024-03-30 20:00:00+00:00,27951.5
2024-03-30 21:00:00+00:00,26057.25
2024-03-30 22:00:00+00:00,23717
2024-03-30 23:00:00+00:00,21648
2024-03-31 00:00:00+00:00,19667.25
2024-03-31 01:00:00+00:00,19028.5
2024-03-31 02:00:00+00:00,18389.25
2024-03-31 03:00:00+00:00,18279.75
2024-03-31 04:00:00+00:00,18475.75
2024-03-31 05:00:00+00:00,18870.25
2024-03-31 06:00:00+00:00,19224.75
2024-03-31 07:00:00+00:00,19706.75
2024-03-31 08:00:00+00:00,20822
2024-03-31 09:00:00+00:00,21795.25
2024-03-31 10:00:00+00:00,22346
2024-03-31 11:00:00+00:00,22594.5
2024-03-31 12:00:00+00:00,22970.25
2024-03-31 13:00:00+00:00,22520.25
2024-03-31 14:00:00+00:00,21831.25
2024-03-31 15:00:00+00:00,21952
2024-03-31 16:00:00+00:00,22591.25
2024-03-31 17:00:00+00:00,23495.75
2024-03-31 18:00:00+00:00,24969.75
2024-03-31 19:00:00+00:00,27106.75
2024-03-31 20:00:00+00:00,26362.25
2024-03-31 21:00:00+00:00,24254
2024-03-31 22:00:00+00:00,22288.25
2024-03-31 23:00:00+00:00,20590.5
2024-04-01 00:00:00+00:00,19683
2024-04-01 01:00:00+00:00,18944.75
2024-04-01 02:00:00+00:00,18704.75
2024-04-01 03:00:00+00:00,19119.75
2024-04-01 04:00:00+00:00,20758
2024-04-01 05:00:00+00:00,23126.25
2024-04-01 06:00:00+00:00,24344.5
2024-04-01 07:00:00+00:00,25194.25
2024-04-01 08:00:00+00:00,25862.75
2024-04-01 09:00:00+00:00,26049.75
2024-04-01 10:00:00+00:00,26196
2024-04-01 11:00:00+00:00,26263
2024-04-01 12:00:00+00:00,26547.75
2024-04-01 13:00:00+00:00,25522
2024-04-01 14:00:00+00:00,24889
2024-04-01 15:00:00+00:00,24833
2024-04-01 16:00:00+00:00,24834
2024-04-01 17:00:00+00:00,26040.75
2024-04-01 18:00:00+00:00,29083.5
2024-04-01 19:00:00+00:00,30288
2024-04-01 20:00:00+00:00,28207
2024-04-01 21:00:00+00:00,25315.5
2024-04-01 22:00:00+00:00,23483.25
2024-04-01 23:00:00+00:00,21782
2024-04-02 00:00:00+00:00,20720.75
2024-04-02 01:00:00+00:00,20236
2024-04-02 02:00:00+00:00,20126.25
2024-04-02 03:00:00+00:00,21059.25
2024-04-02 04:00:00+00:00,23955.5
2024-04-02 05:00:00+00:00,28003.75
2024-04-02 06:00:00+00:00,29827.5
2024-04-02 07:00:00+00:00,29809.5
2024-04-02 08:00:00+00:00,29099
2024-04-02 09:00:00+00:00,28734.75
2024-04-02 10:00:00+00:00,28450.25
2024-04-02 11:00:00+00:00,28169.5
2024-04-02 12:00:00+00:00,27558.5
2024-04-02 13:00:00+00:00,27167.5
2024-04-02 14:00:00+00:00,26913.75
2024-04-02 15:00:00+00:00,27329
2024-04-02 16:00:00+00:00,28024
2024-04-02 17:00:00+00:00,29093.75
2024-04-02 18:00:00+00:00,31591
2024-04-02 19:00:00+00:00,32981.75
2024-04-02 20:00:00+00:00,30253.25
2024-04-02 21:00:00+00:00,27074.5
2024-04-02 22:00:00+00:00,25180.25
2024-04-02 23:00:00+00:00,23556
2024-04-03 00:00:00+00:00,22485
2024-04-03 01:00:00+00:00,22049.5
2024-04-03 02:00:00+00:00,21996.25
2024-04-03 03:00:00+00:00,22621
2024-04-03 04:00:00+00:00,25214.25
2024-04-03 05:00:00+00:00,28736.75
2024-04-03 06:00:00+00:00,30195
2024-04-03 07:00:00+00:00,30193.5
2024-04-03 08:00:00+00:00,29953
2024-04-03 09:00:00+00:00,29208.25
2024-04-03 10:00:00+00:00,29062.25
2024-04-03 11:00:00+00:00,28975.5
2024-04-03 12:00:00+00:00,28605.5
2024-04-03 13:00:00+00:00,28088
2024-04-03 14:00:00+00:00,27849.25
2024-04-03 15:00:00+00:00,28202.75
2024-04-03 16:00:00+00:00,28345.5
2024-04-03 17:00:00+00:00,29386
2024-04-03 18:00:00+00:00,31522.5
2024-04-03 19:00:00+00:00,32376
2024-04-03 20:00:00+00:00,29861
2024-04-03 21:00:00+00:00,26830.5
2024-04-03 22:00:00+00:00,24808.75
2024-04-03 23:00:00+00:00,23202.75
2024-04-04 00:00:00+00:00,22025.5
2024-04-04 01:00:00+00:00,21604.25
2024-04-04 02:00:00+00:00,21542
2024-04-04 03:00:00+00:00,22193.5
2024-04-04 04:00:00+00:00,24763.5
2024-04-04 05:00:00+00:00,28239.5
2024-04-04 06:00:00+00:00,29736.75
2024-04-04 07:00:00+00:00,29634
2024-04-04 08:00:00+00:00,28947.25
2024-04-04 09:00:00+00:00,28292.75
2024-04-04 10:00:00+00:00,28029.25
2024-04-04 11:00:00+00:00,27888.75
2024-04-04 12:00:00+00:00,27394.25
2024-04-04 13:00:00+00:00,26679.25
2024-04-04 14:00:00+00:00,26411
2024-04-04 15:00:00+00:00,26896.75
2024-04-04 16:00:00+00:00,27672.25
2024-04-04 17:00:00+00:00,28788.25
2024-04-04 18:00:00+00:00,30996.75
2024-04-04 19:00:00+00:00,31880
2024-04-04 20:00:00+00:00,29145
2024-04-04 21:00:00+00:00,26367.25
2024-04-04 22:00:00+00:00,24619.5
2024-04-04 23:00:00+00:00,23169
2024-04-05 00:00:00+00:00,22223.25
2024-04-05 01:00:00+00:00,21779.5
2024-04-05 02:00:00+00:00,21663.5
2024-04-05 03:00:00+00:00,22360.75
2024-04-05 04:00:00+00:00,24861.5
2024-04-05 05:00:00+00:00,28104
2024-04-05 06:00:00+00:00,29542.75
2024-04-05 07:00:00+00:00,29407.75
2024-04-05 08:00:00+00:00,28685.75
2024-04-05 09:00:00+00:00,27983.5
2024-04-05 10:00:00+00:00,27617
2024-04-05 11:00:00+00:00,27284
2024-04-05 12:00:00+00:00,26524
2024-04-05 13:00:00+00:00,25799
2024-04-05 14:00:00+00:00,25684
2024-04-05 15:00:00+00:00,26209.25
2024-04-05 16:00:00+00:00,26812.5
2024-04-05 17:00:00+00:00,27906
2024-04-05 18:00:00+00:00,29526
2024-04-05 19:00:00+00:00,30499.75
2024-04-05 20:00:00+00:00,28140.75
2024-04-05 21:00:00+00:00,25781.25
2024-04-05 22:00:00+00:00,24066
2024-04-05 23:00:00+00:00,22664.25
2024-04-06 00:00:00+00:00,21385
2024-04-06 01:00:00+00:00,20636.75
2024-04-06 02:00:00+00:00,20298.5
2024-04-06 03:00:00+00:00,20290.5
2024-04-06 04:00:00+00:00,20906.25
2024-04-06 05:00:00+00:00,21747
2024-04-06 06:00:00+00:00,22653.75
2024-04-06 07:00:00+00:00,24022
2024-04-06 08:00:00+00:00,24530
2024-04-06 09:00:00+00:00,24333.5
2024-04-06 10:00:00+00:00,23930.75
2024-04-06 11:00:00+00:00,23918.25
2024-04-06 12:00:00+00:00,23478
2024-04-06 13:00:00+00:00,22613.75
2024-04-06 14:00:00+00:00,22075.75
2024-04-06 15:00:00+00:00,22275.5
2024-04-06 16:00:00+00:00,23101.5
2024-04-06 17:00:00+00:00,24025
2024-04-06 18:00:00+00:00,25427.25
2024-04-06 19:00:00+00:00,26961
2024-04-06 20:00:00+00:00,25498
2024-04-06 21:00:00+00:00,23637.25
2024-04-06 22:00:00+00:00,22003.5
2024-04-06 23:00:00+00:00,20549.25
2024-04-07 00:00:00+00:00,19525.75
2024-04-07 01:00:00+00:00,18829.75
2024-04-07 02:00:00+00:00,18528.25
2024-04-07 03:00:00+00:00,18608.5
2024-04-07 04:00:00+00:00,18957.5
2024-04-07 05:00:00+00:00,19422.75
2024-04-07 06:00:00+00:00,20024.25
2024-04-07 07:00:00+00:00,20937.75
2024-04-07 08:00:00+00:00,21732.25
2024-04-07 09:00:00+00:00,21950
2024-04-07 10:00:00+00:00,21930.5
2024-04-07 11:00:00+00:00,22109
2024-04-07 12:00:00+00:00,21902.75
2024-04-07 13:00:00+00:00,20784.5
2024-04-07 14:00:00+00:00,20462.75
2024-04-07 15:00:00+00:00,20858.75
2024-04-07 16:00:00+00:00,21822.5
2024-04-07 17:00:00+00:00,23484.5
2024-04-07 18:00:00+00:00,25684.25
2024-04-07 19:00:00+00:00,27063
2024-04-07 20:00:00+00:00,25655.25
2024-04-07 21:00:00+00:00,23453.25
2024-04-07 22:00:00+00:00,22101.75
2024-04-07 23:00:00+00:00,20827.25
2024-04-08 00:00:00+00:00,19894
2024-04-08 01:00:00+00:00,19416
2024-04-08 02:00:00+00:00,19468
2024-04-08 03:00:00+00:00,20309.75
2024-04-08 04:00:00+00:00,23104.25
2024-04-08 05:00:00+00:00,26696
2024-04-08 06:00:00+00:00,28373
2024-04-08 07:00:00+00:00,28348.75
2024-04-08 08:00:00+00:00,27921
2024-04-08 09:00:00+00:00,27331
2024-04-08 10:00:00+00:00,27230.5
2024-04-08 11:00:00+00:00,26801.5
2024-04-08 12:00:00+00:00,26201.5
2024-04-08 13:00:00+00:00,25547.75
2024-04-08 14:00:00+00:00,25292.75
2024-04-08 15:00:00+00:00,26055
2024-04-08 16:00:00+00:00,26700.25
2024-04-08 17:00:00+00:00,27967.75
2024-04-08 18:00:00+00:00,29836.75
2024-04-08 19:00:00+00:00,30870.5
2024-04-08 20:00:00+00:00,28249
2024-04-08 21:00:00+00:00,25523.5
2024-04-08 22:00:00+00:00,23807.5
2024-04-08 23:00:00+00:00,22490.25
2024-04-09 00:00:00+00:00,21667
2024-04-09 01:00:00+00:00,21001.75
2024-04-09 02:00:00+00:00,20916.75
2024-04-09 03:00:00+00:00,21516.5
2024-04-09 04:00:00+00:00,24048
2024-04-09 05:00:00+00:00,27291.25
2024-04-09 06:00:00+00:00,28555.75
2024-04-09 07:00:00+00:00,28468.75
2024-04-09 08:00:00+00:00,27936
2024-04-09 09:00:00+00:00,27392.75
2024-04-09 10:00:00+00:00,27011.75
2024-04-09 11:00:00+00:00,26602.25
2024-04-09 12:00:00+00:00,26075
2024-04-09 13:00:00+00:00,25633
2024-04-09 14:00:00+00:00,25607.5
2024-04-09 15:00:00+00:00,26180
2024-04-09 16:00:00+00:00,26984.25
2024-04-09 17:00:00+00:00,28262.5
2024-04-09 18:00:00+00:00,30206.5
2024-04-09 19:00:00+00:00,31152.75
2024-04-09 20:00:00+00:00,28346.75
2024-04-09 21:00:00+00:00,25799
2024-04-09 22:00:00+00:00,23625.25
2024-04-09 23:00:00+00:00,22261.25
2024-04-10 00:00:00+00:00,21298.75
2024-04-10 01:00:00+00:00,20806.25
2024-04-10 02:00:00+00:00,20761.75
2024-04-10 03:00:00+00:00,21505.75
2024-04-10 04:00:00+00:00,24123
2024-04-10 05:00:00+00:00,27745
2024-04-10 06:00:00+00:00,29258.25
2024-04-10 07:00:00+00:00,28840.5
2024-04-10 08:00:00+00:00,27929.25
2024-04-10 09:00:00+00:00,27226
2024-04-10 10:00:00+00:00,26752.75
2024-04-10 11:00:00+00:00,26459.75
2024-04-10 12:00:00+00:00,26024.5
2024-04-10 13:00:00+00:00,25235.5
2024-04-10 14:00:00+00:00,24941.75
2024-04-10 15:00:00+00:00,25508.25
2024-04-10 16:00:00+00:00,26391.75
2024-04-10 17:00:00+00:00,27731.5
2024-04-10 18:00:00+00:00,29882
2024-04-10 19:00:00+00:00,31045.5
2024-04-10 20:00:00+00:00,28540.75
2024-04-10 21:00:00+00:00,25766
2024-04-10 22:00:00+00:00,23982.25
2024-04-10 23:00:00+00:00,22833.75
2024-04-11 00:00:00+00:00,22047.5
2024-04-11 01:00:00+00:00,21509.5
2024-04-11 02:00:00+00:00,21385
2024-04-11 03:00:00+00:00,22058
2024-04-11 04:00:00+00:00,24569.5
2024-04-11 05:00:00+00:00,27904.25
2024-04-11 06:00:00+00:00,29157.5
2024-04-11 07:00:00+00:00,28665.25
2024-04-11 08:00:00+00:00,27573.75
2024-04-11 09:00:00+00:00,26637.75
2024-04-11 10:00:00+00:00,26174.5
2024-04-11 11:00:00+00:00,25836
2024-04-11 12:00:00+00:00,25395.5
2024-04-11 13:00:00+00:00,24731
2024-04-11 14:00:00+00:00,24607.25
2024-04-11 15:00:00+00:00,25238.5
2024-04-11 16:00:00+00:00,26164
2024-04-11 17:00:00+00:00,27560.5
2024-04-11 18:00:00+00:00,29492.25
2024-04-11 19:00:00+00:00,30642.25
2024-04-11 20:00:00+00:00,28155.75
2024-04-11 21:00:00+00:00,25577.75
2024-04-11 22:00:00+00:00,24154
2024-04-11 23:00:00+00:00,22762.25
2024-04-12 00:00:00+00:00,21756.5
2024-04-12 01:00:00+00:00,21295.25
2024-04-12 02:00:00+00:00,21152.5
2024-04-12 03:00:00+00:00,21848.25
2024-04-12 04:00:00+00:00,24280.75
2024-04-12 05:00:00+00:00,27578.5
2024-04-12 06:00:00+00:00,28986.75
2024-04-12 07:00:00+00:00,28728.25
2024-04-12 08:00:00+00:00,27798
2024-04-12 09:00:00+00:00,26882
2024-04-12 10:00:00+00:00,26493.5
2024-04-12 11:00:00+00:00,26014.75
2024-04-12 12:00:00+00:00,25376.5
2024-04-12 13:00:00+00:00,24552.5
2024-04-12 14:00:00+00:00,24309.5
2024-04-12 15:00:00+00:00,24910.5
2024-04-12 16:00:00+00:00,25734
2024-04-12 17:00:00+00:00,26960
2024-04-12 18:00:00+00:00,28481.25
2024-04-12 19:00:00+00:00,29626.75
2024-04-12 20:00:00+00:00,27505.75
2024-04-12 21:00:00+00:00,25103
2024-04-12 22:00:00+00:00,23914.75
2024-04-12 23:00:00+00:00,22606.75
2024-04-13 00:00:00+00:00,21515
2024-04-13 01:00:00+00:00,20827.5
2024-04-13 02:00:00+00:00,20440.5
2024-04-13 03:00:00+00:00,20398.5
2024-04-13 04:00:00+00:00,20954.5
2024-04-13 05:00:00+00:00,21806.25
2024-04-13 06:00:00+00:00,22784
2024-04-13 07:00:00+00:00,23891.75
2024-04-13 08:00:00+00:00,24009
2024-04-13 09:00:00+00:00,23451.5
2024-04-13 10:00:00+00:00,23130.5
2024-04-13 11:00:00+00:00,22885.75
2024-04-13 12:00:00+00:00,22381.5
2024-04-13 13:00:00+00:00,21476
2024-04-13 14:00:00+00:00,21229.5
2024-04-13 15:00:00+00:00,21810.25
2024-04-13 16:00:00+00:00,22669.25
2024-04-13 17:00:00+00:00,24006
2024-04-13 18:00:00+00:00,25387
2024-04-13 19:00:00+00:00,26782.5
2024-04-13 20:00:00+00:00,25248.5
2024-04-13 21:00:00+00:00,23457
2024-04-13 22:00:00+00:00,21946.75
2024-04-13 23:00:00+00:00,20603.5
2024-04-14 00:00:00+00:00,19649.25
2024-04-14 01:00:00+00:00,19023.75
2024-04-14 02:00:00+00:00,18635.75
2024-04-14 03:00:00+00:00,18645.5
2024-04-14 04:00:00+00:00,19018.75
2024-04-14 05:00:00+00:00,19359.75
2024-04-14 06:00:00+00:00,19829.5
2024-04-14 07:00:00+00:00,20800
2024-04-14 08:00:00+00:00,21342
2024-04-14 09:00:00+00:00,21249.75
2024-04-14 10:00:00+00:00,21126.75
2024-04-14 11:00:00+00:00,21058
2024-04-14 12:00:00+00:00,20943.75
2024-04-14 13:00:00+00:00,19735
2024-04-14 14:00:00+00:00,19486.75
2024-04-14 15:00:00+00:00,20260.25
2024-04-14 16:00:00+00:00,21421.75
2024-04-14 17:00:00+00:00,23060.25
2024-04-14 18:00:00+00:00,24807.75
2024-04-14 19:00:00+00:00,26436.25
2024-04-14 20:00:00+00:00,25318.25
2024-04-14 21:00:00+00:00,23398.75
2024-04-14 22:00:00+00:00,22195.25
2024-04-14 23:00:00+00:00,20800.75
2024-04-15 00:00:00+00:00,20021.25
2024-04-15 01:00:00+00:00,19748.25
2024-04-15 02:00:00+00:00,19772.75
2024-04-15 03:00:00+00:00,20596
2024-04-15 04:00:00+00:00,23399.75
2024-04-15 05:00:00+00:00,26700.5
2024-04-15 06:00:00+00:00,28141.25
2024-04-15 07:00:00+00:00,27646.75
2024-04-15 08:00:00+00:00,26871.5
2024-04-15 09:00:00+00:00,26153
2024-04-15 10:00:00+00:00,25970
2024-04-15 11:00:00+00:00,25660.75
2024-04-15 12:00:00+00:00,25275
2024-04-15 13:00:00+00:00,24525
2024-04-15 14:00:00+00:00,24457.25
2024-04-15 15:00:00+00:00,25236.5
2024-04-15 16:00:00+00:00,26004.5
2024-04-15 17:00:00+00:00,27515.75
2024-04-15 18:00:00+00:00,29036.25
2024-04-15 19:00:00+00:00,30167
2024-04-15 20:00:00+00:00,27598.75
2024-04-15 21:00:00+00:00,25001.25
2024-04-15 22:00:00+00:00,23826.75
2024-04-15 23:00:00+00:00,22636.75
2024-04-16 00:00:00+00:00,21753.5
2024-04-16 01:00:00+00:00,21372.5
2024-04-16 02:00:00+00:00,21274.5
2024-04-16 03:00:00+00:00,21916
2024-04-16 04:00:00+00:00,24322.25
2024-04-16 05:00:00+00:00,27344.75
2024-04-16 06:00:00+00:00,28436
2024-04-16 07:00:00+00:00,27917.25
2024-04-16 08:00:00+00:00,27008.75
2024-04-16 09:00:00+00:00,26233.75
2024-04-16 10:00:00+00:00,25969.25
2024-04-16 11:00:00+00:00,25816.25
2024-04-16 12:00:00+00:00,25326.5
2024-04-16 13:00:00+00:00,24443
2024-04-16 14:00:00+00:00,24233.75
2024-04-16 15:00:00+00:00,25111.25
2024-04-16 16:00:00+00:00,25839.25
2024-04-16 17:00:00+00:00,27369.75
2024-04-16 18:00:00+00:00,29123.75
2024-04-16 19:00:00+00:00,30438
2024-04-16 20:00:00+00:00,27941.25
2024-04-16 21:00:00+00:00,25246.75
2024-04-16 22:00:00+00:00,24260.5
2024-04-16 23:00:00+00:00,22936.75
2024-04-17 00:00:00+00:00,22166.75
2024-04-17 01:00:00+00:00,21611.5
2024-04-17 02:00:00+00:00,21418.25
2024-04-17 03:00:00+00:00,22253.25
2024-04-17 04:00:00+00:00,24756.25
2024-04-17 05:00:00+00:00,27997
2024-04-17 06:00:00+00:00,29109.75
2024-04-17 07:00:00+00:00,28421.5
2024-04-17 08:00:00+00:00,27539.25
2024-04-17 09:00:00+00:00,26722.75
2024-04-17 10:00:00+00:00,26375.5
2024-04-17 11:00:00+00:00,26266
2024-04-17 12:00:00+00:00,25695.5
2024-04-17 13:00:00+00:00,24896.75
2024-04-17 14:00:00+00:00,24514
2024-04-17 15:00:00+00:00,25482
2024-04-17 16:00:00+00:00,26164.5
2024-04-17 17:00:00+00:00,27473
2024-04-17 18:00:00+00:00,29182.25
2024-04-17 19:00:00+00:00,30402
2024-04-17 20:00:00+00:00,27972.25
2024-04-17 21:00:00+00:00,25394.25
2024-04-17 22:00:00+00:00,23742.25
2024-04-17 23:00:00+00:00,22561.25
2024-04-18 00:00:00+00:00,21748
2024-04-18 01:00:00+00:00,21333.25
2024-04-18 02:00:00+00:00,21173.75
2024-04-18 03:00:00+00:00,21846.5
2024-04-18 04:00:00+00:00,24270
2024-04-18 05:00:00+00:00,27284.25
2024-04-18 06:00:00+00:00,28482
2024-04-18 07:00:00+00:00,27943.25
2024-04-18 08:00:00+00:00,26984
2024-04-18 09:00:00+00:00,26195.5
2024-04-18 10:00:00+00:00,25853.25
2024-04-18 11:00:00+00:00,25693
2024-04-18 12:00:00+00:00,25200.5
2024-04-18 13:00:00+00:00,24538.5
2024-04-18 14:00:00+00:00,24360
2024-04-18 15:00:00+00:00,25145.25
2024-04-18 16:00:00+00:00,26041.25
2024-04-18 17:00:00+00:00,27509
2024-04-18 18:00:00+00:00,29190.75
2024-04-18 19:00:00+00:00,30283.75
2024-04-18 20:00:00+00:00,27791.75
2024-04-18 21:00:00+00:00,25176.25
2024-04-18 22:00:00+00:00,24155.5
2024-04-18 23:00:00+00:00,22966.75
2024-04-19 00:00:00+00:00,22015.25
2024-04-19 01:00:00+00:00,21582.75
2024-04-19 02:00:00+00:00,21483.25
2024-04-19 03:00:00+00:00,22143.25
2024-04-19 04:00:00+00:00,24562.75
2024-04-19 05:00:00+00:00,27570.25
2024-04-19 06:00:00+00:00,28667.75
2024-04-19 07:00:00+00:00,28301
2024-04-19 08:00:00+00:00,27342.75
2024-04-19 09:00:00+00:00,26570.75
2024-04-19 10:00:00+00:00,26156.25
2024-04-19 11:00:00+00:00,25798.5
2024-04-19 12:00:00+00:00,25117.5
2024-04-19 13:00:00+00:00,24249.5
2024-04-19 14:00:00+00:00,24069.5
2024-04-19 15:00:00+00:00,24875.25
2024-04-19 16:00:00+00:00,25598.75
2024-04-19 17:00:00+00:00,26630.5
2024-04-19 18:00:00+00:00,27973.75
2024-04-19 19:00:00+00:00,29520
2024-04-19 20:00:00+00:00,27302.75
2024-04-19 21:00:00+00:00,24999
2024-04-19 22:00:00+00:00,23965.25
2024-04-19 23:00:00+00:00,22640.5
2024-04-20 00:00:00+00:00,21542.25
2024-04-20 01:00:00+00:00,20864
2024-04-20 02:00:00+00:00,20466.75
2024-04-20 03:00:00+00:00,20389.25
2024-04-20 04:00:00+00:00,20926.5
2024-04-20 05:00:00+00:00,21728.25
2024-04-20 06:00:00+00:00,22658.25
2024-04-20 07:00:00+00:00,23707.75
2024-04-20 08:00:00+00:00,24048.75
2024-04-20 09:00:00+00:00,23476.25
2024-04-20 10:00:00+00:00,23046.5
2024-04-20 11:00:00+00:00,22994
2024-04-20 12:00:00+00:00,22461.75
2024-04-20 13:00:00+00:00,21312.25
2024-04-20 14:00:00+00:00,20775.25
2024-04-20 15:00:00+00:00,21326.75
2024-04-20 16:00:00+00:00,22328.75
2024-04-20 17:00:00+00:00,23630.5
2024-04-20 18:00:00+00:00,24950.5
2024-04-20 19:00:00+00:00,26705.5
2024-04-20 20:00:00+00:00,25216
2024-04-20 21:00:00+00:00,23344.5
2024-04-20 22:00:00+00:00,22114.5
2024-04-20 23:00:00+00:00,20762.25
2024-04-21 00:00:00+00:00,19736.25
2024-04-21 01:00:00+00:00,19168.25
2024-04-21 02:00:00+00:00,18785.25
2024-04-21 03:00:00+00:00,18822.75
2024-04-21 04:00:00+00:00,19289.5
2024-04-21 05:00:00+00:00,19589.75
2024-04-21 06:00:00+00:00,19982
2024-04-21 07:00:00+00:00,20726.5
2024-04-21 08:00:00+00:00,21295.75
2024-04-21 09:00:00+00:00,21258.25
2024-04-21 10:00:00+00:00,21040.5
2024-04-21 11:00:00+00:00,21236
2024-04-21 12:00:00+00:00,21003.75
2024-04-21 13:00:00+00:00,19873.5
2024-04-21 14:00:00+00:00,19338.25
2024-04-21 15:00:00+00:00,19964.75
2024-04-21 16:00:00+00:00,21065.5
2024-04-21 17:00:00+00:00,22731.75
2024-04-21 18:00:00+00:00,24902.25
2024-04-21 19:00:00+00:00,26891.25
2024-04-21 20:00:00+00:00,25714.75
2024-04-21 21:00:00+00:00,23649
2024-04-21 22:00:00+00:00,22063
2024-04-21 23:00:00+00:00,20798.75
2024-04-22 00:00:00+00:00,19973.25
2024-04-22 01:00:00+00:00,19717.5
2024-04-22 02:00:00+00:00,19752
2024-04-22 03:00:00+00:00,20622
2024-04-22 04:00:00+00:00,23456
2024-04-22 05:00:00+00:00,26619.25
2024-04-22 06:00:00+00:00,28303
2024-04-22 07:00:00+00:00,28243
2024-04-22 08:00:00+00:00,27485.75
2024-04-22 09:00:00+00:00,26739
2024-04-22 10:00:00+00:00,26257.75
2024-04-22 11:00:00+00:00,25964.75
2024-04-22 12:00:00+00:00,25408.75
2024-04-22 13:00:00+00:00,24630
2024-04-22 14:00:00+00:00,24423.5
2024-04-22 15:00:00+00:00,25230.75
2024-04-22 16:00:00+00:00,26059.75
2024-04-22 17:00:00+00:00,27481.25
2024-04-22 18:00:00+00:00,29430.25
2024-04-22 19:00:00+00:00,30811
2024-04-22 20:00:00+00:00,28298.75
2024-04-22 21:00:00+00:00,25618.5
2024-04-22 22:00:00+00:00,23861.25
2024-04-22 23:00:00+00:00,22554.75
2024-04-23 00:00:00+00:00,21642.25
2024-04-23 01:00:00+00:00,21255.5
2024-04-23 02:00:00+00:00,21166.75
2024-04-23 03:00:00+00:00,21845.25
2024-04-23 04:00:00+00:00,24348
2024-04-23 05:00:00+00:00,27329.75
2024-04-23 06:00:00+00:00,28629.5
2024-04-23 07:00:00+00:00,28334.5
2024-04-23 08:00:00+00:00,27596
2024-04-23 09:00:00+00:00,26878.25
2024-04-23 10:00:00+00:00,26330.75
2024-04-23 11:00:00+00:00,26017.75
2024-04-23 12:00:00+00:00,25501.5
2024-04-23 13:00:00+00:00,24734
2024-04-23 14:00:00+00:00,24559
2024-04-23 15:00:00+00:00,25341
2024-04-23 16:00:00+00:00,26229.75
2024-04-23 17:00:00+00:00,27754.75
2024-04-23 18:00:00+00:00,29660.5
2024-04-23 19:00:00+00:00,31133.75
2024-04-23 20:00:00+00:00,28603.5
2024-04-23 21:00:00+00:00,26060.5
2024-04-23 22:00:00+00:00,24296
2024-04-23 23:00:00+00:00,22975.75
2024-04-24 00:00:00+00:00,21970.5
2024-04-24 01:00:00+00:00,21609.25
2024-04-24 02:00:00+00:00,21480.75
2024-04-24 03:00:00+00:00,22147
2024-04-24 04:00:00+00:00,24630.5
2024-04-24 05:00:00+00:00,27554.25
2024-04-24 06:00:00+00:00,28866
2024-04-24 07:00:00+00:00,28571
2024-04-24 08:00:00+00:00,27711.75
2024-04-24 09:00:00+00:00,26833.25
2024-04-24 10:00:00+00:00,26397
2024-04-24 11:00:00+00:00,26243.25
2024-04-24 12:00:00+00:00,25870.5
2024-04-24 13:00:00+00:00,25324.25
2024-04-24 14:00:00+00:00,25069.5
2024-04-24 15:00:00+00:00,25612
2024-04-24 16:00:00+00:00,26326.75
2024-04-24 17:00:00+00:00,27618
2024-04-24 18:00:00+00:00,29599.75
2024-04-24 19:00:00+00:00,31167.5
2024-04-24 20:00:00+00:00,28795
2024-04-24 21:00:00+00:00,25936.75
2024-04-24 22:00:00+00:00,24335.5
2024-04-24 23:00:00+00:00,23014
2024-04-25 00:00:00+00:00,22165.75
2024-04-25 01:00:00+00:00,21757
2024-04-25 02:00:00+00:00,21635.25
2024-04-25 03:00:00+00:00,22288.75
2024-04-25 04:00:00+00:00,24876.25
2024-04-25 05:00:00+00:00,27925.5
2024-04-25 06:00:00+00:00,29190.25
2024-04-25 07:00:00+00:00,28910.75
2024-04-25 08:00:00+00:00,28125.25
2024-04-25 09:00:00+00:00,27492.5
2024-04-25 10:00:00+00:00,27039.25
2024-04-25 11:00:00+00:00,26923.25
2024-04-25 12:00:00+00:00,26436.5
2024-04-25 13:00:00+00:00,25874.25
2024-04-25 14:00:00+00:00,25563.5
2024-04-25 15:00:00+00:00,26191
2024-04-25 16:00:00+00:00,26968.75
2024-04-25 17:00:00+00:00,28387
2024-04-25 18:00:00+00:00,30027.25
2024-04-25 19:00:00+00:00,31346.75
2024-04-25 20:00:00+00:00,28800.5
2024-04-25 21:00:00+00:00,26148.75
2024-04-25 22:00:00+00:00,24399.5
2024-04-25 23:00:00+00:00,23196.75
2024-04-26 00:00:00+00:00,22235.5
2024-04-26 01:00:00+00:00,21799.5
2024-04-26 02:00:00+00:00,21712.5
2024-04-26 03:00:00+00:00,22334
2024-04-26 04:00:00+00:00,24815.5
2024-04-26 05:00:00+00:00,27672.5
2024-04-26 06:00:00+00:00,29137.5
2024-04-26 07:00:00+00:00,29326
2024-04-26 08:00:00+00:00,28852.5
2024-04-26 09:00:00+00:00,28335.5
2024-04-26 10:00:00+00:00,27955
2024-04-26 11:00:00+00:00,27633
2024-04-26 12:00:00+00:00,26842.5
2024-04-26 13:00:00+00:00,25996.5
2024-04-26 14:00:00+00:00,25610
2024-04-26 15:00:00+00:00,25989.25
2024-04-26 16:00:00+00:00,26479.5
2024-04-26 17:00:00+00:00,27667.75
2024-04-26 18:00:00+00:00,28763.25
2024-04-26 19:00:00+00:00,30055.25
2024-04-26 20:00:00+00:00,27915.5
2024-04-26 21:00:00+00:00,25629.5
2024-04-26 22:00:00+00:00,24222
2024-04-26 23:00:00+00:00,22783.25
2024-04-27 00:00:00+00:00,21744
2024-04-27 01:00:00+00:00,21089.25
2024-04-27 02:00:00+00:00,20706.5
2024-04-27 03:00:00+00:00,20573.75
2024-04-27 04:00:00+00:00,21099.5
2024-04-27 05:00:00+00:00,21650
2024-04-27 06:00:00+00:00,22684.75
2024-04-27 07:00:00+00:00,24042
2024-04-27 08:00:00+00:00,24524.5
2024-04-27 09:00:00+00:00,24190.5
2024-04-27 10:00:00+00:00,23864.25
2024-04-27 11:00:00+00:00,24001.75
2024-04-27 12:00:00+00:00,23569.5
2024-04-27 13:00:00+00:00,22609
2024-04-27 14:00:00+00:00,22013.5
2024-04-27 15:00:00+00:00,22359.25
2024-04-27 16:00:00+00:00,23153.75
2024-04-27 17:00:00+00:00,24283.25
2024-04-27 18:00:00+00:00,25679.75
2024-04-27 19:00:00+00:00,27250.75
2024-04-27 20:00:00+00:00,25725.5
2024-04-27 21:00:00+00:00,23842.75
2024-04-27 22:00:00+00:00,22218.75
2024-04-27 23:00:00+00:00,21218
2024-04-28 00:00:00+00:00,20035.75
2024-04-28 01:00:00+00:00,19338.5
2024-04-28 02:00:00+00:00,19001.75
2024-04-28 03:00:00+00:00,18908
2024-04-28 04:00:00+00:00,19130.5
2024-04-28 05:00:00+00:00,19316
2024-04-28 06:00:00+00:00,19760
2024-04-28 07:00:00+00:00,20757.75
2024-04-28 08:00:00+00:00,21662.25
2024-04-28 09:00:00+00:00,22003.75
2024-04-28 10:00:00+00:00,21881.5
2024-04-28 11:00:00+00:00,22230
2024-04-28 12:00:00+00:00,22054.5
2024-04-28 13:00:00+00:00,21104.75
2024-04-28 14:00:00+00:00,20414.25
2024-04-28 15:00:00+00:00,20575
2024-04-28 16:00:00+00:00,21412.25
2024-04-28 17:00:00+00:00,22774.75
2024-04-28 18:00:00+00:00,24722.75
2024-04-28 19:00:00+00:00,26656.25
2024-04-28 20:00:00+00:00,26192.75
2024-04-28 21:00:00+00:00,24159
2024-04-28 22:00:00+00:00,22336.5
2024-04-28 23:00:00+00:00,20914.25
2024-04-29 00:00:00+00:00,20071.5
2024-04-29 01:00:00+00:00,19792.25
2024-04-29 02:00:00+00:00,19889.75
2024-04-29 03:00:00+00:00,20728.25
2024-04-29 04:00:00+00:00,23608.75
2024-04-29 05:00:00+00:00,26792.5
2024-04-29 06:00:00+00:00,28502.5
2024-04-29 07:00:00+00:00,28939.75
2024-04-29 08:00:00+00:00,28499.25
2024-04-29 09:00:00+00:00,27949.5
2024-04-29 10:00:00+00:00,27706.5
2024-04-29 11:00:00+00:00,27934.75
2024-04-29 12:00:00+00:00,27185
2024-04-29 13:00:00+00:00,26489.25
2024-04-29 14:00:00+00:00,26084.5
2024-04-29 15:00:00+00:00,26424
2024-04-29 16:00:00+00:00,27144
2024-04-29 17:00:00+00:00,28017.75
2024-04-29 18:00:00+00:00,29453.25
2024-04-29 19:00:00+00:00,30929.25
2024-04-29 20:00:00+00:00,28576.5
2024-04-29 21:00:00+00:00,25806.5
2024-04-29 22:00:00+00:00,23871.75
2024-04-29 23:00:00+00:00,22552
2024-04-30 00:00:00+00:00,21585.5
2024-04-30 01:00:00+00:00,21264.25
2024-04-30 02:00:00+00:00,21226.25
2024-04-30 03:00:00+00:00,21812.75
2024-04-30 04:00:00+00:00,24368.75
2024-04-30 05:00:00+00:00,27237
2024-04-30 06:00:00+00:00,28689.75
2024-04-30 07:00:00+00:00,28784.75
2024-04-30 08:00:00+00:00,28383.75
2024-04-30 09:00:00+00:00,27709
2024-04-30 10:00:00+00:00,27477.25
2024-04-30 11:00:00+00:00,27884.75
2024-04-30 12:00:00+00:00,27300.5
2024-04-30 13:00:00+00:00,26771
2024-04-30 14:00:00+00:00,26308.75
2024-04-30 15:00:00+00:00,26481.5
2024-04-30 16:00:00+00:00,26821.75
2024-04-30 17:00:00+00:00,27380.75
2024-04-30 18:00:00+00:00,28642.25
2024-04-30 19:00:00+00:00,29810.5
2024-04-30 20:00:00+00:00,27771.75
2024-04-30 21:00:00+00:00,25480
2024-04-30 22:00:00+00:00,23439
2024-04-30 23:00:00+00:00,22100.25
2024-05-01 00:00:00+00:00,20522.5
2024-05-01 01:00:00+00:00,19897
2024-05-01 02:00:00+00:00,19507.5
2024-05-01 03:00:00+00:00,19302.5
2024-05-01 04:00:00+00:00,19705.25
2024-05-01 05:00:00+00:00,19704
2024-05-01 06:00:00+00:00,20033.75
2024-05-01 07:00:00+00:00,20915
2024-05-01 08:00:00+00:00,21586
2024-05-01 09:00:00+00:00,21722.25
2024-05-01 10:00:00+00:00,21516
2024-05-01 11:00:00+00:00,21682.25
2024-05-01 12:00:00+00:00,21801.25
2024-05-01 13:00:00+00:00,20711.5
2024-05-01 14:00:00+00:00,19937.75
2024-05-01 15:00:00+00:00,19974.5
2024-05-01 16:00:00+00:00,20633
2024-05-01 17:00:00+00:00,21794.5
2024-05-01 18:00:00+00:00,23626
2024-05-01 19:00:00+00:00,25865.75
2024-05-01 20:00:00+00:00,25267.25
2024-05-01 21:00:00+00:00,23228
2024-05-01 22:00:00+00:00,21577.5
2024-05-01 23:00:00+00:00,20152.25
2024-05-02 00:00:00+00:00,19437.25
2024-05-02 01:00:00+00:00,19287.75
2024-05-02 02:00:00+00:00,19284
2024-05-02 03:00:00+00:00,19941.75
2024-05-02 04:00:00+00:00,22560
2024-05-02 05:00:00+00:00,25248.25
2024-05-02 06:00:00+00:00,27198.75
2024-05-02 07:00:00+00:00,27793.5
2024-05-02 08:00:00+00:00,27484.5
2024-05-02 09:00:00+00:00,27221
2024-05-02 10:00:00+00:00,27104.75
2024-05-02 11:00:00+00:00,27662.5
2024-05-02 12:00:00+00:00,26910.5
2024-05-02 13:00:00+00:00,26129
2024-05-02 14:00:00+00:00,25715.75
2024-05-02 15:00:00+00:00,26071
2024-05-02 16:00:00+00:00,26627.5
2024-05-02 17:00:00+00:00,27806.5
2024-05-02 18:00:00+00:00,29190.5
2024-05-02 19:00:00+00:00,30051
2024-05-02 20:00:00+00:00,28275.25
2024-05-02 21:00:00+00:00,25597.5
2024-05-02 22:00:00+00:00,23844.75
2024-05-02 23:00:00+00:00,22600.5
2024-05-03 00:00:00+00:00,21815.5
2024-05-03 01:00:00+00:00,21335
2024-05-03 02:00:00+00:00,21311
2024-05-03 03:00:00+00:00,21885
2024-05-03 04:00:00+00:00,24196
2024-05-03 05:00:00+00:00,26958.75
2024-05-03 06:00:00+00:00,28400
2024-05-03 07:00:00+00:00,28685
2024-05-03 08:00:00+00:00,28051.75
2024-05-03 09:00:00+00:00,27401.25
2024-05-03 10:00:00+00:00,27054.75
2024-05-03 11:00:00+00:00,26884.25
2024-05-03 12:00:00+00:00,26257
2024-05-03 13:00:00+00:00,25598.75
2024-05-03 14:00:00+00:00,25284.5
2024-05-03 15:00:00+00:00,25475.25
2024-05-03 16:00:00+00:00,25981.25
2024-05-03 17:00:00+00:00,27148.25
2024-05-03 18:00:00+00:00,28469.25
2024-05-03 19:00:00+00:00,29339.5
2024-05-03 20:00:00+00:00,27678.75
2024-05-03 21:00:00+00:00,25165.25
2024-05-03 22:00:00+00:00,23716.5
2024-05-03 23:00:00+00:00,22214
2024-05-04 00:00:00+00:00,21081.25
2024-05-04 01:00:00+00:00,20542.75
2024-05-04 02:00:00+00:00,20206.75
2024-05-04 03:00:00+00:00,20067.75
2024-05-04 04:00:00+00:00,20635.75
2024-05-04 05:00:00+00:00,21248.5
2024-05-04 06:00:00+00:00,22505.75
2024-05-04 07:00:00+00:00,23805
2024-05-04 08:00:00+00:00,24376
2024-05-04 09:00:00+00:00,24082.5
2024-05-04 10:00:00+00:00,23794.5
2024-05-04 11:00:00+00:00,23820.25
2024-05-04 12:00:00+00:00,23235
2024-05-04 13:00:00+00:00,22319.75
2024-05-04 14:00:00+00:00,21697.5
2024-05-04 15:00:00+00:00,21919.5
2024-05-04 16:00:00+00:00,22803.75
2024-05-04 17:00:00+00:00,23799.5
2024-05-04 18:00:00+00:00,24939.5
2024-05-04 19:00:00+00:00,26513
2024-05-04 20:00:00+00:00,25558.25
2024-05-04 21:00:00+00:00,23489.75
2024-05-04 22:00:00+00:00,22038.5
2024-05-04 23:00:00+00:00,20670.75
2024-05-05 00:00:00+00:00,19623.75
2024-05-05 01:00:00+00:00,19049.25
2024-05-05 02:00:00+00:00,18798.25
2024-05-05 03:00:00+00:00,18801.75
2024-05-05 04:00:00+00:00,19166
2024-05-05 05:00:00+00:00,19296.75
2024-05-05 06:00:00+00:00,19865
2024-05-05 07:00:00+00:00,20980
2024-05-05 08:00:00+00:00,21786.75
2024-05-05 09:00:00+00:00,22041.25
2024-05-05 10:00:00+00:00,22153.75
2024-05-05 11:00:00+00:00,22220.75
2024-05-05 12:00:00+00:00,22043
2024-05-05 13:00:00+00:00,20836.25
2024-05-05 14:00:00+00:00,20344.25
2024-05-05 15:00:00+00:00,20834.25
2024-05-05 16:00:00+00:00,21839
2024-05-05 17:00:00+00:00,23266
2024-05-05 18:00:00+00:00,24870.5
2024-05-05 19:00:00+00:00,26563.75
2024-05-05 20:00:00+00:00,25847
2024-05-05 21:00:00+00:00,23818.25
2024-05-05 22:00:00+00:00,21964.5
2024-05-05 23:00:00+00:00,20653.75
2024-05-06 00:00:00+00:00,19848.5
2024-05-06 01:00:00+00:00,19586
2024-05-06 02:00:00+00:00,19610.25
2024-05-06 03:00:00+00:00,20362.25
2024-05-06 04:00:00+00:00,23123.5
2024-05-06 05:00:00+00:00,25936
2024-05-06 06:00:00+00:00,27636
2024-05-06 07:00:00+00:00,28061.5
2024-05-06 08:00:00+00:00,27839.25
2024-05-06 09:00:00+00:00,27474.75
2024-05-06 10:00:00+00:00,27227.5
2024-05-06 11:00:00+00:00,27171.5
2024-05-06 12:00:00+00:00,26466.25
2024-05-06 13:00:00+00:00,25784.75
2024-05-06 14:00:00+00:00,25883.75
2024-05-06 15:00:00+00:00,26383.5
2024-05-06 16:00:00+00:00,26699.5
2024-05-06 17:00:00+00:00,27506.25
2024-05-06 18:00:00+00:00,28704.75
2024-05-06 19:00:00+00:00,29720.75
2024-05-06 20:00:00+00:00,27704.75
2024-05-06 21:00:00+00:00,24919.5
2024-05-06 22:00:00+00:00,23455.25
2024-05-06 23:00:00+00:00,22139
2024-05-07 00:00:00+00:00,21349.25
2024-05-07 01:00:00+00:00,21049.25
2024-05-07 02:00:00+00:00,20983.75
2024-05-07 03:00:00+00:00,21501.5
2024-05-07 04:00:00+00:00,23858.5
2024-05-07 05:00:00+00:00,26562.75
2024-05-07 06:00:00+00:00,28049
2024-05-07 07:00:00+00:00,27928.75
2024-05-07 08:00:00+00:00,27419.75
2024-05-07 09:00:00+00:00,26956.5
2024-05-07 10:00:00+00:00,26662.5
2024-05-07 11:00:00+00:00,26629.75
2024-05-07 12:00:00+00:00,26133
2024-05-07 13:00:00+00:00,25601.5
2024-05-07 14:00:00+00:00,25328
2024-05-07 15:00:00+00:00,25606.5
2024-05-07 16:00:00+00:00,25932.25
2024-05-07 17:00:00+00:00,27195.75
2024-05-07 18:00:00+00:00,28629.5
2024-05-07 19:00:00+00:00,29770
2024-05-07 20:00:00+00:00,27941.5
2024-05-07 21:00:00+00:00,25079.25
2024-05-07 22:00:00+00:00,23711
2024-05-07 23:00:00+00:00,22457.25
2024-05-08 00:00:00+00:00,21644.75
2024-05-08 01:00:00+00:00,21244
2024-05-08 02:00:00+00:00,21178.25
2024-05-08 03:00:00+00:00,21673.75
2024-05-08 04:00:00+00:00,24087.25
2024-05-08 05:00:00+00:00,26795.5
2024-05-08 06:00:00+00:00,28009
2024-05-08 07:00:00+00:00,27912.25
2024-05-08 08:00:00+00:00,27288.25
2024-05-08 09:00:00+00:00,26616.5
2024-05-08 10:00:00+00:00,26498.5
2024-05-08 11:00:00+00:00,26461.5
2024-05-08 12:00:00+00:00,26110.25
2024-05-08 13:00:00+00:00,25208.5
2024-05-08 14:00:00+00:00,24935.5
2024-05-08 15:00:00+00:00,25428.5
2024-05-08 16:00:00+00:00,26328.75
2024-05-08 17:00:00+00:00,27517
2024-05-08 18:00:00+00:00,28787
2024-05-08 19:00:00+00:00,30062.75
2024-05-08 20:00:00+00:00,28049
2024-05-08 21:00:00+00:00,25293.5
2024-05-08 22:00:00+00:00,23669.75
2024-05-08 23:00:00+00:00,22554.5
2024-05-09 00:00:00+00:00,21783.75
2024-05-09 01:00:00+00:00,21298.75
2024-05-09 02:00:00+00:00,21243.5
2024-05-09 03:00:00+00:00,21846.5
2024-05-09 04:00:00+00:00,24241.5
2024-05-09 05:00:00+00:00,26683.25
2024-05-09 06:00:00+00:00,27665
2024-05-09 07:00:00+00:00,27656.5
2024-05-09 08:00:00+00:00,27119
2024-05-09 09:00:00+00:00,26556.25
2024-05-09 10:00:00+00:00,26603
2024-05-09 11:00:00+00:00,26810.75
2024-05-09 12:00:00+00:00,26415.25
2024-05-09 13:00:00+00:00,25955.5
2024-05-09 14:00:00+00:00,25829.75
2024-05-09 15:00:00+00:00,26179
2024-05-09 16:00:00+00:00,26512
2024-05-09 17:00:00+00:00,27356.75
2024-05-09 18:00:00+00:00,28712.25
2024-05-09 19:00:00+00:00,29831.25
2024-05-09 20:00:00+00:00,27896.25
2024-05-09 21:00:00+00:00,25330.5
2024-05-09 22:00:00+00:00,24301.75
2024-05-09 23:00:00+00:00,22984
2024-05-10 00:00:00+00:00,21977
2024-05-10 01:00:00+00:00,21558
2024-05-10 02:00:00+00:00,21480.25
2024-05-10 03:00:00+00:00,21977
2024-05-10 04:00:00+00:00,24341.5
2024-05-10 05:00:00+00:00,26709.75
2024-05-10 06:00:00+00:00,27713
2024-05-10 07:00:00+00:00,27797
2024-05-10 08:00:00+00:00,27442
2024-05-10 09:00:00+00:00,26947.75
2024-05-10 10:00:00+00:00,26897.25
2024-05-10 11:00:00+00:00,26925
2024-05-10 12:00:00+00:00,26278.25
2024-05-10 13:00:00+00:00,25519.5
2024-05-10 14:00:00+00:00,25306.5
2024-05-10 15:00:00+00:00,25588
2024-05-10 16:00:00+00:00,26198.75
2024-05-10 17:00:00+00:00,27056.25
2024-05-10 18:00:00+00:00,27774.75
2024-05-10 19:00:00+00:00,28838.75
2024-05-10 20:00:00+00:00,27325.5
2024-05-10 21:00:00+00:00,25309.75
2024-05-10 22:00:00+00:00,23991.5
2024-05-10 23:00:00+00:00,22597
2024-05-11 00:00:00+00:00,21450
2024-05-11 01:00:00+00:00,20853
2024-05-11 02:00:00+00:00,20526.5
2024-05-11 03:00:00+00:00,20307.5
2024-05-11 04:00:00+00:00,20707.5
2024-05-11 05:00:00+00:00,21060.25
2024-05-11 06:00:00+00:00,22093
2024-05-11 07:00:00+00:00,23315.5
2024-05-11 08:00:00+00:00,23805.5
2024-05-11 09:00:00+00:00,23471.75
2024-05-11 10:00:00+00:00,23305.5
2024-05-11 11:00:00+00:00,23391
2024-05-11 12:00:00+00:00,22889.5
2024-05-11 13:00:00+00:00,21954.25
2024-05-11 14:00:00+00:00,21622.5
2024-05-11 15:00:00+00:00,21975.75
2024-05-11 16:00:00+00:00,22831
2024-05-11 17:00:00+00:00,23514.25
2024-05-11 18:00:00+00:00,24581.75
2024-05-11 19:00:00+00:00,26004.75
2024-05-11 20:00:00+00:00,25157.5
2024-05-11 21:00:00+00:00,23394
2024-05-11 22:00:00+00:00,21933.75
2024-05-11 23:00:00+00:00,20623.5
2024-05-12 00:00:00+00:00,19588.75
2024-05-12 01:00:00+00:00,19030.75
2024-05-12 02:00:00+00:00,18735.75
2024-05-12 03:00:00+00:00,18642.75
2024-05-12 04:00:00+00:00,18861
2024-05-12 05:00:00+00:00,18834.75
2024-05-12 06:00:00+00:00,19398.5
2024-05-12 07:00:00+00:00,20425.25
2024-05-12 08:00:00+00:00,21104.5
2024-05-12 09:00:00+00:00,21172.5
2024-05-12 10:00:00+00:00,21152.75
2024-05-12 11:00:00+00:00,21425
2024-05-12 12:00:00+00:00,21094
2024-05-12 13:00:00+00:00,20035.25
2024-05-12 14:00:00+00:00,19745.25
2024-05-12 15:00:00+00:00,20584.5
2024-05-12 16:00:00+00:00,21612.75
2024-05-12 17:00:00+00:00,22825.75
2024-05-12 18:00:00+00:00,24265.5
2024-05-12 19:00:00+00:00,25930.5
2024-05-12 20:00:00+00:00,25276.5
2024-05-12 21:00:00+00:00,23347.5
2024-05-12 22:00:00+00:00,21851
2024-05-12 23:00:00+00:00,20644.5
2024-05-13 00:00:00+00:00,19885.75
2024-05-13 01:00:00+00:00,19609.25
2024-05-13 02:00:00+00:00,19651
2024-05-13 03:00:00+00:00,20327.5
2024-05-13 04:00:00+00:00,22987.5
2024-05-13 05:00:00+00:00,25798.75
2024-05-13 06:00:00+00:00,27212
2024-05-13 07:00:00+00:00,27410
2024-05-13 08:00:00+00:00,27099.5
2024-05-13 09:00:00+00:00,26606.75
2024-05-13 10:00:00+00:00,26347.75
2024-05-13 11:00:00+00:00,26401.75
2024-05-13 12:00:00+00:00,26023.25
2024-05-13 13:00:00+00:00,25343.25
2024-05-13 14:00:00+00:00,25101.25
2024-05-13 15:00:00+00:00,25925.5
2024-05-13 16:00:00+00:00,26485.75
2024-05-13 17:00:00+00:00,27367.25
2024-05-13 18:00:00+00:00,28403.75
2024-05-13 19:00:00+00:00,29616.75
2024-05-13 20:00:00+00:00,27625.25
2024-05-13 21:00:00+00:00,25066.75
2024-05-13 22:00:00+00:00,23425.25
2024-05-13 23:00:00+00:00,22387.25
2024-05-14 00:00:00+00:00,21585.5
2024-05-14 01:00:00+00:00,21220.5
2024-05-14 02:00:00+00:00,21234.5
2024-05-14 03:00:00+00:00,21746.75
2024-05-14 04:00:00+00:00,24033.5
2024-05-14 05:00:00+00:00,26449.75
2024-05-14 06:00:00+00:00,27740.75
2024-05-14 07:00:00+00:00,27644.25
2024-05-14 08:00:00+00:00,27185
2024-05-14 09:00:00+00:00,26598.75
2024-05-14 10:00:00+00:00,26432.75
2024-05-14 11:00:00+00:00,26610.5
2024-05-14 12:00:00+00:00,26114
2024-05-14 13:00:00+00:00,25585.25
2024-05-14 14:00:00+00:00,25581.25
2024-05-14 15:00:00+00:00,26278.75
2024-05-14 16:00:00+00:00,26761
2024-05-14 17:00:00+00:00,27799.75
2024-05-14 18:00:00+00:00,28941.75
2024-05-14 19:00:00+00:00,29905
2024-05-14 20:00:00+00:00,27884.75
2024-05-14 21:00:00+00:00,25435.5
2024-05-14 22:00:00+00:00,23970.5
2024-05-14 23:00:00+00:00,22783.5
2024-05-15 00:00:00+00:00,21904.25
2024-05-15 01:00:00+00:00,21492.75
2024-05-15 02:00:00+00:00,21361.5
2024-05-15 03:00:00+00:00,21761
2024-05-15 04:00:00+00:00,23678.5
2024-05-15 05:00:00+00:00,25812
2024-05-15 06:00:00+00:00,26919.5
2024-05-15 07:00:00+00:00,27101.5
2024-05-15 08:00:00+00:00,26674
2024-05-15 09:00:00+00:00,26192.75
2024-05-15 10:00:00+00:00,26042.5
2024-05-15 11:00:00+00:00,26144
2024-05-15 12:00:00+00:00,25469.25
2024-05-15 13:00:00+00:00,24621.75
2024-05-15 14:00:00+00:00,24397.75
2024-05-15 15:00:00+00:00,24955.75
2024-05-15 16:00:00+00:00,25556
2024-05-15 17:00:00+00:00,26780.75
2024-05-15 18:00:00+00:00,28054.25
2024-05-15 19:00:00+00:00,29012.5
2024-05-15 20:00:00+00:00,27358
2024-05-15 21:00:00+00:00,24988.25
2024-05-15 22:00:00+00:00,23795.25
2024-05-15 23:00:00+00:00,22555.25
2024-05-16 00:00:00+00:00,21678
2024-05-16 01:00:00+00:00,21352.25
2024-05-16 02:00:00+00:00,21147
2024-05-16 03:00:00+00:00,21753
2024-05-16 04:00:00+00:00,24026.75
2024-05-16 05:00:00+00:00,26452.5
2024-05-16 06:00:00+00:00,27803.75
2024-05-16 07:00:00+00:00,27887.75
2024-05-16 08:00:00+00:00,27476.25
2024-05-16 09:00:00+00:00,27003.75
2024-05-16 10:00:00+00:00,26909.25
2024-05-16 11:00:00+00:00,26921.25
2024-05-16 12:00:00+00:00,26350.75
2024-05-16 13:00:00+00:00,25738.25
2024-05-16 14:00:00+00:00,25508.5
2024-05-16 15:00:00+00:00,25991.75
2024-05-16 16:00:00+00:00,26442.25
2024-05-16 17:00:00+00:00,27429.75
2024-05-16 18:00:00+00:00,28592.25
2024-05-16 19:00:00+00:00,29544.75
2024-05-16 20:00:00+00:00,27804.75
2024-05-16 21:00:00+00:00,25292.25
2024-05-16 22:00:00+00:00,23891.5
2024-05-16 23:00:00+00:00,22642.75
2024-05-17 00:00:00+00:00,21771.5
2024-05-17 01:00:00+00:00,21448
2024-05-17 02:00:00+00:00,21293
2024-05-17 03:00:00+00:00,21722.75
2024-05-17 04:00:00+00:00,23870.5
2024-05-17 05:00:00+00:00,26011.25
2024-05-17 06:00:00+00:00,27167.75
2024-05-17 07:00:00+00:00,27288.25
2024-05-17 08:00:00+00:00,27001.25
2024-05-17 09:00:00+00:00,26847.25
2024-05-17 10:00:00+00:00,26717.75
2024-05-17 11:00:00+00:00,26557.5
2024-05-17 12:00:00+00:00,25916.75
2024-05-17 13:00:00+00:00,25070.75
2024-05-17 14:00:00+00:00,24872.25
2024-05-17 15:00:00+00:00,25153.25
2024-05-17 16:00:00+00:00,25603.75
2024-05-17 17:00:00+00:00,26357
2024-05-17 18:00:00+00:00,27250.75
2024-05-17 19:00:00+00:00,28299.25
2024-05-17 20:00:00+00:00,26827.25
2024-05-17 21:00:00+00:00,24709
2024-05-17 22:00:00+00:00,23613.25
2024-05-17 23:00:00+00:00,22313
2024-05-18 00:00:00+00:00,21289
2024-05-18 01:00:00+00:00,20748
2024-05-18 02:00:00+00:00,20360
2024-05-18 03:00:00+00:00,20186
2024-05-18 04:00:00+00:00,20535.5
2024-05-18 05:00:00+00:00,20967.75
2024-05-18 06:00:00+00:00,22116.25
2024-05-18 07:00:00+00:00,23363.75
2024-05-18 08:00:00+00:00,23936.75
2024-05-18 09:00:00+00:00,23700.75
2024-05-18 10:00:00+00:00,23449.5
2024-05-18 11:00:00+00:00,23573
2024-05-18 12:00:00+00:00,22975
2024-05-18 13:00:00+00:00,21809.25
2024-05-18 14:00:00+00:00,21243
2024-05-18 15:00:00+00:00,21561.5
2024-05-18 16:00:00+00:00,22333
2024-05-18 17:00:00+00:00,23236.75
2024-05-18 18:00:00+00:00,24155
2024-05-18 19:00:00+00:00,25702.25
2024-05-18 20:00:00+00:00,24951.25
2024-05-18 21:00:00+00:00,23037.75
2024-05-18 22:00:00+00:00,21828.5
2024-05-18 23:00:00+00:00,20528.5
2024-05-19 00:00:00+00:00,19576
2024-05-19 01:00:00+00:00,19013.25
2024-05-19 02:00:00+00:00,18699
2024-05-19 03:00:00+00:00,18641.75
2024-05-19 04:00:00+00:00,18839.5
2024-05-19 05:00:00+00:00,18812
2024-05-19 06:00:00+00:00,19380.75
2024-05-19 07:00:00+00:00,20444.25
2024-05-19 08:00:00+00:00,21191.25
2024-05-19 09:00:00+00:00,21387.5
2024-05-19 10:00:00+00:00,21396.75
2024-05-19 11:00:00+00:00,21673.5
2024-05-19 12:00:00+00:00,21439.25
2024-05-19 13:00:00+00:00,20245
2024-05-19 14:00:00+00:00,19935.5
2024-05-19 15:00:00+00:00,20316.75
2024-05-19 16:00:00+00:00,21313.5
2024-05-19 17:00:00+00:00,22466.25
2024-05-19 18:00:00+00:00,23854
2024-05-19 19:00:00+00:00,25619.5
2024-05-19 20:00:00+00:00,25230.5
2024-05-19 21:00:00+00:00,23286.75
2024-05-19 22:00:00+00:00,21734
2024-05-19 23:00:00+00:00,20506
2024-05-20 00:00:00+00:00,19731.75
2024-05-20 01:00:00+00:00,19448.5
2024-05-20 02:00:00+00:00,19419
2024-05-20 03:00:00+00:00,20096.25
2024-05-20 04:00:00+00:00,22415.25
2024-05-20 05:00:00+00:00,24732
2024-05-20 06:00:00+00:00,26210.25
2024-05-20 07:00:00+00:00,26543
2024-05-20 08:00:00+00:00,26420.75
2024-05-20 09:00:00+00:00,26135.75
2024-05-20 10:00:00+00:00,26216.5
2024-05-20 11:00:00+00:00,26309.5
2024-05-20 12:00:00+00:00,25863.5
2024-05-20 13:00:00+00:00,24923.75
2024-05-20 14:00:00+00:00,24618.75
2024-05-20 15:00:00+00:00,25402.5
2024-05-20 16:00:00+00:00,25670.5
2024-05-20 17:00:00+00:00,26482.75
2024-05-20 18:00:00+00:00,27756.75
2024-05-20 19:00:00+00:00,28914
2024-05-20 20:00:00+00:00,27393.5
2024-05-20 21:00:00+00:00,24784
2024-05-20 22:00:00+00:00,23446.25
2024-05-20 23:00:00+00:00,22202.75
2024-05-21 00:00:00+00:00,21371.75
2024-05-21 01:00:00+00:00,21098.75
2024-05-21 02:00:00+00:00,21009.25
2024-05-21 03:00:00+00:00,21622.5
2024-05-21 04:00:00+00:00,23924.25
2024-05-21 05:00:00+00:00,26594.75
2024-05-21 06:00:00+00:00,28045.25
2024-05-21 07:00:00+00:00,27975.25
2024-05-21 08:00:00+00:00,27529.75
2024-05-21 09:00:00+00:00,27009.75
2024-05-21 10:00:00+00:00,27123.5
2024-05-21 11:00:00+00:00,27194.25
2024-05-21 12:00:00+00:00,26672.25
2024-05-21 13:00:00+00:00,25919.5
2024-05-21 14:00:00+00:00,25722
2024-05-21 15:00:00+00:00,26326
2024-05-21 16:00:00+00:00,26801.25
2024-05-21 17:00:00+00:00,27721.75
2024-05-21 18:00:00+00:00,28740
2024-05-21 19:00:00+00:00,29787.25
2024-05-21 20:00:00+00:00,27984.5
2024-05-21 21:00:00+00:00,25353.75
2024-05-21 22:00:00+00:00,23737.5
2024-05-21 23:00:00+00:00,22456.25
2024-05-22 00:00:00+00:00,21586
2024-05-22 01:00:00+00:00,21249.75
2024-05-22 02:00:00+00:00,21168
2024-05-22 03:00:00+00:00,21704.75
2024-05-22 04:00:00+00:00,23873.75
2024-05-22 05:00:00+00:00,26438.25
2024-05-22 06:00:00+00:00,27723.25
2024-05-22 07:00:00+00:00,27750.25
2024-05-22 08:00:00+00:00,27316.5
2024-05-22 09:00:00+00:00,27010
2024-05-22 10:00:00+00:00,27130
2024-05-22 11:00:00+00:00,27250
2024-05-22 12:00:00+00:00,26715
2024-05-22 13:00:00+00:00,25914.5
2024-05-22 14:00:00+00:00,25638
2024-05-22 15:00:00+00:00,26016
2024-05-22 16:00:00+00:00,26418.75
2024-05-22 17:00:00+00:00,27258.25
2024-05-22 18:00:00+00:00,28290.5
2024-05-22 19:00:00+00:00,29239.25
2024-05-22 20:00:00+00:00,27627.5
2024-05-22 21:00:00+00:00,25102.5
2024-05-22 22:00:00+00:00,23542.25
2024-05-22 23:00:00+00:00,22312.5
2024-05-23 00:00:00+00:00,21505
2024-05-23 01:00:00+00:00,21199.75
2024-05-23 02:00:00+00:00,21152.75
2024-05-23 03:00:00+00:00,21650.5
2024-05-23 04:00:00+00:00,23825.5
2024-05-23 05:00:00+00:00,26276
2024-05-23 06:00:00+00:00,27487.75
2024-05-23 07:00:00+00:00,27390.25
2024-05-23 08:00:00+00:00,27034.75
2024-05-23 09:00:00+00:00,26762.25
2024-05-23 10:00:00+00:00,26847
2024-05-23 11:00:00+00:00,27076
2024-05-23 12:00:00+00:00,26809
2024-05-23 13:00:00+00:00,26104.25
2024-05-23 14:00:00+00:00,25878.75
2024-05-23 15:00:00+00:00,26085
2024-05-23 16:00:00+00:00,26328.5
2024-05-23 17:00:00+00:00,27262
2024-05-23 18:00:00+00:00,28447.75
2024-05-23 19:00:00+00:00,29035.5
2024-05-23 20:00:00+00:00,27494.25
2024-05-23 21:00:00+00:00,25081.5
2024-05-23 22:00:00+00:00,23939.5
2024-05-23 23:00:00+00:00,22830.25
2024-05-24 00:00:00+00:00,21884.25
2024-05-24 01:00:00+00:00,21570.25
2024-05-24 02:00:00+00:00,21507.5
2024-05-24 03:00:00+00:00,22055
2024-05-24 04:00:00+00:00,24115.25
2024-05-24 05:00:00+00:00,26480.5
2024-05-24 06:00:00+00:00,27638.5
2024-05-24 07:00:00+00:00,27757.5
2024-05-24 08:00:00+00:00,27469
2024-05-24 09:00:00+00:00,27092
2024-05-24 10:00:00+00:00,27049
2024-05-24 11:00:00+00:00,26995.75
2024-05-24 12:00:00+00:00,26558.25
2024-05-24 13:00:00+00:00,25651
2024-05-24 14:00:00+00:00,25472.5
2024-05-24 15:00:00+00:00,25875
2024-05-24 16:00:00+00:00,26352.75
2024-05-24 17:00:00+00:00,27084.5
2024-05-24 18:00:00+00:00,27733.75
2024-05-24 19:00:00+00:00,28471.25
2024-05-24 20:00:00+00:00,27243.5
2024-05-24 21:00:00+00:00,25046.25
2024-05-24 22:00:00+00:00,23864.75
2024-05-24 23:00:00+00:00,22535
2024-05-25 00:00:00+00:00,21457
2024-05-25 01:00:00+00:00,20941
2024-05-25 02:00:00+00:00,20632
2024-05-25 03:00:00+00:00,20494.25
2024-05-25 04:00:00+00:00,20697.75
2024-05-25 05:00:00+00:00,21098
2024-05-25 06:00:00+00:00,22307
2024-05-25 07:00:00+00:00,23521
2024-05-25 08:00:00+00:00,24057.5
2024-05-25 09:00:00+00:00,23932
2024-05-25 10:00:00+00:00,23768
2024-05-25 11:00:00+00:00,23636
2024-05-25 12:00:00+00:00,23362.25
2024-05-25 13:00:00+00:00,22316.5
2024-05-25 14:00:00+00:00,21845
2024-05-25 15:00:00+00:00,22290
2024-05-25 16:00:00+00:00,22965.75
2024-05-25 17:00:00+00:00,23794.25
2024-05-25 18:00:00+00:00,24640.25
2024-05-25 19:00:00+00:00,25929.75
2024-05-25 20:00:00+00:00,25376.25
2024-05-25 21:00:00+00:00,23535.75
2024-05-25 22:00:00+00:00,21881.75
2024-05-25 23:00:00+00:00,20599
2024-05-26 00:00:00+00:00,19670.5
2024-05-26 01:00:00+00:00,19147.25
2024-05-26 02:00:00+00:00,18821.75
2024-05-26 03:00:00+00:00,18767.75
2024-05-26 04:00:00+00:00,18871
2024-05-26 05:00:00+00:00,18926
2024-05-26 06:00:00+00:00,19372.75
2024-05-26 07:00:00+00:00,20303.5
2024-05-26 08:00:00+00:00,21192
2024-05-26 09:00:00+00:00,21452.5
2024-05-26 10:00:00+00:00,21767.25
2024-05-26 11:00:00+00:00,22030.75
2024-05-26 12:00:00+00:00,21932.25
2024-05-26 13:00:00+00:00,20835.5
2024-05-26 14:00:00+00:00,20418
2024-05-26 15:00:00+00:00,21203.25
2024-05-26 16:00:00+00:00,22163.5
2024-05-26 17:00:00+00:00,23186.75
2024-05-26 18:00:00+00:00,24392
2024-05-26 19:00:00+00:00,25896.75
2024-05-26 20:00:00+00:00,25646.5
2024-05-26 21:00:00+00:00,23573.25
2024-05-26 22:00:00+00:00,22211.25
2024-05-26 23:00:00+00:00,20893.75
2024-05-27 00:00:00+00:00,20126
2024-05-27 01:00:00+00:00,19842.5
2024-05-27 02:00:00+00:00,19798.25
2024-05-27 03:00:00+00:00,20535.5
2024-05-27 04:00:00+00:00,23003
2024-05-27 05:00:00+00:00,25779.5
2024-05-27 06:00:00+00:00,27432.25
2024-05-27 07:00:00+00:00,27667.5
2024-05-27 08:00:00+00:00,27274.5
2024-05-27 09:00:00+00:00,26871.25
2024-05-27 10:00:00+00:00,26929.25
2024-05-27 11:00:00+00:00,26926.5
2024-05-27 12:00:00+00:00,26712.5
2024-05-27 13:00:00+00:00,25889
2024-05-27 14:00:00+00:00,25757.5
2024-05-27 15:00:00+00:00,26321
2024-05-27 16:00:00+00:00,27166.5
2024-05-27 17:00:00+00:00,28067.75
2024-05-27 18:00:00+00:00,28990.25
2024-05-27 19:00:00+00:00,29689
2024-05-27 20:00:00+00:00,28215.75
2024-05-27 21:00:00+00:00,25646.5
2024-05-27 22:00:00+00:00,23916.5
2024-05-27 23:00:00+00:00,23093
2024-05-28 00:00:00+00:00,22320.25
2024-05-28 01:00:00+00:00,21623.75
2024-05-28 02:00:00+00:00,21463.75
2024-05-28 03:00:00+00:00,21780
2024-05-28 04:00:00+00:00,23186.25
2024-05-28 05:00:00+00:00,25618.75
2024-05-28 06:00:00+00:00,27350.75
2024-05-28 07:00:00+00:00,27797.75
2024-05-28 08:00:00+00:00,27662.75
2024-05-28 09:00:00+00:00,27354
2024-05-28 10:00:00+00:00,27112.75
2024-05-28 11:00:00+00:00,27187.5
2024-05-28 12:00:00+00:00,27142.75
2024-05-28 13:00:00+00:00,26517.5
2024-05-28 14:00:00+00:00,26165
2024-05-28 15:00:00+00:00,26422.5
2024-05-28 16:00:00+00:00,26957.5
2024-05-28 17:00:00+00:00,27625.75
2024-05-28 18:00:00+00:00,28742.25
2024-05-28 19:00:00+00:00,29350.25
2024-05-28 20:00:00+00:00,28937.75
2024-05-28 21:00:00+00:00,26543.25
2024-05-28 22:00:00+00:00,24529.25
2024-05-28 23:00:00+00:00,23334.25
2024-05-29 00:00:00+00:00,22478
2024-05-29 01:00:00+00:00,22074.5
2024-05-29 02:00:00+00:00,21872.75
2024-05-29 03:00:00+00:00,22439
2024-05-29 04:00:00+00:00,24530
2024-05-29 05:00:00+00:00,26759.75
2024-05-29 06:00:00+00:00,28055.75
2024-05-29 07:00:00+00:00,28271.25
2024-05-29 08:00:00+00:00,28058
2024-05-29 09:00:00+00:00,27864.25
2024-05-29 10:00:00+00:00,27927.25
2024-05-29 11:00:00+00:00,28351.75
2024-05-29 12:00:00+00:00,27901.75
2024-05-29 13:00:00+00:00,27270.25
2024-05-29 14:00:00+00:00,27284
2024-05-29 15:00:00+00:00,27826
2024-05-29 16:00:00+00:00,28240.5
2024-05-29 17:00:00+00:00,29252.5
2024-05-29 18:00:00+00:00,30070.5
2024-05-29 19:00:00+00:00,30354.25
2024-05-29 20:00:00+00:00,28782.5
2024-05-29 21:00:00+00:00,26209
2024-05-29 22:00:00+00:00,25090.25
2024-05-29 23:00:00+00:00,23759.5
2024-05-30 00:00:00+00:00,22861.25
2024-05-30 01:00:00+00:00,22449.5
2024-05-30 02:00:00+00:00,22299
2024-05-30 03:00:00+00:00,22797.25
2024-05-30 04:00:00+00:00,24614.25
2024-05-30 05:00:00+00:00,26625
2024-05-30 06:00:00+00:00,27779.5
2024-05-30 07:00:00+00:00,27884.75
2024-05-30 08:00:00+00:00,27794
2024-05-30 09:00:00+00:00,27670.25
2024-05-30 10:00:00+00:00,27971.25
2024-05-30 11:00:00+00:00,28210.75
2024-05-30 12:00:00+00:00,28044.75
2024-05-30 13:00:00+00:00,27550
2024-05-30 14:00:00+00:00,27617
2024-05-30 15:00:00+00:00,28178
2024-05-30 16:00:00+00:00,28616
2024-05-30 17:00:00+00:00,29365.5
2024-05-30 18:00:00+00:00,30131
2024-05-30 19:00:00+00:00,30629
2024-05-30 20:00:00+00:00,29253
2024-05-30 21:00:00+00:00,26643
2024-05-30 22:00:00+00:00,25307.75
2024-05-30 23:00:00+00:00,24073.25
2024-05-31 00:00:00+00:00,23098.25
2024-05-31 01:00:00+00:00,22612.25
2024-05-31 02:00:00+00:00,22355.5
2024-05-31 03:00:00+00:00,22753
2024-05-31 04:00:00+00:00,24455.25
2024-05-31 05:00:00+00:00,26342.75
2024-05-31 06:00:00+00:00,27550
2024-05-31 07:00:00+00:00,27865.25
2024-05-31 08:00:00+00:00,27902.5
2024-05-31 09:00:00+00:00,27808
2024-05-31 10:00:00+00:00,27887
2024-05-31 11:00:00+00:00,27818.25
2024-05-31 12:00:00+00:00,27491
2024-05-31 13:00:00+00:00,26554.25
2024-05-31 14:00:00+00:00,26408.75
2024-05-31 15:00:00+00:00,27038.25
2024-05-31 16:00:00+00:00,27731
2024-05-31 17:00:00+00:00,28233.75
2024-05-31 18:00:00+00:00,28780.5
2024-05-31 19:00:00+00:00,29293
2024-05-31 20:00:00+00:00,28427.25
2024-05-31 21:00:00+00:00,26237
2024-05-31 22:00:00+00:00,24751
2024-05-31 23:00:00+00:00,23489
2024-06-01 00:00:00+00:00,22580.75
2024-06-01 01:00:00+00:00,21797.5
2024-06-01 02:00:00+00:00,21383.75
2024-06-01 03:00:00+00:00,21184.75
2024-06-01 04:00:00+00:00,21410.25
2024-06-01 05:00:00+00:00,21821.25
2024-06-01 06:00:00+00:00,22897
2024-06-01 07:00:00+00:00,23852.5
2024-06-01 08:00:00+00:00,24309
2024-06-01 09:00:00+00:00,24154.5
2024-06-01 10:00:00+00:00,23925.25
2024-06-01 11:00:00+00:00,24257.75
2024-06-01 12:00:00+00:00,23598.5
2024-06-01 13:00:00+00:00,22630.75
2024-06-01 14:00:00+00:00,22126.75
2024-06-01 15:00:00+00:00,22695.25
2024-06-01 16:00:00+00:00,23566.5
2024-06-01 17:00:00+00:00,24475
2024-06-01 18:00:00+00:00,25258.25
2024-06-01 19:00:00+00:00,26165.25
2024-06-01 20:00:00+00:00,25591.5
2024-06-01 21:00:00+00:00,23931.5
2024-06-01 22:00:00+00:00,22439
2024-06-01 23:00:00+00:00,21126
2024-06-02 00:00:00+00:00,20241.25
2024-06-02 01:00:00+00:00,19630.5
2024-06-02 02:00:00+00:00,19196.25
2024-06-02 03:00:00+00:00,19126.25
2024-06-02 04:00:00+00:00,19188
2024-06-02 05:00:00+00:00,19103.25
2024-06-02 06:00:00+00:00,19592.5
2024-06-02 07:00:00+00:00,20497.5
2024-06-02 08:00:00+00:00,21180
2024-06-02 09:00:00+00:00,21320
2024-06-02 10:00:00+00:00,21438
2024-06-02 11:00:00+00:00,21955.75
2024-06-02 12:00:00+00:00,21708
2024-06-02 13:00:00+00:00,20577.5
2024-06-02 14:00:00+00:00,20191.25
2024-06-02 15:00:00+00:00,21014.25
2024-06-02 16:00:00+00:00,22183
2024-06-02 17:00:00+00:00,23645
2024-06-02 18:00:00+00:00,24891
2024-06-02 19:00:00+00:00,26059
2024-06-02 20:00:00+00:00,25823.5
2024-06-02 21:00:00+00:00,23924.25
2024-06-02 22:00:00+00:00,22796.75
2024-06-02 23:00:00+00:00,21567.75
2024-06-03 00:00:00+00:00,20790.25
2024-06-03 01:00:00+00:00,20468.25
2024-06-03 02:00:00+00:00,20404.25
2024-06-03 03:00:00+00:00,21086.25
2024-06-03 04:00:00+00:00,23631.25
2024-06-03 05:00:00+00:00,26429
2024-06-03 06:00:00+00:00,27975
2024-06-03 07:00:00+00:00,28012.25
2024-06-03 08:00:00+00:00,27841.25
2024-06-03 09:00:00+00:00,27476.25
2024-06-03 10:00:00+00:00,27758
2024-06-03 11:00:00+00:00,27815.5
2024-06-03 12:00:00+00:00,27350
2024-06-03 13:00:00+00:00,26760.75
2024-06-03 14:00:00+00:00,26648.75
2024-06-03 15:00:00+00:00,27314.25
2024-06-03 16:00:00+00:00,28077.5
2024-06-03 17:00:00+00:00,29034
2024-06-03 18:00:00+00:00,30015
2024-06-03 19:00:00+00:00,30356.25
2024-06-03 20:00:00+00:00,28841.5
2024-06-03 21:00:00+00:00,26129.5
2024-06-03 22:00:00+00:00,24585.75
2024-06-03 23:00:00+00:00,23358.75
2024-06-04 00:00:00+00:00,22404.75
2024-06-04 01:00:00+00:00,22044.5
2024-06-04 02:00:00+00:00,21924
2024-06-04 03:00:00+00:00,22407.25
2024-06-04 04:00:00+00:00,24445.75
2024-06-04 05:00:00+00:00,26674.25
2024-06-04 06:00:00+00:00,27940
2024-06-04 07:00:00+00:00,27980
2024-06-04 08:00:00+00:00,27825.25
2024-06-04 09:00:00+00:00,27648.5
2024-06-04 10:00:00+00:00,27866.75
2024-06-04 11:00:00+00:00,28193.25
2024-06-04 12:00:00+00:00,27900.75
2024-06-04 13:00:00+00:00,27186.75
2024-06-04 14:00:00+00:00,27077.25
2024-06-04 15:00:00+00:00,27697
2024-06-04 16:00:00+00:00,28312.25
2024-06-04 17:00:00+00:00,29283.25
2024-06-04 18:00:00+00:00,30116
2024-06-04 19:00:00+00:00,30317
2024-06-04 20:00:00+00:00,28887.5
2024-06-04 21:00:00+00:00,26476.25
2024-06-04 22:00:00+00:00,24846
2024-06-04 23:00:00+00:00,23635.25
2024-06-05 00:00:00+00:00,22713.5
2024-06-05 01:00:00+00:00,22238.75
2024-06-05 02:00:00+00:00,22097
2024-06-05 03:00:00+00:00,22517.5
2024-06-05 04:00:00+00:00,24416.75
2024-06-05 05:00:00+00:00,26756.5
2024-06-05 06:00:00+00:00,28115.25
2024-06-05 07:00:00+00:00,28116.75
2024-06-05 08:00:00+00:00,28068
2024-06-05 09:00:00+00:00,27967.5
2024-06-05 10:00:00+00:00,28325
2024-06-05 11:00:00+00:00,28740.75
2024-06-05 12:00:00+00:00,28460
2024-06-05 13:00:00+00:00,27904.75
2024-06-05 14:00:00+00:00,27933.5
2024-06-05 15:00:00+00:00,28501
2024-06-05 16:00:00+00:00,28905.75
2024-06-05 17:00:00+00:00,29795.75
2024-06-05 18:00:00+00:00,30494.75
2024-06-05 19:00:00+00:00,30466
2024-06-05 20:00:00+00:00,29050.75
2024-06-05 21:00:00+00:00,26622
2024-06-05 22:00:00+00:00,25229.5
2024-06-05 23:00:00+00:00,24011.25
2024-06-06 00:00:00+00:00,23116.75
2024-06-06 01:00:00+00:00,22644
2024-06-06 02:00:00+00:00,22487.75
2024-06-06 03:00:00+00:00,22921.5
2024-06-06 04:00:00+00:00,24863
2024-06-06 05:00:00+00:00,27138
2024-06-06 06:00:00+00:00,28495.75
2024-06-06 07:00:00+00:00,28629.75
2024-06-06 08:00:00+00:00,28731.5
2024-06-06 09:00:00+00:00,28790.75
2024-06-06 10:00:00+00:00,29184.5
2024-06-06 11:00:00+00:00,29563.5
2024-06-06 12:00:00+00:00,29386.75
2024-06-06 13:00:00+00:00,28946
2024-06-06 14:00:00+00:00,29032.75
2024-06-06 15:00:00+00:00,29698.5
2024-06-06 16:00:00+00:00,30038
2024-06-06 17:00:00+00:00,30734.75
2024-06-06 18:00:00+00:00,31196
2024-06-06 19:00:00+00:00,31234
2024-06-06 20:00:00+00:00,29809.25
2024-06-06 21:00:00+00:00,27318.25
2024-06-06 22:00:00+00:00,26006.75
2024-06-06 23:00:00+00:00,24684.5
2024-06-07 00:00:00+00:00,23608.75
2024-06-07 01:00:00+00:00,23099.25
2024-06-07 02:00:00+00:00,22894.25
2024-06-07 03:00:00+00:00,23279.25
2024-06-07 04:00:00+00:00,25095.5
2024-06-07 05:00:00+00:00,27391.75
2024-06-07 06:00:00+00:00,28722.25
2024-06-07 07:00:00+00:00,29123.25
2024-06-07 08:00:00+00:00,29354.75
2024-06-07 09:00:00+00:00,29356.25
2024-06-07 10:00:00+00:00,29730.25
2024-06-07 11:00:00+00:00,30032.75
2024-06-07 12:00:00+00:00,29576.5
2024-06-07 13:00:00+00:00,28889.5
2024-06-07 14:00:00+00:00,28733.25
2024-06-07 15:00:00+00:00,29237
2024-06-07 16:00:00+00:00,29561.25
2024-06-07 17:00:00+00:00,30095.75
2024-06-07 18:00:00+00:00,30351.5
2024-06-07 19:00:00+00:00,30212.5
2024-06-07 20:00:00+00:00,29083
2024-06-07 21:00:00+00:00,27044.75
2024-06-07 22:00:00+00:00,25128.25
2024-06-07 23:00:00+00:00,23790.25
2024-06-08 00:00:00+00:00,22686.5
2024-06-08 01:00:00+00:00,22047.5
2024-06-08 02:00:00+00:00,21586.75
2024-06-08 03:00:00+00:00,21302.75
2024-06-08 04:00:00+00:00,21538.25
2024-06-08 05:00:00+00:00,22015.5
2024-06-08 06:00:00+00:00,23133.25
2024-06-08 07:00:00+00:00,24328.25
2024-06-08 08:00:00+00:00,25163.5
2024-06-08 09:00:00+00:00,25151.25
2024-06-08 10:00:00+00:00,25108
2024-06-08 11:00:00+00:00,25491
2024-06-08 12:00:00+00:00,25029.75
2024-06-08 13:00:00+00:00,24074
2024-06-08 14:00:00+00:00,23506.25
2024-06-08 15:00:00+00:00,23946.5
2024-06-08 16:00:00+00:00,24626.25
2024-06-08 17:00:00+00:00,25571.25
2024-06-08 18:00:00+00:00,26022.5
2024-06-08 19:00:00+00:00,26698.25
2024-06-08 20:00:00+00:00,26160.5
2024-06-08 21:00:00+00:00,24433.75
2024-06-08 22:00:00+00:00,22614
2024-06-08 23:00:00+00:00,21499.25
2024-06-09 00:00:00+00:00,20502.75
2024-06-09 01:00:00+00:00,19844.25
2024-06-09 02:00:00+00:00,19509.5
2024-06-09 03:00:00+00:00,19382
2024-06-09 04:00:00+00:00,19422.75
2024-06-09 05:00:00+00:00,19395.5
2024-06-09 06:00:00+00:00,19886.75
2024-06-09 07:00:00+00:00,20877
2024-06-09 08:00:00+00:00,21799.25
2024-06-09 09:00:00+00:00,22052.75
2024-06-09 10:00:00+00:00,22280.25
2024-06-09 11:00:00+00:00,22940.25
2024-06-09 12:00:00+00:00,22708
2024-06-09 13:00:00+00:00,21614.25
2024-06-09 14:00:00+00:00,21070.75
2024-06-09 15:00:00+00:00,21466.5
2024-06-09 16:00:00+00:00,22387.5
2024-06-09 17:00:00+00:00,23529.25
2024-06-09 18:00:00+00:00,24653.5
2024-06-09 19:00:00+00:00,25906
2024-06-09 20:00:00+00:00,25785.5
2024-06-09 21:00:00+00:00,23911.75
2024-06-09 22:00:00+00:00,22547.5
2024-06-09 23:00:00+00:00,21296
2024-06-10 00:00:00+00:00,20568.5
2024-06-10 01:00:00+00:00,20328.75
2024-06-10 02:00:00+00:00,20266
2024-06-10 03:00:00+00:00,20937.75
2024-06-10 04:00:00+00:00,23328.25
2024-06-10 05:00:00+00:00,25864.75
2024-06-10 06:00:00+00:00,27512.5
2024-06-10 07:00:00+00:00,27926.75
2024-06-10 08:00:00+00:00,28023.75
2024-06-10 09:00:00+00:00,27778.25
2024-06-10 10:00:00+00:00,27856.5
2024-06-10 11:00:00+00:00,28142.5
2024-06-10 12:00:00+00:00,27652.5
2024-06-10 13:00:00+00:00,26817
2024-06-10 14:00:00+00:00,26570.25
2024-06-10 15:00:00+00:00,26997.25
2024-06-10 16:00:00+00:00,27447.25
2024-06-10 17:00:00+00:00,28064
2024-06-10 18:00:00+00:00,28889
2024-06-10 19:00:00+00:00,29379.5
2024-06-10 20:00:00+00:00,28219.75
2024-06-10 21:00:00+00:00,25609.5
2024-06-10 22:00:00+00:00,24079.75
2024-06-10 23:00:00+00:00,22871.75
2024-06-11 00:00:00+00:00,22000.5
2024-06-11 01:00:00+00:00,21678.25
2024-06-11 02:00:00+00:00,21545.5
2024-06-11 03:00:00+00:00,22009
2024-06-11 04:00:00+00:00,23969.25
2024-06-11 05:00:00+00:00,26188.5
2024-06-11 06:00:00+00:00,27579.5
2024-06-11 07:00:00+00:00,27748.75
2024-06-11 08:00:00+00:00,27716.5
2024-06-11 09:00:00+00:00,27521.5
2024-06-11 10:00:00+00:00,27619.5
2024-06-11 11:00:00+00:00,27831.25
2024-06-11 12:00:00+00:00,27350
2024-06-11 13:00:00+00:00,26447.25
2024-06-11 14:00:00+00:00,26288
2024-06-11 15:00:00+00:00,26774.25
2024-06-11 16:00:00+00:00,27139.25
2024-06-11 17:00:00+00:00,27906
2024-06-11 18:00:00+00:00,28720.75
2024-06-11 19:00:00+00:00,29116.75
2024-06-11 20:00:00+00:00,27841.25
2024-06-11 21:00:00+00:00,25420
2024-06-11 22:00:00+00:00,24023.5
2024-06-11 23:00:00+00:00,22741.75
2024-06-12 00:00:00+00:00,21984.5
2024-06-12 01:00:00+00:00,21596
2024-06-12 02:00:00+00:00,21554.5
2024-06-12 03:00:00+00:00,22050
2024-06-12 04:00:00+00:00,23981.5
2024-06-12 05:00:00+00:00,26411.75
2024-06-12 06:00:00+00:00,27847
2024-06-12 07:00:00+00:00,28095
2024-06-12 08:00:00+00:00,27967.5
2024-06-12 09:00:00+00:00,27866
2024-06-12 10:00:00+00:00,28000.75
2024-06-12 11:00:00+00:00,28157.25
2024-06-12 12:00:00+00:00,27504.5
2024-06-12 13:00:00+00:00,26515.5
2024-06-12 14:00:00+00:00,26329.25
2024-06-12 15:00:00+00:00,26789.75
2024-06-12 16:00:00+00:00,27240
2024-06-12 17:00:00+00:00,27926.5
2024-06-12 18:00:00+00:00,28668.25
2024-06-12 19:00:00+00:00,28934.25
2024-06-12 20:00:00+00:00,27760.5
2024-06-12 21:00:00+00:00,25466
2024-06-12 22:00:00+00:00,23914.5
2024-06-12 23:00:00+00:00,22650.25
2024-06-13 00:00:00+00:00,21862.25
2024-06-13 01:00:00+00:00,21538.25
2024-06-13 02:00:00+00:00,21463.25
2024-06-13 03:00:00+00:00,21929.25
2024-06-13 04:00:00+00:00,23792
2024-06-13 05:00:00+00:00,26090.75
2024-06-13 06:00:00+00:00,27329
2024-06-13 07:00:00+00:00,27551
2024-06-13 08:00:00+00:00,27494.25
2024-06-13 09:00:00+00:00,27407
2024-06-13 10:00:00+00:00,27593.25
2024-06-13 11:00:00+00:00,27930
2024-06-13 12:00:00+00:00,27621.25
2024-06-13 13:00:00+00:00,26915.25
2024-06-13 14:00:00+00:00,26693.25
2024-06-13 15:00:00+00:00,26929.25
2024-06-13 16:00:00+00:00,27380.75
2024-06-13 17:00:00+00:00,27872.75
2024-06-13 18:00:00+00:00,28790.75
2024-06-13 19:00:00+00:00,29095.5
2024-06-13 20:00:00+00:00,27938.5
2024-06-13 21:00:00+00:00,25547.5
2024-06-13 22:00:00+00:00,24078.5
2024-06-13 23:00:00+00:00,22830.25
2024-06-14 00:00:00+00:00,21935
2024-06-14 01:00:00+00:00,21578.75
2024-06-14 02:00:00+00:00,21496
2024-06-14 03:00:00+00:00,21891.75
2024-06-14 04:00:00+00:00,23691
2024-06-14 05:00:00+00:00,26024.75
2024-06-14 06:00:00+00:00,27388.25
2024-06-14 07:00:00+00:00,27545.25
2024-06-14 08:00:00+00:00,27470.25
2024-06-14 09:00:00+00:00,27488.75
2024-06-14 10:00:00+00:00,27528
2024-06-14 11:00:00+00:00,27648
2024-06-14 12:00:00+00:00,27279.75
2024-06-14 13:00:00+00:00,26471.5
2024-06-14 14:00:00+00:00,26268.75
2024-06-14 15:00:00+00:00,26882.75
2024-06-14 16:00:00+00:00,27375.25
2024-06-14 17:00:00+00:00,27955
2024-06-14 18:00:00+00:00,28408
2024-06-14 19:00:00+00:00,28543
2024-06-14 20:00:00+00:00,27642.5
2024-06-14 21:00:00+00:00,25565
2024-06-14 22:00:00+00:00,24357.75
2024-06-14 23:00:00+00:00,22936.5
2024-06-15 00:00:00+00:00,21859
2024-06-15 01:00:00+00:00,21202.75
2024-06-15 02:00:00+00:00,20835
2024-06-15 03:00:00+00:00,20471.25
2024-06-15 04:00:00+00:00,20775.5
2024-06-15 05:00:00+00:00,21243.25
2024-06-15 06:00:00+00:00,22415.5
2024-06-15 07:00:00+00:00,23679.75
2024-06-15 08:00:00+00:00,24378.5
2024-06-15 09:00:00+00:00,24481
2024-06-15 10:00:00+00:00,24692.5
2024-06-15 11:00:00+00:00,24730.75
2024-06-15 12:00:00+00:00,24249.75
2024-06-15 13:00:00+00:00,23149.25
2024-06-15 14:00:00+00:00,22579.5
2024-06-15 15:00:00+00:00,22909.25
2024-06-15 16:00:00+00:00,23724.75
2024-06-15 17:00:00+00:00,24499
2024-06-15 18:00:00+00:00,25183.25
2024-06-15 19:00:00+00:00,25844
2024-06-15 20:00:00+00:00,25389.25
2024-06-15 21:00:00+00:00,23640.5
2024-06-15 22:00:00+00:00,22575.75
2024-06-15 23:00:00+00:00,21242.75
2024-06-16 00:00:00+00:00,20258
2024-06-16 01:00:00+00:00,19590.25
2024-06-16 02:00:00+00:00,19195.75
2024-06-16 03:00:00+00:00,19068.25
2024-06-16 04:00:00+00:00,19082.75
2024-06-16 05:00:00+00:00,19020.25
2024-06-16 06:00:00+00:00,19648.75
2024-06-16 07:00:00+00:00,20609.5
2024-06-16 08:00:00+00:00,21322.75
2024-06-16 09:00:00+00:00,21549
2024-06-16 10:00:00+00:00,21834.25
2024-06-16 11:00:00+00:00,22378.25
2024-06-16 12:00:00+00:00,22239
2024-06-16 13:00:00+00:00,21099.25
2024-06-16 14:00:00+00:00,20706.5
2024-06-16 15:00:00+00:00,21375.75
2024-06-16 16:00:00+00:00,22593.25
2024-06-16 17:00:00+00:00,23642.25
2024-06-16 18:00:00+00:00,24824
2024-06-16 19:00:00+00:00,25922.25
2024-06-16 20:00:00+00:00,26132.75
2024-06-16 21:00:00+00:00,24301.75
2024-06-16 22:00:00+00:00,22688.25
2024-06-16 23:00:00+00:00,21333.5
2024-06-17 00:00:00+00:00,20618.75
2024-06-17 01:00:00+00:00,20294.75
2024-06-17 02:00:00+00:00,20247
2024-06-17 03:00:00+00:00,20891.25
2024-06-17 04:00:00+00:00,23421.5
2024-06-17 05:00:00+00:00,26094.75
2024-06-17 06:00:00+00:00,27403.75
2024-06-17 07:00:00+00:00,27317
2024-06-17 08:00:00+00:00,27116.5
2024-06-17 09:00:00+00:00,27560
2024-06-17 10:00:00+00:00,27861
2024-06-17 11:00:00+00:00,28179.75
2024-06-17 12:00:00+00:00,27866
2024-06-17 13:00:00+00:00,27234
2024-06-17 14:00:00+00:00,27222
2024-06-17 15:00:00+00:00,27959.5
2024-06-17 16:00:00+00:00,28427
2024-06-17 17:00:00+00:00,29220
2024-06-17 18:00:00+00:00,30007.25
2024-06-17 19:00:00+00:00,30282.75
2024-06-17 20:00:00+00:00,29006
2024-06-17 21:00:00+00:00,26626.25
2024-06-17 22:00:00+00:00,24863.75
2024-06-17 23:00:00+00:00,23465.75
2024-06-18 00:00:00+00:00,22623
2024-06-18 01:00:00+00:00,22231
2024-06-18 02:00:00+00:00,22152.5
2024-06-18 03:00:00+00:00,22540
2024-06-18 04:00:00+00:00,24579.75
2024-06-18 05:00:00+00:00,27048.25
2024-06-18 06:00:00+00:00,28203
2024-06-18 07:00:00+00:00,28368.25
2024-06-18 08:00:00+00:00,28257
2024-06-18 09:00:00+00:00,28457.25
2024-06-18 10:00:00+00:00,28617
2024-06-18 11:00:00+00:00,28751.75
2024-06-18 12:00:00+00:00,28360.5
2024-06-18 13:00:00+00:00,27644.75
2024-06-18 14:00:00+00:00,27537.75
2024-06-18 15:00:00+00:00,28194.75
2024-06-18 16:00:00+00:00,28568.25
2024-06-18 17:00:00+00:00,29462.5
2024-06-18 18:00:00+00:00,30293.75
2024-06-18 19:00:00+00:00,30344.5
2024-06-18 20:00:00+00:00,28978
2024-06-18 21:00:00+00:00,26234.25
2024-06-18 22:00:00+00:00,25000
2024-06-18 23:00:00+00:00,23995.5
2024-06-19 00:00:00+00:00,22954.75
2024-06-19 01:00:00+00:00,22437.25
2024-06-19 02:00:00+00:00,22305.75
2024-06-19 03:00:00+00:00,22691.25
2024-06-19 04:00:00+00:00,24509.5
2024-06-19 05:00:00+00:00,26836.25
2024-06-19 06:00:00+00:00,28086.25
2024-06-19 07:00:00+00:00,28565.5
2024-06-19 08:00:00+00:00,28466.5
2024-06-19 09:00:00+00:00,28370
2024-06-19 10:00:00+00:00,28458.5
2024-06-19 11:00:00+00:00,28690
2024-06-19 12:00:00+00:00,28068.5
2024-06-19 13:00:00+00:00,27299.75
2024-06-19 14:00:00+00:00,27131.25
2024-06-19 15:00:00+00:00,27619.75
2024-06-19 16:00:00+00:00,28015.75
2024-06-19 17:00:00+00:00,28719.5
2024-06-19 18:00:00+00:00,29431.75
2024-06-19 19:00:00+00:00,29671
2024-06-19 20:00:00+00:00,28526.5
2024-06-19 21:00:00+00:00,26142.5
2024-06-19 22:00:00+00:00,24619.5
2024-06-19 23:00:00+00:00,23455
2024-06-20 00:00:00+00:00,22465.75
2024-06-20 01:00:00+00:00,22044.25
2024-06-20 02:00:00+00:00,21942.25
2024-06-20 03:00:00+00:00,22342
2024-06-20 04:00:00+00:00,24191.25
2024-06-20 05:00:00+00:00,26428
2024-06-20 06:00:00+00:00,27617.5
2024-06-20 07:00:00+00:00,27781.25
2024-06-20 08:00:00+00:00,27518.75
2024-06-20 09:00:00+00:00,27487.75
2024-06-20 10:00:00+00:00,27570
2024-06-20 11:00:00+00:00,27888
2024-06-20 12:00:00+00:00,27478.25
2024-06-20 13:00:00+00:00,26757.25
2024-06-20 14:00:00+00:00,26643.75
2024-06-20 15:00:00+00:00,27228.5
2024-06-20 16:00:00+00:00,27515.5
2024-06-20 17:00:00+00:00,28258.25
2024-06-20 18:00:00+00:00,29181.75
2024-06-20 19:00:00+00:00,29389.25
2024-06-20 20:00:00+00:00,28220.75
2024-06-20 21:00:00+00:00,25956.5
2024-06-20 22:00:00+00:00,24359.75
2024-06-20 23:00:00+00:00,23281.75
2024-06-21 00:00:00+00:00,22277
2024-06-21 01:00:00+00:00,21848
2024-06-21 02:00:00+00:00,21716
2024-06-21 03:00:00+00:00,22141
2024-06-21 04:00:00+00:00,23971.25
2024-06-21 05:00:00+00:00,26187.5
2024-06-21 06:00:00+00:00,27479.75
2024-06-21 07:00:00+00:00,27856.75
2024-06-21 08:00:00+00:00,27899.5
2024-06-21 09:00:00+00:00,27828.75
2024-06-21 10:00:00+00:00,28207.25
2024-06-21 11:00:00+00:00,28356
2024-06-21 12:00:00+00:00,27499.75
2024-06-21 13:00:00+00:00,26509.75
2024-06-21 14:00:00+00:00,26300.25
2024-06-21 15:00:00+00:00,26637
2024-06-21 16:00:00+00:00,27000
2024-06-21 17:00:00+00:00,27533.75
2024-06-21 18:00:00+00:00,28140
2024-06-21 19:00:00+00:00,28292
2024-06-21 20:00:00+00:00,27463
2024-06-21 21:00:00+00:00,25494
2024-06-21 22:00:00+00:00,24080.25
2024-06-21 23:00:00+00:00,22637.75
2024-06-22 00:00:00+00:00,21782
2024-06-22 01:00:00+00:00,21194.5
2024-06-22 02:00:00+00:00,20772
2024-06-22 03:00:00+00:00,20580.5
2024-06-22 04:00:00+00:00,20787.5
2024-06-22 05:00:00+00:00,21257
2024-06-22 06:00:00+00:00,22307.25
2024-06-22 07:00:00+00:00,23502.75
2024-06-22 08:00:00+00:00,24211
2024-06-22 09:00:00+00:00,24353.75
2024-06-22 10:00:00+00:00,24258.5
2024-06-22 11:00:00+00:00,24530.75
2024-06-22 12:00:00+00:00,24199
2024-06-22 13:00:00+00:00,23249.75
2024-06-22 14:00:00+00:00,22769.75
2024-06-22 15:00:00+00:00,23150.75
2024-06-22 16:00:00+00:00,23976
2024-06-22 17:00:00+00:00,24917.25
2024-06-22 18:00:00+00:00,25610.25
2024-06-22 19:00:00+00:00,26197
2024-06-22 20:00:00+00:00,25923
2024-06-22 21:00:00+00:00,24375.25
2024-06-22 22:00:00+00:00,22537.25
2024-06-22 23:00:00+00:00,21040.75
2024-06-23 00:00:00+00:00,20187.75
2024-06-23 01:00:00+00:00,19622.25
2024-06-23 02:00:00+00:00,19256.25
2024-06-23 03:00:00+00:00,19189.75
2024-06-23 04:00:00+00:00,19241
2024-06-23 05:00:00+00:00,19157.75
2024-06-23 06:00:00+00:00,19573.25
2024-06-23 07:00:00+00:00,20408.5
2024-06-23 08:00:00+00:00,21239
2024-06-23 09:00:00+00:00,21764.5
2024-06-23 10:00:00+00:00,22181.25
2024-06-23 11:00:00+00:00,22780
2024-06-23 12:00:00+00:00,22781.5
2024-06-23 13:00:00+00:00,21817
2024-06-23 14:00:00+00:00,21495.5
2024-06-23 15:00:00+00:00,22056.75
2024-06-23 16:00:00+00:00,22886
2024-06-23 17:00:00+00:00,23851.5
2024-06-23 18:00:00+00:00,24915.75
2024-06-23 19:00:00+00:00,26080.5
2024-06-23 20:00:00+00:00,26418.5
2024-06-23 21:00:00+00:00,24617.5
2024-06-23 22:00:00+00:00,22571.75
2024-06-23 23:00:00+00:00,21767.75
2024-06-24 00:00:00+00:00,20930.5
2024-06-24 01:00:00+00:00,20548.25
2024-06-24 02:00:00+00:00,20301
2024-06-24 03:00:00+00:00,20778.5
2024-06-24 04:00:00+00:00,22502
2024-06-24 05:00:00+00:00,24197.5
2024-06-24 06:00:00+00:00,25240.75
2024-06-24 07:00:00+00:00,25950.75
2024-06-24 08:00:00+00:00,26399.5
2024-06-24 09:00:00+00:00,26653.75
2024-06-24 10:00:00+00:00,26851.5
2024-06-24 11:00:00+00:00,27281.25
2024-06-24 12:00:00+00:00,27220.5
2024-06-24 13:00:00+00:00,26529
2024-06-24 14:00:00+00:00,26430.25
2024-06-24 15:00:00+00:00,26915.25
2024-06-24 16:00:00+00:00,27394.25
2024-06-24 17:00:00+00:00,28297.25
2024-06-24 18:00:00+00:00,28998.5
2024-06-24 19:00:00+00:00,29219.75
2024-06-24 20:00:00+00:00,28442.25
2024-06-24 21:00:00+00:00,26260.25
2024-06-24 22:00:00+00:00,24799.75
2024-06-24 23:00:00+00:00,23368.25
2024-06-25 00:00:00+00:00,22483.75
2024-06-25 01:00:00+00:00,22057.25
2024-06-25 02:00:00+00:00,21996.75
2024-06-25 03:00:00+00:00,22380.25
2024-06-25 04:00:00+00:00,24259
2024-06-25 05:00:00+00:00,26412
2024-06-25 06:00:00+00:00,27959.25
2024-06-25 07:00:00+00:00,28639.5
2024-06-25 08:00:00+00:00,28940.75
2024-06-25 09:00:00+00:00,28969.75
2024-06-25 10:00:00+00:00,29273.75
2024-06-25 11:00:00+00:00,29725.25
2024-06-25 12:00:00+00:00,29504.5
2024-06-25 13:00:00+00:00,28856.25
2024-06-25 14:00:00+00:00,28756.75
2024-06-25 15:00:00+00:00,29442.75
2024-06-25 16:00:00+00:00,29976.5
2024-06-25 17:00:00+00:00,30574.5
2024-06-25 18:00:00+00:00,30907
2024-06-25 19:00:00+00:00,30882.25
2024-06-25 20:00:00+00:00,29702.75
2024-06-25 21:00:00+00:00,27205.25
2024-06-25 22:00:00+00:00,26122.75
2024-06-25 23:00:00+00:00,24672.25
2024-06-26 00:00:00+00:00,23654
2024-06-26 01:00:00+00:00,23161
2024-06-26 02:00:00+00:00,23058
2024-06-26 03:00:00+00:00,23421.5
2024-06-26 04:00:00+00:00,25342.75
2024-06-26 05:00:00+00:00,27608
2024-06-26 06:00:00+00:00,29041.25
2024-06-26 07:00:00+00:00,29751.25
2024-06-26 08:00:00+00:00,30077.25
2024-06-26 09:00:00+00:00,30281
2024-06-26 10:00:00+00:00,30629
2024-06-26 11:00:00+00:00,31092.75
2024-06-26 12:00:00+00:00,30803.5
2024-06-26 13:00:00+00:00,30278
2024-06-26 14:00:00+00:00,30223.5
2024-06-26 15:00:00+00:00,30699.25
2024-06-26 16:00:00+00:00,30923.75
2024-06-26 17:00:00+00:00,31307
2024-06-26 18:00:00+00:00,31700.25
2024-06-26 19:00:00+00:00,31428
2024-06-26 20:00:00+00:00,30291.25
2024-06-26 21:00:00+00:00,27880.5
2024-06-26 22:00:00+00:00,26299.5
2024-06-26 23:00:00+00:00,24929.5
2024-06-27 00:00:00+00:00,23824.5
2024-06-27 01:00:00+00:00,23329.5
2024-06-27 02:00:00+00:00,23111.5
2024-06-27 03:00:00+00:00,23395.75
2024-06-27 04:00:00+00:00,25174.75
2024-06-27 05:00:00+00:00,27310
2024-06-27 06:00:00+00:00,28704.5
2024-06-27 07:00:00+00:00,29370.75
2024-06-27 08:00:00+00:00,29587.5
2024-06-27 09:00:00+00:00,29739
2024-06-27 10:00:00+00:00,29907.25
2024-06-27 11:00:00+00:00,30317.5
2024-06-27 12:00:00+00:00,30219.5
2024-06-27 13:00:00+00:00,29720.5
2024-06-27 14:00:00+00:00,29601.25
2024-06-27 15:00:00+00:00,30002.5
2024-06-27 16:00:00+00:00,30138
2024-06-27 17:00:00+00:00,30554.25
2024-06-27 18:00:00+00:00,30965.75
2024-06-27 19:00:00+00:00,30907.75
2024-06-27 20:00:00+00:00,29834.25
2024-06-27 21:00:00+00:00,27615.25
2024-06-27 22:00:00+00:00,26282.5
2024-06-27 23:00:00+00:00,25633.75
2024-06-28 00:00:00+00:00,24201.75
2024-06-28 01:00:00+00:00,23436.25
2024-06-28 02:00:00+00:00,23138.75
2024-06-28 03:00:00+00:00,23405.75
2024-06-28 04:00:00+00:00,25020.25
2024-06-28 05:00:00+00:00,27264.5
2024-06-28 06:00:00+00:00,28579.5
2024-06-28 07:00:00+00:00,29370.25
2024-06-28 08:00:00+00:00,29656.75
2024-06-28 09:00:00+00:00,29736
2024-06-28 10:00:00+00:00,29883.25
2024-06-28 11:00:00+00:00,30099
2024-06-28 12:00:00+00:00,29747.5
2024-06-28 13:00:00+00:00,29042.5
2024-06-28 14:00:00+00:00,28737
2024-06-28 15:00:00+00:00,29039.25
2024-06-28 16:00:00+00:00,29269.75
2024-06-28 17:00:00+00:00,29708.75
2024-06-28 18:00:00+00:00,29962.5
2024-06-28 19:00:00+00:00,29976.75
2024-06-28 20:00:00+00:00,29127.5
2024-06-28 21:00:00+00:00,27311.5
2024-06-28 22:00:00+00:00,25294.75
2024-06-28 23:00:00+00:00,24027.25
2024-06-29 00:00:00+00:00,22842.5
2024-06-29 01:00:00+00:00,22128.75
2024-06-29 02:00:00+00:00,21719
2024-06-29 03:00:00+00:00,21471.5
2024-06-29 04:00:00+00:00,21634
2024-06-29 05:00:00+00:00,22012.5
2024-06-29 06:00:00+00:00,23060.5
2024-06-29 07:00:00+00:00,24410
2024-06-29 08:00:00+00:00,25146
2024-06-29 09:00:00+00:00,25294.25
2024-06-29 10:00:00+00:00,25317.5
2024-06-29 11:00:00+00:00,25609.5
2024-06-29 12:00:00+00:00,25457.5
2024-06-29 13:00:00+00:00,24347.5
2024-06-29 14:00:00+00:00,23816
2024-06-29 15:00:00+00:00,23996.75
2024-06-29 16:00:00+00:00,24555.5
2024-06-29 17:00:00+00:00,25337.5
2024-06-29 18:00:00+00:00,25925.75
2024-06-29 19:00:00+00:00,26561.75
2024-06-29 20:00:00+00:00,26123
2024-06-29 21:00:00+00:00,24615.25
2024-06-29 22:00:00+00:00,23114
2024-06-29 23:00:00+00:00,21808.75
2024-06-30 00:00:00+00:00,20928.5
2024-06-30 01:00:00+00:00,20368.25
2024-06-30 02:00:00+00:00,19998.5
2024-06-30 03:00:00+00:00,19876.5
2024-06-30 04:00:00+00:00,19865.25
2024-06-30 05:00:00+00:00,19776.5
2024-06-30 06:00:00+00:00,20378.25
2024-06-30 07:00:00+00:00,21396
2024-06-30 08:00:00+00:00,22222
2024-06-30 09:00:00+00:00,22703.25
2024-06-30 10:00:00+00:00,22913.75
2024-06-30 11:00:00+00:00,23388.5
2024-06-30 12:00:00+00:00,23309
2024-06-30 13:00:00+00:00,22452
2024-06-30 14:00:00+00:00,22013.75
2024-06-30 15:00:00+00:00,22415.75
2024-06-30 16:00:00+00:00,23231.75
2024-06-30 17:00:00+00:00,24219.25
2024-06-30 18:00:00+00:00,25295
2024-06-30 19:00:00+00:00,26470
2024-06-30 20:00:00+00:00,26701.25
2024-06-30 21:00:00+00:00,24878.5
2024-06-30 22:00:00+00:00,23352.25
2024-06-30 23:00:00+00:00,22079
2024-07-01 00:00:00+00:00,21269.25
2024-07-01 01:00:00+00:00,20871.25
2024-07-01 02:00:00+00:00,20894
2024-07-01 03:00:00+00:00,21511.75
2024-07-01 04:00:00+00:00,23890.5
2024-07-01 05:00:00+00:00,26380.5
2024-07-01 06:00:00+00:00,28190.75
2024-07-01 07:00:00+00:00,29140.75
2024-07-01 08:00:00+00:00,29481
2024-07-01 09:00:00+00:00,29501.75
2024-07-01 10:00:00+00:00,29718.75
2024-07-01 11:00:00+00:00,30031.5
2024-07-01 12:00:00+00:00,29550
2024-07-01 13:00:00+00:00,28809.25
2024-07-01 14:00:00+00:00,28752
2024-07-01 15:00:00+00:00,29105.75
2024-07-01 16:00:00+00:00,29341
2024-07-01 17:00:00+00:00,29834.25
2024-07-01 18:00:00+00:00,30399.75
2024-07-01 19:00:00+00:00,30458.75
2024-07-01 20:00:00+00:00,29331.5
2024-07-01 21:00:00+00:00,26961.25
2024-07-01 22:00:00+00:00,25306
2024-07-01 23:00:00+00:00,23935
2024-07-02 00:00:00+00:00,22965.5
2024-07-02 01:00:00+00:00,22466.25
2024-07-02 02:00:00+00:00,22315.25
2024-07-02 03:00:00+00:00,22755.75
2024-07-02 04:00:00+00:00,24585.25
2024-07-02 05:00:00+00:00,26691
2024-07-02 06:00:00+00:00,28079
2024-07-02 07:00:00+00:00,28699.75
2024-07-02 08:00:00+00:00,28872
2024-07-02 09:00:00+00:00,28872.25
2024-07-02 10:00:00+00:00,29012.5
2024-07-02 11:00:00+00:00,29224.25
2024-07-02 12:00:00+00:00,28907.25
2024-07-02 13:00:00+00:00,28293.25
2024-07-02 14:00:00+00:00,28172.75
2024-07-02 15:00:00+00:00,28484.75
2024-07-02 16:00:00+00:00,28937.75
2024-07-02 17:00:00+00:00,29611.5
2024-07-02 18:00:00+00:00,30231.5
2024-07-02 19:00:00+00:00,30503.5
2024-07-02 20:00:00+00:00,29429
2024-07-02 21:00:00+00:00,27155.25
2024-07-02 22:00:00+00:00,25799.5
2024-07-02 23:00:00+00:00,24441.25
2024-07-03 00:00:00+00:00,23465.25
2024-07-03 01:00:00+00:00,22996.25
2024-07-03 02:00:00+00:00,22842.75
2024-07-03 03:00:00+00:00,23232
2024-07-03 04:00:00+00:00,25069.25
2024-07-03 05:00:00+00:00,27175.5
2024-07-03 06:00:00+00:00,28423.25
2024-07-03 07:00:00+00:00,29049
2024-07-03 08:00:00+00:00,29289.5
2024-07-03 09:00:00+00:00,29308.5
2024-07-03 10:00:00+00:00,29613.25
2024-07-03 11:00:00+00:00,30183.75
2024-07-03 12:00:00+00:00,29820.75
2024-07-03 13:00:00+00:00,29200.25
2024-07-03 14:00:00+00:00,29074.25
2024-07-03 15:00:00+00:00,29430.25
2024-07-03 16:00:00+00:00,29856.5
2024-07-03 17:00:00+00:00,30421.5
2024-07-03 18:00:00+00:00,30961.75
2024-07-03 19:00:00+00:00,31014.75
2024-07-03 20:00:00+00:00,29990.5
2024-07-03 21:00:00+00:00,27802.25
2024-07-03 22:00:00+00:00,26775.5
2024-07-03 23:00:00+00:00,25306.25
2024-07-04 00:00:00+00:00,24169.25
2024-07-04 01:00:00+00:00,23674.5
2024-07-04 02:00:00+00:00,23508.75
2024-07-04 03:00:00+00:00,23842.75
2024-07-04 04:00:00+00:00,25656
2024-07-04 05:00:00+00:00,27651
2024-07-04 06:00:00+00:00,28839.25
2024-07-04 07:00:00+00:00,29444
2024-07-04 08:00:00+00:00,29870.25
2024-07-04 09:00:00+00:00,30044.25
2024-07-04 10:00:00+00:00,30500.75
2024-07-04 11:00:00+00:00,31045.5
2024-07-04 12:00:00+00:00,30928.25
2024-07-04 13:00:00+00:00,30374.5
2024-07-04 14:00:00+00:00,30359
2024-07-04 15:00:00+00:00,30708.25
2024-07-04 16:00:00+00:00,30937.75
2024-07-04 17:00:00+00:00,31575.75
2024-07-04 18:00:00+00:00,32043.75
2024-07-04 19:00:00+00:00,32108
2024-07-04 20:00:00+00:00,31302.75
2024-07-04 21:00:00+00:00,28995.25
2024-07-04 22:00:00+00:00,27739.25
2024-07-04 23:00:00+00:00,26148.5
2024-07-05 00:00:00+00:00,24900.5
2024-07-05 01:00:00+00:00,24284.25
2024-07-05 02:00:00+00:00,24002
2024-07-05 03:00:00+00:00,24282
2024-07-05 04:00:00+00:00,26070.25
2024-07-05 05:00:00+00:00,28162.75
2024-07-05 06:00:00+00:00,29365.25
2024-07-05 07:00:00+00:00,30178.75
2024-07-05 08:00:00+00:00,30786.75
2024-07-05 09:00:00+00:00,31099.5
2024-07-05 10:00:00+00:00,31591.25
2024-07-05 11:00:00+00:00,32002.5
2024-07-05 12:00:00+00:00,31723.25
2024-07-05 13:00:00+00:00,30988
2024-07-05 14:00:00+00:00,30901.5
2024-07-05 15:00:00+00:00,31247
2024-07-05 16:00:00+00:00,31663
2024-07-05 17:00:00+00:00,32032.75
2024-07-05 18:00:00+00:00,31974.75
2024-07-05 19:00:00+00:00,31742.75
2024-07-05 20:00:00+00:00,30986.5
2024-07-05 21:00:00+00:00,29026.25
2024-07-05 22:00:00+00:00,27300.25
2024-07-05 23:00:00+00:00,25691.25
2024-07-06 00:00:00+00:00,24386.75
2024-07-06 01:00:00+00:00,23546.5
2024-07-06 02:00:00+00:00,22980.5
2024-07-06 03:00:00+00:00,22609.75
2024-07-06 04:00:00+00:00,22614
2024-07-06 05:00:00+00:00,22930.75
2024-07-06 06:00:00+00:00,24002.75
2024-07-06 07:00:00+00:00,25298.25
2024-07-06 08:00:00+00:00,26220.25
2024-07-06 09:00:00+00:00,26436.5
2024-07-06 10:00:00+00:00,26502.75
2024-07-06 11:00:00+00:00,26893
2024-07-06 12:00:00+00:00,26699.25
2024-07-06 13:00:00+00:00,25822.25
2024-07-06 14:00:00+00:00,25277.75
2024-07-06 15:00:00+00:00,25533.5
2024-07-06 16:00:00+00:00,26302.25
2024-07-06 17:00:00+00:00,27048
2024-07-06 18:00:00+00:00,27579
2024-07-06 19:00:00+00:00,28072.75
2024-07-06 20:00:00+00:00,27740.5
2024-07-06 21:00:00+00:00,26179.25
2024-07-06 22:00:00+00:00,24355
2024-07-06 23:00:00+00:00,22951.75
2024-07-07 00:00:00+00:00,21871
2024-07-07 01:00:00+00:00,21162.5
2024-07-07 02:00:00+00:00,20727.75
2024-07-07 03:00:00+00:00,20557.25
2024-07-07 04:00:00+00:00,20515.75
2024-07-07 05:00:00+00:00,20352.5
2024-07-07 06:00:00+00:00,20730
2024-07-07 07:00:00+00:00,21675
2024-07-07 08:00:00+00:00,22571
2024-07-07 09:00:00+00:00,23037.25
2024-07-07 10:00:00+00:00,23319
2024-07-07 11:00:00+00:00,23833.5
2024-07-07 12:00:00+00:00,23892.5
2024-07-07 13:00:00+00:00,22902.5
2024-07-07 14:00:00+00:00,22562.25
2024-07-07 15:00:00+00:00,23031.5
2024-07-07 16:00:00+00:00,23962
2024-07-07 17:00:00+00:00,25293.5
2024-07-07 18:00:00+00:00,26395.75
2024-07-07 19:00:00+00:00,27426
2024-07-07 20:00:00+00:00,27624.25
2024-07-07 21:00:00+00:00,25979.75
2024-07-07 22:00:00+00:00,24240.25
2024-07-07 23:00:00+00:00,22881.25
2024-07-08 00:00:00+00:00,21900.5
2024-07-08 01:00:00+00:00,21421.25
2024-07-08 02:00:00+00:00,21404.25
2024-07-08 03:00:00+00:00,22025
2024-07-08 04:00:00+00:00,24390.5
2024-07-08 05:00:00+00:00,26828.25
2024-07-08 06:00:00+00:00,28360
2024-07-08 07:00:00+00:00,29239.75
2024-07-08 08:00:00+00:00,29389.25
2024-07-08 09:00:00+00:00,29270.5
2024-07-08 10:00:00+00:00,29507.5
2024-07-08 11:00:00+00:00,29923.75
2024-07-08 12:00:00+00:00,29587.25
2024-07-08 13:00:00+00:00,28989.25
2024-07-08 14:00:00+00:00,28845
2024-07-08 15:00:00+00:00,29441.25
2024-07-08 16:00:00+00:00,29964.5
2024-07-08 17:00:00+00:00,30578
2024-07-08 18:00:00+00:00,30995.5
2024-07-08 19:00:00+00:00,31214.5
2024-07-08 20:00:00+00:00,30215
2024-07-08 21:00:00+00:00,27901.25
2024-07-08 22:00:00+00:00,26345.5
2024-07-08 23:00:00+00:00,24938
2024-07-09 00:00:00+00:00,23809.5
2024-07-09 01:00:00+00:00,23241
2024-07-09 02:00:00+00:00,23077.25
2024-07-09 03:00:00+00:00,23548.75
2024-07-09 04:00:00+00:00,25470.75
2024-07-09 05:00:00+00:00,27660.25
2024-07-09 06:00:00+00:00,28883.5
2024-07-09 07:00:00+00:00,29449.5
2024-07-09 08:00:00+00:00,29678.5
2024-07-09 09:00:00+00:00,29846
2024-07-09 10:00:00+00:00,30151
2024-07-09 11:00:00+00:00,30593.25
2024-07-09 12:00:00+00:00,30502.75
2024-07-09 13:00:00+00:00,29899
2024-07-09 14:00:00+00:00,29790.25
2024-07-09 15:00:00+00:00,30338.25
2024-07-09 16:00:00+00:00,30842
2024-07-09 17:00:00+00:00,31550.25
2024-07-09 18:00:00+00:00,31888.5
2024-07-09 19:00:00+00:00,31934.25
2024-07-09 20:00:00+00:00,30804
2024-07-09 21:00:00+00:00,28492.25
2024-07-09 22:00:00+00:00,27064.25
2024-07-09 23:00:00+00:00,25617
2024-07-10 00:00:00+00:00,24358
2024-07-10 01:00:00+00:00,23773.75
2024-07-10 02:00:00+00:00,23540
2024-07-10 03:00:00+00:00,23915.5
2024-07-10 04:00:00+00:00,25842.25
2024-07-10 05:00:00+00:00,28013.5
2024-07-10 06:00:00+00:00,29365
2024-07-10 07:00:00+00:00,30141
2024-07-10 08:00:00+00:00,30551
2024-07-10 09:00:00+00:00,30875
2024-07-10 10:00:00+00:00,31226.75
2024-07-10 11:00:00+00:00,31877.5
2024-07-10 12:00:00+00:00,31727.25
2024-07-10 13:00:00+00:00,31213
2024-07-10 14:00:00+00:00,31063.75
2024-07-10 15:00:00+00:00,31451
2024-07-10 16:00:00+00:00,31750.75
2024-07-10 17:00:00+00:00,32519.75
2024-07-10 18:00:00+00:00,32860.75
2024-07-10 19:00:00+00:00,32555.75
2024-07-10 20:00:00+00:00,31514.25
2024-07-10 21:00:00+00:00,29257.75
2024-07-10 22:00:00+00:00,28134
2024-07-10 23:00:00+00:00,26444
2024-07-11 00:00:00+00:00,25241.75
2024-07-11 01:00:00+00:00,24662.25
2024-07-11 02:00:00+00:00,24420
2024-07-11 03:00:00+00:00,24780.25
2024-07-11 04:00:00+00:00,26611.25
2024-07-11 05:00:00+00:00,28724.75
2024-07-11 06:00:00+00:00,30135.75
2024-07-11 07:00:00+00:00,31017
2024-07-11 08:00:00+00:00,31463.75
2024-07-11 09:00:00+00:00,31915.5
2024-07-11 10:00:00+00:00,32401.25
2024-07-11 11:00:00+00:00,33078.75
2024-07-11 12:00:00+00:00,33085.5
2024-07-11 13:00:00+00:00,32682
2024-07-11 14:00:00+00:00,32646.75
2024-07-11 15:00:00+00:00,33154
2024-07-11 16:00:00+00:00,33523.25
2024-07-11 17:00:00+00:00,34200.5
2024-07-11 18:00:00+00:00,34307.75
2024-07-11 19:00:00+00:00,33992.75
2024-07-11 20:00:00+00:00,32661
2024-07-11 21:00:00+00:00,30387.5
2024-07-11 22:00:00+00:00,28629
2024-07-11 23:00:00+00:00,26998
2024-07-12 00:00:00+00:00,25787
2024-07-12 01:00:00+00:00,25121.25
2024-07-12 02:00:00+00:00,24919
2024-07-12 03:00:00+00:00,25203.75
2024-07-12 04:00:00+00:00,26959
2024-07-12 05:00:00+00:00,28939.25
2024-07-12 06:00:00+00:00,30323.75
2024-07-12 07:00:00+00:00,31212
2024-07-12 08:00:00+00:00,31696.5
2024-07-12 09:00:00+00:00,32049.75
2024-07-12 10:00:00+00:00,32381.75
2024-07-12 11:00:00+00:00,32734
2024-07-12 12:00:00+00:00,32359
2024-07-12 13:00:00+00:00,31668.5
2024-07-12 14:00:00+00:00,31548
2024-07-12 15:00:00+00:00,31898.75
2024-07-12 16:00:00+00:00,32254.5
2024-07-12 17:00:00+00:00,32809.25
2024-07-12 18:00:00+00:00,32644
2024-07-12 19:00:00+00:00,32199.25
2024-07-12 20:00:00+00:00,31239.75
2024-07-12 21:00:00+00:00,29103.75
2024-07-12 22:00:00+00:00,27620.75
2024-07-12 23:00:00+00:00,26064.75
2024-07-13 00:00:00+00:00,24712
2024-07-13 01:00:00+00:00,23930
2024-07-13 02:00:00+00:00,23354.5
2024-07-13 03:00:00+00:00,23050.5
2024-07-13 04:00:00+00:00,23260.25
2024-07-13 05:00:00+00:00,23486
2024-07-13 06:00:00+00:00,24523.5
2024-07-13 07:00:00+00:00,25880.75
2024-07-13 08:00:00+00:00,26853.5
2024-07-13 09:00:00+00:00,27141.25
2024-07-13 10:00:00+00:00,27230.25
2024-07-13 11:00:00+00:00,27478
2024-07-13 12:00:00+00:00,27250.25
2024-07-13 13:00:00+00:00,26520.75
2024-07-13 14:00:00+00:00,26091.75
2024-07-13 15:00:00+00:00,26367
2024-07-13 16:00:00+00:00,27100.75
2024-07-13 17:00:00+00:00,27872.75
2024-07-13 18:00:00+00:00,28412.75
2024-07-13 19:00:00+00:00,28693
2024-07-13 20:00:00+00:00,28348.5
2024-07-13 21:00:00+00:00,26734
2024-07-13 22:00:00+00:00,24930.5
2024-07-13 23:00:00+00:00,23442.25
2024-07-14 00:00:00+00:00,22362
2024-07-14 01:00:00+00:00,21641.25
2024-07-14 02:00:00+00:00,21129.75
2024-07-14 03:00:00+00:00,20878.5
2024-07-14 04:00:00+00:00,20936
2024-07-14 05:00:00+00:00,20747.5
2024-07-14 06:00:00+00:00,21234.25
2024-07-14 07:00:00+00:00,22190
2024-07-14 08:00:00+00:00,23052.75
2024-07-14 09:00:00+00:00,23594
2024-07-14 10:00:00+00:00,24036.75
2024-07-14 11:00:00+00:00,24761.25
2024-07-14 12:00:00+00:00,25133.75
2024-07-14 13:00:00+00:00,24505.5
2024-07-14 14:00:00+00:00,24184.75
2024-07-14 15:00:00+00:00,24683.75
2024-07-14 16:00:00+00:00,25679.5
2024-07-14 17:00:00+00:00,26726.5
2024-07-14 18:00:00+00:00,27603.25
2024-07-14 19:00:00+00:00,28536.25
2024-07-14 20:00:00+00:00,28892.25
2024-07-14 21:00:00+00:00,26982.25
2024-07-14 22:00:00+00:00,24970
2024-07-14 23:00:00+00:00,23588
2024-07-15 00:00:00+00:00,22595.25
2024-07-15 01:00:00+00:00,22065.75
2024-07-15 02:00:00+00:00,21881.5
2024-07-15 03:00:00+00:00,22494.25
2024-07-15 04:00:00+00:00,24883.5
2024-07-15 05:00:00+00:00,27340.5
2024-07-15 06:00:00+00:00,28915.5
2024-07-15 07:00:00+00:00,30026.5
2024-07-15 08:00:00+00:00,30359
2024-07-15 09:00:00+00:00,30482
2024-07-15 10:00:00+00:00,30867.75
2024-07-15 11:00:00+00:00,31515.5
2024-07-15 12:00:00+00:00,31379.5
2024-07-15 13:00:00+00:00,31004
2024-07-15 14:00:00+00:00,31073.75
2024-07-15 15:00:00+00:00,31692.75
2024-07-15 16:00:00+00:00,32187.25
2024-07-15 17:00:00+00:00,33013.75
2024-07-15 18:00:00+00:00,33186.75
2024-07-15 19:00:00+00:00,32726
2024-07-15 20:00:00+00:00,31243.5
2024-07-15 21:00:00+00:00,28853
2024-07-15 22:00:00+00:00,28056
2024-07-15 23:00:00+00:00,26380.5
2024-07-16 00:00:00+00:00,25065.75
2024-07-16 01:00:00+00:00,24417.5
2024-07-16 02:00:00+00:00,24140.75
2024-07-16 03:00:00+00:00,24521.5
2024-07-16 04:00:00+00:00,26519.75
2024-07-16 05:00:00+00:00,28492.25
2024-07-16 06:00:00+00:00,29848.25
2024-07-16 07:00:00+00:00,30740.75
2024-07-16 08:00:00+00:00,31104
2024-07-16 09:00:00+00:00,31375.75
2024-07-16 10:00:00+00:00,31767.75
2024-07-16 11:00:00+00:00,32287.75
2024-07-16 12:00:00+00:00,32316.75
2024-07-16 13:00:00+00:00,31886
2024-07-16 14:00:00+00:00,31864
2024-07-16 15:00:00+00:00,32372.75
2024-07-16 16:00:00+00:00,32720
2024-07-16 17:00:00+00:00,33385
2024-07-16 18:00:00+00:00,33616.75
2024-07-16 19:00:00+00:00,33217
2024-07-16 20:00:00+00:00,32077.75
2024-07-16 21:00:00+00:00,29910.75
2024-07-16 22:00:00+00:00,28068.25
2024-07-16 23:00:00+00:00,26356.25
2024-07-17 00:00:00+00:00,25176.25
2024-07-17 01:00:00+00:00,24553.25
2024-07-17 02:00:00+00:00,24209.75
2024-07-17 03:00:00+00:00,24493
2024-07-17 04:00:00+00:00,26463.75
2024-07-17 05:00:00+00:00,28489
2024-07-17 06:00:00+00:00,29863.5
2024-07-17 07:00:00+00:00,30758.5
2024-07-17 08:00:00+00:00,31151.5
2024-07-17 09:00:00+00:00,31399.25
2024-07-17 10:00:00+00:00,31837
2024-07-17 11:00:00+00:00,32311.25
2024-07-17 12:00:00+00:00,32194.75
2024-07-17 13:00:00+00:00,31820.5
2024-07-17 14:00:00+00:00,31684.75
2024-07-17 15:00:00+00:00,32079.5
2024-07-17 16:00:00+00:00,32390.25
2024-07-17 17:00:00+00:00,33095
2024-07-17 18:00:00+00:00,33348.5
2024-07-17 19:00:00+00:00,33164
2024-07-17 20:00:00+00:00,32007.75
2024-07-17 21:00:00+00:00,29613.75
2024-07-17 22:00:00+00:00,28315.25
2024-07-17 23:00:00+00:00,26668.5
2024-07-18 00:00:00+00:00,25468.25
2024-07-18 01:00:00+00:00,24821.5
2024-07-18 02:00:00+00:00,24522.25
2024-07-18 03:00:00+00:00,24794.5
2024-07-18 04:00:00+00:00,26741.5
2024-07-18 05:00:00+00:00,28699
2024-07-18 06:00:00+00:00,30090
2024-07-18 07:00:00+00:00,31122.75
2024-07-18 08:00:00+00:00,31637
2024-07-18 09:00:00+00:00,32034.5
2024-07-18 10:00:00+00:00,32633.5
2024-07-18 11:00:00+00:00,33253.25
2024-07-18 12:00:00+00:00,33343.25
2024-07-18 13:00:00+00:00,33022.25
2024-07-18 14:00:00+00:00,32994
2024-07-18 15:00:00+00:00,33436.25
2024-07-18 16:00:00+00:00,33689.75
2024-07-18 17:00:00+00:00,34252.25
2024-07-18 18:00:00+00:00,34326.75
2024-07-18 19:00:00+00:00,34027
2024-07-18 20:00:00+00:00,32976
2024-07-18 21:00:00+00:00,30556.75
2024-07-18 22:00:00+00:00,29494.75
2024-07-18 23:00:00+00:00,27700.25
2024-07-19 00:00:00+00:00,26347
2024-07-19 01:00:00+00:00,25644.5
2024-07-19 02:00:00+00:00,25153.75
2024-07-19 03:00:00+00:00,25438.25
2024-07-19 04:00:00+00:00,27290.75
2024-07-19 05:00:00+00:00,29245.5
2024-07-19 06:00:00+00:00,30678.25
2024-07-19 07:00:00+00:00,32084
2024-07-19 08:00:00+00:00,32728.5
2024-07-19 09:00:00+00:00,33321
2024-07-19 10:00:00+00:00,33917.75
2024-07-19 11:00:00+00:00,34578.25
2024-07-19 12:00:00+00:00,34514.75
2024-07-19 13:00:00+00:00,34054
2024-07-19 14:00:00+00:00,33875
2024-07-19 15:00:00+00:00,34054.5
2024-07-19 16:00:00+00:00,34161.75
2024-07-19 17:00:00+00:00,34221.75
2024-07-19 18:00:00+00:00,33893.75
2024-07-19 19:00:00+00:00,33554.25
2024-07-19 20:00:00+00:00,32660
2024-07-19 21:00:00+00:00,30588.5
2024-07-19 22:00:00+00:00,28770
2024-07-19 23:00:00+00:00,27095.75
2024-07-20 00:00:00+00:00,25730.25
2024-07-20 01:00:00+00:00,24782.5
2024-07-20 02:00:00+00:00,24280.75
2024-07-20 03:00:00+00:00,23734.5
2024-07-20 04:00:00+00:00,24023.25
2024-07-20 05:00:00+00:00,24052
2024-07-20 06:00:00+00:00,24691.25
2024-07-20 07:00:00+00:00,26207
2024-07-20 08:00:00+00:00,27593.25
2024-07-20 09:00:00+00:00,28100.75
2024-07-20 10:00:00+00:00,28598.25
2024-07-20 11:00:00+00:00,29202.25
2024-07-20 12:00:00+00:00,29381.75
2024-07-20 13:00:00+00:00,28975
2024-07-20 14:00:00+00:00,28435.5
2024-07-20 15:00:00+00:00,28646.75
2024-07-20 16:00:00+00:00,29234.25
2024-07-20 17:00:00+00:00,30021
2024-07-20 18:00:00+00:00,30326.75
2024-07-20 19:00:00+00:00,30438
2024-07-20 20:00:00+00:00,30259.5
2024-07-20 21:00:00+00:00,28406.25
2024-07-20 22:00:00+00:00,26415.75
2024-07-20 23:00:00+00:00,24731.25
2024-07-21 00:00:00+00:00,23477.25
2024-07-21 01:00:00+00:00,22643
2024-07-21 02:00:00+00:00,22069.75
2024-07-21 03:00:00+00:00,21726.25
2024-07-21 04:00:00+00:00,21648.25
2024-07-21 05:00:00+00:00,21279.25
2024-07-21 06:00:00+00:00,21638.25
2024-07-21 07:00:00+00:00,22675.5
2024-07-21 08:00:00+00:00,24010.5
2024-07-21 09:00:00+00:00,24587
2024-07-21 10:00:00+00:00,25052
2024-07-21 11:00:00+00:00,25840
2024-07-21 12:00:00+00:00,26389.75
2024-07-21 13:00:00+00:00,25835.5
2024-07-21 14:00:00+00:00,25615.25
2024-07-21 15:00:00+00:00,26164.75
2024-07-21 16:00:00+00:00,27027.25
2024-07-21 17:00:00+00:00,27997.25
2024-07-21 18:00:00+00:00,28767.25
2024-07-21 19:00:00+00:00,29483
2024-07-21 20:00:00+00:00,29487.75
2024-07-21 21:00:00+00:00,27741.75
2024-07-21 22:00:00+00:00,26544
2024-07-21 23:00:00+00:00,24867.25
2024-07-22 00:00:00+00:00,23603.25
2024-07-22 01:00:00+00:00,23031.25
2024-07-22 02:00:00+00:00,22716.75
2024-07-22 03:00:00+00:00,23278.25
2024-07-22 04:00:00+00:00,25733.5
2024-07-22 05:00:00+00:00,27958.75
2024-07-22 06:00:00+00:00,29547.75
2024-07-22 07:00:00+00:00,30665.25
2024-07-22 08:00:00+00:00,31227.75
2024-07-22 09:00:00+00:00,31342.75
2024-07-22 10:00:00+00:00,31698
2024-07-22 11:00:00+00:00,32242.5
2024-07-22 12:00:00+00:00,32309.25
2024-07-22 13:00:00+00:00,32057
2024-07-22 14:00:00+00:00,31954.75
2024-07-22 15:00:00+00:00,32309.5
2024-07-22 16:00:00+00:00,32441
2024-07-22 17:00:00+00:00,32930.75
2024-07-22 18:00:00+00:00,33142.75
2024-07-22 19:00:00+00:00,33324.75
2024-07-22 20:00:00+00:00,32141.25
2024-07-22 21:00:00+00:00,29560.75
2024-07-22 22:00:00+00:00,28090
2024-07-22 23:00:00+00:00,26400.5
2024-07-23 00:00:00+00:00,25125.5
2024-07-23 01:00:00+00:00,24409.25
2024-07-23 02:00:00+00:00,24120.5
2024-07-23 03:00:00+00:00,24482.5
2024-07-23 04:00:00+00:00,26408
2024-07-23 05:00:00+00:00,28279.5
2024-07-23 06:00:00+00:00,29638
2024-07-23 07:00:00+00:00,30742.5
2024-07-23 08:00:00+00:00,31433.75
2024-07-23 09:00:00+00:00,31924
2024-07-23 10:00:00+00:00,32491.25
2024-07-23 11:00:00+00:00,33167
2024-07-23 12:00:00+00:00,33239.5
2024-07-23 13:00:00+00:00,32958.5
2024-07-23 14:00:00+00:00,32957.25
2024-07-23 15:00:00+00:00,33476.5
2024-07-23 16:00:00+00:00,33715.75
2024-07-23 17:00:00+00:00,34198.25
2024-07-23 18:00:00+00:00,34239.5
2024-07-23 19:00:00+00:00,34033.5
2024-07-23 20:00:00+00:00,32941.75
2024-07-23 21:00:00+00:00,30629
2024-07-23 22:00:00+00:00,29145.25
2024-07-23 23:00:00+00:00,27341.5
2024-07-24 00:00:00+00:00,26066.75
2024-07-24 01:00:00+00:00,25281.25
2024-07-24 02:00:00+00:00,24922.5
2024-07-24 03:00:00+00:00,25193.75
2024-07-24 04:00:00+00:00,27194
2024-07-24 05:00:00+00:00,29202.75
2024-07-24 06:00:00+00:00,30575.25
2024-07-24 07:00:00+00:00,31804.75
2024-07-24 08:00:00+00:00,32715.25
2024-07-24 09:00:00+00:00,33439.75
2024-07-24 10:00:00+00:00,34050
2024-07-24 11:00:00+00:00,34890.5
2024-07-24 12:00:00+00:00,34939.5
2024-07-24 13:00:00+00:00,34653.5
2024-07-24 14:00:00+00:00,34597.75
2024-07-24 15:00:00+00:00,34874.75
2024-07-24 16:00:00+00:00,35047.75
2024-07-24 17:00:00+00:00,35389.25
2024-07-24 18:00:00+00:00,35223.5
2024-07-24 19:00:00+00:00,34823.75
2024-07-24 20:00:00+00:00,33659
2024-07-24 21:00:00+00:00,31211.75
2024-07-24 22:00:00+00:00,29792.75
2024-07-24 23:00:00+00:00,27888.5
2024-07-25 00:00:00+00:00,26395.5
2024-07-25 01:00:00+00:00,25584.5
2024-07-25 02:00:00+00:00,25130.75
2024-07-25 03:00:00+00:00,25154.75
2024-07-25 04:00:00+00:00,26479.25
2024-07-25 05:00:00+00:00,27613.25
2024-07-25 06:00:00+00:00,28496.25
2024-07-25 07:00:00+00:00,29776.5
2024-07-25 08:00:00+00:00,30786.75
2024-07-25 09:00:00+00:00,31272.75
2024-07-25 10:00:00+00:00,31979
2024-07-25 11:00:00+00:00,32683
2024-07-25 12:00:00+00:00,33290
2024-07-25 13:00:00+00:00,32922.5
2024-07-25 14:00:00+00:00,32789
2024-07-25 15:00:00+00:00,32991.25
2024-07-25 16:00:00+00:00,33319
2024-07-25 17:00:00+00:00,33741.25
2024-07-25 18:00:00+00:00,33690.75
2024-07-25 19:00:00+00:00,33755
2024-07-25 20:00:00+00:00,33082.25
2024-07-25 21:00:00+00:00,30728.5
2024-07-25 22:00:00+00:00,29016.5
2024-07-25 23:00:00+00:00,27271.5
2024-07-26 00:00:00+00:00,25815.5
2024-07-26 01:00:00+00:00,25026
2024-07-26 02:00:00+00:00,24619
2024-07-26 03:00:00+00:00,24781.75
2024-07-26 04:00:00+00:00,26561.75
2024-07-26 05:00:00+00:00,28306.5
2024-07-26 06:00:00+00:00,29431
2024-07-26 07:00:00+00:00,30589.75
2024-07-26 08:00:00+00:00,31514
2024-07-26 09:00:00+00:00,32040.5
2024-07-26 10:00:00+00:00,32626.25
2024-07-26 11:00:00+00:00,33317.5
2024-07-26 12:00:00+00:00,33274.5
2024-07-26 13:00:00+00:00,32798.75
2024-07-26 14:00:00+00:00,32602.75
2024-07-26 15:00:00+00:00,32930.75
2024-07-26 16:00:00+00:00,33223
2024-07-26 17:00:00+00:00,33627
2024-07-26 18:00:00+00:00,33359.75
2024-07-26 19:00:00+00:00,32946.25
2024-07-26 20:00:00+00:00,31974.5
2024-07-26 21:00:00+00:00,30048.25
2024-07-26 22:00:00+00:00,28283.5
2024-07-26 23:00:00+00:00,26571
2024-07-27 00:00:00+00:00,25153
2024-07-27 01:00:00+00:00,24257.25
2024-07-27 02:00:00+00:00,23690.75
2024-07-27 03:00:00+00:00,23238.25
2024-07-27 04:00:00+00:00,23394
2024-07-27 05:00:00+00:00,23560.25
2024-07-27 06:00:00+00:00,24621.75
2024-07-27 07:00:00+00:00,26073
2024-07-27 08:00:00+00:00,27223
2024-07-27 09:00:00+00:00,27818.75
2024-07-27 10:00:00+00:00,28189.25
2024-07-27 11:00:00+00:00,28692
2024-07-27 12:00:00+00:00,28729.5
2024-07-27 13:00:00+00:00,28367.5
2024-07-27 14:00:00+00:00,28037.5
2024-07-27 15:00:00+00:00,28352.75
2024-07-27 16:00:00+00:00,28960
2024-07-27 17:00:00+00:00,29621.5
2024-07-27 18:00:00+00:00,29797.25
2024-07-27 19:00:00+00:00,30073.75
2024-07-27 20:00:00+00:00,29563.75
2024-07-27 21:00:00+00:00,27835
2024-07-27 22:00:00+00:00,26609
2024-07-27 23:00:00+00:00,25375.75
2024-07-28 00:00:00+00:00,23843.75
2024-07-28 01:00:00+00:00,22857.75
2024-07-28 02:00:00+00:00,22240.25
2024-07-28 03:00:00+00:00,21904.25
2024-07-28 04:00:00+00:00,21908.25
2024-07-28 05:00:00+00:00,21670
2024-07-28 06:00:00+00:00,22054.75
2024-07-28 07:00:00+00:00,22903.25
2024-07-28 08:00:00+00:00,23792.5
2024-07-28 09:00:00+00:00,24664.5
2024-07-28 10:00:00+00:00,25415
2024-07-28 11:00:00+00:00,26162.25
2024-07-28 12:00:00+00:00,27009
2024-07-28 13:00:00+00:00,26909.75
2024-07-28 14:00:00+00:00,26754.25
2024-07-28 15:00:00+00:00,27168.5
2024-07-28 16:00:00+00:00,27981.5
2024-07-28 17:00:00+00:00,28924.5
2024-07-28 18:00:00+00:00,29678.5
2024-07-28 19:00:00+00:00,30434.5
2024-07-28 20:00:00+00:00,30747.75
2024-07-28 21:00:00+00:00,29220.75
2024-07-28 22:00:00+00:00,27483
2024-07-28 23:00:00+00:00,25606.5
2024-07-29 00:00:00+00:00,24300.5
2024-07-29 01:00:00+00:00,23580
2024-07-29 02:00:00+00:00,23327
2024-07-29 03:00:00+00:00,23871.5
2024-07-29 04:00:00+00:00,26203.75
2024-07-29 05:00:00+00:00,28232.25
2024-07-29 06:00:00+00:00,29925.5
2024-07-29 07:00:00+00:00,31686.5
2024-07-29 08:00:00+00:00,32780.5
2024-07-29 09:00:00+00:00,33587.75
2024-07-29 10:00:00+00:00,34246.25
2024-07-29 11:00:00+00:00,35220.25
2024-07-29 12:00:00+00:00,35637.25
2024-07-29 13:00:00+00:00,35240.5
2024-07-29 14:00:00+00:00,35145.5
2024-07-29 15:00:00+00:00,35420.25
2024-07-29 16:00:00+00:00,35568.25
2024-07-29 17:00:00+00:00,35691.5
2024-07-29 18:00:00+00:00,35639.25
2024-07-29 19:00:00+00:00,35703.5
2024-07-29 20:00:00+00:00,34277.5
2024-07-29 21:00:00+00:00,31546.75
2024-07-29 22:00:00+00:00,29557.5
2024-07-29 23:00:00+00:00,27714.5
2024-07-30 00:00:00+00:00,26242.25
2024-07-30 01:00:00+00:00,25473.5
2024-07-30 02:00:00+00:00,25076
2024-07-30 03:00:00+00:00,25294.25
2024-07-30 04:00:00+00:00,27233.75
2024-07-30 05:00:00+00:00,29259.75
2024-07-30 06:00:00+00:00,30748.5
2024-07-30 07:00:00+00:00,32153.25
2024-07-30 08:00:00+00:00,32951.25
2024-07-30 09:00:00+00:00,33732.25
2024-07-30 10:00:00+00:00,34479
2024-07-30 11:00:00+00:00,35415
2024-07-30 12:00:00+00:00,35753.75
2024-07-30 13:00:00+00:00,35483
2024-07-30 14:00:00+00:00,35440.5
2024-07-30 15:00:00+00:00,35693.25
2024-07-30 16:00:00+00:00,35926
2024-07-30 17:00:00+00:00,36096.75
2024-07-30 18:00:00+00:00,35824.75
2024-07-30 19:00:00+00:00,35623.5
2024-07-30 20:00:00+00:00,34287.75
2024-07-30 21:00:00+00:00,31895.75
2024-07-30 22:00:00+00:00,29988.25
2024-07-30 23:00:00+00:00,28051
2024-07-31 00:00:00+00:00,26625.25
2024-07-31 01:00:00+00:00,25836
2024-07-31 02:00:00+00:00,25441.75
2024-07-31 03:00:00+00:00,25717.25
2024-07-31 04:00:00+00:00,27688
2024-07-31 05:00:00+00:00,29596
2024-07-31 06:00:00+00:00,30899.75
2024-07-31 07:00:00+00:00,32136.75
2024-07-31 08:00:00+00:00,33002.25
2024-07-31 09:00:00+00:00,33808.75
2024-07-31 10:00:00+00:00,34566.25
2024-07-31 11:00:00+00:00,35496.5
2024-07-31 12:00:00+00:00,35801.5
2024-07-31 13:00:00+00:00,35540.25
2024-07-31 14:00:00+00:00,35447
2024-07-31 15:00:00+00:00,35565.5
2024-07-31 16:00:00+00:00,35705
2024-07-31 17:00:00+00:00,35965.25
2024-07-31 18:00:00+00:00,35789.5
2024-07-31 19:00:00+00:00,35561.25
2024-07-31 20:00:00+00:00,34507.75
2024-07-31 21:00:00+00:00,31975.25
2024-07-31 22:00:00+00:00,30072.75
2024-07-31 23:00:00+00:00,28110.75
2024-08-01 00:00:00+00:00,26591.75
2024-08-01 01:00:00+00:00,25727.25
2024-08-01 02:00:00+00:00,25294.25
2024-08-01 03:00:00+00:00,25318.25
2024-08-01 04:00:00+00:00,27127.75
2024-08-01 05:00:00+00:00,28799.5
2024-08-01 06:00:00+00:00,30101
2024-08-01 07:00:00+00:00,31464.75
2024-08-01 08:00:00+00:00,32381.25
2024-08-01 09:00:00+00:00,33260.5
2024-08-01 10:00:00+00:00,33998.75
2024-08-01 11:00:00+00:00,34974.25
2024-08-01 12:00:00+00:00,35341.25
2024-08-01 13:00:00+00:00,35061.25
2024-08-01 14:00:00+00:00,35085.5
2024-08-01 15:00:00+00:00,35351.75
2024-08-01 16:00:00+00:00,35458.5
2024-08-01 17:00:00+00:00,35588
2024-08-01 18:00:00+00:00,35468.75
2024-08-01 19:00:00+00:00,35360
2024-08-01 20:00:00+00:00,34287.75
2024-08-01 21:00:00+00:00,31876.5
2024-08-01 22:00:00+00:00,29894.25
2024-08-01 23:00:00+00:00,28016.75
2024-08-02 00:00:00+00:00,26513.75
2024-08-02 01:00:00+00:00,25742.25
2024-08-02 02:00:00+00:00,25273.75
2024-08-02 03:00:00+00:00,25350.25
2024-08-02 04:00:00+00:00,27129
2024-08-02 05:00:00+00:00,28935.75
2024-08-02 06:00:00+00:00,29983.5
2024-08-02 07:00:00+00:00,31281.75
2024-08-02 08:00:00+00:00,32109.75
2024-08-02 09:00:00+00:00,32797
2024-08-02 10:00:00+00:00,33399.75
2024-08-02 11:00:00+00:00,34356.5
2024-08-02 12:00:00+00:00,34126.25
2024-08-02 13:00:00+00:00,33629.75
2024-08-02 14:00:00+00:00,33514.5
2024-08-02 15:00:00+00:00,33707.25
2024-08-02 16:00:00+00:00,33888.25
2024-08-02 17:00:00+00:00,33914
2024-08-02 18:00:00+00:00,33643.75
2024-08-02 19:00:00+00:00,33434.5
2024-08-02 20:00:00+00:00,32391
2024-08-02 21:00:00+00:00,30229.75
2024-08-02 22:00:00+00:00,28121.75
2024-08-02 23:00:00+00:00,26472.25
2024-08-03 00:00:00+00:00,25160
2024-08-03 01:00:00+00:00,24265
2024-08-03 02:00:00+00:00,23646
2024-08-03 03:00:00+00:00,23146.5
2024-08-03 04:00:00+00:00,23335.25
2024-08-03 05:00:00+00:00,23463.25
2024-08-03 06:00:00+00:00,24193.25
2024-08-03 07:00:00+00:00,25286.25
2024-08-03 08:00:00+00:00,26347.5
2024-08-03 09:00:00+00:00,26894.5
2024-08-03 10:00:00+00:00,27318.25
2024-08-03 11:00:00+00:00,27999
2024-08-03 12:00:00+00:00,28191.25
2024-08-03 13:00:00+00:00,27956.5
2024-08-03 14:00:00+00:00,27825.75
2024-08-03 15:00:00+00:00,28216.5
2024-08-03 16:00:00+00:00,28841.25
2024-08-03 17:00:00+00:00,29288.5
2024-08-03 18:00:00+00:00,29453.5
2024-08-03 19:00:00+00:00,29943.5
2024-08-03 20:00:00+00:00,29044.25
2024-08-03 21:00:00+00:00,27345.5
2024-08-03 22:00:00+00:00,25963.5
2024-08-03 23:00:00+00:00,24356
2024-08-04 00:00:00+00:00,23411.5
2024-08-04 01:00:00+00:00,22527.5
2024-08-04 02:00:00+00:00,21933
2024-08-04 03:00:00+00:00,21585.25
2024-08-04 04:00:00+00:00,21660.75
2024-08-04 05:00:00+00:00,21304
2024-08-04 06:00:00+00:00,21685.25
2024-08-04 07:00:00+00:00,22491.5
2024-08-04 08:00:00+00:00,23371.25
2024-08-04 09:00:00+00:00,24186.25
2024-08-04 10:00:00+00:00,24791
2024-08-04 11:00:00+00:00,25657.25
2024-08-04 12:00:00+00:00,26358.75
2024-08-04 13:00:00+00:00,26032.5
2024-08-04 14:00:00+00:00,25969.5
2024-08-04 15:00:00+00:00,26545.5
2024-08-04 16:00:00+00:00,27443.25
2024-08-04 17:00:00+00:00,28364.25
2024-08-04 18:00:00+00:00,29065.75
2024-08-04 19:00:00+00:00,30005
2024-08-04 20:00:00+00:00,30276.5
2024-08-04 21:00:00+00:00,28421.25
2024-08-04 22:00:00+00:00,26946.75
2024-08-04 23:00:00+00:00,25236.75
2024-08-05 00:00:00+00:00,24031.75
2024-08-05 01:00:00+00:00,23376.75
2024-08-05 02:00:00+00:00,23011.5
2024-08-05 03:00:00+00:00,23518.5
2024-08-05 04:00:00+00:00,25580.25
2024-08-05 05:00:00+00:00,27471.75
2024-08-05 06:00:00+00:00,28888.75
2024-08-05 07:00:00+00:00,30171.75
2024-08-05 08:00:00+00:00,31064.25
2024-08-05 09:00:00+00:00,31785.75
2024-08-05 10:00:00+00:00,32521
2024-08-05 11:00:00+00:00,33574.25
2024-08-05 12:00:00+00:00,33800
2024-08-05 13:00:00+00:00,33685.5
2024-08-05 14:00:00+00:00,33543.25
2024-08-05 15:00:00+00:00,33679.75
2024-08-05 16:00:00+00:00,33805
2024-08-05 17:00:00+00:00,34040.25
2024-08-05 18:00:00+00:00,34019
2024-08-05 19:00:00+00:00,34355
2024-08-05 20:00:00+00:00,33084.5
2024-08-05 21:00:00+00:00,30535
2024-08-05 22:00:00+00:00,28276.25
2024-08-05 23:00:00+00:00,26574
2024-08-06 00:00:00+00:00,25222.25
2024-08-06 01:00:00+00:00,24385.75
2024-08-06 02:00:00+00:00,23992.75
2024-08-06 03:00:00+00:00,24140
2024-08-06 04:00:00+00:00,25882.5
2024-08-06 05:00:00+00:00,27574.25
2024-08-06 06:00:00+00:00,28690.5
2024-08-06 07:00:00+00:00,29814.5
2024-08-06 08:00:00+00:00,30528.75
2024-08-06 09:00:00+00:00,31179
2024-08-06 10:00:00+00:00,31876.25
2024-08-06 11:00:00+00:00,32812.75
2024-08-06 12:00:00+00:00,33051.25
2024-08-06 13:00:00+00:00,32735.5
2024-08-06 14:00:00+00:00,32629.25
2024-08-06 15:00:00+00:00,32884
2024-08-06 16:00:00+00:00,33137
2024-08-06 17:00:00+00:00,33413.5
2024-08-06 18:00:00+00:00,33418.75
2024-08-06 19:00:00+00:00,33639.25
2024-08-06 20:00:00+00:00,32354
2024-08-06 21:00:00+00:00,30040.5
2024-08-06 22:00:00+00:00,28517.25
2024-08-06 23:00:00+00:00,26698.5
2024-08-07 00:00:00+00:00,25425.25
2024-08-07 01:00:00+00:00,24634.5
2024-08-07 02:00:00+00:00,24176.75
2024-08-07 03:00:00+00:00,24353
2024-08-07 04:00:00+00:00,26059.75
2024-08-07 05:00:00+00:00,27670
2024-08-07 06:00:00+00:00,28816.25
2024-08-07 07:00:00+00:00,29974.5
2024-08-07 08:00:00+00:00,30644
2024-08-07 09:00:00+00:00,31240.75
2024-08-07 10:00:00+00:00,32040.5
2024-08-07 11:00:00+00:00,33010.25
2024-08-07 12:00:00+00:00,33269
2024-08-07 13:00:00+00:00,32933.75
2024-08-07 14:00:00+00:00,32762.25
2024-08-07 15:00:00+00:00,32940.75
2024-08-07 16:00:00+00:00,33234.5
2024-08-07 17:00:00+00:00,33623.5
2024-08-07 18:00:00+00:00,33692.25
2024-08-07 19:00:00+00:00,34064
2024-08-07 20:00:00+00:00,32672.25
2024-08-07 21:00:00+00:00,30350
2024-08-07 22:00:00+00:00,28475
2024-08-07 23:00:00+00:00,26756.5
2024-08-08 00:00:00+00:00,25433
2024-08-08 01:00:00+00:00,24615.75
2024-08-08 02:00:00+00:00,24186.25
2024-08-08 03:00:00+00:00,24320.25
2024-08-08 04:00:00+00:00,26007
2024-08-08 05:00:00+00:00,27620.75
2024-08-08 06:00:00+00:00,28641.25
2024-08-08 07:00:00+00:00,29617.5
2024-08-08 08:00:00+00:00,30400.75
2024-08-08 09:00:00+00:00,31065.75
2024-08-08 10:00:00+00:00,31879.5
2024-08-08 11:00:00+00:00,32735.75
2024-08-08 12:00:00+00:00,33053.5
2024-08-08 13:00:00+00:00,32743
2024-08-08 14:00:00+00:00,32726.25
2024-08-08 15:00:00+00:00,32900
2024-08-08 16:00:00+00:00,33160
2024-08-08 17:00:00+00:00,33422.75
2024-08-08 18:00:00+00:00,33620.5
2024-08-08 19:00:00+00:00,33771.25
2024-08-08 20:00:00+00:00,32658
2024-08-08 21:00:00+00:00,30334.75
2024-08-08 22:00:00+00:00,28648
2024-08-08 23:00:00+00:00,26873.75
2024-08-09 00:00:00+00:00,25501.5
2024-08-09 01:00:00+00:00,24625.5
2024-08-09 02:00:00+00:00,24184
2024-08-09 03:00:00+00:00,24316.25
2024-08-09 04:00:00+00:00,25975.75
2024-08-09 05:00:00+00:00,27599
2024-08-09 06:00:00+00:00,28723
2024-08-09 07:00:00+00:00,29885.75
2024-08-09 08:00:00+00:00,30749.5
2024-08-09 09:00:00+00:00,31427.5
2024-08-09 10:00:00+00:00,32198
2024-08-09 11:00:00+00:00,32876.25
2024-08-09 12:00:00+00:00,33102.5
2024-08-09 13:00:00+00:00,32606.5
2024-08-09 14:00:00+00:00,32443.5
2024-08-09 15:00:00+00:00,32509.5
2024-08-09 16:00:00+00:00,32870.5
2024-08-09 17:00:00+00:00,32991
2024-08-09 18:00:00+00:00,32932.25
2024-08-09 19:00:00+00:00,32974.75
2024-08-09 20:00:00+00:00,31809.25
2024-08-09 21:00:00+00:00,29721.75
2024-08-09 22:00:00+00:00,28209.75
2024-08-09 23:00:00+00:00,26488.75
2024-08-10 00:00:00+00:00,25225.75
2024-08-10 01:00:00+00:00,24182.5
2024-08-10 02:00:00+00:00,23474
2024-08-10 03:00:00+00:00,23048
2024-08-10 04:00:00+00:00,23441
2024-08-10 05:00:00+00:00,23735.75
2024-08-10 06:00:00+00:00,24485.5
2024-08-10 07:00:00+00:00,25601
2024-08-10 08:00:00+00:00,26648.5
2024-08-10 09:00:00+00:00,27283
2024-08-10 10:00:00+00:00,27915.75
2024-08-10 11:00:00+00:00,28572.75
2024-08-10 12:00:00+00:00,29067.5
2024-08-10 13:00:00+00:00,29161
2024-08-10 14:00:00+00:00,28980.75
2024-08-10 15:00:00+00:00,29188.75
2024-08-10 16:00:00+00:00,29916.25
2024-08-10 17:00:00+00:00,30547.5
2024-08-10 18:00:00+00:00,30906.5
2024-08-10 19:00:00+00:00,31299
2024-08-10 20:00:00+00:00,30418
2024-08-10 21:00:00+00:00,28453.25
2024-08-10 22:00:00+00:00,26959.5
2024-08-10 23:00:00+00:00,25305
2024-08-11 00:00:00+00:00,23946.25
2024-08-11 01:00:00+00:00,22969
2024-08-11 02:00:00+00:00,22304.25
2024-08-11 03:00:00+00:00,22033.5
2024-08-11 04:00:00+00:00,22072.25
2024-08-11 05:00:00+00:00,21774
2024-08-11 06:00:00+00:00,21929
2024-08-11 07:00:00+00:00,22759.5
2024-08-11 08:00:00+00:00,23812.25
2024-08-11 09:00:00+00:00,24784
2024-08-11 10:00:00+00:00,25581.25
2024-08-11 11:00:00+00:00,26408.5
2024-08-11 12:00:00+00:00,27418.75
2024-08-11 13:00:00+00:00,27350.25
2024-08-11 14:00:00+00:00,27243.5
2024-08-11 15:00:00+00:00,27839.25
2024-08-11 16:00:00+00:00,28672
2024-08-11 17:00:00+00:00,29546.25
2024-08-11 18:00:00+00:00,30085.5
2024-08-11 19:00:00+00:00,31069.25
2024-08-11 20:00:00+00:00,31047.5
2024-08-11 21:00:00+00:00,29164.75
2024-08-11 22:00:00+00:00,27284.25
2024-08-11 23:00:00+00:00,25500.5
2024-08-12 00:00:00+00:00,24169
2024-08-12 01:00:00+00:00,23359
2024-08-12 02:00:00+00:00,22989
2024-08-12 03:00:00+00:00,23306
2024-08-12 04:00:00+00:00,25202.75
2024-08-12 05:00:00+00:00,26902
2024-08-12 06:00:00+00:00,28008.25
2024-08-12 07:00:00+00:00,29239.75
2024-08-12 08:00:00+00:00,30151.75
2024-08-12 09:00:00+00:00,30732
2024-08-12 10:00:00+00:00,31511
2024-08-12 11:00:00+00:00,32653.25
2024-08-12 12:00:00+00:00,33133.5
2024-08-12 13:00:00+00:00,32862.25
2024-08-12 14:00:00+00:00,32710.75
2024-08-12 15:00:00+00:00,32908.25
2024-08-12 16:00:00+00:00,32992.25
2024-08-12 17:00:00+00:00,33288.75
2024-08-12 18:00:00+00:00,33537.5
2024-08-12 19:00:00+00:00,34088
2024-08-12 20:00:00+00:00,32548.5
2024-08-12 21:00:00+00:00,30020.5
2024-08-12 22:00:00+00:00,27810
2024-08-12 23:00:00+00:00,26180.75
2024-08-13 00:00:00+00:00,24845.75
2024-08-13 01:00:00+00:00,24058.25
2024-08-13 02:00:00+00:00,23647.75
2024-08-13 03:00:00+00:00,23710.5
2024-08-13 04:00:00+00:00,25173.5
2024-08-13 05:00:00+00:00,26537.25
2024-08-13 06:00:00+00:00,27459.25
2024-08-13 07:00:00+00:00,28518
2024-08-13 08:00:00+00:00,29221.5
2024-08-13 09:00:00+00:00,29800
2024-08-13 10:00:00+00:00,30540
2024-08-13 11:00:00+00:00,31448
2024-08-13 12:00:00+00:00,31713.5
2024-08-13 13:00:00+00:00,31428.5
2024-08-13 14:00:00+00:00,31241.25
2024-08-13 15:00:00+00:00,31491.25
2024-08-13 16:00:00+00:00,31788.75
2024-08-13 17:00:00+00:00,32149.75
2024-08-13 18:00:00+00:00,32379
2024-08-13 19:00:00+00:00,32954.5
2024-08-13 20:00:00+00:00,31319.75
2024-08-13 21:00:00+00:00,29010.25
2024-08-13 22:00:00+00:00,26675.5
2024-08-13 23:00:00+00:00,25330.75
2024-08-14 00:00:00+00:00,23921.5
2024-08-14 01:00:00+00:00,23241.75
2024-08-14 02:00:00+00:00,22838.25
2024-08-14 03:00:00+00:00,22942.25
2024-08-14 04:00:00+00:00,24307.75
2024-08-14 05:00:00+00:00,25520.25
2024-08-14 06:00:00+00:00,26416
2024-08-14 07:00:00+00:00,27441.75
2024-08-14 08:00:00+00:00,28083
2024-08-14 09:00:00+00:00,28564
2024-08-14 10:00:00+00:00,29079.25
2024-08-14 11:00:00+00:00,30156.5
2024-08-14 12:00:00+00:00,30200.25
2024-08-14 13:00:00+00:00,29766.75
2024-08-14 14:00:00+00:00,29405.75
2024-08-14 15:00:00+00:00,29536.5
2024-08-14 16:00:00+00:00,29768
2024-08-14 17:00:00+00:00,30016
2024-08-14 18:00:00+00:00,30189.75
2024-08-14 19:00:00+00:00,30830.75
2024-08-14 20:00:00+00:00,29519.75
2024-08-14 21:00:00+00:00,27546.5
2024-08-14 22:00:00+00:00,25483.5
2024-08-14 23:00:00+00:00,24207
2024-08-15 00:00:00+00:00,22888.5
2024-08-15 01:00:00+00:00,22217.75
2024-08-15 02:00:00+00:00,21572.25
2024-08-15 03:00:00+00:00,21239.5
2024-08-15 04:00:00+00:00,21348
2024-08-15 05:00:00+00:00,21088.5
2024-08-15 06:00:00+00:00,20853
2024-08-15 07:00:00+00:00,21412.5
2024-08-15 08:00:00+00:00,22179.5
2024-08-15 09:00:00+00:00,22763.75
2024-08-15 10:00:00+00:00,23243.25
2024-08-15 11:00:00+00:00,24033
2024-08-15 12:00:00+00:00,24607.25
2024-08-15 13:00:00+00:00,23901.25
2024-08-15 14:00:00+00:00,23527.75
2024-08-15 15:00:00+00:00,23660.25
2024-08-15 16:00:00+00:00,23994.75
2024-08-15 17:00:00+00:00,24576.25
2024-08-15 18:00:00+00:00,25542.25
2024-08-15 19:00:00+00:00,27120.75
2024-08-15 20:00:00+00:00,26805.75
2024-08-15 21:00:00+00:00,25236.75
2024-08-15 22:00:00+00:00,24366.75
2024-08-15 23:00:00+00:00,23014.5
2024-08-16 00:00:00+00:00,22043
2024-08-16 01:00:00+00:00,21398.5
2024-08-16 02:00:00+00:00,20983.75
2024-08-16 03:00:00+00:00,21163.25
2024-08-16 04:00:00+00:00,22373
2024-08-16 05:00:00+00:00,23487
2024-08-16 06:00:00+00:00,24383
2024-08-16 07:00:00+00:00,25446.75
2024-08-16 08:00:00+00:00,26106.75
2024-08-16 09:00:00+00:00,26532
2024-08-16 10:00:00+00:00,26919
2024-08-16 11:00:00+00:00,27990.25
2024-08-16 12:00:00+00:00,28154.75
2024-08-16 13:00:00+00:00,27565.75
2024-08-16 14:00:00+00:00,27480
2024-08-16 15:00:00+00:00,27742.25
2024-08-16 16:00:00+00:00,28182.75
2024-08-16 17:00:00+00:00,28533.5
2024-08-16 18:00:00+00:00,28968.5
2024-08-16 19:00:00+00:00,29647.5
2024-08-16 20:00:00+00:00,28367.75
2024-08-16 21:00:00+00:00,26484.5
2024-08-16 22:00:00+00:00,25316
2024-08-16 23:00:00+00:00,23801.75
2024-08-17 00:00:00+00:00,22728.75
2024-08-17 01:00:00+00:00,21902.75
2024-08-17 02:00:00+00:00,21364.75
2024-08-17 03:00:00+00:00,21070
2024-08-17 04:00:00+00:00,21365
2024-08-17 05:00:00+00:00,21592.5
2024-08-17 06:00:00+00:00,22177.75
2024-08-17 07:00:00+00:00,23088.25
2024-08-17 08:00:00+00:00,24078.75
2024-08-17 09:00:00+00:00,24722.25
2024-08-17 10:00:00+00:00,25144.25
2024-08-17 11:00:00+00:00,25775.5
2024-08-17 12:00:00+00:00,26122.5
2024-08-17 13:00:00+00:00,25805.5
2024-08-17 14:00:00+00:00,25607
2024-08-17 15:00:00+00:00,25977.5
2024-08-17 16:00:00+00:00,26666
2024-08-17 17:00:00+00:00,27325.75
2024-08-17 18:00:00+00:00,27853.75
2024-08-17 19:00:00+00:00,28748.75
2024-08-17 20:00:00+00:00,27647.5
2024-08-17 21:00:00+00:00,25799.5
2024-08-17 22:00:00+00:00,24816
2024-08-17 23:00:00+00:00,23262.5
2024-08-18 00:00:00+00:00,22214.5
2024-08-18 01:00:00+00:00,21376.75
2024-08-18 02:00:00+00:00,20834.75
2024-08-18 03:00:00+00:00,20548.75
2024-08-18 04:00:00+00:00,20616.25
2024-08-18 05:00:00+00:00,20468
2024-08-18 06:00:00+00:00,20532.5
2024-08-18 07:00:00+00:00,21306.5
2024-08-18 08:00:00+00:00,22186
2024-08-18 09:00:00+00:00,22823
2024-08-18 10:00:00+00:00,23453
2024-08-18 11:00:00+00:00,24279
2024-08-18 12:00:00+00:00,24836.25
2024-08-18 13:00:00+00:00,24596.25
2024-08-18 14:00:00+00:00,24471.5
2024-08-18 15:00:00+00:00,24975
2024-08-18 16:00:00+00:00,25858
2024-08-18 17:00:00+00:00,26641.5
2024-08-18 18:00:00+00:00,27416
2024-08-18 19:00:00+00:00,28776
2024-08-18 20:00:00+00:00,28393
2024-08-18 21:00:00+00:00,26617.75
2024-08-18 22:00:00+00:00,25228.75
2024-08-18 23:00:00+00:00,23807
2024-08-19 00:00:00+00:00,22660.5
2024-08-19 01:00:00+00:00,21999
2024-08-19 02:00:00+00:00,21714.75
2024-08-19 03:00:00+00:00,22075.75
2024-08-19 04:00:00+00:00,23864
2024-08-19 05:00:00+00:00,25644.25
2024-08-19 06:00:00+00:00,26825.5
2024-08-19 07:00:00+00:00,27949.25
2024-08-19 08:00:00+00:00,28631
2024-08-19 09:00:00+00:00,29154.5
2024-08-19 10:00:00+00:00,29866.75
2024-08-19 11:00:00+00:00,30950.25
2024-08-19 12:00:00+00:00,31207.25
2024-08-19 13:00:00+00:00,30806.5
2024-08-19 14:00:00+00:00,30569.25
2024-08-19 15:00:00+00:00,30844.25
2024-08-19 16:00:00+00:00,31060.25
2024-08-19 17:00:00+00:00,31221
2024-08-19 18:00:00+00:00,31386.5
2024-08-19 19:00:00+00:00,32440.5
2024-08-19 20:00:00+00:00,30766.75
2024-08-19 21:00:00+00:00,28498
2024-08-19 22:00:00+00:00,26663.75
2024-08-19 23:00:00+00:00,25051.5
2024-08-20 00:00:00+00:00,23907.25
2024-08-20 01:00:00+00:00,23158
2024-08-20 02:00:00+00:00,22877
2024-08-20 03:00:00+00:00,23045.25
2024-08-20 04:00:00+00:00,24589.25
2024-08-20 05:00:00+00:00,26068
2024-08-20 06:00:00+00:00,26951.75
2024-08-20 07:00:00+00:00,27929.75
2024-08-20 08:00:00+00:00,28466.5
2024-08-20 09:00:00+00:00,28935.5
2024-08-20 10:00:00+00:00,29586
2024-08-20 11:00:00+00:00,30333
2024-08-20 12:00:00+00:00,30721.5
2024-08-20 13:00:00+00:00,30298
2024-08-20 14:00:00+00:00,30144.5
2024-08-20 15:00:00+00:00,30524.5
2024-08-20 16:00:00+00:00,30857
2024-08-20 17:00:00+00:00,31098.25
2024-08-20 18:00:00+00:00,31441.75
2024-08-20 19:00:00+00:00,32305
2024-08-20 20:00:00+00:00,30585.75
2024-08-20 21:00:00+00:00,28358.5
2024-08-20 22:00:00+00:00,27130.25
2024-08-20 23:00:00+00:00,25568.75
2024-08-21 00:00:00+00:00,24376.25
2024-08-21 01:00:00+00:00,23643
2024-08-21 02:00:00+00:00,23356
2024-08-21 03:00:00+00:00,23530.25
2024-08-21 04:00:00+00:00,25089
2024-08-21 05:00:00+00:00,26631
2024-08-21 06:00:00+00:00,27511.75
2024-08-21 07:00:00+00:00,28457.25
2024-08-21 08:00:00+00:00,29052.25
2024-08-21 09:00:00+00:00,29413.75
2024-08-21 10:00:00+00:00,30111.75
2024-08-21 11:00:00+00:00,31037.75
2024-08-21 12:00:00+00:00,31216.75
2024-08-21 13:00:00+00:00,30828
2024-08-21 14:00:00+00:00,30725.75
2024-08-21 15:00:00+00:00,31066
2024-08-21 16:00:00+00:00,31364.5
2024-08-21 17:00:00+00:00,31625.5
2024-08-21 18:00:00+00:00,31939.75
2024-08-21 19:00:00+00:00,32633.5
2024-08-21 20:00:00+00:00,30956.75
2024-08-21 21:00:00+00:00,28576
2024-08-21 22:00:00+00:00,27218
2024-08-21 23:00:00+00:00,25824.25
2024-08-22 00:00:00+00:00,24465
2024-08-22 01:00:00+00:00,23691.25
2024-08-22 02:00:00+00:00,23451.25
2024-08-22 03:00:00+00:00,23592.5
2024-08-22 04:00:00+00:00,25122.25
2024-08-22 05:00:00+00:00,26646.25
2024-08-22 06:00:00+00:00,27516.5
2024-08-22 07:00:00+00:00,28533.5
2024-08-22 08:00:00+00:00,29007.25
2024-08-22 09:00:00+00:00,29556.5
2024-08-22 10:00:00+00:00,30242
2024-08-22 11:00:00+00:00,31264.25
2024-08-22 12:00:00+00:00,31332
2024-08-22 13:00:00+00:00,31037
2024-08-22 14:00:00+00:00,30908
2024-08-22 15:00:00+00:00,31496.25
2024-08-22 16:00:00+00:00,31875
2024-08-22 17:00:00+00:00,32299.5
2024-08-22 18:00:00+00:00,32522.75
2024-08-22 19:00:00+00:00,33027.5
2024-08-22 20:00:00+00:00,31275
2024-08-22 21:00:00+00:00,29042
2024-08-22 22:00:00+00:00,27508.75
2024-08-22 23:00:00+00:00,25985.25
2024-08-23 00:00:00+00:00,24655
2024-08-23 01:00:00+00:00,23851.25
2024-08-23 02:00:00+00:00,23532.5
2024-08-23 03:00:00+00:00,23605.5
2024-08-23 04:00:00+00:00,25061
2024-08-23 05:00:00+00:00,26443.25
2024-08-23 06:00:00+00:00,27234
2024-08-23 07:00:00+00:00,28321.75
2024-08-23 08:00:00+00:00,28927.75
2024-08-23 09:00:00+00:00,29389.25
2024-08-23 10:00:00+00:00,29928
2024-08-23 11:00:00+00:00,30803.75
2024-08-23 12:00:00+00:00,31065
2024-08-23 13:00:00+00:00,30536
2024-08-23 14:00:00+00:00,30381.75
2024-08-23 15:00:00+00:00,30706.5
2024-08-23 16:00:00+00:00,31065.25
2024-08-23 17:00:00+00:00,31224
2024-08-23 18:00:00+00:00,31428
2024-08-23 19:00:00+00:00,31944.5
2024-08-23 20:00:00+00:00,30363.25
2024-08-23 21:00:00+00:00,28421
2024-08-23 22:00:00+00:00,26999.5
2024-08-23 23:00:00+00:00,25570.75
2024-08-24 00:00:00+00:00,24358.75
2024-08-24 01:00:00+00:00,23438.25
2024-08-24 02:00:00+00:00,22831
2024-08-24 03:00:00+00:00,22428.5
2024-08-24 04:00:00+00:00,22738.75
2024-08-24 05:00:00+00:00,23213.75
2024-08-24 06:00:00+00:00,23612.5
2024-08-24 07:00:00+00:00,24572.75
2024-08-24 08:00:00+00:00,25641.5
2024-08-24 09:00:00+00:00,26142.75
2024-08-24 10:00:00+00:00,26716.5
2024-08-24 11:00:00+00:00,27455.75
2024-08-24 12:00:00+00:00,28006
2024-08-24 13:00:00+00:00,27805.25
2024-08-24 14:00:00+00:00,27636.5
2024-08-24 15:00:00+00:00,27911.75
2024-08-24 16:00:00+00:00,28621.25
2024-08-24 17:00:00+00:00,29172.25
2024-08-24 18:00:00+00:00,29602
2024-08-24 19:00:00+00:00,30451.75
2024-08-24 20:00:00+00:00,29061
2024-08-24 21:00:00+00:00,27174.5
2024-08-24 22:00:00+00:00,25794
2024-08-24 23:00:00+00:00,24410.5
2024-08-25 00:00:00+00:00,23157
2024-08-25 01:00:00+00:00,22359.75
2024-08-25 02:00:00+00:00,21778.5
2024-08-25 03:00:00+00:00,21489.5
2024-08-25 04:00:00+00:00,21546
2024-08-25 05:00:00+00:00,21588.5
2024-08-25 06:00:00+00:00,21698.5
2024-08-25 07:00:00+00:00,22377.25
2024-08-25 08:00:00+00:00,23184
2024-08-25 09:00:00+00:00,23809.5
2024-08-25 10:00:00+00:00,24512.5
2024-08-25 11:00:00+00:00,25518.5
2024-08-25 12:00:00+00:00,25982.75
2024-08-25 13:00:00+00:00,25669
2024-08-25 14:00:00+00:00,25482.5
2024-08-25 15:00:00+00:00,25993.5
2024-08-25 16:00:00+00:00,26744.25
2024-08-25 17:00:00+00:00,27514.75
2024-08-25 18:00:00+00:00,28311
2024-08-25 19:00:00+00:00,29653
2024-08-25 20:00:00+00:00,29136.5
2024-08-25 21:00:00+00:00,27355.25
2024-08-25 22:00:00+00:00,25909
2024-08-25 23:00:00+00:00,24526.5
2024-08-26 00:00:00+00:00,23315.5
2024-08-26 01:00:00+00:00,22699.75
2024-08-26 02:00:00+00:00,22492.5
2024-08-26 03:00:00+00:00,22942.25
2024-08-26 04:00:00+00:00,25123.75
2024-08-26 05:00:00+00:00,27221.75
2024-08-26 06:00:00+00:00,28410
2024-08-26 07:00:00+00:00,29705
2024-08-26 08:00:00+00:00,30119.75
2024-08-26 09:00:00+00:00,30353.75
2024-08-26 10:00:00+00:00,30905.75
2024-08-26 11:00:00+00:00,31908.25
2024-08-26 12:00:00+00:00,32098
2024-08-26 13:00:00+00:00,31713.75
2024-08-26 14:00:00+00:00,31622.75
2024-08-26 15:00:00+00:00,31988
2024-08-26 16:00:00+00:00,32125.75
2024-08-26 17:00:00+00:00,32351
2024-08-26 18:00:00+00:00,32649.25
2024-08-26 19:00:00+00:00,33411
2024-08-26 20:00:00+00:00,31375
2024-08-26 21:00:00+00:00,29049.25
2024-08-26 22:00:00+00:00,27240
2024-08-26 23:00:00+00:00,25694.25
2024-08-27 00:00:00+00:00,24629.25
2024-08-27 01:00:00+00:00,23921
2024-08-27 02:00:00+00:00,23694.75
2024-08-27 03:00:00+00:00,23934.25
2024-08-27 04:00:00+00:00,25775
2024-08-27 05:00:00+00:00,27683.25
2024-08-27 06:00:00+00:00,28711.75
2024-08-27 07:00:00+00:00,29879.75
2024-08-27 08:00:00+00:00,30391
2024-08-27 09:00:00+00:00,30826.5
2024-08-27 10:00:00+00:00,31545.5
2024-08-27 11:00:00+00:00,32367.25
2024-08-27 12:00:00+00:00,32602.5
2024-08-27 13:00:00+00:00,32243.75
2024-08-27 14:00:00+00:00,32189.75
2024-08-27 15:00:00+00:00,32543.25
2024-08-27 16:00:00+00:00,32729
2024-08-27 17:00:00+00:00,32910.25
2024-08-27 18:00:00+00:00,33191.25
2024-08-27 19:00:00+00:00,33818.5
2024-08-27 20:00:00+00:00,31699.75
2024-08-27 21:00:00+00:00,29350.75
2024-08-27 22:00:00+00:00,28051
2024-08-27 23:00:00+00:00,27107.5
2024-08-28 00:00:00+00:00,25723
2024-08-28 01:00:00+00:00,24845
2024-08-28 02:00:00+00:00,24387.75
2024-08-28 03:00:00+00:00,24532.25
2024-08-28 04:00:00+00:00,26119.5
2024-08-28 05:00:00+00:00,28070.25
2024-08-28 06:00:00+00:00,29227
2024-08-28 07:00:00+00:00,30294.75
2024-08-28 08:00:00+00:00,30745.5
2024-08-28 09:00:00+00:00,31470.75
2024-08-28 10:00:00+00:00,32059
2024-08-28 11:00:00+00:00,32821.25
2024-08-28 12:00:00+00:00,33128.25
2024-08-28 13:00:00+00:00,32885.25
2024-08-28 14:00:00+00:00,32770.25
2024-08-28 15:00:00+00:00,33010
2024-08-28 16:00:00+00:00,33173
2024-08-28 17:00:00+00:00,33192.5
2024-08-28 18:00:00+00:00,33447
2024-08-28 19:00:00+00:00,33951.25
2024-08-28 20:00:00+00:00,32430.75
2024-08-28 21:00:00+00:00,30083
2024-08-28 22:00:00+00:00,28033.25
2024-08-28 23:00:00+00:00,26577.5
2024-08-29 00:00:00+00:00,25432
2024-08-29 01:00:00+00:00,24723.25
2024-08-29 02:00:00+00:00,24416.75
2024-08-29 03:00:00+00:00,24659.5
2024-08-29 04:00:00+00:00,26434.5
2024-08-29 05:00:00+00:00,28283
2024-08-29 06:00:00+00:00,29345.25
2024-08-29 07:00:00+00:00,30548.75
2024-08-29 08:00:00+00:00,31091
2024-08-29 09:00:00+00:00,31497.75
2024-08-29 10:00:00+00:00,32005.25
2024-08-29 11:00:00+00:00,32828.75
2024-08-29 12:00:00+00:00,32886.5
2024-08-29 13:00:00+00:00,32379.25
2024-08-29 14:00:00+00:00,32237.75
2024-08-29 15:00:00+00:00,32600.25
2024-08-29 16:00:00+00:00,32870.5
2024-08-29 17:00:00+00:00,32898.5
2024-08-29 18:00:00+00:00,33249.5
2024-08-29 19:00:00+00:00,33694
2024-08-29 20:00:00+00:00,31394.75
2024-08-29 21:00:00+00:00,29102.5
2024-08-29 22:00:00+00:00,27685
2024-08-29 23:00:00+00:00,26400.25
2024-08-30 00:00:00+00:00,25138.5
2024-08-30 01:00:00+00:00,24364.75
2024-08-30 02:00:00+00:00,24032.5
2024-08-30 03:00:00+00:00,24266.25
2024-08-30 04:00:00+00:00,26090.5
2024-08-30 05:00:00+00:00,27998.5
2024-08-30 06:00:00+00:00,29004
2024-08-30 07:00:00+00:00,30087
2024-08-30 08:00:00+00:00,30672.25
2024-08-30 09:00:00+00:00,30912.25
2024-08-30 10:00:00+00:00,31278.75
2024-08-30 11:00:00+00:00,31822.5
2024-08-30 12:00:00+00:00,31801.75
2024-08-30 13:00:00+00:00,31109.5
2024-08-30 14:00:00+00:00,30810.75
2024-08-30 15:00:00+00:00,30941.75
2024-08-30 16:00:00+00:00,31203.75
2024-08-30 17:00:00+00:00,31405.5
2024-08-30 18:00:00+00:00,31702
2024-08-30 19:00:00+00:00,32176.75
2024-08-30 20:00:00+00:00,30297
2024-08-30 21:00:00+00:00,28217.25
2024-08-30 22:00:00+00:00,26716.5
2024-08-30 23:00:00+00:00,25414
2024-08-31 00:00:00+00:00,24200.25
2024-08-31 01:00:00+00:00,23359.25
2024-08-31 02:00:00+00:00,22883.75
2024-08-31 03:00:00+00:00,22580
2024-08-31 04:00:00+00:00,23015.75
2024-08-31 05:00:00+00:00,23626.75
2024-08-31 06:00:00+00:00,24195
2024-08-31 07:00:00+00:00,25262.75
2024-08-31 08:00:00+00:00,26298.5
2024-08-31 09:00:00+00:00,26829.75
2024-08-31 10:00:00+00:00,27283.25
2024-08-31 11:00:00+00:00,27841.25
2024-08-31 12:00:00+00:00,28011
2024-08-31 13:00:00+00:00,27724.25
2024-08-31 14:00:00+00:00,27540
2024-08-31 15:00:00+00:00,27742.25
2024-08-31 16:00:00+00:00,28303.75
2024-08-31 17:00:00+00:00,28642
2024-08-31 18:00:00+00:00,29279
2024-08-31 19:00:00+00:00,30211
2024-08-31 20:00:00+00:00,28473
2024-08-31 21:00:00+00:00,26615.25
2024-08-31 22:00:00+00:00,24733
2024-08-31 23:00:00+00:00,23546.5
2024-09-01 00:00:00+00:00,22428.5
2024-09-01 01:00:00+00:00,21748.5
2024-09-01 02:00:00+00:00,21253
2024-09-01 03:00:00+00:00,21095.75
2024-09-01 04:00:00+00:00,21360.25
2024-09-01 05:00:00+00:00,21493.25
2024-09-01 06:00:00+00:00,21547.75
2024-09-01 07:00:00+00:00,22264.75
2024-09-01 08:00:00+00:00,22960.25
2024-09-01 09:00:00+00:00,23548.75
2024-09-01 10:00:00+00:00,24269
2024-09-01 11:00:00+00:00,25053
2024-09-01 12:00:00+00:00,25413
2024-09-01 13:00:00+00:00,25135
2024-09-01 14:00:00+00:00,25012.25
2024-09-01 15:00:00+00:00,25506.75
2024-09-01 16:00:00+00:00,26275.25
2024-09-01 17:00:00+00:00,26784.25
2024-09-01 18:00:00+00:00,27827.75
2024-09-01 19:00:00+00:00,29336.25
2024-09-01 20:00:00+00:00,28188.75
2024-09-01 21:00:00+00:00,26366
2024-09-01 22:00:00+00:00,25316.75
2024-09-01 23:00:00+00:00,23926.5
2024-09-02 00:00:00+00:00,22971.25
2024-09-02 01:00:00+00:00,22475.25
2024-09-02 02:00:00+00:00,22439.5
2024-09-02 03:00:00+00:00,22998.25
2024-09-02 04:00:00+00:00,25504.5
2024-09-02 05:00:00+00:00,28293.5
2024-09-02 06:00:00+00:00,29380.25
2024-09-02 07:00:00+00:00,30605.5
2024-09-02 08:00:00+00:00,31020.75
2024-09-02 09:00:00+00:00,30600.75
2024-09-02 10:00:00+00:00,30667.5
2024-09-02 11:00:00+00:00,31331
2024-09-02 12:00:00+00:00,32133.5
2024-09-02 13:00:00+00:00,31901
2024-09-02 14:00:00+00:00,31954
2024-09-02 15:00:00+00:00,32453.5
2024-09-02 16:00:00+00:00,32722
2024-09-02 17:00:00+00:00,32524
2024-09-02 18:00:00+00:00,32865.75
2024-09-02 19:00:00+00:00,33426.25
2024-09-02 20:00:00+00:00,31088.5
2024-09-02 21:00:00+00:00,28678.5
2024-09-02 22:00:00+00:00,26686.25
2024-09-02 23:00:00+00:00,25418.25
2024-09-03 00:00:00+00:00,24394.75
2024-09-03 01:00:00+00:00,23887.5
2024-09-03 02:00:00+00:00,23678.25
2024-09-03 03:00:00+00:00,24016.25
2024-09-03 04:00:00+00:00,25913.5
2024-09-03 05:00:00+00:00,28258.75
2024-09-03 06:00:00+00:00,29458
2024-09-03 07:00:00+00:00,30216.25
2024-09-03 08:00:00+00:00,30478
2024-09-03 09:00:00+00:00,30598.5
2024-09-03 10:00:00+00:00,31007.75
2024-09-03 11:00:00+00:00,31646.25
2024-09-03 12:00:00+00:00,31677
2024-09-03 13:00:00+00:00,31302.5
2024-09-03 14:00:00+00:00,31275
2024-09-03 15:00:00+00:00,31721.25
2024-09-03 16:00:00+00:00,31807.75
2024-09-03 17:00:00+00:00,31669.5
2024-09-03 18:00:00+00:00,32443
2024-09-03 19:00:00+00:00,32858.25
2024-09-03 20:00:00+00:00,30188.75
2024-09-03 21:00:00+00:00,27910.5
2024-09-03 22:00:00+00:00,26572.5
2024-09-03 23:00:00+00:00,25473.5
2024-09-04 00:00:00+00:00,24315.25
2024-09-04 01:00:00+00:00,23723.5
2024-09-04 02:00:00+00:00,23499.75
2024-09-04 03:00:00+00:00,23858
2024-09-04 04:00:00+00:00,25857.75
2024-09-04 05:00:00+00:00,28266.25
2024-09-04 06:00:00+00:00,29421.25
2024-09-04 07:00:00+00:00,30234.75
2024-09-04 08:00:00+00:00,30538.25
2024-09-04 09:00:00+00:00,30663.5
2024-09-04 10:00:00+00:00,30951
2024-09-04 11:00:00+00:00,31339.75
2024-09-04 12:00:00+00:00,31094.75
2024-09-04 13:00:00+00:00,30584.5
2024-09-04 14:00:00+00:00,30459
2024-09-04 15:00:00+00:00,30727.5
2024-09-04 16:00:00+00:00,30867.25
2024-09-04 17:00:00+00:00,30976.75
2024-09-04 18:00:00+00:00,31982.75
2024-09-04 19:00:00+00:00,32395.5
2024-09-04 20:00:00+00:00,29856.5
2024-09-04 21:00:00+00:00,27637.75
2024-09-04 22:00:00+00:00,25118.25
2024-09-04 23:00:00+00:00,24097.75
2024-09-05 00:00:00+00:00,23018.25
2024-09-05 01:00:00+00:00,22592.75
2024-09-05 02:00:00+00:00,22455.75
2024-09-05 03:00:00+00:00,22840.75
2024-09-05 04:00:00+00:00,24995.5
2024-09-05 05:00:00+00:00,27346
2024-09-05 06:00:00+00:00,28460.25
2024-09-05 07:00:00+00:00,29439
2024-09-05 08:00:00+00:00,29574.25
2024-09-05 09:00:00+00:00,29474.5
2024-09-05 10:00:00+00:00,29485.5
2024-09-05 11:00:00+00:00,30148.25
2024-09-05 12:00:00+00:00,29486
2024-09-05 13:00:00+00:00,28925.25
2024-09-05 14:00:00+00:00,28865.5
2024-09-05 15:00:00+00:00,29193.25
2024-09-05 16:00:00+00:00,29537.5
2024-09-05 17:00:00+00:00,29829.25
2024-09-05 18:00:00+00:00,30916.75
2024-09-05 19:00:00+00:00,31300
2024-09-05 20:00:00+00:00,28709.75
2024-09-05 21:00:00+00:00,26506
2024-09-05 22:00:00+00:00,25056
2024-09-05 23:00:00+00:00,23787
2024-09-06 00:00:00+00:00,22890.75
2024-09-06 01:00:00+00:00,22473
2024-09-06 02:00:00+00:00,22318
2024-09-06 03:00:00+00:00,22713.75
2024-09-06 04:00:00+00:00,24756.75
2024-09-06 05:00:00+00:00,27217.75
2024-09-06 06:00:00+00:00,28107.75
2024-09-06 07:00:00+00:00,28874.75
2024-09-06 08:00:00+00:00,29027
2024-09-06 09:00:00+00:00,29161.5
2024-09-06 10:00:00+00:00,29304
2024-09-06 11:00:00+00:00,29501.25
2024-09-06 12:00:00+00:00,29163.25
2024-09-06 13:00:00+00:00,28524.75
2024-09-06 14:00:00+00:00,28602.75
2024-09-06 15:00:00+00:00,28956
2024-09-06 16:00:00+00:00,29370.25
2024-09-06 17:00:00+00:00,29641.75
2024-09-06 18:00:00+00:00,30422.75
2024-09-06 19:00:00+00:00,30590.75
2024-09-06 20:00:00+00:00,28139.25
2024-09-06 21:00:00+00:00,26109.75
2024-09-06 22:00:00+00:00,24747.5
2024-09-06 23:00:00+00:00,23612
2024-09-07 00:00:00+00:00,22627.25
2024-09-07 01:00:00+00:00,21946.5
2024-09-07 02:00:00+00:00,21563.25
2024-09-07 03:00:00+00:00,21326.75
2024-09-07 04:00:00+00:00,21763.5
2024-09-07 05:00:00+00:00,22512.75
2024-09-07 06:00:00+00:00,23223.5
2024-09-07 07:00:00+00:00,24492.25
2024-09-07 08:00:00+00:00,25368.5
2024-09-07 09:00:00+00:00,25554.75
2024-09-07 10:00:00+00:00,25573
2024-09-07 11:00:00+00:00,25935.5
2024-09-07 12:00:00+00:00,25745
2024-09-07 13:00:00+00:00,24892
2024-09-07 14:00:00+00:00,24454.75
2024-09-07 15:00:00+00:00,24887.5
2024-09-07 16:00:00+00:00,25516.25
2024-09-07 17:00:00+00:00,26258.5
2024-09-07 18:00:00+00:00,27553.75
2024-09-07 19:00:00+00:00,28157.5
2024-09-07 20:00:00+00:00,26442.5
2024-09-07 21:00:00+00:00,24644.75
2024-09-07 22:00:00+00:00,22944
2024-09-07 23:00:00+00:00,22007.25
2024-09-08 00:00:00+00:00,20698.25
2024-09-08 01:00:00+00:00,20087
2024-09-08 02:00:00+00:00,19758.75
2024-09-08 03:00:00+00:00,19630
2024-09-08 04:00:00+00:00,19954
2024-09-08 05:00:00+00:00,20218.5
2024-09-08 06:00:00+00:00,20347.25
2024-09-08 07:00:00+00:00,21193.25
2024-09-08 08:00:00+00:00,21958.5
2024-09-08 09:00:00+00:00,22274.5
2024-09-08 10:00:00+00:00,22453.75
2024-09-08 11:00:00+00:00,23303
2024-09-08 12:00:00+00:00,23616
2024-09-08 13:00:00+00:00,22863
2024-09-08 14:00:00+00:00,22684.5
2024-09-08 15:00:00+00:00,23160.75
2024-09-08 16:00:00+00:00,24027.5
2024-09-08 17:00:00+00:00,24808.5
2024-09-08 18:00:00+00:00,26187.5
2024-09-08 19:00:00+00:00,27509.75
2024-09-08 20:00:00+00:00,26360.75
2024-09-08 21:00:00+00:00,24612
2024-09-08 22:00:00+00:00,22855.5
2024-09-08 23:00:00+00:00,21765.25
2024-09-09 00:00:00+00:00,20998
2024-09-09 01:00:00+00:00,20666
2024-09-09 02:00:00+00:00,20770
2024-09-09 03:00:00+00:00,21149.75
2024-09-09 04:00:00+00:00,23603.25
2024-09-09 05:00:00+00:00,26190.5
2024-09-09 06:00:00+00:00,27234.5
2024-09-09 07:00:00+00:00,27772.75
2024-09-09 08:00:00+00:00,28039.5
2024-09-09 09:00:00+00:00,28093.25
2024-09-09 10:00:00+00:00,28221.5
2024-09-09 11:00:00+00:00,28487.75
2024-09-09 12:00:00+00:00,28203.75
2024-09-09 13:00:00+00:00,27637.75
2024-09-09 14:00:00+00:00,27713.5
2024-09-09 15:00:00+00:00,28270
2024-09-09 16:00:00+00:00,28724.75
2024-09-09 17:00:00+00:00,29214.75
2024-09-09 18:00:00+00:00,30366
2024-09-09 19:00:00+00:00,31043.75
2024-09-09 20:00:00+00:00,28362.75
2024-09-09 21:00:00+00:00,26168.25
2024-09-09 22:00:00+00:00,24506.5
2024-09-09 23:00:00+00:00,23358
2024-09-10 00:00:00+00:00,22562.25
2024-09-10 01:00:00+00:00,22271.25
2024-09-10 02:00:00+00:00,21992.75
2024-09-10 03:00:00+00:00,22493.75
2024-09-10 04:00:00+00:00,24741.5
2024-09-10 05:00:00+00:00,27623.75
2024-09-10 06:00:00+00:00,28815.5
2024-09-10 07:00:00+00:00,29082.5
2024-09-10 08:00:00+00:00,29077.5
2024-09-10 09:00:00+00:00,29192.5
2024-09-10 10:00:00+00:00,29325.75
2024-09-10 11:00:00+00:00,29604
2024-09-10 12:00:00+00:00,29145.5
2024-09-10 13:00:00+00:00,28578.25
2024-09-10 14:00:00+00:00,28602.75
2024-09-10 15:00:00+00:00,29207
2024-09-10 16:00:00+00:00,29646.25
2024-09-10 17:00:00+00:00,30091.75
2024-09-10 18:00:00+00:00,31243.25
2024-09-10 19:00:00+00:00,31404
2024-09-10 20:00:00+00:00,28711.5
2024-09-10 21:00:00+00:00,26337.5
2024-09-10 22:00:00+00:00,25101
2024-09-10 23:00:00+00:00,23994.5
2024-09-11 00:00:00+00:00,23112.75
2024-09-11 01:00:00+00:00,22596
2024-09-11 02:00:00+00:00,22540.5
2024-09-11 03:00:00+00:00,22646.5
2024-09-11 04:00:00+00:00,24373.25
2024-09-11 05:00:00+00:00,26641.5
2024-09-11 06:00:00+00:00,27400.25
2024-09-11 07:00:00+00:00,27916.25
2024-09-11 08:00:00+00:00,28076.75
2024-09-11 09:00:00+00:00,28046
2024-09-11 10:00:00+00:00,28127.25
2024-09-11 11:00:00+00:00,28443.25
2024-09-11 12:00:00+00:00,28103.75
2024-09-11 13:00:00+00:00,27372.25
2024-09-11 14:00:00+00:00,27187.75
2024-09-11 15:00:00+00:00,27621.25
2024-09-11 16:00:00+00:00,28151.75
2024-09-11 17:00:00+00:00,28917.25
2024-09-11 18:00:00+00:00,30318
2024-09-11 19:00:00+00:00,30801.25
2024-09-11 20:00:00+00:00,28304.75
2024-09-11 21:00:00+00:00,26001.25
2024-09-11 22:00:00+00:00,24364.75
2024-09-11 23:00:00+00:00,23304
2024-09-12 00:00:00+00:00,22522.75
2024-09-12 01:00:00+00:00,22135
2024-09-12 02:00:00+00:00,22037.75
2024-09-12 03:00:00+00:00,22504
2024-09-12 04:00:00+00:00,24873.25
2024-09-12 05:00:00+00:00,27735.5
2024-09-12 06:00:00+00:00,28956
2024-09-12 07:00:00+00:00,29169.25
2024-09-12 08:00:00+00:00,29115.25
2024-09-12 09:00:00+00:00,28847.25
2024-09-12 10:00:00+00:00,29000
2024-09-12 11:00:00+00:00,29304.25
2024-09-12 12:00:00+00:00,28929.75
2024-09-12 13:00:00+00:00,28420.75
2024-09-12 14:00:00+00:00,28553.25
2024-09-12 15:00:00+00:00,29343.5
2024-09-12 16:00:00+00:00,29697.5
2024-09-12 17:00:00+00:00,30117
2024-09-12 18:00:00+00:00,31544.75
2024-09-12 19:00:00+00:00,31271
2024-09-12 20:00:00+00:00,28530.25
2024-09-12 21:00:00+00:00,26250.5
2024-09-12 22:00:00+00:00,25053.75
2024-09-12 23:00:00+00:00,23936
2024-09-13 00:00:00+00:00,23011
2024-09-13 01:00:00+00:00,22581.25
2024-09-13 02:00:00+00:00,22433.25
2024-09-13 03:00:00+00:00,22762.5
2024-09-13 04:00:00+00:00,24907.25
2024-09-13 05:00:00+00:00,27677.25
2024-09-13 06:00:00+00:00,28771.25
2024-09-13 07:00:00+00:00,29062.5
2024-09-13 08:00:00+00:00,29058
2024-09-13 09:00:00+00:00,28939.75
2024-09-13 10:00:00+00:00,29000.25
2024-09-13 11:00:00+00:00,29115.75
2024-09-13 12:00:00+00:00,28439.75
2024-09-13 13:00:00+00:00,27652.25
2024-09-13 14:00:00+00:00,27410
2024-09-13 15:00:00+00:00,28063.5
2024-09-13 16:00:00+00:00,28424.5
2024-09-13 17:00:00+00:00,29063.75
2024-09-13 18:00:00+00:00,30355.25
2024-09-13 19:00:00+00:00,30193.5
2024-09-13 20:00:00+00:00,27562.75
2024-09-13 21:00:00+00:00,25473
2024-09-13 22:00:00+00:00,24044.5
2024-09-13 23:00:00+00:00,22887
2024-09-14 00:00:00+00:00,21968.5
2024-09-14 01:00:00+00:00,21310.5
2024-09-14 02:00:00+00:00,20899.75
2024-09-14 03:00:00+00:00,20674.25
2024-09-14 04:00:00+00:00,21252.75
2024-09-14 05:00:00+00:00,22238
2024-09-14 06:00:00+00:00,22858.75
2024-09-14 07:00:00+00:00,23803.75
2024-09-14 08:00:00+00:00,24270
2024-09-14 09:00:00+00:00,24217.25
2024-09-14 10:00:00+00:00,24146.75
2024-09-14 11:00:00+00:00,24251.25
2024-09-14 12:00:00+00:00,23979.25
2024-09-14 13:00:00+00:00,23027
2024-09-14 14:00:00+00:00,22800.25
2024-09-14 15:00:00+00:00,23288.75
2024-09-14 16:00:00+00:00,24296.25
2024-09-14 17:00:00+00:00,25077.75
2024-09-14 18:00:00+00:00,26597
2024-09-14 19:00:00+00:00,27100.25
2024-09-14 20:00:00+00:00,25266.25
2024-09-14 21:00:00+00:00,23958
2024-09-14 22:00:00+00:00,22035.75
2024-09-14 23:00:00+00:00,20790.5
2024-09-15 00:00:00+00:00,19970
2024-09-15 01:00:00+00:00,19414.5
2024-09-15 02:00:00+00:00,19086.5
2024-09-15 03:00:00+00:00,19031.25
2024-09-15 04:00:00+00:00,19368
2024-09-15 05:00:00+00:00,19888
2024-09-15 06:00:00+00:00,20120.75
2024-09-15 07:00:00+00:00,20742.75
2024-09-15 08:00:00+00:00,21418.5
2024-09-15 09:00:00+00:00,21730
2024-09-15 10:00:00+00:00,21797.75
2024-09-15 11:00:00+00:00,22244.25
2024-09-15 12:00:00+00:00,22304.25
2024-09-15 13:00:00+00:00,21313
2024-09-15 14:00:00+00:00,21125.75
2024-09-15 15:00:00+00:00,21706
2024-09-15 16:00:00+00:00,22840
2024-09-15 17:00:00+00:00,23995.5
2024-09-15 18:00:00+00:00,25802.5
2024-09-15 19:00:00+00:00,26972
2024-09-15 20:00:00+00:00,25672.25
2024-09-15 21:00:00+00:00,23865.75
2024-09-15 22:00:00+00:00,22402.25
2024-09-15 23:00:00+00:00,21377.25
2024-09-16 00:00:00+00:00,20755
2024-09-16 01:00:00+00:00,20384
2024-09-16 02:00:00+00:00,20381.75
2024-09-16 03:00:00+00:00,21018
2024-09-16 04:00:00+00:00,23683.75
2024-09-16 05:00:00+00:00,26907
2024-09-16 06:00:00+00:00,28051.25
2024-09-16 07:00:00+00:00,28145.75
2024-09-16 08:00:00+00:00,28102.25
2024-09-16 09:00:00+00:00,27818.75
2024-09-16 10:00:00+00:00,27862.5
2024-09-16 11:00:00+00:00,28058.25
2024-09-16 12:00:00+00:00,27783.5
2024-09-16 13:00:00+00:00,27298.25
2024-09-16 14:00:00+00:00,27487.5
2024-09-16 15:00:00+00:00,28315.25
2024-09-16 16:00:00+00:00,29116.5
2024-09-16 17:00:00+00:00,29804.5
2024-09-16 18:00:00+00:00,31513.75
2024-09-16 19:00:00+00:00,31494.75
2024-09-16 20:00:00+00:00,28461.25
2024-09-16 21:00:00+00:00,25878
2024-09-16 22:00:00+00:00,24529.25
2024-09-16 23:00:00+00:00,23303.25
2024-09-17 00:00:00+00:00,22591.25
2024-09-17 01:00:00+00:00,22200.5
2024-09-17 02:00:00+00:00,22068
2024-09-17 03:00:00+00:00,22487.25
2024-09-17 04:00:00+00:00,24685.25
2024-09-17 05:00:00+00:00,27612
2024-09-17 06:00:00+00:00,28679.75
2024-09-17 07:00:00+00:00,28715.25
2024-09-17 08:00:00+00:00,28495.5
2024-09-17 09:00:00+00:00,28293
2024-09-17 10:00:00+00:00,28303.75
2024-09-17 11:00:00+00:00,28644
2024-09-17 12:00:00+00:00,28218
2024-09-17 13:00:00+00:00,27767.75
2024-09-17 14:00:00+00:00,27798.5
2024-09-17 15:00:00+00:00,28506.25
2024-09-17 16:00:00+00:00,29065.75
2024-09-17 17:00:00+00:00,29824
2024-09-17 18:00:00+00:00,31616
2024-09-17 19:00:00+00:00,31450.25
2024-09-17 20:00:00+00:00,28435
2024-09-17 21:00:00+00:00,26008.75
2024-09-17 22:00:00+00:00,24695.25
2024-09-17 23:00:00+00:00,23462.25
2024-09-18 00:00:00+00:00,22632.75
2024-09-18 01:00:00+00:00,22183.25
2024-09-18 02:00:00+00:00,22023.75
2024-09-18 03:00:00+00:00,22500.25
2024-09-18 04:00:00+00:00,24780.75
2024-09-18 05:00:00+00:00,27803
2024-09-18 06:00:00+00:00,28659
2024-09-18 07:00:00+00:00,28762
2024-09-18 08:00:00+00:00,28466.5
2024-09-18 09:00:00+00:00,28206.75
2024-09-18 10:00:00+00:00,28199.25
2024-09-18 11:00:00+00:00,28231.75
2024-09-18 12:00:00+00:00,27753.25
2024-09-18 13:00:00+00:00,27195.5
2024-09-18 14:00:00+00:00,27231.25
2024-09-18 15:00:00+00:00,27942
2024-09-18 16:00:00+00:00,28555.5
2024-09-18 17:00:00+00:00,29104.25
2024-09-18 18:00:00+00:00,30751.75
2024-09-18 19:00:00+00:00,30883
2024-09-18 20:00:00+00:00,27866.25
2024-09-18 21:00:00+00:00,25502.75
2024-09-18 22:00:00+00:00,24359
2024-09-18 23:00:00+00:00,23227.25
2024-09-19 00:00:00+00:00,22488.75
2024-09-19 01:00:00+00:00,22098.25
2024-09-19 02:00:00+00:00,21981.25
2024-09-19 03:00:00+00:00,22438.5
2024-09-19 04:00:00+00:00,24714.75
2024-09-19 05:00:00+00:00,27643.75
2024-09-19 06:00:00+00:00,28706.75
2024-09-19 07:00:00+00:00,28930
2024-09-19 08:00:00+00:00,28762.25
2024-09-19 09:00:00+00:00,28592
2024-09-19 10:00:00+00:00,28712.25
2024-09-19 11:00:00+00:00,28817.25
2024-09-19 12:00:00+00:00,28368.5
2024-09-19 13:00:00+00:00,27788
2024-09-19 14:00:00+00:00,27818.25
2024-09-19 15:00:00+00:00,28363.25
2024-09-19 16:00:00+00:00,28927
2024-09-19 17:00:00+00:00,29657.75
2024-09-19 18:00:00+00:00,31423.75
2024-09-19 19:00:00+00:00,31051.25
2024-09-19 20:00:00+00:00,28083.5
2024-09-19 21:00:00+00:00,25815.25
2024-09-19 22:00:00+00:00,24242.5
2024-09-19 23:00:00+00:00,23168.25
2024-09-20 00:00:00+00:00,22363.5
2024-09-20 01:00:00+00:00,21950.25
2024-09-20 02:00:00+00:00,21831.5
2024-09-20 03:00:00+00:00,22273.25
2024-09-20 04:00:00+00:00,24547.25
2024-09-20 05:00:00+00:00,27537
2024-09-20 06:00:00+00:00,28586
2024-09-20 07:00:00+00:00,28761.25
2024-09-20 08:00:00+00:00,28718.25
2024-09-20 09:00:00+00:00,28563.75
2024-09-20 10:00:00+00:00,28534.75
2024-09-20 11:00:00+00:00,28567
2024-09-20 12:00:00+00:00,27892.5
2024-09-20 13:00:00+00:00,27111
2024-09-20 14:00:00+00:00,26956.25
2024-09-20 15:00:00+00:00,27512.25
2024-09-20 16:00:00+00:00,28075
2024-09-20 17:00:00+00:00,28602.5
2024-09-20 18:00:00+00:00,30166.5
2024-09-20 19:00:00+00:00,29667.25
2024-09-20 20:00:00+00:00,26893
2024-09-20 21:00:00+00:00,24826.25
2024-09-20 22:00:00+00:00,23730.75
2024-09-20 23:00:00+00:00,22616.75
2024-09-21 00:00:00+00:00,21769.75
2024-09-21 01:00:00+00:00,21165
2024-09-21 02:00:00+00:00,20826.5
2024-09-21 03:00:00+00:00,20692.25
2024-09-21 04:00:00+00:00,21187.5
2024-09-21 05:00:00+00:00,22231.5
2024-09-21 06:00:00+00:00,23050.5
2024-09-21 07:00:00+00:00,24215.5
2024-09-21 08:00:00+00:00,25018.5
2024-09-21 09:00:00+00:00,24957.25
2024-09-21 10:00:00+00:00,24878.5
2024-09-21 11:00:00+00:00,24868.75
2024-09-21 12:00:00+00:00,24476.75
2024-09-21 13:00:00+00:00,23486.75
2024-09-21 14:00:00+00:00,23044.75
2024-09-21 15:00:00+00:00,23407.75
2024-09-21 16:00:00+00:00,24228.5
2024-09-21 17:00:00+00:00,25084
2024-09-21 18:00:00+00:00,26675
2024-09-21 19:00:00+00:00,26829.5
2024-09-21 20:00:00+00:00,24900.5
2024-09-21 21:00:00+00:00,23183.25
2024-09-21 22:00:00+00:00,21763.75
2024-09-21 23:00:00+00:00,20690.25
2024-09-22 00:00:00+00:00,19819
2024-09-22 01:00:00+00:00,19298.5
2024-09-22 02:00:00+00:00,18962.25
2024-09-22 03:00:00+00:00,18882.25
2024-09-22 04:00:00+00:00,19189.75
2024-09-22 05:00:00+00:00,19819.75
2024-09-22 06:00:00+00:00,20160.5
2024-09-22 07:00:00+00:00,21083.5
2024-09-22 08:00:00+00:00,21864.75
2024-09-22 09:00:00+00:00,21983.75
2024-09-22 10:00:00+00:00,21969.25
2024-09-22 11:00:00+00:00,22441.75
2024-09-22 12:00:00+00:00,22506.75
2024-09-22 13:00:00+00:00,21463.25
2024-09-22 14:00:00+00:00,21023
2024-09-22 15:00:00+00:00,21526
2024-09-22 16:00:00+00:00,22571.25
2024-09-22 17:00:00+00:00,23566.5
2024-09-22 18:00:00+00:00,25776.75
2024-09-22 19:00:00+00:00,26539.75
2024-09-22 20:00:00+00:00,25116.5
2024-09-22 21:00:00+00:00,23238.75
2024-09-22 22:00:00+00:00,21673.5
2024-09-22 23:00:00+00:00,20570.5
2024-09-23 00:00:00+00:00,20013
2024-09-23 01:00:00+00:00,19695.75
2024-09-23 02:00:00+00:00,19680.5
2024-09-23 03:00:00+00:00,20328.25
2024-09-23 04:00:00+00:00,22952
2024-09-23 05:00:00+00:00,26218.5
2024-09-23 06:00:00+00:00,27552.25
2024-09-23 07:00:00+00:00,28039.75
2024-09-23 08:00:00+00:00,28009
2024-09-23 09:00:00+00:00,27859
2024-09-23 10:00:00+00:00,27921
2024-09-23 11:00:00+00:00,28097
2024-09-23 12:00:00+00:00,27631.75
2024-09-23 13:00:00+00:00,27016
2024-09-23 14:00:00+00:00,26909.25
2024-09-23 15:00:00+00:00,27376.75
2024-09-23 16:00:00+00:00,27813.25
2024-09-23 17:00:00+00:00,28250.75
2024-09-23 18:00:00+00:00,30215
2024-09-23 19:00:00+00:00,30079.75
2024-09-23 20:00:00+00:00,27061.5
2024-09-23 21:00:00+00:00,24743
2024-09-23 22:00:00+00:00,23356.25
2024-09-23 23:00:00+00:00,22324.75
2024-09-24 00:00:00+00:00,21604.25
2024-09-24 01:00:00+00:00,21215.25
2024-09-24 02:00:00+00:00,21159.5
2024-09-24 03:00:00+00:00,21641.5
2024-09-24 04:00:00+00:00,23858
2024-09-24 05:00:00+00:00,26851.75
2024-09-24 06:00:00+00:00,27753.75
2024-09-24 07:00:00+00:00,28031
2024-09-24 08:00:00+00:00,27957
2024-09-24 09:00:00+00:00,27769
2024-09-24 10:00:00+00:00,27764.75
2024-09-24 11:00:00+00:00,27888.75
2024-09-24 12:00:00+00:00,27436.75
2024-09-24 13:00:00+00:00,26734
2024-09-24 14:00:00+00:00,26651.75
2024-09-24 15:00:00+00:00,27181
2024-09-24 16:00:00+00:00,27740
2024-09-24 17:00:00+00:00,28379.25
2024-09-24 18:00:00+00:00,30488.75
2024-09-24 19:00:00+00:00,30207
2024-09-24 20:00:00+00:00,27207.25
2024-09-24 21:00:00+00:00,24817.5
2024-09-24 22:00:00+00:00,23546
2024-09-24 23:00:00+00:00,22515.5
2024-09-25 00:00:00+00:00,21855
2024-09-25 01:00:00+00:00,21488
2024-09-25 02:00:00+00:00,21365.75
2024-09-25 03:00:00+00:00,21813.5
2024-09-25 04:00:00+00:00,24327.25
2024-09-25 05:00:00+00:00,27739.25
2024-09-25 06:00:00+00:00,28913.5
2024-09-25 07:00:00+00:00,29038.25
2024-09-25 08:00:00+00:00,29071.5
2024-09-25 09:00:00+00:00,28854
2024-09-25 10:00:00+00:00,28922.25
2024-09-25 11:00:00+00:00,29146
2024-09-25 12:00:00+00:00,28738.5
2024-09-25 13:00:00+00:00,28087.75
2024-09-25 14:00:00+00:00,27978
2024-09-25 15:00:00+00:00,28491.5
2024-09-25 16:00:00+00:00,28793.25
2024-09-25 17:00:00+00:00,29360
2024-09-25 18:00:00+00:00,31260
2024-09-25 19:00:00+00:00,31004.25
2024-09-25 20:00:00+00:00,27816
2024-09-25 21:00:00+00:00,25425
2024-09-25 22:00:00+00:00,24227.5
2024-09-25 23:00:00+00:00,23097.25
2024-09-26 00:00:00+00:00,22423
2024-09-26 01:00:00+00:00,22041.5
2024-09-26 02:00:00+00:00,21973.5
2024-09-26 03:00:00+00:00,22418.25
2024-09-26 04:00:00+00:00,24898
2024-09-26 05:00:00+00:00,28226.5
2024-09-26 06:00:00+00:00,29582.75
2024-09-26 07:00:00+00:00,29866.75
2024-09-26 08:00:00+00:00,29850
2024-09-26 09:00:00+00:00,29824
2024-09-26 10:00:00+00:00,30035.75
2024-09-26 11:00:00+00:00,30232.75
2024-09-26 12:00:00+00:00,29822.75
2024-09-26 13:00:00+00:00,29345.5
2024-09-26 14:00:00+00:00,29328.25
2024-09-26 15:00:00+00:00,29826.25
2024-09-26 16:00:00+00:00,30246
2024-09-26 17:00:00+00:00,31008.25
2024-09-26 18:00:00+00:00,33019.75
2024-09-26 19:00:00+00:00,32075.25
2024-09-26 20:00:00+00:00,28935
2024-09-26 21:00:00+00:00,26423.25
2024-09-26 22:00:00+00:00,24743
2024-09-26 23:00:00+00:00,23565.5
2024-09-27 00:00:00+00:00,22562
2024-09-27 01:00:00+00:00,22263.75
2024-09-27 02:00:00+00:00,22065.75
2024-09-27 03:00:00+00:00,22479.5
2024-09-27 04:00:00+00:00,24884.75
2024-09-27 05:00:00+00:00,28168
2024-09-27 06:00:00+00:00,29240.5
2024-09-27 07:00:00+00:00,29542
2024-09-27 08:00:00+00:00,29450.5
2024-09-27 09:00:00+00:00,29142.5
2024-09-27 10:00:00+00:00,28956
2024-09-27 11:00:00+00:00,28955.75
2024-09-27 12:00:00+00:00,28147.75
2024-09-27 13:00:00+00:00,27275.75
2024-09-27 14:00:00+00:00,27111.75
2024-09-27 15:00:00+00:00,27543.25
2024-09-27 16:00:00+00:00,28106.25
2024-09-27 17:00:00+00:00,28845.5
2024-09-27 18:00:00+00:00,30640.25
2024-09-27 19:00:00+00:00,29865.5
2024-09-27 20:00:00+00:00,27190.5
2024-09-27 21:00:00+00:00,25049.75
2024-09-27 22:00:00+00:00,23584.75
2024-09-27 23:00:00+00:00,23069.75
2024-09-28 00:00:00+00:00,21794.25
2024-09-28 01:00:00+00:00,21221.5
2024-09-28 02:00:00+00:00,20713.5
2024-09-28 03:00:00+00:00,20532.5
2024-09-28 04:00:00+00:00,20883.25
2024-09-28 05:00:00+00:00,21837
2024-09-28 06:00:00+00:00,22692.75
2024-09-28 07:00:00+00:00,23763.25
2024-09-28 08:00:00+00:00,24442.25
2024-09-28 09:00:00+00:00,24413.75
2024-09-28 10:00:00+00:00,24135.75
2024-09-28 11:00:00+00:00,24089.5
2024-09-28 12:00:00+00:00,23644.75
2024-09-28 13:00:00+00:00,22632.5
2024-09-28 14:00:00+00:00,22140.75
2024-09-28 15:00:00+00:00,22438.75
2024-09-28 16:00:00+00:00,23381.75
2024-09-28 17:00:00+00:00,24403.25
2024-09-28 18:00:00+00:00,26081.25
2024-09-28 19:00:00+00:00,26438
2024-09-28 20:00:00+00:00,24750.5
2024-09-28 21:00:00+00:00,23193
2024-09-28 22:00:00+00:00,21373.25
2024-09-28 23:00:00+00:00,20231
2024-09-29 00:00:00+00:00,19385.25
2024-09-29 01:00:00+00:00,18903.5
2024-09-29 02:00:00+00:00,18711.5
2024-09-29 03:00:00+00:00,18672.75
2024-09-29 04:00:00+00:00,19160.25
2024-09-29 05:00:00+00:00,19807.5
2024-09-29 06:00:00+00:00,20084
2024-09-29 07:00:00+00:00,20816
2024-09-29 08:00:00+00:00,21272.5
2024-09-29 09:00:00+00:00,21248
2024-09-29 10:00:00+00:00,21141.25
2024-09-29 11:00:00+00:00,21454.25
2024-09-29 12:00:00+00:00,21578.5
2024-09-29 13:00:00+00:00,20528.75
2024-09-29 14:00:00+00:00,20340
2024-09-29 15:00:00+00:00,21079.5
2024-09-29 16:00:00+00:00,22246.25
2024-09-29 17:00:00+00:00,23491.25
2024-09-29 18:00:00+00:00,25814.5
2024-09-29 19:00:00+00:00,26354.25
2024-09-29 20:00:00+00:00,24920.75
2024-09-29 21:00:00+00:00,23077.75
2024-09-29 22:00:00+00:00,21164
2024-09-29 23:00:00+00:00,20258.5
2024-09-30 00:00:00+00:00,19684.25
2024-09-30 01:00:00+00:00,19375.5
2024-09-30 02:00:00+00:00,19437.75
2024-09-30 03:00:00+00:00,20159.5
2024-09-30 04:00:00+00:00,22932
2024-09-30 05:00:00+00:00,26463
2024-09-30 06:00:00+00:00,27833.25
2024-09-30 07:00:00+00:00,27982.25
2024-09-30 08:00:00+00:00,27835.25
2024-09-30 09:00:00+00:00,27360.25
2024-09-30 10:00:00+00:00,27240.25
2024-09-30 11:00:00+00:00,27324.5
2024-09-30 12:00:00+00:00,26894
2024-09-30 13:00:00+00:00,26276.5
2024-09-30 14:00:00+00:00,26430.25
2024-09-30 15:00:00+00:00,27393.25
2024-09-30 16:00:00+00:00,28132
2024-09-30 17:00:00+00:00,28892.25
2024-09-30 18:00:00+00:00,31000.25
2024-09-30 19:00:00+00:00,30318
2024-09-30 20:00:00+00:00,27225.25
2024-09-30 21:00:00+00:00,24831
2024-09-30 22:00:00+00:00,23562.5
2024-09-30 23:00:00+00:00,22442.75
2024-10-01 00:00:00+00:00,21708.75
2024-10-01 01:00:00+00:00,21340.25
2024-10-01 02:00:00+00:00,21315.25
2024-10-01 03:00:00+00:00,21833
2024-10-01 04:00:00+00:00,24251.75
2024-10-01 05:00:00+00:00,27584
2024-10-01 06:00:00+00:00,28668.5
2024-10-01 07:00:00+00:00,28833.25
2024-10-01 08:00:00+00:00,28434.75
2024-10-01 09:00:00+00:00,28172.25
2024-10-01 10:00:00+00:00,28113.75
2024-10-01 11:00:00+00:00,28279.25
2024-10-01 12:00:00+00:00,27957.5
2024-10-01 13:00:00+00:00,27416.75
2024-10-01 14:00:00+00:00,27496.25
2024-10-01 15:00:00+00:00,28166.75
2024-10-01 16:00:00+00:00,28633.25
2024-10-01 17:00:00+00:00,29584.25
2024-10-01 18:00:00+00:00,31677.75
2024-10-01 19:00:00+00:00,30834.5
2024-10-01 20:00:00+00:00,27787
2024-10-01 21:00:00+00:00,25428.5
2024-10-01 22:00:00+00:00,23779
2024-10-01 23:00:00+00:00,22726.75
2024-10-02 00:00:00+00:00,21897.75
2024-10-02 01:00:00+00:00,21558.75
2024-10-02 02:00:00+00:00,21516.5
2024-10-02 03:00:00+00:00,22015
2024-10-02 04:00:00+00:00,24510
2024-10-02 05:00:00+00:00,27896.5
2024-10-02 06:00:00+00:00,29164
2024-10-02 07:00:00+00:00,29213.75
2024-10-02 08:00:00+00:00,29005
2024-10-02 09:00:00+00:00,28659.5
2024-10-02 10:00:00+00:00,28706.5
2024-10-02 11:00:00+00:00,28828.25
2024-10-02 12:00:00+00:00,28411
2024-10-02 13:00:00+00:00,27999.75
2024-10-02 14:00:00+00:00,28077
2024-10-02 15:00:00+00:00,28763.25
2024-10-02 16:00:00+00:00,29091.25
2024-10-02 17:00:00+00:00,29860
2024-10-02 18:00:00+00:00,31809.75
2024-10-02 19:00:00+00:00,30721.75
2024-10-02 20:00:00+00:00,27723
2024-10-02 21:00:00+00:00,25277.75
2024-10-02 22:00:00+00:00,23983.75
2024-10-02 23:00:00+00:00,22857.25
2024-10-03 00:00:00+00:00,22125
2024-10-03 01:00:00+00:00,21711.25
2024-10-03 02:00:00+00:00,21621
2024-10-03 03:00:00+00:00,22181.75
2024-10-03 04:00:00+00:00,24607.5
2024-10-03 05:00:00+00:00,28027.25
2024-10-03 06:00:00+00:00,29367.5
2024-10-03 07:00:00+00:00,29480.5
2024-10-03 08:00:00+00:00,29204.75
2024-10-03 09:00:00+00:00,29067.75
2024-10-03 10:00:00+00:00,29079.75
2024-10-03 11:00:00+00:00,29038
2024-10-03 12:00:00+00:00,28495.5
2024-10-03 13:00:00+00:00,28110.5
2024-10-03 14:00:00+00:00,28067.5
2024-10-03 15:00:00+00:00,28617.25
2024-10-03 16:00:00+00:00,29006.75
2024-10-03 17:00:00+00:00,29847.75
2024-10-03 18:00:00+00:00,31637.5
2024-10-03 19:00:00+00:00,30614.25
2024-10-03 20:00:00+00:00,27740
2024-10-03 21:00:00+00:00,25433.5
2024-10-03 22:00:00+00:00,24020
2024-10-03 23:00:00+00:00,23042.75
2024-10-04 00:00:00+00:00,22293.75
2024-10-04 01:00:00+00:00,21975.5
2024-10-04 02:00:00+00:00,21808.75
2024-10-04 03:00:00+00:00,22246.5
2024-10-04 04:00:00+00:00,24533
2024-10-04 05:00:00+00:00,27726.25
2024-10-04 06:00:00+00:00,28900.25
2024-10-04 07:00:00+00:00,28855
2024-10-04 08:00:00+00:00,28460.25
2024-10-04 09:00:00+00:00,28062.5
2024-10-04 10:00:00+00:00,27848.25
2024-10-04 11:00:00+00:00,27699
2024-10-04 12:00:00+00:00,27225.5
2024-10-04 13:00:00+00:00,26484.5
2024-10-04 14:00:00+00:00,26466.5
2024-10-04 15:00:00+00:00,27156.25
2024-10-04 16:00:00+00:00,27916
2024-10-04 17:00:00+00:00,28633.75
2024-10-04 18:00:00+00:00,30437.25
2024-10-04 19:00:00+00:00,29548.5
2024-10-04 20:00:00+00:00,26814.75
2024-10-04 21:00:00+00:00,24759.25
2024-10-04 22:00:00+00:00,23474.75
2024-10-04 23:00:00+00:00,22329.75
2024-10-05 00:00:00+00:00,21458.25
2024-10-05 01:00:00+00:00,20944.75
2024-10-05 02:00:00+00:00,20581.25
2024-10-05 03:00:00+00:00,20486.5
2024-10-05 04:00:00+00:00,21044.75
2024-10-05 05:00:00+00:00,22183.75
2024-10-05 06:00:00+00:00,23061.25
2024-10-05 07:00:00+00:00,24121.5
2024-10-05 08:00:00+00:00,24520.75
2024-10-05 09:00:00+00:00,24322.75
2024-10-05 10:00:00+00:00,24051.5
2024-10-05 11:00:00+00:00,24164.5
2024-10-05 12:00:00+00:00,23803.5
2024-10-05 13:00:00+00:00,22897.75
2024-10-05 14:00:00+00:00,22718.75
2024-10-05 15:00:00+00:00,23198.25
2024-10-05 16:00:00+00:00,24148
2024-10-05 17:00:00+00:00,25113.5
2024-10-05 18:00:00+00:00,26896.75
2024-10-05 19:00:00+00:00,26619
2024-10-05 20:00:00+00:00,24864.75
2024-10-05 21:00:00+00:00,23257.5
2024-10-05 22:00:00+00:00,22000
2024-10-05 23:00:00+00:00,20892
2024-10-06 00:00:00+00:00,19959.25
2024-10-06 01:00:00+00:00,19437.25
2024-10-06 02:00:00+00:00,19135.25
2024-10-06 03:00:00+00:00,19102.75
2024-10-06 04:00:00+00:00,19489.5
2024-10-06 05:00:00+00:00,20298
2024-10-06 06:00:00+00:00,20709.75
2024-10-06 07:00:00+00:00,21399.25
2024-10-06 08:00:00+00:00,22086.25
2024-10-06 09:00:00+00:00,22175.25
2024-10-06 10:00:00+00:00,22229.5
2024-10-06 11:00:00+00:00,22739.5
2024-10-06 12:00:00+00:00,22819
2024-10-06 13:00:00+00:00,21906.25
2024-10-06 14:00:00+00:00,21821.25
2024-10-06 15:00:00+00:00,22577.25
2024-10-06 16:00:00+00:00,23764
2024-10-06 17:00:00+00:00,25257.5
2024-10-06 18:00:00+00:00,27495.25
2024-10-06 19:00:00+00:00,27317.5
2024-10-06 20:00:00+00:00,25819.25
2024-10-06 21:00:00+00:00,23870.75
2024-10-06 22:00:00+00:00,22257.5
2024-10-06 23:00:00+00:00,21161.75
2024-10-07 00:00:00+00:00,20514.75
2024-10-07 01:00:00+00:00,20183.75
2024-10-07 02:00:00+00:00,20204
2024-10-07 03:00:00+00:00,20912.5
2024-10-07 04:00:00+00:00,23725.75
2024-10-07 05:00:00+00:00,27377
2024-10-07 06:00:00+00:00,28871.5
2024-10-07 07:00:00+00:00,29144.25
2024-10-07 08:00:00+00:00,29058
2024-10-07 09:00:00+00:00,28779.5
2024-10-07 10:00:00+00:00,28806
2024-10-07 11:00:00+00:00,29046.5
2024-10-07 12:00:00+00:00,28585.25
2024-10-07 13:00:00+00:00,27916.5
2024-10-07 14:00:00+00:00,28066.5
2024-10-07 15:00:00+00:00,28740.75
2024-10-07 16:00:00+00:00,29112.75
2024-10-07 17:00:00+00:00,30054.5
2024-10-07 18:00:00+00:00,32065.75
2024-10-07 19:00:00+00:00,30875.25
2024-10-07 20:00:00+00:00,27760.25
2024-10-07 21:00:00+00:00,25195
2024-10-07 22:00:00+00:00,23859.25
2024-10-07 23:00:00+00:00,22731.75
2024-10-08 00:00:00+00:00,22122
2024-10-08 01:00:00+00:00,21760.25
2024-10-08 02:00:00+00:00,21739.75
2024-10-08 03:00:00+00:00,22255.5
2024-10-08 04:00:00+00:00,24627.75
2024-10-08 05:00:00+00:00,27966.5
2024-10-08 06:00:00+00:00,29301
2024-10-08 07:00:00+00:00,29404.75
2024-10-08 08:00:00+00:00,29158
2024-10-08 09:00:00+00:00,28897.25
2024-10-08 10:00:00+00:00,28841.75
2024-10-08 11:00:00+00:00,28968.5
2024-10-08 12:00:00+00:00,28393.75
2024-10-08 13:00:00+00:00,27789.25
2024-10-08 14:00:00+00:00,27900.5
2024-10-08 15:00:00+00:00,28356.25
2024-10-08 16:00:00+00:00,28616
2024-10-08 17:00:00+00:00,29707
2024-10-08 18:00:00+00:00,31685.75
2024-10-08 19:00:00+00:00,30662.5
2024-10-08 20:00:00+00:00,27565.5
2024-10-08 21:00:00+00:00,25132.5
2024-10-08 22:00:00+00:00,23767.25
2024-10-08 23:00:00+00:00,22702.5
2024-10-09 00:00:00+00:00,21996.75
2024-10-09 01:00:00+00:00,21663.25
2024-10-09 02:00:00+00:00,21609.75
2024-10-09 03:00:00+00:00,22053
2024-10-09 04:00:00+00:00,24223.5
2024-10-09 05:00:00+00:00,27311.25
2024-10-09 06:00:00+00:00,28614.25
2024-10-09 07:00:00+00:00,28700
2024-10-09 08:00:00+00:00,28470
2024-10-09 09:00:00+00:00,28221.75
2024-10-09 10:00:00+00:00,28278
2024-10-09 11:00:00+00:00,28340.5
2024-10-09 12:00:00+00:00,27889
2024-10-09 13:00:00+00:00,27293.5
2024-10-09 14:00:00+00:00,27291
2024-10-09 15:00:00+00:00,27655.75
2024-10-09 16:00:00+00:00,28196
2024-10-09 17:00:00+00:00,29474.75
2024-10-09 18:00:00+00:00,31518.75
2024-10-09 19:00:00+00:00,30627
2024-10-09 20:00:00+00:00,27764.25
2024-10-09 21:00:00+00:00,25290.5
2024-10-09 22:00:00+00:00,23911.5
2024-10-09 23:00:00+00:00,22807
2024-10-10 00:00:00+00:00,22072
2024-10-10 01:00:00+00:00,21814.25
2024-10-10 02:00:00+00:00,21743.5
2024-10-10 03:00:00+00:00,22228
2024-10-10 04:00:00+00:00,24534.5
2024-10-10 05:00:00+00:00,28007.5
2024-10-10 06:00:00+00:00,29454.5
2024-10-10 07:00:00+00:00,29358.5
2024-10-10 08:00:00+00:00,28893.75
2024-10-10 09:00:00+00:00,28374.75
2024-10-10 10:00:00+00:00,28330
2024-10-10 11:00:00+00:00,28238
2024-10-10 12:00:00+00:00,27576.75
2024-10-10 13:00:00+00:00,27049
2024-10-10 14:00:00+00:00,27051
2024-10-10 15:00:00+00:00,27770.75
2024-10-10 16:00:00+00:00,28467.25
2024-10-10 17:00:00+00:00,29735.25
2024-10-10 18:00:00+00:00,31907.25
2024-10-10 19:00:00+00:00,30825.75
2024-10-10 20:00:00+00:00,27765
2024-10-10 21:00:00+00:00,25462.25
2024-10-10 22:00:00+00:00,23786
2024-10-10 23:00:00+00:00,22598
2024-10-11 00:00:00+00:00,21786
2024-10-11 01:00:00+00:00,21425
2024-10-11 02:00:00+00:00,21354.75
2024-10-11 03:00:00+00:00,21701
2024-10-11 04:00:00+00:00,24051.25
2024-10-11 05:00:00+00:00,27380.25
2024-10-11 06:00:00+00:00,28520.5
2024-10-11 07:00:00+00:00,28615.5
2024-10-11 08:00:00+00:00,28094.75
2024-10-11 09:00:00+00:00,27542
2024-10-11 10:00:00+00:00,27340.75
2024-10-11 11:00:00+00:00,27271.5
2024-10-11 12:00:00+00:00,26596.75
2024-10-11 13:00:00+00:00,25937.25
2024-10-11 14:00:00+00:00,25819
2024-10-11 15:00:00+00:00,26434.25
2024-10-11 16:00:00+00:00,27158
2024-10-11 17:00:00+00:00,28260
2024-10-11 18:00:00+00:00,29795.25
2024-10-11 19:00:00+00:00,29169.25
2024-10-11 20:00:00+00:00,26509.5
2024-10-11 21:00:00+00:00,24182
2024-10-11 22:00:00+00:00,23031.5
2024-10-11 23:00:00+00:00,21834.25
2024-10-12 00:00:00+00:00,20836.25
2024-10-12 01:00:00+00:00,20347.25
2024-10-12 02:00:00+00:00,19994.25
2024-10-12 03:00:00+00:00,19668.75
2024-10-12 04:00:00+00:00,20088.5
2024-10-12 05:00:00+00:00,21102
2024-10-12 06:00:00+00:00,21755
2024-10-12 07:00:00+00:00,22623.25
2024-10-12 08:00:00+00:00,23155.75
2024-10-12 09:00:00+00:00,23182.75
2024-10-12 10:00:00+00:00,22980.75
2024-10-12 11:00:00+00:00,23110.75
2024-10-12 12:00:00+00:00,22758.75
2024-10-12 13:00:00+00:00,21782.5
2024-10-12 14:00:00+00:00,21540
2024-10-12 15:00:00+00:00,21951
2024-10-12 16:00:00+00:00,23053.75
2024-10-12 17:00:00+00:00,24315.25
2024-10-12 18:00:00+00:00,26162
2024-10-12 19:00:00+00:00,25945.25
2024-10-12 20:00:00+00:00,24395.75
2024-10-12 21:00:00+00:00,22746
2024-10-12 22:00:00+00:00,21251.5
2024-10-12 23:00:00+00:00,20200.5
2024-10-13 00:00:00+00:00,19305.25
2024-10-13 01:00:00+00:00,18693
2024-10-13 02:00:00+00:00,18434.75
2024-10-13 03:00:00+00:00,18461.25
2024-10-13 04:00:00+00:00,18900
2024-10-13 05:00:00+00:00,19779.5
2024-10-13 06:00:00+00:00,20379
2024-10-13 07:00:00+00:00,21387.5
2024-10-13 08:00:00+00:00,22225.5
2024-10-13 09:00:00+00:00,22238.5
2024-10-13 10:00:00+00:00,22194
2024-10-13 11:00:00+00:00,22636.75
2024-10-13 12:00:00+00:00,22566.25
2024-10-13 13:00:00+00:00,21361.5
2024-10-13 14:00:00+00:00,20971.5
2024-10-13 15:00:00+00:00,21508.75
2024-10-13 16:00:00+00:00,22462.25
2024-10-13 17:00:00+00:00,24039
2024-10-13 18:00:00+00:00,26313.25
2024-10-13 19:00:00+00:00,26296.5
2024-10-13 20:00:00+00:00,24720.25
2024-10-13 21:00:00+00:00,22750.5
2024-10-13 22:00:00+00:00,21141.25
2024-10-13 23:00:00+00:00,20100
2024-10-14 00:00:00+00:00,19500
2024-10-14 01:00:00+00:00,19226.5
2024-10-14 02:00:00+00:00,19298.5
2024-10-14 03:00:00+00:00,20041.25
2024-10-14 04:00:00+00:00,22750
2024-10-14 05:00:00+00:00,26329.25
2024-10-14 06:00:00+00:00,28057.5
2024-10-14 07:00:00+00:00,28434.5
2024-10-14 08:00:00+00:00,28391.25
2024-10-14 09:00:00+00:00,27946.75
2024-10-14 10:00:00+00:00,28047
2024-10-14 11:00:00+00:00,28112.75
2024-10-14 12:00:00+00:00,27577.25
2024-10-14 13:00:00+00:00,26956.5
2024-10-14 14:00:00+00:00,26863.25
2024-10-14 15:00:00+00:00,27430.75
2024-10-14 16:00:00+00:00,27990.5
2024-10-14 17:00:00+00:00,29496.75
2024-10-14 18:00:00+00:00,31293.75
2024-10-14 19:00:00+00:00,30246
2024-10-14 20:00:00+00:00,27096.25
2024-10-14 21:00:00+00:00,24531.25
2024-10-14 22:00:00+00:00,23310
2024-10-14 23:00:00+00:00,22200.5
2024-10-15 00:00:00+00:00,21458.5
2024-10-15 01:00:00+00:00,21175.25
2024-10-15 02:00:00+00:00,21185.25
2024-10-15 03:00:00+00:00,21754.25
2024-10-15 04:00:00+00:00,24139
2024-10-15 05:00:00+00:00,27657
2024-10-15 06:00:00+00:00,29163.5
2024-10-15 07:00:00+00:00,29464.25
2024-10-15 08:00:00+00:00,29269.25
2024-10-15 09:00:00+00:00,28944.25
2024-10-15 10:00:00+00:00,28809.5
2024-10-15 11:00:00+00:00,28747.5
2024-10-15 12:00:00+00:00,28156.5
2024-10-15 13:00:00+00:00,27541.75
2024-10-15 14:00:00+00:00,27284.5
2024-10-15 15:00:00+00:00,27786.25
2024-10-15 16:00:00+00:00,28116.5
2024-10-15 17:00:00+00:00,29618.5
2024-10-15 18:00:00+00:00,31590.5
2024-10-15 19:00:00+00:00,30524.75
2024-10-15 20:00:00+00:00,27450.5
2024-10-15 21:00:00+00:00,24935
2024-10-15 22:00:00+00:00,23731
2024-10-15 23:00:00+00:00,22575
2024-10-16 00:00:00+00:00,21759.75
2024-10-16 01:00:00+00:00,21438.25
2024-10-16 02:00:00+00:00,21326.5
2024-10-16 03:00:00+00:00,21865.5
2024-10-16 04:00:00+00:00,24265.75
2024-10-16 05:00:00+00:00,27775
2024-10-16 06:00:00+00:00,29352.25
2024-10-16 07:00:00+00:00,29504.25
2024-10-16 08:00:00+00:00,29335.25
2024-10-16 09:00:00+00:00,28881.25
2024-10-16 10:00:00+00:00,29180
2024-10-16 11:00:00+00:00,29154.5
2024-10-16 12:00:00+00:00,28563
2024-10-16 13:00:00+00:00,27865.75
2024-10-16 14:00:00+00:00,27606.75
2024-10-16 15:00:00+00:00,28051.75
2024-10-16 16:00:00+00:00,28522.75
2024-10-16 17:00:00+00:00,29948.5
2024-10-16 18:00:00+00:00,31667
2024-10-16 19:00:00+00:00,30568
2024-10-16 20:00:00+00:00,27494.75
2024-10-16 21:00:00+00:00,25044
2024-10-16 22:00:00+00:00,23476
2024-10-16 23:00:00+00:00,22406.75
2024-10-17 00:00:00+00:00,21679.75
2024-10-17 01:00:00+00:00,21396
2024-10-17 02:00:00+00:00,21259.25
2024-10-17 03:00:00+00:00,21811
2024-10-17 04:00:00+00:00,24237.75
2024-10-17 05:00:00+00:00,27784.75
2024-10-17 06:00:00+00:00,29241.25
2024-10-17 07:00:00+00:00,29386
2024-10-17 08:00:00+00:00,29157.75
2024-10-17 09:00:00+00:00,28661
2024-10-17 10:00:00+00:00,28648
2024-10-17 11:00:00+00:00,28477.25
2024-10-17 12:00:00+00:00,27858.25
2024-10-17 13:00:00+00:00,27370
2024-10-17 14:00:00+00:00,27237.25
2024-10-17 15:00:00+00:00,27701.5
2024-10-17 16:00:00+00:00,28152.75
2024-10-17 17:00:00+00:00,29614.25
2024-10-17 18:00:00+00:00,31417.25
2024-10-17 19:00:00+00:00,30389.5
2024-10-17 20:00:00+00:00,27410
2024-10-17 21:00:00+00:00,24967.75
2024-10-17 22:00:00+00:00,23355.5
2024-10-17 23:00:00+00:00,22275.5
2024-10-18 00:00:00+00:00,21528
2024-10-18 01:00:00+00:00,21192.75
2024-10-18 02:00:00+00:00,21040.25
2024-10-18 03:00:00+00:00,21549.75
2024-10-18 04:00:00+00:00,23897.25
2024-10-18 05:00:00+00:00,27263.25
2024-10-18 06:00:00+00:00,28939
2024-10-18 07:00:00+00:00,29241.25
2024-10-18 08:00:00+00:00,29073.25
2024-10-18 09:00:00+00:00,28594.25
2024-10-18 10:00:00+00:00,28419.25
2024-10-18 11:00:00+00:00,28145.75
2024-10-18 12:00:00+00:00,27362.25
2024-10-18 13:00:00+00:00,26588.5
2024-10-18 14:00:00+00:00,26422
2024-10-18 15:00:00+00:00,26722
2024-10-18 16:00:00+00:00,27439.25
2024-10-18 17:00:00+00:00,28996
2024-10-18 18:00:00+00:00,30461.75
2024-10-18 19:00:00+00:00,29384
2024-10-18 20:00:00+00:00,26700.25
2024-10-18 21:00:00+00:00,24447.5
2024-10-18 22:00:00+00:00,22769.5
2024-10-18 23:00:00+00:00,21607
2024-10-19 00:00:00+00:00,20814.25
2024-10-19 01:00:00+00:00,20237
2024-10-19 02:00:00+00:00,19932.25
2024-10-19 03:00:00+00:00,19832
2024-10-19 04:00:00+00:00,20455
2024-10-19 05:00:00+00:00,21787.75
2024-10-19 06:00:00+00:00,22945.75
2024-10-19 07:00:00+00:00,24226.25
2024-10-19 08:00:00+00:00,24974
2024-10-19 09:00:00+00:00,24814.75
2024-10-19 10:00:00+00:00,24707.75
2024-10-19 11:00:00+00:00,24526.75
2024-10-19 12:00:00+00:00,23964.5
2024-10-19 13:00:00+00:00,22753
2024-10-19 14:00:00+00:00,22441
2024-10-19 15:00:00+00:00,22739.75
2024-10-19 16:00:00+00:00,23640.5
2024-10-19 17:00:00+00:00,25244
2024-10-19 18:00:00+00:00,26692.25
2024-10-19 19:00:00+00:00,26247.25
2024-10-19 20:00:00+00:00,24395.25
2024-10-19 21:00:00+00:00,22563.75
2024-10-19 22:00:00+00:00,21200.5
2024-10-19 23:00:00+00:00,20042.25
2024-10-20 00:00:00+00:00,19172
2024-10-20 01:00:00+00:00,18642.5
2024-10-20 02:00:00+00:00,18424
2024-10-20 03:00:00+00:00,18360.25
2024-10-20 04:00:00+00:00,18724.25
2024-10-20 05:00:00+00:00,19474.5
2024-10-20 06:00:00+00:00,20065.5
2024-10-20 07:00:00+00:00,21026.5
2024-10-20 08:00:00+00:00,21706
2024-10-20 09:00:00+00:00,21536
2024-10-20 10:00:00+00:00,21337
2024-10-20 11:00:00+00:00,21703.25
2024-10-20 12:00:00+00:00,21612.5
2024-10-20 13:00:00+00:00,20554.25
2024-10-20 14:00:00+00:00,20326.75
2024-10-20 15:00:00+00:00,20939.25
2024-10-20 16:00:00+00:00,22083.5
2024-10-20 17:00:00+00:00,24049.75
2024-10-20 18:00:00+00:00,26095.75
2024-10-20 19:00:00+00:00,25978.25
2024-10-20 20:00:00+00:00,24355
2024-10-20 21:00:00+00:00,22426.75
2024-10-20 22:00:00+00:00,21179
2024-10-20 23:00:00+00:00,20209
2024-10-21 00:00:00+00:00,19615.5
2024-10-21 01:00:00+00:00,19329.25
2024-10-21 02:00:00+00:00,19428.75
2024-10-21 03:00:00+00:00,20098.25
2024-10-21 04:00:00+00:00,22816.75
2024-10-21 05:00:00+00:00,26668
2024-10-21 06:00:00+00:00,28483
2024-10-21 07:00:00+00:00,28728.5
2024-10-21 08:00:00+00:00,28428.5
2024-10-21 09:00:00+00:00,27913.5
2024-10-21 10:00:00+00:00,27626
2024-10-21 11:00:00+00:00,27612.5
2024-10-21 12:00:00+00:00,27072
2024-10-21 13:00:00+00:00,26484.5
2024-10-21 14:00:00+00:00,26539.25
2024-10-21 15:00:00+00:00,26999.5
2024-10-21 16:00:00+00:00,27565.75
2024-10-21 17:00:00+00:00,29260.5
2024-10-21 18:00:00+00:00,31086.75
2024-10-21 19:00:00+00:00,29947
2024-10-21 20:00:00+00:00,26898.25
2024-10-21 21:00:00+00:00,24438.25
2024-10-21 22:00:00+00:00,23174.75
2024-10-21 23:00:00+00:00,21985
2024-10-22 00:00:00+00:00,21257
2024-10-22 01:00:00+00:00,20924.75
2024-10-22 02:00:00+00:00,20851.5
2024-10-22 03:00:00+00:00,21349
2024-10-22 04:00:00+00:00,23838.25
2024-10-22 05:00:00+00:00,27371.75
2024-10-22 06:00:00+00:00,28977.5
2024-10-22 07:00:00+00:00,28958.75
2024-10-22 08:00:00+00:00,28356.25
2024-10-22 09:00:00+00:00,27740.75
2024-10-22 10:00:00+00:00,27764.5
2024-10-22 11:00:00+00:00,27631.75
2024-10-22 12:00:00+00:00,27030.25
2024-10-22 13:00:00+00:00,26478.25
2024-10-22 14:00:00+00:00,26576.75
2024-10-22 15:00:00+00:00,27152.25
2024-10-22 16:00:00+00:00,27765.25
2024-10-22 17:00:00+00:00,29737.25
2024-10-22 18:00:00+00:00,31378.75
2024-10-22 19:00:00+00:00,30296
2024-10-22 20:00:00+00:00,27232.75
2024-10-22 21:00:00+00:00,24719.75
2024-10-22 22:00:00+00:00,22999.75
2024-10-22 23:00:00+00:00,21809.75
2024-10-23 00:00:00+00:00,21117
2024-10-23 01:00:00+00:00,20817.5
2024-10-23 02:00:00+00:00,20748.25
2024-10-23 03:00:00+00:00,21203
2024-10-23 04:00:00+00:00,23618.25
2024-10-23 05:00:00+00:00,27204.75
2024-10-23 06:00:00+00:00,28809.25
2024-10-23 07:00:00+00:00,28810.25
2024-10-23 08:00:00+00:00,28472.75
2024-10-23 09:00:00+00:00,27972
2024-10-23 10:00:00+00:00,27804.25
2024-10-23 11:00:00+00:00,27711.25
2024-10-23 12:00:00+00:00,27131.5
2024-10-23 13:00:00+00:00,26489.75
2024-10-23 14:00:00+00:00,26534
2024-10-23 15:00:00+00:00,27039.5
2024-10-23 16:00:00+00:00,27635
2024-10-23 17:00:00+00:00,29364.5
2024-10-23 18:00:00+00:00,30920.5
2024-10-23 19:00:00+00:00,29832.75
2024-10-23 20:00:00+00:00,26808.5
2024-10-23 21:00:00+00:00,24314.25
2024-10-23 22:00:00+00:00,22975.25
2024-10-23 23:00:00+00:00,21824.25
2024-10-24 00:00:00+00:00,21144.25
2024-10-24 01:00:00+00:00,20790.25
2024-10-24 02:00:00+00:00,20737.5
2024-10-24 03:00:00+00:00,21210
2024-10-24 04:00:00+00:00,23621.25
2024-10-24 05:00:00+00:00,27139.75
2024-10-24 06:00:00+00:00,28917.25
2024-10-24 07:00:00+00:00,29032.25
2024-10-24 08:00:00+00:00,28723
2024-10-24 09:00:00+00:00,28245.25
2024-10-24 10:00:00+00:00,28007.75
2024-10-24 11:00:00+00:00,27781.75
2024-10-24 12:00:00+00:00,27204.5
2024-10-24 13:00:00+00:00,26526.25
2024-10-24 14:00:00+00:00,26613.25
2024-10-24 15:00:00+00:00,27155.75
2024-10-24 16:00:00+00:00,27806.5
2024-10-24 17:00:00+00:00,29335.25
2024-10-24 18:00:00+00:00,30909
2024-10-24 19:00:00+00:00,29868.75
2024-10-24 20:00:00+00:00,26979.75
2024-10-24 21:00:00+00:00,24536
2024-10-24 22:00:00+00:00,23213
2024-10-24 23:00:00+00:00,22058
2024-10-25 00:00:00+00:00,21266.25
2024-10-25 01:00:00+00:00,20938.5
2024-10-25 02:00:00+00:00,20870
2024-10-25 03:00:00+00:00,21340
2024-10-25 04:00:00+00:00,23773.5
2024-10-25 05:00:00+00:00,27353.5
2024-10-25 06:00:00+00:00,29097.75
2024-10-25 07:00:00+00:00,29093.75
2024-10-25 08:00:00+00:00,28729.25
2024-10-25 09:00:00+00:00,28196.5
2024-10-25 10:00:00+00:00,27936.25
2024-10-25 11:00:00+00:00,27793
2024-10-25 12:00:00+00:00,27250.75
2024-10-25 13:00:00+00:00,26419.5
2024-10-25 14:00:00+00:00,26388.5
2024-10-25 15:00:00+00:00,26973.25
2024-10-25 16:00:00+00:00,27669.75
2024-10-25 17:00:00+00:00,29330.5
2024-10-25 18:00:00+00:00,30374.75
2024-10-25 19:00:00+00:00,29186.75
2024-10-25 20:00:00+00:00,26420
2024-10-25 21:00:00+00:00,24266
2024-10-25 22:00:00+00:00,22934.25
2024-10-25 23:00:00+00:00,21553
2024-10-26 00:00:00+00:00,20637.75
2024-10-26 01:00:00+00:00,20135.75
2024-10-26 02:00:00+00:00,19855.5
2024-10-26 03:00:00+00:00,19764.5
2024-10-26 04:00:00+00:00,20527.75
2024-10-26 05:00:00+00:00,21852.5
2024-10-26 06:00:00+00:00,23120.25
2024-10-26 07:00:00+00:00,24570.75
2024-10-26 08:00:00+00:00,25336.75
2024-10-26 09:00:00+00:00,25255
2024-10-26 10:00:00+00:00,25019.25
2024-10-26 11:00:00+00:00,25092.5
2024-10-26 12:00:00+00:00,24588.5
2024-10-26 13:00:00+00:00,23306.25
2024-10-26 14:00:00+00:00,22838.75
2024-10-26 15:00:00+00:00,23212.75
2024-10-26 16:00:00+00:00,24165.75
2024-10-26 17:00:00+00:00,25872
2024-10-26 18:00:00+00:00,27066.75
2024-10-26 19:00:00+00:00,26569.5
2024-10-26 20:00:00+00:00,24611.25
2024-10-26 21:00:00+00:00,22629.25
2024-10-26 22:00:00+00:00,20892.5
2024-10-26 23:00:00+00:00,19366.75
2024-10-27 00:00:00+00:00,18204.5
2024-10-27 01:00:00+00:00,18135
2024-10-27 02:00:00+00:00,17689.5
2024-10-27 03:00:00+00:00,17654.75
2024-10-27 04:00:00+00:00,17806.25
2024-10-27 05:00:00+00:00,18456.25
2024-10-27 06:00:00+00:00,19083
2024-10-27 07:00:00+00:00,20362.25
2024-10-27 08:00:00+00:00,21860.75
2024-10-27 09:00:00+00:00,22397
2024-10-27 10:00:00+00:00,22124
2024-10-27 11:00:00+00:00,21914.75
2024-10-27 12:00:00+00:00,22398
2024-10-27 13:00:00+00:00,22256.5
2024-10-27 14:00:00+00:00,21186.5
2024-10-27 15:00:00+00:00,21001.25
2024-10-27 16:00:00+00:00,21817.25
2024-10-27 17:00:00+00:00,24245.75
2024-10-27 18:00:00+00:00,26278.5
2024-10-27 19:00:00+00:00,26759.5
2024-10-27 20:00:00+00:00,25995.75
2024-10-27 21:00:00+00:00,24231.75
2024-10-27 22:00:00+00:00,22213
2024-10-27 23:00:00+00:00,20953.75
2024-10-28 00:00:00+00:00,20143.25
2024-10-28 01:00:00+00:00,19178.5
2024-10-28 02:00:00+00:00,18949
2024-10-28 03:00:00+00:00,19081.25
2024-10-28 04:00:00+00:00,19591.25
2024-10-28 05:00:00+00:00,21953.25
2024-10-28 06:00:00+00:00,25649.75
2024-10-28 07:00:00+00:00,28104.75
2024-10-28 08:00:00+00:00,28581.25
2024-10-28 09:00:00+00:00,28796
2024-10-28 10:00:00+00:00,28487
2024-10-28 11:00:00+00:00,28391
2024-10-28 12:00:00+00:00,28673
2024-10-28 13:00:00+00:00,28386.75
2024-10-28 14:00:00+00:00,27988.25
2024-10-28 15:00:00+00:00,27874.25
2024-10-28 16:00:00+00:00,28318.75
2024-10-28 17:00:00+00:00,29709
2024-10-28 18:00:00+00:00,31089.75
2024-10-28 19:00:00+00:00,31808.25
2024-10-28 20:00:00+00:00,31349
2024-10-28 21:00:00+00:00,28346.5
2024-10-28 22:00:00+00:00,25602.5
2024-10-28 23:00:00+00:00,22992.5
2024-10-29 00:00:00+00:00,21641.75
2024-10-29 01:00:00+00:00,20887.5
2024-10-29 02:00:00+00:00,20654.75
2024-10-29 03:00:00+00:00,20729.25
2024-10-29 04:00:00+00:00,21358.75
2024-10-29 05:00:00+00:00,24043
2024-10-29 06:00:00+00:00,27404
2024-10-29 07:00:00+00:00,29093.5
2024-10-29 08:00:00+00:00,29362
2024-10-29 09:00:00+00:00,29005.25
2024-10-29 10:00:00+00:00,28845.25
2024-10-29 11:00:00+00:00,28963.75
2024-10-29 12:00:00+00:00,29162
2024-10-29 13:00:00+00:00,28712.25
2024-10-29 14:00:00+00:00,28283.5
2024-10-29 15:00:00+00:00,28237.5
2024-10-29 16:00:00+00:00,28913
2024-10-29 17:00:00+00:00,30351.75
2024-10-29 18:00:00+00:00,31708.75
2024-10-29 19:00:00+00:00,32049
2024-10-29 20:00:00+00:00,30420.75
2024-10-29 21:00:00+00:00,27551.75
2024-10-29 22:00:00+00:00,24948.5
2024-10-29 23:00:00+00:00,23427.5
2024-10-30 00:00:00+00:00,22072.5
2024-10-30 01:00:00+00:00,21192.25
2024-10-30 02:00:00+00:00,20868
2024-10-30 03:00:00+00:00,20925.5
2024-10-30 04:00:00+00:00,21567.75
2024-10-30 05:00:00+00:00,24126
2024-10-30 06:00:00+00:00,27437.5
2024-10-30 07:00:00+00:00,29206.75
2024-10-30 08:00:00+00:00,29689.25
2024-10-30 09:00:00+00:00,29686
2024-10-30 10:00:00+00:00,29540
2024-10-30 11:00:00+00:00,29473.75
2024-10-30 12:00:00+00:00,29604.25
2024-10-30 13:00:00+00:00,29203.75
2024-10-30 14:00:00+00:00,28644.5
2024-10-30 15:00:00+00:00,28607.5
2024-10-30 16:00:00+00:00,28898
2024-10-30 17:00:00+00:00,30274
2024-10-30 18:00:00+00:00,31572.5
2024-10-30 19:00:00+00:00,32359.75
2024-10-30 20:00:00+00:00,30775.75
2024-10-30 21:00:00+00:00,27801.75
2024-10-30 22:00:00+00:00,25190.5
2024-10-30 23:00:00+00:00,23092.75
2024-10-31 00:00:00+00:00,21783
2024-10-31 01:00:00+00:00,20949.5
2024-10-31 02:00:00+00:00,20679
2024-10-31 03:00:00+00:00,20606
2024-10-31 04:00:00+00:00,21172.5
2024-10-31 05:00:00+00:00,23602.75
2024-10-31 06:00:00+00:00,26845
2024-10-31 07:00:00+00:00,28609
2024-10-31 08:00:00+00:00,29004.5
2024-10-31 09:00:00+00:00,28699.5
2024-10-31 10:00:00+00:00,28538.5
2024-10-31 11:00:00+00:00,28498
2024-10-31 12:00:00+00:00,28647.5
2024-10-31 13:00:00+00:00,28337
2024-10-31 14:00:00+00:00,27894.75
2024-10-31 15:00:00+00:00,27513.5
2024-10-31 16:00:00+00:00,27762.25
2024-10-31 17:00:00+00:00,29078.5
2024-10-31 18:00:00+00:00,29877.25
2024-10-31 19:00:00+00:00,29879.75
2024-10-31 20:00:00+00:00,29030
2024-10-31 21:00:00+00:00,26770.5
2024-10-31 22:00:00+00:00,24422.5
2024-10-31 23:00:00+00:00,22623
2024-11-01 00:00:00+00:00,21458.25
2024-11-01 01:00:00+00:00,20225.75
2024-11-01 02:00:00+00:00,19710.5
2024-11-01 03:00:00+00:00,19421.25
2024-11-01 04:00:00+00:00,19290.75
2024-11-01 05:00:00+00:00,19795.25
2024-11-01 06:00:00+00:00,20357.75
2024-11-01 07:00:00+00:00,20867.25
2024-11-01 08:00:00+00:00,22186
2024-11-01 09:00:00+00:00,22896.75
2024-11-01 10:00:00+00:00,23060.25
2024-11-01 11:00:00+00:00,23005
2024-11-01 12:00:00+00:00,23434.5
2024-11-01 13:00:00+00:00,23639.5
2024-11-01 14:00:00+00:00,22767.75
2024-11-01 15:00:00+00:00,22403.5
2024-11-01 16:00:00+00:00,22488.25
2024-11-01 17:00:00+00:00,24375.75
2024-11-01 18:00:00+00:00,25433
2024-11-01 19:00:00+00:00,25759.75
2024-11-01 20:00:00+00:00,25575.25
2024-11-01 21:00:00+00:00,24361
2024-11-01 22:00:00+00:00,22616.75
2024-11-01 23:00:00+00:00,20989
2024-11-02 00:00:00+00:00,19588
2024-11-02 01:00:00+00:00,18732.25
2024-11-02 02:00:00+00:00,18364.25
2024-11-02 03:00:00+00:00,18321
2024-11-02 04:00:00+00:00,18494.25
2024-11-02 05:00:00+00:00,19297
2024-11-02 06:00:00+00:00,20386
2024-11-02 07:00:00+00:00,21814
2024-11-02 08:00:00+00:00,23324.5
2024-11-02 09:00:00+00:00,23943.5
2024-11-02 10:00:00+00:00,23946.25
2024-11-02 11:00:00+00:00,23760.5
2024-11-02 12:00:00+00:00,24235.75
2024-11-02 13:00:00+00:00,24058.25
2024-11-02 14:00:00+00:00,23299
2024-11-02 15:00:00+00:00,23215.5
2024-11-02 16:00:00+00:00,23550.75
2024-11-02 17:00:00+00:00,25514
2024-11-02 18:00:00+00:00,26451
2024-11-02 19:00:00+00:00,26712.75
2024-11-02 20:00:00+00:00,25946
2024-11-02 21:00:00+00:00,23895.25
2024-11-02 22:00:00+00:00,22040.5
2024-11-02 23:00:00+00:00,20772
2024-11-03 00:00:00+00:00,19468.75
2024-11-03 01:00:00+00:00,18588.25
2024-11-03 02:00:00+00:00,18098.25
2024-11-03 03:00:00+00:00,17807.75
2024-11-03 04:00:00+00:00,17878.25
2024-11-03 05:00:00+00:00,18250
2024-11-03 06:00:00+00:00,19009.25
2024-11-03 07:00:00+00:00,19478.75
2024-11-03 08:00:00+00:00,20571.25
2024-11-03 09:00:00+00:00,21239.5
2024-11-03 10:00:00+00:00,21429.5
2024-11-03 11:00:00+00:00,21654
2024-11-03 12:00:00+00:00,22341.25
2024-11-03 13:00:00+00:00,22413
2024-11-03 14:00:00+00:00,21379.5
2024-11-03 15:00:00+00:00,21232.25
2024-11-03 16:00:00+00:00,21965.5
2024-11-03 17:00:00+00:00,23740.5
2024-11-03 18:00:00+00:00,25005.25
2024-11-03 19:00:00+00:00,26116.75
2024-11-03 20:00:00+00:00,25868.25
2024-11-03 21:00:00+00:00,24251.5
2024-11-03 22:00:00+00:00,22145.75
2024-11-03 23:00:00+00:00,20607.5
2024-11-04 00:00:00+00:00,19468.25
2024-11-04 01:00:00+00:00,18808.75
2024-11-04 02:00:00+00:00,18560.5
2024-11-04 03:00:00+00:00,18572.5
2024-11-04 04:00:00+00:00,19312
2024-11-04 05:00:00+00:00,22152
2024-11-04 06:00:00+00:00,25667.5
2024-11-04 07:00:00+00:00,27523.5
2024-11-04 08:00:00+00:00,28096
2024-11-04 09:00:00+00:00,28066.25
2024-11-04 10:00:00+00:00,27999.25
2024-11-04 11:00:00+00:00,28089
2024-11-04 12:00:00+00:00,28365
2024-11-04 13:00:00+00:00,28014.75
2024-11-04 14:00:00+00:00,27827.5
2024-11-04 15:00:00+00:00,27992.75
2024-11-04 16:00:00+00:00,28656.75
2024-11-04 17:00:00+00:00,30057.5
2024-11-04 18:00:00+00:00,31028.75
2024-11-04 19:00:00+00:00,31011
2024-11-04 20:00:00+00:00,29785.25
2024-11-04 21:00:00+00:00,26927.75
2024-11-04 22:00:00+00:00,24411.75
2024-11-04 23:00:00+00:00,22364
2024-11-05 00:00:00+00:00,21055.5
2024-11-05 01:00:00+00:00,20365.25
2024-11-05 02:00:00+00:00,20023
2024-11-05 03:00:00+00:00,20072
2024-11-05 04:00:00+00:00,20613
2024-11-05 05:00:00+00:00,23128.5
2024-11-05 06:00:00+00:00,26361
2024-11-05 07:00:00+00:00,27947
2024-11-05 08:00:00+00:00,28412.25
2024-11-05 09:00:00+00:00,28038.25
2024-11-05 10:00:00+00:00,27969.5
2024-11-05 11:00:00+00:00,28093.75
2024-11-05 12:00:00+00:00,28308.25
2024-11-05 13:00:00+00:00,27998
2024-11-05 14:00:00+00:00,27622.75
2024-11-05 15:00:00+00:00,27652
2024-11-05 16:00:00+00:00,28340.75
2024-11-05 17:00:00+00:00,29766.75
2024-11-05 18:00:00+00:00,30646.5
2024-11-05 19:00:00+00:00,31057.25
2024-11-05 20:00:00+00:00,29924.25
2024-11-05 21:00:00+00:00,27015.75
2024-11-05 22:00:00+00:00,24339
2024-11-05 23:00:00+00:00,23116.5
2024-11-06 00:00:00+00:00,21903.25
2024-11-06 01:00:00+00:00,21112.25
2024-11-06 02:00:00+00:00,20806.25
2024-11-06 03:00:00+00:00,20836.5
2024-11-06 04:00:00+00:00,21369.25
2024-11-06 05:00:00+00:00,23862.25
2024-11-06 06:00:00+00:00,27350.5
2024-11-06 07:00:00+00:00,28838.25
2024-11-06 08:00:00+00:00,28759.25
2024-11-06 09:00:00+00:00,28215.75
2024-11-06 10:00:00+00:00,27933.25
2024-11-06 11:00:00+00:00,27971
2024-11-06 12:00:00+00:00,28155.75
2024-11-06 13:00:00+00:00,27869.75
2024-11-06 14:00:00+00:00,27609.5
2024-11-06 15:00:00+00:00,27711.75
2024-11-06 16:00:00+00:00,28218
2024-11-06 17:00:00+00:00,29938.25
2024-11-06 18:00:00+00:00,30908.5
2024-11-06 19:00:00+00:00,31153.25
2024-11-06 20:00:00+00:00,30025.5
2024-11-06 21:00:00+00:00,27358.5
2024-11-06 22:00:00+00:00,24870
2024-11-06 23:00:00+00:00,23238.75
2024-11-07 00:00:00+00:00,21940.75
2024-11-07 01:00:00+00:00,21126
2024-11-07 02:00:00+00:00,20789
2024-11-07 03:00:00+00:00,20783.5
2024-11-07 04:00:00+00:00,21278.25
2024-11-07 05:00:00+00:00,23719.75
2024-11-07 06:00:00+00:00,27049
2024-11-07 07:00:00+00:00,28495
2024-11-07 08:00:00+00:00,28481.75
2024-11-07 09:00:00+00:00,28036
2024-11-07 10:00:00+00:00,27662.25
2024-11-07 11:00:00+00:00,27657.5
2024-11-07 12:00:00+00:00,27918.75
2024-11-07 13:00:00+00:00,27753.75
2024-11-07 14:00:00+00:00,27662.5
2024-11-07 15:00:00+00:00,27919.75
2024-11-07 16:00:00+00:00,28447.5
2024-11-07 17:00:00+00:00,29914
2024-11-07 18:00:00+00:00,30688.75
2024-11-07 19:00:00+00:00,31138.25
2024-11-07 20:00:00+00:00,29911.5
2024-11-07 21:00:00+00:00,27329
2024-11-07 22:00:00+00:00,24850
2024-11-07 23:00:00+00:00,23207.5
2024-11-08 00:00:00+00:00,21835
2024-11-08 01:00:00+00:00,21108.75
2024-11-08 02:00:00+00:00,20841
2024-11-08 03:00:00+00:00,20758.75
2024-11-08 04:00:00+00:00,21282.75
2024-11-08 05:00:00+00:00,23644.25
2024-11-08 06:00:00+00:00,27037.5
2024-11-08 07:00:00+00:00,28332
2024-11-08 08:00:00+00:00,28388.75
2024-11-08 09:00:00+00:00,28115.75
2024-11-08 10:00:00+00:00,27811
2024-11-08 11:00:00+00:00,27821.25
2024-11-08 12:00:00+00:00,27894.5
2024-11-08 13:00:00+00:00,27672
2024-11-08 14:00:00+00:00,27349.25
2024-11-08 15:00:00+00:00,27456.75
2024-11-08 16:00:00+00:00,28040.75
2024-11-08 17:00:00+00:00,29796.75
2024-11-08 18:00:00+00:00,30388
2024-11-08 19:00:00+00:00,30269.75
2024-11-08 20:00:00+00:00,29183.25
2024-11-08 21:00:00+00:00,26563.25
2024-11-08 22:00:00+00:00,24400
2024-11-08 23:00:00+00:00,23130.5
2024-11-09 00:00:00+00:00,21628.75
2024-11-09 01:00:00+00:00,20647.5
2024-11-09 02:00:00+00:00,20095
2024-11-09 03:00:00+00:00,19823
2024-11-09 04:00:00+00:00,19720.25
2024-11-09 05:00:00+00:00,20336.75
2024-11-09 06:00:00+00:00,21303.75
2024-11-09 07:00:00+00:00,22252
2024-11-09 08:00:00+00:00,23574.5
2024-11-09 09:00:00+00:00,24434
2024-11-09 10:00:00+00:00,24435.25
2024-11-09 11:00:00+00:00,24356.75
2024-11-09 12:00:00+00:00,24768.75
2024-11-09 13:00:00+00:00,24680.75
2024-11-09 14:00:00+00:00,23670
2024-11-09 15:00:00+00:00,23369.75
2024-11-09 16:00:00+00:00,23742
2024-11-09 17:00:00+00:00,25501.75
2024-11-09 18:00:00+00:00,26429.25
2024-11-09 19:00:00+00:00,26742.5
2024-11-09 20:00:00+00:00,26358.5
2024-11-09 21:00:00+00:00,24711
2024-11-09 22:00:00+00:00,22932.25
2024-11-09 23:00:00+00:00,21248.25
2024-11-10 00:00:00+00:00,19890.75
2024-11-10 01:00:00+00:00,19033.25
2024-11-10 02:00:00+00:00,18543.5
2024-11-10 03:00:00+00:00,18313
2024-11-10 04:00:00+00:00,18288
2024-11-10 05:00:00+00:00,18809.5
2024-11-10 06:00:00+00:00,19479.5
2024-11-10 07:00:00+00:00,19935.75
2024-11-10 08:00:00+00:00,21095.75
2024-11-10 09:00:00+00:00,21757.75
2024-11-10 10:00:00+00:00,21924
2024-11-10 11:00:00+00:00,21966
2024-11-10 12:00:00+00:00,22484
2024-11-10 13:00:00+00:00,22777.75
2024-11-10 14:00:00+00:00,21867.75
2024-11-10 15:00:00+00:00,21712.25
2024-11-10 16:00:00+00:00,22382
2024-11-10 17:00:00+00:00,24282.75
2024-11-10 18:00:00+00:00,25529.75
2024-11-10 19:00:00+00:00,26364
2024-11-10 20:00:00+00:00,26286
2024-11-10 21:00:00+00:00,24699.25
2024-11-10 22:00:00+00:00,22776.5
2024-11-10 23:00:00+00:00,21052.5
2024-11-11 00:00:00+00:00,19861
2024-11-11 01:00:00+00:00,19142.25
2024-11-11 02:00:00+00:00,18928.75
2024-11-11 03:00:00+00:00,18981.75
2024-11-11 04:00:00+00:00,19762.25
2024-11-11 05:00:00+00:00,22628.25
2024-11-11 06:00:00+00:00,26236.75
2024-11-11 07:00:00+00:00,27955
2024-11-11 08:00:00+00:00,28248.5
2024-11-11 09:00:00+00:00,28010.25
2024-11-11 10:00:00+00:00,27685.5
2024-11-11 11:00:00+00:00,27793
2024-11-11 12:00:00+00:00,28173.75
2024-11-11 13:00:00+00:00,28031.25
2024-11-11 14:00:00+00:00,27771.5
2024-11-11 15:00:00+00:00,27754.75
2024-11-11 16:00:00+00:00,28372.75
2024-11-11 17:00:00+00:00,29862.75
2024-11-11 18:00:00+00:00,30588.75
2024-11-11 19:00:00+00:00,31062.5
2024-11-11 20:00:00+00:00,30069.5
2024-11-11 21:00:00+00:00,27036
2024-11-11 22:00:00+00:00,24521.25
2024-11-11 23:00:00+00:00,23438
2024-11-12 00:00:00+00:00,22192.25
2024-11-12 01:00:00+00:00,21350.75
2024-11-12 02:00:00+00:00,21048.75
2024-11-12 03:00:00+00:00,21029.25
2024-11-12 04:00:00+00:00,21676
2024-11-12 05:00:00+00:00,24359.25
2024-11-12 06:00:00+00:00,28045.75
2024-11-12 07:00:00+00:00,29517.5
2024-11-12 08:00:00+00:00,29379.5
2024-11-12 09:00:00+00:00,28858
2024-11-12 10:00:00+00:00,28381.25
2024-11-12 11:00:00+00:00,28346.75
2024-11-12 12:00:00+00:00,28743.75
2024-11-12 13:00:00+00:00,28735.5
2024-11-12 14:00:00+00:00,28417.25
2024-11-12 15:00:00+00:00,28625
2024-11-12 16:00:00+00:00,29454
2024-11-12 17:00:00+00:00,31016
2024-11-12 18:00:00+00:00,32088.25
2024-11-12 19:00:00+00:00,32526.25
2024-11-12 20:00:00+00:00,31336.75
2024-11-12 21:00:00+00:00,28352.25
2024-11-12 22:00:00+00:00,25721.5
2024-11-12 23:00:00+00:00,23907.25
2024-11-13 00:00:00+00:00,22469.25
2024-11-13 01:00:00+00:00,21702.25
2024-11-13 02:00:00+00:00,21343
2024-11-13 03:00:00+00:00,21364.25
2024-11-13 04:00:00+00:00,21988
2024-11-13 05:00:00+00:00,24623.25
2024-11-13 06:00:00+00:00,28376.5
2024-11-13 07:00:00+00:00,29967
2024-11-13 08:00:00+00:00,29982
2024-11-13 09:00:00+00:00,29630
2024-11-13 10:00:00+00:00,29254
2024-11-13 11:00:00+00:00,29280
2024-11-13 12:00:00+00:00,29604.75
2024-11-13 13:00:00+00:00,29654.5
2024-11-13 14:00:00+00:00,29527.5
2024-11-13 15:00:00+00:00,29799.5
2024-11-13 16:00:00+00:00,30508
2024-11-13 17:00:00+00:00,31981.75
2024-11-13 18:00:00+00:00,32826.25
2024-11-13 19:00:00+00:00,33169.5
2024-11-13 20:00:00+00:00,31862.75
2024-11-13 21:00:00+00:00,28826
2024-11-13 22:00:00+00:00,26209
2024-11-13 23:00:00+00:00,24255.25
2024-11-14 00:00:00+00:00,22815.75
2024-11-14 01:00:00+00:00,21864.5
2024-11-14 02:00:00+00:00,21575.5
2024-11-14 03:00:00+00:00,21506.5
2024-11-14 04:00:00+00:00,22114.25
2024-11-14 05:00:00+00:00,24717.25
2024-11-14 06:00:00+00:00,28318
2024-11-14 07:00:00+00:00,30102.5
2024-11-14 08:00:00+00:00,30410.75
2024-11-14 09:00:00+00:00,30279.75
2024-11-14 10:00:00+00:00,30105
2024-11-14 11:00:00+00:00,30177.5
2024-11-14 12:00:00+00:00,30328.75
2024-11-14 13:00:00+00:00,30063.75
2024-11-14 14:00:00+00:00,29621.25
2024-11-14 15:00:00+00:00,29603.25
2024-11-14 16:00:00+00:00,30267
2024-11-14 17:00:00+00:00,32147.5
2024-11-14 18:00:00+00:00,32521.25
2024-11-14 19:00:00+00:00,32829.75
2024-11-14 20:00:00+00:00,31791.5
2024-11-14 21:00:00+00:00,28879.25
2024-11-14 22:00:00+00:00,26219.25
2024-11-14 23:00:00+00:00,24296.5
2024-11-15 00:00:00+00:00,22852.75
2024-11-15 01:00:00+00:00,21868.75
2024-11-15 02:00:00+00:00,21557.75
2024-11-15 03:00:00+00:00,21447
2024-11-15 04:00:00+00:00,22015.5
2024-11-15 05:00:00+00:00,24547.5
2024-11-15 06:00:00+00:00,28092.25
2024-11-15 07:00:00+00:00,29775.25
2024-11-15 08:00:00+00:00,29961.25
2024-11-15 09:00:00+00:00,29698.75
2024-11-15 10:00:00+00:00,29307.75
2024-11-15 11:00:00+00:00,29177.25
2024-11-15 12:00:00+00:00,29280
2024-11-15 13:00:00+00:00,29036.75
2024-11-15 14:00:00+00:00,28541.25
2024-11-15 15:00:00+00:00,28489.5
2024-11-15 16:00:00+00:00,29051.75
2024-11-15 17:00:00+00:00,30855.75
2024-11-15 18:00:00+00:00,31386
2024-11-15 19:00:00+00:00,31336.75
2024-11-15 20:00:00+00:00,30369
2024-11-15 21:00:00+00:00,27711.5
2024-11-15 22:00:00+00:00,25298.75
2024-11-15 23:00:00+00:00,23914.5
2024-11-16 00:00:00+00:00,22441.25
2024-11-16 01:00:00+00:00,21318
2024-11-16 02:00:00+00:00,20796
2024-11-16 03:00:00+00:00,20520.25
2024-11-16 04:00:00+00:00,20521
2024-11-16 05:00:00+00:00,21302.75
2024-11-16 06:00:00+00:00,22533.75
2024-11-16 07:00:00+00:00,23643
2024-11-16 08:00:00+00:00,24980.5
2024-11-16 09:00:00+00:00,25691.5
2024-11-16 10:00:00+00:00,25468.5
2024-11-16 11:00:00+00:00,25159.75
2024-11-16 12:00:00+00:00,25459.5
2024-11-16 13:00:00+00:00,25491.75
2024-11-16 14:00:00+00:00,24691.75
2024-11-16 15:00:00+00:00,24367.5
2024-11-16 16:00:00+00:00,24944.25
2024-11-16 17:00:00+00:00,26655
2024-11-16 18:00:00+00:00,27415.25
2024-11-16 19:00:00+00:00,27748.75
2024-11-16 20:00:00+00:00,27331.75
2024-11-16 21:00:00+00:00,25315.75
2024-11-16 22:00:00+00:00,23372.75
2024-11-16 23:00:00+00:00,22001.75
2024-11-17 00:00:00+00:00,20615.25
2024-11-17 01:00:00+00:00,19582
2024-11-17 02:00:00+00:00,19028.5
2024-11-17 03:00:00+00:00,18776.25
2024-11-17 04:00:00+00:00,18759.75
2024-11-17 05:00:00+00:00,19339.25
2024-11-17 06:00:00+00:00,20049.25
2024-11-17 07:00:00+00:00,20545.75
2024-11-17 08:00:00+00:00,21781.25
2024-11-17 09:00:00+00:00,22630.25
2024-11-17 10:00:00+00:00,22712.25
2024-11-17 11:00:00+00:00,22877
2024-11-17 12:00:00+00:00,23518.5
2024-11-17 13:00:00+00:00,23705.5
2024-11-17 14:00:00+00:00,22890.75
2024-11-17 15:00:00+00:00,22620.5
2024-11-17 16:00:00+00:00,23380.5
2024-11-17 17:00:00+00:00,25302.5
2024-11-17 18:00:00+00:00,26512.25
2024-11-17 19:00:00+00:00,27428
2024-11-17 20:00:00+00:00,27201.25
2024-11-17 21:00:00+00:00,25578.5
2024-11-17 22:00:00+00:00,23482
2024-11-17 23:00:00+00:00,21653.25
2024-11-18 00:00:00+00:00,20478.5
2024-11-18 01:00:00+00:00,19700.25
2024-11-18 02:00:00+00:00,19431.25
2024-11-18 03:00:00+00:00,19544.25
2024-11-18 04:00:00+00:00,20344.75
2024-11-18 05:00:00+00:00,23329.25
2024-11-18 06:00:00+00:00,27365
2024-11-18 07:00:00+00:00,29155.5
2024-11-18 08:00:00+00:00,29332.25
2024-11-18 09:00:00+00:00,29024.75
2024-11-18 10:00:00+00:00,28473.25
2024-11-18 11:00:00+00:00,28443
2024-11-18 12:00:00+00:00,28857
2024-11-18 13:00:00+00:00,28788.75
2024-11-18 14:00:00+00:00,28728
2024-11-18 15:00:00+00:00,28862.75
2024-11-18 16:00:00+00:00,29649.5
2024-11-18 17:00:00+00:00,30978.75
2024-11-18 18:00:00+00:00,31561.5
2024-11-18 19:00:00+00:00,32514.5
2024-11-18 20:00:00+00:00,31192.75
2024-11-18 21:00:00+00:00,28104
2024-11-18 22:00:00+00:00,25416
2024-11-18 23:00:00+00:00,23817.75
2024-11-19 00:00:00+00:00,22482.25
2024-11-19 01:00:00+00:00,21567
2024-11-19 02:00:00+00:00,21246.25
2024-11-19 03:00:00+00:00,21296.75
2024-11-19 04:00:00+00:00,21967.5
2024-11-19 05:00:00+00:00,24612.75
2024-11-19 06:00:00+00:00,28564.25
2024-11-19 07:00:00+00:00,30204.75
2024-11-19 08:00:00+00:00,29974
2024-11-19 09:00:00+00:00,29477.25
2024-11-19 10:00:00+00:00,28952.5
2024-11-19 11:00:00+00:00,28922
2024-11-19 12:00:00+00:00,29232.75
2024-11-19 13:00:00+00:00,29148
2024-11-19 14:00:00+00:00,29064.5
2024-11-19 15:00:00+00:00,29179.25
2024-11-19 16:00:00+00:00,30031.5
2024-11-19 17:00:00+00:00,31626.75
2024-11-19 18:00:00+00:00,32360
2024-11-19 19:00:00+00:00,32746
2024-11-19 20:00:00+00:00,31470.25
2024-11-19 21:00:00+00:00,28375.25
2024-11-19 22:00:00+00:00,25745.5
2024-11-19 23:00:00+00:00,23773
2024-11-20 00:00:00+00:00,22485.5
2024-11-20 01:00:00+00:00,21588.5
2024-11-20 02:00:00+00:00,21308
2024-11-20 03:00:00+00:00,21301.75
2024-11-20 04:00:00+00:00,21937.75
2024-11-20 05:00:00+00:00,24626.75
2024-11-20 06:00:00+00:00,28417.25
2024-11-20 07:00:00+00:00,30157
2024-11-20 08:00:00+00:00,30163.75
2024-11-20 09:00:00+00:00,29790.75
2024-11-20 10:00:00+00:00,29468
2024-11-20 11:00:00+00:00,29299
2024-11-20 12:00:00+00:00,29457.75
2024-11-20 13:00:00+00:00,29297.5
2024-11-20 14:00:00+00:00,29110.5
2024-11-20 15:00:00+00:00,29295.5
2024-11-20 16:00:00+00:00,30163.25
2024-11-20 17:00:00+00:00,31652.25
2024-11-20 18:00:00+00:00,32413.25
2024-11-20 19:00:00+00:00,32869
2024-11-20 20:00:00+00:00,31570
2024-11-20 21:00:00+00:00,28451
2024-11-20 22:00:00+00:00,25761.75
2024-11-20 23:00:00+00:00,23954.5
2024-11-21 00:00:00+00:00,22586
2024-11-21 01:00:00+00:00,21662.5
2024-11-21 02:00:00+00:00,21352.25
2024-11-21 03:00:00+00:00,21307.5
2024-11-21 04:00:00+00:00,21948
2024-11-21 05:00:00+00:00,24583.75
2024-11-21 06:00:00+00:00,28440
2024-11-21 07:00:00+00:00,29975.25
2024-11-21 08:00:00+00:00,29966
2024-11-21 09:00:00+00:00,29540.5
2024-11-21 10:00:00+00:00,29049
2024-11-21 11:00:00+00:00,29079.25
2024-11-21 12:00:00+00:00,29158
2024-11-21 13:00:00+00:00,29092
2024-11-21 14:00:00+00:00,29034.5
2024-11-21 15:00:00+00:00,29275.5
2024-11-21 16:00:00+00:00,30353.25
2024-11-21 17:00:00+00:00,32101
2024-11-21 18:00:00+00:00,32564.25
2024-11-21 19:00:00+00:00,32734
2024-11-21 20:00:00+00:00,31684.75
2024-11-21 21:00:00+00:00,28672.25
2024-11-21 22:00:00+00:00,25943.5
2024-11-21 23:00:00+00:00,24142
2024-11-22 00:00:00+00:00,22697
2024-11-22 01:00:00+00:00,21955.25
2024-11-22 02:00:00+00:00,21581
2024-11-22 03:00:00+00:00,21576
2024-11-22 04:00:00+00:00,22197
2024-11-22 05:00:00+00:00,24867.5
2024-11-22 06:00:00+00:00,28721.5
2024-11-22 07:00:00+00:00,30450.25
2024-11-22 08:00:00+00:00,30543
2024-11-22 09:00:00+00:00,30220
2024-11-22 10:00:00+00:00,29966.75
2024-11-22 11:00:00+00:00,29967.5
2024-11-22 12:00:00+00:00,30228
2024-11-22 13:00:00+00:00,29952.25
2024-11-22 14:00:00+00:00,29491
2024-11-22 15:00:00+00:00,29452
2024-11-22 16:00:00+00:00,30186.25
2024-11-22 17:00:00+00:00,31871
2024-11-22 18:00:00+00:00,32309.5
2024-11-22 19:00:00+00:00,32275.75
2024-11-22 20:00:00+00:00,31182.5
2024-11-22 21:00:00+00:00,28317.5
2024-11-22 22:00:00+00:00,25799.5
2024-11-22 23:00:00+00:00,24272
2024-11-23 00:00:00+00:00,22768.75
2024-11-23 01:00:00+00:00,21506.25
2024-11-23 02:00:00+00:00,20907.5
2024-11-23 03:00:00+00:00,20648.25
2024-11-23 04:00:00+00:00,20625
2024-11-23 05:00:00+00:00,21454.75
2024-11-23 06:00:00+00:00,22758.25
2024-11-23 07:00:00+00:00,23834
2024-11-23 08:00:00+00:00,25263.25
2024-11-23 09:00:00+00:00,25915.75
2024-11-23 10:00:00+00:00,25711.75
2024-11-23 11:00:00+00:00,25479.75
2024-11-23 12:00:00+00:00,25711.5
2024-11-23 13:00:00+00:00,25710.25
2024-11-23 14:00:00+00:00,25027.5
2024-11-23 15:00:00+00:00,24787.5
2024-11-23 16:00:00+00:00,25440
2024-11-23 17:00:00+00:00,27259.75
2024-11-23 18:00:00+00:00,27825
2024-11-23 19:00:00+00:00,28188
2024-11-23 20:00:00+00:00,27808.25
2024-11-23 21:00:00+00:00,25896.25
2024-11-23 22:00:00+00:00,23918.75
2024-11-23 23:00:00+00:00,22258.75
2024-11-24 00:00:00+00:00,20761.75
2024-11-24 01:00:00+00:00,19694
2024-11-24 02:00:00+00:00,19131.5
2024-11-24 03:00:00+00:00,18877.25
2024-11-24 04:00:00+00:00,18845.25
2024-11-24 05:00:00+00:00,19440.25
2024-11-24 06:00:00+00:00,20380
2024-11-24 07:00:00+00:00,20909.25
2024-11-24 08:00:00+00:00,21974.75
2024-11-24 09:00:00+00:00,22810
2024-11-24 10:00:00+00:00,22966
2024-11-24 11:00:00+00:00,23053.25
2024-11-24 12:00:00+00:00,23710.5
2024-11-24 13:00:00+00:00,23891.75
2024-11-24 14:00:00+00:00,23118.5
2024-11-24 15:00:00+00:00,23022.75
2024-11-24 16:00:00+00:00,23836.25
2024-11-24 17:00:00+00:00,25887.25
2024-11-24 18:00:00+00:00,26851.5
2024-11-24 19:00:00+00:00,27750.25
2024-11-24 20:00:00+00:00,27459.25
2024-11-24 21:00:00+00:00,25780.75
2024-11-24 22:00:00+00:00,23701.5
2024-11-24 23:00:00+00:00,22034.5
2024-11-25 00:00:00+00:00,20818.75
2024-11-25 01:00:00+00:00,19927.5
2024-11-25 02:00:00+00:00,19617.25
2024-11-25 03:00:00+00:00,19727.25
2024-11-25 04:00:00+00:00,20591.75
2024-11-25 05:00:00+00:00,23599.25
2024-11-25 06:00:00+00:00,27765
2024-11-25 07:00:00+00:00,29678.75
2024-11-25 08:00:00+00:00,29938.25
2024-11-25 09:00:00+00:00,29665.75
2024-11-25 10:00:00+00:00,29290.75
2024-11-25 11:00:00+00:00,29216.5
2024-11-25 12:00:00+00:00,29542
2024-11-25 13:00:00+00:00,29548.25
2024-11-25 14:00:00+00:00,29557.5
2024-11-25 15:00:00+00:00,29702.5
2024-11-25 16:00:00+00:00,30496.75
2024-11-25 17:00:00+00:00,32071.75
2024-11-25 18:00:00+00:00,32427.75
2024-11-25 19:00:00+00:00,32895.75
2024-11-25 20:00:00+00:00,31829.5
2024-11-25 21:00:00+00:00,28594.25
2024-11-25 22:00:00+00:00,25809.75
2024-11-25 23:00:00+00:00,23869
2024-11-26 00:00:00+00:00,22502.5
2024-11-26 01:00:00+00:00,21598.5
2024-11-26 02:00:00+00:00,21272.75
2024-11-26 03:00:00+00:00,21301.5
2024-11-26 04:00:00+00:00,22030.25
2024-11-26 05:00:00+00:00,24738.75
2024-11-26 06:00:00+00:00,28620.5
2024-11-26 07:00:00+00:00,30491.5
2024-11-26 08:00:00+00:00,30636
2024-11-26 09:00:00+00:00,30292.75
2024-11-26 10:00:00+00:00,29961.75
2024-11-26 11:00:00+00:00,29919.25
2024-11-26 12:00:00+00:00,30213.75
2024-11-26 13:00:00+00:00,29978
2024-11-26 14:00:00+00:00,29762.75
2024-11-26 15:00:00+00:00,29874
2024-11-26 16:00:00+00:00,30769.75
2024-11-26 17:00:00+00:00,32249.25
2024-11-26 18:00:00+00:00,32944.75
2024-11-26 19:00:00+00:00,33321
2024-11-26 20:00:00+00:00,32084.25
2024-11-26 21:00:00+00:00,29127.5
2024-11-26 22:00:00+00:00,26201
2024-11-26 23:00:00+00:00,24198.25
2024-11-27 00:00:00+00:00,22799.5
2024-11-27 01:00:00+00:00,21299.5
2024-11-27 02:00:00+00:00,21435
2024-11-27 03:00:00+00:00,21483.75
2024-11-27 04:00:00+00:00,22121.25
2024-11-27 05:00:00+00:00,24924.25
2024-11-27 06:00:00+00:00,29351.75
2024-11-27 07:00:00+00:00,31084.5
2024-11-27 08:00:00+00:00,31112.5
2024-11-27 09:00:00+00:00,30433.5
2024-11-27 10:00:00+00:00,30286.75
2024-11-27 11:00:00+00:00,30051.25
2024-11-27 12:00:00+00:00,30347.75
2024-11-27 13:00:00+00:00,30148.25
2024-11-27 14:00:00+00:00,29799.25
2024-11-27 15:00:00+00:00,30112.75
2024-11-27 16:00:00+00:00,30871.25
2024-11-27 17:00:00+00:00,32388.5
2024-11-27 18:00:00+00:00,33086.75
2024-11-27 19:00:00+00:00,33645.75
2024-11-27 20:00:00+00:00,32890.5
2024-11-27 21:00:00+00:00,29364.25
2024-11-27 22:00:00+00:00,26505.5
2024-11-27 23:00:00+00:00,25028.75
2024-11-28 00:00:00+00:00,24114.5
2024-11-28 01:00:00+00:00,22543
2024-11-28 02:00:00+00:00,22168.5
2024-11-28 03:00:00+00:00,22081.25
2024-11-28 04:00:00+00:00,22585
2024-11-28 05:00:00+00:00,24895.75
2024-11-28 06:00:00+00:00,28653.25
2024-11-28 07:00:00+00:00,30998.5
2024-11-28 08:00:00+00:00,31440
2024-11-28 09:00:00+00:00,30819
2024-11-28 10:00:00+00:00,30405.75
2024-11-28 11:00:00+00:00,30016.75
2024-11-28 12:00:00+00:00,29976.75
2024-11-28 13:00:00+00:00,29852
2024-11-28 14:00:00+00:00,29700.5
2024-11-28 15:00:00+00:00,29760.5
2024-11-28 16:00:00+00:00,30673.75
2024-11-28 17:00:00+00:00,32293.25
2024-11-28 18:00:00+00:00,33044.25
2024-11-28 19:00:00+00:00,33721.75
2024-11-28 20:00:00+00:00,33331
2024-11-28 21:00:00+00:00,30595.5
2024-11-28 22:00:00+00:00,27576
2024-11-28 23:00:00+00:00,25099
2024-11-29 00:00:00+00:00,23656.25
2024-11-29 01:00:00+00:00,22612
2024-11-29 02:00:00+00:00,22258.25
2024-11-29 03:00:00+00:00,22273.5
2024-11-29 04:00:00+00:00,22916.75
2024-11-29 05:00:00+00:00,25532
2024-11-29 06:00:00+00:00,29692.25
2024-11-29 07:00:00+00:00,31415.25
2024-11-29 08:00:00+00:00,31326.5
2024-11-29 09:00:00+00:00,30836.25
2024-11-29 10:00:00+00:00,30356.25
2024-11-29 11:00:00+00:00,29859.25
2024-11-29 12:00:00+00:00,29877
2024-11-29 13:00:00+00:00,29665.5
2024-11-29 14:00:00+00:00,29410.25
2024-11-29 15:00:00+00:00,29620
2024-11-29 16:00:00+00:00,30434
2024-11-29 17:00:00+00:00,32035.5
2024-11-29 18:00:00+00:00,32492.25
2024-11-29 19:00:00+00:00,32493
2024-11-29 20:00:00+00:00,31667
2024-11-29 21:00:00+00:00,28679.5
2024-11-29 22:00:00+00:00,26194.75
2024-11-29 23:00:00+00:00,24604
2024-11-30 00:00:00+00:00,22991.25
2024-11-30 01:00:00+00:00,21765.75
2024-11-30 02:00:00+00:00,21140
2024-11-30 03:00:00+00:00,20856.25
2024-11-30 04:00:00+00:00,20862.75
2024-11-30 05:00:00+00:00,21587.75
2024-11-30 06:00:00+00:00,23080.75
2024-11-30 07:00:00+00:00,24462.5
2024-11-30 08:00:00+00:00,25843.25
2024-11-30 09:00:00+00:00,26388.5
2024-11-30 10:00:00+00:00,26029.75
2024-11-30 11:00:00+00:00,25579.25
2024-11-30 12:00:00+00:00,25745.75
2024-11-30 13:00:00+00:00,25727.25
2024-11-30 14:00:00+00:00,25085
2024-11-30 15:00:00+00:00,25035.75
2024-11-30 16:00:00+00:00,25788.5
2024-11-30 17:00:00+00:00,27598.75
2024-11-30 18:00:00+00:00,27988.25
2024-11-30 19:00:00+00:00,28510.25
2024-11-30 20:00:00+00:00,28210.5
2024-11-30 21:00:00+00:00,26251
2024-11-30 22:00:00+00:00,24108.25
2024-11-30 23:00:00+00:00,22436
2024-12-01 00:00:00+00:00,21038.25
2024-12-01 01:00:00+00:00,19898.75
2024-12-01 02:00:00+00:00,19255.5
2024-12-01 03:00:00+00:00,19021
2024-12-01 04:00:00+00:00,19047
2024-12-01 05:00:00+00:00,19630.75
2024-12-01 06:00:00+00:00,20574.25
2024-12-01 07:00:00+00:00,21267.25
2024-12-01 08:00:00+00:00,22582.5
2024-12-01 09:00:00+00:00,23337.5
2024-12-01 10:00:00+00:00,23354.5
2024-12-01 11:00:00+00:00,23245.25
2024-12-01 12:00:00+00:00,23835
2024-12-01 13:00:00+00:00,24136.5
2024-12-01 14:00:00+00:00,23434
2024-12-01 15:00:00+00:00,23402.25
2024-12-01 16:00:00+00:00,24512
2024-12-01 17:00:00+00:00,26449.75
2024-12-01 18:00:00+00:00,27337
2024-12-01 19:00:00+00:00,28253
2024-12-01 20:00:00+00:00,28029
2024-12-01 21:00:00+00:00,26349
2024-12-01 22:00:00+00:00,24095
2024-12-01 23:00:00+00:00,22211.75
2024-12-02 00:00:00+00:00,20893.25
2024-12-02 01:00:00+00:00,20050.5
2024-12-02 02:00:00+00:00,19722
2024-12-02 03:00:00+00:00,19874.5
2024-12-02 04:00:00+00:00,20744
2024-12-02 05:00:00+00:00,23859.5
2024-12-02 06:00:00+00:00,28203
2024-12-02 07:00:00+00:00,30342.75
2024-12-02 08:00:00+00:00,30630.5
2024-12-02 09:00:00+00:00,30336
2024-12-02 10:00:00+00:00,30028.75
2024-12-02 11:00:00+00:00,29769.25
2024-12-02 12:00:00+00:00,30011.5
2024-12-02 13:00:00+00:00,29811.5
2024-12-02 14:00:00+00:00,29838
2024-12-02 15:00:00+00:00,30246.25
2024-12-02 16:00:00+00:00,31046.5
2024-12-02 17:00:00+00:00,32303.25
2024-12-02 18:00:00+00:00,32870.5
2024-12-02 19:00:00+00:00,33129
2024-12-02 20:00:00+00:00,32084
2024-12-02 21:00:00+00:00,28896.5
2024-12-02 22:00:00+00:00,26130.75
2024-12-02 23:00:00+00:00,24523.75
2024-12-03 00:00:00+00:00,22974.75
2024-12-03 01:00:00+00:00,22041
2024-12-03 02:00:00+00:00,21673.5
2024-12-03 03:00:00+00:00,21723.5
2024-12-03 04:00:00+00:00,22393.25
2024-12-03 05:00:00+00:00,25099.25
2024-12-03 06:00:00+00:00,29304.75
2024-12-03 07:00:00+00:00,31302
2024-12-03 08:00:00+00:00,31405
2024-12-03 09:00:00+00:00,30796.5
2024-12-03 10:00:00+00:00,30387.5
2024-12-03 11:00:00+00:00,30142.5
2024-12-03 12:00:00+00:00,30247.25
2024-12-03 13:00:00+00:00,30208.75
2024-12-03 14:00:00+00:00,30132.5
2024-12-03 15:00:00+00:00,30370.25
2024-12-03 16:00:00+00:00,31466.75
2024-12-03 17:00:00+00:00,32945.25
2024-12-03 18:00:00+00:00,33537
2024-12-03 19:00:00+00:00,34180.75
2024-12-03 20:00:00+00:00,32960
2024-12-03 21:00:00+00:00,29503.25
2024-12-03 22:00:00+00:00,26869.75
2024-12-03 23:00:00+00:00,24821.25
2024-12-04 00:00:00+00:00,23322.75
2024-12-04 01:00:00+00:00,22322.75
2024-12-04 02:00:00+00:00,21957.25
2024-12-04 03:00:00+00:00,21899.5
2024-12-04 04:00:00+00:00,22632.25
2024-12-04 05:00:00+00:00,25359.75
2024-12-04 06:00:00+00:00,29514.5
2024-12-04 07:00:00+00:00,31390
2024-12-04 08:00:00+00:00,31557.5
2024-12-04 09:00:00+00:00,31010.5
2024-12-04 10:00:00+00:00,30479.5
2024-12-04 11:00:00+00:00,30188.75
2024-12-04 12:00:00+00:00,30345.75
2024-12-04 13:00:00+00:00,30202.75
2024-12-04 14:00:00+00:00,30123.75
2024-12-04 15:00:00+00:00,30534.5
2024-12-04 16:00:00+00:00,31386.75
2024-12-04 17:00:00+00:00,32796.25
2024-12-04 18:00:00+00:00,33445.5
2024-12-04 19:00:00+00:00,33950.5
2024-12-04 20:00:00+00:00,32724.25
2024-12-04 21:00:00+00:00,29622.75
2024-12-04 22:00:00+00:00,26750.5
2024-12-04 23:00:00+00:00,25084.5
2024-12-05 00:00:00+00:00,23602
2024-12-05 01:00:00+00:00,22669.5
2024-12-05 02:00:00+00:00,22303.5
2024-12-05 03:00:00+00:00,22238
2024-12-05 04:00:00+00:00,23025.25
2024-12-05 05:00:00+00:00,25728.5
2024-12-05 06:00:00+00:00,29817
2024-12-05 07:00:00+00:00,31625.25
2024-12-05 08:00:00+00:00,31469.5
2024-12-05 09:00:00+00:00,30824.25
2024-12-05 10:00:00+00:00,30251.25
2024-12-05 11:00:00+00:00,30126.5
2024-12-05 12:00:00+00:00,30362.75
2024-12-05 13:00:00+00:00,30286.75
2024-12-05 14:00:00+00:00,30152.25
2024-12-05 15:00:00+00:00,30524.5
2024-12-05 16:00:00+00:00,31394.25
2024-12-05 17:00:00+00:00,32992.25
2024-12-05 18:00:00+00:00,33399.25
2024-12-05 19:00:00+00:00,33836.5
2024-12-05 20:00:00+00:00,32808
2024-12-05 21:00:00+00:00,29967.5
2024-12-05 22:00:00+00:00,27145
2024-12-05 23:00:00+00:00,25232
2024-12-06 00:00:00+00:00,23596.75
2024-12-06 01:00:00+00:00,22468.5
2024-12-06 02:00:00+00:00,21808.25
2024-12-06 03:00:00+00:00,21431.75
2024-12-06 04:00:00+00:00,21380.5
2024-12-06 05:00:00+00:00,22204.5
2024-12-06 06:00:00+00:00,23184.75
2024-12-06 07:00:00+00:00,23471.25
2024-12-06 08:00:00+00:00,24379.5
2024-12-06 09:00:00+00:00,24940.25
2024-12-06 10:00:00+00:00,25067.25
2024-12-06 11:00:00+00:00,24778.25
2024-12-06 12:00:00+00:00,25167.75
2024-12-06 13:00:00+00:00,25583.75
2024-12-06 14:00:00+00:00,24954.25
2024-12-06 15:00:00+00:00,24801.25
2024-12-06 16:00:00+00:00,25271.5
2024-12-06 17:00:00+00:00,26953.75
2024-12-06 18:00:00+00:00,27676.75
2024-12-06 19:00:00+00:00,28317.5
2024-12-06 20:00:00+00:00,28448.25
2024-12-06 21:00:00+00:00,26971.5
2024-12-06 22:00:00+00:00,25056.25
2024-12-06 23:00:00+00:00,23209
2024-12-07 00:00:00+00:00,21492.5
2024-12-07 01:00:00+00:00,20444.5
2024-12-07 02:00:00+00:00,19802.25
2024-12-07 03:00:00+00:00,19542.75
2024-12-07 04:00:00+00:00,19746.5
2024-12-07 05:00:00+00:00,20653.25
2024-12-07 06:00:00+00:00,22267.5
2024-12-07 07:00:00+00:00,23781.5
2024-12-07 08:00:00+00:00,25195.5
2024-12-07 09:00:00+00:00,25778.5
2024-12-07 10:00:00+00:00,25506.75
2024-12-07 11:00:00+00:00,25181
2024-12-07 12:00:00+00:00,25494.75
2024-12-07 13:00:00+00:00,25366.5
2024-12-07 14:00:00+00:00,24857.75
2024-12-07 15:00:00+00:00,24823
2024-12-07 16:00:00+00:00,25643
2024-12-07 17:00:00+00:00,27216.5
2024-12-07 18:00:00+00:00,27574.5
2024-12-07 19:00:00+00:00,27788.75
2024-12-07 20:00:00+00:00,27602.75
2024-12-07 21:00:00+00:00,25838
2024-12-07 22:00:00+00:00,23826
2024-12-07 23:00:00+00:00,22492.25
2024-12-08 00:00:00+00:00,21218.25
2024-12-08 01:00:00+00:00,20134
2024-12-08 02:00:00+00:00,19538
2024-12-08 03:00:00+00:00,19281.5
2024-12-08 04:00:00+00:00,19311.5
2024-12-08 05:00:00+00:00,19927
2024-12-08 06:00:00+00:00,20957.75
2024-12-08 07:00:00+00:00,21639
2024-12-08 08:00:00+00:00,23155.5
2024-12-08 09:00:00+00:00,24304
2024-12-08 10:00:00+00:00,24444.25
2024-12-08 11:00:00+00:00,24493.75
2024-12-08 12:00:00+00:00,25043.25
2024-12-08 13:00:00+00:00,25287.25
2024-12-08 14:00:00+00:00,24399.75
2024-12-08 15:00:00+00:00,24345
2024-12-08 16:00:00+00:00,25595.25
2024-12-08 17:00:00+00:00,27690.25
2024-12-08 18:00:00+00:00,28449.5
2024-12-08 19:00:00+00:00,29393.75
2024-12-08 20:00:00+00:00,29001.75
2024-12-08 21:00:00+00:00,27250
2024-12-08 22:00:00+00:00,24935.5
2024-12-08 23:00:00+00:00,23001.25
2024-12-09 00:00:00+00:00,21593.25
2024-12-09 01:00:00+00:00,20725
2024-12-09 02:00:00+00:00,20315.25
2024-12-09 03:00:00+00:00,20076.5
2024-12-09 04:00:00+00:00,20633.75
2024-12-09 05:00:00+00:00,22891.25
2024-12-09 06:00:00+00:00,25766.5
2024-12-09 07:00:00+00:00,27290
2024-12-09 08:00:00+00:00,27969.5
2024-12-09 09:00:00+00:00,28483.5
2024-12-09 10:00:00+00:00,28814.75
2024-12-09 11:00:00+00:00,28707.25
2024-12-09 12:00:00+00:00,29217
2024-12-09 13:00:00+00:00,29474
2024-12-09 14:00:00+00:00,28899.25
2024-12-09 15:00:00+00:00,29126.25
2024-12-09 16:00:00+00:00,30194.5
2024-12-09 17:00:00+00:00,32051.75
2024-12-09 18:00:00+00:00,32375
2024-12-09 19:00:00+00:00,33217
2024-12-09 20:00:00+00:00,32872.75
2024-12-09 21:00:00+00:00,30024.75
2024-12-09 22:00:00+00:00,27095.75
2024-12-09 23:00:00+00:00,25450.25
2024-12-10 00:00:00+00:00,23490.25
2024-12-10 01:00:00+00:00,22586.25
2024-12-10 02:00:00+00:00,22509
2024-12-10 03:00:00+00:00,22485.75
2024-12-10 04:00:00+00:00,23480.5
2024-12-10 05:00:00+00:00,26824.25
2024-12-10 06:00:00+00:00,32080
2024-12-10 07:00:00+00:00,35085.75
2024-12-10 08:00:00+00:00,35363.25
2024-12-10 09:00:00+00:00,34629.75
2024-12-10 10:00:00+00:00,33586.75
2024-12-10 11:00:00+00:00,33517.75
2024-12-10 12:00:00+00:00,33526
2024-12-10 13:00:00+00:00,33554.25
2024-12-10 14:00:00+00:00,33600.75
2024-12-10 15:00:00+00:00,34026.25
2024-12-10 16:00:00+00:00,35239.25
2024-12-10 17:00:00+00:00,36864.75
2024-12-10 18:00:00+00:00,37474.5
2024-12-10 19:00:00+00:00,37850.75
2024-12-10 20:00:00+00:00,36212.75
2024-12-10 21:00:00+00:00,32579.75
2024-12-10 22:00:00+00:00,29144.75
2024-12-10 23:00:00+00:00,27282.5
2024-12-11 00:00:00+00:00,25359.5
2024-12-11 01:00:00+00:00,24168.75
2024-12-11 02:00:00+00:00,23664.75
2024-12-11 03:00:00+00:00,23628
2024-12-11 04:00:00+00:00,24399
2024-12-11 05:00:00+00:00,27311.75
2024-12-11 06:00:00+00:00,32114.25
2024-12-11 07:00:00+00:00,34706.5
2024-12-11 08:00:00+00:00,34903
2024-12-11 09:00:00+00:00,34376
2024-12-11 10:00:00+00:00,33533.75
2024-12-11 11:00:00+00:00,33283.5
2024-12-11 12:00:00+00:00,33386.75
2024-12-11 13:00:00+00:00,33456
2024-12-11 14:00:00+00:00,33695.75
2024-12-11 15:00:00+00:00,34066
2024-12-11 16:00:00+00:00,35066.5
2024-12-11 17:00:00+00:00,36563.75
2024-12-11 18:00:00+00:00,37230
2024-12-11 19:00:00+00:00,37699.5
2024-12-11 20:00:00+00:00,36498.75
2024-12-11 21:00:00+00:00,33145
2024-12-11 22:00:00+00:00,29560.25
2024-12-11 23:00:00+00:00,27189.25
2024-12-12 00:00:00+00:00,25174.75
2024-12-12 01:00:00+00:00,24033
2024-12-12 02:00:00+00:00,23602.5
2024-12-12 03:00:00+00:00,23547.25
2024-12-12 04:00:00+00:00,24309.25
2024-12-12 05:00:00+00:00,27288.5
2024-12-12 06:00:00+00:00,31918.5
2024-12-12 07:00:00+00:00,34791.25
2024-12-12 08:00:00+00:00,35254.5
2024-12-12 09:00:00+00:00,34957.75
2024-12-12 10:00:00+00:00,34240.75
2024-12-12 11:00:00+00:00,33797.75
2024-12-12 12:00:00+00:00,33898.75
2024-12-12 13:00:00+00:00,34112.25
2024-12-12 14:00:00+00:00,34301
2024-12-12 15:00:00+00:00,34434
2024-12-12 16:00:00+00:00,35198.5
2024-12-12 17:00:00+00:00,36481.5
2024-12-12 18:00:00+00:00,36639.5
2024-12-12 19:00:00+00:00,36825
2024-12-12 20:00:00+00:00,36049
2024-12-12 21:00:00+00:00,32937
2024-12-12 22:00:00+00:00,29426
2024-12-12 23:00:00+00:00,27119.25
2024-12-13 00:00:00+00:00,25151.25
2024-12-13 01:00:00+00:00,23953.5
2024-12-13 02:00:00+00:00,23475
2024-12-13 03:00:00+00:00,23456.75
2024-12-13 04:00:00+00:00,24137
2024-12-13 05:00:00+00:00,26939.25
2024-12-13 06:00:00+00:00,31656.75
2024-12-13 07:00:00+00:00,34557.75
2024-12-13 08:00:00+00:00,34946.25
2024-12-13 09:00:00+00:00,34338
2024-12-13 10:00:00+00:00,33523.5
2024-12-13 11:00:00+00:00,33040.5
2024-12-13 12:00:00+00:00,33080.25
2024-12-13 13:00:00+00:00,32891
2024-12-13 14:00:00+00:00,32878.75
2024-12-13 15:00:00+00:00,33203.25
2024-12-13 16:00:00+00:00,34135
2024-12-13 17:00:00+00:00,35366
2024-12-13 18:00:00+00:00,35493.75
2024-12-13 19:00:00+00:00,35535.5
2024-12-13 20:00:00+00:00,34760.25
2024-12-13 21:00:00+00:00,31712
2024-12-13 22:00:00+00:00,28597.25
2024-12-13 23:00:00+00:00,26859.75
2024-12-14 00:00:00+00:00,24907.75
2024-12-14 01:00:00+00:00,23561.75
2024-12-14 02:00:00+00:00,22764
2024-12-14 03:00:00+00:00,22447.25
2024-12-14 04:00:00+00:00,22433
2024-12-14 05:00:00+00:00,23390
2024-12-14 06:00:00+00:00,25202.25
2024-12-14 07:00:00+00:00,26782
2024-12-14 08:00:00+00:00,28578.5
2024-12-14 09:00:00+00:00,29407.25
2024-12-14 10:00:00+00:00,28965.25
2024-12-14 11:00:00+00:00,28491
2024-12-14 12:00:00+00:00,28679.25
2024-12-14 13:00:00+00:00,28738.25
2024-12-14 14:00:00+00:00,28262.75
2024-12-14 15:00:00+00:00,28298.75
2024-12-14 16:00:00+00:00,29280.5
2024-12-14 17:00:00+00:00,31189
2024-12-14 18:00:00+00:00,31726
2024-12-14 19:00:00+00:00,32237
2024-12-14 20:00:00+00:00,31835
2024-12-14 21:00:00+00:00,29764.75
2024-12-14 22:00:00+00:00,27198.5
2024-12-14 23:00:00+00:00,24918.75
2024-12-15 00:00:00+00:00,23148.75
2024-12-15 01:00:00+00:00,21817.25
2024-12-15 02:00:00+00:00,21069.75
2024-12-15 03:00:00+00:00,20745
2024-12-15 04:00:00+00:00,20751
2024-12-15 05:00:00+00:00,21385
2024-12-15 06:00:00+00:00,22505.75
2024-12-15 07:00:00+00:00,23433.75
2024-12-15 08:00:00+00:00,25068.5
2024-12-15 09:00:00+00:00,26234.5
2024-12-15 10:00:00+00:00,26251.75
2024-12-15 11:00:00+00:00,26045
2024-12-15 12:00:00+00:00,26569.75
2024-12-15 13:00:00+00:00,27074.25
2024-12-15 14:00:00+00:00,26480.75
2024-12-15 15:00:00+00:00,26581.5
2024-12-15 16:00:00+00:00,27756.75
2024-12-15 17:00:00+00:00,29893.5
2024-12-15 18:00:00+00:00,30953.75
2024-12-15 19:00:00+00:00,31863
2024-12-15 20:00:00+00:00,31678.75
2024-12-15 21:00:00+00:00,29859
2024-12-15 22:00:00+00:00,27135.25
2024-12-15 23:00:00+00:00,25148
2024-12-16 00:00:00+00:00,23284.5
2024-12-16 01:00:00+00:00,22205.5
2024-12-16 02:00:00+00:00,21731.5
2024-12-16 03:00:00+00:00,21675
2024-12-16 04:00:00+00:00,22599.75
2024-12-16 05:00:00+00:00,26014
2024-12-16 06:00:00+00:00,31331
2024-12-16 07:00:00+00:00,34536.25
2024-12-16 08:00:00+00:00,34828.75
2024-12-16 09:00:00+00:00,34223.5
2024-12-16 10:00:00+00:00,33448.25
2024-12-16 11:00:00+00:00,32996.75
2024-12-16 12:00:00+00:00,32982.75
2024-12-16 13:00:00+00:00,32764.25
2024-12-16 14:00:00+00:00,32924.75
2024-12-16 15:00:00+00:00,33356.75
2024-12-16 16:00:00+00:00,34605.25
2024-12-16 17:00:00+00:00,36186.75
2024-12-16 18:00:00+00:00,36806.5
2024-12-16 19:00:00+00:00,37484.5
2024-12-16 20:00:00+00:00,36377.75
2024-12-16 21:00:00+00:00,32835.75
2024-12-16 22:00:00+00:00,29542.75
2024-12-16 23:00:00+00:00,27124.5
2024-12-17 00:00:00+00:00,25107.75
2024-12-17 01:00:00+00:00,23979.25
2024-12-17 02:00:00+00:00,23455
2024-12-17 03:00:00+00:00,23385
2024-12-17 04:00:00+00:00,24109.75
2024-12-17 05:00:00+00:00,27208.25
2024-12-17 06:00:00+00:00,32055.25
2024-12-17 07:00:00+00:00,34760
2024-12-17 08:00:00+00:00,34815
2024-12-17 09:00:00+00:00,34240.5
2024-12-17 10:00:00+00:00,33240
2024-12-17 11:00:00+00:00,32675.25
2024-12-17 12:00:00+00:00,32415
2024-12-17 13:00:00+00:00,32442.5
2024-12-17 14:00:00+00:00,32871.75
2024-12-17 15:00:00+00:00,33355.5
2024-12-17 16:00:00+00:00,34400.25
2024-12-17 17:00:00+00:00,35889.25
2024-12-17 18:00:00+00:00,36712.5
2024-12-17 19:00:00+00:00,37274.25
2024-12-17 20:00:00+00:00,36347.5
2024-12-17 21:00:00+00:00,32907.5
2024-12-17 22:00:00+00:00,29497
2024-12-17 23:00:00+00:00,26852.5
2024-12-18 00:00:00+00:00,24878.5
2024-12-18 01:00:00+00:00,23725.75
2024-12-18 02:00:00+00:00,23262.25
2024-12-18 03:00:00+00:00,23231.75
2024-12-18 04:00:00+00:00,23917.75
2024-12-18 05:00:00+00:00,27122
2024-12-18 06:00:00+00:00,31887.25
2024-12-18 07:00:00+00:00,34478
2024-12-18 08:00:00+00:00,34857
2024-12-18 09:00:00+00:00,34075.75
2024-12-18 10:00:00+00:00,33182.75
2024-12-18 11:00:00+00:00,32657.5
2024-12-18 12:00:00+00:00,32621.25
2024-12-18 13:00:00+00:00,32316.25
2024-12-18 14:00:00+00:00,32264.75
2024-12-18 15:00:00+00:00,32557.75
2024-12-18 16:00:00+00:00,33822.25
2024-12-18 17:00:00+00:00,35410.5
2024-12-18 18:00:00+00:00,35931
2024-12-18 19:00:00+00:00,36571.5
2024-12-18 20:00:00+00:00,35489
2024-12-18 21:00:00+00:00,32272.75
2024-12-18 22:00:00+00:00,28907
2024-12-18 23:00:00+00:00,26255.5
2024-12-19 00:00:00+00:00,24363.25
2024-12-19 01:00:00+00:00,23229.75
2024-12-19 02:00:00+00:00,22786.75
2024-12-19 03:00:00+00:00,22776.75
2024-12-19 04:00:00+00:00,23443.25
2024-12-19 05:00:00+00:00,26499
2024-12-19 06:00:00+00:00,31118.5
2024-12-19 07:00:00+00:00,33623.75
2024-12-19 08:00:00+00:00,33909.25
2024-12-19 09:00:00+00:00,32955.25
2024-12-19 10:00:00+00:00,32134.5
2024-12-19 11:00:00+00:00,31650.25
2024-12-19 12:00:00+00:00,31554.25
2024-12-19 13:00:00+00:00,31367.5
2024-12-19 14:00:00+00:00,31462.5
2024-12-19 15:00:00+00:00,32081.25
2024-12-19 16:00:00+00:00,33138.75
2024-12-19 17:00:00+00:00,34637.25
2024-12-19 18:00:00+00:00,35004
2024-12-19 19:00:00+00:00,35390.5
2024-12-19 20:00:00+00:00,34683.75
2024-12-19 21:00:00+00:00,31544
2024-12-19 22:00:00+00:00,28279
2024-12-19 23:00:00+00:00,25902.5
2024-12-20 00:00:00+00:00,24092.25
2024-12-20 01:00:00+00:00,22962.75
2024-12-20 02:00:00+00:00,22466.5
2024-12-20 03:00:00+00:00,22415
2024-12-20 04:00:00+00:00,23027.75
2024-12-20 05:00:00+00:00,25994
2024-12-20 06:00:00+00:00,30405.5
2024-12-20 07:00:00+00:00,32990.5
2024-12-20 08:00:00+00:00,33523.25
2024-12-20 09:00:00+00:00,33133.75
2024-12-20 10:00:00+00:00,32451.5
2024-12-20 11:00:00+00:00,31942.75
2024-12-20 12:00:00+00:00,31985
2024-12-20 13:00:00+00:00,31351.5
2024-12-20 14:00:00+00:00,31008.5
2024-12-20 15:00:00+00:00,31335.25
2024-12-20 16:00:00+00:00,32328.75
2024-12-20 17:00:00+00:00,33847.25
2024-12-20 18:00:00+00:00,34270.25
2024-12-20 19:00:00+00:00,34466
2024-12-20 20:00:00+00:00,33686
2024-12-20 21:00:00+00:00,30876.25
2024-12-20 22:00:00+00:00,27866
2024-12-20 23:00:00+00:00,25884.75
2024-12-21 00:00:00+00:00,23893.25
2024-12-21 01:00:00+00:00,22517.25
2024-12-21 02:00:00+00:00,21782.25
2024-12-21 03:00:00+00:00,21428
2024-12-21 04:00:00+00:00,21407.75
2024-12-21 05:00:00+00:00,22428.5
2024-12-21 06:00:00+00:00,24107.25
2024-12-21 07:00:00+00:00,25871.5
2024-12-21 08:00:00+00:00,27658.5
2024-12-21 09:00:00+00:00,28160.5
2024-12-21 10:00:00+00:00,27646.25
2024-12-21 11:00:00+00:00,26955
2024-12-21 12:00:00+00:00,27151.5
2024-12-21 13:00:00+00:00,26844
2024-12-21 14:00:00+00:00,26362.25
2024-12-21 15:00:00+00:00,26637.75
2024-12-21 16:00:00+00:00,27739.75
2024-12-21 17:00:00+00:00,29782.5
2024-12-21 18:00:00+00:00,30248.5
2024-12-21 19:00:00+00:00,30757.75
2024-12-21 20:00:00+00:00,30612.75
2024-12-21 21:00:00+00:00,28822.25
2024-12-21 22:00:00+00:00,26505.75
2024-12-21 23:00:00+00:00,24237
2024-12-22 00:00:00+00:00,22287.5
2024-12-22 01:00:00+00:00,20940.5
2024-12-22 02:00:00+00:00,20200
2024-12-22 03:00:00+00:00,19849
2024-12-22 04:00:00+00:00,19878.25
2024-12-22 05:00:00+00:00,20534.5
2024-12-22 06:00:00+00:00,21563
2024-12-22 07:00:00+00:00,22756.75
2024-12-22 08:00:00+00:00,24277.75
2024-12-22 09:00:00+00:00,25093.5
2024-12-22 10:00:00+00:00,24936.25
2024-12-22 11:00:00+00:00,24901.5
2024-12-22 12:00:00+00:00,25197.75
2024-12-22 13:00:00+00:00,25583
2024-12-22 14:00:00+00:00,24991.75
2024-12-22 15:00:00+00:00,25183.25
2024-12-22 16:00:00+00:00,26400.25
2024-12-22 17:00:00+00:00,28759.5
2024-12-22 18:00:00+00:00,29983.5
2024-12-22 19:00:00+00:00,31111.5
2024-12-22 20:00:00+00:00,30935.5
2024-12-22 21:00:00+00:00,29032.5
2024-12-22 22:00:00+00:00,26283.75
2024-12-22 23:00:00+00:00,23663.5
2024-12-23 00:00:00+00:00,21755.5
2024-12-23 01:00:00+00:00,20534
2024-12-23 02:00:00+00:00,20021
2024-12-23 03:00:00+00:00,20003.75
2024-12-23 04:00:00+00:00,20696.5
2024-12-23 05:00:00+00:00,23236.75
2024-12-23 06:00:00+00:00,26742.75
2024-12-23 07:00:00+00:00,29374
2024-12-23 08:00:00+00:00,30917.5
2024-12-23 09:00:00+00:00,30370.5
2024-12-23 10:00:00+00:00,29243.25
2024-12-23 11:00:00+00:00,28758.25
2024-12-23 12:00:00+00:00,28705
2024-12-23 13:00:00+00:00,28692.75
2024-12-23 14:00:00+00:00,28441
2024-12-23 15:00:00+00:00,28837.5
2024-12-23 16:00:00+00:00,29879.25
2024-12-23 17:00:00+00:00,31461.75
2024-12-23 18:00:00+00:00,32052.5
2024-12-23 19:00:00+00:00,32469
2024-12-23 20:00:00+00:00,32052
2024-12-23 21:00:00+00:00,29578.5
2024-12-23 22:00:00+00:00,26664
2024-12-23 23:00:00+00:00,23931.5
2024-12-24 00:00:00+00:00,22036
2024-12-24 01:00:00+00:00,20799.5
2024-12-24 02:00:00+00:00,20105
2024-12-24 03:00:00+00:00,19832.5
2024-12-24 04:00:00+00:00,20113.75
2024-12-24 05:00:00+00:00,21633.75
2024-12-24 06:00:00+00:00,24071
2024-12-24 07:00:00+00:00,26011.25
2024-12-24 08:00:00+00:00,27624.75
2024-12-24 09:00:00+00:00,27621.5
2024-12-24 10:00:00+00:00,26882.25
2024-12-24 11:00:00+00:00,25977.25
2024-12-24 12:00:00+00:00,25645.5
2024-12-24 13:00:00+00:00,25530.25
2024-12-24 14:00:00+00:00,25123
2024-12-24 15:00:00+00:00,25323.75
2024-12-24 16:00:00+00:00,26370.75
2024-12-24 17:00:00+00:00,28221
2024-12-24 18:00:00+00:00,28753.75
2024-12-24 19:00:00+00:00,28075.25
2024-12-24 20:00:00+00:00,26585
2024-12-24 21:00:00+00:00,24032.75
2024-12-24 22:00:00+00:00,22788.5
2024-12-24 23:00:00+00:00,21663.5
2024-12-25 00:00:00+00:00,20661.5
2024-12-25 01:00:00+00:00,19459.25
2024-12-25 02:00:00+00:00,18430.25
2024-12-25 03:00:00+00:00,17808
2024-12-25 04:00:00+00:00,17683.5
2024-12-25 05:00:00+00:00,18274.75
2024-12-25 06:00:00+00:00,18951.75
2024-12-25 07:00:00+00:00,18861.75
2024-12-25 08:00:00+00:00,19460
2024-12-25 09:00:00+00:00,20298.5
2024-12-25 10:00:00+00:00,20953
2024-12-25 11:00:00+00:00,21334.25
2024-12-25 12:00:00+00:00,21653.5
2024-12-25 13:00:00+00:00,21709
2024-12-25 14:00:00+00:00,20718.5
2024-12-25 15:00:00+00:00,20810.5
2024-12-25 16:00:00+00:00,21656.25
2024-12-25 17:00:00+00:00,23785.25
2024-12-25 18:00:00+00:00,24801.5
2024-12-25 19:00:00+00:00,25998.5
2024-12-25 20:00:00+00:00,26501
2024-12-25 21:00:00+00:00,25555.25
2024-12-25 22:00:00+00:00,23447
2024-12-25 23:00:00+00:00,21227
2024-12-26 00:00:00+00:00,19557.75
2024-12-26 01:00:00+00:00,18533
2024-12-26 02:00:00+00:00,17989.25
2024-12-26 03:00:00+00:00,17845
2024-12-26 04:00:00+00:00,18360.5
2024-12-26 05:00:00+00:00,20262.75
2024-12-26 06:00:00+00:00,22856.5
2024-12-26 07:00:00+00:00,25427.25
2024-12-26 08:00:00+00:00,27033.5
2024-12-26 09:00:00+00:00,27307.75
2024-12-26 10:00:00+00:00,27394
2024-12-26 11:00:00+00:00,27000
2024-12-26 12:00:00+00:00,27238.25
2024-12-26 13:00:00+00:00,26928.5
2024-12-26 14:00:00+00:00,26294.5
2024-12-26 15:00:00+00:00,26664.25
2024-12-26 16:00:00+00:00,27855.25
2024-12-26 17:00:00+00:00,29621.5
2024-12-26 18:00:00+00:00,29580.75
2024-12-26 19:00:00+00:00,29952
2024-12-26 20:00:00+00:00,29955.5
2024-12-26 21:00:00+00:00,27926.5
2024-12-26 22:00:00+00:00,25158.5
2024-12-26 23:00:00+00:00,23195.5
2024-12-27 00:00:00+00:00,21428.75
2024-12-27 01:00:00+00:00,20335
2024-12-27 02:00:00+00:00,19808
2024-12-27 03:00:00+00:00,19741.25
2024-12-27 04:00:00+00:00,20246.75
2024-12-27 05:00:00+00:00,22559.25
2024-12-27 06:00:00+00:00,25958.75
2024-12-27 07:00:00+00:00,28298.75
2024-12-27 08:00:00+00:00,29787.5
2024-12-27 09:00:00+00:00,29630.25
2024-12-27 10:00:00+00:00,29043.5
2024-12-27 11:00:00+00:00,28455
2024-12-27 12:00:00+00:00,28558.5
2024-12-27 13:00:00+00:00,28223.25
2024-12-27 14:00:00+00:00,27859
2024-12-27 15:00:00+00:00,28271.5
2024-12-27 16:00:00+00:00,29588.5
2024-12-27 17:00:00+00:00,31313.75
2024-12-27 18:00:00+00:00,31196
2024-12-27 19:00:00+00:00,31299.75
2024-12-27 20:00:00+00:00,30672
2024-12-27 21:00:00+00:00,28328.25
2024-12-27 22:00:00+00:00,25692
2024-12-27 23:00:00+00:00,24122.75
2024-12-28 00:00:00+00:00,22116.5
2024-12-28 01:00:00+00:00,20745.75
2024-12-28 02:00:00+00:00,19973.25
2024-12-28 03:00:00+00:00,19499.5
2024-12-28 04:00:00+00:00,19551.5
2024-12-28 05:00:00+00:00,20197.75
2024-12-28 06:00:00+00:00,21568.75
2024-12-28 07:00:00+00:00,23496.25
2024-12-28 08:00:00+00:00,25262.75
2024-12-28 09:00:00+00:00,26326.5
2024-12-28 10:00:00+00:00,26059.75
2024-12-28 11:00:00+00:00,25626.5
2024-12-28 12:00:00+00:00,25759
2024-12-28 13:00:00+00:00,25841.5
2024-12-28 14:00:00+00:00,25357
2024-12-28 15:00:00+00:00,25469.75
2024-12-28 16:00:00+00:00,26539.25
2024-12-28 17:00:00+00:00,28596.75
2024-12-28 18:00:00+00:00,29120
2024-12-28 19:00:00+00:00,29518.75
2024-12-28 20:00:00+00:00,29393.5
2024-12-28 21:00:00+00:00,27550.5
2024-12-28 22:00:00+00:00,25297
2024-12-28 23:00:00+00:00,23591
2024-12-29 00:00:00+00:00,21700.25
2024-12-29 01:00:00+00:00,20364.5
2024-12-29 02:00:00+00:00,19573.75
2024-12-29 03:00:00+00:00,19068
2024-12-29 04:00:00+00:00,19042.5
2024-12-29 05:00:00+00:00,19479.5
2024-12-29 06:00:00+00:00,20405
2024-12-29 07:00:00+00:00,21644.75
2024-12-29 08:00:00+00:00,23272.5
2024-12-29 09:00:00+00:00,24468
2024-12-29 10:00:00+00:00,24674.75
2024-12-29 11:00:00+00:00,24437
2024-12-29 12:00:00+00:00,24771.75
2024-12-29 13:00:00+00:00,25046.5
2024-12-29 14:00:00+00:00,24580
2024-12-29 15:00:00+00:00,24655.75
2024-12-29 16:00:00+00:00,25846.25
2024-12-29 17:00:00+00:00,28205.75
2024-12-29 18:00:00+00:00,29190.5
2024-12-29 19:00:00+00:00,29983.5
2024-12-29 20:00:00+00:00,29919
2024-12-29 21:00:00+00:00,28174
2024-12-29 22:00:00+00:00,25697
2024-12-29 23:00:00+00:00,23136.5
2024-12-30 00:00:00+00:00,21175
2024-12-30 01:00:00+00:00,20003.75
2024-12-30 02:00:00+00:00,19460.5
2024-12-30 03:00:00+00:00,19307
2024-12-30 04:00:00+00:00,19859.5
2024-12-30 05:00:00+00:00,21941
2024-12-30 06:00:00+00:00,24940.5
2024-12-30 07:00:00+00:00,27663.5
2024-12-30 08:00:00+00:00,29437.75
2024-12-30 09:00:00+00:00,29602
2024-12-30 10:00:00+00:00,28858.75
2024-12-30 11:00:00+00:00,28185.25
2024-12-30 12:00:00+00:00,28311.75
2024-12-30 13:00:00+00:00,28325.75
2024-12-30 14:00:00+00:00,28079.25
2024-12-30 15:00:00+00:00,28360.25
2024-12-30 16:00:00+00:00,29537.5
2024-12-30 17:00:00+00:00,31203
2024-12-30 18:00:00+00:00,31819.75
2024-12-30 19:00:00+00:00,32366.75
2024-12-30 20:00:00+00:00,31917
2024-12-30 21:00:00+00:00,29311.5
2024-12-30 22:00:00+00:00,26415.75
2024-12-30 23:00:00+00:00,24633
2024-12-31 00:00:00+00:00,22399.25
2024-12-31 01:00:00+00:00,21063.25
2024-12-31 02:00:00+00:00,20353.75
2024-12-31 03:00:00+00:00,20071.5
2024-12-31 04:00:00+00:00,20341.75
2024-12-31 05:00:00+00:00,21961
2024-12-31 06:00:00+00:00,24363.25
2024-12-31 07:00:00+00:00,26419.5
2024-12-31 08:00:00+00:00,28088.5
2024-12-31 09:00:00+00:00,28557.5
2024-12-31 10:00:00+00:00,27973.25
2024-12-31 11:00:00+00:00,27211
2024-12-31 12:00:00+00:00,27041.75
2024-12-31 13:00:00+00:00,26960.75
2024-12-31 14:00:00+00:00,26614.5
2024-12-31 15:00:00+00:00,26677.75
2024-12-31 16:00:00+00:00,27704.25
2024-12-31 17:00:00+00:00,30093.5
2024-12-31 18:00:00+00:00,31214.75
2024-12-31 19:00:00+00:00,30677.25
2024-12-31 20:00:00+00:00,28933.25
2024-12-31 21:00:00+00:00,25797.5
2024-12-31 22:00:00+00:00,24187.5
2024-12-31 23:00:00+00:00,24187.5
