datetime_utc,da_total_load_mw
2022-01-01 00:00:00+00:00,21549
2022-01-01 01:00:00+00:00,20292
2022-01-01 02:00:00+00:00,19484
2022-01-01 03:00:00+00:00,18927
2022-01-01 04:00:00+00:00,18460
2022-01-01 05:00:00+00:00,18460
2022-01-01 06:00:00+00:00,18637
2022-01-01 07:00:00+00:00,18486
2022-01-01 08:00:00+00:00,18918
2022-01-01 09:00:00+00:00,19973
2022-01-01 10:00:00+00:00,20663
2022-01-01 11:00:00+00:00,21525
2022-01-01 12:00:00+00:00,22267
2022-01-01 13:00:00+00:00,22526
2022-01-01 14:00:00+00:00,21414
2022-01-01 15:00:00+00:00,20870
2022-01-01 16:00:00+00:00,21304
2022-01-01 17:00:00+00:00,23283
2022-01-01 18:00:00+00:00,24052
2022-01-01 19:00:00+00:00,24950
2022-01-01 20:00:00+00:00,25546
2022-01-01 21:00:00+00:00,24551
2022-01-01 22:00:00+00:00,22684
2022-01-01 23:00:00+00:00,21104
2022-01-02 00:00:00+00:00,19560
2022-01-02 01:00:00+00:00,18354
2022-01-02 02:00:00+00:00,17632
2022-01-02 03:00:00+00:00,17358
2022-01-02 04:00:00+00:00,17630
2022-01-02 05:00:00+00:00,18286
2022-01-02 06:00:00+00:00,19167
2022-01-02 07:00:00+00:00,19932
2022-01-02 08:00:00+00:00,21667
2022-01-02 09:00:00+00:00,23685
2022-01-02 10:00:00+00:00,24501
2022-01-02 11:00:00+00:00,24589
2022-01-02 12:00:00+00:00,25041
2022-01-02 13:00:00+00:00,25086
2022-01-02 14:00:00+00:00,23957
2022-01-02 15:00:00+00:00,23268
2022-01-02 16:00:00+00:00,23572
2022-01-02 17:00:00+00:00,25614
2022-01-02 18:00:00+00:00,26849
2022-01-02 19:00:00+00:00,27686
2022-01-02 20:00:00+00:00,27774
2022-01-02 21:00:00+00:00,26209
2022-01-02 22:00:00+00:00,23969
2022-01-02 23:00:00+00:00,22997
2022-01-03 00:00:00+00:00,21363
2022-01-03 01:00:00+00:00,20299
2022-01-03 02:00:00+00:00,19870
2022-01-03 03:00:00+00:00,19887
2022-01-03 04:00:00+00:00,20675
2022-01-03 05:00:00+00:00,23166
2022-01-03 06:00:00+00:00,26391
2022-01-03 07:00:00+00:00,28811
2022-01-03 08:00:00+00:00,30420
2022-01-03 09:00:00+00:00,31379
2022-01-03 10:00:00+00:00,31283
2022-01-03 11:00:00+00:00,31227
2022-01-03 12:00:00+00:00,31289
2022-01-03 13:00:00+00:00,30838
2022-01-03 14:00:00+00:00,29932
2022-01-03 15:00:00+00:00,29622
2022-01-03 16:00:00+00:00,30007
2022-01-03 17:00:00+00:00,31603
2022-01-03 18:00:00+00:00,32591
2022-01-03 19:00:00+00:00,32878
2022-01-03 20:00:00+00:00,31984
2022-01-03 21:00:00+00:00,29385
2022-01-03 22:00:00+00:00,26567
2022-01-03 23:00:00+00:00,24713
2022-01-04 00:00:00+00:00,23005
2022-01-04 01:00:00+00:00,21843
2022-01-04 02:00:00+00:00,21309
2022-01-04 03:00:00+00:00,21213
2022-01-04 04:00:00+00:00,21866
2022-01-04 05:00:00+00:00,23926
2022-01-04 06:00:00+00:00,26836
2022-01-04 07:00:00+00:00,28898
2022-01-04 08:00:00+00:00,30404
2022-01-04 09:00:00+00:00,31247
2022-01-04 10:00:00+00:00,31044
2022-01-04 11:00:00+00:00,30966
2022-01-04 12:00:00+00:00,31050
2022-01-04 13:00:00+00:00,30572
2022-01-04 14:00:00+00:00,29652
2022-01-04 15:00:00+00:00,29247
2022-01-04 16:00:00+00:00,29665
2022-01-04 17:00:00+00:00,31295
2022-01-04 18:00:00+00:00,31976
2022-01-04 19:00:00+00:00,32465
2022-01-04 20:00:00+00:00,31905
2022-01-04 21:00:00+00:00,29389
2022-01-04 22:00:00+00:00,26624
2022-01-04 23:00:00+00:00,25152
2022-01-05 00:00:00+00:00,23274
2022-01-05 01:00:00+00:00,22167
2022-01-05 02:00:00+00:00,21554
2022-01-05 03:00:00+00:00,21484
2022-01-05 04:00:00+00:00,22051
2022-01-05 05:00:00+00:00,23984
2022-01-05 06:00:00+00:00,26735
2022-01-05 07:00:00+00:00,28752
2022-01-05 08:00:00+00:00,30491
2022-01-05 09:00:00+00:00,31565
2022-01-05 10:00:00+00:00,31684
2022-01-05 11:00:00+00:00,31531
2022-01-05 12:00:00+00:00,31675
2022-01-05 13:00:00+00:00,31010
2022-01-05 14:00:00+00:00,30003
2022-01-05 15:00:00+00:00,29559
2022-01-05 16:00:00+00:00,29585
2022-01-05 17:00:00+00:00,30345
2022-01-05 18:00:00+00:00,30281
2022-01-05 19:00:00+00:00,30531
2022-01-05 20:00:00+00:00,30130
2022-01-05 21:00:00+00:00,28315
2022-01-05 22:00:00+00:00,26426
2022-01-05 23:00:00+00:00,25403
2022-01-06 00:00:00+00:00,23591
2022-01-06 01:00:00+00:00,22190
2022-01-06 02:00:00+00:00,20866
2022-01-06 03:00:00+00:00,20486
2022-01-06 04:00:00+00:00,20423
2022-01-06 05:00:00+00:00,20849
2022-01-06 06:00:00+00:00,21368
2022-01-06 07:00:00+00:00,21200
2022-01-06 08:00:00+00:00,22704
2022-01-06 09:00:00+00:00,24201
2022-01-06 10:00:00+00:00,24643
2022-01-06 11:00:00+00:00,24962
2022-01-06 12:00:00+00:00,25237
2022-01-06 13:00:00+00:00,25520
2022-01-06 14:00:00+00:00,24150
2022-01-06 15:00:00+00:00,23706
2022-01-06 16:00:00+00:00,24162
2022-01-06 17:00:00+00:00,26291
2022-01-06 18:00:00+00:00,27632
2022-01-06 19:00:00+00:00,28809
2022-01-06 20:00:00+00:00,29237
2022-01-06 21:00:00+00:00,28184
2022-01-06 22:00:00+00:00,26158
2022-01-06 23:00:00+00:00,23483
2022-01-07 00:00:00+00:00,21647
2022-01-07 01:00:00+00:00,20478
2022-01-07 02:00:00+00:00,20029
2022-01-07 03:00:00+00:00,19881
2022-01-07 04:00:00+00:00,20417
2022-01-07 05:00:00+00:00,22162
2022-01-07 06:00:00+00:00,24549
2022-01-07 07:00:00+00:00,27250
2022-01-07 08:00:00+00:00,29734
2022-01-07 09:00:00+00:00,31288
2022-01-07 10:00:00+00:00,31234
2022-01-07 11:00:00+00:00,31169
2022-01-07 12:00:00+00:00,31297
2022-01-07 13:00:00+00:00,31111
2022-01-07 14:00:00+00:00,30242
2022-01-07 15:00:00+00:00,29764
2022-01-07 16:00:00+00:00,30089
2022-01-07 17:00:00+00:00,31751
2022-01-07 18:00:00+00:00,32335
2022-01-07 19:00:00+00:00,32549
2022-01-07 20:00:00+00:00,32162
2022-01-07 21:00:00+00:00,29653
2022-01-07 22:00:00+00:00,26845
2022-01-07 23:00:00+00:00,26026
2022-01-08 00:00:00+00:00,24129
2022-01-08 01:00:00+00:00,22668
2022-01-08 02:00:00+00:00,21821
2022-01-08 03:00:00+00:00,21477
2022-01-08 04:00:00+00:00,21571
2022-01-08 05:00:00+00:00,22150
2022-01-08 06:00:00+00:00,23343
2022-01-08 07:00:00+00:00,24969
2022-01-08 08:00:00+00:00,27394
2022-01-08 09:00:00+00:00,29243
2022-01-08 10:00:00+00:00,29103
2022-01-08 11:00:00+00:00,29123
2022-01-08 12:00:00+00:00,29094
2022-01-08 13:00:00+00:00,29003
2022-01-08 14:00:00+00:00,28083
2022-01-08 15:00:00+00:00,27356
2022-01-08 16:00:00+00:00,27651
2022-01-08 17:00:00+00:00,29536
2022-01-08 18:00:00+00:00,30502
2022-01-08 19:00:00+00:00,31101
2022-01-08 20:00:00+00:00,30861
2022-01-08 21:00:00+00:00,29177
2022-01-08 22:00:00+00:00,26957
2022-01-08 23:00:00+00:00,24639
2022-01-09 00:00:00+00:00,22690
2022-01-09 01:00:00+00:00,21479
2022-01-09 02:00:00+00:00,20777
2022-01-09 03:00:00+00:00,20478
2022-01-09 04:00:00+00:00,20500
2022-01-09 05:00:00+00:00,21001
2022-01-09 06:00:00+00:00,21644
2022-01-09 07:00:00+00:00,22292
2022-01-09 08:00:00+00:00,24148
2022-01-09 09:00:00+00:00,26220
2022-01-09 10:00:00+00:00,26855
2022-01-09 11:00:00+00:00,27003
2022-01-09 12:00:00+00:00,27215
2022-01-09 13:00:00+00:00,27707
2022-01-09 14:00:00+00:00,26663
2022-01-09 15:00:00+00:00,26012
2022-01-09 16:00:00+00:00,26208
2022-01-09 17:00:00+00:00,28413
2022-01-09 18:00:00+00:00,29855
2022-01-09 19:00:00+00:00,30907
2022-01-09 20:00:00+00:00,30869
2022-01-09 21:00:00+00:00,29162
2022-01-09 22:00:00+00:00,26630
2022-01-09 23:00:00+00:00,24100
2022-01-10 00:00:00+00:00,22453
2022-01-10 01:00:00+00:00,21402
2022-01-10 02:00:00+00:00,20939
2022-01-10 03:00:00+00:00,20936
2022-01-10 04:00:00+00:00,21743
2022-01-10 05:00:00+00:00,24620
2022-01-10 06:00:00+00:00,28567
2022-01-10 07:00:00+00:00,30950
2022-01-10 08:00:00+00:00,32012
2022-01-10 09:00:00+00:00,32850
2022-01-10 10:00:00+00:00,32852
2022-01-10 11:00:00+00:00,33035
2022-01-10 12:00:00+00:00,33200
2022-01-10 13:00:00+00:00,32999
2022-01-10 14:00:00+00:00,32229
2022-01-10 15:00:00+00:00,31848
2022-01-10 16:00:00+00:00,32053
2022-01-10 17:00:00+00:00,33601
2022-01-10 18:00:00+00:00,34450
2022-01-10 19:00:00+00:00,34899
2022-01-10 20:00:00+00:00,34058
2022-01-10 21:00:00+00:00,30793
2022-01-10 22:00:00+00:00,27783
2022-01-10 23:00:00+00:00,25939
2022-01-11 00:00:00+00:00,24225
2022-01-11 01:00:00+00:00,23154
2022-01-11 02:00:00+00:00,22735
2022-01-11 03:00:00+00:00,22752
2022-01-11 04:00:00+00:00,23384
2022-01-11 05:00:00+00:00,26075
2022-01-11 06:00:00+00:00,30194
2022-01-11 07:00:00+00:00,32259
2022-01-11 08:00:00+00:00,32806
2022-01-11 09:00:00+00:00,33250
2022-01-11 10:00:00+00:00,33149
2022-01-11 11:00:00+00:00,33165
2022-01-11 12:00:00+00:00,33138
2022-01-11 13:00:00+00:00,32810
2022-01-11 14:00:00+00:00,32109
2022-01-11 15:00:00+00:00,31753
2022-01-11 16:00:00+00:00,31976
2022-01-11 17:00:00+00:00,33636
2022-01-11 18:00:00+00:00,34525
2022-01-11 19:00:00+00:00,35159
2022-01-11 20:00:00+00:00,34211
2022-01-11 21:00:00+00:00,31187
2022-01-11 22:00:00+00:00,28014
2022-01-11 23:00:00+00:00,26620
2022-01-12 00:00:00+00:00,24791
2022-01-12 01:00:00+00:00,23761
2022-01-12 02:00:00+00:00,23267
2022-01-12 03:00:00+00:00,23266
2022-01-12 04:00:00+00:00,23942
2022-01-12 05:00:00+00:00,26567
2022-01-12 06:00:00+00:00,30727
2022-01-12 07:00:00+00:00,33023
2022-01-12 08:00:00+00:00,33640
2022-01-12 09:00:00+00:00,34005
2022-01-12 10:00:00+00:00,33823
2022-01-12 11:00:00+00:00,33717
2022-01-12 12:00:00+00:00,33604
2022-01-12 13:00:00+00:00,33211
2022-01-12 14:00:00+00:00,32362
2022-01-12 15:00:00+00:00,32072
2022-01-12 16:00:00+00:00,32421
2022-01-12 17:00:00+00:00,34213
2022-01-12 18:00:00+00:00,35503
2022-01-12 19:00:00+00:00,35881
2022-01-12 20:00:00+00:00,34777
2022-01-12 21:00:00+00:00,31561
2022-01-12 22:00:00+00:00,28513
2022-01-12 23:00:00+00:00,26592
2022-01-13 00:00:00+00:00,24915
2022-01-13 01:00:00+00:00,23908
2022-01-13 02:00:00+00:00,23482
2022-01-13 03:00:00+00:00,23404
2022-01-13 04:00:00+00:00,24032
2022-01-13 05:00:00+00:00,26656
2022-01-13 06:00:00+00:00,30756
2022-01-13 07:00:00+00:00,33158
2022-01-13 08:00:00+00:00,33879
2022-01-13 09:00:00+00:00,34300
2022-01-13 10:00:00+00:00,34012
2022-01-13 11:00:00+00:00,33882
2022-01-13 12:00:00+00:00,33840
2022-01-13 13:00:00+00:00,33496
2022-01-13 14:00:00+00:00,32774
2022-01-13 15:00:00+00:00,32410
2022-01-13 16:00:00+00:00,32673
2022-01-13 17:00:00+00:00,34420
2022-01-13 18:00:00+00:00,35739
2022-01-13 19:00:00+00:00,36165
2022-01-13 20:00:00+00:00,34924
2022-01-13 21:00:00+00:00,31880
2022-01-13 22:00:00+00:00,28781
2022-01-13 23:00:00+00:00,27357
2022-01-14 00:00:00+00:00,25667
2022-01-14 01:00:00+00:00,24522
2022-01-14 02:00:00+00:00,23945
2022-01-14 03:00:00+00:00,23873
2022-01-14 04:00:00+00:00,24475
2022-01-14 05:00:00+00:00,27280
2022-01-14 06:00:00+00:00,31797
2022-01-14 07:00:00+00:00,34096
2022-01-14 08:00:00+00:00,34783
2022-01-14 09:00:00+00:00,35220
2022-01-14 10:00:00+00:00,34936
2022-01-14 11:00:00+00:00,34610
2022-01-14 12:00:00+00:00,34440
2022-01-14 13:00:00+00:00,33873
2022-01-14 14:00:00+00:00,33003
2022-01-14 15:00:00+00:00,32626
2022-01-14 16:00:00+00:00,32771
2022-01-14 17:00:00+00:00,34403
2022-01-14 18:00:00+00:00,35577
2022-01-14 19:00:00+00:00,36050
2022-01-14 20:00:00+00:00,34675
2022-01-14 21:00:00+00:00,31696
2022-01-14 22:00:00+00:00,28968
2022-01-14 23:00:00+00:00,27531
2022-01-15 00:00:00+00:00,25569
2022-01-15 01:00:00+00:00,24196
2022-01-15 02:00:00+00:00,23336
2022-01-15 03:00:00+00:00,22966
2022-01-15 04:00:00+00:00,22993
2022-01-15 05:00:00+00:00,23927
2022-01-15 06:00:00+00:00,25469
2022-01-15 07:00:00+00:00,27023
2022-01-15 08:00:00+00:00,29539
2022-01-15 09:00:00+00:00,31373
2022-01-15 10:00:00+00:00,31525
2022-01-15 11:00:00+00:00,31205
2022-01-15 12:00:00+00:00,31268
2022-01-15 13:00:00+00:00,31013
2022-01-15 14:00:00+00:00,29696
2022-01-15 15:00:00+00:00,28974
2022-01-15 16:00:00+00:00,29075
2022-01-15 17:00:00+00:00,30948
2022-01-15 18:00:00+00:00,32250
2022-01-15 19:00:00+00:00,32657
2022-01-15 20:00:00+00:00,32290
2022-01-15 21:00:00+00:00,30100
2022-01-15 22:00:00+00:00,27760
2022-01-15 23:00:00+00:00,25973
2022-01-16 00:00:00+00:00,23994
2022-01-16 01:00:00+00:00,22529
2022-01-16 02:00:00+00:00,21719
2022-01-16 03:00:00+00:00,21351
2022-01-16 04:00:00+00:00,21329
2022-01-16 05:00:00+00:00,21859
2022-01-16 06:00:00+00:00,22760
2022-01-16 07:00:00+00:00,23536
2022-01-16 08:00:00+00:00,25472
2022-01-16 09:00:00+00:00,27415
2022-01-16 10:00:00+00:00,28062
2022-01-16 11:00:00+00:00,28175
2022-01-16 12:00:00+00:00,28653
2022-01-16 13:00:00+00:00,28757
2022-01-16 14:00:00+00:00,27509
2022-01-16 15:00:00+00:00,26839
2022-01-16 16:00:00+00:00,27072
2022-01-16 17:00:00+00:00,29507
2022-01-16 18:00:00+00:00,31287
2022-01-16 19:00:00+00:00,32433
2022-01-16 20:00:00+00:00,32170
2022-01-16 21:00:00+00:00,30125
2022-01-16 22:00:00+00:00,27543
2022-01-16 23:00:00+00:00,25533
2022-01-17 00:00:00+00:00,23832
2022-01-17 01:00:00+00:00,22784
2022-01-17 02:00:00+00:00,22337
2022-01-17 03:00:00+00:00,22400
2022-01-17 04:00:00+00:00,23266
2022-01-17 05:00:00+00:00,26440
2022-01-17 06:00:00+00:00,31128
2022-01-17 07:00:00+00:00,34080
2022-01-17 08:00:00+00:00,35243
2022-01-17 09:00:00+00:00,35822
2022-01-17 10:00:00+00:00,35645
2022-01-17 11:00:00+00:00,35359
2022-01-17 12:00:00+00:00,35209
2022-01-17 13:00:00+00:00,34636
2022-01-17 14:00:00+00:00,33903
2022-01-17 15:00:00+00:00,33627
2022-01-17 16:00:00+00:00,33763
2022-01-17 17:00:00+00:00,35436
2022-01-17 18:00:00+00:00,36876
2022-01-17 19:00:00+00:00,37218
2022-01-17 20:00:00+00:00,36146
2022-01-17 21:00:00+00:00,32960
2022-01-17 22:00:00+00:00,29745
2022-01-17 23:00:00+00:00,27617
2022-01-18 00:00:00+00:00,25787
2022-01-18 01:00:00+00:00,24724
2022-01-18 02:00:00+00:00,24371
2022-01-18 03:00:00+00:00,24306
2022-01-18 04:00:00+00:00,25009
2022-01-18 05:00:00+00:00,27703
2022-01-18 06:00:00+00:00,32200
2022-01-18 07:00:00+00:00,34659
2022-01-18 08:00:00+00:00,35448
2022-01-18 09:00:00+00:00,35788
2022-01-18 10:00:00+00:00,35480
2022-01-18 11:00:00+00:00,35168
2022-01-18 12:00:00+00:00,35165
2022-01-18 13:00:00+00:00,34560
2022-01-18 14:00:00+00:00,33826
2022-01-18 15:00:00+00:00,33569
2022-01-18 16:00:00+00:00,33811
2022-01-18 17:00:00+00:00,35494
2022-01-18 18:00:00+00:00,37069
2022-01-18 19:00:00+00:00,37586
2022-01-18 20:00:00+00:00,36334
2022-01-18 21:00:00+00:00,33150
2022-01-18 22:00:00+00:00,29962
2022-01-18 23:00:00+00:00,27939
2022-01-19 00:00:00+00:00,26078
2022-01-19 01:00:00+00:00,25010
2022-01-19 02:00:00+00:00,24528
2022-01-19 03:00:00+00:00,24452
2022-01-19 04:00:00+00:00,25066
2022-01-19 05:00:00+00:00,27883
2022-01-19 06:00:00+00:00,32318
2022-01-19 07:00:00+00:00,34922
2022-01-19 08:00:00+00:00,35978
2022-01-19 09:00:00+00:00,36324
2022-01-19 10:00:00+00:00,35978
2022-01-19 11:00:00+00:00,35631
2022-01-19 12:00:00+00:00,35498
2022-01-19 13:00:00+00:00,34854
2022-01-19 14:00:00+00:00,34061
2022-01-19 15:00:00+00:00,33745
2022-01-19 16:00:00+00:00,33913
2022-01-19 17:00:00+00:00,35497
2022-01-19 18:00:00+00:00,37107
2022-01-19 19:00:00+00:00,37394
2022-01-19 20:00:00+00:00,36153
2022-01-19 21:00:00+00:00,33038
2022-01-19 22:00:00+00:00,29795
2022-01-19 23:00:00+00:00,27796
2022-01-20 00:00:00+00:00,25997
2022-01-20 01:00:00+00:00,24775
2022-01-20 02:00:00+00:00,24374
2022-01-20 03:00:00+00:00,24277
2022-01-20 04:00:00+00:00,24895
2022-01-20 05:00:00+00:00,27723
2022-01-20 06:00:00+00:00,32099
2022-01-20 07:00:00+00:00,34640
2022-01-20 08:00:00+00:00,35481
2022-01-20 09:00:00+00:00,35989
2022-01-20 10:00:00+00:00,35654
2022-01-20 11:00:00+00:00,35369
2022-01-20 12:00:00+00:00,35299
2022-01-20 13:00:00+00:00,34722
2022-01-20 14:00:00+00:00,33901
2022-01-20 15:00:00+00:00,33562
2022-01-20 16:00:00+00:00,33683
2022-01-20 17:00:00+00:00,35323
2022-01-20 18:00:00+00:00,36872
2022-01-20 19:00:00+00:00,37310
2022-01-20 20:00:00+00:00,36131
2022-01-20 21:00:00+00:00,33082
2022-01-20 22:00:00+00:00,29749
2022-01-20 23:00:00+00:00,28314
2022-01-21 00:00:00+00:00,26457
2022-01-21 01:00:00+00:00,25181
2022-01-21 02:00:00+00:00,24681
2022-01-21 03:00:00+00:00,24544
2022-01-21 04:00:00+00:00,25193
2022-01-21 05:00:00+00:00,28069
2022-01-21 06:00:00+00:00,32498
2022-01-21 07:00:00+00:00,35043
2022-01-21 08:00:00+00:00,35992
2022-01-21 09:00:00+00:00,36449
2022-01-21 10:00:00+00:00,36078
2022-01-21 11:00:00+00:00,35722
2022-01-21 12:00:00+00:00,35468
2022-01-21 13:00:00+00:00,34822
2022-01-21 14:00:00+00:00,33890
2022-01-21 15:00:00+00:00,33546
2022-01-21 16:00:00+00:00,33741
2022-01-21 17:00:00+00:00,35264
2022-01-21 18:00:00+00:00,36646
2022-01-21 19:00:00+00:00,37070
2022-01-21 20:00:00+00:00,35842
2022-01-21 21:00:00+00:00,32909
2022-01-21 22:00:00+00:00,30066
2022-01-21 23:00:00+00:00,28294
2022-01-22 00:00:00+00:00,26139
2022-01-22 01:00:00+00:00,24631
2022-01-22 02:00:00+00:00,23835
2022-01-22 03:00:00+00:00,23418
2022-01-22 04:00:00+00:00,23357
2022-01-22 05:00:00+00:00,24235
2022-01-22 06:00:00+00:00,25832
2022-01-22 07:00:00+00:00,27372
2022-01-22 08:00:00+00:00,29830
2022-01-22 09:00:00+00:00,31611
2022-01-22 10:00:00+00:00,31646
2022-01-22 11:00:00+00:00,31245
2022-01-22 12:00:00+00:00,31340
2022-01-22 13:00:00+00:00,31052
2022-01-22 14:00:00+00:00,29934
2022-01-22 15:00:00+00:00,29201
2022-01-22 16:00:00+00:00,29300
2022-01-22 17:00:00+00:00,31203
2022-01-22 18:00:00+00:00,32704
2022-01-22 19:00:00+00:00,33486
2022-01-22 20:00:00+00:00,33149
2022-01-22 21:00:00+00:00,30961
2022-01-22 22:00:00+00:00,28547
2022-01-22 23:00:00+00:00,26383
2022-01-23 00:00:00+00:00,24367
2022-01-23 01:00:00+00:00,22987
2022-01-23 02:00:00+00:00,22146
2022-01-23 03:00:00+00:00,21715
2022-01-23 04:00:00+00:00,21663
2022-01-23 05:00:00+00:00,22237
2022-01-23 06:00:00+00:00,23112
2022-01-23 07:00:00+00:00,23866
2022-01-23 08:00:00+00:00,25812
2022-01-23 09:00:00+00:00,27738
2022-01-23 10:00:00+00:00,28701
2022-01-23 11:00:00+00:00,28727
2022-01-23 12:00:00+00:00,29256
2022-01-23 13:00:00+00:00,29328
2022-01-23 14:00:00+00:00,28145
2022-01-23 15:00:00+00:00,27409
2022-01-23 16:00:00+00:00,27451
2022-01-23 17:00:00+00:00,29614
2022-01-23 18:00:00+00:00,31621
2022-01-23 19:00:00+00:00,32858
2022-01-23 20:00:00+00:00,32614
2022-01-23 21:00:00+00:00,30729
2022-01-23 22:00:00+00:00,28024
2022-01-23 23:00:00+00:00,25841
2022-01-24 00:00:00+00:00,24076
2022-01-24 01:00:00+00:00,23017
2022-01-24 02:00:00+00:00,22614
2022-01-24 03:00:00+00:00,22738
2022-01-24 04:00:00+00:00,23620
2022-01-24 05:00:00+00:00,26709
2022-01-24 06:00:00+00:00,31344
2022-01-24 07:00:00+00:00,34131
2022-01-24 08:00:00+00:00,35302
2022-01-24 09:00:00+00:00,35882
2022-01-24 10:00:00+00:00,35752
2022-01-24 11:00:00+00:00,35371
2022-01-24 12:00:00+00:00,35260
2022-01-24 13:00:00+00:00,34740
2022-01-24 14:00:00+00:00,34083
2022-01-24 15:00:00+00:00,33800
2022-01-24 16:00:00+00:00,33768
2022-01-24 17:00:00+00:00,35072
2022-01-24 18:00:00+00:00,36688
2022-01-24 19:00:00+00:00,37229
2022-01-24 20:00:00+00:00,36147
2022-01-24 21:00:00+00:00,32935
2022-01-24 22:00:00+00:00,29641
2022-01-24 23:00:00+00:00,27948
2022-01-25 00:00:00+00:00,26255
2022-01-25 01:00:00+00:00,25037
2022-01-25 02:00:00+00:00,24590
2022-01-25 03:00:00+00:00,24525
2022-01-25 04:00:00+00:00,25230
2022-01-25 05:00:00+00:00,28056
2022-01-25 06:00:00+00:00,32441
2022-01-25 07:00:00+00:00,35010
2022-01-25 08:00:00+00:00,35864
2022-01-25 09:00:00+00:00,36192
2022-01-25 10:00:00+00:00,35927
2022-01-25 11:00:00+00:00,35480
2022-01-25 12:00:00+00:00,35233
2022-01-25 13:00:00+00:00,34662
2022-01-25 14:00:00+00:00,33960
2022-01-25 15:00:00+00:00,33614
2022-01-25 16:00:00+00:00,33621
2022-01-25 17:00:00+00:00,34884
2022-01-25 18:00:00+00:00,36592
2022-01-25 19:00:00+00:00,37152
2022-01-25 20:00:00+00:00,35950
2022-01-25 21:00:00+00:00,32806
2022-01-25 22:00:00+00:00,29631
2022-01-25 23:00:00+00:00,27694
2022-01-26 00:00:00+00:00,25903
2022-01-26 01:00:00+00:00,24729
2022-01-26 02:00:00+00:00,24223
2022-01-26 03:00:00+00:00,24169
2022-01-26 04:00:00+00:00,24858
2022-01-26 05:00:00+00:00,27657
2022-01-26 06:00:00+00:00,32011
2022-01-26 07:00:00+00:00,34549
2022-01-26 08:00:00+00:00,35448
2022-01-26 09:00:00+00:00,35766
2022-01-26 10:00:00+00:00,35355
2022-01-26 11:00:00+00:00,34962
2022-01-26 12:00:00+00:00,34713
2022-01-26 13:00:00+00:00,34227
2022-01-26 14:00:00+00:00,33470
2022-01-26 15:00:00+00:00,33141
2022-01-26 16:00:00+00:00,33213
2022-01-26 17:00:00+00:00,34681
2022-01-26 18:00:00+00:00,36354
2022-01-26 19:00:00+00:00,36921
2022-01-26 20:00:00+00:00,35739
2022-01-26 21:00:00+00:00,32577
2022-01-26 22:00:00+00:00,29404
2022-01-26 23:00:00+00:00,27497
2022-01-27 00:00:00+00:00,25726
2022-01-27 01:00:00+00:00,24629
2022-01-27 02:00:00+00:00,24157
2022-01-27 03:00:00+00:00,24079
2022-01-27 04:00:00+00:00,24768
2022-01-27 05:00:00+00:00,27602
2022-01-27 06:00:00+00:00,31901
2022-01-27 07:00:00+00:00,34328
2022-01-27 08:00:00+00:00,35201
2022-01-27 09:00:00+00:00,35548
2022-01-27 10:00:00+00:00,35131
2022-01-27 11:00:00+00:00,34707
2022-01-27 12:00:00+00:00,34584
2022-01-27 13:00:00+00:00,34125
2022-01-27 14:00:00+00:00,33436
2022-01-27 15:00:00+00:00,33107
2022-01-27 16:00:00+00:00,33236
2022-01-27 17:00:00+00:00,34537
2022-01-27 18:00:00+00:00,36203
2022-01-27 19:00:00+00:00,36745
2022-01-27 20:00:00+00:00,35605
2022-01-27 21:00:00+00:00,32487
2022-01-27 22:00:00+00:00,29313
2022-01-27 23:00:00+00:00,27631
2022-01-28 00:00:00+00:00,25883
2022-01-28 01:00:00+00:00,24683
2022-01-28 02:00:00+00:00,24168
2022-01-28 03:00:00+00:00,24096
2022-01-28 04:00:00+00:00,24773
2022-01-28 05:00:00+00:00,27520
2022-01-28 06:00:00+00:00,31869
2022-01-28 07:00:00+00:00,34273
2022-01-28 08:00:00+00:00,35126
2022-01-28 09:00:00+00:00,35342
2022-01-28 10:00:00+00:00,34846
2022-01-28 11:00:00+00:00,34387
2022-01-28 12:00:00+00:00,34039
2022-01-28 13:00:00+00:00,33406
2022-01-28 14:00:00+00:00,32572
2022-01-28 15:00:00+00:00,32166
2022-01-28 16:00:00+00:00,32181
2022-01-28 17:00:00+00:00,33497
2022-01-28 18:00:00+00:00,35042
2022-01-28 19:00:00+00:00,35512
2022-01-28 20:00:00+00:00,34461
2022-01-28 21:00:00+00:00,31570
2022-01-28 22:00:00+00:00,28785
2022-01-28 23:00:00+00:00,27409
2022-01-29 00:00:00+00:00,25607
2022-01-29 01:00:00+00:00,24182
2022-01-29 02:00:00+00:00,23445
2022-01-29 03:00:00+00:00,23178
2022-01-29 04:00:00+00:00,23210
2022-01-29 05:00:00+00:00,23941
2022-01-29 06:00:00+00:00,25390
2022-01-29 07:00:00+00:00,26830
2022-01-29 08:00:00+00:00,29102
2022-01-29 09:00:00+00:00,30564
2022-01-29 10:00:00+00:00,30525
2022-01-29 11:00:00+00:00,30064
2022-01-29 12:00:00+00:00,29976
2022-01-29 13:00:00+00:00,29586
2022-01-29 14:00:00+00:00,28433
2022-01-29 15:00:00+00:00,27811
2022-01-29 16:00:00+00:00,27800
2022-01-29 17:00:00+00:00,29469
2022-01-29 18:00:00+00:00,31241
2022-01-29 19:00:00+00:00,31934
2022-01-29 20:00:00+00:00,31837
2022-01-29 21:00:00+00:00,29597
2022-01-29 22:00:00+00:00,27180
2022-01-29 23:00:00+00:00,25588
2022-01-30 00:00:00+00:00,23744
2022-01-30 01:00:00+00:00,22452
2022-01-30 02:00:00+00:00,21739
2022-01-30 03:00:00+00:00,21444
2022-01-30 04:00:00+00:00,21440
2022-01-30 05:00:00+00:00,21862
2022-01-30 06:00:00+00:00,22620
2022-01-30 07:00:00+00:00,23217
2022-01-30 08:00:00+00:00,25148
2022-01-30 09:00:00+00:00,26854
2022-01-30 10:00:00+00:00,27386
2022-01-30 11:00:00+00:00,27328
2022-01-30 12:00:00+00:00,27684
2022-01-30 13:00:00+00:00,27642
2022-01-30 14:00:00+00:00,26476
2022-01-30 15:00:00+00:00,25889
2022-01-30 16:00:00+00:00,25907
2022-01-30 17:00:00+00:00,27817
2022-01-30 18:00:00+00:00,30094
2022-01-30 19:00:00+00:00,31455
2022-01-30 20:00:00+00:00,31279
2022-01-30 21:00:00+00:00,29479
2022-01-30 22:00:00+00:00,26949
2022-01-30 23:00:00+00:00,25200
2022-01-31 00:00:00+00:00,23583
2022-01-31 01:00:00+00:00,22615
2022-01-31 02:00:00+00:00,22242
2022-01-31 03:00:00+00:00,22359
2022-01-31 04:00:00+00:00,23148
2022-01-31 05:00:00+00:00,26258
2022-01-31 06:00:00+00:00,30839
2022-01-31 07:00:00+00:00,33511
2022-01-31 08:00:00+00:00,34411
2022-01-31 09:00:00+00:00,34675
2022-01-31 10:00:00+00:00,34181
2022-01-31 11:00:00+00:00,33828
2022-01-31 12:00:00+00:00,33472
2022-01-31 13:00:00+00:00,32859
2022-01-31 14:00:00+00:00,32070
2022-01-31 15:00:00+00:00,31737
2022-01-31 16:00:00+00:00,31860
2022-01-31 17:00:00+00:00,33095
2022-01-31 18:00:00+00:00,35189
2022-01-31 19:00:00+00:00,35884
2022-01-31 20:00:00+00:00,34746
2022-01-31 21:00:00+00:00,31666
2022-01-31 22:00:00+00:00,28683
2022-01-31 23:00:00+00:00,27074
2022-02-01 00:00:00+00:00,25431
2022-02-01 01:00:00+00:00,24450
2022-02-01 02:00:00+00:00,24042
2022-02-01 03:00:00+00:00,24001
2022-02-01 04:00:00+00:00,24648
2022-02-01 05:00:00+00:00,27335
2022-02-01 06:00:00+00:00,31552
2022-02-01 07:00:00+00:00,33761
2022-02-01 08:00:00+00:00,34482
2022-02-01 09:00:00+00:00,34487
2022-02-01 10:00:00+00:00,33987
2022-02-01 11:00:00+00:00,33674
2022-02-01 12:00:00+00:00,33531
2022-02-01 13:00:00+00:00,32939
2022-02-01 14:00:00+00:00,32088
2022-02-01 15:00:00+00:00,31792
2022-02-01 16:00:00+00:00,31810
2022-02-01 17:00:00+00:00,32972
2022-02-01 18:00:00+00:00,35111
2022-02-01 19:00:00+00:00,35907
2022-02-01 20:00:00+00:00,34771
2022-02-01 21:00:00+00:00,31697
2022-02-01 22:00:00+00:00,28702
2022-02-01 23:00:00+00:00,26792
2022-02-02 00:00:00+00:00,25103
2022-02-02 01:00:00+00:00,24133
2022-02-02 02:00:00+00:00,23664
2022-02-02 03:00:00+00:00,23672
2022-02-02 04:00:00+00:00,24328
2022-02-02 05:00:00+00:00,27067
2022-02-02 06:00:00+00:00,31458
2022-02-02 07:00:00+00:00,33540
2022-02-02 08:00:00+00:00,34015
2022-02-02 09:00:00+00:00,33872
2022-02-02 10:00:00+00:00,33280
2022-02-02 11:00:00+00:00,32851
2022-02-02 12:00:00+00:00,32555
2022-02-02 13:00:00+00:00,31892
2022-02-02 14:00:00+00:00,31111
2022-02-02 15:00:00+00:00,30728
2022-02-02 16:00:00+00:00,30849
2022-02-02 17:00:00+00:00,31991
2022-02-02 18:00:00+00:00,34334
2022-02-02 19:00:00+00:00,35371
2022-02-02 20:00:00+00:00,34297
2022-02-02 21:00:00+00:00,31134
2022-02-02 22:00:00+00:00,28134
2022-02-02 23:00:00+00:00,26474
2022-02-03 00:00:00+00:00,24908
2022-02-03 01:00:00+00:00,23933
2022-02-03 02:00:00+00:00,23620
2022-02-03 03:00:00+00:00,23630
2022-02-03 04:00:00+00:00,24227
2022-02-03 05:00:00+00:00,26861
2022-02-03 06:00:00+00:00,31069
2022-02-03 07:00:00+00:00,32971
2022-02-03 08:00:00+00:00,33431
2022-02-03 09:00:00+00:00,33380
2022-02-03 10:00:00+00:00,32721
2022-02-03 11:00:00+00:00,32373
2022-02-03 12:00:00+00:00,32199
2022-02-03 13:00:00+00:00,31699
2022-02-03 14:00:00+00:00,30956
2022-02-03 15:00:00+00:00,30653
2022-02-03 16:00:00+00:00,30706
2022-02-03 17:00:00+00:00,31726
2022-02-03 18:00:00+00:00,34000
2022-02-03 19:00:00+00:00,34928
2022-02-03 20:00:00+00:00,33902
2022-02-03 21:00:00+00:00,30778
2022-02-03 22:00:00+00:00,27817
2022-02-03 23:00:00+00:00,26773
2022-02-04 00:00:00+00:00,25195
2022-02-04 01:00:00+00:00,24137
2022-02-04 02:00:00+00:00,23725
2022-02-04 03:00:00+00:00,23713
2022-02-04 04:00:00+00:00,24293
2022-02-04 05:00:00+00:00,26848
2022-02-04 06:00:00+00:00,31122
2022-02-04 07:00:00+00:00,33054
2022-02-04 08:00:00+00:00,33555
2022-02-04 09:00:00+00:00,33604
2022-02-04 10:00:00+00:00,33132
2022-02-04 11:00:00+00:00,32866
2022-02-04 12:00:00+00:00,32565
2022-02-04 13:00:00+00:00,31971
2022-02-04 14:00:00+00:00,31066
2022-02-04 15:00:00+00:00,30704
2022-02-04 16:00:00+00:00,30617
2022-02-04 17:00:00+00:00,31410
2022-02-04 18:00:00+00:00,33273
2022-02-04 19:00:00+00:00,33951
2022-02-04 20:00:00+00:00,32957
2022-02-04 21:00:00+00:00,30251
2022-02-04 22:00:00+00:00,27742
2022-02-04 23:00:00+00:00,26528
2022-02-05 00:00:00+00:00,24736
2022-02-05 01:00:00+00:00,23469
2022-02-05 02:00:00+00:00,22807
2022-02-05 03:00:00+00:00,22471
2022-02-05 04:00:00+00:00,22472
2022-02-05 05:00:00+00:00,23033
2022-02-05 06:00:00+00:00,24391
2022-02-05 07:00:00+00:00,25722
2022-02-05 08:00:00+00:00,27997
2022-02-05 09:00:00+00:00,29450
2022-02-05 10:00:00+00:00,29706
2022-02-05 11:00:00+00:00,29448
2022-02-05 12:00:00+00:00,29537
2022-02-05 13:00:00+00:00,29117
2022-02-05 14:00:00+00:00,27988
2022-02-05 15:00:00+00:00,27338
2022-02-05 16:00:00+00:00,27120
2022-02-05 17:00:00+00:00,28038
2022-02-05 18:00:00+00:00,29679
2022-02-05 19:00:00+00:00,30557
2022-02-05 20:00:00+00:00,30653
2022-02-05 21:00:00+00:00,28602
2022-02-05 22:00:00+00:00,26437
2022-02-05 23:00:00+00:00,24959
2022-02-06 00:00:00+00:00,23245
2022-02-06 01:00:00+00:00,21889
2022-02-06 02:00:00+00:00,21170
2022-02-06 03:00:00+00:00,20918
2022-02-06 04:00:00+00:00,20850
2022-02-06 05:00:00+00:00,21219
2022-02-06 06:00:00+00:00,21937
2022-02-06 07:00:00+00:00,22648
2022-02-06 08:00:00+00:00,24597
2022-02-06 09:00:00+00:00,26105
2022-02-06 10:00:00+00:00,26667
2022-02-06 11:00:00+00:00,26641
2022-02-06 12:00:00+00:00,26958
2022-02-06 13:00:00+00:00,26940
2022-02-06 14:00:00+00:00,25719
2022-02-06 15:00:00+00:00,25061
2022-02-06 16:00:00+00:00,25026
2022-02-06 17:00:00+00:00,26569
2022-02-06 18:00:00+00:00,29036
2022-02-06 19:00:00+00:00,30576
2022-02-06 20:00:00+00:00,30447
2022-02-06 21:00:00+00:00,28725
2022-02-06 22:00:00+00:00,26294
2022-02-06 23:00:00+00:00,24648
2022-02-07 00:00:00+00:00,23221
2022-02-07 01:00:00+00:00,22321
2022-02-07 02:00:00+00:00,21991
2022-02-07 03:00:00+00:00,22108
2022-02-07 04:00:00+00:00,22981
2022-02-07 05:00:00+00:00,26053
2022-02-07 06:00:00+00:00,30624
2022-02-07 07:00:00+00:00,32959
2022-02-07 08:00:00+00:00,33664
2022-02-07 09:00:00+00:00,33669
2022-02-07 10:00:00+00:00,33141
2022-02-07 11:00:00+00:00,32901
2022-02-07 12:00:00+00:00,32714
2022-02-07 13:00:00+00:00,32085
2022-02-07 14:00:00+00:00,31375
2022-02-07 15:00:00+00:00,30985
2022-02-07 16:00:00+00:00,30913
2022-02-07 17:00:00+00:00,31806
2022-02-07 18:00:00+00:00,34173
2022-02-07 19:00:00+00:00,35014
2022-02-07 20:00:00+00:00,34049
2022-02-07 21:00:00+00:00,30991
2022-02-07 22:00:00+00:00,28052
2022-02-07 23:00:00+00:00,26625
2022-02-08 00:00:00+00:00,25004
2022-02-08 01:00:00+00:00,23996
2022-02-08 02:00:00+00:00,23557
2022-02-08 03:00:00+00:00,23493
2022-02-08 04:00:00+00:00,24159
2022-02-08 05:00:00+00:00,26866
2022-02-08 06:00:00+00:00,31289
2022-02-08 07:00:00+00:00,33119
2022-02-08 08:00:00+00:00,33644
2022-02-08 09:00:00+00:00,33544
2022-02-08 10:00:00+00:00,33168
2022-02-08 11:00:00+00:00,32885
2022-02-08 12:00:00+00:00,32558
2022-02-08 13:00:00+00:00,31902
2022-02-08 14:00:00+00:00,31138
2022-02-08 15:00:00+00:00,30742
2022-02-08 16:00:00+00:00,30750
2022-02-08 17:00:00+00:00,31604
2022-02-08 18:00:00+00:00,33992
2022-02-08 19:00:00+00:00,34997
2022-02-08 20:00:00+00:00,33989
2022-02-08 21:00:00+00:00,30968
2022-02-08 22:00:00+00:00,28134
2022-02-08 23:00:00+00:00,26504
2022-02-09 00:00:00+00:00,24915
2022-02-09 01:00:00+00:00,23989
2022-02-09 02:00:00+00:00,23629
2022-02-09 03:00:00+00:00,23599
2022-02-09 04:00:00+00:00,24276
2022-02-09 05:00:00+00:00,26954
2022-02-09 06:00:00+00:00,31277
2022-02-09 07:00:00+00:00,33061
2022-02-09 08:00:00+00:00,33544
2022-02-09 09:00:00+00:00,33392
2022-02-09 10:00:00+00:00,32911
2022-02-09 11:00:00+00:00,32574
2022-02-09 12:00:00+00:00,32295
2022-02-09 13:00:00+00:00,31696
2022-02-09 14:00:00+00:00,30891
2022-02-09 15:00:00+00:00,30524
2022-02-09 16:00:00+00:00,30561
2022-02-09 17:00:00+00:00,31423
2022-02-09 18:00:00+00:00,33716
2022-02-09 19:00:00+00:00,34722
2022-02-09 20:00:00+00:00,33749
2022-02-09 21:00:00+00:00,30712
2022-02-09 22:00:00+00:00,27851
2022-02-09 23:00:00+00:00,26485
2022-02-10 00:00:00+00:00,25001
2022-02-10 01:00:00+00:00,23953
2022-02-10 02:00:00+00:00,23537
2022-02-10 03:00:00+00:00,23568
2022-02-10 04:00:00+00:00,24201
2022-02-10 05:00:00+00:00,26842
2022-02-10 06:00:00+00:00,31030
2022-02-10 07:00:00+00:00,32905
2022-02-10 08:00:00+00:00,33486
2022-02-10 09:00:00+00:00,33376
2022-02-10 10:00:00+00:00,32935
2022-02-10 11:00:00+00:00,32552
2022-02-10 12:00:00+00:00,32259
2022-02-10 13:00:00+00:00,31676
2022-02-10 14:00:00+00:00,30983
2022-02-10 15:00:00+00:00,30670
2022-02-10 16:00:00+00:00,30708
2022-02-10 17:00:00+00:00,31615
2022-02-10 18:00:00+00:00,33961
2022-02-10 19:00:00+00:00,34905
2022-02-10 20:00:00+00:00,33902
2022-02-10 21:00:00+00:00,31016
2022-02-10 22:00:00+00:00,28053
2022-02-10 23:00:00+00:00,26776
2022-02-11 00:00:00+00:00,25255
2022-02-11 01:00:00+00:00,24194
2022-02-11 02:00:00+00:00,23756
2022-02-11 03:00:00+00:00,23742
2022-02-11 04:00:00+00:00,24445
2022-02-11 05:00:00+00:00,27084
2022-02-11 06:00:00+00:00,31334
2022-02-11 07:00:00+00:00,33082
2022-02-11 08:00:00+00:00,33654
2022-02-11 09:00:00+00:00,33602
2022-02-11 10:00:00+00:00,33143
2022-02-11 11:00:00+00:00,32755
2022-02-11 12:00:00+00:00,32357
2022-02-11 13:00:00+00:00,31674
2022-02-11 14:00:00+00:00,30889
2022-02-11 15:00:00+00:00,30488
2022-02-11 16:00:00+00:00,30420
2022-02-11 17:00:00+00:00,31113
2022-02-11 18:00:00+00:00,33212
2022-02-11 19:00:00+00:00,33873
2022-02-11 20:00:00+00:00,32979
2022-02-11 21:00:00+00:00,30510
2022-02-11 22:00:00+00:00,27878
2022-02-11 23:00:00+00:00,26921
2022-02-12 00:00:00+00:00,25152
2022-02-12 01:00:00+00:00,23916
2022-02-12 02:00:00+00:00,23117
2022-02-12 03:00:00+00:00,22842
2022-02-12 04:00:00+00:00,22786
2022-02-12 05:00:00+00:00,23413
2022-02-12 06:00:00+00:00,24756
2022-02-12 07:00:00+00:00,25888
2022-02-12 08:00:00+00:00,28184
2022-02-12 09:00:00+00:00,29410
2022-02-12 10:00:00+00:00,29425
2022-02-12 11:00:00+00:00,29036
2022-02-12 12:00:00+00:00,28903
2022-02-12 13:00:00+00:00,28431
2022-02-12 14:00:00+00:00,27334
2022-02-12 15:00:00+00:00,26568
2022-02-12 16:00:00+00:00,26404
2022-02-12 17:00:00+00:00,27330
2022-02-12 18:00:00+00:00,29562
2022-02-12 19:00:00+00:00,30573
2022-02-12 20:00:00+00:00,30617
2022-02-12 21:00:00+00:00,28639
2022-02-12 22:00:00+00:00,26483
2022-02-12 23:00:00+00:00,24805
2022-02-13 00:00:00+00:00,23111
2022-02-13 01:00:00+00:00,21792
2022-02-13 02:00:00+00:00,21091
2022-02-13 03:00:00+00:00,20760
2022-02-13 04:00:00+00:00,20695
2022-02-13 05:00:00+00:00,21169
2022-02-13 06:00:00+00:00,21894
2022-02-13 07:00:00+00:00,22355
2022-02-13 08:00:00+00:00,24200
2022-02-13 09:00:00+00:00,25733
2022-02-13 10:00:00+00:00,26232
2022-02-13 11:00:00+00:00,26267
2022-02-13 12:00:00+00:00,26612
2022-02-13 13:00:00+00:00,26565
2022-02-13 14:00:00+00:00,25310
2022-02-13 15:00:00+00:00,24554
2022-02-13 16:00:00+00:00,24495
2022-02-13 17:00:00+00:00,25894
2022-02-13 18:00:00+00:00,28669
2022-02-13 19:00:00+00:00,30216
2022-02-13 20:00:00+00:00,30064
2022-02-13 21:00:00+00:00,28367
2022-02-13 22:00:00+00:00,25994
2022-02-13 23:00:00+00:00,24305
2022-02-14 00:00:00+00:00,22853
2022-02-14 01:00:00+00:00,21925
2022-02-14 02:00:00+00:00,21486
2022-02-14 03:00:00+00:00,21550
2022-02-14 04:00:00+00:00,22323
2022-02-14 05:00:00+00:00,25326
2022-02-14 06:00:00+00:00,29595
2022-02-14 07:00:00+00:00,31776
2022-02-14 08:00:00+00:00,32827
2022-02-14 09:00:00+00:00,33011
2022-02-14 10:00:00+00:00,32715
2022-02-14 11:00:00+00:00,32551
2022-02-14 12:00:00+00:00,32485
2022-02-14 13:00:00+00:00,31885
2022-02-14 14:00:00+00:00,31184
2022-02-14 15:00:00+00:00,30861
2022-02-14 16:00:00+00:00,30915
2022-02-14 17:00:00+00:00,31619
2022-02-14 18:00:00+00:00,33759
2022-02-14 19:00:00+00:00,34740
2022-02-14 20:00:00+00:00,33610
2022-02-14 21:00:00+00:00,30720
2022-02-14 22:00:00+00:00,27745
2022-02-14 23:00:00+00:00,26503
2022-02-15 00:00:00+00:00,24868
2022-02-15 01:00:00+00:00,23845
2022-02-15 02:00:00+00:00,23453
2022-02-15 03:00:00+00:00,23425
2022-02-15 04:00:00+00:00,24132
2022-02-15 05:00:00+00:00,26902
2022-02-15 06:00:00+00:00,31108
2022-02-15 07:00:00+00:00,32821
2022-02-15 08:00:00+00:00,33491
2022-02-15 09:00:00+00:00,33528
2022-02-15 10:00:00+00:00,33111
2022-02-15 11:00:00+00:00,32878
2022-02-15 12:00:00+00:00,32665
2022-02-15 13:00:00+00:00,31976
2022-02-15 14:00:00+00:00,31320
2022-02-15 15:00:00+00:00,31050
2022-02-15 16:00:00+00:00,31021
2022-02-15 17:00:00+00:00,31797
2022-02-15 18:00:00+00:00,34227
2022-02-15 19:00:00+00:00,35350
2022-02-15 20:00:00+00:00,34340
2022-02-15 21:00:00+00:00,31384
2022-02-15 22:00:00+00:00,28264
2022-02-15 23:00:00+00:00,26669
2022-02-16 00:00:00+00:00,25082
2022-02-16 01:00:00+00:00,23994
2022-02-16 02:00:00+00:00,23514
2022-02-16 03:00:00+00:00,23480
2022-02-16 04:00:00+00:00,24153
2022-02-16 05:00:00+00:00,26813
2022-02-16 06:00:00+00:00,30973
2022-02-16 07:00:00+00:00,32624
2022-02-16 08:00:00+00:00,33167
2022-02-16 09:00:00+00:00,33118
2022-02-16 10:00:00+00:00,32623
2022-02-16 11:00:00+00:00,32274
2022-02-16 12:00:00+00:00,32020
2022-02-16 13:00:00+00:00,31420
2022-02-16 14:00:00+00:00,30715
2022-02-16 15:00:00+00:00,30394
2022-02-16 16:00:00+00:00,30411
2022-02-16 17:00:00+00:00,31112
2022-02-16 18:00:00+00:00,33521
2022-02-16 19:00:00+00:00,34661
2022-02-16 20:00:00+00:00,33570
2022-02-16 21:00:00+00:00,30658
2022-02-16 22:00:00+00:00,27782
2022-02-16 23:00:00+00:00,26441
2022-02-17 00:00:00+00:00,24892
2022-02-17 01:00:00+00:00,23838
2022-02-17 02:00:00+00:00,23405
2022-02-17 03:00:00+00:00,23358
2022-02-17 04:00:00+00:00,24003
2022-02-17 05:00:00+00:00,26643
2022-02-17 06:00:00+00:00,30721
2022-02-17 07:00:00+00:00,32217
2022-02-17 08:00:00+00:00,32608
2022-02-17 09:00:00+00:00,32531
2022-02-17 10:00:00+00:00,32012
2022-02-17 11:00:00+00:00,31705
2022-02-17 12:00:00+00:00,31547
2022-02-17 13:00:00+00:00,31009
2022-02-17 14:00:00+00:00,30373
2022-02-17 15:00:00+00:00,30070
2022-02-17 16:00:00+00:00,30047
2022-02-17 17:00:00+00:00,30773
2022-02-17 18:00:00+00:00,33103
2022-02-17 19:00:00+00:00,34165
2022-02-17 20:00:00+00:00,33236
2022-02-17 21:00:00+00:00,30392
2022-02-17 22:00:00+00:00,27608
2022-02-17 23:00:00+00:00,26464
2022-02-18 00:00:00+00:00,24999
2022-02-18 01:00:00+00:00,23995
2022-02-18 02:00:00+00:00,23551
2022-02-18 03:00:00+00:00,23538
2022-02-18 04:00:00+00:00,24183
2022-02-18 05:00:00+00:00,26785
2022-02-18 06:00:00+00:00,30737
2022-02-18 07:00:00+00:00,32127
2022-02-18 08:00:00+00:00,32514
2022-02-18 09:00:00+00:00,32323
2022-02-18 10:00:00+00:00,31834
2022-02-18 11:00:00+00:00,31457
2022-02-18 12:00:00+00:00,31149
2022-02-18 13:00:00+00:00,30524
2022-02-18 14:00:00+00:00,29745
2022-02-18 15:00:00+00:00,29294
2022-02-18 16:00:00+00:00,29119
2022-02-18 17:00:00+00:00,29647
2022-02-18 18:00:00+00:00,32047
2022-02-18 19:00:00+00:00,32986
2022-02-18 20:00:00+00:00,32176
2022-02-18 21:00:00+00:00,29624
2022-02-18 22:00:00+00:00,27165
2022-02-18 23:00:00+00:00,26197
2022-02-19 00:00:00+00:00,24591
2022-02-19 01:00:00+00:00,23376
2022-02-19 02:00:00+00:00,22673
2022-02-19 03:00:00+00:00,22314
2022-02-19 04:00:00+00:00,22270
2022-02-19 05:00:00+00:00,22894
2022-02-19 06:00:00+00:00,24082
2022-02-19 07:00:00+00:00,25082
2022-02-19 08:00:00+00:00,27283
2022-02-19 09:00:00+00:00,28639
2022-02-19 10:00:00+00:00,28868
2022-02-19 11:00:00+00:00,28715
2022-02-19 12:00:00+00:00,28815
2022-02-19 13:00:00+00:00,28330
2022-02-19 14:00:00+00:00,27189
2022-02-19 15:00:00+00:00,26454
2022-02-19 16:00:00+00:00,26259
2022-02-19 17:00:00+00:00,26936
2022-02-19 18:00:00+00:00,29076
2022-02-19 19:00:00+00:00,30060
2022-02-19 20:00:00+00:00,30004
2022-02-19 21:00:00+00:00,28001
2022-02-19 22:00:00+00:00,25909
2022-02-19 23:00:00+00:00,24592
2022-02-20 00:00:00+00:00,22970
2022-02-20 01:00:00+00:00,21762
2022-02-20 02:00:00+00:00,21055
2022-02-20 03:00:00+00:00,20734
2022-02-20 04:00:00+00:00,20697
2022-02-20 05:00:00+00:00,21153
2022-02-20 06:00:00+00:00,21760
2022-02-20 07:00:00+00:00,22228
2022-02-20 08:00:00+00:00,24035
2022-02-20 09:00:00+00:00,25603
2022-02-20 10:00:00+00:00,26126
2022-02-20 11:00:00+00:00,26101
2022-02-20 12:00:00+00:00,26555
2022-02-20 13:00:00+00:00,26513
2022-02-20 14:00:00+00:00,25285
2022-02-20 15:00:00+00:00,24613
2022-02-20 16:00:00+00:00,24545
2022-02-20 17:00:00+00:00,25565
2022-02-20 18:00:00+00:00,28336
2022-02-20 19:00:00+00:00,29956
2022-02-20 20:00:00+00:00,29770
2022-02-20 21:00:00+00:00,28108
2022-02-20 22:00:00+00:00,25816
2022-02-20 23:00:00+00:00,24347
2022-02-21 00:00:00+00:00,22935
2022-02-21 01:00:00+00:00,22115
2022-02-21 02:00:00+00:00,21769
2022-02-21 03:00:00+00:00,21837
2022-02-21 04:00:00+00:00,22719
2022-02-21 05:00:00+00:00,25766
2022-02-21 06:00:00+00:00,30015
2022-02-21 07:00:00+00:00,31900
2022-02-21 08:00:00+00:00,32705
2022-02-21 09:00:00+00:00,32677
2022-02-21 10:00:00+00:00,32188
2022-02-21 11:00:00+00:00,31887
2022-02-21 12:00:00+00:00,31683
2022-02-21 13:00:00+00:00,31089
2022-02-21 14:00:00+00:00,30420
2022-02-21 15:00:00+00:00,30098
2022-02-21 16:00:00+00:00,29967
2022-02-21 17:00:00+00:00,30333
2022-02-21 18:00:00+00:00,32935
2022-02-21 19:00:00+00:00,34173
2022-02-21 20:00:00+00:00,33261
2022-02-21 21:00:00+00:00,30221
2022-02-21 22:00:00+00:00,27404
2022-02-21 23:00:00+00:00,26279
2022-02-22 00:00:00+00:00,24846
2022-02-22 01:00:00+00:00,23927
2022-02-22 02:00:00+00:00,23549
2022-02-22 03:00:00+00:00,23521
2022-02-22 04:00:00+00:00,24228
2022-02-22 05:00:00+00:00,26893
2022-02-22 06:00:00+00:00,30951
2022-02-22 07:00:00+00:00,32379
2022-02-22 08:00:00+00:00,32773
2022-02-22 09:00:00+00:00,32571
2022-02-22 10:00:00+00:00,32086
2022-02-22 11:00:00+00:00,31688
2022-02-22 12:00:00+00:00,31419
2022-02-22 13:00:00+00:00,30839
2022-02-22 14:00:00+00:00,30149
2022-02-22 15:00:00+00:00,29781
2022-02-22 16:00:00+00:00,29665
2022-02-22 17:00:00+00:00,30039
2022-02-22 18:00:00+00:00,32704
2022-02-22 19:00:00+00:00,33994
2022-02-22 20:00:00+00:00,33107
2022-02-22 21:00:00+00:00,30213
2022-02-22 22:00:00+00:00,27383
2022-02-22 23:00:00+00:00,25952
2022-02-23 00:00:00+00:00,24493
2022-02-23 01:00:00+00:00,23618
2022-02-23 02:00:00+00:00,23235
2022-02-23 03:00:00+00:00,23229
2022-02-23 04:00:00+00:00,23916
2022-02-23 05:00:00+00:00,26568
2022-02-23 06:00:00+00:00,30396
2022-02-23 07:00:00+00:00,31867
2022-02-23 08:00:00+00:00,32433
2022-02-23 09:00:00+00:00,32308
2022-02-23 10:00:00+00:00,31938
2022-02-23 11:00:00+00:00,31634
2022-02-23 12:00:00+00:00,31478
2022-02-23 13:00:00+00:00,30902
2022-02-23 14:00:00+00:00,30193
2022-02-23 15:00:00+00:00,29836
2022-02-23 16:00:00+00:00,29708
2022-02-23 17:00:00+00:00,30025
2022-02-23 18:00:00+00:00,32631
2022-02-23 19:00:00+00:00,33805
2022-02-23 20:00:00+00:00,32954
2022-02-23 21:00:00+00:00,29944
2022-02-23 22:00:00+00:00,27151
2022-02-23 23:00:00+00:00,25832
2022-02-24 00:00:00+00:00,24463
2022-02-24 01:00:00+00:00,23461
2022-02-24 02:00:00+00:00,23120
2022-02-24 03:00:00+00:00,23106
2022-02-24 04:00:00+00:00,23812
2022-02-24 05:00:00+00:00,26445
2022-02-24 06:00:00+00:00,30342
2022-02-24 07:00:00+00:00,31687
2022-02-24 08:00:00+00:00,32217
2022-02-24 09:00:00+00:00,32141
2022-02-24 10:00:00+00:00,31835
2022-02-24 11:00:00+00:00,31579
2022-02-24 12:00:00+00:00,31471
2022-02-24 13:00:00+00:00,31036
2022-02-24 14:00:00+00:00,30393
2022-02-24 15:00:00+00:00,29888
2022-02-24 16:00:00+00:00,29788
2022-02-24 17:00:00+00:00,29982
2022-02-24 18:00:00+00:00,32444
2022-02-24 19:00:00+00:00,33665
2022-02-24 20:00:00+00:00,32787
2022-02-24 21:00:00+00:00,29897
2022-02-24 22:00:00+00:00,27156
2022-02-24 23:00:00+00:00,26112
2022-02-25 00:00:00+00:00,24674
2022-02-25 01:00:00+00:00,23641
2022-02-25 02:00:00+00:00,23235
2022-02-25 03:00:00+00:00,23209
2022-02-25 04:00:00+00:00,23831
2022-02-25 05:00:00+00:00,26402
2022-02-25 06:00:00+00:00,30257
2022-02-25 07:00:00+00:00,31742
2022-02-25 08:00:00+00:00,32428
2022-02-25 09:00:00+00:00,32509
2022-02-25 10:00:00+00:00,32256
2022-02-25 11:00:00+00:00,32011
2022-02-25 12:00:00+00:00,31892
2022-02-25 13:00:00+00:00,31419
2022-02-25 14:00:00+00:00,30616
2022-02-25 15:00:00+00:00,30232
2022-02-25 16:00:00+00:00,30059
2022-02-25 17:00:00+00:00,30228
2022-02-25 18:00:00+00:00,32234
2022-02-25 19:00:00+00:00,33044
2022-02-25 20:00:00+00:00,32226
2022-02-25 21:00:00+00:00,29576
2022-02-25 22:00:00+00:00,27142
2022-02-25 23:00:00+00:00,26106
2022-02-26 00:00:00+00:00,24507
2022-02-26 01:00:00+00:00,23238
2022-02-26 02:00:00+00:00,22500
2022-02-26 03:00:00+00:00,22279
2022-02-26 04:00:00+00:00,22166
2022-02-26 05:00:00+00:00,22804
2022-02-26 06:00:00+00:00,23901
2022-02-26 07:00:00+00:00,24991
2022-02-26 08:00:00+00:00,27468
2022-02-26 09:00:00+00:00,29009
2022-02-26 10:00:00+00:00,29257
2022-02-26 11:00:00+00:00,29032
2022-02-26 12:00:00+00:00,29077
2022-02-26 13:00:00+00:00,28606
2022-02-26 14:00:00+00:00,27327
2022-02-26 15:00:00+00:00,26545
2022-02-26 16:00:00+00:00,26304
2022-02-26 17:00:00+00:00,26859
2022-02-26 18:00:00+00:00,29043
2022-02-26 19:00:00+00:00,30103
2022-02-26 20:00:00+00:00,29926
2022-02-26 21:00:00+00:00,27956
2022-02-26 22:00:00+00:00,25898
2022-02-26 23:00:00+00:00,24455
2022-02-27 00:00:00+00:00,22888
2022-02-27 01:00:00+00:00,21642
2022-02-27 02:00:00+00:00,20960
2022-02-27 03:00:00+00:00,20680
2022-02-27 04:00:00+00:00,20695
2022-02-27 05:00:00+00:00,21132
2022-02-27 06:00:00+00:00,21853
2022-02-27 07:00:00+00:00,22126
2022-02-27 08:00:00+00:00,24106
2022-02-27 09:00:00+00:00,25688
2022-02-27 10:00:00+00:00,26163
2022-02-27 11:00:00+00:00,26114
2022-02-27 12:00:00+00:00,26606
2022-02-27 13:00:00+00:00,26581
2022-02-27 14:00:00+00:00,25451
2022-02-27 15:00:00+00:00,24728
2022-02-27 16:00:00+00:00,24482
2022-02-27 17:00:00+00:00,25370
2022-02-27 18:00:00+00:00,28044
2022-02-27 19:00:00+00:00,29642
2022-02-27 20:00:00+00:00,29620
2022-02-27 21:00:00+00:00,28002
2022-02-27 22:00:00+00:00,25769
2022-02-27 23:00:00+00:00,24100
2022-02-28 00:00:00+00:00,22760
2022-02-28 01:00:00+00:00,21825
2022-02-28 02:00:00+00:00,21458
2022-02-28 03:00:00+00:00,21471
2022-02-28 04:00:00+00:00,22310
2022-02-28 05:00:00+00:00,25085
2022-02-28 06:00:00+00:00,28781
2022-02-28 07:00:00+00:00,30513
2022-02-28 08:00:00+00:00,31606
2022-02-28 09:00:00+00:00,31675
2022-02-28 10:00:00+00:00,31427
2022-02-28 11:00:00+00:00,31399
2022-02-28 12:00:00+00:00,31239
2022-02-28 13:00:00+00:00,30589
2022-02-28 14:00:00+00:00,29871
2022-02-28 15:00:00+00:00,29407
2022-02-28 16:00:00+00:00,29136
2022-02-28 17:00:00+00:00,29348
2022-02-28 18:00:00+00:00,31870
2022-02-28 19:00:00+00:00,33138
2022-02-28 20:00:00+00:00,32474
2022-02-28 21:00:00+00:00,29879
2022-02-28 22:00:00+00:00,27095
2022-02-28 23:00:00+00:00,25454
2022-03-01 00:00:00+00:00,24059
2022-03-01 01:00:00+00:00,23114
2022-03-01 02:00:00+00:00,22801
2022-03-01 03:00:00+00:00,22764
2022-03-01 04:00:00+00:00,23476
2022-03-01 05:00:00+00:00,26090
2022-03-01 06:00:00+00:00,29424
2022-03-01 07:00:00+00:00,30946
2022-03-01 08:00:00+00:00,31926
2022-03-01 09:00:00+00:00,31974
2022-03-01 10:00:00+00:00,31597
2022-03-01 11:00:00+00:00,31381
2022-03-01 12:00:00+00:00,31225
2022-03-01 13:00:00+00:00,30618
2022-03-01 14:00:00+00:00,29912
2022-03-01 15:00:00+00:00,29445
2022-03-01 16:00:00+00:00,29298
2022-03-01 17:00:00+00:00,29238
2022-03-01 18:00:00+00:00,31779
2022-03-01 19:00:00+00:00,33170
2022-03-01 20:00:00+00:00,32304
2022-03-01 21:00:00+00:00,29500
2022-03-01 22:00:00+00:00,26942
2022-03-01 23:00:00+00:00,25751
2022-03-02 00:00:00+00:00,24284
2022-03-02 01:00:00+00:00,23316
2022-03-02 02:00:00+00:00,22911
2022-03-02 03:00:00+00:00,22900
2022-03-02 04:00:00+00:00,23562
2022-03-02 05:00:00+00:00,26118
2022-03-02 06:00:00+00:00,29715
2022-03-02 07:00:00+00:00,31280
2022-03-02 08:00:00+00:00,31994
2022-03-02 09:00:00+00:00,32076
2022-03-02 10:00:00+00:00,31733
2022-03-02 11:00:00+00:00,31684
2022-03-02 12:00:00+00:00,31521
2022-03-02 13:00:00+00:00,31012
2022-03-02 14:00:00+00:00,30230
2022-03-02 15:00:00+00:00,29784
2022-03-02 16:00:00+00:00,29563
2022-03-02 17:00:00+00:00,29568
2022-03-02 18:00:00+00:00,31969
2022-03-02 19:00:00+00:00,33357
2022-03-02 20:00:00+00:00,32434
2022-03-02 21:00:00+00:00,29699
2022-03-02 22:00:00+00:00,26999
2022-03-02 23:00:00+00:00,25955
2022-03-03 00:00:00+00:00,24457
2022-03-03 01:00:00+00:00,23518
2022-03-03 02:00:00+00:00,23063
2022-03-03 03:00:00+00:00,23007
2022-03-03 04:00:00+00:00,23585
2022-03-03 05:00:00+00:00,26203
2022-03-03 06:00:00+00:00,29745
2022-03-03 07:00:00+00:00,31441
2022-03-03 08:00:00+00:00,32232
2022-03-03 09:00:00+00:00,32398
2022-03-03 10:00:00+00:00,32208
2022-03-03 11:00:00+00:00,32190
2022-03-03 12:00:00+00:00,32082
2022-03-03 13:00:00+00:00,31698
2022-03-03 14:00:00+00:00,31113
2022-03-03 15:00:00+00:00,30806
2022-03-03 16:00:00+00:00,30557
2022-03-03 17:00:00+00:00,30556
2022-03-03 18:00:00+00:00,32847
2022-03-03 19:00:00+00:00,34042
2022-03-03 20:00:00+00:00,33047
2022-03-03 21:00:00+00:00,30285
2022-03-03 22:00:00+00:00,27561
2022-03-03 23:00:00+00:00,26131
2022-03-04 00:00:00+00:00,24610
2022-03-04 01:00:00+00:00,23650
2022-03-04 02:00:00+00:00,23217
2022-03-04 03:00:00+00:00,23113
2022-03-04 04:00:00+00:00,23646
2022-03-04 05:00:00+00:00,26238
2022-03-04 06:00:00+00:00,29807
2022-03-04 07:00:00+00:00,31509
2022-03-04 08:00:00+00:00,32555
2022-03-04 09:00:00+00:00,32874
2022-03-04 10:00:00+00:00,32747
2022-03-04 11:00:00+00:00,32703
2022-03-04 12:00:00+00:00,32604
2022-03-04 13:00:00+00:00,32076
2022-03-04 14:00:00+00:00,31253
2022-03-04 15:00:00+00:00,30836
2022-03-04 16:00:00+00:00,30707
2022-03-04 17:00:00+00:00,30611
2022-03-04 18:00:00+00:00,32455
2022-03-04 19:00:00+00:00,33194
2022-03-04 20:00:00+00:00,32315
2022-03-04 21:00:00+00:00,29925
2022-03-04 22:00:00+00:00,27493
2022-03-04 23:00:00+00:00,26132
2022-03-05 00:00:00+00:00,24600
2022-03-05 01:00:00+00:00,23318
2022-03-05 02:00:00+00:00,22612
2022-03-05 03:00:00+00:00,22299
2022-03-05 04:00:00+00:00,22250
2022-03-05 05:00:00+00:00,22902
2022-03-05 06:00:00+00:00,23868
2022-03-05 07:00:00+00:00,25313
2022-03-05 08:00:00+00:00,27655
2022-03-05 09:00:00+00:00,29132
2022-03-05 10:00:00+00:00,29429
2022-03-05 11:00:00+00:00,29367
2022-03-05 12:00:00+00:00,29451
2022-03-05 13:00:00+00:00,29050
2022-03-05 14:00:00+00:00,27874
2022-03-05 15:00:00+00:00,27115
2022-03-05 16:00:00+00:00,26719
2022-03-05 17:00:00+00:00,26955
2022-03-05 18:00:00+00:00,28881
2022-03-05 19:00:00+00:00,30266
2022-03-05 20:00:00+00:00,30135
2022-03-05 21:00:00+00:00,28360
2022-03-05 22:00:00+00:00,26302
2022-03-05 23:00:00+00:00,24062
2022-03-06 00:00:00+00:00,22466
2022-03-06 01:00:00+00:00,21183
2022-03-06 02:00:00+00:00,20605
2022-03-06 03:00:00+00:00,20262
2022-03-06 04:00:00+00:00,20200
2022-03-06 05:00:00+00:00,20639
2022-03-06 06:00:00+00:00,21058
2022-03-06 07:00:00+00:00,21704
2022-03-06 08:00:00+00:00,23765
2022-03-06 09:00:00+00:00,25353
2022-03-06 10:00:00+00:00,25863
2022-03-06 11:00:00+00:00,26100
2022-03-06 12:00:00+00:00,26602
2022-03-06 13:00:00+00:00,26583
2022-03-06 14:00:00+00:00,25527
2022-03-06 15:00:00+00:00,24738
2022-03-06 16:00:00+00:00,24449
2022-03-06 17:00:00+00:00,25065
2022-03-06 18:00:00+00:00,27625
2022-03-06 19:00:00+00:00,29391
2022-03-06 20:00:00+00:00,29432
2022-03-06 21:00:00+00:00,27858
2022-03-06 22:00:00+00:00,25748
2022-03-06 23:00:00+00:00,23640
2022-03-07 00:00:00+00:00,22194
2022-03-07 01:00:00+00:00,21398
2022-03-07 02:00:00+00:00,21082
2022-03-07 03:00:00+00:00,21162
2022-03-07 04:00:00+00:00,21941
2022-03-07 05:00:00+00:00,24926
2022-03-07 06:00:00+00:00,28539
2022-03-07 07:00:00+00:00,30772
2022-03-07 08:00:00+00:00,31930
2022-03-07 09:00:00+00:00,32415
2022-03-07 10:00:00+00:00,32310
2022-03-07 11:00:00+00:00,32305
2022-03-07 12:00:00+00:00,32320
2022-03-07 13:00:00+00:00,31882
2022-03-07 14:00:00+00:00,31128
2022-03-07 15:00:00+00:00,30753
2022-03-07 16:00:00+00:00,30437
2022-03-07 17:00:00+00:00,30262
2022-03-07 18:00:00+00:00,32443
2022-03-07 19:00:00+00:00,33799
2022-03-07 20:00:00+00:00,32890
2022-03-07 21:00:00+00:00,30021
2022-03-07 22:00:00+00:00,27307
2022-03-07 23:00:00+00:00,25669
2022-03-08 00:00:00+00:00,24135
2022-03-08 01:00:00+00:00,23170
2022-03-08 02:00:00+00:00,22888
2022-03-08 03:00:00+00:00,22873
2022-03-08 04:00:00+00:00,23538
2022-03-08 05:00:00+00:00,26173
2022-03-08 06:00:00+00:00,29913
2022-03-08 07:00:00+00:00,31965
2022-03-08 08:00:00+00:00,32781
2022-03-08 09:00:00+00:00,33000
2022-03-08 10:00:00+00:00,32795
2022-03-08 11:00:00+00:00,32846
2022-03-08 12:00:00+00:00,32715
2022-03-08 13:00:00+00:00,32225
2022-03-08 14:00:00+00:00,31487
2022-03-08 15:00:00+00:00,31054
2022-03-08 16:00:00+00:00,30864
2022-03-08 17:00:00+00:00,30811
2022-03-08 18:00:00+00:00,33029
2022-03-08 19:00:00+00:00,34378
2022-03-08 20:00:00+00:00,33402
2022-03-08 21:00:00+00:00,30422
2022-03-08 22:00:00+00:00,27382
2022-03-08 23:00:00+00:00,25603
2022-03-09 00:00:00+00:00,24037
2022-03-09 01:00:00+00:00,23053
2022-03-09 02:00:00+00:00,22652
2022-03-09 03:00:00+00:00,22656
2022-03-09 04:00:00+00:00,23202
2022-03-09 05:00:00+00:00,25710
2022-03-09 06:00:00+00:00,29312
2022-03-09 07:00:00+00:00,31328
2022-03-09 08:00:00+00:00,32174
2022-03-09 09:00:00+00:00,32363
2022-03-09 10:00:00+00:00,32186
2022-03-09 11:00:00+00:00,32125
2022-03-09 12:00:00+00:00,32028
2022-03-09 13:00:00+00:00,31530
2022-03-09 14:00:00+00:00,30772
2022-03-09 15:00:00+00:00,30211
2022-03-09 16:00:00+00:00,30000
2022-03-09 17:00:00+00:00,29906
2022-03-09 18:00:00+00:00,32068
2022-03-09 19:00:00+00:00,33521
2022-03-09 20:00:00+00:00,32736
2022-03-09 21:00:00+00:00,29973
2022-03-09 22:00:00+00:00,27107
2022-03-09 23:00:00+00:00,25168
2022-03-10 00:00:00+00:00,23599
2022-03-10 01:00:00+00:00,22660
2022-03-10 02:00:00+00:00,22359
2022-03-10 03:00:00+00:00,22296
2022-03-10 04:00:00+00:00,22888
2022-03-10 05:00:00+00:00,25370
2022-03-10 06:00:00+00:00,29061
2022-03-10 07:00:00+00:00,30949
2022-03-10 08:00:00+00:00,31487
2022-03-10 09:00:00+00:00,31534
2022-03-10 10:00:00+00:00,31316
2022-03-10 11:00:00+00:00,31392
2022-03-10 12:00:00+00:00,31325
2022-03-10 13:00:00+00:00,30817
2022-03-10 14:00:00+00:00,30124
2022-03-10 15:00:00+00:00,29677
2022-03-10 16:00:00+00:00,29453
2022-03-10 17:00:00+00:00,29449
2022-03-10 18:00:00+00:00,31598
2022-03-10 19:00:00+00:00,32904
2022-03-10 20:00:00+00:00,31999
2022-03-10 21:00:00+00:00,29321
2022-03-10 22:00:00+00:00,26586
2022-03-10 23:00:00+00:00,25282
2022-03-11 00:00:00+00:00,23800
2022-03-11 01:00:00+00:00,22831
2022-03-11 02:00:00+00:00,22483
2022-03-11 03:00:00+00:00,22377
2022-03-11 04:00:00+00:00,22964
2022-03-11 05:00:00+00:00,25419
2022-03-11 06:00:00+00:00,28943
2022-03-11 07:00:00+00:00,30832
2022-03-11 08:00:00+00:00,31727
2022-03-11 09:00:00+00:00,31855
2022-03-11 10:00:00+00:00,31829
2022-03-11 11:00:00+00:00,31817
2022-03-11 12:00:00+00:00,31666
2022-03-11 13:00:00+00:00,31098
2022-03-11 14:00:00+00:00,30168
2022-03-11 15:00:00+00:00,29582
2022-03-11 16:00:00+00:00,29268
2022-03-11 17:00:00+00:00,29152
2022-03-11 18:00:00+00:00,31039
2022-03-11 19:00:00+00:00,32144
2022-03-11 20:00:00+00:00,31442
2022-03-11 21:00:00+00:00,28958
2022-03-11 22:00:00+00:00,26536
2022-03-11 23:00:00+00:00,25334
2022-03-12 00:00:00+00:00,23700
2022-03-12 01:00:00+00:00,22404
2022-03-12 02:00:00+00:00,21774
2022-03-12 03:00:00+00:00,21460
2022-03-12 04:00:00+00:00,21408
2022-03-12 05:00:00+00:00,22002
2022-03-12 06:00:00+00:00,22888
2022-03-12 07:00:00+00:00,24266
2022-03-12 08:00:00+00:00,26520
2022-03-12 09:00:00+00:00,27952
2022-03-12 10:00:00+00:00,28118
2022-03-12 11:00:00+00:00,28016
2022-03-12 12:00:00+00:00,28120
2022-03-12 13:00:00+00:00,27733
2022-03-12 14:00:00+00:00,26565
2022-03-12 15:00:00+00:00,25830
2022-03-12 16:00:00+00:00,25491
2022-03-12 17:00:00+00:00,25756
2022-03-12 18:00:00+00:00,27606
2022-03-12 19:00:00+00:00,28956
2022-03-12 20:00:00+00:00,28943
2022-03-12 21:00:00+00:00,27107
2022-03-12 22:00:00+00:00,24991
2022-03-12 23:00:00+00:00,23225
2022-03-13 00:00:00+00:00,21585
2022-03-13 01:00:00+00:00,20495
2022-03-13 02:00:00+00:00,19876
2022-03-13 03:00:00+00:00,19594
2022-03-13 04:00:00+00:00,19688
2022-03-13 05:00:00+00:00,20082
2022-03-13 06:00:00+00:00,20381
2022-03-13 07:00:00+00:00,21074
2022-03-13 08:00:00+00:00,22956
2022-03-13 09:00:00+00:00,24417
2022-03-13 10:00:00+00:00,25047
2022-03-13 11:00:00+00:00,25240
2022-03-13 12:00:00+00:00,25736
2022-03-13 13:00:00+00:00,25709
2022-03-13 14:00:00+00:00,24495
2022-03-13 15:00:00+00:00,23727
2022-03-13 16:00:00+00:00,23510
2022-03-13 17:00:00+00:00,24061
2022-03-13 18:00:00+00:00,26550
2022-03-13 19:00:00+00:00,28313
2022-03-13 20:00:00+00:00,28320
2022-03-13 21:00:00+00:00,26774
2022-03-13 22:00:00+00:00,24589
2022-03-13 23:00:00+00:00,22900
2022-03-14 00:00:00+00:00,21522
2022-03-14 01:00:00+00:00,20715
2022-03-14 02:00:00+00:00,20374
2022-03-14 03:00:00+00:00,20466
2022-03-14 04:00:00+00:00,21246
2022-03-14 05:00:00+00:00,24147
2022-03-14 06:00:00+00:00,27711
2022-03-14 07:00:00+00:00,29990
2022-03-14 08:00:00+00:00,31074
2022-03-14 09:00:00+00:00,31558
2022-03-14 10:00:00+00:00,31629
2022-03-14 11:00:00+00:00,31708
2022-03-14 12:00:00+00:00,31670
2022-03-14 13:00:00+00:00,30968
2022-03-14 14:00:00+00:00,30184
2022-03-14 15:00:00+00:00,29696
2022-03-14 16:00:00+00:00,29529
2022-03-14 17:00:00+00:00,29472
2022-03-14 18:00:00+00:00,31449
2022-03-14 19:00:00+00:00,32893
2022-03-14 20:00:00+00:00,31989
2022-03-14 21:00:00+00:00,29128
2022-03-14 22:00:00+00:00,26261
2022-03-14 23:00:00+00:00,25049
2022-03-15 00:00:00+00:00,23590
2022-03-15 01:00:00+00:00,22684
2022-03-15 02:00:00+00:00,22322
2022-03-15 03:00:00+00:00,22256
2022-03-15 04:00:00+00:00,22882
2022-03-15 05:00:00+00:00,25389
2022-03-15 06:00:00+00:00,28672
2022-03-15 07:00:00+00:00,30708
2022-03-15 08:00:00+00:00,31450
2022-03-15 09:00:00+00:00,31897
2022-03-15 10:00:00+00:00,31849
2022-03-15 11:00:00+00:00,31831
2022-03-15 12:00:00+00:00,31704
2022-03-15 13:00:00+00:00,31234
2022-03-15 14:00:00+00:00,30357
2022-03-15 15:00:00+00:00,29850
2022-03-15 16:00:00+00:00,29604
2022-03-15 17:00:00+00:00,29430
2022-03-15 18:00:00+00:00,31407
2022-03-15 19:00:00+00:00,32889
2022-03-15 20:00:00+00:00,31922
2022-03-15 21:00:00+00:00,29127
2022-03-15 22:00:00+00:00,26340
2022-03-15 23:00:00+00:00,24740
2022-03-16 00:00:00+00:00,23327
2022-03-16 01:00:00+00:00,22432
2022-03-16 02:00:00+00:00,22054
2022-03-16 03:00:00+00:00,22038
2022-03-16 04:00:00+00:00,22614
2022-03-16 05:00:00+00:00,25196
2022-03-16 06:00:00+00:00,28347
2022-03-16 07:00:00+00:00,30300
2022-03-16 08:00:00+00:00,31127
2022-03-16 09:00:00+00:00,31470
2022-03-16 10:00:00+00:00,31457
2022-03-16 11:00:00+00:00,31611
2022-03-16 12:00:00+00:00,31547
2022-03-16 13:00:00+00:00,31098
2022-03-16 14:00:00+00:00,30322
2022-03-16 15:00:00+00:00,29869
2022-03-16 16:00:00+00:00,29631
2022-03-16 17:00:00+00:00,29474
2022-03-16 18:00:00+00:00,31282
2022-03-16 19:00:00+00:00,32660
2022-03-16 20:00:00+00:00,31645
2022-03-16 21:00:00+00:00,28886
2022-03-16 22:00:00+00:00,26171
2022-03-16 23:00:00+00:00,24908
2022-03-17 00:00:00+00:00,23506
2022-03-17 01:00:00+00:00,22538
2022-03-17 02:00:00+00:00,22188
2022-03-17 03:00:00+00:00,22152
2022-03-17 04:00:00+00:00,22729
2022-03-17 05:00:00+00:00,25168
2022-03-17 06:00:00+00:00,28351
2022-03-17 07:00:00+00:00,30303
2022-03-17 08:00:00+00:00,31275
2022-03-17 09:00:00+00:00,31754
2022-03-17 10:00:00+00:00,31876
2022-03-17 11:00:00+00:00,32039
2022-03-17 12:00:00+00:00,32069
2022-03-17 13:00:00+00:00,31747
2022-03-17 14:00:00+00:00,30876
2022-03-17 15:00:00+00:00,30446
2022-03-17 16:00:00+00:00,30288
2022-03-17 17:00:00+00:00,30143
2022-03-17 18:00:00+00:00,31797
2022-03-17 19:00:00+00:00,33062
2022-03-17 20:00:00+00:00,31999
2022-03-17 21:00:00+00:00,29356
2022-03-17 22:00:00+00:00,26586
2022-03-17 23:00:00+00:00,24927
2022-03-18 00:00:00+00:00,23520
2022-03-18 01:00:00+00:00,22360
2022-03-18 02:00:00+00:00,21901
2022-03-18 03:00:00+00:00,21860
2022-03-18 04:00:00+00:00,22481
2022-03-18 05:00:00+00:00,24992
2022-03-18 06:00:00+00:00,28074
2022-03-18 07:00:00+00:00,30183
2022-03-18 08:00:00+00:00,31246
2022-03-18 09:00:00+00:00,31723
2022-03-18 10:00:00+00:00,31755
2022-03-18 11:00:00+00:00,31793
2022-03-18 12:00:00+00:00,31637
2022-03-18 13:00:00+00:00,31071
2022-03-18 14:00:00+00:00,30103
2022-03-18 15:00:00+00:00,29567
2022-03-18 16:00:00+00:00,29170
2022-03-18 17:00:00+00:00,29040
2022-03-18 18:00:00+00:00,30549
2022-03-18 19:00:00+00:00,31736
2022-03-18 20:00:00+00:00,30947
2022-03-18 21:00:00+00:00,28506
2022-03-18 22:00:00+00:00,26120
2022-03-18 23:00:00+00:00,24744
2022-03-19 00:00:00+00:00,23225
2022-03-19 01:00:00+00:00,21896
2022-03-19 02:00:00+00:00,21195
2022-03-19 03:00:00+00:00,20915
2022-03-19 04:00:00+00:00,20841
2022-03-19 05:00:00+00:00,21420
2022-03-19 06:00:00+00:00,22022
2022-03-19 07:00:00+00:00,23412
2022-03-19 08:00:00+00:00,25618
2022-03-19 09:00:00+00:00,27051
2022-03-19 10:00:00+00:00,27241
2022-03-19 11:00:00+00:00,27212
2022-03-19 12:00:00+00:00,27322
2022-03-19 13:00:00+00:00,27090
2022-03-19 14:00:00+00:00,25864
2022-03-19 15:00:00+00:00,25005
2022-03-19 16:00:00+00:00,24640
2022-03-19 17:00:00+00:00,24706
2022-03-19 18:00:00+00:00,26450
2022-03-19 19:00:00+00:00,28017
2022-03-19 20:00:00+00:00,28028
2022-03-19 21:00:00+00:00,26377
2022-03-19 22:00:00+00:00,24350
2022-03-19 23:00:00+00:00,22718
2022-03-20 00:00:00+00:00,21161
2022-03-20 01:00:00+00:00,20044
2022-03-20 02:00:00+00:00,19452
2022-03-20 03:00:00+00:00,19115
2022-03-20 04:00:00+00:00,19121
2022-03-20 05:00:00+00:00,19472
2022-03-20 06:00:00+00:00,19634
2022-03-20 07:00:00+00:00,20450
2022-03-20 08:00:00+00:00,22368
2022-03-20 09:00:00+00:00,23982
2022-03-20 10:00:00+00:00,24644
2022-03-20 11:00:00+00:00,24941
2022-03-20 12:00:00+00:00,25433
2022-03-20 13:00:00+00:00,25352
2022-03-20 14:00:00+00:00,24133
2022-03-20 15:00:00+00:00,23402
2022-03-20 16:00:00+00:00,23120
2022-03-20 17:00:00+00:00,23450
2022-03-20 18:00:00+00:00,25508
2022-03-20 19:00:00+00:00,27526
2022-03-20 20:00:00+00:00,27677
2022-03-20 21:00:00+00:00,26316
2022-03-20 22:00:00+00:00,24187
2022-03-20 23:00:00+00:00,22465
2022-03-21 00:00:00+00:00,21143
2022-03-21 01:00:00+00:00,20312
2022-03-21 02:00:00+00:00,19916
2022-03-21 03:00:00+00:00,20008
2022-03-21 04:00:00+00:00,20778
2022-03-21 05:00:00+00:00,23624
2022-03-21 06:00:00+00:00,27041
2022-03-21 07:00:00+00:00,29529
2022-03-21 08:00:00+00:00,30678
2022-03-21 09:00:00+00:00,31344
2022-03-21 10:00:00+00:00,31530
2022-03-21 11:00:00+00:00,31706
2022-03-21 12:00:00+00:00,31788
2022-03-21 13:00:00+00:00,31200
2022-03-21 14:00:00+00:00,30257
2022-03-21 15:00:00+00:00,29893
2022-03-21 16:00:00+00:00,29745
2022-03-21 17:00:00+00:00,29668
2022-03-21 18:00:00+00:00,31283
2022-03-21 19:00:00+00:00,32749
2022-03-21 20:00:00+00:00,31600
2022-03-21 21:00:00+00:00,28691
2022-03-21 22:00:00+00:00,25980
2022-03-21 23:00:00+00:00,24398
2022-03-22 00:00:00+00:00,22925
2022-03-22 01:00:00+00:00,21965
2022-03-22 02:00:00+00:00,21575
2022-03-22 03:00:00+00:00,21501
2022-03-22 04:00:00+00:00,22174
2022-03-22 05:00:00+00:00,24761
2022-03-22 06:00:00+00:00,27820
2022-03-22 07:00:00+00:00,29872
2022-03-22 08:00:00+00:00,30962
2022-03-22 09:00:00+00:00,31460
2022-03-22 10:00:00+00:00,31602
2022-03-22 11:00:00+00:00,31787
2022-03-22 12:00:00+00:00,31784
2022-03-22 13:00:00+00:00,31260
2022-03-22 14:00:00+00:00,30350
2022-03-22 15:00:00+00:00,29914
2022-03-22 16:00:00+00:00,29752
2022-03-22 17:00:00+00:00,29506
2022-03-22 18:00:00+00:00,31230
2022-03-22 19:00:00+00:00,32851
2022-03-22 20:00:00+00:00,31903
2022-03-22 21:00:00+00:00,29118
2022-03-22 22:00:00+00:00,26289
2022-03-22 23:00:00+00:00,24443
2022-03-23 00:00:00+00:00,22933
2022-03-23 01:00:00+00:00,21933
2022-03-23 02:00:00+00:00,21587
2022-03-23 03:00:00+00:00,21582
2022-03-23 04:00:00+00:00,22205
2022-03-23 05:00:00+00:00,24779
2022-03-23 06:00:00+00:00,27867
2022-03-23 07:00:00+00:00,30115
2022-03-23 08:00:00+00:00,31135
2022-03-23 09:00:00+00:00,31626
2022-03-23 10:00:00+00:00,31719
2022-03-23 11:00:00+00:00,31885
2022-03-23 12:00:00+00:00,31890
2022-03-23 13:00:00+00:00,31412
2022-03-23 14:00:00+00:00,30496
2022-03-23 15:00:00+00:00,29992
2022-03-23 16:00:00+00:00,29850
2022-03-23 17:00:00+00:00,29627
2022-03-23 18:00:00+00:00,31307
2022-03-23 19:00:00+00:00,32942
2022-03-23 20:00:00+00:00,31919
2022-03-23 21:00:00+00:00,29125
2022-03-23 22:00:00+00:00,26260
2022-03-23 23:00:00+00:00,24670
2022-03-24 00:00:00+00:00,23144
2022-03-24 01:00:00+00:00,22042
2022-03-24 02:00:00+00:00,21586
2022-03-24 03:00:00+00:00,21607
2022-03-24 04:00:00+00:00,22170
2022-03-24 05:00:00+00:00,24725
2022-03-24 06:00:00+00:00,27782
2022-03-24 07:00:00+00:00,30017
2022-03-24 08:00:00+00:00,30935
2022-03-24 09:00:00+00:00,31362
2022-03-24 10:00:00+00:00,31388
2022-03-24 11:00:00+00:00,31533
2022-03-24 12:00:00+00:00,31491
2022-03-24 13:00:00+00:00,31089
2022-03-24 14:00:00+00:00,30267
2022-03-24 15:00:00+00:00,29843
2022-03-24 16:00:00+00:00,29713
2022-03-24 17:00:00+00:00,29492
2022-03-24 18:00:00+00:00,31218
2022-03-24 19:00:00+00:00,32777
2022-03-24 20:00:00+00:00,31821
2022-03-24 21:00:00+00:00,29135
2022-03-24 22:00:00+00:00,26364
2022-03-24 23:00:00+00:00,24784
2022-03-25 00:00:00+00:00,23252
2022-03-25 01:00:00+00:00,22232
2022-03-25 02:00:00+00:00,21803
2022-03-25 03:00:00+00:00,21779
2022-03-25 04:00:00+00:00,22360
2022-03-25 05:00:00+00:00,24842
2022-03-25 06:00:00+00:00,27913
2022-03-25 07:00:00+00:00,30016
2022-03-25 08:00:00+00:00,30865
2022-03-25 09:00:00+00:00,31405
2022-03-25 10:00:00+00:00,31347
2022-03-25 11:00:00+00:00,31355
2022-03-25 12:00:00+00:00,31354
2022-03-25 13:00:00+00:00,30942
2022-03-25 14:00:00+00:00,29980
2022-03-25 15:00:00+00:00,29416
2022-03-25 16:00:00+00:00,29238
2022-03-25 17:00:00+00:00,28990
2022-03-25 18:00:00+00:00,30264
2022-03-25 19:00:00+00:00,31608
2022-03-25 20:00:00+00:00,30833
2022-03-25 21:00:00+00:00,28333
2022-03-25 22:00:00+00:00,25851
2022-03-25 23:00:00+00:00,24576
2022-03-26 00:00:00+00:00,22937
2022-03-26 01:00:00+00:00,21751
2022-03-26 02:00:00+00:00,21026
2022-03-26 03:00:00+00:00,20748
2022-03-26 04:00:00+00:00,20744
2022-03-26 05:00:00+00:00,21373
2022-03-26 06:00:00+00:00,21965
2022-03-26 07:00:00+00:00,23537
2022-03-26 08:00:00+00:00,25877
2022-03-26 09:00:00+00:00,27389
2022-03-26 10:00:00+00:00,27702
2022-03-26 11:00:00+00:00,27712
2022-03-26 12:00:00+00:00,27983
2022-03-26 13:00:00+00:00,27558
2022-03-26 14:00:00+00:00,26345
2022-03-26 15:00:00+00:00,25469
2022-03-26 16:00:00+00:00,25157
2022-03-26 17:00:00+00:00,25162
2022-03-26 18:00:00+00:00,26720
2022-03-26 19:00:00+00:00,28286
2022-03-26 20:00:00+00:00,28304
2022-03-26 21:00:00+00:00,26473
2022-03-26 22:00:00+00:00,24406
2022-03-26 23:00:00+00:00,22863
2022-03-27 00:00:00+00:00,20882
2022-03-27 01:00:00+00:00,19891
2022-03-27 02:00:00+00:00,19420
2022-03-27 03:00:00+00:00,19220
2022-03-27 04:00:00+00:00,19551
2022-03-27 05:00:00+00:00,20371
2022-03-27 06:00:00+00:00,20380
2022-03-27 07:00:00+00:00,21811
2022-03-27 08:00:00+00:00,23559
2022-03-27 09:00:00+00:00,24590
2022-03-27 10:00:00+00:00,25134
2022-03-27 11:00:00+00:00,25684
2022-03-27 12:00:00+00:00,25724
2022-03-27 13:00:00+00:00,24444
2022-03-27 14:00:00+00:00,23684
2022-03-27 15:00:00+00:00,23324
2022-03-27 16:00:00+00:00,23234
2022-03-27 17:00:00+00:00,23987
2022-03-27 18:00:00+00:00,26381
2022-03-27 19:00:00+00:00,28209
2022-03-27 20:00:00+00:00,26416
2022-03-27 21:00:00+00:00,24179
2022-03-27 22:00:00+00:00,22742
2022-03-27 23:00:00+00:00,21223
2022-03-28 00:00:00+00:00,20514
2022-03-28 01:00:00+00:00,19999
2022-03-28 02:00:00+00:00,20006
2022-03-28 03:00:00+00:00,20623
2022-03-28 04:00:00+00:00,23477
2022-03-28 05:00:00+00:00,27419
2022-03-28 06:00:00+00:00,29528
2022-03-28 07:00:00+00:00,30106
2022-03-28 08:00:00+00:00,30665
2022-03-28 09:00:00+00:00,30917
2022-03-28 10:00:00+00:00,31041
2022-03-28 11:00:00+00:00,30934
2022-03-28 12:00:00+00:00,30317
2022-03-28 13:00:00+00:00,29330
2022-03-28 14:00:00+00:00,28712
2022-03-28 15:00:00+00:00,28239
2022-03-28 16:00:00+00:00,27497
2022-03-28 17:00:00+00:00,28127
2022-03-28 18:00:00+00:00,30380
2022-03-28 19:00:00+00:00,31364
2022-03-28 20:00:00+00:00,28481
2022-03-28 21:00:00+00:00,25630
2022-03-28 22:00:00+00:00,24168
2022-03-28 23:00:00+00:00,22634
2022-03-29 00:00:00+00:00,21691
2022-03-29 01:00:00+00:00,21313
2022-03-29 02:00:00+00:00,21226
2022-03-29 03:00:00+00:00,21797
2022-03-29 04:00:00+00:00,24345
2022-03-29 05:00:00+00:00,28101
2022-03-29 06:00:00+00:00,30040
2022-03-29 07:00:00+00:00,30667
2022-03-29 08:00:00+00:00,31187
2022-03-29 09:00:00+00:00,31098
2022-03-29 10:00:00+00:00,31026
2022-03-29 11:00:00+00:00,31019
2022-03-29 12:00:00+00:00,30510
2022-03-29 13:00:00+00:00,29576
2022-03-29 14:00:00+00:00,28991
2022-03-29 15:00:00+00:00,28633
2022-03-29 16:00:00+00:00,27949
2022-03-29 17:00:00+00:00,28529
2022-03-29 18:00:00+00:00,30597
2022-03-29 19:00:00+00:00,31585
2022-03-29 20:00:00+00:00,28719
2022-03-29 21:00:00+00:00,25877
2022-03-29 22:00:00+00:00,24400
2022-03-29 23:00:00+00:00,22912
2022-03-30 00:00:00+00:00,21983
2022-03-30 01:00:00+00:00,21542
2022-03-30 02:00:00+00:00,21504
2022-03-30 03:00:00+00:00,22011
2022-03-30 04:00:00+00:00,24531
2022-03-30 05:00:00+00:00,28149
2022-03-30 06:00:00+00:00,30109
2022-03-30 07:00:00+00:00,30812
2022-03-30 08:00:00+00:00,31299
2022-03-30 09:00:00+00:00,31393
2022-03-30 10:00:00+00:00,31523
2022-03-30 11:00:00+00:00,31504
2022-03-30 12:00:00+00:00,30944
2022-03-30 13:00:00+00:00,30073
2022-03-30 14:00:00+00:00,29458
2022-03-30 15:00:00+00:00,29037
2022-03-30 16:00:00+00:00,28385
2022-03-30 17:00:00+00:00,28905
2022-03-30 18:00:00+00:00,30904
2022-03-30 19:00:00+00:00,31614
2022-03-30 20:00:00+00:00,28893
2022-03-30 21:00:00+00:00,26030
2022-03-30 22:00:00+00:00,24720
2022-03-30 23:00:00+00:00,23068
2022-03-31 00:00:00+00:00,22061
2022-03-31 01:00:00+00:00,21605
2022-03-31 02:00:00+00:00,21487
2022-03-31 03:00:00+00:00,22063
2022-03-31 04:00:00+00:00,24603
2022-03-31 05:00:00+00:00,28395
2022-03-31 06:00:00+00:00,30281
2022-03-31 07:00:00+00:00,30995
2022-03-31 08:00:00+00:00,31276
2022-03-31 09:00:00+00:00,31216
2022-03-31 10:00:00+00:00,31269
2022-03-31 11:00:00+00:00,31131
2022-03-31 12:00:00+00:00,30599
2022-03-31 13:00:00+00:00,29829
2022-03-31 14:00:00+00:00,29485
2022-03-31 15:00:00+00:00,29240
2022-03-31 16:00:00+00:00,28696
2022-03-31 17:00:00+00:00,29175
2022-03-31 18:00:00+00:00,30815
2022-03-31 19:00:00+00:00,31683
2022-03-31 20:00:00+00:00,29130
2022-03-31 21:00:00+00:00,26398
2022-03-31 22:00:00+00:00,24938
2022-03-31 23:00:00+00:00,23362
2022-04-01 00:00:00+00:00,22457
2022-04-01 01:00:00+00:00,22012
2022-04-01 02:00:00+00:00,21848
2022-04-01 03:00:00+00:00,22453
2022-04-01 04:00:00+00:00,24945
2022-04-01 05:00:00+00:00,28537
2022-04-01 06:00:00+00:00,30544
2022-04-01 07:00:00+00:00,31341
2022-04-01 08:00:00+00:00,31717
2022-04-01 09:00:00+00:00,31679
2022-04-01 10:00:00+00:00,31839
2022-04-01 11:00:00+00:00,31623
2022-04-01 12:00:00+00:00,30919
2022-04-01 13:00:00+00:00,29989
2022-04-01 14:00:00+00:00,29387
2022-04-01 15:00:00+00:00,29009
2022-04-01 16:00:00+00:00,28468
2022-04-01 17:00:00+00:00,28852
2022-04-01 18:00:00+00:00,30387
2022-04-01 19:00:00+00:00,31552
2022-04-01 20:00:00+00:00,29307
2022-04-01 21:00:00+00:00,26718
2022-04-01 22:00:00+00:00,25272
2022-04-01 23:00:00+00:00,23516
2022-04-02 00:00:00+00:00,22379
2022-04-02 01:00:00+00:00,21647
2022-04-02 02:00:00+00:00,21277
2022-04-02 03:00:00+00:00,21154
2022-04-02 04:00:00+00:00,21854
2022-04-02 05:00:00+00:00,23137
2022-04-02 06:00:00+00:00,24588
2022-04-02 07:00:00+00:00,26859
2022-04-02 08:00:00+00:00,28265
2022-04-02 09:00:00+00:00,28506
2022-04-02 10:00:00+00:00,28429
2022-04-02 11:00:00+00:00,28398
2022-04-02 12:00:00+00:00,27803
2022-04-02 13:00:00+00:00,26585
2022-04-02 14:00:00+00:00,25635
2022-04-02 15:00:00+00:00,25279
2022-04-02 16:00:00+00:00,25264
2022-04-02 17:00:00+00:00,25796
2022-04-02 18:00:00+00:00,27657
2022-04-02 19:00:00+00:00,29517
2022-04-02 20:00:00+00:00,27932
2022-04-02 21:00:00+00:00,25706
2022-04-02 22:00:00+00:00,23983
2022-04-02 23:00:00+00:00,22385
2022-04-03 00:00:00+00:00,21288
2022-04-03 01:00:00+00:00,20500
2022-04-03 02:00:00+00:00,20167
2022-04-03 03:00:00+00:00,20069
2022-04-03 04:00:00+00:00,20495
2022-04-03 05:00:00+00:00,20951
2022-04-03 06:00:00+00:00,21379
2022-04-03 07:00:00+00:00,23415
2022-04-03 08:00:00+00:00,25171
2022-04-03 09:00:00+00:00,25844
2022-04-03 10:00:00+00:00,26065
2022-04-03 11:00:00+00:00,26476
2022-04-03 12:00:00+00:00,26280
2022-04-03 13:00:00+00:00,24982
2022-04-03 14:00:00+00:00,24221
2022-04-03 15:00:00+00:00,23894
2022-04-03 16:00:00+00:00,24157
2022-04-03 17:00:00+00:00,25273
2022-04-03 18:00:00+00:00,27607
2022-04-03 19:00:00+00:00,29663
2022-04-03 20:00:00+00:00,28177
2022-04-03 21:00:00+00:00,25816
2022-04-03 22:00:00+00:00,23801
2022-04-03 23:00:00+00:00,22284
2022-04-04 00:00:00+00:00,21423
2022-04-04 01:00:00+00:00,21021
2022-04-04 02:00:00+00:00,21182
2022-04-04 03:00:00+00:00,21894
2022-04-04 04:00:00+00:00,24833
2022-04-04 05:00:00+00:00,28912
2022-04-04 06:00:00+00:00,31159
2022-04-04 07:00:00+00:00,32395
2022-04-04 08:00:00+00:00,32686
2022-04-04 09:00:00+00:00,32551
2022-04-04 10:00:00+00:00,32630
2022-04-04 11:00:00+00:00,32654
2022-04-04 12:00:00+00:00,32169
2022-04-04 13:00:00+00:00,31119
2022-04-04 14:00:00+00:00,30508
2022-04-04 15:00:00+00:00,30136
2022-04-04 16:00:00+00:00,29832
2022-04-04 17:00:00+00:00,30324
2022-04-04 18:00:00+00:00,32273
2022-04-04 19:00:00+00:00,33517
2022-04-04 20:00:00+00:00,30763
2022-04-04 21:00:00+00:00,27809
2022-04-04 22:00:00+00:00,26105
2022-04-04 23:00:00+00:00,24382
2022-04-05 00:00:00+00:00,23361
2022-04-05 01:00:00+00:00,22914
2022-04-05 02:00:00+00:00,22774
2022-04-05 03:00:00+00:00,23447
2022-04-05 04:00:00+00:00,26271
2022-04-05 05:00:00+00:00,30157
2022-04-05 06:00:00+00:00,32417
2022-04-05 07:00:00+00:00,33284
2022-04-05 08:00:00+00:00,33669
2022-04-05 09:00:00+00:00,33600
2022-04-05 10:00:00+00:00,33510
2022-04-05 11:00:00+00:00,33383
2022-04-05 12:00:00+00:00,33081
2022-04-05 13:00:00+00:00,32136
2022-04-05 14:00:00+00:00,31516
2022-04-05 15:00:00+00:00,31235
2022-04-05 16:00:00+00:00,30872
2022-04-05 17:00:00+00:00,31488
2022-04-05 18:00:00+00:00,33401
2022-04-05 19:00:00+00:00,34438
2022-04-05 20:00:00+00:00,31574
2022-04-05 21:00:00+00:00,28421
2022-04-05 22:00:00+00:00,26199
2022-04-05 23:00:00+00:00,24523
2022-04-06 00:00:00+00:00,23499
2022-04-06 01:00:00+00:00,23037
2022-04-06 02:00:00+00:00,23020
2022-04-06 03:00:00+00:00,23596
2022-04-06 04:00:00+00:00,26245
2022-04-06 05:00:00+00:00,30009
2022-04-06 06:00:00+00:00,32201
2022-04-06 07:00:00+00:00,33069
2022-04-06 08:00:00+00:00,33383
2022-04-06 09:00:00+00:00,33040
2022-04-06 10:00:00+00:00,33041
2022-04-06 11:00:00+00:00,32772
2022-04-06 12:00:00+00:00,32126
2022-04-06 13:00:00+00:00,31178
2022-04-06 14:00:00+00:00,30555
2022-04-06 15:00:00+00:00,30118
2022-04-06 16:00:00+00:00,29780
2022-04-06 17:00:00+00:00,30363
2022-04-06 18:00:00+00:00,32073
2022-04-06 19:00:00+00:00,33269
2022-04-06 20:00:00+00:00,30710
2022-04-06 21:00:00+00:00,27627
2022-04-06 22:00:00+00:00,25818
2022-04-06 23:00:00+00:00,24139
2022-04-07 00:00:00+00:00,23240
2022-04-07 01:00:00+00:00,22722
2022-04-07 02:00:00+00:00,22722
2022-04-07 03:00:00+00:00,23315
2022-04-07 04:00:00+00:00,25718
2022-04-07 05:00:00+00:00,29288
2022-04-07 06:00:00+00:00,31331
2022-04-07 07:00:00+00:00,32125
2022-04-07 08:00:00+00:00,32151
2022-04-07 09:00:00+00:00,31832
2022-04-07 10:00:00+00:00,31492
2022-04-07 11:00:00+00:00,31203
2022-04-07 12:00:00+00:00,30702
2022-04-07 13:00:00+00:00,29860
2022-04-07 14:00:00+00:00,29171
2022-04-07 15:00:00+00:00,28802
2022-04-07 16:00:00+00:00,28599
2022-04-07 17:00:00+00:00,28978
2022-04-07 18:00:00+00:00,30916
2022-04-07 19:00:00+00:00,32399
2022-04-07 20:00:00+00:00,29873
2022-04-07 21:00:00+00:00,27095
2022-04-07 22:00:00+00:00,25091
2022-04-07 23:00:00+00:00,23590
2022-04-08 00:00:00+00:00,22694
2022-04-08 01:00:00+00:00,22336
2022-04-08 02:00:00+00:00,22337
2022-04-08 03:00:00+00:00,22916
2022-04-08 04:00:00+00:00,25476
2022-04-08 05:00:00+00:00,29020
2022-04-08 06:00:00+00:00,30670
2022-04-08 07:00:00+00:00,31234
2022-04-08 08:00:00+00:00,31151
2022-04-08 09:00:00+00:00,30938
2022-04-08 10:00:00+00:00,30676
2022-04-08 11:00:00+00:00,30330
2022-04-08 12:00:00+00:00,29674
2022-04-08 13:00:00+00:00,28716
2022-04-08 14:00:00+00:00,28091
2022-04-08 15:00:00+00:00,27730
2022-04-08 16:00:00+00:00,27379
2022-04-08 17:00:00+00:00,27619
2022-04-08 18:00:00+00:00,29149
2022-04-08 19:00:00+00:00,30665
2022-04-08 20:00:00+00:00,28471
2022-04-08 21:00:00+00:00,26165
2022-04-08 22:00:00+00:00,24963
2022-04-08 23:00:00+00:00,23406
2022-04-09 00:00:00+00:00,22182
2022-04-09 01:00:00+00:00,21453
2022-04-09 02:00:00+00:00,21224
2022-04-09 03:00:00+00:00,21179
2022-04-09 04:00:00+00:00,21746
2022-04-09 05:00:00+00:00,22474
2022-04-09 06:00:00+00:00,23687
2022-04-09 07:00:00+00:00,25805
2022-04-09 08:00:00+00:00,26873
2022-04-09 09:00:00+00:00,26992
2022-04-09 10:00:00+00:00,26796
2022-04-09 11:00:00+00:00,26813
2022-04-09 12:00:00+00:00,26345
2022-04-09 13:00:00+00:00,25144
2022-04-09 14:00:00+00:00,24314
2022-04-09 15:00:00+00:00,23917
2022-04-09 16:00:00+00:00,23998
2022-04-09 17:00:00+00:00,24639
2022-04-09 18:00:00+00:00,26268
2022-04-09 19:00:00+00:00,27956
2022-04-09 20:00:00+00:00,26380
2022-04-09 21:00:00+00:00,24526
2022-04-09 22:00:00+00:00,22772
2022-04-09 23:00:00+00:00,21390
2022-04-10 00:00:00+00:00,20355
2022-04-10 01:00:00+00:00,19764
2022-04-10 02:00:00+00:00,19556
2022-04-10 03:00:00+00:00,19483
2022-04-10 04:00:00+00:00,19984
2022-04-10 05:00:00+00:00,20288
2022-04-10 06:00:00+00:00,20721
2022-04-10 07:00:00+00:00,22293
2022-04-10 08:00:00+00:00,23605
2022-04-10 09:00:00+00:00,23962
2022-04-10 10:00:00+00:00,23999
2022-04-10 11:00:00+00:00,24290
2022-04-10 12:00:00+00:00,24211
2022-04-10 13:00:00+00:00,22914
2022-04-10 14:00:00+00:00,22235
2022-04-10 15:00:00+00:00,21860
2022-04-10 16:00:00+00:00,22175
2022-04-10 17:00:00+00:00,23164
2022-04-10 18:00:00+00:00,25059
2022-04-10 19:00:00+00:00,27166
2022-04-10 20:00:00+00:00,26112
2022-04-10 21:00:00+00:00,24101
2022-04-10 22:00:00+00:00,22386
2022-04-10 23:00:00+00:00,21206
2022-04-11 00:00:00+00:00,20461
2022-04-11 01:00:00+00:00,20050
2022-04-11 02:00:00+00:00,20146
2022-04-11 03:00:00+00:00,20914
2022-04-11 04:00:00+00:00,23419
2022-04-11 05:00:00+00:00,26314
2022-04-11 06:00:00+00:00,27989
2022-04-11 07:00:00+00:00,29135
2022-04-11 08:00:00+00:00,29558
2022-04-11 09:00:00+00:00,29692
2022-04-11 10:00:00+00:00,29873
2022-04-11 11:00:00+00:00,29717
2022-04-11 12:00:00+00:00,29178
2022-04-11 13:00:00+00:00,28161
2022-04-11 14:00:00+00:00,27582
2022-04-11 15:00:00+00:00,27466
2022-04-11 16:00:00+00:00,27154
2022-04-11 17:00:00+00:00,27397
2022-04-11 18:00:00+00:00,28589
2022-04-11 19:00:00+00:00,29709
2022-04-11 20:00:00+00:00,27476
2022-04-11 21:00:00+00:00,25188
2022-04-11 22:00:00+00:00,24265
2022-04-11 23:00:00+00:00,22908
2022-04-12 00:00:00+00:00,21963
2022-04-12 01:00:00+00:00,21494
2022-04-12 02:00:00+00:00,21421
2022-04-12 03:00:00+00:00,21935
2022-04-12 04:00:00+00:00,24091
2022-04-12 05:00:00+00:00,26720
2022-04-12 06:00:00+00:00,28216
2022-04-12 07:00:00+00:00,29421
2022-04-12 08:00:00+00:00,29882
2022-04-12 09:00:00+00:00,30026
2022-04-12 10:00:00+00:00,30087
2022-04-12 11:00:00+00:00,30066
2022-04-12 12:00:00+00:00,29536
2022-04-12 13:00:00+00:00,28555
2022-04-12 14:00:00+00:00,28007
2022-04-12 15:00:00+00:00,27798
2022-04-12 16:00:00+00:00,27469
2022-04-12 17:00:00+00:00,27732
2022-04-12 18:00:00+00:00,29098
2022-04-12 19:00:00+00:00,30226
2022-04-12 20:00:00+00:00,28083
2022-04-12 21:00:00+00:00,25706
2022-04-12 22:00:00+00:00,24516
2022-04-12 23:00:00+00:00,22999
2022-04-13 00:00:00+00:00,22122
2022-04-13 01:00:00+00:00,21601
2022-04-13 02:00:00+00:00,21467
2022-04-13 03:00:00+00:00,21847
2022-04-13 04:00:00+00:00,23880
2022-04-13 05:00:00+00:00,26358
2022-04-13 06:00:00+00:00,27968
2022-04-13 07:00:00+00:00,29178
2022-04-13 08:00:00+00:00,29651
2022-04-13 09:00:00+00:00,29641
2022-04-13 10:00:00+00:00,29674
2022-04-13 11:00:00+00:00,29475
2022-04-13 12:00:00+00:00,28893
2022-04-13 13:00:00+00:00,27973
2022-04-13 14:00:00+00:00,27416
2022-04-13 15:00:00+00:00,27094
2022-04-13 16:00:00+00:00,26763
2022-04-13 17:00:00+00:00,27089
2022-04-13 18:00:00+00:00,28362
2022-04-13 19:00:00+00:00,29473
2022-04-13 20:00:00+00:00,27453
2022-04-13 21:00:00+00:00,25360
2022-04-13 22:00:00+00:00,23863
2022-04-13 23:00:00+00:00,22370
2022-04-14 00:00:00+00:00,21282
2022-04-14 01:00:00+00:00,20599
2022-04-14 02:00:00+00:00,20324
2022-04-14 03:00:00+00:00,20330
2022-04-14 04:00:00+00:00,21253
2022-04-14 05:00:00+00:00,22108
2022-04-14 06:00:00+00:00,22593
2022-04-14 07:00:00+00:00,23865
2022-04-14 08:00:00+00:00,24680
2022-04-14 09:00:00+00:00,25029
2022-04-14 10:00:00+00:00,25053
2022-04-14 11:00:00+00:00,25153
2022-04-14 12:00:00+00:00,24975
2022-04-14 13:00:00+00:00,23744
2022-04-14 14:00:00+00:00,22894
2022-04-14 15:00:00+00:00,22441
2022-04-14 16:00:00+00:00,22359
2022-04-14 17:00:00+00:00,22930
2022-04-14 18:00:00+00:00,24480
2022-04-14 19:00:00+00:00,25994
2022-04-14 20:00:00+00:00,24885
2022-04-14 21:00:00+00:00,23390
2022-04-14 22:00:00+00:00,22014
2022-04-14 23:00:00+00:00,20602
2022-04-15 00:00:00+00:00,19465
2022-04-15 01:00:00+00:00,18839
2022-04-15 02:00:00+00:00,18595
2022-04-15 03:00:00+00:00,18535
2022-04-15 04:00:00+00:00,19047
2022-04-15 05:00:00+00:00,19249
2022-04-15 06:00:00+00:00,19403
2022-04-15 07:00:00+00:00,20705
2022-04-15 08:00:00+00:00,21738
2022-04-15 09:00:00+00:00,22125
2022-04-15 10:00:00+00:00,22089
2022-04-15 11:00:00+00:00,22247
2022-04-15 12:00:00+00:00,22285
2022-04-15 13:00:00+00:00,21298
2022-04-15 14:00:00+00:00,20638
2022-04-15 15:00:00+00:00,20360
2022-04-15 16:00:00+00:00,20511
2022-04-15 17:00:00+00:00,21063
2022-04-15 18:00:00+00:00,22550
2022-04-15 19:00:00+00:00,24399
2022-04-15 20:00:00+00:00,23719
2022-04-15 21:00:00+00:00,22371
2022-04-15 22:00:00+00:00,20997
2022-04-15 23:00:00+00:00,19747
2022-04-16 00:00:00+00:00,18740
2022-04-16 01:00:00+00:00,18129
2022-04-16 02:00:00+00:00,17924
2022-04-16 03:00:00+00:00,17971
2022-04-16 04:00:00+00:00,18417
2022-04-16 05:00:00+00:00,18899
2022-04-16 06:00:00+00:00,20091
2022-04-16 07:00:00+00:00,22042
2022-04-16 08:00:00+00:00,23317
2022-04-16 09:00:00+00:00,23583
2022-04-16 10:00:00+00:00,23566
2022-04-16 11:00:00+00:00,23760
2022-04-16 12:00:00+00:00,23538
2022-04-16 13:00:00+00:00,22593
2022-04-16 14:00:00+00:00,22091
2022-04-16 15:00:00+00:00,21877
2022-04-16 16:00:00+00:00,21765
2022-04-16 17:00:00+00:00,22097
2022-04-16 18:00:00+00:00,23258
2022-04-16 19:00:00+00:00,25180
2022-04-16 20:00:00+00:00,24123
2022-04-16 21:00:00+00:00,22498
2022-04-16 22:00:00+00:00,21046
2022-04-16 23:00:00+00:00,19781
2022-04-17 00:00:00+00:00,18820
2022-04-17 01:00:00+00:00,18246
2022-04-17 02:00:00+00:00,17945
2022-04-17 03:00:00+00:00,17882
2022-04-17 04:00:00+00:00,18190
2022-04-17 05:00:00+00:00,18279
2022-04-17 06:00:00+00:00,18765
2022-04-17 07:00:00+00:00,20341
2022-04-17 08:00:00+00:00,21551
2022-04-17 09:00:00+00:00,22180
2022-04-17 10:00:00+00:00,22294
2022-04-17 11:00:00+00:00,22484
2022-04-17 12:00:00+00:00,22306
2022-04-17 13:00:00+00:00,21205
2022-04-17 14:00:00+00:00,20688
2022-04-17 15:00:00+00:00,20419
2022-04-17 16:00:00+00:00,20693
2022-04-17 17:00:00+00:00,21284
2022-04-17 18:00:00+00:00,22886
2022-04-17 19:00:00+00:00,24891
2022-04-17 20:00:00+00:00,23725
2022-04-17 21:00:00+00:00,22075
2022-04-17 22:00:00+00:00,20500
2022-04-17 23:00:00+00:00,19315
2022-04-18 00:00:00+00:00,18517
2022-04-18 01:00:00+00:00,18083
2022-04-18 02:00:00+00:00,17942
2022-04-18 03:00:00+00:00,18309
2022-04-18 04:00:00+00:00,19793
2022-04-18 05:00:00+00:00,21398
2022-04-18 06:00:00+00:00,22573
2022-04-18 07:00:00+00:00,23831
2022-04-18 08:00:00+00:00,24606
2022-04-18 09:00:00+00:00,24970
2022-04-18 10:00:00+00:00,25075
2022-04-18 11:00:00+00:00,25269
2022-04-18 12:00:00+00:00,24878
2022-04-18 13:00:00+00:00,23867
2022-04-18 14:00:00+00:00,23390
2022-04-18 15:00:00+00:00,23318
2022-04-18 16:00:00+00:00,23315
2022-04-18 17:00:00+00:00,23911
2022-04-18 18:00:00+00:00,25286
2022-04-18 19:00:00+00:00,26860
2022-04-18 20:00:00+00:00,25134
2022-04-18 21:00:00+00:00,22991
2022-04-18 22:00:00+00:00,21725
2022-04-18 23:00:00+00:00,20526
2022-04-19 00:00:00+00:00,19705
2022-04-19 01:00:00+00:00,19290
2022-04-19 02:00:00+00:00,19371
2022-04-19 03:00:00+00:00,20049
2022-04-19 04:00:00+00:00,22477
2022-04-19 05:00:00+00:00,25452
2022-04-19 06:00:00+00:00,27567
2022-04-19 07:00:00+00:00,28564
2022-04-19 08:00:00+00:00,28980
2022-04-19 09:00:00+00:00,29233
2022-04-19 10:00:00+00:00,29492
2022-04-19 11:00:00+00:00,29468
2022-04-19 12:00:00+00:00,28764
2022-04-19 13:00:00+00:00,27890
2022-04-19 14:00:00+00:00,27620
2022-04-19 15:00:00+00:00,27547
2022-04-19 16:00:00+00:00,27441
2022-04-19 17:00:00+00:00,27590
2022-04-19 18:00:00+00:00,28865
2022-04-19 19:00:00+00:00,29958
2022-04-19 20:00:00+00:00,27445
2022-04-19 21:00:00+00:00,25043
2022-04-19 22:00:00+00:00,23494
2022-04-19 23:00:00+00:00,22256
2022-04-20 00:00:00+00:00,21432
2022-04-20 01:00:00+00:00,20999
2022-04-20 02:00:00+00:00,20986
2022-04-20 03:00:00+00:00,21524
2022-04-20 04:00:00+00:00,23677
2022-04-20 05:00:00+00:00,26358
2022-04-20 06:00:00+00:00,28279
2022-04-20 07:00:00+00:00,29293
2022-04-20 08:00:00+00:00,29736
2022-04-20 09:00:00+00:00,29836
2022-04-20 10:00:00+00:00,29990
2022-04-20 11:00:00+00:00,30097
2022-04-20 12:00:00+00:00,29548
2022-04-20 13:00:00+00:00,28645
2022-04-20 14:00:00+00:00,28210
2022-04-20 15:00:00+00:00,27965
2022-04-20 16:00:00+00:00,27632
2022-04-20 17:00:00+00:00,28014
2022-04-20 18:00:00+00:00,29064
2022-04-20 19:00:00+00:00,30092
2022-04-20 20:00:00+00:00,27890
2022-04-20 21:00:00+00:00,25508
2022-04-20 22:00:00+00:00,23999
2022-04-20 23:00:00+00:00,22698
2022-04-21 00:00:00+00:00,21735
2022-04-21 01:00:00+00:00,21534
2022-04-21 02:00:00+00:00,21529
2022-04-21 03:00:00+00:00,22029
2022-04-21 04:00:00+00:00,24197
2022-04-21 05:00:00+00:00,26941
2022-04-21 06:00:00+00:00,29038
2022-04-21 07:00:00+00:00,30092
2022-04-21 08:00:00+00:00,30398
2022-04-21 09:00:00+00:00,30367
2022-04-21 10:00:00+00:00,30363
2022-04-21 11:00:00+00:00,30323
2022-04-21 12:00:00+00:00,29628
2022-04-21 13:00:00+00:00,28844
2022-04-21 14:00:00+00:00,28436
2022-04-21 15:00:00+00:00,28234
2022-04-21 16:00:00+00:00,27995
2022-04-21 17:00:00+00:00,28447
2022-04-21 18:00:00+00:00,29450
2022-04-21 19:00:00+00:00,30720
2022-04-21 20:00:00+00:00,28580
2022-04-21 21:00:00+00:00,25970
2022-04-21 22:00:00+00:00,24436
2022-04-21 23:00:00+00:00,23054
2022-04-22 00:00:00+00:00,22166
2022-04-22 01:00:00+00:00,21683
2022-04-22 02:00:00+00:00,21655
2022-04-22 03:00:00+00:00,22264
2022-04-22 04:00:00+00:00,24474
2022-04-22 05:00:00+00:00,27247
2022-04-22 06:00:00+00:00,29269
2022-04-22 07:00:00+00:00,30213
2022-04-22 08:00:00+00:00,30640
2022-04-22 09:00:00+00:00,30617
2022-04-22 10:00:00+00:00,30649
2022-04-22 11:00:00+00:00,30490
2022-04-22 12:00:00+00:00,29866
2022-04-22 13:00:00+00:00,28903
2022-04-22 14:00:00+00:00,28414
2022-04-22 15:00:00+00:00,28051
2022-04-22 16:00:00+00:00,27580
2022-04-22 17:00:00+00:00,27852
2022-04-22 18:00:00+00:00,28706
2022-04-22 19:00:00+00:00,30026
2022-04-22 20:00:00+00:00,28210
2022-04-22 21:00:00+00:00,25957
2022-04-22 22:00:00+00:00,24678
2022-04-22 23:00:00+00:00,23132
2022-04-23 00:00:00+00:00,22040
2022-04-23 01:00:00+00:00,21310
2022-04-23 02:00:00+00:00,21037
2022-04-23 03:00:00+00:00,20941
2022-04-23 04:00:00+00:00,21395
2022-04-23 05:00:00+00:00,22043
2022-04-23 06:00:00+00:00,23323
2022-04-23 07:00:00+00:00,25343
2022-04-23 08:00:00+00:00,26672
2022-04-23 09:00:00+00:00,26964
2022-04-23 10:00:00+00:00,27055
2022-04-23 11:00:00+00:00,27260
2022-04-23 12:00:00+00:00,26785
2022-04-23 13:00:00+00:00,25490
2022-04-23 14:00:00+00:00,24684
2022-04-23 15:00:00+00:00,24316
2022-04-23 16:00:00+00:00,24300
2022-04-23 17:00:00+00:00,24881
2022-04-23 18:00:00+00:00,25963
2022-04-23 19:00:00+00:00,27853
2022-04-23 20:00:00+00:00,26648
2022-04-23 21:00:00+00:00,24669
2022-04-23 22:00:00+00:00,22699
2022-04-23 23:00:00+00:00,21201
2022-04-24 00:00:00+00:00,20186
2022-04-24 01:00:00+00:00,19542
2022-04-24 02:00:00+00:00,19257
2022-04-24 03:00:00+00:00,19125
2022-04-24 04:00:00+00:00,19486
2022-04-24 05:00:00+00:00,19696
2022-04-24 06:00:00+00:00,20437
2022-04-24 07:00:00+00:00,21997
2022-04-24 08:00:00+00:00,23333
2022-04-24 09:00:00+00:00,23833
2022-04-24 10:00:00+00:00,23989
2022-04-24 11:00:00+00:00,24370
2022-04-24 12:00:00+00:00,24318
2022-04-24 13:00:00+00:00,23142
2022-04-24 14:00:00+00:00,22416
2022-04-24 15:00:00+00:00,22128
2022-04-24 16:00:00+00:00,22342
2022-04-24 17:00:00+00:00,23291
2022-04-24 18:00:00+00:00,25016
2022-04-24 19:00:00+00:00,26984
2022-04-24 20:00:00+00:00,26034
2022-04-24 21:00:00+00:00,23989
2022-04-24 22:00:00+00:00,22236
2022-04-24 23:00:00+00:00,20974
2022-04-25 00:00:00+00:00,20126
2022-04-25 01:00:00+00:00,19735
2022-04-25 02:00:00+00:00,19857
2022-04-25 03:00:00+00:00,20642
2022-04-25 04:00:00+00:00,23220
2022-04-25 05:00:00+00:00,26148
2022-04-25 06:00:00+00:00,28237
2022-04-25 07:00:00+00:00,29174
2022-04-25 08:00:00+00:00,29417
2022-04-25 09:00:00+00:00,29281
2022-04-25 10:00:00+00:00,29289
2022-04-25 11:00:00+00:00,29260
2022-04-25 12:00:00+00:00,28716
2022-04-25 13:00:00+00:00,27934
2022-04-25 14:00:00+00:00,27531
2022-04-25 15:00:00+00:00,27317
2022-04-25 16:00:00+00:00,27093
2022-04-25 17:00:00+00:00,27388
2022-04-25 18:00:00+00:00,28779
2022-04-25 19:00:00+00:00,30227
2022-04-25 20:00:00+00:00,28145
2022-04-25 21:00:00+00:00,25594
2022-04-25 22:00:00+00:00,24004
2022-04-25 23:00:00+00:00,22662
2022-04-26 00:00:00+00:00,21766
2022-04-26 01:00:00+00:00,21351
2022-04-26 02:00:00+00:00,21367
2022-04-26 03:00:00+00:00,21985
2022-04-26 04:00:00+00:00,24249
2022-04-26 05:00:00+00:00,26976
2022-04-26 06:00:00+00:00,28626
2022-04-26 07:00:00+00:00,29304
2022-04-26 08:00:00+00:00,29512
2022-04-26 09:00:00+00:00,29338
2022-04-26 10:00:00+00:00,29452
2022-04-26 11:00:00+00:00,29313
2022-04-26 12:00:00+00:00,28801
2022-04-26 13:00:00+00:00,28101
2022-04-26 14:00:00+00:00,27591
2022-04-26 15:00:00+00:00,27316
2022-04-26 16:00:00+00:00,27018
2022-04-26 17:00:00+00:00,27456
2022-04-26 18:00:00+00:00,28695
2022-04-26 19:00:00+00:00,30118
2022-04-26 20:00:00+00:00,28085
2022-04-26 21:00:00+00:00,25529
2022-04-26 22:00:00+00:00,24131
2022-04-26 23:00:00+00:00,22809
2022-04-27 00:00:00+00:00,21997
2022-04-27 01:00:00+00:00,21486
2022-04-27 02:00:00+00:00,21446
2022-04-27 03:00:00+00:00,22037
2022-04-27 04:00:00+00:00,24458
2022-04-27 05:00:00+00:00,27334
2022-04-27 06:00:00+00:00,29071
2022-04-27 07:00:00+00:00,29767
2022-04-27 08:00:00+00:00,29949
2022-04-27 09:00:00+00:00,29991
2022-04-27 10:00:00+00:00,30132
2022-04-27 11:00:00+00:00,30004
2022-04-27 12:00:00+00:00,29363
2022-04-27 13:00:00+00:00,28538
2022-04-27 14:00:00+00:00,28079
2022-04-27 15:00:00+00:00,27810
2022-04-27 16:00:00+00:00,27553
2022-04-27 17:00:00+00:00,27970
2022-04-27 18:00:00+00:00,29252
2022-04-27 19:00:00+00:00,30467
2022-04-27 20:00:00+00:00,28209
2022-04-27 21:00:00+00:00,25734
2022-04-27 22:00:00+00:00,24233
2022-04-27 23:00:00+00:00,22905
2022-04-28 00:00:00+00:00,22078
2022-04-28 01:00:00+00:00,21615
2022-04-28 02:00:00+00:00,21565
2022-04-28 03:00:00+00:00,22095
2022-04-28 04:00:00+00:00,24343
2022-04-28 05:00:00+00:00,27151
2022-04-28 06:00:00+00:00,28883
2022-04-28 07:00:00+00:00,29570
2022-04-28 08:00:00+00:00,29672
2022-04-28 09:00:00+00:00,29626
2022-04-28 10:00:00+00:00,29793
2022-04-28 11:00:00+00:00,29739
2022-04-28 12:00:00+00:00,29225
2022-04-28 13:00:00+00:00,28570
2022-04-28 14:00:00+00:00,28085
2022-04-28 15:00:00+00:00,27857
2022-04-28 16:00:00+00:00,27607
2022-04-28 17:00:00+00:00,27873
2022-04-28 18:00:00+00:00,28975
2022-04-28 19:00:00+00:00,30305
2022-04-28 20:00:00+00:00,28225
2022-04-28 21:00:00+00:00,25862
2022-04-28 22:00:00+00:00,24374
2022-04-28 23:00:00+00:00,22969
2022-04-29 00:00:00+00:00,22092
2022-04-29 01:00:00+00:00,21657
2022-04-29 02:00:00+00:00,21602
2022-04-29 03:00:00+00:00,22132
2022-04-29 04:00:00+00:00,24329
2022-04-29 05:00:00+00:00,26963
2022-04-29 06:00:00+00:00,28755
2022-04-29 07:00:00+00:00,29447
2022-04-29 08:00:00+00:00,29588
2022-04-29 09:00:00+00:00,29480
2022-04-29 10:00:00+00:00,29626
2022-04-29 11:00:00+00:00,29506
2022-04-29 12:00:00+00:00,28848
2022-04-29 13:00:00+00:00,27899
2022-04-29 14:00:00+00:00,27356
2022-04-29 15:00:00+00:00,27071
2022-04-29 16:00:00+00:00,26859
2022-04-29 17:00:00+00:00,27244
2022-04-29 18:00:00+00:00,28208
2022-04-29 19:00:00+00:00,29468
2022-04-29 20:00:00+00:00,27579
2022-04-29 21:00:00+00:00,25471
2022-04-29 22:00:00+00:00,23980
2022-04-29 23:00:00+00:00,22551
2022-04-30 00:00:00+00:00,21435
2022-04-30 01:00:00+00:00,20875
2022-04-30 02:00:00+00:00,20571
2022-04-30 03:00:00+00:00,20472
2022-04-30 04:00:00+00:00,20939
2022-04-30 05:00:00+00:00,21414
2022-04-30 06:00:00+00:00,22555
2022-04-30 07:00:00+00:00,24398
2022-04-30 08:00:00+00:00,25437
2022-04-30 09:00:00+00:00,25529
2022-04-30 10:00:00+00:00,25542
2022-04-30 11:00:00+00:00,25621
2022-04-30 12:00:00+00:00,25206
2022-04-30 13:00:00+00:00,24071
2022-04-30 14:00:00+00:00,23254
2022-04-30 15:00:00+00:00,22902
2022-04-30 16:00:00+00:00,22971
2022-04-30 17:00:00+00:00,23553
2022-04-30 18:00:00+00:00,24514
2022-04-30 19:00:00+00:00,26315
2022-04-30 20:00:00+00:00,25158
2022-04-30 21:00:00+00:00,23386
2022-04-30 22:00:00+00:00,21818
2022-04-30 23:00:00+00:00,20490
2022-05-01 00:00:00+00:00,19429
2022-05-01 01:00:00+00:00,18753
2022-05-01 02:00:00+00:00,18466
2022-05-01 03:00:00+00:00,18325
2022-05-01 04:00:00+00:00,18262
2022-05-01 05:00:00+00:00,18043
2022-05-01 06:00:00+00:00,18717
2022-05-01 07:00:00+00:00,20281
2022-05-01 08:00:00+00:00,21387
2022-05-01 09:00:00+00:00,21774
2022-05-01 10:00:00+00:00,21980
2022-05-01 11:00:00+00:00,22276
2022-05-01 12:00:00+00:00,22054
2022-05-01 13:00:00+00:00,21012
2022-05-01 14:00:00+00:00,20252
2022-05-01 15:00:00+00:00,19995
2022-05-01 16:00:00+00:00,20072
2022-05-01 17:00:00+00:00,20634
2022-05-01 18:00:00+00:00,22102
2022-05-01 19:00:00+00:00,24237
2022-05-01 20:00:00+00:00,23770
2022-05-01 21:00:00+00:00,22037
2022-05-01 22:00:00+00:00,20812
2022-05-01 23:00:00+00:00,19721
2022-05-02 00:00:00+00:00,19018
2022-05-02 01:00:00+00:00,18611
2022-05-02 02:00:00+00:00,18544
2022-05-02 03:00:00+00:00,19140
2022-05-02 04:00:00+00:00,20905
2022-05-02 05:00:00+00:00,22340
2022-05-02 06:00:00+00:00,23612
2022-05-02 07:00:00+00:00,24610
2022-05-02 08:00:00+00:00,25320
2022-05-02 09:00:00+00:00,25685
2022-05-02 10:00:00+00:00,25968
2022-05-02 11:00:00+00:00,26049
2022-05-02 12:00:00+00:00,25701
2022-05-02 13:00:00+00:00,24975
2022-05-02 14:00:00+00:00,24532
2022-05-02 15:00:00+00:00,24353
2022-05-02 16:00:00+00:00,24361
2022-05-02 17:00:00+00:00,24759
2022-05-02 18:00:00+00:00,25988
2022-05-02 19:00:00+00:00,27090
2022-05-02 20:00:00+00:00,25847
2022-05-02 21:00:00+00:00,23707
2022-05-02 22:00:00+00:00,22519
2022-05-02 23:00:00+00:00,21386
2022-05-03 00:00:00+00:00,20786
2022-05-03 01:00:00+00:00,20510
2022-05-03 02:00:00+00:00,20514
2022-05-03 03:00:00+00:00,21166
2022-05-03 04:00:00+00:00,23518
2022-05-03 05:00:00+00:00,26299
2022-05-03 06:00:00+00:00,28449
2022-05-03 07:00:00+00:00,29231
2022-05-03 08:00:00+00:00,29607
2022-05-03 09:00:00+00:00,29685
2022-05-03 10:00:00+00:00,29849
2022-05-03 11:00:00+00:00,29853
2022-05-03 12:00:00+00:00,29230
2022-05-03 13:00:00+00:00,28531
2022-05-03 14:00:00+00:00,28205
2022-05-03 15:00:00+00:00,28016
2022-05-03 16:00:00+00:00,27819
2022-05-03 17:00:00+00:00,28216
2022-05-03 18:00:00+00:00,29188
2022-05-03 19:00:00+00:00,29597
2022-05-03 20:00:00+00:00,27560
2022-05-03 21:00:00+00:00,25157
2022-05-03 22:00:00+00:00,23692
2022-05-03 23:00:00+00:00,22412
2022-05-04 00:00:00+00:00,21554
2022-05-04 01:00:00+00:00,21161
2022-05-04 02:00:00+00:00,21181
2022-05-04 03:00:00+00:00,21748
2022-05-04 04:00:00+00:00,23990
2022-05-04 05:00:00+00:00,26683
2022-05-04 06:00:00+00:00,28626
2022-05-04 07:00:00+00:00,29434
2022-05-04 08:00:00+00:00,29582
2022-05-04 09:00:00+00:00,29619
2022-05-04 10:00:00+00:00,29743
2022-05-04 11:00:00+00:00,29782
2022-05-04 12:00:00+00:00,29384
2022-05-04 13:00:00+00:00,28746
2022-05-04 14:00:00+00:00,28345
2022-05-04 15:00:00+00:00,28184
2022-05-04 16:00:00+00:00,28091
2022-05-04 17:00:00+00:00,28336
2022-05-04 18:00:00+00:00,29040
2022-05-04 19:00:00+00:00,29897
2022-05-04 20:00:00+00:00,27862
2022-05-04 21:00:00+00:00,25347
2022-05-04 22:00:00+00:00,23870
2022-05-04 23:00:00+00:00,22580
2022-05-05 00:00:00+00:00,21659
2022-05-05 01:00:00+00:00,21319
2022-05-05 02:00:00+00:00,21318
2022-05-05 03:00:00+00:00,21892
2022-05-05 04:00:00+00:00,24120
2022-05-05 05:00:00+00:00,26670
2022-05-05 06:00:00+00:00,28655
2022-05-05 07:00:00+00:00,29276
2022-05-05 08:00:00+00:00,29308
2022-05-05 09:00:00+00:00,29259
2022-05-05 10:00:00+00:00,29404
2022-05-05 11:00:00+00:00,29390
2022-05-05 12:00:00+00:00,28921
2022-05-05 13:00:00+00:00,28255
2022-05-05 14:00:00+00:00,27876
2022-05-05 15:00:00+00:00,27614
2022-05-05 16:00:00+00:00,27451
2022-05-05 17:00:00+00:00,27808
2022-05-05 18:00:00+00:00,28786
2022-05-05 19:00:00+00:00,29712
2022-05-05 20:00:00+00:00,27866
2022-05-05 21:00:00+00:00,25452
2022-05-05 22:00:00+00:00,24084
2022-05-05 23:00:00+00:00,22759
2022-05-06 00:00:00+00:00,21840
2022-05-06 01:00:00+00:00,21371
2022-05-06 02:00:00+00:00,21367
2022-05-06 03:00:00+00:00,21957
2022-05-06 04:00:00+00:00,24159
2022-05-06 05:00:00+00:00,26632
2022-05-06 06:00:00+00:00,28318
2022-05-06 07:00:00+00:00,29011
2022-05-06 08:00:00+00:00,29089
2022-05-06 09:00:00+00:00,29081
2022-05-06 10:00:00+00:00,29175
2022-05-06 11:00:00+00:00,29173
2022-05-06 12:00:00+00:00,28682
2022-05-06 13:00:00+00:00,27884
2022-05-06 14:00:00+00:00,27385
2022-05-06 15:00:00+00:00,27062
2022-05-06 16:00:00+00:00,26897
2022-05-06 17:00:00+00:00,27099
2022-05-06 18:00:00+00:00,27580
2022-05-06 19:00:00+00:00,28817
2022-05-06 20:00:00+00:00,27249
2022-05-06 21:00:00+00:00,25114
2022-05-06 22:00:00+00:00,23546
2022-05-06 23:00:00+00:00,22207
2022-05-07 00:00:00+00:00,21078
2022-05-07 01:00:00+00:00,20435
2022-05-07 02:00:00+00:00,20127
2022-05-07 03:00:00+00:00,20018
2022-05-07 04:00:00+00:00,20457
2022-05-07 05:00:00+00:00,20722
2022-05-07 06:00:00+00:00,22130
2022-05-07 07:00:00+00:00,24029
2022-05-07 08:00:00+00:00,25100
2022-05-07 09:00:00+00:00,25275
2022-05-07 10:00:00+00:00,25333
2022-05-07 11:00:00+00:00,25428
2022-05-07 12:00:00+00:00,25028
2022-05-07 13:00:00+00:00,23944
2022-05-07 14:00:00+00:00,23250
2022-05-07 15:00:00+00:00,22910
2022-05-07 16:00:00+00:00,22837
2022-05-07 17:00:00+00:00,23155
2022-05-07 18:00:00+00:00,23873
2022-05-07 19:00:00+00:00,25636
2022-05-07 20:00:00+00:00,24833
2022-05-07 21:00:00+00:00,23016
2022-05-07 22:00:00+00:00,21523
2022-05-07 23:00:00+00:00,20283
2022-05-08 00:00:00+00:00,19364
2022-05-08 01:00:00+00:00,18744
2022-05-08 02:00:00+00:00,18447
2022-05-08 03:00:00+00:00,18481
2022-05-08 04:00:00+00:00,18803
2022-05-08 05:00:00+00:00,18666
2022-05-08 06:00:00+00:00,19546
2022-05-08 07:00:00+00:00,21066
2022-05-08 08:00:00+00:00,22367
2022-05-08 09:00:00+00:00,22945
2022-05-08 10:00:00+00:00,23055
2022-05-08 11:00:00+00:00,23454
2022-05-08 12:00:00+00:00,23459
2022-05-08 13:00:00+00:00,22397
2022-05-08 14:00:00+00:00,21710
2022-05-08 15:00:00+00:00,21567
2022-05-08 16:00:00+00:00,21889
2022-05-08 17:00:00+00:00,22474
2022-05-08 18:00:00+00:00,23644
2022-05-08 19:00:00+00:00,25352
2022-05-08 20:00:00+00:00,24853
2022-05-08 21:00:00+00:00,22986
2022-05-08 22:00:00+00:00,21378
2022-05-08 23:00:00+00:00,20179
2022-05-09 00:00:00+00:00,19501
2022-05-09 01:00:00+00:00,19204
2022-05-09 02:00:00+00:00,19257
2022-05-09 03:00:00+00:00,20056
2022-05-09 04:00:00+00:00,22553
2022-05-09 05:00:00+00:00,25167
2022-05-09 06:00:00+00:00,27357
2022-05-09 07:00:00+00:00,28312
2022-05-09 08:00:00+00:00,28689
2022-05-09 09:00:00+00:00,28867
2022-05-09 10:00:00+00:00,29219
2022-05-09 11:00:00+00:00,29431
2022-05-09 12:00:00+00:00,29054
2022-05-09 13:00:00+00:00,28364
2022-05-09 14:00:00+00:00,27984
2022-05-09 15:00:00+00:00,27985
2022-05-09 16:00:00+00:00,27762
2022-05-09 17:00:00+00:00,27906
2022-05-09 18:00:00+00:00,28362
2022-05-09 19:00:00+00:00,29261
2022-05-09 20:00:00+00:00,27526
2022-05-09 21:00:00+00:00,25005
2022-05-09 22:00:00+00:00,23518
2022-05-09 23:00:00+00:00,22308
2022-05-10 00:00:00+00:00,21502
2022-05-10 01:00:00+00:00,21189
2022-05-10 02:00:00+00:00,21178
2022-05-10 03:00:00+00:00,21760
2022-05-10 04:00:00+00:00,24121
2022-05-10 05:00:00+00:00,26495
2022-05-10 06:00:00+00:00,28236
2022-05-10 07:00:00+00:00,28775
2022-05-10 08:00:00+00:00,28860
2022-05-10 09:00:00+00:00,28994
2022-05-10 10:00:00+00:00,29493
2022-05-10 11:00:00+00:00,29750
2022-05-10 12:00:00+00:00,29489
2022-05-10 13:00:00+00:00,28835
2022-05-10 14:00:00+00:00,28491
2022-05-10 15:00:00+00:00,28398
2022-05-10 16:00:00+00:00,28202
2022-05-10 17:00:00+00:00,28523
2022-05-10 18:00:00+00:00,29094
2022-05-10 19:00:00+00:00,29824
2022-05-10 20:00:00+00:00,28028
2022-05-10 21:00:00+00:00,25442
2022-05-10 22:00:00+00:00,24242
2022-05-10 23:00:00+00:00,22855
2022-05-11 00:00:00+00:00,21905
2022-05-11 01:00:00+00:00,21489
2022-05-11 02:00:00+00:00,21375
2022-05-11 03:00:00+00:00,21898
2022-05-11 04:00:00+00:00,24164
2022-05-11 05:00:00+00:00,26577
2022-05-11 06:00:00+00:00,28471
2022-05-11 07:00:00+00:00,29134
2022-05-11 08:00:00+00:00,29439
2022-05-11 09:00:00+00:00,29807
2022-05-11 10:00:00+00:00,30137
2022-05-11 11:00:00+00:00,30290
2022-05-11 12:00:00+00:00,29807
2022-05-11 13:00:00+00:00,29038
2022-05-11 14:00:00+00:00,28661
2022-05-11 15:00:00+00:00,28628
2022-05-11 16:00:00+00:00,28270
2022-05-11 17:00:00+00:00,28598
2022-05-11 18:00:00+00:00,29010
2022-05-11 19:00:00+00:00,29693
2022-05-11 20:00:00+00:00,28144
2022-05-11 21:00:00+00:00,25720
2022-05-11 22:00:00+00:00,24163
2022-05-11 23:00:00+00:00,22752
2022-05-12 00:00:00+00:00,21898
2022-05-12 01:00:00+00:00,21540
2022-05-12 02:00:00+00:00,21450
2022-05-12 03:00:00+00:00,21924
2022-05-12 04:00:00+00:00,24091
2022-05-12 05:00:00+00:00,26401
2022-05-12 06:00:00+00:00,27695
2022-05-12 07:00:00+00:00,28068
2022-05-12 08:00:00+00:00,28301
2022-05-12 09:00:00+00:00,28625
2022-05-12 10:00:00+00:00,29439
2022-05-12 11:00:00+00:00,29690
2022-05-12 12:00:00+00:00,29306
2022-05-12 13:00:00+00:00,28622
2022-05-12 14:00:00+00:00,28309
2022-05-12 15:00:00+00:00,28232
2022-05-12 16:00:00+00:00,27939
2022-05-12 17:00:00+00:00,27940
2022-05-12 18:00:00+00:00,28402
2022-05-12 19:00:00+00:00,29525
2022-05-12 20:00:00+00:00,27842
2022-05-12 21:00:00+00:00,25327
2022-05-12 22:00:00+00:00,24252
2022-05-12 23:00:00+00:00,22966
2022-05-13 00:00:00+00:00,22166
2022-05-13 01:00:00+00:00,21792
2022-05-13 02:00:00+00:00,21681
2022-05-13 03:00:00+00:00,22185
2022-05-13 04:00:00+00:00,24213
2022-05-13 05:00:00+00:00,26310
2022-05-13 06:00:00+00:00,27862
2022-05-13 07:00:00+00:00,28402
2022-05-13 08:00:00+00:00,28776
2022-05-13 09:00:00+00:00,28989
2022-05-13 10:00:00+00:00,29500
2022-05-13 11:00:00+00:00,29738
2022-05-13 12:00:00+00:00,29391
2022-05-13 13:00:00+00:00,28618
2022-05-13 14:00:00+00:00,28355
2022-05-13 15:00:00+00:00,28229
2022-05-13 16:00:00+00:00,27870
2022-05-13 17:00:00+00:00,27983
2022-05-13 18:00:00+00:00,28076
2022-05-13 19:00:00+00:00,28857
2022-05-13 20:00:00+00:00,27554
2022-05-13 21:00:00+00:00,25360
2022-05-13 22:00:00+00:00,24268
2022-05-13 23:00:00+00:00,22979
2022-05-14 00:00:00+00:00,21961
2022-05-14 01:00:00+00:00,21381
2022-05-14 02:00:00+00:00,21039
2022-05-14 03:00:00+00:00,20809
2022-05-14 04:00:00+00:00,21073
2022-05-14 05:00:00+00:00,21320
2022-05-14 06:00:00+00:00,22695
2022-05-14 07:00:00+00:00,24342
2022-05-14 08:00:00+00:00,25547
2022-05-14 09:00:00+00:00,26062
2022-05-14 10:00:00+00:00,26453
2022-05-14 11:00:00+00:00,26844
2022-05-14 12:00:00+00:00,26510
2022-05-14 13:00:00+00:00,25454
2022-05-14 14:00:00+00:00,24768
2022-05-14 15:00:00+00:00,24540
2022-05-14 16:00:00+00:00,24447
2022-05-14 17:00:00+00:00,24712
2022-05-14 18:00:00+00:00,25154
2022-05-14 19:00:00+00:00,26472
2022-05-14 20:00:00+00:00,25776
2022-05-14 21:00:00+00:00,23980
2022-05-14 22:00:00+00:00,22536
2022-05-14 23:00:00+00:00,21398
2022-05-15 00:00:00+00:00,20364
2022-05-15 01:00:00+00:00,19760
2022-05-15 02:00:00+00:00,19347
2022-05-15 03:00:00+00:00,19320
2022-05-15 04:00:00+00:00,19474
2022-05-15 05:00:00+00:00,19154
2022-05-15 06:00:00+00:00,19763
2022-05-15 07:00:00+00:00,21373
2022-05-15 08:00:00+00:00,22569
2022-05-15 09:00:00+00:00,23303
2022-05-15 10:00:00+00:00,23511
2022-05-15 11:00:00+00:00,24006
2022-05-15 12:00:00+00:00,24037
2022-05-15 13:00:00+00:00,23125
2022-05-15 14:00:00+00:00,22599
2022-05-15 15:00:00+00:00,22502
2022-05-15 16:00:00+00:00,22789
2022-05-15 17:00:00+00:00,23281
2022-05-15 18:00:00+00:00,24182
2022-05-15 19:00:00+00:00,25766
2022-05-15 20:00:00+00:00,25426
2022-05-15 21:00:00+00:00,23662
2022-05-15 22:00:00+00:00,22240
2022-05-15 23:00:00+00:00,21210
2022-05-16 00:00:00+00:00,20448
2022-05-16 01:00:00+00:00,20142
2022-05-16 02:00:00+00:00,20032
2022-05-16 03:00:00+00:00,20705
2022-05-16 04:00:00+00:00,22992
2022-05-16 05:00:00+00:00,25229
2022-05-16 06:00:00+00:00,26894
2022-05-16 07:00:00+00:00,27676
2022-05-16 08:00:00+00:00,28122
2022-05-16 09:00:00+00:00,28456
2022-05-16 10:00:00+00:00,28834
2022-05-16 11:00:00+00:00,29150
2022-05-16 12:00:00+00:00,28826
2022-05-16 13:00:00+00:00,28160
2022-05-16 14:00:00+00:00,27908
2022-05-16 15:00:00+00:00,27878
2022-05-16 16:00:00+00:00,27793
2022-05-16 17:00:00+00:00,28015
2022-05-16 18:00:00+00:00,28501
2022-05-16 19:00:00+00:00,29165
2022-05-16 20:00:00+00:00,27735
2022-05-16 21:00:00+00:00,25497
2022-05-16 22:00:00+00:00,24260
2022-05-16 23:00:00+00:00,23074
2022-05-17 00:00:00+00:00,22189
2022-05-17 01:00:00+00:00,21830
2022-05-17 02:00:00+00:00,21757
2022-05-17 03:00:00+00:00,22236
2022-05-17 04:00:00+00:00,24298
2022-05-17 05:00:00+00:00,26588
2022-05-17 06:00:00+00:00,28222
2022-05-17 07:00:00+00:00,29097
2022-05-17 08:00:00+00:00,29529
2022-05-17 09:00:00+00:00,30052
2022-05-17 10:00:00+00:00,30513
2022-05-17 11:00:00+00:00,30808
2022-05-17 12:00:00+00:00,30408
2022-05-17 13:00:00+00:00,29817
2022-05-17 14:00:00+00:00,29578
2022-05-17 15:00:00+00:00,29625
2022-05-17 16:00:00+00:00,29383
2022-05-17 17:00:00+00:00,29625
2022-05-17 18:00:00+00:00,29937
2022-05-17 19:00:00+00:00,30277
2022-05-17 20:00:00+00:00,28710
2022-05-17 21:00:00+00:00,26313
2022-05-17 22:00:00+00:00,24788
2022-05-17 23:00:00+00:00,23539
2022-05-18 00:00:00+00:00,22606
2022-05-18 01:00:00+00:00,22153
2022-05-18 02:00:00+00:00,22081
2022-05-18 03:00:00+00:00,22487
2022-05-18 04:00:00+00:00,24522
2022-05-18 05:00:00+00:00,26768
2022-05-18 06:00:00+00:00,28327
2022-05-18 07:00:00+00:00,29258
2022-05-18 08:00:00+00:00,29765
2022-05-18 09:00:00+00:00,30224
2022-05-18 10:00:00+00:00,30828
2022-05-18 11:00:00+00:00,31146
2022-05-18 12:00:00+00:00,30733
2022-05-18 13:00:00+00:00,30100
2022-05-18 14:00:00+00:00,29915
2022-05-18 15:00:00+00:00,29893
2022-05-18 16:00:00+00:00,29595
2022-05-18 17:00:00+00:00,29628
2022-05-18 18:00:00+00:00,29801
2022-05-18 19:00:00+00:00,30326
2022-05-18 20:00:00+00:00,28720
2022-05-18 21:00:00+00:00,26397
2022-05-18 22:00:00+00:00,24793
2022-05-18 23:00:00+00:00,23636
2022-05-19 00:00:00+00:00,22688
2022-05-19 01:00:00+00:00,22339
2022-05-19 02:00:00+00:00,22218
2022-05-19 03:00:00+00:00,22636
2022-05-19 04:00:00+00:00,24528
2022-05-19 05:00:00+00:00,26685
2022-05-19 06:00:00+00:00,28402
2022-05-19 07:00:00+00:00,29106
2022-05-19 08:00:00+00:00,29602
2022-05-19 09:00:00+00:00,30072
2022-05-19 10:00:00+00:00,30633
2022-05-19 11:00:00+00:00,30970
2022-05-19 12:00:00+00:00,30650
2022-05-19 13:00:00+00:00,30159
2022-05-19 14:00:00+00:00,30038
2022-05-19 15:00:00+00:00,29983
2022-05-19 16:00:00+00:00,29526
2022-05-19 17:00:00+00:00,29522
2022-05-19 18:00:00+00:00,29591
2022-05-19 19:00:00+00:00,30126
2022-05-19 20:00:00+00:00,28647
2022-05-19 21:00:00+00:00,26312
2022-05-19 22:00:00+00:00,25277
2022-05-19 23:00:00+00:00,24023
2022-05-20 00:00:00+00:00,23237
2022-05-20 01:00:00+00:00,22876
2022-05-20 02:00:00+00:00,22724
2022-05-20 03:00:00+00:00,23104
2022-05-20 04:00:00+00:00,24995
2022-05-20 05:00:00+00:00,27101
2022-05-20 06:00:00+00:00,28806
2022-05-20 07:00:00+00:00,29730
2022-05-20 08:00:00+00:00,30398
2022-05-20 09:00:00+00:00,30938
2022-05-20 10:00:00+00:00,31527
2022-05-20 11:00:00+00:00,31848
2022-05-20 12:00:00+00:00,31487
2022-05-20 13:00:00+00:00,30840
2022-05-20 14:00:00+00:00,30613
2022-05-20 15:00:00+00:00,30432
2022-05-20 16:00:00+00:00,29926
2022-05-20 17:00:00+00:00,29810
2022-05-20 18:00:00+00:00,29566
2022-05-20 19:00:00+00:00,29919
2022-05-20 20:00:00+00:00,28611
2022-05-20 21:00:00+00:00,26510
2022-05-20 22:00:00+00:00,25210
2022-05-20 23:00:00+00:00,23880
2022-05-21 00:00:00+00:00,22802
2022-05-21 01:00:00+00:00,22207
2022-05-21 02:00:00+00:00,21814
2022-05-21 03:00:00+00:00,21552
2022-05-21 04:00:00+00:00,21657
2022-05-21 05:00:00+00:00,21924
2022-05-21 06:00:00+00:00,23341
2022-05-21 07:00:00+00:00,25235
2022-05-21 08:00:00+00:00,26440
2022-05-21 09:00:00+00:00,27077
2022-05-21 10:00:00+00:00,27465
2022-05-21 11:00:00+00:00,27953
2022-05-21 12:00:00+00:00,27779
2022-05-21 13:00:00+00:00,27064
2022-05-21 14:00:00+00:00,26528
2022-05-21 15:00:00+00:00,26176
2022-05-21 16:00:00+00:00,26053
2022-05-21 17:00:00+00:00,26207
2022-05-21 18:00:00+00:00,26310
2022-05-21 19:00:00+00:00,27408
2022-05-21 20:00:00+00:00,26826
2022-05-21 21:00:00+00:00,25010
2022-05-21 22:00:00+00:00,23235
2022-05-21 23:00:00+00:00,22027
2022-05-22 00:00:00+00:00,20994
2022-05-22 01:00:00+00:00,20405
2022-05-22 02:00:00+00:00,20007
2022-05-22 03:00:00+00:00,19896
2022-05-22 04:00:00+00:00,19968
2022-05-22 05:00:00+00:00,19816
2022-05-22 06:00:00+00:00,20548
2022-05-22 07:00:00+00:00,22036
2022-05-22 08:00:00+00:00,23414
2022-05-22 09:00:00+00:00,24241
2022-05-22 10:00:00+00:00,24742
2022-05-22 11:00:00+00:00,25381
2022-05-22 12:00:00+00:00,25439
2022-05-22 13:00:00+00:00,24502
2022-05-22 14:00:00+00:00,23987
2022-05-22 15:00:00+00:00,23802
2022-05-22 16:00:00+00:00,24007
2022-05-22 17:00:00+00:00,24480
2022-05-22 18:00:00+00:00,25258
2022-05-22 19:00:00+00:00,26460
2022-05-22 20:00:00+00:00,26219
2022-05-22 21:00:00+00:00,24342
2022-05-22 22:00:00+00:00,22968
2022-05-22 23:00:00+00:00,21739
2022-05-23 00:00:00+00:00,20943
2022-05-23 01:00:00+00:00,20613
2022-05-23 02:00:00+00:00,20629
2022-05-23 03:00:00+00:00,21311
2022-05-23 04:00:00+00:00,23611
2022-05-23 05:00:00+00:00,26191
2022-05-23 06:00:00+00:00,28283
2022-05-23 07:00:00+00:00,29291
2022-05-23 08:00:00+00:00,29897
2022-05-23 09:00:00+00:00,30148
2022-05-23 10:00:00+00:00,30637
2022-05-23 11:00:00+00:00,30895
2022-05-23 12:00:00+00:00,30291
2022-05-23 13:00:00+00:00,29640
2022-05-23 14:00:00+00:00,29244
2022-05-23 15:00:00+00:00,29224
2022-05-23 16:00:00+00:00,28915
2022-05-23 17:00:00+00:00,28793
2022-05-23 18:00:00+00:00,29042
2022-05-23 19:00:00+00:00,29495
2022-05-23 20:00:00+00:00,27983
2022-05-23 21:00:00+00:00,25582
2022-05-23 22:00:00+00:00,24574
2022-05-23 23:00:00+00:00,23285
2022-05-24 00:00:00+00:00,22495
2022-05-24 01:00:00+00:00,22163
2022-05-24 02:00:00+00:00,22083
2022-05-24 03:00:00+00:00,22510
2022-05-24 04:00:00+00:00,24454
2022-05-24 05:00:00+00:00,26613
2022-05-24 06:00:00+00:00,28298
2022-05-24 07:00:00+00:00,29164
2022-05-24 08:00:00+00:00,29493
2022-05-24 09:00:00+00:00,29695
2022-05-24 10:00:00+00:00,30069
2022-05-24 11:00:00+00:00,30189
2022-05-24 12:00:00+00:00,29676
2022-05-24 13:00:00+00:00,28923
2022-05-24 14:00:00+00:00,28581
2022-05-24 15:00:00+00:00,28595
2022-05-24 16:00:00+00:00,28326
2022-05-24 17:00:00+00:00,28335
2022-05-24 18:00:00+00:00,28737
2022-05-24 19:00:00+00:00,29269
2022-05-24 20:00:00+00:00,27825
2022-05-24 21:00:00+00:00,25567
2022-05-24 22:00:00+00:00,24248
2022-05-24 23:00:00+00:00,23040.25
2022-05-25 00:00:00+00:00,22291
2022-05-25 01:00:00+00:00,22003
2022-05-25 02:00:00+00:00,21895.75
2022-05-25 03:00:00+00:00,22231
2022-05-25 04:00:00+00:00,24151.25
2022-05-25 05:00:00+00:00,26409.75
2022-05-25 06:00:00+00:00,28136.75
2022-05-25 07:00:00+00:00,28811.5
2022-05-25 08:00:00+00:00,29123.5
2022-05-25 09:00:00+00:00,29380.25
2022-05-25 10:00:00+00:00,29751.5
2022-05-25 11:00:00+00:00,29772.75
2022-05-25 12:00:00+00:00,29227.75
2022-05-25 13:00:00+00:00,28510.25
2022-05-25 14:00:00+00:00,28214.25
2022-05-25 15:00:00+00:00,28055.25
2022-05-25 16:00:00+00:00,27738
2022-05-25 17:00:00+00:00,27704.5
2022-05-25 18:00:00+00:00,28149
2022-05-25 19:00:00+00:00,28586.75
2022-05-25 20:00:00+00:00,27367
2022-05-25 21:00:00+00:00,25203
2022-05-25 22:00:00+00:00,24297.25
2022-05-25 23:00:00+00:00,23085.75
2022-05-26 00:00:00+00:00,22285.25
2022-05-26 01:00:00+00:00,21950.25
2022-05-26 02:00:00+00:00,21872.5
2022-05-26 03:00:00+00:00,22244.75
2022-05-26 04:00:00+00:00,24141.25
2022-05-26 05:00:00+00:00,26382.5
2022-05-26 06:00:00+00:00,27874.75
2022-05-26 07:00:00+00:00,28458.5
2022-05-26 08:00:00+00:00,28725.75
2022-05-26 09:00:00+00:00,29017.75
2022-05-26 10:00:00+00:00,29366.25
2022-05-26 11:00:00+00:00,29464.25
2022-05-26 12:00:00+00:00,28962.5
2022-05-26 13:00:00+00:00,28182.75
2022-05-26 14:00:00+00:00,27956.75
2022-05-26 15:00:00+00:00,27901
2022-05-26 16:00:00+00:00,27745.25
2022-05-26 17:00:00+00:00,27815.5
2022-05-26 18:00:00+00:00,28272
2022-05-26 19:00:00+00:00,28970.25
2022-05-26 20:00:00+00:00,27819.5
2022-05-26 21:00:00+00:00,25545.75
2022-05-26 22:00:00+00:00,24460
2022-05-26 23:00:00+00:00,23254.75
2022-05-27 00:00:00+00:00,22380.25
2022-05-27 01:00:00+00:00,21962.25
2022-05-27 02:00:00+00:00,21847.25
2022-05-27 03:00:00+00:00,22285
2022-05-27 04:00:00+00:00,24114
2022-05-27 05:00:00+00:00,26176.25
2022-05-27 06:00:00+00:00,27777
2022-05-27 07:00:00+00:00,28533.5
2022-05-27 08:00:00+00:00,29028.5
2022-05-27 09:00:00+00:00,29414
2022-05-27 10:00:00+00:00,29872
2022-05-27 11:00:00+00:00,30019.25
2022-05-27 12:00:00+00:00,29529.75
2022-05-27 13:00:00+00:00,28713
2022-05-27 14:00:00+00:00,28400.75
2022-05-27 15:00:00+00:00,28295.5
2022-05-27 16:00:00+00:00,28075.5
2022-05-27 17:00:00+00:00,28035.5
2022-05-27 18:00:00+00:00,27984.75
2022-05-27 19:00:00+00:00,28444.5
2022-05-27 20:00:00+00:00,27530.75
2022-05-27 21:00:00+00:00,25609.5
2022-05-27 22:00:00+00:00,24608.25
2022-05-27 23:00:00+00:00,23314.75
2022-05-28 00:00:00+00:00,22181.25
2022-05-28 01:00:00+00:00,21550.25
2022-05-28 02:00:00+00:00,21178.5
2022-05-28 03:00:00+00:00,20905.25
2022-05-28 04:00:00+00:00,21083
2022-05-28 05:00:00+00:00,21445.25
2022-05-28 06:00:00+00:00,22811.5
2022-05-28 07:00:00+00:00,24591
2022-05-28 08:00:00+00:00,25806.25
2022-05-28 09:00:00+00:00,26304
2022-05-28 10:00:00+00:00,26619.25
2022-05-28 11:00:00+00:00,26875.5
2022-05-28 12:00:00+00:00,26546.25
2022-05-28 13:00:00+00:00,25622.5
2022-05-28 14:00:00+00:00,25000.5
2022-05-28 15:00:00+00:00,24743
2022-05-28 16:00:00+00:00,24798
2022-05-28 17:00:00+00:00,24963
2022-05-28 18:00:00+00:00,25181.75
2022-05-28 19:00:00+00:00,26112.25
2022-05-28 20:00:00+00:00,25698.5
2022-05-28 21:00:00+00:00,24010.75
2022-05-28 22:00:00+00:00,22696.75
2022-05-28 23:00:00+00:00,21466.5
2022-05-29 00:00:00+00:00,20499
2022-05-29 01:00:00+00:00,19935.25
2022-05-29 02:00:00+00:00,19628.25
2022-05-29 03:00:00+00:00,19540.25
2022-05-29 04:00:00+00:00,19564.75
2022-05-29 05:00:00+00:00,19435.5
2022-05-29 06:00:00+00:00,20252.75
2022-05-29 07:00:00+00:00,21797.25
2022-05-29 08:00:00+00:00,23128
2022-05-29 09:00:00+00:00,23849
2022-05-29 10:00:00+00:00,24321.25
2022-05-29 11:00:00+00:00,24921
2022-05-29 12:00:00+00:00,24929
2022-05-29 13:00:00+00:00,23844.5
2022-05-29 14:00:00+00:00,23211.75
2022-05-29 15:00:00+00:00,23178
2022-05-29 16:00:00+00:00,23574
2022-05-29 17:00:00+00:00,24123
2022-05-29 18:00:00+00:00,24887
2022-05-29 19:00:00+00:00,25790.75
2022-05-29 20:00:00+00:00,25781.75
2022-05-29 21:00:00+00:00,23950
2022-05-29 22:00:00+00:00,22838
2022-05-29 23:00:00+00:00,21583.5
2022-05-30 00:00:00+00:00,20825.5
2022-05-30 01:00:00+00:00,20529
2022-05-30 02:00:00+00:00,20541.75
2022-05-30 03:00:00+00:00,21142.25
2022-05-30 04:00:00+00:00,23406.25
2022-05-30 05:00:00+00:00,25788
2022-05-30 06:00:00+00:00,27868.5
2022-05-30 07:00:00+00:00,28707
2022-05-30 08:00:00+00:00,29170.5
2022-05-30 09:00:00+00:00,29488
2022-05-30 10:00:00+00:00,29951.5
2022-05-30 11:00:00+00:00,30170.25
2022-05-30 12:00:00+00:00,29743.25
2022-05-30 13:00:00+00:00,29099.5
2022-05-30 14:00:00+00:00,28980
2022-05-30 15:00:00+00:00,29027.75
2022-05-30 16:00:00+00:00,28743.5
2022-05-30 17:00:00+00:00,28754.5
2022-05-30 18:00:00+00:00,28798.5
2022-05-30 19:00:00+00:00,29068.25
2022-05-30 20:00:00+00:00,27961.75
2022-05-30 21:00:00+00:00,25567.5
2022-05-30 22:00:00+00:00,24458
2022-05-30 23:00:00+00:00,23253
2022-05-31 00:00:00+00:00,22467.25
2022-05-31 01:00:00+00:00,22129.5
2022-05-31 02:00:00+00:00,22010.5
2022-05-31 03:00:00+00:00,22433.5
2022-05-31 04:00:00+00:00,24308.75
2022-05-31 05:00:00+00:00,26463.25
2022-05-31 06:00:00+00:00,28000.5
2022-05-31 07:00:00+00:00,28713.5
2022-05-31 08:00:00+00:00,29152
2022-05-31 09:00:00+00:00,29573
2022-05-31 10:00:00+00:00,30117
2022-05-31 11:00:00+00:00,30365.5
2022-05-31 12:00:00+00:00,30083.75
2022-05-31 13:00:00+00:00,29451.5
2022-05-31 14:00:00+00:00,29213.5
2022-05-31 15:00:00+00:00,29251
2022-05-31 16:00:00+00:00,28960.25
2022-05-31 17:00:00+00:00,28911.5
2022-05-31 18:00:00+00:00,29107
2022-05-31 19:00:00+00:00,29513.5
2022-05-31 20:00:00+00:00,28378.25
2022-05-31 21:00:00+00:00,25940.25
2022-05-31 22:00:00+00:00,25459
2022-05-31 23:00:00+00:00,24246.5
2022-06-01 00:00:00+00:00,23356.25
2022-06-01 01:00:00+00:00,22930.5
2022-06-01 02:00:00+00:00,22828.5
2022-06-01 03:00:00+00:00,23250.5
2022-06-01 04:00:00+00:00,24991
2022-06-01 05:00:00+00:00,27114.75
2022-06-01 06:00:00+00:00,28718
2022-06-01 07:00:00+00:00,29492.75
2022-06-01 08:00:00+00:00,30073.5
2022-06-01 09:00:00+00:00,30685
2022-06-01 10:00:00+00:00,31250.75
2022-06-01 11:00:00+00:00,31517.25
2022-06-01 12:00:00+00:00,31127
2022-06-01 13:00:00+00:00,30488
2022-06-01 14:00:00+00:00,30241.75
2022-06-01 15:00:00+00:00,30322.75
2022-06-01 16:00:00+00:00,30100.75
2022-06-01 17:00:00+00:00,30087.5
2022-06-01 18:00:00+00:00,30020.5
2022-06-01 19:00:00+00:00,30086.25
2022-06-01 20:00:00+00:00,29028
2022-06-01 21:00:00+00:00,26827.75
2022-06-01 22:00:00+00:00,25403
2022-06-01 23:00:00+00:00,24067
2022-06-02 00:00:00+00:00,23122.75
2022-06-02 01:00:00+00:00,22740
2022-06-02 02:00:00+00:00,22698.5
2022-06-02 03:00:00+00:00,23078.75
2022-06-02 04:00:00+00:00,24824.25
2022-06-02 05:00:00+00:00,26899.75
2022-06-02 06:00:00+00:00,28470.25
2022-06-02 07:00:00+00:00,29250
2022-06-02 08:00:00+00:00,29739
2022-06-02 09:00:00+00:00,30112.5
2022-06-02 10:00:00+00:00,30630
2022-06-02 11:00:00+00:00,30857.75
2022-06-02 12:00:00+00:00,30536.5
2022-06-02 13:00:00+00:00,29976.75
2022-06-02 14:00:00+00:00,29836.75
2022-06-02 15:00:00+00:00,29883.25
2022-06-02 16:00:00+00:00,29626
2022-06-02 17:00:00+00:00,29621
2022-06-02 18:00:00+00:00,29662.25
2022-06-02 19:00:00+00:00,29642.5
2022-06-02 20:00:00+00:00,28666.25
2022-06-02 21:00:00+00:00,26490.75
2022-06-02 22:00:00+00:00,25726.25
2022-06-02 23:00:00+00:00,24425.5
2022-06-03 00:00:00+00:00,23399.25
2022-06-03 01:00:00+00:00,22977
2022-06-03 02:00:00+00:00,22819
2022-06-03 03:00:00+00:00,23098
2022-06-03 04:00:00+00:00,24684.25
2022-06-03 05:00:00+00:00,26800
2022-06-03 06:00:00+00:00,27862.75
2022-06-03 07:00:00+00:00,28756
2022-06-03 08:00:00+00:00,29327.25
2022-06-03 09:00:00+00:00,29791.25
2022-06-03 10:00:00+00:00,30302.25
2022-06-03 11:00:00+00:00,30454.25
2022-06-03 12:00:00+00:00,30157.25
2022-06-03 13:00:00+00:00,29394
2022-06-03 14:00:00+00:00,29107.5
2022-06-03 15:00:00+00:00,29014.75
2022-06-03 16:00:00+00:00,28639.25
2022-06-03 17:00:00+00:00,28472.25
2022-06-03 18:00:00+00:00,28446.25
2022-06-03 19:00:00+00:00,28643
2022-06-03 20:00:00+00:00,27842.5
2022-06-03 21:00:00+00:00,25952.75
2022-06-03 22:00:00+00:00,24838.75
2022-06-03 23:00:00+00:00,23647.25
2022-06-04 00:00:00+00:00,22701.5
2022-06-04 01:00:00+00:00,22152.5
2022-06-04 02:00:00+00:00,21848.75
2022-06-04 03:00:00+00:00,21666.25
2022-06-04 04:00:00+00:00,21804.25
2022-06-04 05:00:00+00:00,22258
2022-06-04 06:00:00+00:00,23743
2022-06-04 07:00:00+00:00,25351.75
2022-06-04 08:00:00+00:00,26336.75
2022-06-04 09:00:00+00:00,26616.5
2022-06-04 10:00:00+00:00,26768.75
2022-06-04 11:00:00+00:00,26934
2022-06-04 12:00:00+00:00,26608.5
2022-06-04 13:00:00+00:00,25576
2022-06-04 14:00:00+00:00,24880
2022-06-04 15:00:00+00:00,24683.5
2022-06-04 16:00:00+00:00,24759.75
2022-06-04 17:00:00+00:00,25098.5
2022-06-04 18:00:00+00:00,25398.5
2022-06-04 19:00:00+00:00,26169.5
2022-06-04 20:00:00+00:00,25840.75
2022-06-04 21:00:00+00:00,24213
2022-06-04 22:00:00+00:00,23141.5
2022-06-04 23:00:00+00:00,21900.75
2022-06-05 00:00:00+00:00,20980.5
2022-06-05 01:00:00+00:00,20408.5
2022-06-05 02:00:00+00:00,20036.75
2022-06-05 03:00:00+00:00,19928.25
2022-06-05 04:00:00+00:00,19836
2022-06-05 05:00:00+00:00,19641.5
2022-06-05 06:00:00+00:00,20468
2022-06-05 07:00:00+00:00,21831
2022-06-05 08:00:00+00:00,23079.5
2022-06-05 09:00:00+00:00,23754.75
2022-06-05 10:00:00+00:00,24142.75
2022-06-05 11:00:00+00:00,24723
2022-06-05 12:00:00+00:00,24811.5
2022-06-05 13:00:00+00:00,23717
2022-06-05 14:00:00+00:00,23004.25
2022-06-05 15:00:00+00:00,22973.25
2022-06-05 16:00:00+00:00,23316.5
2022-06-05 17:00:00+00:00,23833
2022-06-05 18:00:00+00:00,24604.5
2022-06-05 19:00:00+00:00,25622.5
2022-06-05 20:00:00+00:00,26101.25
2022-06-05 21:00:00+00:00,24590.75
2022-06-05 22:00:00+00:00,23278.25
2022-06-05 23:00:00+00:00,22196.75
2022-06-06 00:00:00+00:00,21449.75
2022-06-06 01:00:00+00:00,21100.25
2022-06-06 02:00:00+00:00,20966.75
2022-06-06 03:00:00+00:00,21519
2022-06-06 04:00:00+00:00,23386.25
2022-06-06 05:00:00+00:00,25339.5
2022-06-06 06:00:00+00:00,27020.25
2022-06-06 07:00:00+00:00,27985.25
2022-06-06 08:00:00+00:00,28787.5
2022-06-06 09:00:00+00:00,29315
2022-06-06 10:00:00+00:00,29871.25
2022-06-06 11:00:00+00:00,30304.5
2022-06-06 12:00:00+00:00,30180.75
2022-06-06 13:00:00+00:00,29419
2022-06-06 14:00:00+00:00,29235.5
2022-06-06 15:00:00+00:00,29369.25
2022-06-06 16:00:00+00:00,29293.5
2022-06-06 17:00:00+00:00,29321
2022-06-06 18:00:00+00:00,29450.75
2022-06-06 19:00:00+00:00,29630.75
2022-06-06 20:00:00+00:00,28784.75
2022-06-06 21:00:00+00:00,26437
2022-06-06 22:00:00+00:00,25076
2022-06-06 23:00:00+00:00,23844.25
2022-06-07 00:00:00+00:00,22922.25
2022-06-07 01:00:00+00:00,22511.75
2022-06-07 02:00:00+00:00,22363.25
2022-06-07 03:00:00+00:00,22817.75
2022-06-07 04:00:00+00:00,24667
2022-06-07 05:00:00+00:00,26922.5
2022-06-07 06:00:00+00:00,28491.75
2022-06-07 07:00:00+00:00,29503.25
2022-06-07 08:00:00+00:00,30160.5
2022-06-07 09:00:00+00:00,30608
2022-06-07 10:00:00+00:00,31318
2022-06-07 11:00:00+00:00,31721.5
2022-06-07 12:00:00+00:00,31453.25
2022-06-07 13:00:00+00:00,30743
2022-06-07 14:00:00+00:00,30595.25
2022-06-07 15:00:00+00:00,30711.25
2022-06-07 16:00:00+00:00,30479
2022-06-07 17:00:00+00:00,30337.5
2022-06-07 18:00:00+00:00,30327.25
2022-06-07 19:00:00+00:00,30158.75
2022-06-07 20:00:00+00:00,29178
2022-06-07 21:00:00+00:00,26784
2022-06-07 22:00:00+00:00,25757.25
2022-06-07 23:00:00+00:00,24515
2022-06-08 00:00:00+00:00,23596.5
2022-06-08 01:00:00+00:00,23088
2022-06-08 02:00:00+00:00,22929
2022-06-08 03:00:00+00:00,23293.75
2022-06-08 04:00:00+00:00,24992
2022-06-08 05:00:00+00:00,27295.25
2022-06-08 06:00:00+00:00,28926.25
2022-06-08 07:00:00+00:00,29971.75
2022-06-08 08:00:00+00:00,30661.75
2022-06-08 09:00:00+00:00,31173.75
2022-06-08 10:00:00+00:00,31819
2022-06-08 11:00:00+00:00,32150.25
2022-06-08 12:00:00+00:00,31809.75
2022-06-08 13:00:00+00:00,31114.5
2022-06-08 14:00:00+00:00,31020
2022-06-08 15:00:00+00:00,31049.75
2022-06-08 16:00:00+00:00,30645
2022-06-08 17:00:00+00:00,30375.5
2022-06-08 18:00:00+00:00,30275.5
2022-06-08 19:00:00+00:00,30322.25
2022-06-08 20:00:00+00:00,29303
2022-06-08 21:00:00+00:00,26994.25
2022-06-08 22:00:00+00:00,25841.75
2022-06-08 23:00:00+00:00,24666
2022-06-09 00:00:00+00:00,23770.5
2022-06-09 01:00:00+00:00,23313.5
2022-06-09 02:00:00+00:00,23168
2022-06-09 03:00:00+00:00,23534.75
2022-06-09 04:00:00+00:00,25216.5
2022-06-09 05:00:00+00:00,27398.5
2022-06-09 06:00:00+00:00,28838
2022-06-09 07:00:00+00:00,29745.75
2022-06-09 08:00:00+00:00,30437.75
2022-06-09 09:00:00+00:00,30998.25
2022-06-09 10:00:00+00:00,31693
2022-06-09 11:00:00+00:00,32164.5
2022-06-09 12:00:00+00:00,31936.25
2022-06-09 13:00:00+00:00,31328.25
2022-06-09 14:00:00+00:00,31230.5
2022-06-09 15:00:00+00:00,31196.75
2022-06-09 16:00:00+00:00,30791.5
2022-06-09 17:00:00+00:00,30633.5
2022-06-09 18:00:00+00:00,30531.5
2022-06-09 19:00:00+00:00,30417.75
2022-06-09 20:00:00+00:00,29512.5
2022-06-09 21:00:00+00:00,27142.5
2022-06-09 22:00:00+00:00,26471
2022-06-09 23:00:00+00:00,25189.5
2022-06-10 00:00:00+00:00,24183.75
2022-06-10 01:00:00+00:00,23711.5
2022-06-10 02:00:00+00:00,23531.5
2022-06-10 03:00:00+00:00,23894.5
2022-06-10 04:00:00+00:00,25441.5
2022-06-10 05:00:00+00:00,27593.25
2022-06-10 06:00:00+00:00,29237.5
2022-06-10 07:00:00+00:00,30169.25
2022-06-10 08:00:00+00:00,30918.5
2022-06-10 09:00:00+00:00,31489
2022-06-10 10:00:00+00:00,32199.5
2022-06-10 11:00:00+00:00,32599.25
2022-06-10 12:00:00+00:00,32295.5
2022-06-10 13:00:00+00:00,31469.5
2022-06-10 14:00:00+00:00,31341.5
2022-06-10 15:00:00+00:00,31385
2022-06-10 16:00:00+00:00,31122
2022-06-10 17:00:00+00:00,30945
2022-06-10 18:00:00+00:00,30324.25
2022-06-10 19:00:00+00:00,30021.75
2022-06-10 20:00:00+00:00,29293.5
2022-06-10 21:00:00+00:00,27341.75
2022-06-10 22:00:00+00:00,26395.25
2022-06-10 23:00:00+00:00,24994.5
2022-06-11 00:00:00+00:00,23866.25
2022-06-11 01:00:00+00:00,23180.75
2022-06-11 02:00:00+00:00,22777.25
2022-06-11 03:00:00+00:00,22517
2022-06-11 04:00:00+00:00,22351
2022-06-11 05:00:00+00:00,22720.25
2022-06-11 06:00:00+00:00,24178.5
2022-06-11 07:00:00+00:00,26029.25
2022-06-11 08:00:00+00:00,27382
2022-06-11 09:00:00+00:00,28001.5
2022-06-11 10:00:00+00:00,28536.25
2022-06-11 11:00:00+00:00,29041
2022-06-11 12:00:00+00:00,28819.75
2022-06-11 13:00:00+00:00,27962.5
2022-06-11 14:00:00+00:00,27434
2022-06-11 15:00:00+00:00,27267.75
2022-06-11 16:00:00+00:00,27333
2022-06-11 17:00:00+00:00,27515.5
2022-06-11 18:00:00+00:00,27615.5
2022-06-11 19:00:00+00:00,27730.25
2022-06-11 20:00:00+00:00,27560.5
2022-06-11 21:00:00+00:00,25799.75
2022-06-11 22:00:00+00:00,24558.75
2022-06-11 23:00:00+00:00,23229.75
2022-06-12 00:00:00+00:00,22207.75
2022-06-12 01:00:00+00:00,21493
2022-06-12 02:00:00+00:00,21101.25
2022-06-12 03:00:00+00:00,20949
2022-06-12 04:00:00+00:00,20702
2022-06-12 05:00:00+00:00,20496.5
2022-06-12 06:00:00+00:00,21370.5
2022-06-12 07:00:00+00:00,22829
2022-06-12 08:00:00+00:00,24358.25
2022-06-12 09:00:00+00:00,25348
2022-06-12 10:00:00+00:00,26179.75
2022-06-12 11:00:00+00:00,27130
2022-06-12 12:00:00+00:00,27485
2022-06-12 13:00:00+00:00,26696.5
2022-06-12 14:00:00+00:00,26185.5
2022-06-12 15:00:00+00:00,26200.25
2022-06-12 16:00:00+00:00,26514.25
2022-06-12 17:00:00+00:00,26733.25
2022-06-12 18:00:00+00:00,27230.75
2022-06-12 19:00:00+00:00,27775.25
2022-06-12 20:00:00+00:00,28175.5
2022-06-12 21:00:00+00:00,26340.75
2022-06-12 22:00:00+00:00,25451.75
2022-06-12 23:00:00+00:00,23988.75
2022-06-13 00:00:00+00:00,22952
2022-06-13 01:00:00+00:00,22409.25
2022-06-13 02:00:00+00:00,22337
2022-06-13 03:00:00+00:00,22889
2022-06-13 04:00:00+00:00,25016.25
2022-06-13 05:00:00+00:00,27581
2022-06-13 06:00:00+00:00,29490
2022-06-13 07:00:00+00:00,30905.25
2022-06-13 08:00:00+00:00,31989.25
2022-06-13 09:00:00+00:00,32780
2022-06-13 10:00:00+00:00,33779.25
2022-06-13 11:00:00+00:00,34487
2022-06-13 12:00:00+00:00,34508
2022-06-13 13:00:00+00:00,34117.25
2022-06-13 14:00:00+00:00,34127.5
2022-06-13 15:00:00+00:00,34180.5
2022-06-13 16:00:00+00:00,33612.5
2022-06-13 17:00:00+00:00,33218.75
2022-06-13 18:00:00+00:00,32751.75
2022-06-13 19:00:00+00:00,32419.75
2022-06-13 20:00:00+00:00,31440
2022-06-13 21:00:00+00:00,29041.25
2022-06-13 22:00:00+00:00,28149.25
2022-06-13 23:00:00+00:00,26547.25
2022-06-14 00:00:00+00:00,25344.75
2022-06-14 01:00:00+00:00,24688.75
2022-06-14 02:00:00+00:00,24397.75
2022-06-14 03:00:00+00:00,24700.25
2022-06-14 04:00:00+00:00,26428.25
2022-06-14 05:00:00+00:00,28780.75
2022-06-14 06:00:00+00:00,30498.25
2022-06-14 07:00:00+00:00,31783.5
2022-06-14 08:00:00+00:00,32789.5
2022-06-14 09:00:00+00:00,33587.75
2022-06-14 10:00:00+00:00,34640
2022-06-14 11:00:00+00:00,35318.25
2022-06-14 12:00:00+00:00,35335.5
2022-06-14 13:00:00+00:00,34998.25
2022-06-14 14:00:00+00:00,35042.75
2022-06-14 15:00:00+00:00,35108
2022-06-14 16:00:00+00:00,34700.25
2022-06-14 17:00:00+00:00,34336.75
2022-06-14 18:00:00+00:00,33824.5
2022-06-14 19:00:00+00:00,33310.25
2022-06-14 20:00:00+00:00,32368.25
2022-06-14 21:00:00+00:00,29838.75
2022-06-14 22:00:00+00:00,29004.75
2022-06-14 23:00:00+00:00,27526.75
2022-06-15 00:00:00+00:00,26262.5
2022-06-15 01:00:00+00:00,25562.5
2022-06-15 02:00:00+00:00,25193
2022-06-15 03:00:00+00:00,25469.75
2022-06-15 04:00:00+00:00,27145.25
2022-06-15 05:00:00+00:00,29411.75
2022-06-15 06:00:00+00:00,31105.5
2022-06-15 07:00:00+00:00,32494.25
2022-06-15 08:00:00+00:00,33654
2022-06-15 09:00:00+00:00,34527
2022-06-15 10:00:00+00:00,35660
2022-06-15 11:00:00+00:00,36456
2022-06-15 12:00:00+00:00,36466
2022-06-15 13:00:00+00:00,36120
2022-06-15 14:00:00+00:00,36220
2022-06-15 15:00:00+00:00,36025.75
2022-06-15 16:00:00+00:00,35304.5
2022-06-15 17:00:00+00:00,34864.75
2022-06-15 18:00:00+00:00,34327
2022-06-15 19:00:00+00:00,33708.5
2022-06-15 20:00:00+00:00,32838.75
2022-06-15 21:00:00+00:00,30359.5
2022-06-15 22:00:00+00:00,29359.25
2022-06-15 23:00:00+00:00,27724.25
2022-06-16 00:00:00+00:00,26403
2022-06-16 01:00:00+00:00,25729.75
2022-06-16 02:00:00+00:00,25340.75
2022-06-16 03:00:00+00:00,25610.5
2022-06-16 04:00:00+00:00,27149.75
2022-06-16 05:00:00+00:00,29326.5
2022-06-16 06:00:00+00:00,31031.5
2022-06-16 07:00:00+00:00,32575
2022-06-16 08:00:00+00:00,33772.5
2022-06-16 09:00:00+00:00,34639.5
2022-06-16 10:00:00+00:00,35709.25
2022-06-16 11:00:00+00:00,36472.75
2022-06-16 12:00:00+00:00,36660.5
2022-06-16 13:00:00+00:00,36411.75
2022-06-16 14:00:00+00:00,36401
2022-06-16 15:00:00+00:00,36340.75
2022-06-16 16:00:00+00:00,35772.25
2022-06-16 17:00:00+00:00,35150.25
2022-06-16 18:00:00+00:00,34407
2022-06-16 19:00:00+00:00,33860.25
2022-06-16 20:00:00+00:00,32972.75
2022-06-16 21:00:00+00:00,30879.25
2022-06-16 22:00:00+00:00,29019
2022-06-16 23:00:00+00:00,27549
2022-06-17 00:00:00+00:00,26332.5
2022-06-17 01:00:00+00:00,25711.25
2022-06-17 02:00:00+00:00,25332
2022-06-17 03:00:00+00:00,25555.75
2022-06-17 04:00:00+00:00,27151.5
2022-06-17 05:00:00+00:00,29416.75
2022-06-17 06:00:00+00:00,31378.75
2022-06-17 07:00:00+00:00,32892.75
2022-06-17 08:00:00+00:00,34058.25
2022-06-17 09:00:00+00:00,34959.75
2022-06-17 10:00:00+00:00,36072.5
2022-06-17 11:00:00+00:00,36805.5
2022-06-17 12:00:00+00:00,36870.25
2022-06-17 13:00:00+00:00,36398.5
2022-06-17 14:00:00+00:00,36217.5
2022-06-17 15:00:00+00:00,36092.5
2022-06-17 16:00:00+00:00,35482
2022-06-17 17:00:00+00:00,34892
2022-06-17 18:00:00+00:00,33869
2022-06-17 19:00:00+00:00,33020.25
2022-06-17 20:00:00+00:00,32143.75
2022-06-17 21:00:00+00:00,30171.25
2022-06-17 22:00:00+00:00,28555
2022-06-17 23:00:00+00:00,26946.5
2022-06-18 00:00:00+00:00,25511.5
2022-06-18 01:00:00+00:00,24698.75
2022-06-18 02:00:00+00:00,24202
2022-06-18 03:00:00+00:00,23822.75
2022-06-18 04:00:00+00:00,23533.75
2022-06-18 05:00:00+00:00,23852
2022-06-18 06:00:00+00:00,25508.5
2022-06-18 07:00:00+00:00,27767.25
2022-06-18 08:00:00+00:00,29659
2022-06-18 09:00:00+00:00,30681
2022-06-18 10:00:00+00:00,31501
2022-06-18 11:00:00+00:00,32191.5
2022-06-18 12:00:00+00:00,32188.75
2022-06-18 13:00:00+00:00,31526.5
2022-06-18 14:00:00+00:00,31042.75
2022-06-18 15:00:00+00:00,30831.75
2022-06-18 16:00:00+00:00,30633.5
2022-06-18 17:00:00+00:00,30342
2022-06-18 18:00:00+00:00,29959
2022-06-18 19:00:00+00:00,29858
2022-06-18 20:00:00+00:00,29618.5
2022-06-18 21:00:00+00:00,27825
2022-06-18 22:00:00+00:00,25772.5
2022-06-18 23:00:00+00:00,24267.75
2022-06-19 00:00:00+00:00,23069.25
2022-06-19 01:00:00+00:00,22321.75
2022-06-19 02:00:00+00:00,21853.5
2022-06-19 03:00:00+00:00,21685.75
2022-06-19 04:00:00+00:00,21466.25
2022-06-19 05:00:00+00:00,21287
2022-06-19 06:00:00+00:00,22151.5
2022-06-19 07:00:00+00:00,23659.25
2022-06-19 08:00:00+00:00,25186.75
2022-06-19 09:00:00+00:00,26151.25
2022-06-19 10:00:00+00:00,26886.5
2022-06-19 11:00:00+00:00,27636.5
2022-06-19 12:00:00+00:00,27960.75
2022-06-19 13:00:00+00:00,27249.25
2022-06-19 14:00:00+00:00,26781.25
2022-06-19 15:00:00+00:00,26717.25
2022-06-19 16:00:00+00:00,26806
2022-06-19 17:00:00+00:00,27000.25
2022-06-19 18:00:00+00:00,27408.5
2022-06-19 19:00:00+00:00,28026.25
2022-06-19 20:00:00+00:00,28464.75
2022-06-19 21:00:00+00:00,26846.75
2022-06-19 22:00:00+00:00,25141.25
2022-06-19 23:00:00+00:00,23653.5
2022-06-20 00:00:00+00:00,22701
2022-06-20 01:00:00+00:00,22240.25
2022-06-20 02:00:00+00:00,22266
2022-06-20 03:00:00+00:00,22879.25
2022-06-20 04:00:00+00:00,25127.75
2022-06-20 05:00:00+00:00,27705
2022-06-20 06:00:00+00:00,29725.25
2022-06-20 07:00:00+00:00,30701.75
2022-06-20 08:00:00+00:00,31412.5
2022-06-20 09:00:00+00:00,31997
2022-06-20 10:00:00+00:00,32738
2022-06-20 11:00:00+00:00,33223
2022-06-20 12:00:00+00:00,33026
2022-06-20 13:00:00+00:00,32298.75
2022-06-20 14:00:00+00:00,32135.5
2022-06-20 15:00:00+00:00,32244.25
2022-06-20 16:00:00+00:00,31825.25
2022-06-20 17:00:00+00:00,31284.25
2022-06-20 18:00:00+00:00,31078.5
2022-06-20 19:00:00+00:00,30985
2022-06-20 20:00:00+00:00,30204.5
2022-06-20 21:00:00+00:00,28068
2022-06-20 22:00:00+00:00,26724
2022-06-20 23:00:00+00:00,25337.25
2022-06-21 00:00:00+00:00,24353.25
2022-06-21 01:00:00+00:00,23987.25
2022-06-21 02:00:00+00:00,23844.5
2022-06-21 03:00:00+00:00,24244.5
2022-06-21 04:00:00+00:00,25985
2022-06-21 05:00:00+00:00,28301
2022-06-21 06:00:00+00:00,30028.5
2022-06-21 07:00:00+00:00,31259
2022-06-21 08:00:00+00:00,32018.5
2022-06-21 09:00:00+00:00,32634.5
2022-06-21 10:00:00+00:00,33261.75
2022-06-21 11:00:00+00:00,33549.75
2022-06-21 12:00:00+00:00,33210.75
2022-06-21 13:00:00+00:00,32600.5
2022-06-21 14:00:00+00:00,32339
2022-06-21 15:00:00+00:00,32277
2022-06-21 16:00:00+00:00,31770.25
2022-06-21 17:00:00+00:00,31436.75
2022-06-21 18:00:00+00:00,31309.75
2022-06-21 19:00:00+00:00,31003
2022-06-21 20:00:00+00:00,30085
2022-06-21 21:00:00+00:00,28009
2022-06-21 22:00:00+00:00,26290.75
2022-06-21 23:00:00+00:00,25109.25
2022-06-22 00:00:00+00:00,24187
2022-06-22 01:00:00+00:00,23821.75
2022-06-22 02:00:00+00:00,23645.75
2022-06-22 03:00:00+00:00,24092.5
2022-06-22 04:00:00+00:00,25852
2022-06-22 05:00:00+00:00,28249.75
2022-06-22 06:00:00+00:00,29840.25
2022-06-22 07:00:00+00:00,30868.75
2022-06-22 08:00:00+00:00,31492
2022-06-22 09:00:00+00:00,31956.5
2022-06-22 10:00:00+00:00,32433.75
2022-06-22 11:00:00+00:00,32688
2022-06-22 12:00:00+00:00,32221
2022-06-22 13:00:00+00:00,31493.25
2022-06-22 14:00:00+00:00,31192.5
2022-06-22 15:00:00+00:00,31088
2022-06-22 16:00:00+00:00,30641.25
2022-06-22 17:00:00+00:00,30461
2022-06-22 18:00:00+00:00,30278
2022-06-22 19:00:00+00:00,30189.5
2022-06-22 20:00:00+00:00,29201.5
2022-06-22 21:00:00+00:00,27124.75
2022-06-22 22:00:00+00:00,26114.5
2022-06-22 23:00:00+00:00,24859
2022-06-23 00:00:00+00:00,23888.25
2022-06-23 01:00:00+00:00,23508.5
2022-06-23 02:00:00+00:00,23304.5
2022-06-23 03:00:00+00:00,23745.25
2022-06-23 04:00:00+00:00,25356.5
2022-06-23 05:00:00+00:00,27494
2022-06-23 06:00:00+00:00,29253.25
2022-06-23 07:00:00+00:00,30236.75
2022-06-23 08:00:00+00:00,30783.5
2022-06-23 09:00:00+00:00,31147.5
2022-06-23 10:00:00+00:00,31597
2022-06-23 11:00:00+00:00,31783
2022-06-23 12:00:00+00:00,31487.75
2022-06-23 13:00:00+00:00,30771.75
2022-06-23 14:00:00+00:00,30491.5
2022-06-23 15:00:00+00:00,30498
2022-06-23 16:00:00+00:00,30196.5
2022-06-23 17:00:00+00:00,29869.75
2022-06-23 18:00:00+00:00,29637.5
2022-06-23 19:00:00+00:00,29566.5
2022-06-23 20:00:00+00:00,28861.25
2022-06-23 21:00:00+00:00,26792
2022-06-23 22:00:00+00:00,25231.5
2022-06-23 23:00:00+00:00,24363.75
2022-06-24 00:00:00+00:00,23312.75
2022-06-24 01:00:00+00:00,22786.75
2022-06-24 02:00:00+00:00,22492
2022-06-24 03:00:00+00:00,22661.75
2022-06-24 04:00:00+00:00,23383.75
2022-06-24 05:00:00+00:00,24402.75
2022-06-24 06:00:00+00:00,25442.25
2022-06-24 07:00:00+00:00,26755.5
2022-06-24 08:00:00+00:00,27673.5
2022-06-24 09:00:00+00:00,28235.25
2022-06-24 10:00:00+00:00,28713
2022-06-24 11:00:00+00:00,29101
2022-06-24 12:00:00+00:00,28858.75
2022-06-24 13:00:00+00:00,27787.75
2022-06-24 14:00:00+00:00,27431.25
2022-06-24 15:00:00+00:00,27327.25
2022-06-24 16:00:00+00:00,27213.5
2022-06-24 17:00:00+00:00,27210.75
2022-06-24 18:00:00+00:00,27142
2022-06-24 19:00:00+00:00,27201.25
2022-06-24 20:00:00+00:00,26994.5
2022-06-24 21:00:00+00:00,25473.75
2022-06-24 22:00:00+00:00,25105.75
2022-06-24 23:00:00+00:00,23726.75
2022-06-25 00:00:00+00:00,22529.25
2022-06-25 01:00:00+00:00,21717.25
2022-06-25 02:00:00+00:00,21289
2022-06-25 03:00:00+00:00,20847.5
2022-06-25 04:00:00+00:00,20230
2022-06-25 05:00:00+00:00,19825
2022-06-25 06:00:00+00:00,20779.75
2022-06-25 07:00:00+00:00,22706.5
2022-06-25 08:00:00+00:00,24231.75
2022-06-25 09:00:00+00:00,25004
2022-06-25 10:00:00+00:00,25385.25
2022-06-25 11:00:00+00:00,25968
2022-06-25 12:00:00+00:00,25671.25
2022-06-25 13:00:00+00:00,24453.5
2022-06-25 14:00:00+00:00,23900.25
2022-06-25 15:00:00+00:00,23621.25
2022-06-25 16:00:00+00:00,23788.25
2022-06-25 17:00:00+00:00,24210
2022-06-25 18:00:00+00:00,24630.75
2022-06-25 19:00:00+00:00,25147.75
2022-06-25 20:00:00+00:00,25151.75
2022-06-25 21:00:00+00:00,23870.75
2022-06-25 22:00:00+00:00,22569.25
2022-06-25 23:00:00+00:00,21504.5
2022-06-26 00:00:00+00:00,20577.5
2022-06-26 01:00:00+00:00,19981
2022-06-26 02:00:00+00:00,19728.75
2022-06-26 03:00:00+00:00,19750.75
2022-06-26 04:00:00+00:00,20053.25
2022-06-26 05:00:00+00:00,20339.75
2022-06-26 06:00:00+00:00,21271.25
2022-06-26 07:00:00+00:00,22334
2022-06-26 08:00:00+00:00,23658
2022-06-26 09:00:00+00:00,24045.25
2022-06-26 10:00:00+00:00,24398
2022-06-26 11:00:00+00:00,24984.75
2022-06-26 12:00:00+00:00,25062.75
2022-06-26 13:00:00+00:00,23836
2022-06-26 14:00:00+00:00,23281
2022-06-26 15:00:00+00:00,23279.75
2022-06-26 16:00:00+00:00,23683.25
2022-06-26 17:00:00+00:00,24204.25
2022-06-26 18:00:00+00:00,24809.5
2022-06-26 19:00:00+00:00,25479.5
2022-06-26 20:00:00+00:00,25954.75
2022-06-26 21:00:00+00:00,24357.75
2022-06-26 22:00:00+00:00,23185
2022-06-26 23:00:00+00:00,21990.5
2022-06-27 00:00:00+00:00,21292
2022-06-27 01:00:00+00:00,20857
2022-06-27 02:00:00+00:00,20947.5
2022-06-27 03:00:00+00:00,21552.5
2022-06-27 04:00:00+00:00,23627.5
2022-06-27 05:00:00+00:00,26002.5
2022-06-27 06:00:00+00:00,27867
2022-06-27 07:00:00+00:00,29085
2022-06-27 08:00:00+00:00,29845.5
2022-06-27 09:00:00+00:00,30234.75
2022-06-27 10:00:00+00:00,30789.25
2022-06-27 11:00:00+00:00,31076.5
2022-06-27 12:00:00+00:00,30764
2022-06-27 13:00:00+00:00,30137
2022-06-27 14:00:00+00:00,29937.5
2022-06-27 15:00:00+00:00,29939.5
2022-06-27 16:00:00+00:00,29653
2022-06-27 17:00:00+00:00,29479.25
2022-06-27 18:00:00+00:00,29285.5
2022-06-27 19:00:00+00:00,29102.75
2022-06-27 20:00:00+00:00,28229.5
2022-06-27 21:00:00+00:00,26189.5
2022-06-27 22:00:00+00:00,24852.75
2022-06-27 23:00:00+00:00,23620.25
2022-06-28 00:00:00+00:00,22600.5
2022-06-28 01:00:00+00:00,22109
2022-06-28 02:00:00+00:00,21939.5
2022-06-28 03:00:00+00:00,22516
2022-06-28 04:00:00+00:00,24208.75
2022-06-28 05:00:00+00:00,26412.25
2022-06-28 06:00:00+00:00,28126.25
2022-06-28 07:00:00+00:00,29432.25
2022-06-28 08:00:00+00:00,30250.25
2022-06-28 09:00:00+00:00,30793
2022-06-28 10:00:00+00:00,31315.75
2022-06-28 11:00:00+00:00,31674.5
2022-06-28 12:00:00+00:00,31361.75
2022-06-28 13:00:00+00:00,30607
2022-06-28 14:00:00+00:00,30455.25
2022-06-28 15:00:00+00:00,30472.25
2022-06-28 16:00:00+00:00,30278
2022-06-28 17:00:00+00:00,30194.25
2022-06-28 18:00:00+00:00,29963.75
2022-06-28 19:00:00+00:00,29678.75
2022-06-28 20:00:00+00:00,28791.75
2022-06-28 21:00:00+00:00,26703.75
2022-06-28 22:00:00+00:00,25650.25
2022-06-28 23:00:00+00:00,24490.75
2022-06-29 00:00:00+00:00,23454.5
2022-06-29 01:00:00+00:00,22996.75
2022-06-29 02:00:00+00:00,22941
2022-06-29 03:00:00+00:00,23376.25
2022-06-29 04:00:00+00:00,25001.25
2022-06-29 05:00:00+00:00,27067.25
2022-06-29 06:00:00+00:00,28760.25
2022-06-29 07:00:00+00:00,29998
2022-06-29 08:00:00+00:00,30796.75
2022-06-29 09:00:00+00:00,31267.5
2022-06-29 10:00:00+00:00,31838
2022-06-29 11:00:00+00:00,32160.25
2022-06-29 12:00:00+00:00,31790.75
2022-06-29 13:00:00+00:00,31078
2022-06-29 14:00:00+00:00,30927.25
2022-06-29 15:00:00+00:00,30939.5
2022-06-29 16:00:00+00:00,30610.75
2022-06-29 17:00:00+00:00,30506.5
2022-06-29 18:00:00+00:00,30311.5
2022-06-29 19:00:00+00:00,29895
2022-06-29 20:00:00+00:00,29076.75
2022-06-29 21:00:00+00:00,26963.25
2022-06-29 22:00:00+00:00,25742.75
2022-06-29 23:00:00+00:00,24382
2022-06-30 00:00:00+00:00,23360.75
2022-06-30 01:00:00+00:00,22918.75
2022-06-30 02:00:00+00:00,22783.75
2022-06-30 03:00:00+00:00,23181.25
2022-06-30 04:00:00+00:00,24776.25
2022-06-30 05:00:00+00:00,26609.75
2022-06-30 06:00:00+00:00,28108
2022-06-30 07:00:00+00:00,29590.25
2022-06-30 08:00:00+00:00,30383
2022-06-30 09:00:00+00:00,30801.25
2022-06-30 10:00:00+00:00,31373.25
2022-06-30 11:00:00+00:00,31712.75
2022-06-30 12:00:00+00:00,31339.25
2022-06-30 13:00:00+00:00,30542
2022-06-30 14:00:00+00:00,30345.25
2022-06-30 15:00:00+00:00,30356.25
2022-06-30 16:00:00+00:00,30022.25
2022-06-30 17:00:00+00:00,29762.25
2022-06-30 18:00:00+00:00,29478.25
2022-06-30 19:00:00+00:00,29108.5
2022-06-30 20:00:00+00:00,28492.5
2022-06-30 21:00:00+00:00,26416.75
2022-06-30 22:00:00+00:00,25706
2022-06-30 23:00:00+00:00,24417.25
2022-07-01 00:00:00+00:00,23433.75
2022-07-01 01:00:00+00:00,22949.75
2022-07-01 02:00:00+00:00,22784.75
2022-07-01 03:00:00+00:00,23106.5
2022-07-01 04:00:00+00:00,24666.5
2022-07-01 05:00:00+00:00,26285.5
2022-07-01 06:00:00+00:00,27719.75
2022-07-01 07:00:00+00:00,29103.25
2022-07-01 08:00:00+00:00,30017.25
2022-07-01 09:00:00+00:00,30490.5
2022-07-01 10:00:00+00:00,31102.5
2022-07-01 11:00:00+00:00,31494.25
2022-07-01 12:00:00+00:00,31190.5
2022-07-01 13:00:00+00:00,30461.25
2022-07-01 14:00:00+00:00,30190.25
2022-07-01 15:00:00+00:00,30073.75
2022-07-01 16:00:00+00:00,29698.25
2022-07-01 17:00:00+00:00,29437.5
2022-07-01 18:00:00+00:00,29022.25
2022-07-01 19:00:00+00:00,28752.75
2022-07-01 20:00:00+00:00,28287.75
2022-07-01 21:00:00+00:00,26459.75
2022-07-01 22:00:00+00:00,25478.75
2022-07-01 23:00:00+00:00,24225.25
2022-07-02 00:00:00+00:00,23041.25
2022-07-02 01:00:00+00:00,22336.5
2022-07-02 02:00:00+00:00,21933.75
2022-07-02 03:00:00+00:00,21715.75
2022-07-02 04:00:00+00:00,21659.75
2022-07-02 05:00:00+00:00,22206
2022-07-02 06:00:00+00:00,23752.25
2022-07-02 07:00:00+00:00,25573
2022-07-02 08:00:00+00:00,27089.5
2022-07-02 09:00:00+00:00,27814.25
2022-07-02 10:00:00+00:00,28194.5
2022-07-02 11:00:00+00:00,28675.75
2022-07-02 12:00:00+00:00,28385.5
2022-07-02 13:00:00+00:00,27380.5
2022-07-02 14:00:00+00:00,26706
2022-07-02 15:00:00+00:00,26611.75
2022-07-02 16:00:00+00:00,26866.75
2022-07-02 17:00:00+00:00,27109
2022-07-02 18:00:00+00:00,27006.75
2022-07-02 19:00:00+00:00,26787.25
2022-07-02 20:00:00+00:00,26561.5
2022-07-02 21:00:00+00:00,25051.75
2022-07-02 22:00:00+00:00,24334.25
2022-07-02 23:00:00+00:00,22981.25
2022-07-03 00:00:00+00:00,21982.25
2022-07-03 01:00:00+00:00,21292.5
2022-07-03 02:00:00+00:00,20867
2022-07-03 03:00:00+00:00,20779.75
2022-07-03 04:00:00+00:00,20676
2022-07-03 05:00:00+00:00,20391.5
2022-07-03 06:00:00+00:00,21107.25
2022-07-03 07:00:00+00:00,22710
2022-07-03 08:00:00+00:00,24332.5
2022-07-03 09:00:00+00:00,25221.25
2022-07-03 10:00:00+00:00,25809.75
2022-07-03 11:00:00+00:00,26510.5
2022-07-03 12:00:00+00:00,26791.75
2022-07-03 13:00:00+00:00,25954.25
2022-07-03 14:00:00+00:00,25355.5
2022-07-03 15:00:00+00:00,25240.75
2022-07-03 16:00:00+00:00,25429
2022-07-03 17:00:00+00:00,25824.5
2022-07-03 18:00:00+00:00,26341.75
2022-07-03 19:00:00+00:00,27006
2022-07-03 20:00:00+00:00,27401.5
2022-07-03 21:00:00+00:00,25732.5
2022-07-03 22:00:00+00:00,24332
2022-07-03 23:00:00+00:00,23042
2022-07-04 00:00:00+00:00,22091.25
2022-07-04 01:00:00+00:00,21623.75
2022-07-04 02:00:00+00:00,21553.75
2022-07-04 03:00:00+00:00,22228.5
2022-07-04 04:00:00+00:00,24357.5
2022-07-04 05:00:00+00:00,26710.25
2022-07-04 06:00:00+00:00,28640
2022-07-04 07:00:00+00:00,30153.5
2022-07-04 08:00:00+00:00,31274.5
2022-07-04 09:00:00+00:00,31949
2022-07-04 10:00:00+00:00,32707.5
2022-07-04 11:00:00+00:00,33220.5
2022-07-04 12:00:00+00:00,32954.5
2022-07-04 13:00:00+00:00,32504
2022-07-04 14:00:00+00:00,32463
2022-07-04 15:00:00+00:00,32463.75
2022-07-04 16:00:00+00:00,32055
2022-07-04 17:00:00+00:00,31796.75
2022-07-04 18:00:00+00:00,31241.5
2022-07-04 19:00:00+00:00,30841.75
2022-07-04 20:00:00+00:00,29912.5
2022-07-04 21:00:00+00:00,27770
2022-07-04 22:00:00+00:00,27030.25
2022-07-04 23:00:00+00:00,25639
2022-07-05 00:00:00+00:00,24513
2022-07-05 01:00:00+00:00,23968.75
2022-07-05 02:00:00+00:00,23702.25
2022-07-05 03:00:00+00:00,24097.75
2022-07-05 04:00:00+00:00,25780
2022-07-05 05:00:00+00:00,27879.5
2022-07-05 06:00:00+00:00,29407.5
2022-07-05 07:00:00+00:00,30850.5
2022-07-05 08:00:00+00:00,31828.5
2022-07-05 09:00:00+00:00,32614.75
2022-07-05 10:00:00+00:00,33368.5
2022-07-05 11:00:00+00:00,33886.25
2022-07-05 12:00:00+00:00,33615.75
2022-07-05 13:00:00+00:00,33133.25
2022-07-05 14:00:00+00:00,32917.75
2022-07-05 15:00:00+00:00,32901.25
2022-07-05 16:00:00+00:00,32526.5
2022-07-05 17:00:00+00:00,32296
2022-07-05 18:00:00+00:00,32021.25
2022-07-05 19:00:00+00:00,31468.75
2022-07-05 20:00:00+00:00,30707.75
2022-07-05 21:00:00+00:00,28571.75
2022-07-05 22:00:00+00:00,27174.5
2022-07-05 23:00:00+00:00,25611.75
2022-07-06 00:00:00+00:00,24449.75
2022-07-06 01:00:00+00:00,23985.75
2022-07-06 02:00:00+00:00,23722.5
2022-07-06 03:00:00+00:00,24105.75
2022-07-06 04:00:00+00:00,25836.75
2022-07-06 05:00:00+00:00,27922.25
2022-07-06 06:00:00+00:00,29338.75
2022-07-06 07:00:00+00:00,30804
2022-07-06 08:00:00+00:00,31954
2022-07-06 09:00:00+00:00,32661.75
2022-07-06 10:00:00+00:00,33456.5
2022-07-06 11:00:00+00:00,33947.5
2022-07-06 12:00:00+00:00,33731
2022-07-06 13:00:00+00:00,33097
2022-07-06 14:00:00+00:00,32822.25
2022-07-06 15:00:00+00:00,32650.75
2022-07-06 16:00:00+00:00,32071.25
2022-07-06 17:00:00+00:00,31720.75
2022-07-06 18:00:00+00:00,31331.25
2022-07-06 19:00:00+00:00,30964.75
2022-07-06 20:00:00+00:00,30212.5
2022-07-06 21:00:00+00:00,28240.25
2022-07-06 22:00:00+00:00,26649.75
2022-07-06 23:00:00+00:00,25225.5
2022-07-07 00:00:00+00:00,24177.25
2022-07-07 01:00:00+00:00,23777.5
2022-07-07 02:00:00+00:00,23525.75
2022-07-07 03:00:00+00:00,23910
2022-07-07 04:00:00+00:00,25513
2022-07-07 05:00:00+00:00,27436.5
2022-07-07 06:00:00+00:00,28985.75
2022-07-07 07:00:00+00:00,30290
2022-07-07 08:00:00+00:00,31326.5
2022-07-07 09:00:00+00:00,31930.25
2022-07-07 10:00:00+00:00,32673.25
2022-07-07 11:00:00+00:00,33140.75
2022-07-07 12:00:00+00:00,32910.75
2022-07-07 13:00:00+00:00,32276
2022-07-07 14:00:00+00:00,32032
2022-07-07 15:00:00+00:00,31911
2022-07-07 16:00:00+00:00,31305.5
2022-07-07 17:00:00+00:00,31009.75
2022-07-07 18:00:00+00:00,30703
2022-07-07 19:00:00+00:00,30391.5
2022-07-07 20:00:00+00:00,29813
2022-07-07 21:00:00+00:00,27892.25
2022-07-07 22:00:00+00:00,26998.25
2022-07-07 23:00:00+00:00,25532.75
2022-07-08 00:00:00+00:00,24487.75
2022-07-08 01:00:00+00:00,23956.5
2022-07-08 02:00:00+00:00,23734.5
2022-07-08 03:00:00+00:00,24093.5
2022-07-08 04:00:00+00:00,25719.5
2022-07-08 05:00:00+00:00,27608.75
2022-07-08 06:00:00+00:00,28944
2022-07-08 07:00:00+00:00,30311.5
2022-07-08 08:00:00+00:00,31415.75
2022-07-08 09:00:00+00:00,32159.25
2022-07-08 10:00:00+00:00,32877
2022-07-08 11:00:00+00:00,33358.75
2022-07-08 12:00:00+00:00,33189
2022-07-08 13:00:00+00:00,32579.5
2022-07-08 14:00:00+00:00,32261.25
2022-07-08 15:00:00+00:00,32137.5
2022-07-08 16:00:00+00:00,31688
2022-07-08 17:00:00+00:00,31421.75
2022-07-08 18:00:00+00:00,30823.5
2022-07-08 19:00:00+00:00,30214.25
2022-07-08 20:00:00+00:00,29728.5
2022-07-08 21:00:00+00:00,27942.25
2022-07-08 22:00:00+00:00,26982
2022-07-08 23:00:00+00:00,25564
2022-07-09 00:00:00+00:00,24279.25
2022-07-09 01:00:00+00:00,23522
2022-07-09 02:00:00+00:00,23026.75
2022-07-09 03:00:00+00:00,22786.75
2022-07-09 04:00:00+00:00,22767.5
2022-07-09 05:00:00+00:00,23310
2022-07-09 06:00:00+00:00,24742.5
2022-07-09 07:00:00+00:00,26457.75
2022-07-09 08:00:00+00:00,28042.5
2022-07-09 09:00:00+00:00,28889.5
2022-07-09 10:00:00+00:00,29421.5
2022-07-09 11:00:00+00:00,30038.5
2022-07-09 12:00:00+00:00,30009
2022-07-09 13:00:00+00:00,29285.75
2022-07-09 14:00:00+00:00,28739.25
2022-07-09 15:00:00+00:00,28511.75
2022-07-09 16:00:00+00:00,28524
2022-07-09 17:00:00+00:00,28640.75
2022-07-09 18:00:00+00:00,28640.75
2022-07-09 19:00:00+00:00,28397.5
2022-07-09 20:00:00+00:00,28152.75
2022-07-09 21:00:00+00:00,26753.5
2022-07-09 22:00:00+00:00,25169
2022-07-09 23:00:00+00:00,23776.5
2022-07-10 00:00:00+00:00,22564.75
2022-07-10 01:00:00+00:00,21769.25
2022-07-10 02:00:00+00:00,21282.5
2022-07-10 03:00:00+00:00,21102
2022-07-10 04:00:00+00:00,20928.5
2022-07-10 05:00:00+00:00,20663.25
2022-07-10 06:00:00+00:00,21355.5
2022-07-10 07:00:00+00:00,22894.75
2022-07-10 08:00:00+00:00,24627
2022-07-10 09:00:00+00:00,25716.25
2022-07-10 10:00:00+00:00,26599.75
2022-07-10 11:00:00+00:00,27609.5
2022-07-10 12:00:00+00:00,28196.25
2022-07-10 13:00:00+00:00,27621.75
2022-07-10 14:00:00+00:00,27141
2022-07-10 15:00:00+00:00,27001.5
2022-07-10 16:00:00+00:00,27201.25
2022-07-10 17:00:00+00:00,27464.5
2022-07-10 18:00:00+00:00,27670
2022-07-10 19:00:00+00:00,28026
2022-07-10 20:00:00+00:00,28606.25
2022-07-10 21:00:00+00:00,27098
2022-07-10 22:00:00+00:00,26002.25
2022-07-10 23:00:00+00:00,24473
2022-07-11 00:00:00+00:00,23470
2022-07-11 01:00:00+00:00,23012.5
2022-07-11 02:00:00+00:00,22877.75
2022-07-11 03:00:00+00:00,23423.25
2022-07-11 04:00:00+00:00,25576.25
2022-07-11 05:00:00+00:00,28006
2022-07-11 06:00:00+00:00,29843.75
2022-07-11 07:00:00+00:00,31568
2022-07-11 08:00:00+00:00,33077
2022-07-11 09:00:00+00:00,33958.25
2022-07-11 10:00:00+00:00,34953.5
2022-07-11 11:00:00+00:00,35803
2022-07-11 12:00:00+00:00,35960.5
2022-07-11 13:00:00+00:00,35671.5
2022-07-11 14:00:00+00:00,35577.75
2022-07-11 15:00:00+00:00,35488.25
2022-07-11 16:00:00+00:00,34821.75
2022-07-11 17:00:00+00:00,34408.5
2022-07-11 18:00:00+00:00,33791.25
2022-07-11 19:00:00+00:00,33053
2022-07-11 20:00:00+00:00,32262.5
2022-07-11 21:00:00+00:00,29954.25
2022-07-11 22:00:00+00:00,28916.75
2022-07-11 23:00:00+00:00,27303.75
2022-07-12 00:00:00+00:00,26010.25
2022-07-12 01:00:00+00:00,25425
2022-07-12 02:00:00+00:00,24982.75
2022-07-12 03:00:00+00:00,25319
2022-07-12 04:00:00+00:00,26992.5
2022-07-12 05:00:00+00:00,28930.75
2022-07-12 06:00:00+00:00,30684.75
2022-07-12 07:00:00+00:00,32445
2022-07-12 08:00:00+00:00,33812.5
2022-07-12 09:00:00+00:00,34760.25
2022-07-12 10:00:00+00:00,35757.75
2022-07-12 11:00:00+00:00,36603.5
2022-07-12 12:00:00+00:00,36694
2022-07-12 13:00:00+00:00,36333
2022-07-12 14:00:00+00:00,36082
2022-07-12 15:00:00+00:00,35945.25
2022-07-12 16:00:00+00:00,35318.25
2022-07-12 17:00:00+00:00,34943.75
2022-07-12 18:00:00+00:00,34135.5
2022-07-12 19:00:00+00:00,33331.75
2022-07-12 20:00:00+00:00,32610.75
2022-07-12 21:00:00+00:00,30453.5
2022-07-12 22:00:00+00:00,29525.25
2022-07-12 23:00:00+00:00,27870.25
2022-07-13 00:00:00+00:00,26565.75
2022-07-13 01:00:00+00:00,25904.5
2022-07-13 02:00:00+00:00,25459.5
2022-07-13 03:00:00+00:00,25704.75
2022-07-13 04:00:00+00:00,27349.75
2022-07-13 05:00:00+00:00,29374.75
2022-07-13 06:00:00+00:00,31219
2022-07-13 07:00:00+00:00,33058.75
2022-07-13 08:00:00+00:00,34684.5
2022-07-13 09:00:00+00:00,35781
2022-07-13 10:00:00+00:00,36984
2022-07-13 11:00:00+00:00,38164.75
2022-07-13 12:00:00+00:00,38428.25
2022-07-13 13:00:00+00:00,38008.25
2022-07-13 14:00:00+00:00,37713.75
2022-07-13 15:00:00+00:00,37439.25
2022-07-13 16:00:00+00:00,36620.25
2022-07-13 17:00:00+00:00,36086.25
2022-07-13 18:00:00+00:00,35257.25
2022-07-13 19:00:00+00:00,34358.75
2022-07-13 20:00:00+00:00,33661.75
2022-07-13 21:00:00+00:00,31672.25
2022-07-13 22:00:00+00:00,30140.5
2022-07-13 23:00:00+00:00,28424.5
2022-07-14 00:00:00+00:00,27060.5
2022-07-14 01:00:00+00:00,26315.25
2022-07-14 02:00:00+00:00,25857
2022-07-14 03:00:00+00:00,26038.75
2022-07-14 04:00:00+00:00,27690.75
2022-07-14 05:00:00+00:00,29576.75
2022-07-14 06:00:00+00:00,31279.5
2022-07-14 07:00:00+00:00,33180
2022-07-14 08:00:00+00:00,34766.5
2022-07-14 09:00:00+00:00,35825.25
2022-07-14 10:00:00+00:00,37000.75
2022-07-14 11:00:00+00:00,37928.5
2022-07-14 12:00:00+00:00,38173.25
2022-07-14 13:00:00+00:00,37904.5
2022-07-14 14:00:00+00:00,37740.25
2022-07-14 15:00:00+00:00,37469
2022-07-14 16:00:00+00:00,36651.25
2022-07-14 17:00:00+00:00,36139.75
2022-07-14 18:00:00+00:00,35308
2022-07-14 19:00:00+00:00,34457
2022-07-14 20:00:00+00:00,33774
2022-07-14 21:00:00+00:00,31660.75
2022-07-14 22:00:00+00:00,30277
2022-07-14 23:00:00+00:00,28446.5
2022-07-15 00:00:00+00:00,27139.25
2022-07-15 01:00:00+00:00,26430.5
2022-07-15 02:00:00+00:00,25940.25
2022-07-15 03:00:00+00:00,26129.75
2022-07-15 04:00:00+00:00,27747.25
2022-07-15 05:00:00+00:00,29599
2022-07-15 06:00:00+00:00,31271.5
2022-07-15 07:00:00+00:00,32978.5
2022-07-15 08:00:00+00:00,34519
2022-07-15 09:00:00+00:00,35526.75
2022-07-15 10:00:00+00:00,36767
2022-07-15 11:00:00+00:00,37580.5
2022-07-15 12:00:00+00:00,37805
2022-07-15 13:00:00+00:00,37309.25
2022-07-15 14:00:00+00:00,36954
2022-07-15 15:00:00+00:00,36625
2022-07-15 16:00:00+00:00,35916
2022-07-15 17:00:00+00:00,35422.5
2022-07-15 18:00:00+00:00,34459.5
2022-07-15 19:00:00+00:00,33458.25
2022-07-15 20:00:00+00:00,32954.75
2022-07-15 21:00:00+00:00,31167.25
2022-07-15 22:00:00+00:00,29565
2022-07-15 23:00:00+00:00,27952.75
2022-07-16 00:00:00+00:00,26713.5
2022-07-16 01:00:00+00:00,25749
2022-07-16 02:00:00+00:00,25186.25
2022-07-16 03:00:00+00:00,24751
2022-07-16 04:00:00+00:00,24500
2022-07-16 05:00:00+00:00,24667.75
2022-07-16 06:00:00+00:00,26185.75
2022-07-16 07:00:00+00:00,28214.75
2022-07-16 08:00:00+00:00,30057.75
2022-07-16 09:00:00+00:00,31261
2022-07-16 10:00:00+00:00,32252.25
2022-07-16 11:00:00+00:00,33217.75
2022-07-16 12:00:00+00:00,33517.5
2022-07-16 13:00:00+00:00,33190.25
2022-07-16 14:00:00+00:00,32821.75
2022-07-16 15:00:00+00:00,32598.25
2022-07-16 16:00:00+00:00,32314.25
2022-07-16 17:00:00+00:00,32221.25
2022-07-16 18:00:00+00:00,31679.5
2022-07-16 19:00:00+00:00,31125.5
2022-07-16 20:00:00+00:00,30955.25
2022-07-16 21:00:00+00:00,29517.25
2022-07-16 22:00:00+00:00,27339
2022-07-16 23:00:00+00:00,25782.25
2022-07-17 00:00:00+00:00,24599.75
2022-07-17 01:00:00+00:00,23717.25
2022-07-17 02:00:00+00:00,23250.5
2022-07-17 03:00:00+00:00,22988.5
2022-07-17 04:00:00+00:00,22664
2022-07-17 05:00:00+00:00,22274.25
2022-07-17 06:00:00+00:00,22894
2022-07-17 07:00:00+00:00,24294.5
2022-07-17 08:00:00+00:00,26157
2022-07-17 09:00:00+00:00,27481.5
2022-07-17 10:00:00+00:00,28558.5
2022-07-17 11:00:00+00:00,29724.75
2022-07-17 12:00:00+00:00,30529.75
2022-07-17 13:00:00+00:00,30126
2022-07-17 14:00:00+00:00,29731
2022-07-17 15:00:00+00:00,29587.5
2022-07-17 16:00:00+00:00,29611.25
2022-07-17 17:00:00+00:00,29919.5
2022-07-17 18:00:00+00:00,29942.25
2022-07-17 19:00:00+00:00,30392.5
2022-07-17 20:00:00+00:00,31109.75
2022-07-17 21:00:00+00:00,29573.75
2022-07-17 22:00:00+00:00,28011.25
2022-07-17 23:00:00+00:00,26388
2022-07-18 00:00:00+00:00,25129.25
2022-07-18 01:00:00+00:00,24454.75
2022-07-18 02:00:00+00:00,24088.75
2022-07-18 03:00:00+00:00,24446
2022-07-18 04:00:00+00:00,26825
2022-07-18 05:00:00+00:00,29156.5
2022-07-18 06:00:00+00:00,30985
2022-07-18 07:00:00+00:00,32879
2022-07-18 08:00:00+00:00,34375
2022-07-18 09:00:00+00:00,35291
2022-07-18 10:00:00+00:00,36363
2022-07-18 11:00:00+00:00,37203.25
2022-07-18 12:00:00+00:00,37475
2022-07-18 13:00:00+00:00,36959.5
2022-07-18 14:00:00+00:00,36776
2022-07-18 15:00:00+00:00,36465.75
2022-07-18 16:00:00+00:00,35763.25
2022-07-18 17:00:00+00:00,35298.5
2022-07-18 18:00:00+00:00,34758.75
2022-07-18 19:00:00+00:00,34215.5
2022-07-18 20:00:00+00:00,33447
2022-07-18 21:00:00+00:00,31182
2022-07-18 22:00:00+00:00,30466
2022-07-18 23:00:00+00:00,28580.5
2022-07-19 00:00:00+00:00,27141.25
2022-07-19 01:00:00+00:00,26479.5
2022-07-19 02:00:00+00:00,26030.5
2022-07-19 03:00:00+00:00,26263.25
2022-07-19 04:00:00+00:00,28023.5
2022-07-19 05:00:00+00:00,29852.75
2022-07-19 06:00:00+00:00,31461
2022-07-19 07:00:00+00:00,33144.75
2022-07-19 08:00:00+00:00,34324.25
2022-07-19 09:00:00+00:00,35207.25
2022-07-19 10:00:00+00:00,36153
2022-07-19 11:00:00+00:00,36938.5
2022-07-19 12:00:00+00:00,36948.25
2022-07-19 13:00:00+00:00,36441.5
2022-07-19 14:00:00+00:00,36335
2022-07-19 15:00:00+00:00,36074.25
2022-07-19 16:00:00+00:00,35340.25
2022-07-19 17:00:00+00:00,35009
2022-07-19 18:00:00+00:00,34459.75
2022-07-19 19:00:00+00:00,33944.75
2022-07-19 20:00:00+00:00,33113
2022-07-19 21:00:00+00:00,30969.25
2022-07-19 22:00:00+00:00,29403.75
2022-07-19 23:00:00+00:00,27743
2022-07-20 00:00:00+00:00,26402.25
2022-07-20 01:00:00+00:00,25741
2022-07-20 02:00:00+00:00,25421.5
2022-07-20 03:00:00+00:00,25667.5
2022-07-20 04:00:00+00:00,27429.5
2022-07-20 05:00:00+00:00,29254.75
2022-07-20 06:00:00+00:00,30846.25
2022-07-20 07:00:00+00:00,32402
2022-07-20 08:00:00+00:00,33597.5
2022-07-20 09:00:00+00:00,34390.5
2022-07-20 10:00:00+00:00,35293.75
2022-07-20 11:00:00+00:00,36016.25
2022-07-20 12:00:00+00:00,35984.75
2022-07-20 13:00:00+00:00,35396.25
2022-07-20 14:00:00+00:00,35215.5
2022-07-20 15:00:00+00:00,34936
2022-07-20 16:00:00+00:00,34171.75
2022-07-20 17:00:00+00:00,33597.25
2022-07-20 18:00:00+00:00,33143.25
2022-07-20 19:00:00+00:00,32830.25
2022-07-20 20:00:00+00:00,32124
2022-07-20 21:00:00+00:00,30085.75
2022-07-20 22:00:00+00:00,29599.5
2022-07-20 23:00:00+00:00,27898.75
2022-07-21 00:00:00+00:00,26630.25
2022-07-21 01:00:00+00:00,25946.25
2022-07-21 02:00:00+00:00,25551.5
2022-07-21 03:00:00+00:00,25780.5
2022-07-21 04:00:00+00:00,27444
2022-07-21 05:00:00+00:00,29312.25
2022-07-21 06:00:00+00:00,30841.5
2022-07-21 07:00:00+00:00,32464.5
2022-07-21 08:00:00+00:00,33563.5
2022-07-21 09:00:00+00:00,34769.75
2022-07-21 10:00:00+00:00,36001.25
2022-07-21 11:00:00+00:00,36812
2022-07-21 12:00:00+00:00,36924.75
2022-07-21 13:00:00+00:00,36484
2022-07-21 14:00:00+00:00,36397.75
2022-07-21 15:00:00+00:00,36138.5
2022-07-21 16:00:00+00:00,35468.75
2022-07-21 17:00:00+00:00,34995.25
2022-07-21 18:00:00+00:00,34363.75
2022-07-21 19:00:00+00:00,33785.5
2022-07-21 20:00:00+00:00,33144.25
2022-07-21 21:00:00+00:00,30975
2022-07-21 22:00:00+00:00,29823.75
2022-07-21 23:00:00+00:00,27980.5
2022-07-22 00:00:00+00:00,26743.25
2022-07-22 01:00:00+00:00,26103.25
2022-07-22 02:00:00+00:00,25771.25
2022-07-22 03:00:00+00:00,25971.25
2022-07-22 04:00:00+00:00,27535.5
2022-07-22 05:00:00+00:00,29261.75
2022-07-22 06:00:00+00:00,30811.75
2022-07-22 07:00:00+00:00,32525.75
2022-07-22 08:00:00+00:00,33882
2022-07-22 09:00:00+00:00,34847
2022-07-22 10:00:00+00:00,35839.25
2022-07-22 11:00:00+00:00,36603.5
2022-07-22 12:00:00+00:00,36646.25
2022-07-22 13:00:00+00:00,36095.25
2022-07-22 14:00:00+00:00,35855.75
2022-07-22 15:00:00+00:00,35669.75
2022-07-22 16:00:00+00:00,34986.75
2022-07-22 17:00:00+00:00,34524.5
2022-07-22 18:00:00+00:00,33729.5
2022-07-22 19:00:00+00:00,32975
2022-07-22 20:00:00+00:00,32321.5
2022-07-22 21:00:00+00:00,30305.25
2022-07-22 22:00:00+00:00,29137.25
2022-07-22 23:00:00+00:00,27582
2022-07-23 00:00:00+00:00,26178.75
2022-07-23 01:00:00+00:00,25319
2022-07-23 02:00:00+00:00,24832.75
2022-07-23 03:00:00+00:00,24433.75
2022-07-23 04:00:00+00:00,24421
2022-07-23 05:00:00+00:00,24714.5
2022-07-23 06:00:00+00:00,25983.75
2022-07-23 07:00:00+00:00,27622.5
2022-07-23 08:00:00+00:00,29465
2022-07-23 09:00:00+00:00,30479.75
2022-07-23 10:00:00+00:00,31299.5
2022-07-23 11:00:00+00:00,32045.75
2022-07-23 12:00:00+00:00,32111.75
2022-07-23 13:00:00+00:00,31563.25
2022-07-23 14:00:00+00:00,31088.75
2022-07-23 15:00:00+00:00,30811.75
2022-07-23 16:00:00+00:00,30745.5
2022-07-23 17:00:00+00:00,30756.75
2022-07-23 18:00:00+00:00,30522.25
2022-07-23 19:00:00+00:00,30375.25
2022-07-23 20:00:00+00:00,30029.25
2022-07-23 21:00:00+00:00,28423.5
2022-07-23 22:00:00+00:00,26929.5
2022-07-23 23:00:00+00:00,25271.25
2022-07-24 00:00:00+00:00,23987.75
2022-07-24 01:00:00+00:00,23126.5
2022-07-24 02:00:00+00:00,22576
2022-07-24 03:00:00+00:00,22221.75
2022-07-24 04:00:00+00:00,22068.5
2022-07-24 05:00:00+00:00,21718.75
2022-07-24 06:00:00+00:00,22355.5
2022-07-24 07:00:00+00:00,23833.75
2022-07-24 08:00:00+00:00,25621.25
2022-07-24 09:00:00+00:00,26855.5
2022-07-24 10:00:00+00:00,27888.75
2022-07-24 11:00:00+00:00,29049.5
2022-07-24 12:00:00+00:00,29736.25
2022-07-24 13:00:00+00:00,29354
2022-07-24 14:00:00+00:00,29047.5
2022-07-24 15:00:00+00:00,28892
2022-07-24 16:00:00+00:00,29030.75
2022-07-24 17:00:00+00:00,29310.75
2022-07-24 18:00:00+00:00,29523.25
2022-07-24 19:00:00+00:00,30107.5
2022-07-24 20:00:00+00:00,30771.75
2022-07-24 21:00:00+00:00,29179
2022-07-24 22:00:00+00:00,27875.25
2022-07-24 23:00:00+00:00,26201.25
2022-07-25 00:00:00+00:00,24982
2022-07-25 01:00:00+00:00,24251.25
2022-07-25 02:00:00+00:00,23785.5
2022-07-25 03:00:00+00:00,24060.25
2022-07-25 04:00:00+00:00,25768
2022-07-25 05:00:00+00:00,27135.75
2022-07-25 06:00:00+00:00,28552.75
2022-07-25 07:00:00+00:00,30324.75
2022-07-25 08:00:00+00:00,31627.25
2022-07-25 09:00:00+00:00,32747.5
2022-07-25 10:00:00+00:00,33803.5
2022-07-25 11:00:00+00:00,34778.5
2022-07-25 12:00:00+00:00,35171.5
2022-07-25 13:00:00+00:00,34935.75
2022-07-25 14:00:00+00:00,34757.75
2022-07-25 15:00:00+00:00,34549.5
2022-07-25 16:00:00+00:00,34051.25
2022-07-25 17:00:00+00:00,33672.5
2022-07-25 18:00:00+00:00,33389.75
2022-07-25 19:00:00+00:00,33172.25
2022-07-25 20:00:00+00:00,32676.25
2022-07-25 21:00:00+00:00,30591
2022-07-25 22:00:00+00:00,29300.5
2022-07-25 23:00:00+00:00,27461.25
2022-07-26 00:00:00+00:00,26178
2022-07-26 01:00:00+00:00,25486.75
2022-07-26 02:00:00+00:00,25047.25
2022-07-26 03:00:00+00:00,25272.75
2022-07-26 04:00:00+00:00,27165.75
2022-07-26 05:00:00+00:00,29148.5
2022-07-26 06:00:00+00:00,30804.75
2022-07-26 07:00:00+00:00,32478.5
2022-07-26 08:00:00+00:00,33825.5
2022-07-26 09:00:00+00:00,34731
2022-07-26 10:00:00+00:00,35792.5
2022-07-26 11:00:00+00:00,36506
2022-07-26 12:00:00+00:00,36539
2022-07-26 13:00:00+00:00,36168.5
2022-07-26 14:00:00+00:00,36014.5
2022-07-26 15:00:00+00:00,35785.25
2022-07-26 16:00:00+00:00,35251.75
2022-07-26 17:00:00+00:00,34758.25
2022-07-26 18:00:00+00:00,34112
2022-07-26 19:00:00+00:00,33602.5
2022-07-26 20:00:00+00:00,32739.5
2022-07-26 21:00:00+00:00,30622.75
2022-07-26 22:00:00+00:00,29480.75
2022-07-26 23:00:00+00:00,27726
2022-07-27 00:00:00+00:00,26423.25
2022-07-27 01:00:00+00:00,25792
2022-07-27 02:00:00+00:00,25397
2022-07-27 03:00:00+00:00,25630.5
2022-07-27 04:00:00+00:00,27349
2022-07-27 05:00:00+00:00,29199.25
2022-07-27 06:00:00+00:00,30884
2022-07-27 07:00:00+00:00,32243.75
2022-07-27 08:00:00+00:00,33441.5
2022-07-27 09:00:00+00:00,34319
2022-07-27 10:00:00+00:00,35356.75
2022-07-27 11:00:00+00:00,36041.25
2022-07-27 12:00:00+00:00,36004.25
2022-07-27 13:00:00+00:00,35451.75
2022-07-27 14:00:00+00:00,35324.75
2022-07-27 15:00:00+00:00,35091.5
2022-07-27 16:00:00+00:00,34532.5
2022-07-27 17:00:00+00:00,34205
2022-07-27 18:00:00+00:00,33722.25
2022-07-27 19:00:00+00:00,33370.5
2022-07-27 20:00:00+00:00,32436
2022-07-27 21:00:00+00:00,30369
2022-07-27 22:00:00+00:00,28410.5
2022-07-27 23:00:00+00:00,26857.25
2022-07-28 00:00:00+00:00,25678.25
2022-07-28 01:00:00+00:00,25031.5
2022-07-28 02:00:00+00:00,24680.75
2022-07-28 03:00:00+00:00,24892.75
2022-07-28 04:00:00+00:00,26573
2022-07-28 05:00:00+00:00,28316
2022-07-28 06:00:00+00:00,29750.25
2022-07-28 07:00:00+00:00,31378.75
2022-07-28 08:00:00+00:00,32644.5
2022-07-28 09:00:00+00:00,33562.75
2022-07-28 10:00:00+00:00,34501.75
2022-07-28 11:00:00+00:00,35170.25
2022-07-28 12:00:00+00:00,35094
2022-07-28 13:00:00+00:00,34598.75
2022-07-28 14:00:00+00:00,34473
2022-07-28 15:00:00+00:00,34354.5
2022-07-28 16:00:00+00:00,33839.25
2022-07-28 17:00:00+00:00,33433
2022-07-28 18:00:00+00:00,32886.75
2022-07-28 19:00:00+00:00,32518
2022-07-28 20:00:00+00:00,31756.25
2022-07-28 21:00:00+00:00,29865
2022-07-28 22:00:00+00:00,28824.75
2022-07-28 23:00:00+00:00,27241.25
2022-07-29 00:00:00+00:00,26016.25
2022-07-29 01:00:00+00:00,25373.75
2022-07-29 02:00:00+00:00,25011.5
2022-07-29 03:00:00+00:00,25228.5
2022-07-29 04:00:00+00:00,26932
2022-07-29 05:00:00+00:00,28740
2022-07-29 06:00:00+00:00,30265.25
2022-07-29 07:00:00+00:00,31820.75
2022-07-29 08:00:00+00:00,33100.75
2022-07-29 09:00:00+00:00,34029.75
2022-07-29 10:00:00+00:00,34936.5
2022-07-29 11:00:00+00:00,35541
2022-07-29 12:00:00+00:00,35406.75
2022-07-29 13:00:00+00:00,34773.75
2022-07-29 14:00:00+00:00,34542.5
2022-07-29 15:00:00+00:00,34268.25
2022-07-29 16:00:00+00:00,33779.5
2022-07-29 17:00:00+00:00,33323.5
2022-07-29 18:00:00+00:00,32662.75
2022-07-29 19:00:00+00:00,32037.25
2022-07-29 20:00:00+00:00,31227
2022-07-29 21:00:00+00:00,29371.75
2022-07-29 22:00:00+00:00,28144.25
2022-07-29 23:00:00+00:00,26681.5
2022-07-30 00:00:00+00:00,25324.5
2022-07-30 01:00:00+00:00,24405.25
2022-07-30 02:00:00+00:00,23806.75
2022-07-30 03:00:00+00:00,23469.25
2022-07-30 04:00:00+00:00,23498.5
2022-07-30 05:00:00+00:00,23719.75
2022-07-30 06:00:00+00:00,24937
2022-07-30 07:00:00+00:00,26812
2022-07-30 08:00:00+00:00,28438.5
2022-07-30 09:00:00+00:00,29273.5
2022-07-30 10:00:00+00:00,29955.5
2022-07-30 11:00:00+00:00,30609
2022-07-30 12:00:00+00:00,30580.75
2022-07-30 13:00:00+00:00,30027.5
2022-07-30 14:00:00+00:00,29573.5
2022-07-30 15:00:00+00:00,29295
2022-07-30 16:00:00+00:00,29202
2022-07-30 17:00:00+00:00,29242
2022-07-30 18:00:00+00:00,29188
2022-07-30 19:00:00+00:00,29253.75
2022-07-30 20:00:00+00:00,28866.75
2022-07-30 21:00:00+00:00,27417.25
2022-07-30 22:00:00+00:00,25898.75
2022-07-30 23:00:00+00:00,24489.75
2022-07-31 00:00:00+00:00,23246.5
2022-07-31 01:00:00+00:00,22441.5
2022-07-31 02:00:00+00:00,21927.5
2022-07-31 03:00:00+00:00,21667
2022-07-31 04:00:00+00:00,21662.75
2022-07-31 05:00:00+00:00,21230.75
2022-07-31 06:00:00+00:00,21795.5
2022-07-31 07:00:00+00:00,23187.25
2022-07-31 08:00:00+00:00,24802
2022-07-31 09:00:00+00:00,25911.75
2022-07-31 10:00:00+00:00,26849.25
2022-07-31 11:00:00+00:00,27891.25
2022-07-31 12:00:00+00:00,28552
2022-07-31 13:00:00+00:00,28199.5
2022-07-31 14:00:00+00:00,27786.5
2022-07-31 15:00:00+00:00,27597.25
2022-07-31 16:00:00+00:00,27696.25
2022-07-31 17:00:00+00:00,27829.5
2022-07-31 18:00:00+00:00,28074.75
2022-07-31 19:00:00+00:00,28971.25
2022-07-31 20:00:00+00:00,29384.5
2022-07-31 21:00:00+00:00,27915.5
2022-07-31 22:00:00+00:00,26754
2022-07-31 23:00:00+00:00,25179.25
2022-08-01 00:00:00+00:00,24045.25
2022-08-01 01:00:00+00:00,23289
2022-08-01 02:00:00+00:00,23010.25
2022-08-01 03:00:00+00:00,23430.75
2022-08-01 04:00:00+00:00,25469.75
2022-08-01 05:00:00+00:00,27358
2022-08-01 06:00:00+00:00,29131
2022-08-01 07:00:00+00:00,31103.75
2022-08-01 08:00:00+00:00,32586
2022-08-01 09:00:00+00:00,33755.25
2022-08-01 10:00:00+00:00,34769.25
2022-08-01 11:00:00+00:00,35735.5
2022-08-01 12:00:00+00:00,36007.25
2022-08-01 13:00:00+00:00,35542.75
2022-08-01 14:00:00+00:00,35360.75
2022-08-01 15:00:00+00:00,35214.25
2022-08-01 16:00:00+00:00,34663
2022-08-01 17:00:00+00:00,34109
2022-08-01 18:00:00+00:00,33440.25
2022-08-01 19:00:00+00:00,33334.25
2022-08-01 20:00:00+00:00,32442.25
2022-08-01 21:00:00+00:00,30397.75
2022-08-01 22:00:00+00:00,28265.25
2022-08-01 23:00:00+00:00,26706
2022-08-02 00:00:00+00:00,25460.25
2022-08-02 01:00:00+00:00,24678.5
2022-08-02 02:00:00+00:00,24302.5
2022-08-02 03:00:00+00:00,24554.75
2022-08-02 04:00:00+00:00,26297.5
2022-08-02 05:00:00+00:00,27806.25
2022-08-02 06:00:00+00:00,29411
2022-08-02 07:00:00+00:00,31229.5
2022-08-02 08:00:00+00:00,32743.75
2022-08-02 09:00:00+00:00,33917
2022-08-02 10:00:00+00:00,34980
2022-08-02 11:00:00+00:00,35899.5
2022-08-02 12:00:00+00:00,36124
2022-08-02 13:00:00+00:00,35755.5
2022-08-02 14:00:00+00:00,35496.25
2022-08-02 15:00:00+00:00,35168.25
2022-08-02 16:00:00+00:00,34647.25
2022-08-02 17:00:00+00:00,34175
2022-08-02 18:00:00+00:00,33606.25
2022-08-02 19:00:00+00:00,33519.75
2022-08-02 20:00:00+00:00,32642.5
2022-08-02 21:00:00+00:00,30394.75
2022-08-02 22:00:00+00:00,28537.25
2022-08-02 23:00:00+00:00,26911
2022-08-03 00:00:00+00:00,25649.25
2022-08-03 01:00:00+00:00,24863.75
2022-08-03 02:00:00+00:00,24556
2022-08-03 03:00:00+00:00,24778.75
2022-08-03 04:00:00+00:00,26454
2022-08-03 05:00:00+00:00,27921.75
2022-08-03 06:00:00+00:00,29339.25
2022-08-03 07:00:00+00:00,31148
2022-08-03 08:00:00+00:00,32667.75
2022-08-03 09:00:00+00:00,33773.25
2022-08-03 10:00:00+00:00,34950.75
2022-08-03 11:00:00+00:00,35903.75
2022-08-03 12:00:00+00:00,36125.75
2022-08-03 13:00:00+00:00,35657.25
2022-08-03 14:00:00+00:00,35403.25
2022-08-03 15:00:00+00:00,35057.75
2022-08-03 16:00:00+00:00,34302
2022-08-03 17:00:00+00:00,33709.25
2022-08-03 18:00:00+00:00,33110
2022-08-03 19:00:00+00:00,33061
2022-08-03 20:00:00+00:00,32208.25
2022-08-03 21:00:00+00:00,30056.5
2022-08-03 22:00:00+00:00,28487.75
2022-08-03 23:00:00+00:00,26745.25
2022-08-04 00:00:00+00:00,25495
2022-08-04 01:00:00+00:00,24703
2022-08-04 02:00:00+00:00,24356
2022-08-04 03:00:00+00:00,24563.25
2022-08-04 04:00:00+00:00,26254
2022-08-04 05:00:00+00:00,27762
2022-08-04 06:00:00+00:00,29125.75
2022-08-04 07:00:00+00:00,30900.75
2022-08-04 08:00:00+00:00,32314
2022-08-04 09:00:00+00:00,33296.5
2022-08-04 10:00:00+00:00,34400.5
2022-08-04 11:00:00+00:00,35333.25
2022-08-04 12:00:00+00:00,35521.5
2022-08-04 13:00:00+00:00,35099.75
2022-08-04 14:00:00+00:00,34894.75
2022-08-04 15:00:00+00:00,34542.75
2022-08-04 16:00:00+00:00,33866.75
2022-08-04 17:00:00+00:00,33261.25
2022-08-04 18:00:00+00:00,32745.75
2022-08-04 19:00:00+00:00,32535.75
2022-08-04 20:00:00+00:00,31725
2022-08-04 21:00:00+00:00,29699.25
2022-08-04 22:00:00+00:00,27994
2022-08-04 23:00:00+00:00,26398.5
2022-08-05 00:00:00+00:00,25168.5
2022-08-05 01:00:00+00:00,24462
2022-08-05 02:00:00+00:00,24079.75
2022-08-05 03:00:00+00:00,24297.25
2022-08-05 04:00:00+00:00,25923.25
2022-08-05 05:00:00+00:00,27343.5
2022-08-05 06:00:00+00:00,28638.5
2022-08-05 07:00:00+00:00,30340.25
2022-08-05 08:00:00+00:00,31801.75
2022-08-05 09:00:00+00:00,32770.75
2022-08-05 10:00:00+00:00,33735.25
2022-08-05 11:00:00+00:00,34546.75
2022-08-05 12:00:00+00:00,34549.5
2022-08-05 13:00:00+00:00,33883.75
2022-08-05 14:00:00+00:00,33562.75
2022-08-05 15:00:00+00:00,33248
2022-08-05 16:00:00+00:00,32542.75
2022-08-05 17:00:00+00:00,31941
2022-08-05 18:00:00+00:00,31342
2022-08-05 19:00:00+00:00,31219.25
2022-08-05 20:00:00+00:00,30391.25
2022-08-05 21:00:00+00:00,28574.75
2022-08-05 22:00:00+00:00,26684.75
2022-08-05 23:00:00+00:00,25379.5
2022-08-06 00:00:00+00:00,24185.25
2022-08-06 01:00:00+00:00,23302.75
2022-08-06 02:00:00+00:00,22726.25
2022-08-06 03:00:00+00:00,22439.25
2022-08-06 04:00:00+00:00,22692.5
2022-08-06 05:00:00+00:00,22884
2022-08-06 06:00:00+00:00,23692.75
2022-08-06 07:00:00+00:00,25315
2022-08-06 08:00:00+00:00,27042.5
2022-08-06 09:00:00+00:00,27954.25
2022-08-06 10:00:00+00:00,28771.75
2022-08-06 11:00:00+00:00,29607.5
2022-08-06 12:00:00+00:00,29852.75
2022-08-06 13:00:00+00:00,29727.25
2022-08-06 14:00:00+00:00,29458.25
2022-08-06 15:00:00+00:00,29133.75
2022-08-06 16:00:00+00:00,28897.5
2022-08-06 17:00:00+00:00,28805.25
2022-08-06 18:00:00+00:00,28585.75
2022-08-06 19:00:00+00:00,28867
2022-08-06 20:00:00+00:00,28075.25
2022-08-06 21:00:00+00:00,26371
2022-08-06 22:00:00+00:00,25107.5
2022-08-06 23:00:00+00:00,23725.5
2022-08-07 00:00:00+00:00,22561
2022-08-07 01:00:00+00:00,21792.5
2022-08-07 02:00:00+00:00,21368.75
2022-08-07 03:00:00+00:00,21122
2022-08-07 04:00:00+00:00,21205.5
2022-08-07 05:00:00+00:00,20766.25
2022-08-07 06:00:00+00:00,21344.5
2022-08-07 07:00:00+00:00,22579.25
2022-08-07 08:00:00+00:00,24035
2022-08-07 09:00:00+00:00,25060.5
2022-08-07 10:00:00+00:00,25885.75
2022-08-07 11:00:00+00:00,26890.25
2022-08-07 12:00:00+00:00,27567.25
2022-08-07 13:00:00+00:00,27400
2022-08-07 14:00:00+00:00,27144
2022-08-07 15:00:00+00:00,27082
2022-08-07 16:00:00+00:00,27215
2022-08-07 17:00:00+00:00,27374.25
2022-08-07 18:00:00+00:00,27404.25
2022-08-07 19:00:00+00:00,28363.75
2022-08-07 20:00:00+00:00,28603.5
2022-08-07 21:00:00+00:00,27152
2022-08-07 22:00:00+00:00,25626.25
2022-08-07 23:00:00+00:00,24156.5
2022-08-08 00:00:00+00:00,22969.75
2022-08-08 01:00:00+00:00,22319.75
2022-08-08 02:00:00+00:00,21959
2022-08-08 03:00:00+00:00,22199.25
2022-08-08 04:00:00+00:00,23984.75
2022-08-08 05:00:00+00:00,25624.25
2022-08-08 06:00:00+00:00,27145
2022-08-08 07:00:00+00:00,29015
2022-08-08 08:00:00+00:00,30577.75
2022-08-08 09:00:00+00:00,31460.5
2022-08-08 10:00:00+00:00,32334.25
2022-08-08 11:00:00+00:00,33365
2022-08-08 12:00:00+00:00,33728.25
2022-08-08 13:00:00+00:00,33127.75
2022-08-08 14:00:00+00:00,32718.75
2022-08-08 15:00:00+00:00,32683.5
2022-08-08 16:00:00+00:00,32170
2022-08-08 17:00:00+00:00,31540.75
2022-08-08 18:00:00+00:00,30972.5
2022-08-08 19:00:00+00:00,31326.25
2022-08-08 20:00:00+00:00,30229
2022-08-08 21:00:00+00:00,28366
2022-08-08 22:00:00+00:00,26521
2022-08-08 23:00:00+00:00,24978.25
2022-08-09 00:00:00+00:00,23760.5
2022-08-09 01:00:00+00:00,23123.75
2022-08-09 02:00:00+00:00,22809.5
2022-08-09 03:00:00+00:00,23011.5
2022-08-09 04:00:00+00:00,24615.75
2022-08-09 05:00:00+00:00,25940.5
2022-08-09 06:00:00+00:00,27190.75
2022-08-09 07:00:00+00:00,28922
2022-08-09 08:00:00+00:00,30301.75
2022-08-09 09:00:00+00:00,31093.25
2022-08-09 10:00:00+00:00,31955.75
2022-08-09 11:00:00+00:00,32888.25
2022-08-09 12:00:00+00:00,33160
2022-08-09 13:00:00+00:00,32659.75
2022-08-09 14:00:00+00:00,32436
2022-08-09 15:00:00+00:00,32296.25
2022-08-09 16:00:00+00:00,31925.5
2022-08-09 17:00:00+00:00,31402.75
2022-08-09 18:00:00+00:00,30940.75
2022-08-09 19:00:00+00:00,31215.75
2022-08-09 20:00:00+00:00,30143
2022-08-09 21:00:00+00:00,28053.5
2022-08-09 22:00:00+00:00,26816
2022-08-09 23:00:00+00:00,25293.75
2022-08-10 00:00:00+00:00,24039.25
2022-08-10 01:00:00+00:00,23220.75
2022-08-10 02:00:00+00:00,22866.5
2022-08-10 03:00:00+00:00,23100.25
2022-08-10 04:00:00+00:00,24659
2022-08-10 05:00:00+00:00,25988
2022-08-10 06:00:00+00:00,27172.25
2022-08-10 07:00:00+00:00,28967.25
2022-08-10 08:00:00+00:00,30403.5
2022-08-10 09:00:00+00:00,31412.75
2022-08-10 10:00:00+00:00,32442.75
2022-08-10 11:00:00+00:00,33473.75
2022-08-10 12:00:00+00:00,33739.75
2022-08-10 13:00:00+00:00,33206.75
2022-08-10 14:00:00+00:00,32929.25
2022-08-10 15:00:00+00:00,32635.5
2022-08-10 16:00:00+00:00,32086.25
2022-08-10 17:00:00+00:00,31491.25
2022-08-10 18:00:00+00:00,30865.25
2022-08-10 19:00:00+00:00,31221.25
2022-08-10 20:00:00+00:00,30372.25
2022-08-10 21:00:00+00:00,28256
2022-08-10 22:00:00+00:00,27203
2022-08-10 23:00:00+00:00,25621.5
2022-08-11 00:00:00+00:00,24414.75
2022-08-11 01:00:00+00:00,23698.25
2022-08-11 02:00:00+00:00,23354.5
2022-08-11 03:00:00+00:00,23549
2022-08-11 04:00:00+00:00,24964.25
2022-08-11 05:00:00+00:00,26247.25
2022-08-11 06:00:00+00:00,27410.5
2022-08-11 07:00:00+00:00,29118
2022-08-11 08:00:00+00:00,30540
2022-08-11 09:00:00+00:00,31623.75
2022-08-11 10:00:00+00:00,32682
2022-08-11 11:00:00+00:00,33657
2022-08-11 12:00:00+00:00,33957.5
2022-08-11 13:00:00+00:00,33440
2022-08-11 14:00:00+00:00,33293.75
2022-08-11 15:00:00+00:00,33032.5
2022-08-11 16:00:00+00:00,32389.75
2022-08-11 17:00:00+00:00,31920.75
2022-08-11 18:00:00+00:00,31546.5
2022-08-11 19:00:00+00:00,31797.5
2022-08-11 20:00:00+00:00,30771.75
2022-08-11 21:00:00+00:00,28537.5
2022-08-11 22:00:00+00:00,27287
2022-08-11 23:00:00+00:00,25711.5
2022-08-12 00:00:00+00:00,24453.5
2022-08-12 01:00:00+00:00,23780.25
2022-08-12 02:00:00+00:00,23376.25
2022-08-12 03:00:00+00:00,23516.5
2022-08-12 04:00:00+00:00,24955
2022-08-12 05:00:00+00:00,26117.75
2022-08-12 06:00:00+00:00,27455.75
2022-08-12 07:00:00+00:00,28998
2022-08-12 08:00:00+00:00,30399.5
2022-08-12 09:00:00+00:00,31402.25
2022-08-12 10:00:00+00:00,32335.25
2022-08-12 11:00:00+00:00,33171.25
2022-08-12 12:00:00+00:00,33407.5
2022-08-12 13:00:00+00:00,32603.5
2022-08-12 14:00:00+00:00,32359
2022-08-12 15:00:00+00:00,32435.75
2022-08-12 16:00:00+00:00,31898.25
2022-08-12 17:00:00+00:00,31365.75
2022-08-12 18:00:00+00:00,30748.5
2022-08-12 19:00:00+00:00,30912.75
2022-08-12 20:00:00+00:00,29861
2022-08-12 21:00:00+00:00,27855.5
2022-08-12 22:00:00+00:00,27131.25
2022-08-12 23:00:00+00:00,25699.5
2022-08-13 00:00:00+00:00,24516.25
2022-08-13 01:00:00+00:00,23638
2022-08-13 02:00:00+00:00,23052.75
2022-08-13 03:00:00+00:00,22759
2022-08-13 04:00:00+00:00,23152
2022-08-13 05:00:00+00:00,23243.25
2022-08-13 06:00:00+00:00,23942.75
2022-08-13 07:00:00+00:00,25456
2022-08-13 08:00:00+00:00,26984.75
2022-08-13 09:00:00+00:00,27960
2022-08-13 10:00:00+00:00,28746.75
2022-08-13 11:00:00+00:00,29706
2022-08-13 12:00:00+00:00,30031.5
2022-08-13 13:00:00+00:00,29800
2022-08-13 14:00:00+00:00,29771.5
2022-08-13 15:00:00+00:00,29721
2022-08-13 16:00:00+00:00,29455.25
2022-08-13 17:00:00+00:00,29257.75
2022-08-13 18:00:00+00:00,29077.25
2022-08-13 19:00:00+00:00,29763.5
2022-08-13 20:00:00+00:00,28735.5
2022-08-13 21:00:00+00:00,26952.5
2022-08-13 22:00:00+00:00,25186.25
2022-08-13 23:00:00+00:00,23877.25
2022-08-14 00:00:00+00:00,22825.5
2022-08-14 01:00:00+00:00,21974.75
2022-08-14 02:00:00+00:00,21341.5
2022-08-14 03:00:00+00:00,21216.25
2022-08-14 04:00:00+00:00,21207.25
2022-08-14 05:00:00+00:00,20814.25
2022-08-14 06:00:00+00:00,21120.25
2022-08-14 07:00:00+00:00,22290.75
2022-08-14 08:00:00+00:00,23503.25
2022-08-14 09:00:00+00:00,24411
2022-08-14 10:00:00+00:00,25170.5
2022-08-14 11:00:00+00:00,26019
2022-08-14 12:00:00+00:00,26639.25
2022-08-14 13:00:00+00:00,26651.25
2022-08-14 14:00:00+00:00,26247
2022-08-14 15:00:00+00:00,26047
2022-08-14 16:00:00+00:00,26066.75
2022-08-14 17:00:00+00:00,26258.25
2022-08-14 18:00:00+00:00,26462.75
2022-08-14 19:00:00+00:00,27673
2022-08-14 20:00:00+00:00,27692
2022-08-14 21:00:00+00:00,26338.75
2022-08-14 22:00:00+00:00,23994.25
2022-08-14 23:00:00+00:00,22675
2022-08-15 00:00:00+00:00,21759.25
2022-08-15 01:00:00+00:00,21086.25
2022-08-15 02:00:00+00:00,20725.75
2022-08-15 03:00:00+00:00,20722
2022-08-15 04:00:00+00:00,21101.75
2022-08-15 05:00:00+00:00,20737
2022-08-15 06:00:00+00:00,20630.25
2022-08-15 07:00:00+00:00,21589.25
2022-08-15 08:00:00+00:00,22706
2022-08-15 09:00:00+00:00,23782.75
2022-08-15 10:00:00+00:00,24454.5
2022-08-15 11:00:00+00:00,25259
2022-08-15 12:00:00+00:00,26044
2022-08-15 13:00:00+00:00,25808
2022-08-15 14:00:00+00:00,25246.5
2022-08-15 15:00:00+00:00,24798.5
2022-08-15 16:00:00+00:00,24790.25
2022-08-15 17:00:00+00:00,24998.25
2022-08-15 18:00:00+00:00,25497
2022-08-15 19:00:00+00:00,26974
2022-08-15 20:00:00+00:00,27149.75
2022-08-15 21:00:00+00:00,25748
2022-08-15 22:00:00+00:00,24333.5
2022-08-15 23:00:00+00:00,23053.5
2022-08-16 00:00:00+00:00,22048.75
2022-08-16 01:00:00+00:00,21502.75
2022-08-16 02:00:00+00:00,21197.25
2022-08-16 03:00:00+00:00,21499.5
2022-08-16 04:00:00+00:00,23163.25
2022-08-16 05:00:00+00:00,24683.25
2022-08-16 06:00:00+00:00,26055.5
2022-08-16 07:00:00+00:00,27678.5
2022-08-16 08:00:00+00:00,28974
2022-08-16 09:00:00+00:00,29639.25
2022-08-16 10:00:00+00:00,30209
2022-08-16 11:00:00+00:00,30854.25
2022-08-16 12:00:00+00:00,30854.25
2022-08-16 13:00:00+00:00,30212
2022-08-16 14:00:00+00:00,30093.25
2022-08-16 15:00:00+00:00,30268.25
2022-08-16 16:00:00+00:00,29982.5
2022-08-16 17:00:00+00:00,29565
2022-08-16 18:00:00+00:00,29327.25
2022-08-16 19:00:00+00:00,30173.25
2022-08-16 20:00:00+00:00,28957.5
2022-08-16 21:00:00+00:00,26701.75
2022-08-16 22:00:00+00:00,24824
2022-08-16 23:00:00+00:00,23482.25
2022-08-17 00:00:00+00:00,22445.5
2022-08-17 01:00:00+00:00,21808.75
2022-08-17 02:00:00+00:00,21474.5
2022-08-17 03:00:00+00:00,21670.75
2022-08-17 04:00:00+00:00,23174.25
2022-08-17 05:00:00+00:00,24403.75
2022-08-17 06:00:00+00:00,25232.25
2022-08-17 07:00:00+00:00,26627
2022-08-17 08:00:00+00:00,27634.5
2022-08-17 09:00:00+00:00,28347.25
2022-08-17 10:00:00+00:00,29016.5
2022-08-17 11:00:00+00:00,29650.25
2022-08-17 12:00:00+00:00,29573.75
2022-08-17 13:00:00+00:00,28753.75
2022-08-17 14:00:00+00:00,28624.25
2022-08-17 15:00:00+00:00,28577.5
2022-08-17 16:00:00+00:00,28315.25
2022-08-17 17:00:00+00:00,28047.75
2022-08-17 18:00:00+00:00,28056
2022-08-17 19:00:00+00:00,29044.25
2022-08-17 20:00:00+00:00,27687.5
2022-08-17 21:00:00+00:00,25609.5
2022-08-17 22:00:00+00:00,24460.75
2022-08-17 23:00:00+00:00,23126.75
2022-08-18 00:00:00+00:00,22169
2022-08-18 01:00:00+00:00,21633
2022-08-18 02:00:00+00:00,21341
2022-08-18 03:00:00+00:00,21560.75
2022-08-18 04:00:00+00:00,22987.5
2022-08-18 05:00:00+00:00,24163
2022-08-18 06:00:00+00:00,24939
2022-08-18 07:00:00+00:00,26159.5
2022-08-18 08:00:00+00:00,27026
2022-08-18 09:00:00+00:00,27627.5
2022-08-18 10:00:00+00:00,28208.25
2022-08-18 11:00:00+00:00,28786.75
2022-08-18 12:00:00+00:00,28773
2022-08-18 13:00:00+00:00,28066.25
2022-08-18 14:00:00+00:00,27887.25
2022-08-18 15:00:00+00:00,27947.25
2022-08-18 16:00:00+00:00,27748.5
2022-08-18 17:00:00+00:00,27493
2022-08-18 18:00:00+00:00,27686.75
2022-08-18 19:00:00+00:00,28667.75
2022-08-18 20:00:00+00:00,27445
2022-08-18 21:00:00+00:00,25605.5
2022-08-18 22:00:00+00:00,24301
2022-08-18 23:00:00+00:00,23005.5
2022-08-19 00:00:00+00:00,22085.5
2022-08-19 01:00:00+00:00,21525.5
2022-08-19 02:00:00+00:00,21352
2022-08-19 03:00:00+00:00,21549.75
2022-08-19 04:00:00+00:00,22960.25
2022-08-19 05:00:00+00:00,24099.5
2022-08-19 06:00:00+00:00,24730
2022-08-19 07:00:00+00:00,25841.5
2022-08-19 08:00:00+00:00,26873
2022-08-19 09:00:00+00:00,27538.75
2022-08-19 10:00:00+00:00,28181.5
2022-08-19 11:00:00+00:00,28774.75
2022-08-19 12:00:00+00:00,28802.25
2022-08-19 13:00:00+00:00,27986.25
2022-08-19 14:00:00+00:00,27735.75
2022-08-19 15:00:00+00:00,27653
2022-08-19 16:00:00+00:00,27542.5
2022-08-19 17:00:00+00:00,27437.25
2022-08-19 18:00:00+00:00,27318.75
2022-08-19 19:00:00+00:00,28132.5
2022-08-19 20:00:00+00:00,26973.25
2022-08-19 21:00:00+00:00,25125
2022-08-19 22:00:00+00:00,24496.25
2022-08-19 23:00:00+00:00,23294
2022-08-20 00:00:00+00:00,22203
2022-08-20 01:00:00+00:00,21468.75
2022-08-20 02:00:00+00:00,21029.75
2022-08-20 03:00:00+00:00,20823
2022-08-20 04:00:00+00:00,21147.25
2022-08-20 05:00:00+00:00,21304.75
2022-08-20 06:00:00+00:00,21929
2022-08-20 07:00:00+00:00,23413.75
2022-08-20 08:00:00+00:00,24913
2022-08-20 09:00:00+00:00,25533
2022-08-20 10:00:00+00:00,26026.75
2022-08-20 11:00:00+00:00,26589
2022-08-20 12:00:00+00:00,26642.5
2022-08-20 13:00:00+00:00,26139
2022-08-20 14:00:00+00:00,25738.5
2022-08-20 15:00:00+00:00,25724.75
2022-08-20 16:00:00+00:00,25919
2022-08-20 17:00:00+00:00,26132.75
2022-08-20 18:00:00+00:00,26361.25
2022-08-20 19:00:00+00:00,27317.5
2022-08-20 20:00:00+00:00,26164.5
2022-08-20 21:00:00+00:00,24443.25
2022-08-20 22:00:00+00:00,23798.75
2022-08-20 23:00:00+00:00,22559
2022-08-21 00:00:00+00:00,21511.25
2022-08-21 01:00:00+00:00,20837.75
2022-08-21 02:00:00+00:00,20389.75
2022-08-21 03:00:00+00:00,20139
2022-08-21 04:00:00+00:00,20293.25
2022-08-21 05:00:00+00:00,20053.75
2022-08-21 06:00:00+00:00,20348.25
2022-08-21 07:00:00+00:00,21495
2022-08-21 08:00:00+00:00,22693.75
2022-08-21 09:00:00+00:00,23499.75
2022-08-21 10:00:00+00:00,24147.5
2022-08-21 11:00:00+00:00,24974.75
2022-08-21 12:00:00+00:00,25419.5
2022-08-21 13:00:00+00:00,24994.75
2022-08-21 14:00:00+00:00,24701.25
2022-08-21 15:00:00+00:00,24802.25
2022-08-21 16:00:00+00:00,25243
2022-08-21 17:00:00+00:00,25597.5
2022-08-21 18:00:00+00:00,25779.75
2022-08-21 19:00:00+00:00,27196.75
2022-08-21 20:00:00+00:00,26763
2022-08-21 21:00:00+00:00,25192.25
2022-08-21 22:00:00+00:00,24197
2022-08-21 23:00:00+00:00,22833
2022-08-22 00:00:00+00:00,21952.75
2022-08-22 01:00:00+00:00,21442.5
2022-08-22 02:00:00+00:00,21214
2022-08-22 03:00:00+00:00,21597.25
2022-08-22 04:00:00+00:00,23470.75
2022-08-22 05:00:00+00:00,25073.75
2022-08-22 06:00:00+00:00,26334.25
2022-08-22 07:00:00+00:00,28112.25
2022-08-22 08:00:00+00:00,29460.25
2022-08-22 09:00:00+00:00,30283.25
2022-08-22 10:00:00+00:00,31141.75
2022-08-22 11:00:00+00:00,31887.5
2022-08-22 12:00:00+00:00,31931.5
2022-08-22 13:00:00+00:00,31149.75
2022-08-22 14:00:00+00:00,30922.5
2022-08-22 15:00:00+00:00,30955.5
2022-08-22 16:00:00+00:00,30681
2022-08-22 17:00:00+00:00,30295.25
2022-08-22 18:00:00+00:00,30197.25
2022-08-22 19:00:00+00:00,30981
2022-08-22 20:00:00+00:00,29340.25
2022-08-22 21:00:00+00:00,27109.25
2022-08-22 22:00:00+00:00,26151
2022-08-22 23:00:00+00:00,24704
2022-08-23 00:00:00+00:00,23667
2022-08-23 01:00:00+00:00,23116.75
2022-08-23 02:00:00+00:00,22849
2022-08-23 03:00:00+00:00,23102.5
2022-08-23 04:00:00+00:00,24760.25
2022-08-23 05:00:00+00:00,26106.75
2022-08-23 06:00:00+00:00,26939.75
2022-08-23 07:00:00+00:00,28509
2022-08-23 08:00:00+00:00,29575.75
2022-08-23 09:00:00+00:00,30411.25
2022-08-23 10:00:00+00:00,31245
2022-08-23 11:00:00+00:00,32078.75
2022-08-23 12:00:00+00:00,32157.75
2022-08-23 13:00:00+00:00,31458.75
2022-08-23 14:00:00+00:00,31313.75
2022-08-23 15:00:00+00:00,31245.75
2022-08-23 16:00:00+00:00,30925.75
2022-08-23 17:00:00+00:00,30594
2022-08-23 18:00:00+00:00,30417
2022-08-23 19:00:00+00:00,31424.25
2022-08-23 20:00:00+00:00,29710.75
2022-08-23 21:00:00+00:00,27443.75
2022-08-23 22:00:00+00:00,26787.75
2022-08-23 23:00:00+00:00,25373.5
2022-08-24 00:00:00+00:00,24282.25
2022-08-24 01:00:00+00:00,23658
2022-08-24 02:00:00+00:00,23347.25
2022-08-24 03:00:00+00:00,23525.5
2022-08-24 04:00:00+00:00,25087.25
2022-08-24 05:00:00+00:00,26485.25
2022-08-24 06:00:00+00:00,27473.75
2022-08-24 07:00:00+00:00,29117.5
2022-08-24 08:00:00+00:00,30408
2022-08-24 09:00:00+00:00,31279.25
2022-08-24 10:00:00+00:00,32219.25
2022-08-24 11:00:00+00:00,33025
2022-08-24 12:00:00+00:00,33119.75
2022-08-24 13:00:00+00:00,32508
2022-08-24 14:00:00+00:00,32324
2022-08-24 15:00:00+00:00,32206.75
2022-08-24 16:00:00+00:00,31805.5
2022-08-24 17:00:00+00:00,31384.5
2022-08-24 18:00:00+00:00,31154.75
2022-08-24 19:00:00+00:00,31836.75
2022-08-24 20:00:00+00:00,30151.25
2022-08-24 21:00:00+00:00,27917.75
2022-08-24 22:00:00+00:00,26725.25
2022-08-24 23:00:00+00:00,25327
2022-08-25 00:00:00+00:00,24252.75
2022-08-25 01:00:00+00:00,23623.25
2022-08-25 02:00:00+00:00,23317.75
2022-08-25 03:00:00+00:00,23529.75
2022-08-25 04:00:00+00:00,25128.5
2022-08-25 05:00:00+00:00,26667.5
2022-08-25 06:00:00+00:00,27479.25
2022-08-25 07:00:00+00:00,28991
2022-08-25 08:00:00+00:00,30203
2022-08-25 09:00:00+00:00,30955.75
2022-08-25 10:00:00+00:00,31765
2022-08-25 11:00:00+00:00,32444.25
2022-08-25 12:00:00+00:00,32482.25
2022-08-25 13:00:00+00:00,31851.5
2022-08-25 14:00:00+00:00,31744
2022-08-25 15:00:00+00:00,31601.75
2022-08-25 16:00:00+00:00,31184.5
2022-08-25 17:00:00+00:00,30885.75
2022-08-25 18:00:00+00:00,30717.75
2022-08-25 19:00:00+00:00,31457.75
2022-08-25 20:00:00+00:00,29605.75
2022-08-25 21:00:00+00:00,27498.5
2022-08-25 22:00:00+00:00,26368.75
2022-08-25 23:00:00+00:00,24981.5
2022-08-26 00:00:00+00:00,23940.25
2022-08-26 01:00:00+00:00,23370.25
2022-08-26 02:00:00+00:00,23089.75
2022-08-26 03:00:00+00:00,23300.75
2022-08-26 04:00:00+00:00,24893.75
2022-08-26 05:00:00+00:00,26330.5
2022-08-26 06:00:00+00:00,27317.25
2022-08-26 07:00:00+00:00,28712.25
2022-08-26 08:00:00+00:00,29758.75
2022-08-26 09:00:00+00:00,30359.75
2022-08-26 10:00:00+00:00,31074.75
2022-08-26 11:00:00+00:00,31808.75
2022-08-26 12:00:00+00:00,31727.5
2022-08-26 13:00:00+00:00,30998.75
2022-08-26 14:00:00+00:00,30808.25
2022-08-26 15:00:00+00:00,30760
2022-08-26 16:00:00+00:00,30543.75
2022-08-26 17:00:00+00:00,30277
2022-08-26 18:00:00+00:00,29984.25
2022-08-26 19:00:00+00:00,30377.25
2022-08-26 20:00:00+00:00,28650.5
2022-08-26 21:00:00+00:00,26771.25
2022-08-26 22:00:00+00:00,25640.5
2022-08-26 23:00:00+00:00,24494
2022-08-27 00:00:00+00:00,23372.25
2022-08-27 01:00:00+00:00,22575.75
2022-08-27 02:00:00+00:00,22126.25
2022-08-27 03:00:00+00:00,21918.5
2022-08-27 04:00:00+00:00,22258.25
2022-08-27 05:00:00+00:00,22683
2022-08-27 06:00:00+00:00,23204
2022-08-27 07:00:00+00:00,24655.25
2022-08-27 08:00:00+00:00,25990.25
2022-08-27 09:00:00+00:00,26693.75
2022-08-27 10:00:00+00:00,27282.5
2022-08-27 11:00:00+00:00,27878
2022-08-27 12:00:00+00:00,27958.5
2022-08-27 13:00:00+00:00,27528
2022-08-27 14:00:00+00:00,27187.25
2022-08-27 15:00:00+00:00,26963
2022-08-27 16:00:00+00:00,27009.25
2022-08-27 17:00:00+00:00,26953
2022-08-27 18:00:00+00:00,27123.75
2022-08-27 19:00:00+00:00,28132.25
2022-08-27 20:00:00+00:00,26738.75
2022-08-27 21:00:00+00:00,25080.75
2022-08-27 22:00:00+00:00,24082.25
2022-08-27 23:00:00+00:00,22810.5
2022-08-28 00:00:00+00:00,21817.5
2022-08-28 01:00:00+00:00,21144.75
2022-08-28 02:00:00+00:00,20709
2022-08-28 03:00:00+00:00,20515.25
2022-08-28 04:00:00+00:00,20728.25
2022-08-28 05:00:00+00:00,20594.25
2022-08-28 06:00:00+00:00,20856.75
2022-08-28 07:00:00+00:00,22098.25
2022-08-28 08:00:00+00:00,23456.75
2022-08-28 09:00:00+00:00,24413.5
2022-08-28 10:00:00+00:00,25196
2022-08-28 11:00:00+00:00,26128.5
2022-08-28 12:00:00+00:00,26644.25
2022-08-28 13:00:00+00:00,26246.25
2022-08-28 14:00:00+00:00,25964.5
2022-08-28 15:00:00+00:00,25979.75
2022-08-28 16:00:00+00:00,26226.5
2022-08-28 17:00:00+00:00,26440.25
2022-08-28 18:00:00+00:00,26694.5
2022-08-28 19:00:00+00:00,28108.25
2022-08-28 20:00:00+00:00,27566
2022-08-28 21:00:00+00:00,25944
2022-08-28 22:00:00+00:00,24476.75
2022-08-28 23:00:00+00:00,23173
2022-08-29 00:00:00+00:00,22187
2022-08-29 01:00:00+00:00,21652.25
2022-08-29 02:00:00+00:00,21486.75
2022-08-29 03:00:00+00:00,21978.25
2022-08-29 04:00:00+00:00,24202.75
2022-08-29 05:00:00+00:00,26279.75
2022-08-29 06:00:00+00:00,27701
2022-08-29 07:00:00+00:00,29434.25
2022-08-29 08:00:00+00:00,30727.5
2022-08-29 09:00:00+00:00,31538
2022-08-29 10:00:00+00:00,32383.75
2022-08-29 11:00:00+00:00,33091.5
2022-08-29 12:00:00+00:00,33238.25
2022-08-29 13:00:00+00:00,32578.75
2022-08-29 14:00:00+00:00,32360.75
2022-08-29 15:00:00+00:00,32370.25
2022-08-29 16:00:00+00:00,31938.5
2022-08-29 17:00:00+00:00,31531
2022-08-29 18:00:00+00:00,31493.75
2022-08-29 19:00:00+00:00,32082
2022-08-29 20:00:00+00:00,30021.25
2022-08-29 21:00:00+00:00,27797.75
2022-08-29 22:00:00+00:00,26527
2022-08-29 23:00:00+00:00,25183.25
2022-08-30 00:00:00+00:00,24112
2022-08-30 01:00:00+00:00,23474.25
2022-08-30 02:00:00+00:00,23143.25
2022-08-30 03:00:00+00:00,23411.75
2022-08-30 04:00:00+00:00,25204.75
2022-08-30 05:00:00+00:00,27056.5
2022-08-30 06:00:00+00:00,28204.25
2022-08-30 07:00:00+00:00,29767.5
2022-08-30 08:00:00+00:00,31035
2022-08-30 09:00:00+00:00,31836.75
2022-08-30 10:00:00+00:00,32828.25
2022-08-30 11:00:00+00:00,33603.5
2022-08-30 12:00:00+00:00,33619.25
2022-08-30 13:00:00+00:00,33050.5
2022-08-30 14:00:00+00:00,32896.25
2022-08-30 15:00:00+00:00,32864.75
2022-08-30 16:00:00+00:00,32347.75
2022-08-30 17:00:00+00:00,31762
2022-08-30 18:00:00+00:00,31474.25
2022-08-30 19:00:00+00:00,32313
2022-08-30 20:00:00+00:00,30232.5
2022-08-30 21:00:00+00:00,27927.75
2022-08-30 22:00:00+00:00,26725.75
2022-08-30 23:00:00+00:00,25457.25
2022-08-31 00:00:00+00:00,24331.75
2022-08-31 01:00:00+00:00,23720
2022-08-31 02:00:00+00:00,23446.75
2022-08-31 03:00:00+00:00,23683
2022-08-31 04:00:00+00:00,25507
2022-08-31 05:00:00+00:00,27479.75
2022-08-31 06:00:00+00:00,28561.75
2022-08-31 07:00:00+00:00,29868.5
2022-08-31 08:00:00+00:00,31153.5
2022-08-31 09:00:00+00:00,31915.5
2022-08-31 10:00:00+00:00,32867.75
2022-08-31 11:00:00+00:00,33595.75
2022-08-31 12:00:00+00:00,33565.25
2022-08-31 13:00:00+00:00,32941
2022-08-31 14:00:00+00:00,32635.25
2022-08-31 15:00:00+00:00,32466
2022-08-31 16:00:00+00:00,31846
2022-08-31 17:00:00+00:00,31302
2022-08-31 18:00:00+00:00,31368.5
2022-08-31 19:00:00+00:00,31990.25
2022-08-31 20:00:00+00:00,29801.25
2022-08-31 21:00:00+00:00,27611.5
2022-08-31 22:00:00+00:00,26018.75
2022-08-31 23:00:00+00:00,24792
2022-09-01 00:00:00+00:00,23840
2022-09-01 01:00:00+00:00,23303.25
2022-09-01 02:00:00+00:00,23079
2022-09-01 03:00:00+00:00,23317.75
2022-09-01 04:00:00+00:00,25120.25
2022-09-01 05:00:00+00:00,27052
2022-09-01 06:00:00+00:00,27992.75
2022-09-01 07:00:00+00:00,29118.75
2022-09-01 08:00:00+00:00,30211.25
2022-09-01 09:00:00+00:00,30811.5
2022-09-01 10:00:00+00:00,31596.25
2022-09-01 11:00:00+00:00,32239.25
2022-09-01 12:00:00+00:00,32205.25
2022-09-01 13:00:00+00:00,31736.25
2022-09-01 14:00:00+00:00,31769.5
2022-09-01 15:00:00+00:00,31768.5
2022-09-01 16:00:00+00:00,31365.25
2022-09-01 17:00:00+00:00,30862.75
2022-09-01 18:00:00+00:00,30935.25
2022-09-01 19:00:00+00:00,31433.25
2022-09-01 20:00:00+00:00,29257
2022-09-01 21:00:00+00:00,27018.25
2022-09-01 22:00:00+00:00,26138.25
2022-09-01 23:00:00+00:00,24942.75
2022-09-02 00:00:00+00:00,23849
2022-09-02 01:00:00+00:00,23272.25
2022-09-02 02:00:00+00:00,23030.25
2022-09-02 03:00:00+00:00,23295.75
2022-09-02 04:00:00+00:00,25182.75
2022-09-02 05:00:00+00:00,27187.5
2022-09-02 06:00:00+00:00,28181.75
2022-09-02 07:00:00+00:00,29377.25
2022-09-02 08:00:00+00:00,30429
2022-09-02 09:00:00+00:00,31162.25
2022-09-02 10:00:00+00:00,31986
2022-09-02 11:00:00+00:00,32608.75
2022-09-02 12:00:00+00:00,32454.25
2022-09-02 13:00:00+00:00,31678.5
2022-09-02 14:00:00+00:00,31364.25
2022-09-02 15:00:00+00:00,31181.75
2022-09-02 16:00:00+00:00,30738.25
2022-09-02 17:00:00+00:00,30348.75
2022-09-02 18:00:00+00:00,30460.75
2022-09-02 19:00:00+00:00,30732.25
2022-09-02 20:00:00+00:00,28484
2022-09-02 21:00:00+00:00,26524.25
2022-09-02 22:00:00+00:00,25516
2022-09-02 23:00:00+00:00,24316.5
2022-09-03 00:00:00+00:00,23251.75
2022-09-03 01:00:00+00:00,22582.25
2022-09-03 02:00:00+00:00,22170.75
2022-09-03 03:00:00+00:00,21937
2022-09-03 04:00:00+00:00,22198
2022-09-03 05:00:00+00:00,22741.75
2022-09-03 06:00:00+00:00,23460.5
2022-09-03 07:00:00+00:00,25031.5
2022-09-03 08:00:00+00:00,26350.25
2022-09-03 09:00:00+00:00,26885.5
2022-09-03 10:00:00+00:00,27366
2022-09-03 11:00:00+00:00,27828.75
2022-09-03 12:00:00+00:00,27704
2022-09-03 13:00:00+00:00,26961.25
2022-09-03 14:00:00+00:00,26509.5
2022-09-03 15:00:00+00:00,26301.5
2022-09-03 16:00:00+00:00,26290
2022-09-03 17:00:00+00:00,26351.75
2022-09-03 18:00:00+00:00,26811
2022-09-03 19:00:00+00:00,27747
2022-09-03 20:00:00+00:00,25998.25
2022-09-03 21:00:00+00:00,24390
2022-09-03 22:00:00+00:00,23132
2022-09-03 23:00:00+00:00,21915.5
2022-09-04 00:00:00+00:00,20953.25
2022-09-04 01:00:00+00:00,20347
2022-09-04 02:00:00+00:00,19985.5
2022-09-04 03:00:00+00:00,19764
2022-09-04 04:00:00+00:00,20039
2022-09-04 05:00:00+00:00,20109.5
2022-09-04 06:00:00+00:00,20225.25
2022-09-04 07:00:00+00:00,21446.25
2022-09-04 08:00:00+00:00,22663.25
2022-09-04 09:00:00+00:00,23462.75
2022-09-04 10:00:00+00:00,24074.25
2022-09-04 11:00:00+00:00,24814.25
2022-09-04 12:00:00+00:00,25207.5
2022-09-04 13:00:00+00:00,24473.25
2022-09-04 14:00:00+00:00,24144
2022-09-04 15:00:00+00:00,24166.25
2022-09-04 16:00:00+00:00,24398
2022-09-04 17:00:00+00:00,24760.75
2022-09-04 18:00:00+00:00,25718.5
2022-09-04 19:00:00+00:00,27139.25
2022-09-04 20:00:00+00:00,26229.25
2022-09-04 21:00:00+00:00,24708.75
2022-09-04 22:00:00+00:00,23459.75
2022-09-04 23:00:00+00:00,22236.25
2022-09-05 00:00:00+00:00,21527.5
2022-09-05 01:00:00+00:00,21137.5
2022-09-05 02:00:00+00:00,21101.5
2022-09-05 03:00:00+00:00,21610
2022-09-05 04:00:00+00:00,24043.25
2022-09-05 05:00:00+00:00,26495.75
2022-09-05 06:00:00+00:00,27538.25
2022-09-05 07:00:00+00:00,28702.5
2022-09-05 08:00:00+00:00,29508.5
2022-09-05 09:00:00+00:00,30078.5
2022-09-05 10:00:00+00:00,30909.25
2022-09-05 11:00:00+00:00,31499.75
2022-09-05 12:00:00+00:00,31344
2022-09-05 13:00:00+00:00,30887.75
2022-09-05 14:00:00+00:00,31047
2022-09-05 15:00:00+00:00,31248.5
2022-09-05 16:00:00+00:00,30898
2022-09-05 17:00:00+00:00,30576.5
2022-09-05 18:00:00+00:00,30917.5
2022-09-05 19:00:00+00:00,31683.5
2022-09-05 20:00:00+00:00,29283.5
2022-09-05 21:00:00+00:00,27109.75
2022-09-05 22:00:00+00:00,25593.75
2022-09-05 23:00:00+00:00,24351.5
2022-09-06 00:00:00+00:00,23407.5
2022-09-06 01:00:00+00:00,22870
2022-09-06 02:00:00+00:00,22704.75
2022-09-06 03:00:00+00:00,23031.75
2022-09-06 04:00:00+00:00,24981
2022-09-06 05:00:00+00:00,27200.75
2022-09-06 06:00:00+00:00,28055.25
2022-09-06 07:00:00+00:00,29173.75
2022-09-06 08:00:00+00:00,30001.5
2022-09-06 09:00:00+00:00,30794.5
2022-09-06 10:00:00+00:00,31658.75
2022-09-06 11:00:00+00:00,32272.5
2022-09-06 12:00:00+00:00,32052.5
2022-09-06 13:00:00+00:00,31247.5
2022-09-06 14:00:00+00:00,31190.25
2022-09-06 15:00:00+00:00,31228.5
2022-09-06 16:00:00+00:00,30991.75
2022-09-06 17:00:00+00:00,30668.25
2022-09-06 18:00:00+00:00,31010.25
2022-09-06 19:00:00+00:00,31696.5
2022-09-06 20:00:00+00:00,29275
2022-09-06 21:00:00+00:00,26984
2022-09-06 22:00:00+00:00,25418
2022-09-06 23:00:00+00:00,24271.75
2022-09-07 00:00:00+00:00,23281.75
2022-09-07 01:00:00+00:00,22812
2022-09-07 02:00:00+00:00,22638
2022-09-07 03:00:00+00:00,22976
2022-09-07 04:00:00+00:00,24951.5
2022-09-07 05:00:00+00:00,27362.25
2022-09-07 06:00:00+00:00,28374.25
2022-09-07 07:00:00+00:00,29398.5
2022-09-07 08:00:00+00:00,30072.5
2022-09-07 09:00:00+00:00,30613.5
2022-09-07 10:00:00+00:00,31374.5
2022-09-07 11:00:00+00:00,31905.5
2022-09-07 12:00:00+00:00,31606.75
2022-09-07 13:00:00+00:00,31061.5
2022-09-07 14:00:00+00:00,31035.75
2022-09-07 15:00:00+00:00,31070.25
2022-09-07 16:00:00+00:00,30743.25
2022-09-07 17:00:00+00:00,30297.25
2022-09-07 18:00:00+00:00,30727.75
2022-09-07 19:00:00+00:00,31215.5
2022-09-07 20:00:00+00:00,28707
2022-09-07 21:00:00+00:00,26438.5
2022-09-07 22:00:00+00:00,25525.25
2022-09-07 23:00:00+00:00,24263.75
2022-09-08 00:00:00+00:00,23323.75
2022-09-08 01:00:00+00:00,22836.5
2022-09-08 02:00:00+00:00,22664.25
2022-09-08 03:00:00+00:00,22969.75
2022-09-08 04:00:00+00:00,24677
2022-09-08 05:00:00+00:00,26702.75
2022-09-08 06:00:00+00:00,27450
2022-09-08 07:00:00+00:00,28506.75
2022-09-08 08:00:00+00:00,29471
2022-09-08 09:00:00+00:00,30028.75
2022-09-08 10:00:00+00:00,30738
2022-09-08 11:00:00+00:00,31286.75
2022-09-08 12:00:00+00:00,31068
2022-09-08 13:00:00+00:00,30331.5
2022-09-08 14:00:00+00:00,30186.25
2022-09-08 15:00:00+00:00,30178.5
2022-09-08 16:00:00+00:00,29948.25
2022-09-08 17:00:00+00:00,29857.75
2022-09-08 18:00:00+00:00,30508
2022-09-08 19:00:00+00:00,30982
2022-09-08 20:00:00+00:00,28678.5
2022-09-08 21:00:00+00:00,26420.5
2022-09-08 22:00:00+00:00,25213.75
2022-09-08 23:00:00+00:00,24104.25
2022-09-09 00:00:00+00:00,23178.5
2022-09-09 01:00:00+00:00,22704.5
2022-09-09 02:00:00+00:00,22574
2022-09-09 03:00:00+00:00,22916.5
2022-09-09 04:00:00+00:00,24847.25
2022-09-09 05:00:00+00:00,27182.75
2022-09-09 06:00:00+00:00,28194
2022-09-09 07:00:00+00:00,29218.5
2022-09-09 08:00:00+00:00,29917.5
2022-09-09 09:00:00+00:00,30471
2022-09-09 10:00:00+00:00,31075
2022-09-09 11:00:00+00:00,31390.75
2022-09-09 12:00:00+00:00,31059.25
2022-09-09 13:00:00+00:00,30445.25
2022-09-09 14:00:00+00:00,30310.25
2022-09-09 15:00:00+00:00,30345
2022-09-09 16:00:00+00:00,30071.75
2022-09-09 17:00:00+00:00,29947.75
2022-09-09 18:00:00+00:00,30237.5
2022-09-09 19:00:00+00:00,30465
2022-09-09 20:00:00+00:00,28040.5
2022-09-09 21:00:00+00:00,25854
2022-09-09 22:00:00+00:00,24998.75
2022-09-09 23:00:00+00:00,23888.25
2022-09-10 00:00:00+00:00,22860.5
2022-09-10 01:00:00+00:00,22174.25
2022-09-10 02:00:00+00:00,21803.25
2022-09-10 03:00:00+00:00,21613
2022-09-10 04:00:00+00:00,21949.25
2022-09-10 05:00:00+00:00,22624.25
2022-09-10 06:00:00+00:00,23386
2022-09-10 07:00:00+00:00,25094.75
2022-09-10 08:00:00+00:00,26389.5
2022-09-10 09:00:00+00:00,27112.75
2022-09-10 10:00:00+00:00,27563.25
2022-09-10 11:00:00+00:00,28147
2022-09-10 12:00:00+00:00,27964.5
2022-09-10 13:00:00+00:00,27234.25
2022-09-10 14:00:00+00:00,26896.75
2022-09-10 15:00:00+00:00,26888
2022-09-10 16:00:00+00:00,27198.75
2022-09-10 17:00:00+00:00,27236.5
2022-09-10 18:00:00+00:00,27893.75
2022-09-10 19:00:00+00:00,28537.25
2022-09-10 20:00:00+00:00,26775
2022-09-10 21:00:00+00:00,24985.25
2022-09-10 22:00:00+00:00,23641.5
2022-09-10 23:00:00+00:00,22359
2022-09-11 00:00:00+00:00,21428.75
2022-09-11 01:00:00+00:00,20780
2022-09-11 02:00:00+00:00,20345.5
2022-09-11 03:00:00+00:00,20139.75
2022-09-11 04:00:00+00:00,20421.25
2022-09-11 05:00:00+00:00,20556.75
2022-09-11 06:00:00+00:00,20694.75
2022-09-11 07:00:00+00:00,21990.5
2022-09-11 08:00:00+00:00,23306.75
2022-09-11 09:00:00+00:00,24322
2022-09-11 10:00:00+00:00,25059.75
2022-09-11 11:00:00+00:00,25989.75
2022-09-11 12:00:00+00:00,26378
2022-09-11 13:00:00+00:00,25768.25
2022-09-11 14:00:00+00:00,25427.75
2022-09-11 15:00:00+00:00,25531.25
2022-09-11 16:00:00+00:00,25874.25
2022-09-11 17:00:00+00:00,26216.75
2022-09-11 18:00:00+00:00,27184.75
2022-09-11 19:00:00+00:00,28371.25
2022-09-11 20:00:00+00:00,27131.75
2022-09-11 21:00:00+00:00,25432.5
2022-09-11 22:00:00+00:00,24100.5
2022-09-11 23:00:00+00:00,22898
2022-09-12 00:00:00+00:00,22029
2022-09-12 01:00:00+00:00,21573
2022-09-12 02:00:00+00:00,21537.5
2022-09-12 03:00:00+00:00,22119.75
2022-09-12 04:00:00+00:00,24653.75
2022-09-12 05:00:00+00:00,27306.75
2022-09-12 06:00:00+00:00,28625.25
2022-09-12 07:00:00+00:00,30088.25
2022-09-12 08:00:00+00:00,31140.5
2022-09-12 09:00:00+00:00,31896
2022-09-12 10:00:00+00:00,32755.25
2022-09-12 11:00:00+00:00,33462
2022-09-12 12:00:00+00:00,33367
2022-09-12 13:00:00+00:00,32827
2022-09-12 14:00:00+00:00,32907
2022-09-12 15:00:00+00:00,33029.25
2022-09-12 16:00:00+00:00,32625
2022-09-12 17:00:00+00:00,31960.25
2022-09-12 18:00:00+00:00,32220.25
2022-09-12 19:00:00+00:00,32447
2022-09-12 20:00:00+00:00,29747
2022-09-12 21:00:00+00:00,27399.75
2022-09-12 22:00:00+00:00,26180.5
2022-09-12 23:00:00+00:00,25126
2022-09-13 00:00:00+00:00,24213.25
2022-09-13 01:00:00+00:00,23737.25
2022-09-13 02:00:00+00:00,23381
2022-09-13 03:00:00+00:00,23726.25
2022-09-13 04:00:00+00:00,25930.5
2022-09-13 05:00:00+00:00,28536.5
2022-09-13 06:00:00+00:00,29548.75
2022-09-13 07:00:00+00:00,30649.5
2022-09-13 08:00:00+00:00,31305.5
2022-09-13 09:00:00+00:00,31790.75
2022-09-13 10:00:00+00:00,32330.75
2022-09-13 11:00:00+00:00,32744.5
2022-09-13 12:00:00+00:00,32502.5
2022-09-13 13:00:00+00:00,31797.75
2022-09-13 14:00:00+00:00,31684
2022-09-13 15:00:00+00:00,31622
2022-09-13 16:00:00+00:00,31220.75
2022-09-13 17:00:00+00:00,30947
2022-09-13 18:00:00+00:00,31732.75
2022-09-13 19:00:00+00:00,31777.5
2022-09-13 20:00:00+00:00,28941
2022-09-13 21:00:00+00:00,26700.75
2022-09-13 22:00:00+00:00,25289.5
2022-09-13 23:00:00+00:00,24301
2022-09-14 00:00:00+00:00,23574.5
2022-09-14 01:00:00+00:00,23060.5
2022-09-14 02:00:00+00:00,22785.25
2022-09-14 03:00:00+00:00,23239.5
2022-09-14 04:00:00+00:00,25390
2022-09-14 05:00:00+00:00,27782.25
2022-09-14 06:00:00+00:00,28803.5
2022-09-14 07:00:00+00:00,29980.25
2022-09-14 08:00:00+00:00,30640.75
2022-09-14 09:00:00+00:00,30959
2022-09-14 10:00:00+00:00,31395.5
2022-09-14 11:00:00+00:00,31698.5
2022-09-14 12:00:00+00:00,31207.75
2022-09-14 13:00:00+00:00,30284.5
2022-09-14 14:00:00+00:00,30170.5
2022-09-14 15:00:00+00:00,30126.5
2022-09-14 16:00:00+00:00,29774.75
2022-09-14 17:00:00+00:00,29657.75
2022-09-14 18:00:00+00:00,30702.75
2022-09-14 19:00:00+00:00,30776.25
2022-09-14 20:00:00+00:00,28038.25
2022-09-14 21:00:00+00:00,25948.75
2022-09-14 22:00:00+00:00,24821
2022-09-14 23:00:00+00:00,23721.5
2022-09-15 00:00:00+00:00,22961
2022-09-15 01:00:00+00:00,22586.5
2022-09-15 02:00:00+00:00,22531.5
2022-09-15 03:00:00+00:00,22954.75
2022-09-15 04:00:00+00:00,25181.25
2022-09-15 05:00:00+00:00,27850
2022-09-15 06:00:00+00:00,28877.25
2022-09-15 07:00:00+00:00,30020.5
2022-09-15 08:00:00+00:00,30367.25
2022-09-15 09:00:00+00:00,30550.75
2022-09-15 10:00:00+00:00,30848
2022-09-15 11:00:00+00:00,31015.5
2022-09-15 12:00:00+00:00,30594.25
2022-09-15 13:00:00+00:00,29837.25
2022-09-15 14:00:00+00:00,29768.75
2022-09-15 15:00:00+00:00,29829.25
2022-09-15 16:00:00+00:00,29691
2022-09-15 17:00:00+00:00,29644.5
2022-09-15 18:00:00+00:00,30608.25
2022-09-15 19:00:00+00:00,30682
2022-09-15 20:00:00+00:00,27971.75
2022-09-15 21:00:00+00:00,25820.5
2022-09-15 22:00:00+00:00,24767.25
2022-09-15 23:00:00+00:00,23698
2022-09-16 00:00:00+00:00,22828.25
2022-09-16 01:00:00+00:00,22443.25
2022-09-16 02:00:00+00:00,22344
2022-09-16 03:00:00+00:00,22725
2022-09-16 04:00:00+00:00,24885.75
2022-09-16 05:00:00+00:00,27486.5
2022-09-16 06:00:00+00:00,28428
2022-09-16 07:00:00+00:00,29383.5
2022-09-16 08:00:00+00:00,29933.75
2022-09-16 09:00:00+00:00,30215
2022-09-16 10:00:00+00:00,30530.25
2022-09-16 11:00:00+00:00,30679.75
2022-09-16 12:00:00+00:00,30241.75
2022-09-16 13:00:00+00:00,29451
2022-09-16 14:00:00+00:00,29308.75
2022-09-16 15:00:00+00:00,29240.5
2022-09-16 16:00:00+00:00,28938.75
2022-09-16 17:00:00+00:00,28844
2022-09-16 18:00:00+00:00,29852.75
2022-09-16 19:00:00+00:00,29822.25
2022-09-16 20:00:00+00:00,27200.75
2022-09-16 21:00:00+00:00,25242.75
2022-09-16 22:00:00+00:00,24336.25
2022-09-16 23:00:00+00:00,23295.5
2022-09-17 00:00:00+00:00,22359.75
2022-09-17 01:00:00+00:00,21775.25
2022-09-17 02:00:00+00:00,21404.75
2022-09-17 03:00:00+00:00,21197.25
2022-09-17 04:00:00+00:00,21782.5
2022-09-17 05:00:00+00:00,22668.75
2022-09-17 06:00:00+00:00,23332
2022-09-17 07:00:00+00:00,25056.25
2022-09-17 08:00:00+00:00,26079
2022-09-17 09:00:00+00:00,26358.5
2022-09-17 10:00:00+00:00,26510.5
2022-09-17 11:00:00+00:00,26795.5
2022-09-17 12:00:00+00:00,26403
2022-09-17 13:00:00+00:00,25490.25
2022-09-17 14:00:00+00:00,25026.25
2022-09-17 15:00:00+00:00,25021.25
2022-09-17 16:00:00+00:00,25364
2022-09-17 17:00:00+00:00,25711
2022-09-17 18:00:00+00:00,26834.75
2022-09-17 19:00:00+00:00,27436.25
2022-09-17 20:00:00+00:00,25510.5
2022-09-17 21:00:00+00:00,23765.75
2022-09-17 22:00:00+00:00,22292.5
2022-09-17 23:00:00+00:00,21201.25
2022-09-18 00:00:00+00:00,20314.25
2022-09-18 01:00:00+00:00,19736.25
2022-09-18 02:00:00+00:00,19395.75
2022-09-18 03:00:00+00:00,19245.5
2022-09-18 04:00:00+00:00,19633
2022-09-18 05:00:00+00:00,19927.75
2022-09-18 06:00:00+00:00,19970
2022-09-18 07:00:00+00:00,21215.5
2022-09-18 08:00:00+00:00,22276.75
2022-09-18 09:00:00+00:00,22841
2022-09-18 10:00:00+00:00,23260.25
2022-09-18 11:00:00+00:00,23890.75
2022-09-18 12:00:00+00:00,24006.5
2022-09-18 13:00:00+00:00,23079
2022-09-18 14:00:00+00:00,22729.25
2022-09-18 15:00:00+00:00,22843.75
2022-09-18 16:00:00+00:00,23246.5
2022-09-18 17:00:00+00:00,23635.25
2022-09-18 18:00:00+00:00,25365.5
2022-09-18 19:00:00+00:00,26483.25
2022-09-18 20:00:00+00:00,25144
2022-09-18 21:00:00+00:00,23493.75
2022-09-18 22:00:00+00:00,22251
2022-09-18 23:00:00+00:00,21240.5
2022-09-19 00:00:00+00:00,20567
2022-09-19 01:00:00+00:00,20344.75
2022-09-19 02:00:00+00:00,20332
2022-09-19 03:00:00+00:00,20933
2022-09-19 04:00:00+00:00,23519.25
2022-09-19 05:00:00+00:00,26503.5
2022-09-19 06:00:00+00:00,27705.5
2022-09-19 07:00:00+00:00,28569
2022-09-19 08:00:00+00:00,29071.75
2022-09-19 09:00:00+00:00,29409.5
2022-09-19 10:00:00+00:00,29920.5
2022-09-19 11:00:00+00:00,30351.75
2022-09-19 12:00:00+00:00,29941.25
2022-09-19 13:00:00+00:00,29213
2022-09-19 14:00:00+00:00,29189
2022-09-19 15:00:00+00:00,29421.75
2022-09-19 16:00:00+00:00,29154.75
2022-09-19 17:00:00+00:00,29062.75
2022-09-19 18:00:00+00:00,30528.75
2022-09-19 19:00:00+00:00,30466.75
2022-09-19 20:00:00+00:00,27677.25
2022-09-19 21:00:00+00:00,25469
2022-09-19 22:00:00+00:00,24284.25
2022-09-19 23:00:00+00:00,23240.5
2022-09-20 00:00:00+00:00,22479.5
2022-09-20 01:00:00+00:00,22173
2022-09-20 02:00:00+00:00,22062.75
2022-09-20 03:00:00+00:00,22493
2022-09-20 04:00:00+00:00,24811.75
2022-09-20 05:00:00+00:00,27760.5
2022-09-20 06:00:00+00:00,28745.5
2022-09-20 07:00:00+00:00,29425
2022-09-20 08:00:00+00:00,29837.25
2022-09-20 09:00:00+00:00,30079.5
2022-09-20 10:00:00+00:00,30569
2022-09-20 11:00:00+00:00,30858.75
2022-09-20 12:00:00+00:00,30385
2022-09-20 13:00:00+00:00,29767.75
2022-09-20 14:00:00+00:00,29679.25
2022-09-20 15:00:00+00:00,29788
2022-09-20 16:00:00+00:00,29517
2022-09-20 17:00:00+00:00,29295.5
2022-09-20 18:00:00+00:00,30637.75
2022-09-20 19:00:00+00:00,30497.5
2022-09-20 20:00:00+00:00,27695
2022-09-20 21:00:00+00:00,25483.5
2022-09-20 22:00:00+00:00,24123.5
2022-09-20 23:00:00+00:00,23156.25
2022-09-21 00:00:00+00:00,22403.75
2022-09-21 01:00:00+00:00,22129.25
2022-09-21 02:00:00+00:00,22009.75
2022-09-21 03:00:00+00:00,22400
2022-09-21 04:00:00+00:00,24585.5
2022-09-21 05:00:00+00:00,27470
2022-09-21 06:00:00+00:00,28347.75
2022-09-21 07:00:00+00:00,28988
2022-09-21 08:00:00+00:00,29448.75
2022-09-21 09:00:00+00:00,29623.5
2022-09-21 10:00:00+00:00,30077
2022-09-21 11:00:00+00:00,30275.75
2022-09-21 12:00:00+00:00,29861.25
2022-09-21 13:00:00+00:00,29295.75
2022-09-21 14:00:00+00:00,29237.75
2022-09-21 15:00:00+00:00,29331
2022-09-21 16:00:00+00:00,29129.25
2022-09-21 17:00:00+00:00,29090.75
2022-09-21 18:00:00+00:00,30521.75
2022-09-21 19:00:00+00:00,30219.25
2022-09-21 20:00:00+00:00,27382.5
2022-09-21 21:00:00+00:00,25163
2022-09-21 22:00:00+00:00,24120.75
2022-09-21 23:00:00+00:00,23065.75
2022-09-22 00:00:00+00:00,22372.75
2022-09-22 01:00:00+00:00,22014.25
2022-09-22 02:00:00+00:00,21928.75
2022-09-22 03:00:00+00:00,22337.75
2022-09-22 04:00:00+00:00,24585.75
2022-09-22 05:00:00+00:00,27400.5
2022-09-22 06:00:00+00:00,28340.25
2022-09-22 07:00:00+00:00,28923
2022-09-22 08:00:00+00:00,29240.25
2022-09-22 09:00:00+00:00,29445
2022-09-22 10:00:00+00:00,29989.75
2022-09-22 11:00:00+00:00,30216.5
2022-09-22 12:00:00+00:00,29867.25
2022-09-22 13:00:00+00:00,29305.5
2022-09-22 14:00:00+00:00,29447
2022-09-22 15:00:00+00:00,29526.5
2022-09-22 16:00:00+00:00,29273
2022-09-22 17:00:00+00:00,29343.5
2022-09-22 18:00:00+00:00,30801.25
2022-09-22 19:00:00+00:00,30362
2022-09-22 20:00:00+00:00,27537.5
2022-09-22 21:00:00+00:00,25420.75
2022-09-22 22:00:00+00:00,24338
2022-09-22 23:00:00+00:00,23295.25
2022-09-23 00:00:00+00:00,22509.5
2022-09-23 01:00:00+00:00,22111
2022-09-23 02:00:00+00:00,21989.25
2022-09-23 03:00:00+00:00,22427.5
2022-09-23 04:00:00+00:00,24580
2022-09-23 05:00:00+00:00,27464.25
2022-09-23 06:00:00+00:00,28390.5
2022-09-23 07:00:00+00:00,29017
2022-09-23 08:00:00+00:00,29447.75
2022-09-23 09:00:00+00:00,29823.5
2022-09-23 10:00:00+00:00,30304.5
2022-09-23 11:00:00+00:00,30427.75
2022-09-23 12:00:00+00:00,29906.75
2022-09-23 13:00:00+00:00,29269.75
2022-09-23 14:00:00+00:00,29147.75
2022-09-23 15:00:00+00:00,29221
2022-09-23 16:00:00+00:00,29090.5
2022-09-23 17:00:00+00:00,28819.25
2022-09-23 18:00:00+00:00,30015.25
2022-09-23 19:00:00+00:00,29531.75
2022-09-23 20:00:00+00:00,26799.75
2022-09-23 21:00:00+00:00,24881.5
2022-09-23 22:00:00+00:00,23701.75
2022-09-23 23:00:00+00:00,22624.75
2022-09-24 00:00:00+00:00,21681.5
2022-09-24 01:00:00+00:00,21163.75
2022-09-24 02:00:00+00:00,20746.5
2022-09-24 03:00:00+00:00,20523.25
2022-09-24 04:00:00+00:00,21084
2022-09-24 05:00:00+00:00,21923.25
2022-09-24 06:00:00+00:00,22557.5
2022-09-24 07:00:00+00:00,24063.25
2022-09-24 08:00:00+00:00,25032
2022-09-24 09:00:00+00:00,25391.5
2022-09-24 10:00:00+00:00,25624.75
2022-09-24 11:00:00+00:00,25910
2022-09-24 12:00:00+00:00,25477.5
2022-09-24 13:00:00+00:00,24474
2022-09-24 14:00:00+00:00,23954.5
2022-09-24 15:00:00+00:00,23894
2022-09-24 16:00:00+00:00,24148.25
2022-09-24 17:00:00+00:00,24430.75
2022-09-24 18:00:00+00:00,25999.25
2022-09-24 19:00:00+00:00,26159.75
2022-09-24 20:00:00+00:00,24380.25
2022-09-24 21:00:00+00:00,22801.75
2022-09-24 22:00:00+00:00,21446.5
2022-09-24 23:00:00+00:00,20345.25
2022-09-25 00:00:00+00:00,19555.75
2022-09-25 01:00:00+00:00,19015.75
2022-09-25 02:00:00+00:00,18640.25
2022-09-25 03:00:00+00:00,18607
2022-09-25 04:00:00+00:00,19017
2022-09-25 05:00:00+00:00,19421.75
2022-09-25 06:00:00+00:00,19595.75
2022-09-25 07:00:00+00:00,20907.25
2022-09-25 08:00:00+00:00,21896.25
2022-09-25 09:00:00+00:00,22323
2022-09-25 10:00:00+00:00,22601.5
2022-09-25 11:00:00+00:00,23191.25
2022-09-25 12:00:00+00:00,23109.75
2022-09-25 13:00:00+00:00,22019
2022-09-25 14:00:00+00:00,21504.25
2022-09-25 15:00:00+00:00,21562.25
2022-09-25 16:00:00+00:00,22001
2022-09-25 17:00:00+00:00,22553
2022-09-25 18:00:00+00:00,24696.5
2022-09-25 19:00:00+00:00,25307.75
2022-09-25 20:00:00+00:00,24050
2022-09-25 21:00:00+00:00,22573.25
2022-09-25 22:00:00+00:00,20949.5
2022-09-25 23:00:00+00:00,20028.75
2022-09-26 00:00:00+00:00,19464
2022-09-26 01:00:00+00:00,19202
2022-09-26 02:00:00+00:00,19154.5
2022-09-26 03:00:00+00:00,19804.75
2022-09-26 04:00:00+00:00,22281.5
2022-09-26 05:00:00+00:00,25108.25
2022-09-26 06:00:00+00:00,26145.75
2022-09-26 07:00:00+00:00,26675.25
2022-09-26 08:00:00+00:00,27076.5
2022-09-26 09:00:00+00:00,27369.75
2022-09-26 10:00:00+00:00,27651.75
2022-09-26 11:00:00+00:00,27792.25
2022-09-26 12:00:00+00:00,27375
2022-09-26 13:00:00+00:00,26625.5
2022-09-26 14:00:00+00:00,26398.25
2022-09-26 15:00:00+00:00,26489.5
2022-09-26 16:00:00+00:00,26611.75
2022-09-26 17:00:00+00:00,26835.75
2022-09-26 18:00:00+00:00,28867.5
2022-09-26 19:00:00+00:00,28600.75
2022-09-26 20:00:00+00:00,25861.5
2022-09-26 21:00:00+00:00,23777.5
2022-09-26 22:00:00+00:00,22617.75
2022-09-26 23:00:00+00:00,21716.5
2022-09-27 00:00:00+00:00,21148.25
2022-09-27 01:00:00+00:00,20889.5
2022-09-27 02:00:00+00:00,20791.25
2022-09-27 03:00:00+00:00,21340
2022-09-27 04:00:00+00:00,23760.75
2022-09-27 05:00:00+00:00,27045
2022-09-27 06:00:00+00:00,28140.25
2022-09-27 07:00:00+00:00,28517
2022-09-27 08:00:00+00:00,28673
2022-09-27 09:00:00+00:00,28792.75
2022-09-27 10:00:00+00:00,29105
2022-09-27 11:00:00+00:00,29151.75
2022-09-27 12:00:00+00:00,28564.25
2022-09-27 13:00:00+00:00,27929
2022-09-27 14:00:00+00:00,27799.5
2022-09-27 15:00:00+00:00,28018.5
2022-09-27 16:00:00+00:00,27966.25
2022-09-27 17:00:00+00:00,28075
2022-09-27 18:00:00+00:00,29949.25
2022-09-27 19:00:00+00:00,29408.5
2022-09-27 20:00:00+00:00,26435.5
2022-09-27 21:00:00+00:00,24102.5
2022-09-27 22:00:00+00:00,23050.25
2022-09-27 23:00:00+00:00,22132.25
2022-09-28 00:00:00+00:00,21425.25
2022-09-28 01:00:00+00:00,21050.25
2022-09-28 02:00:00+00:00,21023
2022-09-28 03:00:00+00:00,21458.25
2022-09-28 04:00:00+00:00,23681.75
2022-09-28 05:00:00+00:00,26662.5
2022-09-28 06:00:00+00:00,27853
2022-09-28 07:00:00+00:00,28166.75
2022-09-28 08:00:00+00:00,28466.75
2022-09-28 09:00:00+00:00,28647.5
2022-09-28 10:00:00+00:00,29039
2022-09-28 11:00:00+00:00,29138.25
2022-09-28 12:00:00+00:00,28657.75
2022-09-28 13:00:00+00:00,27969.25
2022-09-28 14:00:00+00:00,27800.25
2022-09-28 15:00:00+00:00,27973
2022-09-28 16:00:00+00:00,27778.75
2022-09-28 17:00:00+00:00,28064.5
2022-09-28 18:00:00+00:00,29934.75
2022-09-28 19:00:00+00:00,29339.5
2022-09-28 20:00:00+00:00,26366
2022-09-28 21:00:00+00:00,24136.25
2022-09-28 22:00:00+00:00,22895.5
2022-09-28 23:00:00+00:00,21895
2022-09-29 00:00:00+00:00,21234
2022-09-29 01:00:00+00:00,20913
2022-09-29 02:00:00+00:00,20895
2022-09-29 03:00:00+00:00,21347
2022-09-29 04:00:00+00:00,23654.75
2022-09-29 05:00:00+00:00,26822.5
2022-09-29 06:00:00+00:00,27895
2022-09-29 07:00:00+00:00,28174.75
2022-09-29 08:00:00+00:00,28209.25
2022-09-29 09:00:00+00:00,28305.5
2022-09-29 10:00:00+00:00,28601
2022-09-29 11:00:00+00:00,28725.75
2022-09-29 12:00:00+00:00,28206.75
2022-09-29 13:00:00+00:00,27506
2022-09-29 14:00:00+00:00,27422.75
2022-09-29 15:00:00+00:00,27547
2022-09-29 16:00:00+00:00,27584.5
2022-09-29 17:00:00+00:00,27937.25
2022-09-29 18:00:00+00:00,29740
2022-09-29 19:00:00+00:00,29066.5
2022-09-29 20:00:00+00:00,26131.75
2022-09-29 21:00:00+00:00,23944.25
2022-09-29 22:00:00+00:00,22737.75
2022-09-29 23:00:00+00:00,21830.5
2022-09-30 00:00:00+00:00,21105.25
2022-09-30 01:00:00+00:00,20768.5
2022-09-30 02:00:00+00:00,20713.75
2022-09-30 03:00:00+00:00,21165
2022-09-30 04:00:00+00:00,23347.25
2022-09-30 05:00:00+00:00,26257
2022-09-30 06:00:00+00:00,27314.75
2022-09-30 07:00:00+00:00,27831
2022-09-30 08:00:00+00:00,27993.25
2022-09-30 09:00:00+00:00,28174
2022-09-30 10:00:00+00:00,28526.5
2022-09-30 11:00:00+00:00,28449
2022-09-30 12:00:00+00:00,27812.25
2022-09-30 13:00:00+00:00,27025.25
2022-09-30 14:00:00+00:00,26743.25
2022-09-30 15:00:00+00:00,26810
2022-09-30 16:00:00+00:00,26746
2022-09-30 17:00:00+00:00,27039.25
2022-09-30 18:00:00+00:00,28596.25
2022-09-30 19:00:00+00:00,27846.75
2022-09-30 20:00:00+00:00,25186.5
2022-09-30 21:00:00+00:00,23115.5
2022-09-30 22:00:00+00:00,22418.75
2022-09-30 23:00:00+00:00,21425
2022-10-01 00:00:00+00:00,20430.5
2022-10-01 01:00:00+00:00,19965
2022-10-01 02:00:00+00:00,19668.25
2022-10-01 03:00:00+00:00,19576.75
2022-10-01 04:00:00+00:00,20227.5
2022-10-01 05:00:00+00:00,21358.25
2022-10-01 06:00:00+00:00,22094.5
2022-10-01 07:00:00+00:00,23646
2022-10-01 08:00:00+00:00,24540.75
2022-10-01 09:00:00+00:00,24663.25
2022-10-01 10:00:00+00:00,24758
2022-10-01 11:00:00+00:00,24906
2022-10-01 12:00:00+00:00,24389.75
2022-10-01 13:00:00+00:00,23309.75
2022-10-01 14:00:00+00:00,22704
2022-10-01 15:00:00+00:00,22681.5
2022-10-01 16:00:00+00:00,23150.5
2022-10-01 17:00:00+00:00,23734.75
2022-10-01 18:00:00+00:00,25579.5
2022-10-01 19:00:00+00:00,25556.5
2022-10-01 20:00:00+00:00,23651.75
2022-10-01 21:00:00+00:00,21869.5
2022-10-01 22:00:00+00:00,20738.25
2022-10-01 23:00:00+00:00,19675.75
2022-10-02 00:00:00+00:00,18866.5
2022-10-02 01:00:00+00:00,18416
2022-10-02 02:00:00+00:00,18164
2022-10-02 03:00:00+00:00,18122.5
2022-10-02 04:00:00+00:00,18654
2022-10-02 05:00:00+00:00,19150
2022-10-02 06:00:00+00:00,19390.5
2022-10-02 07:00:00+00:00,20613.75
2022-10-02 08:00:00+00:00,21680
2022-10-02 09:00:00+00:00,22094
2022-10-02 10:00:00+00:00,22431.25
2022-10-02 11:00:00+00:00,22943.75
2022-10-02 12:00:00+00:00,22982.25
2022-10-02 13:00:00+00:00,21951.5
2022-10-02 14:00:00+00:00,21462
2022-10-02 15:00:00+00:00,21602
2022-10-02 16:00:00+00:00,22098.75
2022-10-02 17:00:00+00:00,22814
2022-10-02 18:00:00+00:00,25118.25
2022-10-02 19:00:00+00:00,25460.75
2022-10-02 20:00:00+00:00,24010.5
2022-10-02 21:00:00+00:00,22157.25
2022-10-02 22:00:00+00:00,20788.5
2022-10-02 23:00:00+00:00,19817.25
2022-10-03 00:00:00+00:00,19284
2022-10-03 01:00:00+00:00,18965.75
2022-10-03 02:00:00+00:00,19083.25
2022-10-03 03:00:00+00:00,19770.25
2022-10-03 04:00:00+00:00,22507.25
2022-10-03 05:00:00+00:00,25925.75
2022-10-03 06:00:00+00:00,27216.25
2022-10-03 07:00:00+00:00,27859.75
2022-10-03 08:00:00+00:00,28253.75
2022-10-03 09:00:00+00:00,28451.75
2022-10-03 10:00:00+00:00,28888.25
2022-10-03 11:00:00+00:00,29069.75
2022-10-03 12:00:00+00:00,28616.25
2022-10-03 13:00:00+00:00,27883
2022-10-03 14:00:00+00:00,27881.5
2022-10-03 15:00:00+00:00,28167.25
2022-10-03 16:00:00+00:00,28052
2022-10-03 17:00:00+00:00,28438.25
2022-10-03 18:00:00+00:00,30270.25
2022-10-03 19:00:00+00:00,29288.5
2022-10-03 20:00:00+00:00,26243.25
2022-10-03 21:00:00+00:00,24019.75
2022-10-03 22:00:00+00:00,22975
2022-10-03 23:00:00+00:00,21862.25
2022-10-04 00:00:00+00:00,21162.25
2022-10-04 01:00:00+00:00,20889
2022-10-04 02:00:00+00:00,20946.5
2022-10-04 03:00:00+00:00,21423.25
2022-10-04 04:00:00+00:00,23650
2022-10-04 05:00:00+00:00,26723.5
2022-10-04 06:00:00+00:00,28179
2022-10-04 07:00:00+00:00,28531.25
2022-10-04 08:00:00+00:00,28653.75
2022-10-04 09:00:00+00:00,28788.25
2022-10-04 10:00:00+00:00,29198
2022-10-04 11:00:00+00:00,29436.5
2022-10-04 12:00:00+00:00,28968.75
2022-10-04 13:00:00+00:00,28392
2022-10-04 14:00:00+00:00,28370
2022-10-04 15:00:00+00:00,28496.75
2022-10-04 16:00:00+00:00,28373.25
2022-10-04 17:00:00+00:00,28776.5
2022-10-04 18:00:00+00:00,30638.75
2022-10-04 19:00:00+00:00,29705
2022-10-04 20:00:00+00:00,26670
2022-10-04 21:00:00+00:00,24532.25
2022-10-04 22:00:00+00:00,22941.5
2022-10-04 23:00:00+00:00,21930.75
2022-10-05 00:00:00+00:00,21284
2022-10-05 01:00:00+00:00,20887.25
2022-10-05 02:00:00+00:00,20959.75
2022-10-05 03:00:00+00:00,21408
2022-10-05 04:00:00+00:00,23656.75
2022-10-05 05:00:00+00:00,26843
2022-10-05 06:00:00+00:00,27979.25
2022-10-05 07:00:00+00:00,28338
2022-10-05 08:00:00+00:00,28522.25
2022-10-05 09:00:00+00:00,28624.5
2022-10-05 10:00:00+00:00,29070.25
2022-10-05 11:00:00+00:00,29244.75
2022-10-05 12:00:00+00:00,28721.5
2022-10-05 13:00:00+00:00,28138
2022-10-05 14:00:00+00:00,27996
2022-10-05 15:00:00+00:00,28116.25
2022-10-05 16:00:00+00:00,28013
2022-10-05 17:00:00+00:00,28368.75
2022-10-05 18:00:00+00:00,30269
2022-10-05 19:00:00+00:00,29295.25
2022-10-05 20:00:00+00:00,26344.5
2022-10-05 21:00:00+00:00,24065.25
2022-10-05 22:00:00+00:00,22979.5
2022-10-05 23:00:00+00:00,21935
2022-10-06 00:00:00+00:00,21272
2022-10-06 01:00:00+00:00,20921.25
2022-10-06 02:00:00+00:00,20912.75
2022-10-06 03:00:00+00:00,21432.75
2022-10-06 04:00:00+00:00,23633
2022-10-06 05:00:00+00:00,26836.5
2022-10-06 06:00:00+00:00,28010
2022-10-06 07:00:00+00:00,28470.25
2022-10-06 08:00:00+00:00,28630.75
2022-10-06 09:00:00+00:00,28717.5
2022-10-06 10:00:00+00:00,29087.25
2022-10-06 11:00:00+00:00,29116.75
2022-10-06 12:00:00+00:00,28687
2022-10-06 13:00:00+00:00,28110.75
2022-10-06 14:00:00+00:00,27984.75
2022-10-06 15:00:00+00:00,28141.25
2022-10-06 16:00:00+00:00,28077.75
2022-10-06 17:00:00+00:00,28538.75
2022-10-06 18:00:00+00:00,30387.5
2022-10-06 19:00:00+00:00,29201
2022-10-06 20:00:00+00:00,26360.75
2022-10-06 21:00:00+00:00,24170
2022-10-06 22:00:00+00:00,23175
2022-10-06 23:00:00+00:00,22204.25
2022-10-07 00:00:00+00:00,21490.75
2022-10-07 01:00:00+00:00,21161
2022-10-07 02:00:00+00:00,21194.5
2022-10-07 03:00:00+00:00,21682
2022-10-07 04:00:00+00:00,23878.75
2022-10-07 05:00:00+00:00,26929.25
2022-10-07 06:00:00+00:00,28061.5
2022-10-07 07:00:00+00:00,28483
2022-10-07 08:00:00+00:00,28821.75
2022-10-07 09:00:00+00:00,28967
2022-10-07 10:00:00+00:00,29149
2022-10-07 11:00:00+00:00,29189
2022-10-07 12:00:00+00:00,28609.25
2022-10-07 13:00:00+00:00,27830.5
2022-10-07 14:00:00+00:00,27532
2022-10-07 15:00:00+00:00,27541.5
2022-10-07 16:00:00+00:00,27436.25
2022-10-07 17:00:00+00:00,27783.5
2022-10-07 18:00:00+00:00,29366.25
2022-10-07 19:00:00+00:00,28374
2022-10-07 20:00:00+00:00,25779.25
2022-10-07 21:00:00+00:00,23838
2022-10-07 22:00:00+00:00,23022.5
2022-10-07 23:00:00+00:00,21925.75
2022-10-08 00:00:00+00:00,21055.25
2022-10-08 01:00:00+00:00,20518
2022-10-08 02:00:00+00:00,20204.5
2022-10-08 03:00:00+00:00,20021.25
2022-10-08 04:00:00+00:00,20687.75
2022-10-08 05:00:00+00:00,21848.25
2022-10-08 06:00:00+00:00,22615.25
2022-10-08 07:00:00+00:00,24181.75
2022-10-08 08:00:00+00:00,25149.25
2022-10-08 09:00:00+00:00,25288.25
2022-10-08 10:00:00+00:00,25405.5
2022-10-08 11:00:00+00:00,25639.25
2022-10-08 12:00:00+00:00,25205.75
2022-10-08 13:00:00+00:00,24141.5
2022-10-08 14:00:00+00:00,23550.75
2022-10-08 15:00:00+00:00,23554.5
2022-10-08 16:00:00+00:00,23881.75
2022-10-08 17:00:00+00:00,24514.5
2022-10-08 18:00:00+00:00,26274.75
2022-10-08 19:00:00+00:00,25965.25
2022-10-08 20:00:00+00:00,24031.25
2022-10-08 21:00:00+00:00,22424.25
2022-10-08 22:00:00+00:00,20947.75
2022-10-08 23:00:00+00:00,19876.75
2022-10-09 00:00:00+00:00,19087.25
2022-10-09 01:00:00+00:00,18559.75
2022-10-09 02:00:00+00:00,18314.5
2022-10-09 03:00:00+00:00,18221
2022-10-09 04:00:00+00:00,18580.5
2022-10-09 05:00:00+00:00,19145.25
2022-10-09 06:00:00+00:00,19410.25
2022-10-09 07:00:00+00:00,20577.25
2022-10-09 08:00:00+00:00,21661.5
2022-10-09 09:00:00+00:00,22177.75
2022-10-09 10:00:00+00:00,22483.75
2022-10-09 11:00:00+00:00,23060.75
2022-10-09 12:00:00+00:00,23008.25
2022-10-09 13:00:00+00:00,21975.5
2022-10-09 14:00:00+00:00,21489.5
2022-10-09 15:00:00+00:00,21537
2022-10-09 16:00:00+00:00,21930.5
2022-10-09 17:00:00+00:00,22841.75
2022-10-09 18:00:00+00:00,25075.75
2022-10-09 19:00:00+00:00,25133.5
2022-10-09 20:00:00+00:00,23751.25
2022-10-09 21:00:00+00:00,22185.5
2022-10-09 22:00:00+00:00,20868
2022-10-09 23:00:00+00:00,19983.75
2022-10-10 00:00:00+00:00,19309
2022-10-10 01:00:00+00:00,19144.5
2022-10-10 02:00:00+00:00,19125
2022-10-10 03:00:00+00:00,19847
2022-10-10 04:00:00+00:00,22461
2022-10-10 05:00:00+00:00,25811
2022-10-10 06:00:00+00:00,27431.25
2022-10-10 07:00:00+00:00,27842
2022-10-10 08:00:00+00:00,28042
2022-10-10 09:00:00+00:00,28205.75
2022-10-10 10:00:00+00:00,28513.75
2022-10-10 11:00:00+00:00,28750.5
2022-10-10 12:00:00+00:00,28175
2022-10-10 13:00:00+00:00,27352.5
2022-10-10 14:00:00+00:00,27202
2022-10-10 15:00:00+00:00,27428.5
2022-10-10 16:00:00+00:00,27275.5
2022-10-10 17:00:00+00:00,27856.75
2022-10-10 18:00:00+00:00,29727.5
2022-10-10 19:00:00+00:00,28754
2022-10-10 20:00:00+00:00,25823
2022-10-10 21:00:00+00:00,23597
2022-10-10 22:00:00+00:00,22668.25
2022-10-10 23:00:00+00:00,21730
2022-10-11 00:00:00+00:00,21006.25
2022-10-11 01:00:00+00:00,20671
2022-10-11 02:00:00+00:00,20636.5
2022-10-11 03:00:00+00:00,21159
2022-10-11 04:00:00+00:00,23394.75
2022-10-11 05:00:00+00:00,26498.5
2022-10-11 06:00:00+00:00,27651.5
2022-10-11 07:00:00+00:00,28246.75
2022-10-11 08:00:00+00:00,28469.75
2022-10-11 09:00:00+00:00,28518.5
2022-10-11 10:00:00+00:00,28799
2022-10-11 11:00:00+00:00,28827.25
2022-10-11 12:00:00+00:00,28119.75
2022-10-11 13:00:00+00:00,27410
2022-10-11 14:00:00+00:00,27236
2022-10-11 15:00:00+00:00,27280.75
2022-10-11 16:00:00+00:00,27144.25
2022-10-11 17:00:00+00:00,27669.5
2022-10-11 18:00:00+00:00,29084
2022-10-11 19:00:00+00:00,28143.75
2022-10-11 20:00:00+00:00,25545.5
2022-10-11 21:00:00+00:00,23500.5
2022-10-11 22:00:00+00:00,22541.25
2022-10-11 23:00:00+00:00,21520.75
2022-10-12 00:00:00+00:00,20620.5
2022-10-12 01:00:00+00:00,20144.5
2022-10-12 02:00:00+00:00,19904.5
2022-10-12 03:00:00+00:00,19649
2022-10-12 04:00:00+00:00,20096
2022-10-12 05:00:00+00:00,20615
2022-10-12 06:00:00+00:00,20562.5
2022-10-12 07:00:00+00:00,21598.5
2022-10-12 08:00:00+00:00,22555.25
2022-10-12 09:00:00+00:00,22964.5
2022-10-12 10:00:00+00:00,23182.75
2022-10-12 11:00:00+00:00,23657.75
2022-10-12 12:00:00+00:00,23567.5
2022-10-12 13:00:00+00:00,22411.25
2022-10-12 14:00:00+00:00,21749.75
2022-10-12 15:00:00+00:00,21667.75
2022-10-12 16:00:00+00:00,21924
2022-10-12 17:00:00+00:00,23025
2022-10-12 18:00:00+00:00,25243.25
2022-10-12 19:00:00+00:00,25346
2022-10-12 20:00:00+00:00,23833.75
2022-10-12 21:00:00+00:00,22099.75
2022-10-12 22:00:00+00:00,20805
2022-10-12 23:00:00+00:00,19872.25
2022-10-13 00:00:00+00:00,19137.25
2022-10-13 01:00:00+00:00,18908.25
2022-10-13 02:00:00+00:00,18969
2022-10-13 03:00:00+00:00,19663
2022-10-13 04:00:00+00:00,22252.75
2022-10-13 05:00:00+00:00,25794.25
2022-10-13 06:00:00+00:00,27689
2022-10-13 07:00:00+00:00,28133
2022-10-13 08:00:00+00:00,28442.75
2022-10-13 09:00:00+00:00,28506
2022-10-13 10:00:00+00:00,28719.25
2022-10-13 11:00:00+00:00,28892.5
2022-10-13 12:00:00+00:00,28164.5
2022-10-13 13:00:00+00:00,27678
2022-10-13 14:00:00+00:00,27642.75
2022-10-13 15:00:00+00:00,27901.25
2022-10-13 16:00:00+00:00,27866.25
2022-10-13 17:00:00+00:00,28617.5
2022-10-13 18:00:00+00:00,30012.25
2022-10-13 19:00:00+00:00,28654.5
2022-10-13 20:00:00+00:00,25836.25
2022-10-13 21:00:00+00:00,23710.5
2022-10-13 22:00:00+00:00,22821.75
2022-10-13 23:00:00+00:00,21789.75
2022-10-14 00:00:00+00:00,21037
2022-10-14 01:00:00+00:00,20686.5
2022-10-14 02:00:00+00:00,20725.75
2022-10-14 03:00:00+00:00,21322.25
2022-10-14 04:00:00+00:00,23555
2022-10-14 05:00:00+00:00,26808
2022-10-14 06:00:00+00:00,27923
2022-10-14 07:00:00+00:00,28276.5
2022-10-14 08:00:00+00:00,28612.75
2022-10-14 09:00:00+00:00,28877
2022-10-14 10:00:00+00:00,29102.5
2022-10-14 11:00:00+00:00,29146.75
2022-10-14 12:00:00+00:00,28554.5
2022-10-14 13:00:00+00:00,27926
2022-10-14 14:00:00+00:00,27796
2022-10-14 15:00:00+00:00,27879
2022-10-14 16:00:00+00:00,27857.75
2022-10-14 17:00:00+00:00,28348.25
2022-10-14 18:00:00+00:00,29795.75
2022-10-14 19:00:00+00:00,28604.25
2022-10-14 20:00:00+00:00,25888.5
2022-10-14 21:00:00+00:00,23932
2022-10-14 22:00:00+00:00,22733.5
2022-10-14 23:00:00+00:00,21504.75
2022-10-15 00:00:00+00:00,20573.25
2022-10-15 01:00:00+00:00,20068.25
2022-10-15 02:00:00+00:00,19668.25
2022-10-15 03:00:00+00:00,19566.5
2022-10-15 04:00:00+00:00,20152
2022-10-15 05:00:00+00:00,21334
2022-10-15 06:00:00+00:00,22363
2022-10-15 07:00:00+00:00,23698
2022-10-15 08:00:00+00:00,24785.5
2022-10-15 09:00:00+00:00,25134.5
2022-10-15 10:00:00+00:00,25178.75
2022-10-15 11:00:00+00:00,25421.5
2022-10-15 12:00:00+00:00,24935.75
2022-10-15 13:00:00+00:00,23983.75
2022-10-15 14:00:00+00:00,23483
2022-10-15 15:00:00+00:00,23655.5
2022-10-15 16:00:00+00:00,23903.25
2022-10-15 17:00:00+00:00,24677
2022-10-15 18:00:00+00:00,26224.25
2022-10-15 19:00:00+00:00,25730.5
2022-10-15 20:00:00+00:00,23811.5
2022-10-15 21:00:00+00:00,22166.5
2022-10-15 22:00:00+00:00,20655.25
2022-10-15 23:00:00+00:00,19643.75
2022-10-16 00:00:00+00:00,18831.5
2022-10-16 01:00:00+00:00,18311
2022-10-16 02:00:00+00:00,18012.5
2022-10-16 03:00:00+00:00,17993
2022-10-16 04:00:00+00:00,18442.5
2022-10-16 05:00:00+00:00,19020.25
2022-10-16 06:00:00+00:00,19364
2022-10-16 07:00:00+00:00,20367
2022-10-16 08:00:00+00:00,21361.75
2022-10-16 09:00:00+00:00,21846.5
2022-10-16 10:00:00+00:00,22126
2022-10-16 11:00:00+00:00,22684.25
2022-10-16 12:00:00+00:00,22666.25
2022-10-16 13:00:00+00:00,21620.25
2022-10-16 14:00:00+00:00,21294
2022-10-16 15:00:00+00:00,21490.5
2022-10-16 16:00:00+00:00,22077.5
2022-10-16 17:00:00+00:00,23204.25
2022-10-16 18:00:00+00:00,25273.75
2022-10-16 19:00:00+00:00,25183.75
2022-10-16 20:00:00+00:00,23694
2022-10-16 21:00:00+00:00,22070.75
2022-10-16 22:00:00+00:00,20598
2022-10-16 23:00:00+00:00,19640.25
2022-10-17 00:00:00+00:00,18996.5
2022-10-17 01:00:00+00:00,18756.5
2022-10-17 02:00:00+00:00,18876.75
2022-10-17 03:00:00+00:00,19576.75
2022-10-17 04:00:00+00:00,22185.25
2022-10-17 05:00:00+00:00,25605.25
2022-10-17 06:00:00+00:00,27252.25
2022-10-17 07:00:00+00:00,27685.25
2022-10-17 08:00:00+00:00,28012.25
2022-10-17 09:00:00+00:00,28286
2022-10-17 10:00:00+00:00,28639.75
2022-10-17 11:00:00+00:00,28898
2022-10-17 12:00:00+00:00,28464.5
2022-10-17 13:00:00+00:00,27731.25
2022-10-17 14:00:00+00:00,27729.25
2022-10-17 15:00:00+00:00,28026
2022-10-17 16:00:00+00:00,27966.5
2022-10-17 17:00:00+00:00,28776.5
2022-10-17 18:00:00+00:00,30309
2022-10-17 19:00:00+00:00,28977.5
2022-10-17 20:00:00+00:00,25949.75
2022-10-17 21:00:00+00:00,23804.25
2022-10-17 22:00:00+00:00,22437.25
2022-10-17 23:00:00+00:00,21519
2022-10-18 00:00:00+00:00,20783.25
2022-10-18 01:00:00+00:00,20387.25
2022-10-18 02:00:00+00:00,20460
2022-10-18 03:00:00+00:00,20988
2022-10-18 04:00:00+00:00,23317.75
2022-10-18 05:00:00+00:00,26577
2022-10-18 06:00:00+00:00,27980.5
2022-10-18 07:00:00+00:00,28293.5
2022-10-18 08:00:00+00:00,28695
2022-10-18 09:00:00+00:00,29010
2022-10-18 10:00:00+00:00,29388
2022-10-18 11:00:00+00:00,29562.5
2022-10-18 12:00:00+00:00,29125
2022-10-18 13:00:00+00:00,28586
2022-10-18 14:00:00+00:00,28514.75
2022-10-18 15:00:00+00:00,28723.25
2022-10-18 16:00:00+00:00,28590.25
2022-10-18 17:00:00+00:00,29407.5
2022-10-18 18:00:00+00:00,30832.25
2022-10-18 19:00:00+00:00,29514
2022-10-18 20:00:00+00:00,26524.5
2022-10-18 21:00:00+00:00,24217.75
2022-10-18 22:00:00+00:00,22833.25
2022-10-18 23:00:00+00:00,21927.25
2022-10-19 00:00:00+00:00,21209.25
2022-10-19 01:00:00+00:00,20814.75
2022-10-19 02:00:00+00:00,20845.25
2022-10-19 03:00:00+00:00,21351
2022-10-19 04:00:00+00:00,23503.75
2022-10-19 05:00:00+00:00,26801.75
2022-10-19 06:00:00+00:00,28290.5
2022-10-19 07:00:00+00:00,28453.25
2022-10-19 08:00:00+00:00,28594.75
2022-10-19 09:00:00+00:00,28780.5
2022-10-19 10:00:00+00:00,29113.25
2022-10-19 11:00:00+00:00,29340.25
2022-10-19 12:00:00+00:00,28757.5
2022-10-19 13:00:00+00:00,28151.5
2022-10-19 14:00:00+00:00,28075.75
2022-10-19 15:00:00+00:00,28331.5
2022-10-19 16:00:00+00:00,28253.5
2022-10-19 17:00:00+00:00,29036
2022-10-19 18:00:00+00:00,30567.25
2022-10-19 19:00:00+00:00,29232.25
2022-10-19 20:00:00+00:00,26266
2022-10-19 21:00:00+00:00,23992.25
2022-10-19 22:00:00+00:00,23222.5
2022-10-19 23:00:00+00:00,22246.25
2022-10-20 00:00:00+00:00,21569.5
2022-10-20 01:00:00+00:00,21212.5
2022-10-20 02:00:00+00:00,21209.5
2022-10-20 03:00:00+00:00,21712.75
2022-10-20 04:00:00+00:00,24038.25
2022-10-20 05:00:00+00:00,27341.25
2022-10-20 06:00:00+00:00,28666.75
2022-10-20 07:00:00+00:00,28844.25
2022-10-20 08:00:00+00:00,28956.5
2022-10-20 09:00:00+00:00,29049
2022-10-20 10:00:00+00:00,29217
2022-10-20 11:00:00+00:00,29336
2022-10-20 12:00:00+00:00,28795.75
2022-10-20 13:00:00+00:00,28212.25
2022-10-20 14:00:00+00:00,28076.75
2022-10-20 15:00:00+00:00,28226.5
2022-10-20 16:00:00+00:00,28199
2022-10-20 17:00:00+00:00,29137.25
2022-10-20 18:00:00+00:00,30651.75
2022-10-20 19:00:00+00:00,29388.75
2022-10-20 20:00:00+00:00,26458
2022-10-20 21:00:00+00:00,24249
2022-10-20 22:00:00+00:00,23149
2022-10-20 23:00:00+00:00,22075.5
2022-10-21 00:00:00+00:00,21416.25
2022-10-21 01:00:00+00:00,20989.75
2022-10-21 02:00:00+00:00,20974.5
2022-10-21 03:00:00+00:00,21526
2022-10-21 04:00:00+00:00,23728
2022-10-21 05:00:00+00:00,26858.5
2022-10-21 06:00:00+00:00,28431.5
2022-10-21 07:00:00+00:00,28745
2022-10-21 08:00:00+00:00,28861.75
2022-10-21 09:00:00+00:00,29095.25
2022-10-21 10:00:00+00:00,29354.5
2022-10-21 11:00:00+00:00,29402.25
2022-10-21 12:00:00+00:00,28758.75
2022-10-21 13:00:00+00:00,27965.75
2022-10-21 14:00:00+00:00,27559
2022-10-21 15:00:00+00:00,27561.25
2022-10-21 16:00:00+00:00,27495
2022-10-21 17:00:00+00:00,28351
2022-10-21 18:00:00+00:00,29637.5
2022-10-21 19:00:00+00:00,28485.5
2022-10-21 20:00:00+00:00,25751
2022-10-21 21:00:00+00:00,23737.5
2022-10-21 22:00:00+00:00,22847.75
2022-10-21 23:00:00+00:00,21793.25
2022-10-22 00:00:00+00:00,20907
2022-10-22 01:00:00+00:00,20298.25
2022-10-22 02:00:00+00:00,20092.25
2022-10-22 03:00:00+00:00,20062.5
2022-10-22 04:00:00+00:00,20705
2022-10-22 05:00:00+00:00,21811.25
2022-10-22 06:00:00+00:00,22885
2022-10-22 07:00:00+00:00,24152.75
2022-10-22 08:00:00+00:00,24997.5
2022-10-22 09:00:00+00:00,25051
2022-10-22 10:00:00+00:00,25043.5
2022-10-22 11:00:00+00:00,25312.75
2022-10-22 12:00:00+00:00,24869.25
2022-10-22 13:00:00+00:00,23918.75
2022-10-22 14:00:00+00:00,23281.5
2022-10-22 15:00:00+00:00,23238.25
2022-10-22 16:00:00+00:00,23542.25
2022-10-22 17:00:00+00:00,24634.25
2022-10-22 18:00:00+00:00,26074.5
2022-10-22 19:00:00+00:00,25642.75
2022-10-22 20:00:00+00:00,23773.5
2022-10-22 21:00:00+00:00,22110.5
2022-10-22 22:00:00+00:00,20669.75
2022-10-22 23:00:00+00:00,19636.75
2022-10-23 00:00:00+00:00,18826.25
2022-10-23 01:00:00+00:00,18299.75
2022-10-23 02:00:00+00:00,18089.75
2022-10-23 03:00:00+00:00,18095.75
2022-10-23 04:00:00+00:00,18549.75
2022-10-23 05:00:00+00:00,19071.5
2022-10-23 06:00:00+00:00,19550
2022-10-23 07:00:00+00:00,20692.5
2022-10-23 08:00:00+00:00,21782.5
2022-10-23 09:00:00+00:00,22230
2022-10-23 10:00:00+00:00,22496.75
2022-10-23 11:00:00+00:00,23003.75
2022-10-23 12:00:00+00:00,23019
2022-10-23 13:00:00+00:00,22001.5
2022-10-23 14:00:00+00:00,21418.25
2022-10-23 15:00:00+00:00,21423.25
2022-10-23 16:00:00+00:00,21921.5
2022-10-23 17:00:00+00:00,23316.5
2022-10-23 18:00:00+00:00,25301.25
2022-10-23 19:00:00+00:00,25079
2022-10-23 20:00:00+00:00,23561
2022-10-23 21:00:00+00:00,21855.25
2022-10-23 22:00:00+00:00,20738.25
2022-10-23 23:00:00+00:00,19886.25
2022-10-24 00:00:00+00:00,19262.25
2022-10-24 01:00:00+00:00,19026.75
2022-10-24 02:00:00+00:00,19126.25
2022-10-24 03:00:00+00:00,19777.5
2022-10-24 04:00:00+00:00,22505.5
2022-10-24 05:00:00+00:00,26101.25
2022-10-24 06:00:00+00:00,27981.75
2022-10-24 07:00:00+00:00,28242.25
2022-10-24 08:00:00+00:00,28543
2022-10-24 09:00:00+00:00,28652.75
2022-10-24 10:00:00+00:00,28981.5
2022-10-24 11:00:00+00:00,29014
2022-10-24 12:00:00+00:00,28474.25
2022-10-24 13:00:00+00:00,27745.75
2022-10-24 14:00:00+00:00,27390.25
2022-10-24 15:00:00+00:00,27475.75
2022-10-24 16:00:00+00:00,27433.5
2022-10-24 17:00:00+00:00,28785.75
2022-10-24 18:00:00+00:00,30222.5
2022-10-24 19:00:00+00:00,29046
2022-10-24 20:00:00+00:00,26073
2022-10-24 21:00:00+00:00,23732
2022-10-24 22:00:00+00:00,22677
2022-10-24 23:00:00+00:00,21761.5
2022-10-25 00:00:00+00:00,21067.25
2022-10-25 01:00:00+00:00,20742.75
2022-10-25 02:00:00+00:00,20786
2022-10-25 03:00:00+00:00,21322
2022-10-25 04:00:00+00:00,23621.5
2022-10-25 05:00:00+00:00,26770.5
2022-10-25 06:00:00+00:00,28387
2022-10-25 07:00:00+00:00,28643.5
2022-10-25 08:00:00+00:00,28783
2022-10-25 09:00:00+00:00,28813.25
2022-10-25 10:00:00+00:00,29028.75
2022-10-25 11:00:00+00:00,29077.5
2022-10-25 12:00:00+00:00,28702.5
2022-10-25 13:00:00+00:00,28169.5
2022-10-25 14:00:00+00:00,27977.5
2022-10-25 15:00:00+00:00,28095
2022-10-25 16:00:00+00:00,28148.25
2022-10-25 17:00:00+00:00,29402.75
2022-10-25 18:00:00+00:00,30722.75
2022-10-25 19:00:00+00:00,29451.25
2022-10-25 20:00:00+00:00,26471.5
2022-10-25 21:00:00+00:00,24128
2022-10-25 22:00:00+00:00,22931.25
2022-10-25 23:00:00+00:00,21906.25
2022-10-26 00:00:00+00:00,21204.75
2022-10-26 01:00:00+00:00,20818.75
2022-10-26 02:00:00+00:00,20803.25
2022-10-26 03:00:00+00:00,21309
2022-10-26 04:00:00+00:00,23588.75
2022-10-26 05:00:00+00:00,26962.75
2022-10-26 06:00:00+00:00,28528.75
2022-10-26 07:00:00+00:00,28722.75
2022-10-26 08:00:00+00:00,28876
2022-10-26 09:00:00+00:00,28943.75
2022-10-26 10:00:00+00:00,29209.5
2022-10-26 11:00:00+00:00,29326
2022-10-26 12:00:00+00:00,28807.25
2022-10-26 13:00:00+00:00,28277.75
2022-10-26 14:00:00+00:00,28093.25
2022-10-26 15:00:00+00:00,28206.25
2022-10-26 16:00:00+00:00,28249.5
2022-10-26 17:00:00+00:00,29527
2022-10-26 18:00:00+00:00,30840.5
2022-10-26 19:00:00+00:00,29496
2022-10-26 20:00:00+00:00,26512.75
2022-10-26 21:00:00+00:00,24301.5
2022-10-26 22:00:00+00:00,23154.5
2022-10-26 23:00:00+00:00,22076.25
2022-10-27 00:00:00+00:00,21279.25
2022-10-27 01:00:00+00:00,20918.75
2022-10-27 02:00:00+00:00,20886
2022-10-27 03:00:00+00:00,21420
2022-10-27 04:00:00+00:00,23593
2022-10-27 05:00:00+00:00,26800.5
2022-10-27 06:00:00+00:00,28438.75
2022-10-27 07:00:00+00:00,28749.5
2022-10-27 08:00:00+00:00,28916
2022-10-27 09:00:00+00:00,29036.25
2022-10-27 10:00:00+00:00,29306.25
2022-10-27 11:00:00+00:00,29417.75
2022-10-27 12:00:00+00:00,28996.5
2022-10-27 13:00:00+00:00,28441.75
2022-10-27 14:00:00+00:00,28334.25
2022-10-27 15:00:00+00:00,28458
2022-10-27 16:00:00+00:00,28527.5
2022-10-27 17:00:00+00:00,29860.5
2022-10-27 18:00:00+00:00,31111.5
2022-10-27 19:00:00+00:00,29543.5
2022-10-27 20:00:00+00:00,26531.75
2022-10-27 21:00:00+00:00,24303.75
2022-10-27 22:00:00+00:00,23008.75
2022-10-27 23:00:00+00:00,22000.75
2022-10-28 00:00:00+00:00,21299.5
2022-10-28 01:00:00+00:00,20872.5
2022-10-28 02:00:00+00:00,20754.25
2022-10-28 03:00:00+00:00,21220.25
2022-10-28 04:00:00+00:00,23451.25
2022-10-28 05:00:00+00:00,26750.75
2022-10-28 06:00:00+00:00,28366
2022-10-28 07:00:00+00:00,28488.25
2022-10-28 08:00:00+00:00,28486.25
2022-10-28 09:00:00+00:00,28414.5
2022-10-28 10:00:00+00:00,28603.75
2022-10-28 11:00:00+00:00,28621.25
2022-10-28 12:00:00+00:00,28122
2022-10-28 13:00:00+00:00,27420.5
2022-10-28 14:00:00+00:00,27206.75
2022-10-28 15:00:00+00:00,27231.25
2022-10-28 16:00:00+00:00,27179.75
2022-10-28 17:00:00+00:00,28375.25
2022-10-28 18:00:00+00:00,29393.5
2022-10-28 19:00:00+00:00,28192.5
2022-10-28 20:00:00+00:00,25452.75
2022-10-28 21:00:00+00:00,23527.25
2022-10-28 22:00:00+00:00,22302.5
2022-10-28 23:00:00+00:00,21246.5
2022-10-29 00:00:00+00:00,20399.5
2022-10-29 01:00:00+00:00,19905.25
2022-10-29 02:00:00+00:00,19540.25
2022-10-29 03:00:00+00:00,19481.5
2022-10-29 04:00:00+00:00,20105.75
2022-10-29 05:00:00+00:00,21208.25
2022-10-29 06:00:00+00:00,22247.5
2022-10-29 07:00:00+00:00,23562.5
2022-10-29 08:00:00+00:00,24368
2022-10-29 09:00:00+00:00,24349.75
2022-10-29 10:00:00+00:00,24398.5
2022-10-29 11:00:00+00:00,24557.25
2022-10-29 12:00:00+00:00,24161.25
2022-10-29 13:00:00+00:00,23177.75
2022-10-29 14:00:00+00:00,22636.75
2022-10-29 15:00:00+00:00,22702.25
2022-10-29 16:00:00+00:00,23047
2022-10-29 17:00:00+00:00,24224.5
2022-10-29 18:00:00+00:00,25476
2022-10-29 19:00:00+00:00,25040
2022-10-29 20:00:00+00:00,23240.25
2022-10-29 21:00:00+00:00,21584.5
2022-10-29 22:00:00+00:00,20272.75
2022-10-29 23:00:00+00:00,18254.5
2022-10-30 01:00:00+00:00,18128
2022-10-30 02:00:00+00:00,17754.75
2022-10-30 03:00:00+00:00,17658.75
2022-10-30 04:00:00+00:00,17646
2022-10-30 05:00:00+00:00,18223.25
2022-10-30 06:00:00+00:00,18590.5
2022-10-30 07:00:00+00:00,19680
2022-10-30 08:00:00+00:00,20898.5
2022-10-30 09:00:00+00:00,21578.75
2022-10-30 10:00:00+00:00,21841.75
2022-10-30 11:00:00+00:00,22073
2022-10-30 12:00:00+00:00,22391.5
2022-10-30 13:00:00+00:00,22258.25
2022-10-30 14:00:00+00:00,21139
2022-10-30 15:00:00+00:00,20630.5
2022-10-30 16:00:00+00:00,20962.75
2022-10-30 17:00:00+00:00,22495.75
2022-10-30 18:00:00+00:00,24331
2022-10-30 19:00:00+00:00,24999.5
2022-10-30 20:00:00+00:00,24201.75
2022-10-30 21:00:00+00:00,22587.75
2022-10-30 22:00:00+00:00,21044
2022-10-30 23:00:00+00:00,19988.5
2022-10-31 00:00:00+00:00,18965.25
2022-10-31 01:00:00+00:00,18423
2022-10-31 02:00:00+00:00,18149.75
2022-10-31 03:00:00+00:00,18184.5
2022-10-31 04:00:00+00:00,18558.5
2022-10-31 05:00:00+00:00,20447.25
2022-10-31 06:00:00+00:00,22468
2022-10-31 07:00:00+00:00,23696.75
2022-10-31 08:00:00+00:00,24919.75
2022-10-31 09:00:00+00:00,25142
2022-10-31 10:00:00+00:00,25210
2022-10-31 11:00:00+00:00,25338.25
2022-10-31 12:00:00+00:00,25893
2022-10-31 13:00:00+00:00,25519.5
2022-10-31 14:00:00+00:00,24754.5
2022-10-31 15:00:00+00:00,24574.5
2022-10-31 16:00:00+00:00,24977.5
2022-10-31 17:00:00+00:00,26463.25
2022-10-31 18:00:00+00:00,27630.75
2022-10-31 19:00:00+00:00,27494.5
2022-10-31 20:00:00+00:00,26012.5
2022-10-31 21:00:00+00:00,23607.25
2022-10-31 22:00:00+00:00,22153
2022-10-31 23:00:00+00:00,20812
2022-11-01 00:00:00+00:00,19857.5
2022-11-01 01:00:00+00:00,19283.25
2022-11-01 02:00:00+00:00,18505.5
2022-11-01 03:00:00+00:00,18319.75
2022-11-01 04:00:00+00:00,18504.5
2022-11-01 05:00:00+00:00,19270.25
2022-11-01 06:00:00+00:00,19668
2022-11-01 07:00:00+00:00,20159.25
2022-11-01 08:00:00+00:00,21224
2022-11-01 09:00:00+00:00,21858.25
2022-11-01 10:00:00+00:00,22142
2022-11-01 11:00:00+00:00,22291.75
2022-11-01 12:00:00+00:00,22811.75
2022-11-01 13:00:00+00:00,22921.75
2022-11-01 14:00:00+00:00,22037.75
2022-11-01 15:00:00+00:00,21476.75
2022-11-01 16:00:00+00:00,21613.75
2022-11-01 17:00:00+00:00,23478
2022-11-01 18:00:00+00:00,24323.75
2022-11-01 19:00:00+00:00,24927
2022-11-01 20:00:00+00:00,24458.25
2022-11-01 21:00:00+00:00,23032.75
2022-11-01 22:00:00+00:00,21394.75
2022-11-01 23:00:00+00:00,20146.25
2022-11-02 00:00:00+00:00,19164
2022-11-02 01:00:00+00:00,18633.75
2022-11-02 02:00:00+00:00,18496.25
2022-11-02 03:00:00+00:00,18544.5
2022-11-02 04:00:00+00:00,19291.25
2022-11-02 05:00:00+00:00,21692.5
2022-11-02 06:00:00+00:00,24609.25
2022-11-02 07:00:00+00:00,26423
2022-11-02 08:00:00+00:00,27515
2022-11-02 09:00:00+00:00,27596
2022-11-02 10:00:00+00:00,27692.25
2022-11-02 11:00:00+00:00,27865.5
2022-11-02 12:00:00+00:00,28097.25
2022-11-02 13:00:00+00:00,27576
2022-11-02 14:00:00+00:00,26993.5
2022-11-02 15:00:00+00:00,26838.25
2022-11-02 16:00:00+00:00,27167.25
2022-11-02 17:00:00+00:00,28497.75
2022-11-02 18:00:00+00:00,29718.5
2022-11-02 19:00:00+00:00,29635.5
2022-11-02 20:00:00+00:00,28138.25
2022-11-02 21:00:00+00:00,25415.75
2022-11-02 22:00:00+00:00,22917
2022-11-02 23:00:00+00:00,22394.75
2022-11-03 00:00:00+00:00,21299.75
2022-11-03 01:00:00+00:00,20631.75
2022-11-03 02:00:00+00:00,20437
2022-11-03 03:00:00+00:00,20422.75
2022-11-03 04:00:00+00:00,20936
2022-11-03 05:00:00+00:00,23262.25
2022-11-03 06:00:00+00:00,26193.5
2022-11-03 07:00:00+00:00,27327.5
2022-11-03 08:00:00+00:00,27625
2022-11-03 09:00:00+00:00,27575.25
2022-11-03 10:00:00+00:00,27594.5
2022-11-03 11:00:00+00:00,27883.25
2022-11-03 12:00:00+00:00,28103.5
2022-11-03 13:00:00+00:00,27837
2022-11-03 14:00:00+00:00,27355
2022-11-03 15:00:00+00:00,27338.25
2022-11-03 16:00:00+00:00,27605.25
2022-11-03 17:00:00+00:00,28808.5
2022-11-03 18:00:00+00:00,29675.75
2022-11-03 19:00:00+00:00,29828.5
2022-11-03 20:00:00+00:00,28567.5
2022-11-03 21:00:00+00:00,25891.75
2022-11-03 22:00:00+00:00,23613
2022-11-03 23:00:00+00:00,22507.25
2022-11-04 00:00:00+00:00,21456.75
2022-11-04 01:00:00+00:00,20748
2022-11-04 02:00:00+00:00,20418
2022-11-04 03:00:00+00:00,20402.75
2022-11-04 04:00:00+00:00,20970.5
2022-11-04 05:00:00+00:00,23187.75
2022-11-04 06:00:00+00:00,25979.5
2022-11-04 07:00:00+00:00,27260.25
2022-11-04 08:00:00+00:00,27771.75
2022-11-04 09:00:00+00:00,27899.5
2022-11-04 10:00:00+00:00,28027.5
2022-11-04 11:00:00+00:00,28282
2022-11-04 12:00:00+00:00,28370.25
2022-11-04 13:00:00+00:00,27846.5
2022-11-04 14:00:00+00:00,27079.5
2022-11-04 15:00:00+00:00,26756
2022-11-04 16:00:00+00:00,26945.5
2022-11-04 17:00:00+00:00,28017.25
2022-11-04 18:00:00+00:00,28767.75
2022-11-04 19:00:00+00:00,28632.5
2022-11-04 20:00:00+00:00,27565.25
2022-11-04 21:00:00+00:00,25235
2022-11-04 22:00:00+00:00,23177.75
2022-11-04 23:00:00+00:00,22703.75
2022-11-05 00:00:00+00:00,21513.5
2022-11-05 01:00:00+00:00,20518.5
2022-11-05 02:00:00+00:00,20011.25
2022-11-05 03:00:00+00:00,19788.25
2022-11-05 04:00:00+00:00,19664.75
2022-11-05 05:00:00+00:00,20364.5
2022-11-05 06:00:00+00:00,21240
2022-11-05 07:00:00+00:00,22250.5
2022-11-05 08:00:00+00:00,23621.25
2022-11-05 09:00:00+00:00,24360
2022-11-05 10:00:00+00:00,24336
2022-11-05 11:00:00+00:00,24234
2022-11-05 12:00:00+00:00,24404.75
2022-11-05 13:00:00+00:00,24086.25
2022-11-05 14:00:00+00:00,23159.75
2022-11-05 15:00:00+00:00,22708.25
2022-11-05 16:00:00+00:00,23023
2022-11-05 17:00:00+00:00,24372.5
2022-11-05 18:00:00+00:00,25513
2022-11-05 19:00:00+00:00,25782
2022-11-05 20:00:00+00:00,25400.75
2022-11-05 21:00:00+00:00,23659.25
2022-11-05 22:00:00+00:00,21887.25
2022-11-05 23:00:00+00:00,20450
2022-11-06 00:00:00+00:00,19271
2022-11-06 01:00:00+00:00,18488.25
2022-11-06 02:00:00+00:00,17978.75
2022-11-06 03:00:00+00:00,17756.75
2022-11-06 04:00:00+00:00,17812.75
2022-11-06 05:00:00+00:00,18229.5
2022-11-06 06:00:00+00:00,18641.75
2022-11-06 07:00:00+00:00,19008.75
2022-11-06 08:00:00+00:00,20295.25
2022-11-06 09:00:00+00:00,21186.5
2022-11-06 10:00:00+00:00,21487.25
2022-11-06 11:00:00+00:00,21654
2022-11-06 12:00:00+00:00,22226
2022-11-06 13:00:00+00:00,22208
2022-11-06 14:00:00+00:00,21235.5
2022-11-06 15:00:00+00:00,20777
2022-11-06 16:00:00+00:00,21053.5
2022-11-06 17:00:00+00:00,22679
2022-11-06 18:00:00+00:00,24046.25
2022-11-06 19:00:00+00:00,25036
2022-11-06 20:00:00+00:00,24781.5
2022-11-06 21:00:00+00:00,23359.5
2022-11-06 22:00:00+00:00,21602.5
2022-11-06 23:00:00+00:00,20359.75
2022-11-07 00:00:00+00:00,19400.25
2022-11-07 01:00:00+00:00,18805.75
2022-11-07 02:00:00+00:00,18658.75
2022-11-07 03:00:00+00:00,18702.75
2022-11-07 04:00:00+00:00,19465.25
2022-11-07 05:00:00+00:00,22131.25
2022-11-07 06:00:00+00:00,25339.5
2022-11-07 07:00:00+00:00,26994.5
2022-11-07 08:00:00+00:00,27385.75
2022-11-07 09:00:00+00:00,27536
2022-11-07 10:00:00+00:00,27622
2022-11-07 11:00:00+00:00,27831.5
2022-11-07 12:00:00+00:00,27991.5
2022-11-07 13:00:00+00:00,27548.75
2022-11-07 14:00:00+00:00,27091.25
2022-11-07 15:00:00+00:00,26941.5
2022-11-07 16:00:00+00:00,27231.5
2022-11-07 17:00:00+00:00,28572.25
2022-11-07 18:00:00+00:00,29496
2022-11-07 19:00:00+00:00,29779.25
2022-11-07 20:00:00+00:00,28526.25
2022-11-07 21:00:00+00:00,25887.5
2022-11-07 22:00:00+00:00,23502.5
2022-11-07 23:00:00+00:00,22352.75
2022-11-08 00:00:00+00:00,21337.5
2022-11-08 01:00:00+00:00,20658.75
2022-11-08 02:00:00+00:00,20425
2022-11-08 03:00:00+00:00,20428.75
2022-11-08 04:00:00+00:00,21010
2022-11-08 05:00:00+00:00,23417.25
2022-11-08 06:00:00+00:00,26539.5
2022-11-08 07:00:00+00:00,27531.25
2022-11-08 08:00:00+00:00,27782.25
2022-11-08 09:00:00+00:00,27862.75
2022-11-08 10:00:00+00:00,27947
2022-11-08 11:00:00+00:00,28114
2022-11-08 12:00:00+00:00,28314.25
2022-11-08 13:00:00+00:00,27949.25
2022-11-08 14:00:00+00:00,27444.75
2022-11-08 15:00:00+00:00,27381
2022-11-08 16:00:00+00:00,27734.75
2022-11-08 17:00:00+00:00,29103.75
2022-11-08 18:00:00+00:00,30111
2022-11-08 19:00:00+00:00,30320.25
2022-11-08 20:00:00+00:00,29031.75
2022-11-08 21:00:00+00:00,26371
2022-11-08 22:00:00+00:00,23989.75
2022-11-08 23:00:00+00:00,22810.75
2022-11-09 00:00:00+00:00,21688.25
2022-11-09 01:00:00+00:00,20968.5
2022-11-09 02:00:00+00:00,20630
2022-11-09 03:00:00+00:00,20568.5
2022-11-09 04:00:00+00:00,21051.75
2022-11-09 05:00:00+00:00,23217
2022-11-09 06:00:00+00:00,26116.25
2022-11-09 07:00:00+00:00,26985.75
2022-11-09 08:00:00+00:00,27164.25
2022-11-09 09:00:00+00:00,27276.75
2022-11-09 10:00:00+00:00,27371.75
2022-11-09 11:00:00+00:00,27659.75
2022-11-09 12:00:00+00:00,27949
2022-11-09 13:00:00+00:00,27680.5
2022-11-09 14:00:00+00:00,27086
2022-11-09 15:00:00+00:00,26937
2022-11-09 16:00:00+00:00,27202.75
2022-11-09 17:00:00+00:00,28545.25
2022-11-09 18:00:00+00:00,29552
2022-11-09 19:00:00+00:00,29924.75
2022-11-09 20:00:00+00:00,28734.25
2022-11-09 21:00:00+00:00,26141.25
2022-11-09 22:00:00+00:00,24048
2022-11-09 23:00:00+00:00,22850.25
2022-11-10 00:00:00+00:00,21668.25
2022-11-10 01:00:00+00:00,20949.75
2022-11-10 02:00:00+00:00,20655.5
2022-11-10 03:00:00+00:00,20678.5
2022-11-10 04:00:00+00:00,21287.75
2022-11-10 05:00:00+00:00,23763.75
2022-11-10 06:00:00+00:00,26949.75
2022-11-10 07:00:00+00:00,28248
2022-11-10 08:00:00+00:00,28558
2022-11-10 09:00:00+00:00,28529.25
2022-11-10 10:00:00+00:00,28638.75
2022-11-10 11:00:00+00:00,28709.75
2022-11-10 12:00:00+00:00,28722.5
2022-11-10 13:00:00+00:00,28337.75
2022-11-10 14:00:00+00:00,27807.75
2022-11-10 15:00:00+00:00,27708
2022-11-10 16:00:00+00:00,28065
2022-11-10 17:00:00+00:00,29482.5
2022-11-10 18:00:00+00:00,30380.25
2022-11-10 19:00:00+00:00,30605.75
2022-11-10 20:00:00+00:00,29369.75
2022-11-10 21:00:00+00:00,26656
2022-11-10 22:00:00+00:00,24558
2022-11-10 23:00:00+00:00,23295
2022-11-11 00:00:00+00:00,22078
2022-11-11 01:00:00+00:00,21326.75
2022-11-11 02:00:00+00:00,20994.5
2022-11-11 03:00:00+00:00,21008
2022-11-11 04:00:00+00:00,21593.5
2022-11-11 05:00:00+00:00,23957
2022-11-11 06:00:00+00:00,27131
2022-11-11 07:00:00+00:00,28358.5
2022-11-11 08:00:00+00:00,28425.75
2022-11-11 09:00:00+00:00,28326.5
2022-11-11 10:00:00+00:00,28246.25
2022-11-11 11:00:00+00:00,28375.25
2022-11-11 12:00:00+00:00,28513.25
2022-11-11 13:00:00+00:00,28182
2022-11-11 14:00:00+00:00,27522.75
2022-11-11 15:00:00+00:00,27253.25
2022-11-11 16:00:00+00:00,27346.75
2022-11-11 17:00:00+00:00,28533
2022-11-11 18:00:00+00:00,29679.25
2022-11-11 19:00:00+00:00,29751.25
2022-11-11 20:00:00+00:00,28575.5
2022-11-11 21:00:00+00:00,26110.75
2022-11-11 22:00:00+00:00,24031.5
2022-11-11 23:00:00+00:00,22931.25
2022-11-12 00:00:00+00:00,21759.75
2022-11-12 01:00:00+00:00,20785
2022-11-12 02:00:00+00:00,20211.75
2022-11-12 03:00:00+00:00,19999.25
2022-11-12 04:00:00+00:00,19930.5
2022-11-12 05:00:00+00:00,20482
2022-11-12 06:00:00+00:00,21402
2022-11-12 07:00:00+00:00,22238.75
2022-11-12 08:00:00+00:00,23797
2022-11-12 09:00:00+00:00,24846.75
2022-11-12 10:00:00+00:00,24786
2022-11-12 11:00:00+00:00,24694
2022-11-12 12:00:00+00:00,24989.5
2022-11-12 13:00:00+00:00,24602
2022-11-12 14:00:00+00:00,23722.25
2022-11-12 15:00:00+00:00,23233
2022-11-12 16:00:00+00:00,23337.5
2022-11-12 17:00:00+00:00,24813.5
2022-11-12 18:00:00+00:00,25679.25
2022-11-12 19:00:00+00:00,25928
2022-11-12 20:00:00+00:00,25668.75
2022-11-12 21:00:00+00:00,23973.5
2022-11-12 22:00:00+00:00,22251
2022-11-12 23:00:00+00:00,20965
2022-11-13 00:00:00+00:00,19777.25
2022-11-13 01:00:00+00:00,18876
2022-11-13 02:00:00+00:00,18384.75
2022-11-13 03:00:00+00:00,18159.5
2022-11-13 04:00:00+00:00,18173
2022-11-13 05:00:00+00:00,18652.5
2022-11-13 06:00:00+00:00,19110.25
2022-11-13 07:00:00+00:00,19337
2022-11-13 08:00:00+00:00,20691.75
2022-11-13 09:00:00+00:00,21810.5
2022-11-13 10:00:00+00:00,22162.25
2022-11-13 11:00:00+00:00,22315.25
2022-11-13 12:00:00+00:00,22935.5
2022-11-13 13:00:00+00:00,22934
2022-11-13 14:00:00+00:00,22018.75
2022-11-13 15:00:00+00:00,21499.25
2022-11-13 16:00:00+00:00,21750.75
2022-11-13 17:00:00+00:00,23426.75
2022-11-13 18:00:00+00:00,24636
2022-11-13 19:00:00+00:00,25444.25
2022-11-13 20:00:00+00:00,25259.75
2022-11-13 21:00:00+00:00,23802.5
2022-11-13 22:00:00+00:00,22086.25
2022-11-13 23:00:00+00:00,20673.25
2022-11-14 00:00:00+00:00,19597.75
2022-11-14 01:00:00+00:00,19000.5
2022-11-14 02:00:00+00:00,18718.75
2022-11-14 03:00:00+00:00,18859.75
2022-11-14 04:00:00+00:00,19651.25
2022-11-14 05:00:00+00:00,22374.75
2022-11-14 06:00:00+00:00,25840
2022-11-14 07:00:00+00:00,27433
2022-11-14 08:00:00+00:00,27886.75
2022-11-14 09:00:00+00:00,27985.75
2022-11-14 10:00:00+00:00,27997.5
2022-11-14 11:00:00+00:00,28167.25
2022-11-14 12:00:00+00:00,28347.75
2022-11-14 13:00:00+00:00,28006.25
2022-11-14 14:00:00+00:00,27485.75
2022-11-14 15:00:00+00:00,27484.75
2022-11-14 16:00:00+00:00,27948.75
2022-11-14 17:00:00+00:00,29339
2022-11-14 18:00:00+00:00,30072.5
2022-11-14 19:00:00+00:00,30133.25
2022-11-14 20:00:00+00:00,29013.75
2022-11-14 21:00:00+00:00,26207.5
2022-11-14 22:00:00+00:00,23918
2022-11-14 23:00:00+00:00,22773.25
2022-11-15 00:00:00+00:00,21673.5
2022-11-15 01:00:00+00:00,21006.25
2022-11-15 02:00:00+00:00,20731.5
2022-11-15 03:00:00+00:00,20714.25
2022-11-15 04:00:00+00:00,21290.5
2022-11-15 05:00:00+00:00,23747.75
2022-11-15 06:00:00+00:00,27205
2022-11-15 07:00:00+00:00,28509.5
2022-11-15 08:00:00+00:00,28785
2022-11-15 09:00:00+00:00,28800
2022-11-15 10:00:00+00:00,28731.5
2022-11-15 11:00:00+00:00,28956.75
2022-11-15 12:00:00+00:00,29225.5
2022-11-15 13:00:00+00:00,28771
2022-11-15 14:00:00+00:00,28334.25
2022-11-15 15:00:00+00:00,28153.25
2022-11-15 16:00:00+00:00,28521
2022-11-15 17:00:00+00:00,29843
2022-11-15 18:00:00+00:00,30565.75
2022-11-15 19:00:00+00:00,30755.75
2022-11-15 20:00:00+00:00,29569.5
2022-11-15 21:00:00+00:00,26742.75
2022-11-15 22:00:00+00:00,24314
2022-11-15 23:00:00+00:00,23246.5
2022-11-16 00:00:00+00:00,22064.5
2022-11-16 01:00:00+00:00,21190
2022-11-16 02:00:00+00:00,20845.5
2022-11-16 03:00:00+00:00,20808
2022-11-16 04:00:00+00:00,21456
2022-11-16 05:00:00+00:00,23870
2022-11-16 06:00:00+00:00,27280.75
2022-11-16 07:00:00+00:00,28608.75
2022-11-16 08:00:00+00:00,28846.5
2022-11-16 09:00:00+00:00,28977.5
2022-11-16 10:00:00+00:00,29021.25
2022-11-16 11:00:00+00:00,29181.5
2022-11-16 12:00:00+00:00,29344.5
2022-11-16 13:00:00+00:00,28899.5
2022-11-16 14:00:00+00:00,28444.25
2022-11-16 15:00:00+00:00,28267.25
2022-11-16 16:00:00+00:00,28624.5
2022-11-16 17:00:00+00:00,29966.5
2022-11-16 18:00:00+00:00,30690.5
2022-11-16 19:00:00+00:00,30838.25
2022-11-16 20:00:00+00:00,29542.75
2022-11-16 21:00:00+00:00,26747.5
2022-11-16 22:00:00+00:00,24541.25
2022-11-16 23:00:00+00:00,23532
2022-11-17 00:00:00+00:00,22238.25
2022-11-17 01:00:00+00:00,21452.25
2022-11-17 02:00:00+00:00,21104.75
2022-11-17 03:00:00+00:00,21098.5
2022-11-17 04:00:00+00:00,21701.25
2022-11-17 05:00:00+00:00,24068.5
2022-11-17 06:00:00+00:00,27322.5
2022-11-17 07:00:00+00:00,28640.75
2022-11-17 08:00:00+00:00,28945.25
2022-11-17 09:00:00+00:00,28961
2022-11-17 10:00:00+00:00,28975.25
2022-11-17 11:00:00+00:00,29253.25
2022-11-17 12:00:00+00:00,29493.5
2022-11-17 13:00:00+00:00,29184
2022-11-17 14:00:00+00:00,28719.25
2022-11-17 15:00:00+00:00,28521.5
2022-11-17 16:00:00+00:00,28691.5
2022-11-17 17:00:00+00:00,29863.5
2022-11-17 18:00:00+00:00,30666.5
2022-11-17 19:00:00+00:00,30925.75
2022-11-17 20:00:00+00:00,29769.5
2022-11-17 21:00:00+00:00,27032.5
2022-11-17 22:00:00+00:00,24799.75
2022-11-17 23:00:00+00:00,23657.5
2022-11-18 00:00:00+00:00,22487
2022-11-18 01:00:00+00:00,21625.25
2022-11-18 02:00:00+00:00,21245.5
2022-11-18 03:00:00+00:00,21234.5
2022-11-18 04:00:00+00:00,21852.75
2022-11-18 05:00:00+00:00,24244.5
2022-11-18 06:00:00+00:00,27675.25
2022-11-18 07:00:00+00:00,28928
2022-11-18 08:00:00+00:00,29231.25
2022-11-18 09:00:00+00:00,29320.75
2022-11-18 10:00:00+00:00,29456
2022-11-18 11:00:00+00:00,29771.5
2022-11-18 12:00:00+00:00,29894.5
2022-11-18 13:00:00+00:00,29489.75
2022-11-18 14:00:00+00:00,28827.5
2022-11-18 15:00:00+00:00,28632.75
2022-11-18 16:00:00+00:00,29013.75
2022-11-18 17:00:00+00:00,30446.75
2022-11-18 18:00:00+00:00,30712.75
2022-11-18 19:00:00+00:00,30606.75
2022-11-18 20:00:00+00:00,29475.5
2022-11-18 21:00:00+00:00,26857
2022-11-18 22:00:00+00:00,24723.25
2022-11-18 23:00:00+00:00,23428.75
2022-11-19 00:00:00+00:00,22148.5
2022-11-19 01:00:00+00:00,21109.75
2022-11-19 02:00:00+00:00,20505.5
2022-11-19 03:00:00+00:00,20240.25
2022-11-19 04:00:00+00:00,20213.75
2022-11-19 05:00:00+00:00,20826.25
2022-11-19 06:00:00+00:00,21839.5
2022-11-19 07:00:00+00:00,22746.75
2022-11-19 08:00:00+00:00,24681.75
2022-11-19 09:00:00+00:00,25796
2022-11-19 10:00:00+00:00,25864.5
2022-11-19 11:00:00+00:00,25892.25
2022-11-19 12:00:00+00:00,26242
2022-11-19 13:00:00+00:00,25860.75
2022-11-19 14:00:00+00:00,24832.5
2022-11-19 15:00:00+00:00,24318.75
2022-11-19 16:00:00+00:00,24579.5
2022-11-19 17:00:00+00:00,26130.5
2022-11-19 18:00:00+00:00,26788
2022-11-19 19:00:00+00:00,27007.25
2022-11-19 20:00:00+00:00,26731.5
2022-11-19 21:00:00+00:00,24874
2022-11-19 22:00:00+00:00,22975.5
2022-11-19 23:00:00+00:00,21750
2022-11-20 00:00:00+00:00,20478.25
2022-11-20 01:00:00+00:00,19489
2022-11-20 02:00:00+00:00,18903
2022-11-20 03:00:00+00:00,18630.5
2022-11-20 04:00:00+00:00,18706.5
2022-11-20 05:00:00+00:00,19226.5
2022-11-20 06:00:00+00:00,19855
2022-11-20 07:00:00+00:00,20236
2022-11-20 08:00:00+00:00,21663.5
2022-11-20 09:00:00+00:00,22858.25
2022-11-20 10:00:00+00:00,23163
2022-11-20 11:00:00+00:00,23296.25
2022-11-20 12:00:00+00:00,23951.5
2022-11-20 13:00:00+00:00,24073.5
2022-11-20 14:00:00+00:00,23125.25
2022-11-20 15:00:00+00:00,22654.5
2022-11-20 16:00:00+00:00,23064
2022-11-20 17:00:00+00:00,24827.5
2022-11-20 18:00:00+00:00,25773.75
2022-11-20 19:00:00+00:00,26631.25
2022-11-20 20:00:00+00:00,26482.25
2022-11-20 21:00:00+00:00,24987
2022-11-20 22:00:00+00:00,23047.25
2022-11-20 23:00:00+00:00,21485.75
2022-11-21 00:00:00+00:00,20346.75
2022-11-21 01:00:00+00:00,19553
2022-11-21 02:00:00+00:00,19253.25
2022-11-21 03:00:00+00:00,19353.25
2022-11-21 04:00:00+00:00,20127
2022-11-21 05:00:00+00:00,22882.75
2022-11-21 06:00:00+00:00,26624.5
2022-11-21 07:00:00+00:00,28462.25
2022-11-21 08:00:00+00:00,29036.5
2022-11-21 09:00:00+00:00,29173.5
2022-11-21 10:00:00+00:00,29083
2022-11-21 11:00:00+00:00,29297.5
2022-11-21 12:00:00+00:00,29381
2022-11-21 13:00:00+00:00,29144.5
2022-11-21 14:00:00+00:00,28564.25
2022-11-21 15:00:00+00:00,28478.75
2022-11-21 16:00:00+00:00,28922.25
2022-11-21 17:00:00+00:00,30474.25
2022-11-21 18:00:00+00:00,31147
2022-11-21 19:00:00+00:00,31442.75
2022-11-21 20:00:00+00:00,30335
2022-11-21 21:00:00+00:00,27365.25
2022-11-21 22:00:00+00:00,24798.75
2022-11-21 23:00:00+00:00,23714.75
2022-11-22 00:00:00+00:00,22501.25
2022-11-22 01:00:00+00:00,21711.25
2022-11-22 02:00:00+00:00,21423.75
2022-11-22 03:00:00+00:00,21386.25
2022-11-22 04:00:00+00:00,22031
2022-11-22 05:00:00+00:00,24605.5
2022-11-22 06:00:00+00:00,28185.75
2022-11-22 07:00:00+00:00,29731.25
2022-11-22 08:00:00+00:00,30354.75
2022-11-22 09:00:00+00:00,30563
2022-11-22 10:00:00+00:00,30606
2022-11-22 11:00:00+00:00,30906.25
2022-11-22 12:00:00+00:00,31282.25
2022-11-22 13:00:00+00:00,30839
2022-11-22 14:00:00+00:00,30167.5
2022-11-22 15:00:00+00:00,29915
2022-11-22 16:00:00+00:00,30365.25
2022-11-22 17:00:00+00:00,31774.25
2022-11-22 18:00:00+00:00,32342.25
2022-11-22 19:00:00+00:00,32434.75
2022-11-22 20:00:00+00:00,31294.25
2022-11-22 21:00:00+00:00,28334.25
2022-11-22 22:00:00+00:00,25648.25
2022-11-22 23:00:00+00:00,24132
2022-11-23 00:00:00+00:00,22772.25
2022-11-23 01:00:00+00:00,21946.25
2022-11-23 02:00:00+00:00,21580
2022-11-23 03:00:00+00:00,21504.75
2022-11-23 04:00:00+00:00,22175.75
2022-11-23 05:00:00+00:00,24720.25
2022-11-23 06:00:00+00:00,28389.25
2022-11-23 07:00:00+00:00,30161.5
2022-11-23 08:00:00+00:00,30532.25
2022-11-23 09:00:00+00:00,30558.5
2022-11-23 10:00:00+00:00,30548.75
2022-11-23 11:00:00+00:00,30687.5
2022-11-23 12:00:00+00:00,30946.75
2022-11-23 13:00:00+00:00,30663
2022-11-23 14:00:00+00:00,30096.25
2022-11-23 15:00:00+00:00,29855.5
2022-11-23 16:00:00+00:00,30237.25
2022-11-23 17:00:00+00:00,31500
2022-11-23 18:00:00+00:00,32090.25
2022-11-23 19:00:00+00:00,32421.25
2022-11-23 20:00:00+00:00,31214
2022-11-23 21:00:00+00:00,28153
2022-11-23 22:00:00+00:00,25636
2022-11-23 23:00:00+00:00,24183.25
2022-11-24 00:00:00+00:00,22866.5
2022-11-24 01:00:00+00:00,21981.25
2022-11-24 02:00:00+00:00,21600
2022-11-24 03:00:00+00:00,21525.5
2022-11-24 04:00:00+00:00,22169
2022-11-24 05:00:00+00:00,24643.25
2022-11-24 06:00:00+00:00,28236.5
2022-11-24 07:00:00+00:00,29704
2022-11-24 08:00:00+00:00,30095.5
2022-11-24 09:00:00+00:00,29969
2022-11-24 10:00:00+00:00,29918.75
2022-11-24 11:00:00+00:00,29978.25
2022-11-24 12:00:00+00:00,30026.75
2022-11-24 13:00:00+00:00,29636.75
2022-11-24 14:00:00+00:00,29147.75
2022-11-24 15:00:00+00:00,29023.75
2022-11-24 16:00:00+00:00,29479.25
2022-11-24 17:00:00+00:00,30880.25
2022-11-24 18:00:00+00:00,31565.25
2022-11-24 19:00:00+00:00,31804.25
2022-11-24 20:00:00+00:00,30715.75
2022-11-24 21:00:00+00:00,27856.25
2022-11-24 22:00:00+00:00,25414.5
2022-11-24 23:00:00+00:00,24014
2022-11-25 00:00:00+00:00,22758.5
2022-11-25 01:00:00+00:00,21902
2022-11-25 02:00:00+00:00,21525.25
2022-11-25 03:00:00+00:00,21435.5
2022-11-25 04:00:00+00:00,22105.75
2022-11-25 05:00:00+00:00,24583
2022-11-25 06:00:00+00:00,27980
2022-11-25 07:00:00+00:00,29516.25
2022-11-25 08:00:00+00:00,29951.5
2022-11-25 09:00:00+00:00,29973.75
2022-11-25 10:00:00+00:00,29883.5
2022-11-25 11:00:00+00:00,29935.25
2022-11-25 12:00:00+00:00,29995.75
2022-11-25 13:00:00+00:00,29476.25
2022-11-25 14:00:00+00:00,28795.5
2022-11-25 15:00:00+00:00,28519.25
2022-11-25 16:00:00+00:00,28938
2022-11-25 17:00:00+00:00,30260.75
2022-11-25 18:00:00+00:00,30571
2022-11-25 19:00:00+00:00,30611.5
2022-11-25 20:00:00+00:00,29655.5
2022-11-25 21:00:00+00:00,27068.25
2022-11-25 22:00:00+00:00,24838.5
2022-11-25 23:00:00+00:00,23740.25
2022-11-26 00:00:00+00:00,22428.25
2022-11-26 01:00:00+00:00,21413.75
2022-11-26 02:00:00+00:00,20839.25
2022-11-26 03:00:00+00:00,20517.25
2022-11-26 04:00:00+00:00,20485.75
2022-11-26 05:00:00+00:00,21232.75
2022-11-26 06:00:00+00:00,22312.75
2022-11-26 07:00:00+00:00,23325.75
2022-11-26 08:00:00+00:00,24992.25
2022-11-26 09:00:00+00:00,25928.25
2022-11-26 10:00:00+00:00,25763
2022-11-26 11:00:00+00:00,25575.75
2022-11-26 12:00:00+00:00,25920
2022-11-26 13:00:00+00:00,25729.5
2022-11-26 14:00:00+00:00,24790.5
2022-11-26 15:00:00+00:00,24370.75
2022-11-26 16:00:00+00:00,24733.5
2022-11-26 17:00:00+00:00,26452.5
2022-11-26 18:00:00+00:00,27108
2022-11-26 19:00:00+00:00,27424.5
2022-11-26 20:00:00+00:00,27124.75
2022-11-26 21:00:00+00:00,25273.75
2022-11-26 22:00:00+00:00,23209.25
2022-11-26 23:00:00+00:00,22081.5
2022-11-27 00:00:00+00:00,20717.75
2022-11-27 01:00:00+00:00,19735.25
2022-11-27 02:00:00+00:00,19122.25
2022-11-27 03:00:00+00:00,18898
2022-11-27 04:00:00+00:00,18975
2022-11-27 05:00:00+00:00,19508
2022-11-27 06:00:00+00:00,20266.75
2022-11-27 07:00:00+00:00,20690.5
2022-11-27 08:00:00+00:00,22022.5
2022-11-27 09:00:00+00:00,23149.5
2022-11-27 10:00:00+00:00,23435.75
2022-11-27 11:00:00+00:00,23483.5
2022-11-27 12:00:00+00:00,23899.25
2022-11-27 13:00:00+00:00,24031.75
2022-11-27 14:00:00+00:00,23078
2022-11-27 15:00:00+00:00,22659
2022-11-27 16:00:00+00:00,23117
2022-11-27 17:00:00+00:00,25116.5
2022-11-27 18:00:00+00:00,26207.75
2022-11-27 19:00:00+00:00,27159.5
2022-11-27 20:00:00+00:00,27000.75
2022-11-27 21:00:00+00:00,25448.5
2022-11-27 22:00:00+00:00,23357.5
2022-11-27 23:00:00+00:00,22086.75
2022-11-28 00:00:00+00:00,20862.5
2022-11-28 01:00:00+00:00,20094
2022-11-28 02:00:00+00:00,19800.25
2022-11-28 03:00:00+00:00,19863.25
2022-11-28 04:00:00+00:00,20694
2022-11-28 05:00:00+00:00,23667.5
2022-11-28 06:00:00+00:00,27812
2022-11-28 07:00:00+00:00,29849.75
2022-11-28 08:00:00+00:00,30510.5
2022-11-28 09:00:00+00:00,30774
2022-11-28 10:00:00+00:00,30823.25
2022-11-28 11:00:00+00:00,30861.25
2022-11-28 12:00:00+00:00,31021.25
2022-11-28 13:00:00+00:00,30726
2022-11-28 14:00:00+00:00,30293.5
2022-11-28 15:00:00+00:00,30091.75
2022-11-28 16:00:00+00:00,30724.25
2022-11-28 17:00:00+00:00,32326.75
2022-11-28 18:00:00+00:00,33085.5
2022-11-28 19:00:00+00:00,33097.5
2022-11-28 20:00:00+00:00,31438
2022-11-28 21:00:00+00:00,28484.25
2022-11-28 22:00:00+00:00,25905.25
2022-11-28 23:00:00+00:00,24358
2022-11-29 00:00:00+00:00,22948
2022-11-29 01:00:00+00:00,21964.5
2022-11-29 02:00:00+00:00,21553.75
2022-11-29 03:00:00+00:00,21564.5
2022-11-29 04:00:00+00:00,22205.75
2022-11-29 05:00:00+00:00,24896
2022-11-29 06:00:00+00:00,28956.75
2022-11-29 07:00:00+00:00,30964.25
2022-11-29 08:00:00+00:00,31415.75
2022-11-29 09:00:00+00:00,31417
2022-11-29 10:00:00+00:00,31216
2022-11-29 11:00:00+00:00,31069
2022-11-29 12:00:00+00:00,31149.5
2022-11-29 13:00:00+00:00,30825.75
2022-11-29 14:00:00+00:00,30320.5
2022-11-29 15:00:00+00:00,30229.25
2022-11-29 16:00:00+00:00,30856.5
2022-11-29 17:00:00+00:00,32594
2022-11-29 18:00:00+00:00,33253.5
2022-11-29 19:00:00+00:00,33522.5
2022-11-29 20:00:00+00:00,32204
2022-11-29 21:00:00+00:00,29183.25
2022-11-29 22:00:00+00:00,26382.25
2022-11-29 23:00:00+00:00,24776.75
2022-11-30 00:00:00+00:00,23289.25
2022-11-30 01:00:00+00:00,22344.25
2022-11-30 02:00:00+00:00,21868
2022-11-30 03:00:00+00:00,21859.5
2022-11-30 04:00:00+00:00,22553.75
2022-11-30 05:00:00+00:00,25328.25
2022-11-30 06:00:00+00:00,29482.25
2022-11-30 07:00:00+00:00,31307.75
2022-11-30 08:00:00+00:00,31611
2022-11-30 09:00:00+00:00,31622.5
2022-11-30 10:00:00+00:00,31458
2022-11-30 11:00:00+00:00,31329
2022-11-30 12:00:00+00:00,31300.5
2022-11-30 13:00:00+00:00,31070.5
2022-11-30 14:00:00+00:00,30611.25
2022-11-30 15:00:00+00:00,30559
2022-11-30 16:00:00+00:00,31165.75
2022-11-30 17:00:00+00:00,32675.5
2022-11-30 18:00:00+00:00,33325.5
2022-11-30 19:00:00+00:00,33695.25
2022-11-30 20:00:00+00:00,32445.25
2022-11-30 21:00:00+00:00,29516.25
2022-11-30 22:00:00+00:00,26744.5
2022-11-30 23:00:00+00:00,25036.5
2022-12-01 00:00:00+00:00,23496
2022-12-01 01:00:00+00:00,22548
2022-12-01 02:00:00+00:00,22085.5
2022-12-01 03:00:00+00:00,22092.25
2022-12-01 04:00:00+00:00,22758.25
2022-12-01 05:00:00+00:00,25445.25
2022-12-01 06:00:00+00:00,29489.25
2022-12-01 07:00:00+00:00,31544
2022-12-01 08:00:00+00:00,31876.5
2022-12-01 09:00:00+00:00,31910.5
2022-12-01 10:00:00+00:00,31660.25
2022-12-01 11:00:00+00:00,31691.25
2022-12-01 12:00:00+00:00,31746.5
2022-12-01 13:00:00+00:00,31500
2022-12-01 14:00:00+00:00,31072.25
2022-12-01 15:00:00+00:00,31063
2022-12-01 16:00:00+00:00,31678.75
2022-12-01 17:00:00+00:00,32906.25
2022-12-01 18:00:00+00:00,33508.5
2022-12-01 19:00:00+00:00,33786.5
2022-12-01 20:00:00+00:00,32665.25
2022-12-01 21:00:00+00:00,29752
2022-12-01 22:00:00+00:00,26998.5
2022-12-01 23:00:00+00:00,25235
2022-12-02 00:00:00+00:00,23720.75
2022-12-02 01:00:00+00:00,22663.5
2022-12-02 02:00:00+00:00,22184.5
2022-12-02 03:00:00+00:00,22189
2022-12-02 04:00:00+00:00,22858.75
2022-12-02 05:00:00+00:00,25475.5
2022-12-02 06:00:00+00:00,29398.75
2022-12-02 07:00:00+00:00,31341.25
2022-12-02 08:00:00+00:00,31954.5
2022-12-02 09:00:00+00:00,32065.5
2022-12-02 10:00:00+00:00,31731.75
2022-12-02 11:00:00+00:00,31556.5
2022-12-02 12:00:00+00:00,31599.5
2022-12-02 13:00:00+00:00,31247.25
2022-12-02 14:00:00+00:00,30770.5
2022-12-02 15:00:00+00:00,30602.5
2022-12-02 16:00:00+00:00,31318.75
2022-12-02 17:00:00+00:00,32757.75
2022-12-02 18:00:00+00:00,32936.25
2022-12-02 19:00:00+00:00,32931
2022-12-02 20:00:00+00:00,31692.75
2022-12-02 21:00:00+00:00,29107.5
2022-12-02 22:00:00+00:00,26599
2022-12-02 23:00:00+00:00,25093.75
2022-12-03 00:00:00+00:00,23716.25
2022-12-03 01:00:00+00:00,22444.25
2022-12-03 02:00:00+00:00,21685.75
2022-12-03 03:00:00+00:00,21394
2022-12-03 04:00:00+00:00,21424.5
2022-12-03 05:00:00+00:00,22310.25
2022-12-03 06:00:00+00:00,23798
2022-12-03 07:00:00+00:00,25042.5
2022-12-03 08:00:00+00:00,26947
2022-12-03 09:00:00+00:00,28147.5
2022-12-03 10:00:00+00:00,27956.5
2022-12-03 11:00:00+00:00,27729.5
2022-12-03 12:00:00+00:00,27780.25
2022-12-03 13:00:00+00:00,27733.5
2022-12-03 14:00:00+00:00,26839.25
2022-12-03 15:00:00+00:00,26540.5
2022-12-03 16:00:00+00:00,27049.75
2022-12-03 17:00:00+00:00,28754.5
2022-12-03 18:00:00+00:00,29338.25
2022-12-03 19:00:00+00:00,29703.5
2022-12-03 20:00:00+00:00,29289
2022-12-03 21:00:00+00:00,27373.25
2022-12-03 22:00:00+00:00,25023.75
2022-12-03 23:00:00+00:00,23370.5
2022-12-04 00:00:00+00:00,21818.75
2022-12-04 01:00:00+00:00,20692.5
2022-12-04 02:00:00+00:00,20020.25
2022-12-04 03:00:00+00:00,19642.75
2022-12-04 04:00:00+00:00,19723.5
2022-12-04 05:00:00+00:00,20336.75
2022-12-04 06:00:00+00:00,21139
2022-12-04 07:00:00+00:00,21800
2022-12-04 08:00:00+00:00,23568
2022-12-04 09:00:00+00:00,24981.75
2022-12-04 10:00:00+00:00,25368.25
2022-12-04 11:00:00+00:00,25380.25
2022-12-04 12:00:00+00:00,25970.75
2022-12-04 13:00:00+00:00,26239.75
2022-12-04 14:00:00+00:00,25305.75
2022-12-04 15:00:00+00:00,24885.75
2022-12-04 16:00:00+00:00,25526
2022-12-04 17:00:00+00:00,27470.25
2022-12-04 18:00:00+00:00,28595.25
2022-12-04 19:00:00+00:00,29376.25
2022-12-04 20:00:00+00:00,28934.25
2022-12-04 21:00:00+00:00,27373.75
2022-12-04 22:00:00+00:00,25016.25
2022-12-04 23:00:00+00:00,23086.5
2022-12-05 00:00:00+00:00,21549
2022-12-05 01:00:00+00:00,20697
2022-12-05 02:00:00+00:00,20278
2022-12-05 03:00:00+00:00,20188.75
2022-12-05 04:00:00+00:00,20931.75
2022-12-05 05:00:00+00:00,23396.5
2022-12-05 06:00:00+00:00,26902.5
2022-12-05 07:00:00+00:00,28765
2022-12-05 08:00:00+00:00,30063.75
2022-12-05 09:00:00+00:00,30402.25
2022-12-05 10:00:00+00:00,30113.25
2022-12-05 11:00:00+00:00,29944.75
2022-12-05 12:00:00+00:00,30292.75
2022-12-05 13:00:00+00:00,30123.25
2022-12-05 14:00:00+00:00,29462
2022-12-05 15:00:00+00:00,29346.75
2022-12-05 16:00:00+00:00,29887.75
2022-12-05 17:00:00+00:00,31204
2022-12-05 18:00:00+00:00,31664.5
2022-12-05 19:00:00+00:00,31757
2022-12-05 20:00:00+00:00,30893.5
2022-12-05 21:00:00+00:00,28293.5
2022-12-05 22:00:00+00:00,26142.5
2022-12-05 23:00:00+00:00,25159
2022-12-06 00:00:00+00:00,23546
2022-12-06 01:00:00+00:00,22348
2022-12-06 02:00:00+00:00,21701.5
2022-12-06 03:00:00+00:00,21275.25
2022-12-06 04:00:00+00:00,21317.75
2022-12-06 05:00:00+00:00,22258.25
2022-12-06 06:00:00+00:00,23344.5
2022-12-06 07:00:00+00:00,23844.25
2022-12-06 08:00:00+00:00,25114
2022-12-06 09:00:00+00:00,26211.75
2022-12-06 10:00:00+00:00,26541
2022-12-06 11:00:00+00:00,26658.25
2022-12-06 12:00:00+00:00,27475
2022-12-06 13:00:00+00:00,27446.25
2022-12-06 14:00:00+00:00,26505.5
2022-12-06 15:00:00+00:00,25842.5
2022-12-06 16:00:00+00:00,26195.25
2022-12-06 17:00:00+00:00,27826.5
2022-12-06 18:00:00+00:00,28673
2022-12-06 19:00:00+00:00,29652.5
2022-12-06 20:00:00+00:00,29426
2022-12-06 21:00:00+00:00,27497.25
2022-12-06 22:00:00+00:00,25652.25
2022-12-06 23:00:00+00:00,23458.5
2022-12-07 00:00:00+00:00,21924.75
2022-12-07 01:00:00+00:00,21095
2022-12-07 02:00:00+00:00,20690.25
2022-12-07 03:00:00+00:00,20714.75
2022-12-07 04:00:00+00:00,21218.75
2022-12-07 05:00:00+00:00,23555.5
2022-12-07 06:00:00+00:00,27239.25
2022-12-07 07:00:00+00:00,29442.75
2022-12-07 08:00:00+00:00,30051
2022-12-07 09:00:00+00:00,30003.75
2022-12-07 10:00:00+00:00,29430.5
2022-12-07 11:00:00+00:00,29558
2022-12-07 12:00:00+00:00,30180.75
2022-12-07 13:00:00+00:00,29983.5
2022-12-07 14:00:00+00:00,29438.25
2022-12-07 15:00:00+00:00,29183.75
2022-12-07 16:00:00+00:00,29852.5
2022-12-07 17:00:00+00:00,30696
2022-12-07 18:00:00+00:00,31350
2022-12-07 19:00:00+00:00,31269
2022-12-07 20:00:00+00:00,30378.75
2022-12-07 21:00:00+00:00,27729
2022-12-07 22:00:00+00:00,25588.5
2022-12-07 23:00:00+00:00,24423.5
2022-12-08 00:00:00+00:00,22938
2022-12-08 01:00:00+00:00,21801
2022-12-08 02:00:00+00:00,21015.25
2022-12-08 03:00:00+00:00,20730
2022-12-08 04:00:00+00:00,20769.25
2022-12-08 05:00:00+00:00,21439.75
2022-12-08 06:00:00+00:00,22526.25
2022-12-08 07:00:00+00:00,22806.5
2022-12-08 08:00:00+00:00,24323
2022-12-08 09:00:00+00:00,25653.75
2022-12-08 10:00:00+00:00,26095
2022-12-08 11:00:00+00:00,26146
2022-12-08 12:00:00+00:00,26510
2022-12-08 13:00:00+00:00,26824.25
2022-12-08 14:00:00+00:00,25801.25
2022-12-08 15:00:00+00:00,25261.75
2022-12-08 16:00:00+00:00,25557.75
2022-12-08 17:00:00+00:00,27083.25
2022-12-08 18:00:00+00:00,27737
2022-12-08 19:00:00+00:00,28582.5
2022-12-08 20:00:00+00:00,28419.75
2022-12-08 21:00:00+00:00,26795
2022-12-08 22:00:00+00:00,24625
2022-12-08 23:00:00+00:00,22941.75
2022-12-09 00:00:00+00:00,21284.5
2022-12-09 01:00:00+00:00,20427
2022-12-09 02:00:00+00:00,20024
2022-12-09 03:00:00+00:00,20004.25
2022-12-09 04:00:00+00:00,20505.25
2022-12-09 05:00:00+00:00,22543
2022-12-09 06:00:00+00:00,25846.25
2022-12-09 07:00:00+00:00,28035.75
2022-12-09 08:00:00+00:00,29202
2022-12-09 09:00:00+00:00,29730.25
2022-12-09 10:00:00+00:00,29800
2022-12-09 11:00:00+00:00,29970.25
2022-12-09 12:00:00+00:00,30658.75
2022-12-09 13:00:00+00:00,30398
2022-12-09 14:00:00+00:00,29507
2022-12-09 15:00:00+00:00,28919.25
2022-12-09 16:00:00+00:00,29259.5
2022-12-09 17:00:00+00:00,30078
2022-12-09 18:00:00+00:00,30099
2022-12-09 19:00:00+00:00,30164.5
2022-12-09 20:00:00+00:00,29581
2022-12-09 21:00:00+00:00,27160.5
2022-12-09 22:00:00+00:00,24804.25
2022-12-09 23:00:00+00:00,23716
2022-12-10 00:00:00+00:00,22157.25
2022-12-10 01:00:00+00:00,21147.5
2022-12-10 02:00:00+00:00,20516
2022-12-10 03:00:00+00:00,20296
2022-12-10 04:00:00+00:00,20444.25
2022-12-10 05:00:00+00:00,21359.75
2022-12-10 06:00:00+00:00,22702.5
2022-12-10 07:00:00+00:00,24058.25
2022-12-10 08:00:00+00:00,26004.75
2022-12-10 09:00:00+00:00,27272.25
2022-12-10 10:00:00+00:00,27410.5
2022-12-10 11:00:00+00:00,27379
2022-12-10 12:00:00+00:00,27591
2022-12-10 13:00:00+00:00,27221.5
2022-12-10 14:00:00+00:00,26327.25
2022-12-10 15:00:00+00:00,25969.25
2022-12-10 16:00:00+00:00,26496.5
2022-12-10 17:00:00+00:00,28000.25
2022-12-10 18:00:00+00:00,28500.5
2022-12-10 19:00:00+00:00,28780.75
2022-12-10 20:00:00+00:00,28394.5
2022-12-10 21:00:00+00:00,26357.25
2022-12-10 22:00:00+00:00,23979
2022-12-10 23:00:00+00:00,22626
2022-12-11 00:00:00+00:00,21073.5
2022-12-11 01:00:00+00:00,19876.5
2022-12-11 02:00:00+00:00,19296.75
2022-12-11 03:00:00+00:00,19039.75
2022-12-11 04:00:00+00:00,19048.75
2022-12-11 05:00:00+00:00,19607.75
2022-12-11 06:00:00+00:00,20399
2022-12-11 07:00:00+00:00,21138.5
2022-12-11 08:00:00+00:00,22924.5
2022-12-11 09:00:00+00:00,24539.75
2022-12-11 10:00:00+00:00,25097.75
2022-12-11 11:00:00+00:00,25374.5
2022-12-11 12:00:00+00:00,25998.5
2022-12-11 13:00:00+00:00,26216.5
2022-12-11 14:00:00+00:00,25323.25
2022-12-11 15:00:00+00:00,24855
2022-12-11 16:00:00+00:00,25388.25
2022-12-11 17:00:00+00:00,27041.5
2022-12-11 18:00:00+00:00,27854.75
2022-12-11 19:00:00+00:00,28625.75
2022-12-11 20:00:00+00:00,28353.25
2022-12-11 21:00:00+00:00,26802.75
2022-12-11 22:00:00+00:00,24261
2022-12-11 23:00:00+00:00,22464.75
2022-12-12 00:00:00+00:00,21097.5
2022-12-12 01:00:00+00:00,20216.25
2022-12-12 02:00:00+00:00,19924.5
2022-12-12 03:00:00+00:00,20071
2022-12-12 04:00:00+00:00,21052.75
2022-12-12 05:00:00+00:00,24176
2022-12-12 06:00:00+00:00,28551.75
2022-12-12 07:00:00+00:00,31077.75
2022-12-12 08:00:00+00:00,31748
2022-12-12 09:00:00+00:00,32122
2022-12-12 10:00:00+00:00,32266.75
2022-12-12 11:00:00+00:00,32381.25
2022-12-12 12:00:00+00:00,32508.25
2022-12-12 13:00:00+00:00,31923
2022-12-12 14:00:00+00:00,31435
2022-12-12 15:00:00+00:00,31230.5
2022-12-12 16:00:00+00:00,31588
2022-12-12 17:00:00+00:00,32482
2022-12-12 18:00:00+00:00,32955.25
2022-12-12 19:00:00+00:00,33363
2022-12-12 20:00:00+00:00,32078.75
2022-12-12 21:00:00+00:00,28966
2022-12-12 22:00:00+00:00,26139.5
2022-12-12 23:00:00+00:00,24511.25
2022-12-13 00:00:00+00:00,23067.25
2022-12-13 01:00:00+00:00,22138.5
2022-12-13 02:00:00+00:00,21748.75
2022-12-13 03:00:00+00:00,21778
2022-12-13 04:00:00+00:00,22566
2022-12-13 05:00:00+00:00,25204.5
2022-12-13 06:00:00+00:00,29433.5
2022-12-13 07:00:00+00:00,31692.75
2022-12-13 08:00:00+00:00,32235
2022-12-13 09:00:00+00:00,32505.5
2022-12-13 10:00:00+00:00,32525.5
2022-12-13 11:00:00+00:00,32597.75
2022-12-13 12:00:00+00:00,32759.75
2022-12-13 13:00:00+00:00,32365
2022-12-13 14:00:00+00:00,32010
2022-12-13 15:00:00+00:00,31763.75
2022-12-13 16:00:00+00:00,32130.75
2022-12-13 17:00:00+00:00,32876.5
2022-12-13 18:00:00+00:00,33253.75
2022-12-13 19:00:00+00:00,33289.25
2022-12-13 20:00:00+00:00,32203.25
2022-12-13 21:00:00+00:00,28919.75
2022-12-13 22:00:00+00:00,25861
2022-12-13 23:00:00+00:00,24734.5
2022-12-14 00:00:00+00:00,23202.25
2022-12-14 01:00:00+00:00,22290.25
2022-12-14 02:00:00+00:00,21871.5
2022-12-14 03:00:00+00:00,21861
2022-12-14 04:00:00+00:00,22578.25
2022-12-14 05:00:00+00:00,25227.25
2022-12-14 06:00:00+00:00,29313.5
2022-12-14 07:00:00+00:00,31255.75
2022-12-14 08:00:00+00:00,31692.25
2022-12-14 09:00:00+00:00,31783
2022-12-14 10:00:00+00:00,31891.25
2022-12-14 11:00:00+00:00,32009.75
2022-12-14 12:00:00+00:00,32108.75
2022-12-14 13:00:00+00:00,31779
2022-12-14 14:00:00+00:00,31257
2022-12-14 15:00:00+00:00,31011.75
2022-12-14 16:00:00+00:00,31383
2022-12-14 17:00:00+00:00,32343.25
2022-12-14 18:00:00+00:00,32683.5
2022-12-14 19:00:00+00:00,33020.25
2022-12-14 20:00:00+00:00,31844.5
2022-12-14 21:00:00+00:00,28903.25
2022-12-14 22:00:00+00:00,26127.75
2022-12-14 23:00:00+00:00,24758.5
2022-12-15 00:00:00+00:00,23162.5
2022-12-15 01:00:00+00:00,22250.5
2022-12-15 02:00:00+00:00,21771.75
2022-12-15 03:00:00+00:00,21715.5
2022-12-15 04:00:00+00:00,22415.25
2022-12-15 05:00:00+00:00,24954.5
2022-12-15 06:00:00+00:00,28800
2022-12-15 07:00:00+00:00,30882.25
2022-12-15 08:00:00+00:00,31419.5
2022-12-15 09:00:00+00:00,31584.75
2022-12-15 10:00:00+00:00,31627.25
2022-12-15 11:00:00+00:00,31751.75
2022-12-15 12:00:00+00:00,31941.25
2022-12-15 13:00:00+00:00,31625.5
2022-12-15 14:00:00+00:00,31190
2022-12-15 15:00:00+00:00,31049.75
2022-12-15 16:00:00+00:00,31531.5
2022-12-15 17:00:00+00:00,32626.75
2022-12-15 18:00:00+00:00,33140.75
2022-12-15 19:00:00+00:00,33171.25
2022-12-15 20:00:00+00:00,31902.5
2022-12-15 21:00:00+00:00,29004.25
2022-12-15 22:00:00+00:00,26321.25
2022-12-15 23:00:00+00:00,24604.5
2022-12-16 00:00:00+00:00,23147.25
2022-12-16 01:00:00+00:00,22128.75
2022-12-16 02:00:00+00:00,21741.25
2022-12-16 03:00:00+00:00,21759.75
2022-12-16 04:00:00+00:00,22402.5
2022-12-16 05:00:00+00:00,24975.25
2022-12-16 06:00:00+00:00,28814
2022-12-16 07:00:00+00:00,30829
2022-12-16 08:00:00+00:00,31372
2022-12-16 09:00:00+00:00,31516.25
2022-12-16 10:00:00+00:00,31419.25
2022-12-16 11:00:00+00:00,31425.75
2022-12-16 12:00:00+00:00,31311.75
2022-12-16 13:00:00+00:00,30832.75
2022-12-16 14:00:00+00:00,30325.75
2022-12-16 15:00:00+00:00,30119
2022-12-16 16:00:00+00:00,30620
2022-12-16 17:00:00+00:00,31674.25
2022-12-16 18:00:00+00:00,32022.75
2022-12-16 19:00:00+00:00,32076
2022-12-16 20:00:00+00:00,31156.5
2022-12-16 21:00:00+00:00,28468.25
2022-12-16 22:00:00+00:00,26091.25
2022-12-16 23:00:00+00:00,24840
2022-12-17 00:00:00+00:00,23287.75
2022-12-17 01:00:00+00:00,22037.5
2022-12-17 02:00:00+00:00,21326.75
2022-12-17 03:00:00+00:00,20975.75
2022-12-17 04:00:00+00:00,21018
2022-12-17 05:00:00+00:00,21840
2022-12-17 06:00:00+00:00,23263.75
2022-12-17 07:00:00+00:00,24610
2022-12-17 08:00:00+00:00,26436.5
2022-12-17 09:00:00+00:00,27587.25
2022-12-17 10:00:00+00:00,27611
2022-12-17 11:00:00+00:00,27484.25
2022-12-17 12:00:00+00:00,27711.5
2022-12-17 13:00:00+00:00,27385.5
2022-12-17 14:00:00+00:00,26493.5
2022-12-17 15:00:00+00:00,26037
2022-12-17 16:00:00+00:00,26579.5
2022-12-17 17:00:00+00:00,28028
2022-12-17 18:00:00+00:00,28474
2022-12-17 19:00:00+00:00,28729
2022-12-17 20:00:00+00:00,28457.75
2022-12-17 21:00:00+00:00,26589.25
2022-12-17 22:00:00+00:00,24639.5
2022-12-17 23:00:00+00:00,22847.75
2022-12-18 00:00:00+00:00,21266
2022-12-18 01:00:00+00:00,20081.75
2022-12-18 02:00:00+00:00,19463.5
2022-12-18 03:00:00+00:00,19149.75
2022-12-18 04:00:00+00:00,19218
2022-12-18 05:00:00+00:00,19717.25
2022-12-18 06:00:00+00:00,20544.75
2022-12-18 07:00:00+00:00,21103.5
2022-12-18 08:00:00+00:00,22833.5
2022-12-18 09:00:00+00:00,24326.5
2022-12-18 10:00:00+00:00,24906.25
2022-12-18 11:00:00+00:00,25143
2022-12-18 12:00:00+00:00,25676.5
2022-12-18 13:00:00+00:00,25647.75
2022-12-18 14:00:00+00:00,24505
2022-12-18 15:00:00+00:00,23925
2022-12-18 16:00:00+00:00,24528.75
2022-12-18 17:00:00+00:00,26291.75
2022-12-18 18:00:00+00:00,27282.5
2022-12-18 19:00:00+00:00,28174
2022-12-18 20:00:00+00:00,28041.75
2022-12-18 21:00:00+00:00,26436.75
2022-12-18 22:00:00+00:00,24294.5
2022-12-18 23:00:00+00:00,22666.75
2022-12-19 00:00:00+00:00,21362.5
2022-12-19 01:00:00+00:00,20492.25
2022-12-19 02:00:00+00:00,20132
2022-12-19 03:00:00+00:00,20182
2022-12-19 04:00:00+00:00,21069.5
2022-12-19 05:00:00+00:00,24092.5
2022-12-19 06:00:00+00:00,28534
2022-12-19 07:00:00+00:00,30884.25
2022-12-19 08:00:00+00:00,31579
2022-12-19 09:00:00+00:00,31810
2022-12-19 10:00:00+00:00,31736.75
2022-12-19 11:00:00+00:00,31645.75
2022-12-19 12:00:00+00:00,31717.75
2022-12-19 13:00:00+00:00,31334.75
2022-12-19 14:00:00+00:00,30911.75
2022-12-19 15:00:00+00:00,30881.75
2022-12-19 16:00:00+00:00,31346
2022-12-19 17:00:00+00:00,32558.75
2022-12-19 18:00:00+00:00,33103.5
2022-12-19 19:00:00+00:00,33737.5
2022-12-19 20:00:00+00:00,32433
2022-12-19 21:00:00+00:00,29273.75
2022-12-19 22:00:00+00:00,26366.75
2022-12-19 23:00:00+00:00,24815.75
2022-12-20 00:00:00+00:00,23232
2022-12-20 01:00:00+00:00,22219
2022-12-20 02:00:00+00:00,21826.5
2022-12-20 03:00:00+00:00,21831
2022-12-20 04:00:00+00:00,22483.25
2022-12-20 05:00:00+00:00,25274.5
2022-12-20 06:00:00+00:00,29378.5
2022-12-20 07:00:00+00:00,31607
2022-12-20 08:00:00+00:00,31968
2022-12-20 09:00:00+00:00,31850
2022-12-20 10:00:00+00:00,31426.5
2022-12-20 11:00:00+00:00,31543.5
2022-12-20 12:00:00+00:00,31495.25
2022-12-20 13:00:00+00:00,30865.5
2022-12-20 14:00:00+00:00,30373
2022-12-20 15:00:00+00:00,30342.75
2022-12-20 16:00:00+00:00,31117
2022-12-20 17:00:00+00:00,32486.5
2022-12-20 18:00:00+00:00,33026.25
2022-12-20 19:00:00+00:00,33400.25
2022-12-20 20:00:00+00:00,32218.25
2022-12-20 21:00:00+00:00,29338.25
2022-12-20 22:00:00+00:00,26513
2022-12-20 23:00:00+00:00,24811
2022-12-21 00:00:00+00:00,23210.75
2022-12-21 01:00:00+00:00,22172.75
2022-12-21 02:00:00+00:00,21744
2022-12-21 03:00:00+00:00,21660.75
2022-12-21 04:00:00+00:00,22390.5
2022-12-21 05:00:00+00:00,25120.5
2022-12-21 06:00:00+00:00,29206.5
2022-12-21 07:00:00+00:00,31387
2022-12-21 08:00:00+00:00,31724.75
2022-12-21 09:00:00+00:00,31726.75
2022-12-21 10:00:00+00:00,31372
2022-12-21 11:00:00+00:00,31243.5
2022-12-21 12:00:00+00:00,31257.25
2022-12-21 13:00:00+00:00,31017
2022-12-21 14:00:00+00:00,30779.25
2022-12-21 15:00:00+00:00,30769.25
2022-12-21 16:00:00+00:00,31165.5
2022-12-21 17:00:00+00:00,32429.25
2022-12-21 18:00:00+00:00,32753.25
2022-12-21 19:00:00+00:00,33189.5
2022-12-21 20:00:00+00:00,32075.75
2022-12-21 21:00:00+00:00,29146.25
2022-12-21 22:00:00+00:00,26396.25
2022-12-21 23:00:00+00:00,24713.75
2022-12-22 00:00:00+00:00,22875
2022-12-22 01:00:00+00:00,21890.25
2022-12-22 02:00:00+00:00,21442.5
2022-12-22 03:00:00+00:00,21448
2022-12-22 04:00:00+00:00,22121.5
2022-12-22 05:00:00+00:00,24785
2022-12-22 06:00:00+00:00,28674.5
2022-12-22 07:00:00+00:00,30863.75
2022-12-22 08:00:00+00:00,31245.75
2022-12-22 09:00:00+00:00,31133.5
2022-12-22 10:00:00+00:00,30655.5
2022-12-22 11:00:00+00:00,30451.75
2022-12-22 12:00:00+00:00,30334.5
2022-12-22 13:00:00+00:00,29949.75
2022-12-22 14:00:00+00:00,29730
2022-12-22 15:00:00+00:00,29673
2022-12-22 16:00:00+00:00,30253.5
2022-12-22 17:00:00+00:00,31438
2022-12-22 18:00:00+00:00,31690
2022-12-22 19:00:00+00:00,32025
2022-12-22 20:00:00+00:00,31171.75
2022-12-22 21:00:00+00:00,28512.25
2022-12-22 22:00:00+00:00,25769.25
2022-12-22 23:00:00+00:00,24111
2022-12-23 00:00:00+00:00,22442.25
2022-12-23 01:00:00+00:00,21388.5
2022-12-23 02:00:00+00:00,20955
2022-12-23 03:00:00+00:00,20945.25
2022-12-23 04:00:00+00:00,21555.25
2022-12-23 05:00:00+00:00,23917
2022-12-23 06:00:00+00:00,27534
2022-12-23 07:00:00+00:00,29621
2022-12-23 08:00:00+00:00,30029.5
2022-12-23 09:00:00+00:00,30138.75
2022-12-23 10:00:00+00:00,29626
2022-12-23 11:00:00+00:00,29378.25
2022-12-23 12:00:00+00:00,29262.75
2022-12-23 13:00:00+00:00,28782.5
2022-12-23 14:00:00+00:00,28109
2022-12-23 15:00:00+00:00,27926.25
2022-12-23 16:00:00+00:00,28418
2022-12-23 17:00:00+00:00,29642.5
2022-12-23 18:00:00+00:00,29625.5
2022-12-23 19:00:00+00:00,29814.5
2022-12-23 20:00:00+00:00,29135
2022-12-23 21:00:00+00:00,26949.5
2022-12-23 22:00:00+00:00,24505.25
2022-12-23 23:00:00+00:00,22283.75
2022-12-24 00:00:00+00:00,20579.5
2022-12-24 01:00:00+00:00,19438
2022-12-24 02:00:00+00:00,18790.5
2022-12-24 03:00:00+00:00,18485.75
2022-12-24 04:00:00+00:00,18570.5
2022-12-24 05:00:00+00:00,19297.75
2022-12-24 06:00:00+00:00,20644.5
2022-12-24 07:00:00+00:00,21793.25
2022-12-24 08:00:00+00:00,23357.75
2022-12-24 09:00:00+00:00,24160
2022-12-24 10:00:00+00:00,23990.5
2022-12-24 11:00:00+00:00,23431.75
2022-12-24 12:00:00+00:00,23517.5
2022-12-24 13:00:00+00:00,23142.75
2022-12-24 14:00:00+00:00,22394
2022-12-24 15:00:00+00:00,22328.5
2022-12-24 16:00:00+00:00,23099.75
2022-12-24 17:00:00+00:00,25053
2022-12-24 18:00:00+00:00,25341.25
2022-12-24 19:00:00+00:00,24515.5
2022-12-24 20:00:00+00:00,23169.25
2022-12-24 21:00:00+00:00,21056.5
2022-12-24 22:00:00+00:00,20116.5
2022-12-24 23:00:00+00:00,20341.25
2022-12-25 00:00:00+00:00,19542
2022-12-25 01:00:00+00:00,18618.25
2022-12-25 02:00:00+00:00,17628
2022-12-25 03:00:00+00:00,17087.75
2022-12-25 04:00:00+00:00,16788.75
2022-12-25 05:00:00+00:00,16946.75
2022-12-25 06:00:00+00:00,17162.75
2022-12-25 07:00:00+00:00,17330.25
2022-12-25 08:00:00+00:00,18196
2022-12-25 09:00:00+00:00,19574.75
2022-12-25 10:00:00+00:00,20335.25
2022-12-25 11:00:00+00:00,20801
2022-12-25 12:00:00+00:00,21108.5
2022-12-25 13:00:00+00:00,20670.5
2022-12-25 14:00:00+00:00,19571.75
2022-12-25 15:00:00+00:00,19365.75
2022-12-25 16:00:00+00:00,20230.5
2022-12-25 17:00:00+00:00,21899
2022-12-25 18:00:00+00:00,22834
2022-12-25 19:00:00+00:00,23880.75
2022-12-25 20:00:00+00:00,24031.75
2022-12-25 21:00:00+00:00,23180.25
2022-12-25 22:00:00+00:00,21223
2022-12-25 23:00:00+00:00,20034.25
2022-12-26 00:00:00+00:00,18785.5
2022-12-26 01:00:00+00:00,17853.5
2022-12-26 02:00:00+00:00,17405.5
2022-12-26 03:00:00+00:00,17180.75
2022-12-26 04:00:00+00:00,17638
2022-12-26 05:00:00+00:00,19036.75
2022-12-26 06:00:00+00:00,20862.75
2022-12-26 07:00:00+00:00,21886.25
2022-12-26 08:00:00+00:00,23098.25
2022-12-26 09:00:00+00:00,24024.25
2022-12-26 10:00:00+00:00,24520
2022-12-26 11:00:00+00:00,24629.5
2022-12-26 12:00:00+00:00,24673.75
2022-12-26 13:00:00+00:00,24598.75
2022-12-26 14:00:00+00:00,24292.25
2022-12-26 15:00:00+00:00,24057
2022-12-26 16:00:00+00:00,24192
2022-12-26 17:00:00+00:00,25947.5
2022-12-26 18:00:00+00:00,26813.5
2022-12-26 19:00:00+00:00,27707.75
2022-12-26 20:00:00+00:00,27494.5
2022-12-26 21:00:00+00:00,25451.75
2022-12-26 22:00:00+00:00,23174.25
2022-12-26 23:00:00+00:00,19980.25
2022-12-27 00:00:00+00:00,18567.75
2022-12-27 01:00:00+00:00,17642.75
2022-12-27 02:00:00+00:00,17345
2022-12-27 03:00:00+00:00,17487.75
2022-12-27 04:00:00+00:00,18098.25
2022-12-27 05:00:00+00:00,20505.75
2022-12-27 06:00:00+00:00,23704
2022-12-27 07:00:00+00:00,26016
2022-12-27 08:00:00+00:00,27048.25
2022-12-27 09:00:00+00:00,27287.25
2022-12-27 10:00:00+00:00,26958.75
2022-12-27 11:00:00+00:00,26710
2022-12-27 12:00:00+00:00,26635
2022-12-27 13:00:00+00:00,26191
2022-12-27 14:00:00+00:00,25760.25
2022-12-27 15:00:00+00:00,25881
2022-12-27 16:00:00+00:00,26785
2022-12-27 17:00:00+00:00,28144
2022-12-27 18:00:00+00:00,28515
2022-12-27 19:00:00+00:00,28535.25
2022-12-27 20:00:00+00:00,27958.75
2022-12-27 21:00:00+00:00,25159
2022-12-27 22:00:00+00:00,22929
2022-12-27 23:00:00+00:00,21296.75
2022-12-28 00:00:00+00:00,19723.5
2022-12-28 01:00:00+00:00,18706.75
2022-12-28 02:00:00+00:00,18274.75
2022-12-28 03:00:00+00:00,18240.25
2022-12-28 04:00:00+00:00,18812
2022-12-28 05:00:00+00:00,20986.5
2022-12-28 06:00:00+00:00,23872
2022-12-28 07:00:00+00:00,25811.25
2022-12-28 08:00:00+00:00,26956.75
2022-12-28 09:00:00+00:00,27287.5
2022-12-28 10:00:00+00:00,26862.75
2022-12-28 11:00:00+00:00,26515
2022-12-28 12:00:00+00:00,26440.75
2022-12-28 13:00:00+00:00,26005.5
2022-12-28 14:00:00+00:00,25547.5
2022-12-28 15:00:00+00:00,25805.25
2022-12-28 16:00:00+00:00,26753.75
2022-12-28 17:00:00+00:00,28224.75
2022-12-28 18:00:00+00:00,28579.75
2022-12-28 19:00:00+00:00,28940.75
2022-12-28 20:00:00+00:00,28535.75
2022-12-28 21:00:00+00:00,26048.5
2022-12-28 22:00:00+00:00,23547.5
2022-12-28 23:00:00+00:00,21806
2022-12-29 00:00:00+00:00,20212
2022-12-29 01:00:00+00:00,19263.5
2022-12-29 02:00:00+00:00,18820.25
2022-12-29 03:00:00+00:00,18753.5
2022-12-29 04:00:00+00:00,19279
2022-12-29 05:00:00+00:00,21285
2022-12-29 06:00:00+00:00,23958
2022-12-29 07:00:00+00:00,26229.25
2022-12-29 08:00:00+00:00,27486
2022-12-29 09:00:00+00:00,27733.75
2022-12-29 10:00:00+00:00,27350.25
2022-12-29 11:00:00+00:00,27133.5
2022-12-29 12:00:00+00:00,27229.5
2022-12-29 13:00:00+00:00,26787
2022-12-29 14:00:00+00:00,26253
2022-12-29 15:00:00+00:00,26430
2022-12-29 16:00:00+00:00,27328
2022-12-29 17:00:00+00:00,28846.25
2022-12-29 18:00:00+00:00,29090.25
2022-12-29 19:00:00+00:00,29229.75
2022-12-29 20:00:00+00:00,28834
2022-12-29 21:00:00+00:00,26473.5
2022-12-29 22:00:00+00:00,24140.75
2022-12-29 23:00:00+00:00,22297
2022-12-30 00:00:00+00:00,20567
2022-12-30 01:00:00+00:00,19476.5
2022-12-30 02:00:00+00:00,18962.25
2022-12-30 03:00:00+00:00,18872
2022-12-30 04:00:00+00:00,19333
2022-12-30 05:00:00+00:00,21223.75
2022-12-30 06:00:00+00:00,23642
2022-12-30 07:00:00+00:00,25586.75
2022-12-30 08:00:00+00:00,26985.25
2022-12-30 09:00:00+00:00,27437.75
2022-12-30 10:00:00+00:00,27158.5
2022-12-30 11:00:00+00:00,26954.75
2022-12-30 12:00:00+00:00,27167.75
2022-12-30 13:00:00+00:00,26572.75
2022-12-30 14:00:00+00:00,25910.25
2022-12-30 15:00:00+00:00,25850.25
2022-12-30 16:00:00+00:00,26484.75
2022-12-30 17:00:00+00:00,27734
2022-12-30 18:00:00+00:00,27997
2022-12-30 19:00:00+00:00,28028.25
2022-12-30 20:00:00+00:00,27679.25
2022-12-30 21:00:00+00:00,25716.75
2022-12-30 22:00:00+00:00,23578.25
2022-12-30 23:00:00+00:00,22009.25
2022-12-31 00:00:00+00:00,20288.75
2022-12-31 01:00:00+00:00,19084.75
2022-12-31 02:00:00+00:00,18262.5
2022-12-31 03:00:00+00:00,17816.75
2022-12-31 04:00:00+00:00,17905.75
2022-12-31 05:00:00+00:00,18501
2022-12-31 06:00:00+00:00,19451.75
2022-12-31 07:00:00+00:00,20734.25
2022-12-31 08:00:00+00:00,22545
2022-12-31 09:00:00+00:00,23513.75
2022-12-31 10:00:00+00:00,23314.5
2022-12-31 11:00:00+00:00,23090
2022-12-31 12:00:00+00:00,23240.25
2022-12-31 13:00:00+00:00,22947.75
2022-12-31 14:00:00+00:00,22102
2022-12-31 15:00:00+00:00,22069.75
2022-12-31 16:00:00+00:00,22939.5
2022-12-31 17:00:00+00:00,25679.25
2022-12-31 18:00:00+00:00,26324.5
2022-12-31 19:00:00+00:00,25411.25
2022-12-31 20:00:00+00:00,24445.75
2022-12-31 21:00:00+00:00,21862.5
2022-12-31 22:00:00+00:00,20654.5
2022-12-31 23:00:00+00:00,20208.75
