run_id,model_tag,scenario_tag,demand_tag,day_of_year,date_utc,has_incumbent,is_optimal,hit_time_limit,mip_gap,is_within_target_gap,is_acceptable,total_cost_eur,obj1_total_unmet_kg,obj2_operating_cost_eur,res_generation_kWh,res_used_kWh,res_curtailed_kWh,grid_import_kWh,grid_share_percent,battery_soc_avg,tank_H2_level_avg_kg,tank_NH3_level_avg_kg,tank_MeOH_level_avg_kg,H2_prod_green_share,NH3_prod_green_share,MeOH_prod_green_share,emissions_grid_aef_kg,emissions_grid_mef_upramp_kg,emissions_grid_mef_soft_kg,emissions_direct_nh3_kg,emissions_direct_meoh_kg,emissions_direct_total_kg,unmet_H2_kg,unmet_NH3_kg,unmet_MeOH_kg,demand_H2_kg_day,demand_NH3_kg_day,demand_MeOH_kg_day,elz_consumption_kWh_day,nh3_consumption_kWh_day,meoh_consumption_kWh_day,crk_consumption_kWh_day,units_total_consumption_kWh_day,H2_sell_g_kg_day,H2_sell_ng_kg_day,H2_sell_total_kg_day,NH3_sell_g_kg_day,NH3_sell_ng_kg_day,NH3_sell_total_kg_day,MeOH_sell_g_kg_day,MeOH_sell_ng_kg_day,MeOH_sell_total_kg_day,eod_H2_total_kg,eod_NH3_total_kg,eod_MeOH_total_kg,eod_req_H2_kg,eod_req_NH3_kg,eod_req_MeOH_kg,eod_margin_H2_kg,eod_margin_NH3_kg,eod_margin_MeOH_kg,cost_grid_eur,cost_water_eur,cost_co2_eur,cost_startup_elz_eur,cost_startup_nh3_eur,cost_startup_meoh_eur,cost_startup_crk_eur,m2_cap_repair_flag,m2_emissions_key,m2_alpha_used_day,m2_emis_cap_day_kg,m2_realized_total_emis_cap_basis_kg,m2_cap_slack_kg
M2__S1__D1__start001__ndays366__20260326T074443Z,M2,S1,D1,1,2024-01-01,True,True,False,0.009961004110298065,True,True,67935.98487822898,5.404438801611759e-06,67935.98487822898,785207.4487380537,766918.6999129376,18288.74882511607,1846967.7140926062,70.65983067191874,0.5669788250435585,5456.980745970207,24360.214549695647,8755.665040778642,0.22906552285962495,0.6634717865657338,0.2744349589371839,159019.6600827901,165478.35713206377,143117.54799837907,158.57728453446802,2738.469643633931,2897.046928168399,1.9192679667944026e-06,1.7239461515613028e-06,1.761224683256054e-06,34851.94192382107,30554.390081763533,34230.87054308259,2618562.717713014,12807.178147539391,5536.843310841667,0.0,2636906.7391713955,6681.639818808582,28170.30210750849,34851.94192631707,17269.334088582473,13285.05599587549,30554.390084457962,12096.882677054122,22133.98786868529,34230.87054573941,6583.619592477278,24249.67200213656,10473.940801913219,6583.619592,24249.672000000002,10473.940799999998,4.772782631334849e-07,2.1365594875533134e-06,1.913220330607146e-06,46316.885249716644,1608.8527950674732,10885.416833444877,5568.0,2397.46,1159.37,0.0,0,mef_soft,0.2,146014.5949,146014.59492654746,-2.6547466404736042e-05
M2__S1__D1__start001__ndays366__20260326T074443Z,M2,S1,D1,2,2024-01-02,True,True,False,0.006823983376266026,True,True,79543.87705820848,9.375548600776112e-07,79543.87705820848,699157.2497221513,699157.2514043241,-0.0016821727855120929,2003031.872201237,74.12626506055095,0.49278979497622616,6933.969035126483,27087.632395546447,13305.869144351373,0.20039459356785702,0.4962768142859876,0.212381183713276,158101.63088281397,163393.4493862642,165260.4847800476,163.0433087404117,2817.549530810844,2980.5928395512556,8.339141605752562e-07,1.03640699502355e-07,0.0,35587.83255774663,31414.895712300655,35219.36912848012,2670416.9243796435,13167.867686446261,5696.732957817794,0.0,2689281.5250239074,5083.245911362279,30504.586648569817,35587.832559932096,17826.855492917413,13588.040221782627,31414.89571470004,7003.332558070737,28216.036573312842,35219.36913138358,6583.619592380202,24249.672000902858,10473.940807434978,6583.619592,24249.672000000002,10473.940799999998,3.802024366450496e-07,9.028553904499859e-07,7.434979124809615e-06,60357.19763334665,1646.0900398887368,11199.759384973106,2784.0,2397.46,1159.37,0.0,0,mef_soft,0.2,168241.07766,168241.07761959886,4.0401151636615396e-05
M2__S1__D1__start001__ndays366__20260326T074443Z,M2,S1,D1,3,2024-01-03,True,True,False,0.009035805143253545,True,True,83571.32334881107,0.0,83571.32334881107,1201232.6350098844,1181131.0318816607,20101.603128223906,1456020.3702048955,55.211861141262844,0.5248761111982527,6744.512359638076,32334.590275912644,14804.064500447821,0.37917328165168124,0.3404791104896869,0.18971694432588587,138095.42601943787,238384.62390809838,64899.52186715578,166.33950768681322,2593.1536491006455,2759.4931567874587,0.0,0.0,0.0,35220.636276886624,32050.001481140825,32414.42061947522,2602633.0753952805,13434.078620848868,5243.032534328488,0.0,2621310.1865504575,13125.65181064467,22094.98446811737,35220.63627876203,13773.560601551088,18276.44088143158,32050.00148298267,6660.52350849554,25753.897113028834,32414.420621524372,6583.619592574252,24249.672001220104,10473.940801550492,6583.619592,24249.672000000002,10473.940799999998,5.742522262153216e-07,1.2201016943436116e-06,1.5504938346566632e-06,68089.84840854508,1616.8591850909547,10307.785755175068,0.0,2397.46,1159.37,0.0,0,mef_soft,0.2,67659.015048,67659.01502394324,2.405676059424877e-05
M2__S1__D1__start001__ndays366__20260326T074443Z,M2,S1,D1,4,2024-01-04,True,True,False,0.002315586336406895,True,True,190326.41356023116,0.0,190326.41356023116,693747.8071657736,693747.8071657736,0.0,1949508.4957132335,73.75404699082148,0.45520489795700686,4835.538293302064,36071.19204241101,18874.82970460325,0.19397423544658432,1.1427193531826294e-08,0.06888361345935017,244103.48025053908,381230.07833068125,103164.43720945284,162.31926936388055,2540.403483487861,2702.722752851742,0.0,0.0,0.0,35935.99526305011,31275.38908879734,31755.04354458531,2610450.2650531465,13109.392089901674,5136.378293188332,0.0,2628696.0354362363,9496.392061909884,26439.603200999933,35935.99526290981,6308.669524127506,24966.719564650884,31275.38908877839,3531.405359037454,28223.638185555814,31755.04354459327,6583.6195920778255,24249.672000198978,10473.940800889526,6583.619592,24249.672000000002,10473.940799999998,7.782546163070947e-08,1.9897561287507415e-07,8.895276550902054e-07,173648.14343747502,1631.33627589192,10098.10384686425,1392.0,2397.46,1159.37,0.0,0,mef_soft,0.2,105867.15997200001,105867.15996230458,9.69543179962784e-06
M2__S1__D1__start001__ndays366__20260326T074443Z,M2,S1,D1,5,2024-01-05,True,True,False,8.374911504793498e-06,True,True,15067.571561650107,0.0,15067.571561650107,2763477.0001002937,2606512.248787082,156964.7513132117,0.0056223642490189265,2.1570450089032011e-07,0.5270411539485486,6924.345488561655,18205.866330890964,10403.606898634725,0.9192971769021713,0.8403826892546827,0.7466662897975358,0.00038097870548247335,0.00017807900869711295,0.0003769698603889628,152.02875082046654,2496.1275862062425,2648.156337026709,0.0,0.0,0.0,35143.7540491805,29292.62265931058,31201.59480913049,2572232.097469059,12278.298881287246,5046.8579633511745,0.0,2589557.254313697,32162.11315436908,2981.6408948114213,35143.7540491805,8677.335124140915,20615.287535169664,29292.62265931058,17918.3047837633,13283.290025367189,31201.59480913049,6583.61983010657,24249.679556232302,10473.940819337073,6583.619592,24249.672000000002,10473.940799999998,0.00023810656966816168,0.007556232299975818,1.9337074263603427e-05,0.0002459129353611121,1588.6341605673533,9922.107155169815,0.0,2397.46,1159.37,0.0,1,mef_soft,,2648.156852,2648.1567139965696,0.00013800343049297226
M2__S1__D1__start001__ndays366__20260326T074443Z,M2,S1,D1,6,2024-01-06,True,True,False,0.0,True,True,16556.78296200533,9.72869029958382e-07,16556.78296200533,2320993.368950108,2287601.9949738043,33391.37397630406,0.00035695323211065987,1.5603817134241004e-08,0.5621957598129023,6522.742792421194,21234.303458046634,13184.338318123453,0.9248392430529201,0.9999999948418792,0.8606627921841901,2.3273366723024126e-05,2.7700801272736817e-05,4.313737882380746e-05,133.32243871210915,2221.4664664156417,2354.7889051277507,2.9570088828159867e-07,3.310758540121206e-07,3.4609228766466287e-07,30505.870190199363,25688.33870261546,27768.33084978086,2261257.2175451363,10767.520888355359,4491.527511784089,0.0,2276516.265945276,28248.897736463434,2256.9724534392485,30505.87018990268,22746.92864409677,2941.410058187668,25688.33870228444,22357.451644534358,5410.879204900282,27768.33084943464,6583.61959616646,24249.672012301096,10473.940800008651,6583.619592,24249.672000000002,10473.940799999998,4.16645980294561e-06,1.2301094102440402e-05,8.65293259266764e-09,1.1589962127002329e-06,1385.623758862091,8830.329204002175,2784.0,2397.4599979820655,1159.37,0.0,0,mef_soft,0.2,2401.4489334,2354.7889482651294,46.65998513487057
M2__S1__D1__start001__ndays366__20260326T074443Z,M2,S1,D1,7,2024-01-07,True,True,False,0.003388672329499681,True,True,126250.95520240434,0.0,126250.95520240434,776164.2089885757,776164.2089885757,0.0,1625059.3038703504,67.6763031499527,0.4297871435110822,7865.533019018551,27621.55843447549,9039.840648151736,0.2215664274405411,0.7918907382602416,0.7574648614835807,133178.44197012504,162494.49053287404,84328.7857163149,131.59437863880362,2330.0254483081085,2461.6198269469123,0.0,0.0,0.0,32031.332632066555,25355.37161723896,29125.318093787835,2369340.1164448587,10627.957562737465,4711.020203429367,0.0,2384679.0942110256,6026.287207770334,26005.04542752421,32031.332635294544,20711.004493693355,4644.367127078682,25355.371620772035,21293.93213472537,7831.385963677167,29125.31809840254,6583.619593640862,24249.672000960436,10473.940809840942,6583.619592,24249.672000000002,10473.940799999998,1.6408621377195232e-06,9.604336810298264e-07,9.840943675953895e-06,110595.3776299617,1444.896415417874,9261.851157024732,1392.0,2397.46,1159.37,0.0,0,mef_soft,0.2,86790.40582,86790.40554326182,0.0002767381811281666
M2__S1__D1__start001__ndays366__20260326T074443Z,M2,S1,D1,8,2024-01-08,True,True,False,0.00786189978775565,True,True,229327.51343194637,0.0,229327.51343194637,522422.9762596125,517662.5998319156,4760.3764276969,2235709.0397639414,81.19895649437653,0.41649060208615385,13095.071503451274,34516.23017626191,5630.597286621855,0.15815223211107987,5.763351792908721e-10,0.35945164971803173,245510.92910822813,329785.63272629824,155744.25783561764,153.2501841497656,2641.067050579374,2794.3172347291397,0.0,0.0,0.0,36578.4254091093,29527.97380274422,33013.33792365696,2729291.024762909,12376.945508326735,5339.907442890171,0.0,2747007.877714126,4294.224141367196,32284.20126724703,36578.42540861423,14069.41616156528,15458.557640879759,29527.97380244504,14145.23502041194,18868.102902884817,33013.337923296756,6583.619597639447,24249.67202308982,10473.941018128207,6583.619592,24249.672000000002,10473.940799999998,5.639447408611886e-06,2.3089818569133058e-05,0.00021812820887134876,208052.787030793,1651.65487510034,10498.241526053012,5568.0,2397.46,1159.37,0.0,0,mef_soft,0.2,158538.57516,158538.57507034676,8.965324377641082e-05
M2__S1__D1__start001__ndays366__20260326T074443Z,M2,S1,D1,9,2024-01-09,True,True,False,0.009247247526151312,True,True,296910.80495182826,1.0185646370648798e-06,296910.80495182826,246090.0288176987,245681.23985011067,408.7889675880586,2603196.526187606,91.37620986133744,0.39017851530824643,10909.717895489417,21682.027978529444,13478.304836405563,0.04267147958658075,0.010137479735037997,0.2808455117701085,559773.2505524077,488641.39138416847,260464.62838740458,159.5403935614875,2637.986914407606,2797.5273079690937,3.7075201921611e-07,3.256241133344171e-07,3.221885045143527e-07,38566.246292245356,30739.960247061812,32974.83664830034,2822027.1548168077,12884.96172740588,5333.679792568816,0.0,2840245.7963367826,1038.0714259834353,37528.1748659225,38566.24629190593,6688.701073652188,24051.25917311447,30739.96024676666,13076.554047264446,19898.282600744653,32974.8366480091,6583.619592038458,24249.67200008577,10473.940800250617,6583.619592,24249.672000000002,10473.940799999998,3.845798346446827e-08,8.576898835599422e-08,2.5061854103114456e-07,278125.8558232053,1725.4911455376878,10485.997984770234,4176.0,2397.45999831511,0.0,0.0,0,mef_soft,0.2,263262.1557,263262.15569537366,4.6263448894023895e-06
M2__S1__D1__start001__ndays366__20260326T074443Z,M2,S1,D1,10,2024-01-10,True,True,False,0.008164144840657929,True,True,242288.94256860492,0.0,242288.94256860492,575302.9932654107,575302.9932654107,0.0,2338625.2225618134,80.2567890951943,0.40650313053115,7747.840280195634,25656.259647381445,14296.66943522752,0.1485895102032857,0.0994506508245991,1.0271603532032475e-08,463453.0000287814,325656.7930263196,303428.32583147666,158.41700580235013,2582.8703568323376,2741.2873626346877,0.0,0.0,0.0,40790.49580558995,30523.507862186056,32285.879460928605,2885351.459116292,12794.23355531921,5222.241002720605,0.0,2903367.933674332,5892.03056000566,34898.46524522819,40790.49580523385,3278.844609283061,27244.663252585415,30523.507861868475,2014.0256402744137,30271.853820371383,32285.879460645796,6583.619592049121,24249.672000016275,10473.94080003832,6583.619592,24249.672000000002,10473.940799999998,4.912089934805408e-08,1.6272679204121232e-08,3.832064976450056e-08,223887.37884461196,1793.8240555844047,10266.909668408543,2784.0,2397.46,1159.37,0.0,0,mef_soft,0.2,306169.61316,306169.6131941113,-3.411131910979748e-05
M2__S1__D1__start001__ndays366__20260326T074443Z,M2,S1,D1,11,2024-01-11,True,True,False,0.00897602391172595,True,True,210471.89274349835,3.794427674794728e-06,210471.89274349835,727531.4266492198,727531.4275191459,-0.0008699259763900386,2221539.986596662,75.33015226295309,0.4822433952867982,7557.565870508489,34236.378180467305,9271.988329566177,0.19549777499885357,5.658832127484512e-08,0.32388325956347935,358310.83606805233,341434.42496388505,256151.92745171953,152.08516301458107,2507.296924352206,2659.3820873667873,2.2923827540217452e-06,1.1905068516268851e-06,3.1153806914609755e-07,41078.14831360095,29303.499613601984,31341.211517531076,2921004.919516311,12282.854899716725,5069.4409690917055,0.0,2938357.2153851194,8131.049162292506,32947.09915455726,41078.148316849765,942.8999119522192,28360.599705504224,29303.499617456444,6296.809234295746,25044.402287259363,31341.21152155511,6583.619592439614,24249.672001636587,10473.94083567517,6583.619592,24249.672000000002,10473.940799999998,4.3961426854366437e-07,1.636584784137085e-06,3.567517160263378e-05,195159.429884262,1789.1275849363415,9966.50527430002,0.0,2397.46,1159.37,0.0,0,mef_soft,0.2,258811.30952,258811.30953908633,-1.908632111735642e-05
M2__S1__D1__start001__ndays366__20260326T074443Z,M2,S1,D1,12,2024-01-12,True,True,False,0.0032132143300586205,True,True,211207.07667803427,9.340937201895593e-07,211207.07667803427,750714.8687286649,745855.4991770864,4859.369551578664,2131715.221044029,74.08037641139975,0.5341081814963103,11635.529126726155,15660.183347453107,5246.1518173734175,0.17854909760410193,0.9999999996114752,0.7560975125371906,350081.95206051675,365132.31809097476,288572.9248250943,158.23266762313176,2589.580877261706,2747.813544884838,5.075158819953846e-07,2.649052876059998e-07,1.6167255058817486e-07,39899.846849965805,30487.989910000062,32369.761001617007,2843810.3917116392,12779.345849887635,5235.808836216966,0.0,2861825.5463977437,136.4351052559241,39763.41174428324,39899.84684953917,7091.472811317405,23396.51709845423,30487.98990977164,18974.086423144377,13395.674578298569,32369.761001442945,6583.619592013149,24249.672000037335,10473.940800037395,6583.619592,24249.672000000002,10473.940799999998,1.3148564903531224e-08,3.733293851837516e-08,3.739660314749926e-08,195592.35920076567,1764.3034901533686,10293.583987115284,0.0,2397.46,1159.37,0.0,0,mef_soft,0.2,291320.73838,291320.73836997914,1.0020856279879808e-05
M2__S1__D1__start001__ndays366__20260326T074443Z,M2,S1,D1,13,2024-01-13,True,True,False,0.007964885631312604,True,True,198041.1165216621,0.0,198041.1165216621,247410.52455630922,247277.68817560235,132.83638070683986,2267741.870490951,90.16796162385681,0.33790238267319284,6466.578712155817,33122.17536562432,11792.767449204606,0.06230212844248096,4.190988718045771e-09,0.12981406838432144,314173.8693278234,312130.3250642294,224814.0994166002,136.9385494984332,2227.6900752778247,2364.6286247762578,0.0,0.0,0.0,34804.81803504387,26385.076973362786,27846.125939960653,2492958.573760444,11059.568864694269,4504.110870954582,0.0,2508522.2534960927,1981.405457778083,32823.41257696234,34804.81803474042,15013.09599136224,11371.980981720711,26385.076973082952,10995.012956858478,16851.11298282205,27846.125939680525,6583.619592301914,24249.6720016186,10473.940801346333,6583.619592,24249.672000000002,10473.940799999998,3.019140422111377e-07,1.6185986169148237e-06,1.3463341019814834e-06,185253.7310779757,1534.857394457073,8855.068049229352,0.0,2397.46,0.0,0.0,0,mef_soft,0.2,227178.72824,227178.72804137645,0.00019862354383803904
M2__S1__D1__start001__ndays366__20260326T074443Z,M2,S1,D1,14,2024-01-14,True,False,True,0.035810925718796495,False,False,142563.3379876343,0.0,142563.3379876343,749798.7067389691,711001.7698677236,38796.93687124547,1855864.7101658892,72.30078870879123,0.4226468365823521,4700.599929898163,23296.616816503574,8503.854151055653,0.2530031151426949,0.3937647245963297,1.1943077728095875e-07,174422.22243284993,122219.44999300629,137732.11508088923,144.65829470705233,2129.8099518421427,2274.468246549195,0.0,0.0,0.0,35932.4505901078,27872.50379854757,26622.62439904455,2544554.550437016,11683.038691618758,4306.2094964118205,0.0,2560543.798625047,4961.526760718349,30970.923829705185,35932.450590423534,11443.06913275222,16429.434666602523,27872.50379935474,2710.1581879491164,23912.466211920335,26622.624399869448,6583.619592073305,24249.67200028453,10473.94080033769,6583.619592,24249.672000000002,10473.940799999998,7.330527296289802e-08,2.8452632250264287e-07,3.3769174478948116e-07,127575.81574670524,1572.6976823564517,8465.99455857252,1392.0,2397.46,1159.37,0.0,0,mef_soft,0.2,140006.5832,140006.58332743842,-0.00012743842671625316
M2__S1__D1__start001__ndays366__20260326T074443Z,M2,S1,D1,15,2024-01-15,True,True,False,0.009882308938814657,True,True,76227.11296052668,1.593866657539317e-06,76227.11296052668,1887038.6281786838,1887038.628483015,-0.00030433140083809104,914868.7515544649,32.651641452267675,0.503809737882556,5105.158551627398,34896.44471455686,7849.785930692194,0.6395269414095804,4.075423145727842e-09,0.5951333486433069,83661.50714360128,123803.07110791295,42802.70145502122,162.25206716416434,2429.548880165028,2591.8009473291922,7.225104154008785e-07,4.781290934919193e-07,3.9322714864651946e-07,39267.39273870559,31262.44068754464,30369.36100179886,2773875.451788335,13103.964638285182,4912.244142112782,0.0,2791891.6605687332,28381.972619606087,10885.420118992142,39267.39273859823,5633.3330676735295,25629.10762000947,31262.440687682996,9153.369243405416,21215.99175861654,30369.361002021957,6583.6195922361085,24249.672000097326,10473.940800606028,6583.619592,24249.672000000002,10473.940799999998,2.3610846255905926e-07,9.73232090473175e-08,6.060290616005659e-07,61279.876209712995,1732.9499538174648,9657.456798655987,0.0,2397.4599983402186,1159.37,0.0,0,mef_soft,0.2,45394.502400000005,45394.50240235041,-2.3504035198129714e-06
M2__S1__D1__start001__ndays366__20260326T074443Z,M2,S1,D1,16,2024-01-16,True,True,False,0.009309019667115706,True,True,50348.94547559962,0.0,50348.94547559962,2286438.647900548,2286438.647900548,0.0,446487.3683962928,16.33733828628447,0.23273286713814792,7072.465208287093,20482.578572246417,4314.776398993156,0.8150145938449456,0.25434468623160983,0.32739165730476566,41989.4134553878,29430.16860940769,34103.993917851345,167.69040002397253,2306.2470708530846,2473.937470877057,0.0,0.0,0.0,39190.480750715215,32310.289027518582,28828.088354481588,2708826.4131818563,13543.180746573054,4662.943296869721,0.0,2727032.537225299,38438.163889916876,752.3168663409231,39190.48075625779,6734.90042582817,25575.38860925002,32310.289035078196,17918.507374360837,10909.58098767993,28828.088362040773,6583.6195955474,24249.672002172625,10473.94082882022,6583.619592,24249.672000000002,10473.940799999998,3.5474004107527435e-06,2.1726227714680135e-06,2.8820220904890448e-05,35899.4733581556,1725.3100108030155,9167.332106641012,0.0,2397.46,1159.37,0.0,0,mef_soft,0.2,36577.931706,36577.9313887284,0.00031727160239825025
M2__S1__D1__start001__ndays366__20260326T074443Z,M2,S1,D1,17,2024-01-17,True,True,False,6.241334652416751e-08,True,True,13241.858833055952,9.915098279621391e-07,13241.858833055952,2876823.45493498,2767398.017571778,109425.43736320174,1.21031882693647e-07,4.373490257821307e-12,0.5020235116311316,6636.298563341176,15143.0387088732,13611.392909659131,0.9308276903804887,0.7892679281115058,0.855776341122349,8.624541440651097e-09,1.1333871885977252e-08,3.0741442247739365e-09,163.44959537859614,2299.088474516725,2462.5380698953213,1.70117242189317e-07,1.9767149959291216e-07,6.237210861799099e-07,38768.3223079347,31493.17830340367,28738.605917727742,2733075.5846135616,13200.680616356909,4648.469509480541,0.0,2750924.734739399,36796.56314806799,1971.7591601872261,38768.32230825521,8551.278061507726,22941.900241783427,31493.178303291155,18116.959224958646,10621.646690936308,28738.605915894954,6583.619592583616,24249.67200006851,10473.940800642426,6583.619592,24249.672000000002,10473.940799999998,5.836163836647756e-07,6.850677891634405e-08,6.424270395655185e-07,4.012458872722471e-09,1705.5221468479535,9138.876686203983,0.0,2397.46,0.0,0.0,1,mef_soft,,2462.53807,2462.5380698983954,1.0160465535591356e-07
M2__S1__D1__start001__ndays366__20260326T074443Z,M2,S1,D1,18,2024-01-18,True,True,False,0.009987423847729824,True,True,24119.46260842694,0.0,24119.46260842694,2343202.9798313053,2343202.9798313053,0.0,267235.96449099435,10.237204171054533,0.5797703210577837,7499.273605184142,33158.2287756312,10389.07251097016,0.8588396215056365,0.5674117723669406,0.90135356274004,20128.83723028965,24130.089090554335,14616.352472126333,156.08611422600345,2359.5042310667686,2515.590345292772,0.0,0.0,0.0,36522.0295767155,30074.395803898704,29493.802888278795,2587037.2241199575,12605.983745474667,4770.622617200299,0.0,2604413.830482633,34304.53503614786,2217.4945406508286,36522.0295767987,21320.791614800146,8753.604189258767,30074.395804058913,24011.273277549142,5482.529610820742,29493.802888369886,6583.619592389476,24249.67200107905,10473.940800997134,6583.619592,24249.672000000002,10473.940799999998,3.894756446243264e-07,1.0790463420562446e-06,9.971354302251711e-07,6772.554959389385,1627.0483305471475,9379.029318490408,2784.0,2397.46,1159.37,0.0,0,mef_soft,0.2,17131.9428328,17131.942817419105,1.5380894183181226e-05
M2__S1__D1__start001__ndays366__20260326T074443Z,M2,S1,D1,19,2024-01-19,True,True,False,0.0036525821513252146,True,True,56927.33844281776,1.2088142853439953e-06,56927.33844281776,1787424.3617819557,1787424.361813827,-3.1871120603173234e-05,664849.7661362162,27.11155977867741,0.43888817913303263,4088.9839101458274,20862.51307963599,7420.604129608243,0.7056813097017267,4.2648550197938764e-08,0.8867499634524088,62213.33921316903,52660.72460832015,56160.28884202915,153.34652112442137,2518.1244735140617,2671.4709946384833,4.414818373259062e-07,3.771486195996555e-07,3.901838284184336e-07,33405.7562175263,29546.53586335164,31476.55592003626,2428911.740984774,12384.72597196991,5091.332919894593,0.0,2446387.7998766387,25396.334694513407,8009.421522794957,33405.756217308364,13149.499580337138,16397.036282852427,29546.535863189565,28256.121204667692,3220.434715190597,31476.55591985829,6583.619592153318,24249.672000239734,10473.940800147195,6583.619592,24249.672000000002,10473.940799999998,1.5331806935137138e-07,2.397318894509226e-07,1.471962605137378e-07,40435.158103133566,1533.8055591405068,10009.544782218398,1392.0,2397.4599983253015,1159.37,0.0,0,mef_soft,0.2,58831.759832,58831.75983666763,-4.667628672905266e-06
M2__S1__D1__start001__ndays366__20260326T074443Z,M2,S1,D1,20,2024-01-20,True,True,False,0.009850656563766132,True,True,118552.04964401889,0.0,118552.04964401889,759186.5155447649,757490.9797161797,1695.5358285854204,1470549.3797733297,66.00191839030525,0.4748150931748853,8771.964903622296,23239.82607191773,18159.118475551473,0.2653136652393772,1.4483248898837215e-08,0.3438744514410514,139954.26130888652,151332.4180021244,128031.67626964365,139.0998970761902,2115.1239631731564,2254.2238602493467,0.0,0.0,0.0,29548.256935031375,26801.521594305137,26439.049538478062,2200848.574769059,11234.12579168051,4276.516263082829,0.0,2216359.2168238224,11583.916304801702,17964.340631201674,29548.256936003378,2722.648687710257,24078.87290898352,26801.521596693776,14284.841382524319,12154.208158525307,26439.049541049626,6583.619592126408,24249.672000665174,10473.940800418559,6583.619592,24249.672000000002,10473.940799999998,1.2640794011531398e-07,6.651716830674559e-07,4.1856037569232285e-07,105237.24740052079,1350.3544898848288,8407.617753613298,0.0,2397.46,1159.37,0.0,0,mef_soft,0.2,130285.90024,130285.900129893,0.00011010700836777687
M2__S1__D1__start001__ndays366__20260326T074443Z,M2,S1,D1,21,2024-01-21,True,True,False,0.009800421099244084,True,True,110106.54063911975,0.0,110106.54063911975,601307.349746669,599134.0294488514,2173.3202978176523,1616529.6934566034,72.95916238303565,0.3859703533689261,11555.438126799572,23332.400566028886,5276.793654062786,0.2259585806119877,0.24639857060678821,0.8049399741456308,149302.59617852693,139714.72835447436,149969.7630190545,142.2735878509754,2232.3130350687643,2374.5866229197395,0.0,0.0,0.0,28904.752012859157,27413.022707768392,27903.912915193843,2193499.4317816477,11490.44259802984,4513.4579178907525,0.0,2209503.3322975687,4641.93359562896,24262.81841867756,28904.752014306527,4508.161635916158,22904.861073527834,27413.02270944399,17276.77576545962,10627.13715140545,27903.91291686507,6583.61959289506,24249.672000706705,10473.940823219285,6583.619592,24249.672000000002,10473.940799999998,8.950601113610901e-07,7.067028491292149e-07,2.3219286958919838e-05,90765.00697118475,1343.2593535367032,8873.444314398339,5568.0,2397.46,1159.37,0.0,0,mef_soft,0.2,152344.34994,152344.34964197423,0.00029802575591020286
M2__S1__D1__start001__ndays366__20260326T074443Z,M2,S1,D1,22,2024-01-22,True,True,False,0.005397373280973703,True,True,115226.46696025382,0.0,115226.46696025382,615264.452028814,608983.4814591126,6280.970569701358,1986269.9747116244,76.53472033680826,0.4034431399906803,12911.646646063402,24606.762006593726,11284.644957719627,0.19470770062558101,0.36606488173000307,0.29084434967425027,177355.26186487597,185884.77883645514,245846.8473619209,155.85127180896083,2719.034941092778,2874.886212901739,0.0,0.0,0.0,33171.56676445579,30029.14678425609,33987.93678198803,2569916.3333528545,12587.01716598983,5497.548771552579,0.0,2588000.899290397,4429.237212281012,28742.32955163117,33171.56676391218,7940.665239388221,22088.481544492504,30029.146783880726,14276.838953646486,19711.09782804624,33987.936781692726,6583.6195921623,24249.672000759187,10473.940804996953,6583.619592,24249.672000000002,10473.940799999998,1.6230023902608082e-07,7.591843314003199e-07,4.99695488542784e-06,96297.42331783926,1547.419751570741,10808.163890843793,4176.0,2397.46,0.0,0.0,0,mef_soft,0.2,248721.73376,248721.73357482263,0.00018517737044021487
M2__S1__D1__start001__ndays366__20260326T074443Z,M2,S1,D1,23,2024-01-23,True,True,False,0.007458743590207745,True,True,159375.27670135396,0.0,159375.27670135396,586309.4839819928,577589.4457657624,8720.038216230434,2102917.9248260353,78.45223437538083,0.4303548801381429,11003.836760873337,25411.772542172606,11867.473611996395,0.17714031961525672,0.6346763113178481,0.11408883236385602,241458.38497468515,313269.94136899477,259133.70101518437,157.65412798490473,2914.4489176692914,3072.103045654196,0.0,0.0,0.0,34384.15647258118,30376.517917043042,36430.6114724817,2655368.659659505,12732.621249746959,5892.651405424447,0.0,2673993.932314676,4491.418832565638,29892.737639937423,34384.15647250306,11731.674209823694,18644.84370673281,30376.5179165565,7577.065644939231,28853.545827644703,36430.61147258393,6583.619592080028,24249.672000414215,10473.940803778736,6583.619592,24249.672000000002,10473.940799999998,8.00282577984035e-08,4.1421299101784825e-07,3.778737664106302e-06,137057.19233578365,1608.3199178348918,11584.934447735433,5568.0,2397.46,1159.37,0.0,0,mef_soft,0.2,262205.8043,262205.8040608386,0.00023916142527014017
M2__S1__D1__start001__ndays366__20260326T074443Z,M2,S1,D1,24,2024-01-24,True,True,False,0.009180652477292392,True,True,156122.6714304551,0.0,156122.6714304551,669947.5468671356,661165.8488823764,8781.697984759261,1939476.4193215817,74.57682446502005,0.45412586336598615,6899.145602191962,25562.880209783063,10433.290022956331,0.21084528839985292,0.24469068880341005,0.32879314278900085,260506.4931270592,264253.03145052615,274675.7122324667,152.27639390545733,2874.0348081151324,3026.31120202059,0.0,0.0,0.0,34338.76214284701,29340.345646571688,35925.435105040524,2575288.695896196,12298.299281201205,5810.939127668986,0.0,2593397.9343050667,5989.597691073892,28349.164451671808,34338.7621427457,13592.127969486395,15748.217676993536,29340.34564647993,8765.174157663085,27160.260947316554,35925.43510497964,6583.619592122258,24249.672000745442,10473.94080043972,6583.619592,24249.672000000002,10473.940799999998,1.222579157911241e-07,7.454400474671274e-07,4.397206794237718e-07,136760.75943345344,1596.7936347440332,11424.288362257654,2784.0,2397.46,1159.37,0.0,0,mef_soft,0.2,277702.02343999996,277702.02343448735,5.512614734470844e-06
M2__S1__D1__start001__ndays366__20260326T074443Z,M2,S1,D1,25,2024-01-25,True,True,False,0.008932814332212782,True,True,143959.8553392842,0.0,143959.8553392842,654594.5684131167,654594.5684131167,0.0,1942307.4531828752,74.79325122898479,0.3793820810985729,8015.678382138364,26671.279299002385,10945.372980022119,0.20576969278009705,0.10175513575281636,0.08656942650462103,274901.5842251913,292343.4640568929,234724.42009466613,146.63709337889384,2688.626793611915,2835.263886990809,0.0,0.0,0.0,34737.398365648085,28253.775218085928,33607.83491955008,2570753.724758466,11842.85242019899,5436.067298385363,0.0,2588032.6444770503,8233.289264520012,26504.10910211542,34737.39836663543,7657.523452192103,20596.251767002683,28253.775219194784,6356.240888294291,27251.594032534635,33607.83492082893,6583.619593340151,24249.672000312323,10473.940800880717,6583.619592,24249.672000000002,10473.940799999998,1.340151356998831e-06,3.1232048058882356e-07,8.807182894088328e-07,128129.2493012292,1586.4845334476158,10687.291504607363,0.0,2397.46,1159.37,0.0,0,mef_soft,0.2,237559.6849,237559.68398165694,0.0009183430520351976
M2__S1__D1__start001__ndays366__20260326T074443Z,M2,S1,D1,26,2024-01-26,True,True,False,0.009916905771111553,True,True,153891.31304906233,1.2763143855251426e-06,153891.31304906233,568788.881038736,564338.1849582018,4450.696080534141,2157934.867533491,79.26959661736856,0.44154452778890957,6792.248058572503,24386.026879621368,9946.312402842539,0.16394006292564378,0.5553837958885389,0.3250693257949125,276443.2154544812,293591.06341380614,225674.80595033482,142.41461592660067,2374.4063707624273,2516.820986689028,4.515510535628067e-07,4.1083667744677357e-07,4.139266545155624e-07,38063.60011440005,27440.19574699793,29680.079634912094,2698341.182563155,11501.832449289292,4800.752880889818,0.0,2714643.7678933344,3561.8056015486663,34501.794512680935,38063.6001142296,7558.891634868421,19881.304111999096,27440.195746867517,7489.896028658438,22190.18360612009,29680.07963477853,6583.619592114369,24249.67200054812,10473.94080079173,6583.619592,24249.672000000002,10473.940799999998,1.1436895874794573e-07,5.481160769704729e-07,7.917315087979659e-07,139231.92730894533,1664.2904163363103,9438.26532378065,0.0,2397.46,1159.37,0.0,0,mef_soft,0.2,228191.62692,228191.62693702386,-1.702384906820953e-05
M2__S1__D1__start001__ndays366__20260326T074443Z,M2,S1,D1,27,2024-01-27,True,True,False,0.0099831417072619,True,True,113598.31849818114,0.0,113598.31849818114,515279.4308676,512758.59707371565,2520.8337938843865,1832843.117917099,78.13957101938239,0.3380143049568915,9056.90200990275,22770.17944473036,11412.087663260221,0.17166063896079853,0.9329513246793694,0.33103957867085754,196446.16663565685,201508.2443355086,126708.09996150754,127.95339431605382,1937.0351089237438,2064.9885032397974,0.0,0.0,0.0,32218.16229419684,23887.81071594987,24212.938841019815,2324326.5200688196,10333.900724820205,3916.4428610238783,0.0,2338576.863654664,1335.7440843460809,30882.41820450427,32218.16228885035,13664.460647762287,10223.350066571866,23887.810714334155,8054.891857129598,16158.04698201725,24212.93883914685,6583.619592956696,25015.69448519529,10473.94081843413,6583.619592,24249.672000000002,10473.940799999998,9.566956578055397e-07,766.022485195288,1.843413156166207e-05,100931.15525977849,1410.618680430762,7699.714557971883,0.0,2397.46,1159.37,0.0,0,mef_soft,0.2,128773.08842,128773.08846474734,-4.4747343054041266e-05
M2__S1__D1__start001__ndays366__20260326T074443Z,M2,S1,D1,28,2024-01-28,True,True,False,0.009983271820792205,True,True,93688.84272049136,2.3356121396109066e-06,93688.84272049136,607525.2763522586,604246.9880440243,3278.2883082343037,1717699.86214456,73.9767088986146,0.3562886089160209,9052.822653396679,25438.10791428103,5243.872704684952,0.19814263328455195,0.7453717884336625,0.5951559552692145,160013.3063970761,177773.66961796457,111226.62078505331,127.95339430995477,2029.2746697632026,2157.2280640731574,1.1984952030251439e-06,5.185384287170111e-07,6.185785078687515e-07,31309.66225426551,24119.314250545678,25365.93339124938,2297777.8140461985,10333.900724190118,4102.939722959845,0.0,2312214.6544933487,1718.8050238686887,29590.857229931113,31309.6622537998,17221.880280274814,6897.43397105695,24119.314251331765,8955.994801723155,16409.938590178404,25365.933391901563,6583.6195943324465,25550.213434820518,10473.94079979138,6583.619592,24249.672000000002,10473.940799999998,2.3324464564211667e-06,1300.5414348205159,-2.0861807570327073e-07,75109.02989512729,1388.6160130553576,8066.366812308733,5568.0,2397.46,1159.37,0.0,0,mef_soft,0.2,113383.84924000001,113383.84884912647,0.00039087353798095137
M2__S1__D1__start001__ndays366__20260326T074443Z,M2,S1,D1,29,2024-01-29,True,True,False,0.007932200922345638,True,True,151914.13164877106,0.0,151914.13164877106,539693.8357487656,536835.433626218,2858.4021225476326,2058228.382916097,79.31320878491913,0.4293880896864068,10968.774841953424,34155.85176860742,8045.975034007036,0.16522708511815618,4.901440908906147e-09,0.41346588631951015,211802.8771909275,215834.29501288643,165891.81327113337,135.71352108792644,2366.8478466697406,2502.561367757667,0.0,0.0,0.0,34779.22976230195,27449.58210676706,29585.59808283579,2571391.5081075113,10960.63188809569,4785.47048998738,0.0,2587137.6104855943,4553.543944333711,30225.68581765218,34779.22976198589,12194.850414648152,15254.731691849676,27449.582106497823,12848.15417185051,16737.443910674578,29585.598082525088,6583.619592097219,24249.672000487324,10473.940800662338,6583.619592,24249.672000000002,10473.940799999998,9.721861715661362e-08,4.873218131251633e-07,6.62339516566135e-07,132995.02319931638,1545.4282589424436,9408.22019051222,5568.0,2397.46,0.0,0.0,0,mef_soft,0.2,168394.37486,168394.37463889105,0.0002211089595220983
M2__S1__D1__start001__ndays366__20260326T074443Z,M2,S1,D1,30,2024-01-30,True,True,False,0.009977343252542114,True,True,158021.7296675475,0.0,158021.7296675475,693621.0932894426,693449.6922225913,171.40106685146745,1940964.6417164465,73.67727303602508,0.4431102848187661,10147.753372309293,26602.006126586202,13667.234425999792,0.22519303558671958,0.11914712531676899,0.017422249809224792,276046.0702798088,318371.47746054863,168492.41350342595,138.07920627836197,2671.9267503931155,2810.0059566714776,0.0,0.0,0.0,35278.79416343808,26604.856700922814,33399.08438006112,2610897.042639618,11151.69173480453,5402.301898452419,0.0,2627451.0362728746,9312.19763133901,25966.596531802068,35278.79416314108,8178.896835063071,18425.959865529258,26604.85670059233,8388.143190651881,25010.941189171142,33399.08437982302,6583.619592135403,24249.67200049838,10473.94080131735,6583.619592,24249.672000000002,10473.940799999998,1.3540284271584824e-07,4.98377630719915e-07,1.3173521438147873e-06,139234.20114575324,1593.1596889816067,10620.908832812636,4176.0,2397.46,0.0,0.0,0,mef_soft,0.2,171302.41948,171302.41946009744,1.9902567146345973e-05
M2__S1__D1__start001__ndays366__20260326T074443Z,M2,S1,D1,31,2024-01-31,True,True,False,0.009782407594696615,True,True,181011.4404385829,1.6511978288943763e-06,181011.4404385829,679969.2148594281,676282.988419347,3686.2264400811746,2176089.3297843738,76.29050793603145,0.36684212305530944,8028.588284258778,25601.469041116816,5723.681070497108,0.18235527358535408,0.4624789742682302,0.43234382373854374,307862.9871116374,289365.7471736537,226479.9626859031,133.596291693461,2886.4745787237416,3020.0708704172025,6.209553278290566e-07,5.299129028140064e-07,5.003295982513134e-07,39107.360238695124,25741.096665250614,36080.93222976064,2825742.3599972986,10789.63807827189,5836.0907888585525,0.0,2842368.088864429,4983.110820531015,34124.249418191874,39107.3602387229,9627.692044016585,16113.40462134761,25741.096665364195,7668.6817719851515,28412.250457917413,36080.932229902566,6583.619592170319,24249.672000975275,10473.94080571749,6583.619592,24249.672000000002,10473.940799999998,1.7031925381161273e-07,9.752729965839535e-07,5.717491148971021e-06,160068.4742804233,1736.399707732718,11473.736450426875,4176.0,2397.46,1159.37,0.0,0,mef_soft,0.2,229500.03354,229500.0335563203,-1.632029307074845e-05
M2__S1__D1__start001__ndays366__20260326T074443Z,M2,S1,D1,32,2024-02-01,True,True,False,0.0004468648714899295,True,True,145851.74683465602,0.0,145851.74683465602,795089.7282179901,795089.7282179901,0.0,2193680.2659497517,73.39742670832747,0.49486018554413874,7840.715371260821,25968.853437148806,12270.739416403865,0.19297024343560606,0.4625772153308851,0.38888604529979953,250924.67481468635,206934.22297002064,202557.8282313382,141.60021278986716,2513.6589358701235,2655.259148659991,0.0,0.0,0.0,41675.294553600266,27283.27798643211,31420.736692714432,2957307.048669899,11436.058804394142,5082.3041614863,1.496326965191496e-08,2973825.411635794,5115.320230837415,36559.974327941854,41675.294558779264,10664.89442139536,16618.383576086322,27283.27799748168,15661.876954553218,15758.859748262603,31420.73670281582,6583.619593826597,24249.67200207583,10473.940809155092,6583.619592,24249.672000000002,10473.940799999998,1.826597326726187e-06,2.0758270693477243e-06,9.15509372134693e-06,131664.9313159888,1797.5612485834401,9991.794270083743,0.0,2397.46,0.0,0.0,0,mef_soft,0.2,205213.0878,205213.0873799982,0.0004200018011033535
M2__S1__D1__start001__ndays366__20260326T074443Z,M2,S1,D1,33,2024-02-02,True,True,False,0.009790057413815547,True,True,141049.02255531703,1.11224656925983e-06,141049.02255531703,836330.7594674072,824477.7377336546,11853.021733752657,2166133.1056017345,72.43112591626515,0.42864354277458316,9164.96200831991,24546.741157793702,4727.6142036961855,0.23791509807481087,0.48487154516412945,0.7612616445009888,209461.42509591777,219106.66167301434,190793.69560772812,155.57614893604176,2530.817800695795,2686.3939496318367,4.0928271587028233e-07,3.517062377122621e-07,3.5125761567728565e-07,41479.572365486645,29976.13659837384,31635.222516760005,2965470.615592977,12564.797415806715,5116.9972407869045,0.0,2983152.410249571,4426.044339757385,37053.528025440566,41479.57236519795,11548.436992049763,18427.699606092872,29976.136598142635,18858.6812506325,12776.541265896783,31635.222516529284,6583.619592085986,24249.672000553757,10473.940801374376,6583.619592,24249.672000000002,10473.940799999998,8.598635758971795e-08,5.537549441214651e-07,1.3743774616159499e-06,125623.33492720648,1808.85687034473,10060.000757765787,0.0,2397.46,1159.37,0.0,0,mef_soft,0.2,193480.08964,193480.08955735996,8.264003554359078e-05
M2__S1__D1__start001__ndays366__20260326T074443Z,M2,S1,D1,34,2024-02-03,True,True,False,0.00998884419493065,True,True,103809.31576345542,0.0,103809.31576345542,757196.7851995318,753838.7475607381,3358.0376387936967,1804942.7595756196,70.5391513320576,0.4293649021443348,10550.666136408792,25564.880771608277,10687.004627880866,0.24346323550375362,0.14399232037844867,0.4213554637239564,192996.87567736144,227888.70805144234,129036.61357696584,136.1162658820725,2328.848602543411,2464.9648684254835,0.0,0.0,0.0,34377.788494117165,26226.640826936877,29110.607530195317,2533866.9299307168,10993.158768268917,4708.640768413146,0.0,2549568.7294673985,6537.202543549896,27840.585947949403,34377.788491499305,8213.845982244422,18012.794843652315,26226.64082589674,15887.45311231994,13223.154417597112,29110.607529917055,6583.6195920638565,24249.671999521313,10473.940802507059,6583.619592,24249.672000000002,10473.940799999998,6.385653250617906e-08,-4.786888894159347e-07,2.507060344214551e-06,90625.78454031196,1528.8980280333824,9257.173195110057,0.0,2397.46,0.0,0.0,0,mef_soft,0.2,131501.57846,131501.57844539132,1.4608667697757483e-05
M2__S1__D1__start001__ndays366__20260326T074443Z,M2,S1,D1,35,2024-02-04,True,True,False,0.009899307806035236,True,True,95387.667940313,1.687455115664622e-06,95387.667940313,706252.081615798,706252.0815427244,7.307354157644439e-05,1598794.2203357522,69.36061193360105,0.37988058101182065,7601.0737291915875,26419.26867909427,11039.763454225984,0.26918179480247917,0.3287431680572344,0.10365230208608307,198542.16198598992,187393.9421624948,91708.00316713392,129.73996969746028,2214.493810978579,2344.2337806760393,6.297344901904838e-07,5.372415405292616e-07,5.204790849448764e-07,30520.629651660653,24998.06737797777,27681.17263933029,2284188.101254865,10478.189922626225,4477.429674086408,0.0,2299143.720851578,8726.621978731684,21794.007672976095,30520.62965170778,9207.125249593759,15790.942128523475,24998.06737811723,9421.730752521093,18259.44188696536,27681.172639486453,6583.619592233426,24249.67200094618,10473.940800645734,6583.619592,24249.672000000002,10473.940799999998,2.334263626835309e-07,9.46176442084834e-07,6.457357812905684e-07,76078.92434572335,1381.300695949773,8802.612898639853,5568.0,2397.46,1159.37,0.0,0,mef_soft,0.2,94052.236944,94052.23694780996,-3.8099533412605524e-06
M2__S1__D1__start001__ndays366__20260326T074443Z,M2,S1,D1,36,2024-02-05,True,False,True,0.02800258664426682,False,False,159607.20502241753,0.0,159607.20502241753,469638.2435480997,451753.5937509862,17884.64979711345,2061722.8076367653,82.02674218458696,0.4128357142137901,11150.471571321978,20758.17229313729,10361.704004049287,0.127310201596757,0.677212854900787,0.3836945266972826,317209.24557951395,305927.0060608231,143834.60652023865,159.79401680591707,2433.2960304058256,2593.090047211743,0.0,0.0,0.0,32429.94758516928,30521.6208553283,30416.20038116389,2486487.3197021126,12905.44510298271,4919.820411497119,373.0049973192001,2504685.5902139116,1444.415730535081,30985.53185518366,32429.947585718743,10246.74145755726,20274.879398688317,30521.620856245572,6805.704220589687,23610.49616152724,30416.200382116927,6583.619592136599,24249.67200014444,10473.94080004343,6583.619592,24249.672000000002,10473.940799999998,1.3659882824867964e-07,1.4443867257796228e-07,4.3432009988464415e-08,137150.1857917017,1500.4675098526918,9672.351720863157,5568.0,2397.46,2318.74,1000.0,0,mef_soft,0.2,146427.69662,146427.6965674504,5.2549614338204265e-05
M2__S1__D1__start001__ndays366__20260326T074443Z,M2,S1,D1,37,2024-02-06,True,True,False,0.009453202202716117,True,True,127363.48969226542,0.0,127363.48969226542,867711.5364111761,867711.5364111761,0.0,1619637.6482369048,65.1150091122432,0.30651831771266,5129.178917232765,22967.164610939235,6639.192940202603,0.29842653132628444,0.31338741572924456,0.1722760877174576,204906.5778691513,125150.20742634361,124030.33290353866,151.74540777120086,2704.7674562144966,2856.5128639856975,0.0,0.0,0.0,32512.424258086437,29238.03617953955,33809.59320273659,2458915.9484517556,12255.415244967404,5468.7017005352045,0.0,2476640.065397258,7357.15807975073,25155.26617810352,32512.424257854247,16452.115142885516,12785.921036945958,29238.036179831477,7293.900175145931,26515.693027155045,33809.59320230098,6583.619592048068,24249.67200021671,10473.94080039859,6583.619592,24249.672000000002,10473.940799999998,4.806770448340103e-08,2.1670712158083916e-07,3.9859151002019644e-07,107360.03944298434,1519.1696108284605,10751.450638452625,4176.0,2397.46,1159.37,0.0,0,mef_soft,0.2,126886.84626,126886.84576752436,0.0004924756503896788
M2__S1__D1__start001__ndays366__20260326T074443Z,M2,S1,D1,38,2024-02-07,True,True,False,0.003712886100527611,True,True,47288.531584022174,0.0,47288.531584022174,1484992.6863731886,1484992.6863731886,0.0,926371.8679562858,38.416914866440884,0.5305234349594522,5167.251423636003,33531.19448365189,15020.671003577774,0.5732728163496842,1.6186493827085608e-07,0.1843871513471732,74463.65512559796,62247.97524586938,53382.19297299644,140.28175264828192,2567.749134731558,2708.03088737984,0.0,0.0,0.0,32632.623663827286,27029.239427944507,32096.864156295367,2384389.8909528065,11329.576000519399,5191.667782467175,0.0,2400911.1347357933,23172.354840744854,9460.268836600133,32632.62367734499,4858.4036341352075,22170.835807156378,27029.239441291586,7166.277850670805,24930.586320997747,32096.864171668552,6583.619605581462,24249.67200412912,10473.940823243915,6583.619592,24249.672000000002,10473.940799999998,1.3581461644207593e-05,4.1291168599855155e-06,2.324391607544385e-05,33187.07975740438,1497.189016059849,10206.802810557943,0.0,2397.46,0.0,0.0,0,mef_soft,0.2,56090.224166,56090.22386037628,0.0003056237183045596
M2__S1__D1__start001__ndays366__20260326T074443Z,M2,S1,D1,39,2024-02-08,True,True,False,0.005583324059044043,True,True,40059.53048568598,0.0,40059.53048568598,1783216.7461132547,1783216.7461132547,0.0,752696.4877321578,29.681476388321954,0.5171027436810866,5275.751286063313,21102.90695745687,3744.787725423772,0.6457537730329775,0.19338135656639124,0.883298225182046,56089.9853155061,58208.10861767005,44050.886133413165,147.9703347894088,2531.8263749504536,2679.7967097398623,0.0,0.0,0.0,34729.93345536347,28510.661812519895,31647.8297093096,2507071.0149518177,11950.529003949472,5119.036451961935,0.0,2524140.580407729,22060.27510152293,12669.658355087191,34729.93345661012,4880.510225993067,23630.151587438235,28510.661813431303,20717.857820860794,10929.9718899871,31647.829710847895,6583.619592434066,24249.67200118384,10473.94080037322,6583.619592,24249.672000000002,10473.940799999998,4.340663508628495e-07,1.1838383215945214e-06,3.732220648089424e-07,24865.391641897797,1573.299003360137,10064.009840428052,0.0,2397.46,1159.37,0.0,0,mef_soft,0.2,46730.682948,46730.68284315303,0.00010484697122592479
M2__S1__D1__start001__ndays366__20260326T074443Z,M2,S1,D1,40,2024-02-09,True,True,False,0.009725699956805719,True,True,16067.129268800074,0.0,16067.129268800074,2078730.2594272164,2076389.2175096339,2341.041917582481,376813.88736619364,15.360077060772618,0.4258583962321338,4576.595988396525,33096.46245509084,16623.681147366035,0.8224601681724233,0.6386069791899638,0.8346670356592591,24227.357766065863,37557.02862865144,17885.067747918674,156.71331336626218,2534.241567831391,2690.9548811976533,0.0,0.0,0.0,33306.13888042819,30195.24342354701,31678.019596371687,2429536.219554373,12656.638233271857,5123.919670020271,0.0,2447316.777457665,27290.380546624565,6015.758334191746,33306.13888081631,12978.180993874244,17217.062430204696,30195.24342407894,27963.41223354677,3714.607363404431,31678.0195969512,6583.619592282838,24249.6720013718,10473.940801734365,6583.619592,24249.672000000002,10473.940799999998,2.828383003361523e-07,1.3717981346417218e-06,1.7343663785140961e-06,2060.1880171969447,1535.8710194733517,10073.610232129779,0.0,2397.46,0.0,0.0,0,mef_soft,0.2,20576.022660000002,20576.022629116327,3.088367520831525e-05
M2__S1__D1__start001__ndays366__20260326T074443Z,M2,S1,D1,41,2024-02-10,True,True,False,0.003097705115289548,True,True,13527.415196627364,0.0,13527.415196627364,2483554.264189123,2190793.14653052,292761.11765860324,86079.20284301222,3.7805897579939596,0.5300583290502088,6502.738845392014,18915.33577999025,14870.574901118482,0.8200297451382004,0.7563612608051904,0.7054743012428217,5290.663096272834,6238.106522380822,5698.668502811082,170.60452588079016,2153.5748589022346,2324.179384783025,0.0,0.0,0.0,30128.759064612925,25943.215870493957,26919.68573931871,2233755.9347725445,13778.534309863579,4354.259167686437,0.0,2251888.7282500947,28849.93215483018,1278.8269097653647,30128.759064595546,13866.538240347265,12076.677630137594,25943.21587048486,20895.731930212452,6023.953809087859,26919.68573930031,6583.619592,31178.233757267302,10473.940801357581,6583.619592,24249.672000000002,10473.940799999998,0.0,6928.5617572673,1.357582732453011e-06,0.0,1410.125132490984,8560.460064136383,0.0,2397.46,1159.37,0.0,0,mef_soft,0.2,8265.9353792,8022.847887594107,243.08749160589286
M2__S1__D1__start001__ndays366__20260326T074443Z,M2,S1,D1,42,2024-02-11,True,True,False,0.009795915723625157,True,True,49626.33371773395,0.0,49626.33371773395,877752.2819105026,877752.2819105026,0.0,1268191.1859083897,59.09713862114745,0.5587981828852436,8020.357303885255,34790.26086026102,19214.8143980388,0.34573313797722244,2.7377281444729383e-08,0.13166554466932706,86264.04791031512,90026.39180507144,52350.196801477985,127.95339436275985,2197.9838299652515,2325.9372243280113,0.0,0.0,0.0,29176.32193623556,26334.80265243946,27474.79786997189,2112505.1255258275,10333.90072860145,4444.048556354477,7325.323830220561,2134608.3986410038,13097.839681728101,16078.482252067,29176.3219337951,11209.879605393937,15124.923045080612,26334.80265047455,7177.612635961006,20297.185232469496,27474.797868430505,6583.61960160019,24249.672011335664,10473.940805199849,6583.619592,24249.672000000002,10473.940799999998,9.600190423952881e-06,1.1335661838529631e-05,5.1998504204675555e-06,35004.43405395944,1328.0839396626247,8736.985724111877,0.0,2397.46,1159.37,1000.0,0,mef_soft,0.2,54676.134094,54676.13402580599,6.819400732638314e-05
M2__S1__D1__start001__ndays366__20260326T074443Z,M2,S1,D1,43,2024-02-12,True,True,False,0.003841930371397473,True,True,58814.36891897992,0.0,58814.36891897992,1380579.1270723864,1374642.3346202653,5936.792452121127,1144939.5867706232,45.44164954710346,0.5192094140098522,7504.503929879633,25596.938857939444,12122.30739669715,0.4774424190501138,0.3596285302209969,0.17404586423844617,79827.38458062589,129648.49287468643,48383.61634340406,157.48225740369506,2674.6353479591917,2832.117605362887,0.0,0.0,0.0,32689.08064072604,30343.402208572836,33432.94185287591,2487502.229875164,12718.740465013323,5407.778344189355,0.0,2505628.7486843667,17074.48439584505,15614.596243966618,32689.08063981167,11812.23931638586,18531.16289169903,30343.402208084888,6251.574442994541,27181.367409426362,33432.9418524209,6583.619594996595,24249.67200031202,10473.940802144294,6583.619592,24249.672000000002,10473.940799999998,2.996594957949128e-06,3.1201852834783494e-07,2.144295649486594e-06,41704.85709886605,1529.0063119760673,10631.675508137785,1392.0,2397.46,1159.37,0.0,0,mef_soft,0.2,51215.733964,51215.733948766945,1.5233054000418633e-05
M2__S1__D1__start001__ndays366__20260326T074443Z,M2,S1,D1,44,2024-02-13,True,True,False,0.009861220514791746,True,True,85099.15425932223,0.0,85099.15425932223,1188371.9191537583,1185842.6270438998,2529.292109858452,1384606.995945922,53.86633465064429,0.5285163437968043,9102.022391675291,33240.3644170711,10445.770728683088,0.3848544576590027,0.31052041838523414,0.6161523813812787,147934.58020171087,187971.01912626927,113907.01339451452,156.9369913800606,2855.235941790491,3012.1729331705515,0.0,0.0,0.0,33496.19636382983,30238.341306677743,35690.44926876823,2536425.374894244,12674.70314198961,5772.930169855492,0.0,2554873.0082060895,13313.285447159751,20182.910916825145,33496.1963639849,10453.450670729737,19784.890636360942,30238.34130709067,15578.982896637264,20111.46637259268,35690.44926922994,6583.619592043417,24249.67200024864,10473.940805677035,6583.619592,24249.672000000002,10473.940799999998,4.3416548578534275e-08,2.486376615706831e-07,5.677036824636161e-06,68620.58390373494,1572.1774869701133,11349.562868617202,0.0,2397.46,1159.37,0.0,0,mef_soft,0.2,116919.18648,116919.18632768508,0.0001523149257991463
M2__S1__D1__start001__ndays366__20260326T074443Z,M2,S1,D1,45,2024-02-14,True,True,False,0.007579340421798504,True,True,136855.53159196352,0.0,136855.53159196352,438359.8391315588,425762.1117678025,12597.727363756267,2233185.5498804636,83.9875708007026,0.39205408791352414,7615.117518795676,25675.256877717493,5759.3251484195425,0.10265862025634737,0.4854356990211633,0.5304069874933977,239093.6399150503,203260.1105239265,164985.5025093643,160.61134072273325,2933.910375077877,3094.52171580061,0.0,0.0,0.0,34339.395212847405,30946.3084242236,36673.87969090312,2629835.5029612966,12971.454639184816,5932.000039627677,0.0,2648738.957640109,653.9496677766277,33685.445544972514,34339.395212749136,12924.270659711074,18022.037764535777,30946.30842424685,17653.670268772556,19020.209422103253,36673.87969087581,6583.619592143866,24249.67200071989,10473.94080342441,6583.619592,24249.672000000002,10473.940799999998,1.4386569091584533e-07,7.198868843261153e-07,3.424411261221394e-06,117007.71757986353,1612.0602711654278,11662.293740934561,4176.0,2397.46,0.0,0.0,0,mef_soft,0.2,168080.02424,168080.0242251649,1.483509549871087e-05
M2__S1__D1__start001__ndays366__20260326T074443Z,M2,S1,D1,46,2024-02-15,True,True,False,0.002335962015821768,True,True,96158.37223406356,0.0,96158.37223406356,742385.9758497364,742385.9758497364,0.0,1803403.6518568168,70.83867544395112,0.4419209964896725,6587.016709045373,20501.546073163776,10070.430550715562,0.25437957716246207,0.36601092546288694,0.32844427903113593,163219.75287471377,207779.8044876883,89578.07567237322,162.63329446436293,2878.8773065665932,3041.510601030956,0.0,0.0,0.0,32979.56096953953,31335.894886528116,35985.9663129805,2518175.68439724,13134.753700968256,5820.730054305797,0.0,2537131.1681525144,3478.8817582453094,29500.67921204421,32979.560970289516,12484.217307150262,18851.677580652482,31335.894887802744,17789.695574460606,18196.270740310236,35985.96631477084,6583.619592557312,24249.672001810373,10473.940821672062,6583.619592,24249.672000000002,10473.940799999998,5.57311977900099e-07,1.8103710317518562e-06,2.167206366721075e-05,80753.73393637406,1563.6410040872954,11443.53729360221,0.0,2397.46,0.0,0.0,0,mef_soft,0.2,92619.586424,92619.58627340417,0.00015059582074172795
M2__S1__D1__start001__ndays366__20260326T074443Z,M2,S1,D1,47,2024-02-16,True,True,False,0.009969375689141061,True,True,69064.40045658719,0.0,69064.40045658719,1428101.419032629,1421331.5510068517,6769.868025777438,1154481.0937276366,44.820072457041576,0.4869580959046078,9684.565587677758,24318.08858662714,5504.454624732837,0.49520985980941906,0.24164277599625808,0.7003342152048847,97463.39053458127,147452.11906086165,56005.017509570884,168.77162651945366,2888.688046684293,3057.4596732037467,0.0,0.0,0.0,32559.984859679884,32518.617823298973,36108.60054132962,2544369.8921773867,13630.503848320861,5840.566144929369,0.0,2563840.9621706367,18611.505252072275,13948.479601193552,32559.98485326583,10343.681434370463,22174.93638374251,32518.617818112973,19317.819595099165,16790.78094308702,36108.60053818618,6583.619593548323,24249.67200255899,10473.94085984795,6583.619592,24249.672000000002,10473.940799999998,1.5483228708035313e-06,2.5589870347175747e-06,5.9847950979019515e-05,52467.43260332629,1557.6028676908295,11482.534985570066,0.0,2397.46,1159.37,0.0,0,mef_soft,0.2,59062.477335999996,59062.47718277463,0.00015322536637540907
M2__S1__D1__start001__ndays366__20260326T074443Z,M2,S1,D1,48,2024-02-17,True,True,False,0.009681280244009934,True,True,77384.83654920693,1.0085666627945908e-06,77384.83654920693,759026.2130495491,739077.5051133214,19948.707936227864,1504068.3159171224,67.05174054293947,0.36632659989067956,8458.863271155955,21990.003413723887,10808.325949456223,0.2633336925880009,0.6988897575838781,0.6217925990350981,135084.32433807908,178881.97190015332,97311.38564034786,142.37814542244953,2583.452952154292,2725.8310975767413,3.6106950983683124e-07,3.272988566179021e-07,3.2019829633985745e-07,28207.641000240015,27433.168677601636,32293.16196191831,2216665.309040463,11498.88698174835,5223.418937637005,0.0,2233387.6149598486,2991.8361731285513,25215.8048267718,28207.64099990035,11583.957547225284,15849.211130069903,27433.168677295187,22381.582912246973,9911.57904937192,32293.16196161889,6583.61959203343,24249.672000126622,10473.940800168895,6583.619592,24249.672000000002,10473.940799999998,3.343029675306752e-08,1.2661985238082707e-07,1.6889680409803987e-07,58030.37746992331,1352.4035944703264,10269.225484813309,4176.0,2397.46,1159.37,0.0,0,mef_soft,0.2,100037.21808400001,100037.2167379246,0.0013460754125844687
M2__S1__D1__start001__ndays366__20260326T074443Z,M2,S1,D1,49,2024-02-18,True,True,False,0.006428012808089421,True,True,78490.53618658925,0.0,78490.53618658925,667129.6432410948,667129.6432410948,0.0,1511032.3877918324,69.37190008198202,0.3741840397264567,7288.648500595474,25410.06145844175,9808.719460696646,0.23814318139955046,0.3159029504499866,0.4419256001012153,151933.6578811111,148267.0610171832,85561.70120866664,138.30626829001488,2387.1870900894783,2525.493358379493,0.0,0.0,0.0,27456.067008068327,26648.606607267324,29839.838626105517,2151954.381717182,11170.029945363363,4826.593897777811,0.0,2167951.005560323,4459.065402811209,22997.001604985016,27456.067007796224,13090.959250932829,13557.647356175017,26648.606607107846,17001.948710059507,12837.88991589038,29839.838625949888,6583.619591800659,24249.672000101666,10473.940800498094,6583.619592,24249.672000000002,10473.940799999998,-1.9934122974518687e-07,1.0166331776417792e-07,4.980956873623654e-07,58572.366792134795,1304.270711348765,9489.06868310568,5568.0,2397.46,1159.37,0.0,0,mef_soft,0.2,88087.194476,88087.19456704613,-9.104612399823964e-05
M2__S1__D1__start001__ndays366__20260326T074443Z,M2,S1,D1,50,2024-02-19,True,True,False,0.008808977935072973,True,True,84740.01302811243,1.3003632314739378e-06,84740.01302811243,781373.009597099,773733.7819423408,7639.227654758226,1671697.7036644924,68.36003026474737,0.3926476855605267,9835.608062964728,27025.67126939286,5046.789696342016,0.252909578427623,1.0836347298405145e-07,0.39586438286075504,147842.28488167954,169105.7475748621,119423.68764017707,149.80510090954095,2581.947780754934,2731.752881664475,4.6256308343424133e-07,4.276994330839874e-07,4.101007149557088e-07,31761.730029825776,28864.18129106702,32274.347248425227,2415760.1788370404,12098.7102306855,5220.375669224842,0.0,2433079.2647369504,7256.440983265492,24505.289046353482,31761.73002961897,6293.332917288489,22570.84837365629,28864.181290944776,15742.8339887396,16531.513259581458,32274.347248321057,6583.619593207917,24249.67200180473,10473.94081178538,6583.619592,24249.672000000002,10473.940799999998,1.2079171938239597e-06,1.804728526622057e-06,1.1785381502704695e-05,63871.60392715381,1480.3366724576986,10263.242428500864,5568.0,2397.46,1159.37,0.0,0,mef_soft,0.2,122155.44052,122155.44052184155,-1.841544872149825e-06
M2__S1__D1__start001__ndays366__20260326T074443Z,M2,S1,D1,51,2024-02-20,True,True,False,0.007827107923197912,True,True,81391.4476042818,0.0,81391.4476042818,897758.5683098717,877550.111283276,20208.457026595825,1615735.910466683,64.803472059441,0.5679972205096699,9631.509588925072,27807.53092504274,8840.97964369525,0.2607763024944984,0.5789986754526545,0.5380960121927235,188031.2459384295,310700.4101550718,124834.46798098276,151.09526207411673,2498.6545200187074,2649.7497820928243,0.0,0.0,0.0,33215.58695338604,29112.767262903842,31233.18150956647,2460714.141499325,12202.907524359081,5051.9671078337915,0.0,2477969.016131518,6533.203302258911,26682.38365213629,33215.58695439521,10330.089440441066,18782.67782435307,29112.767264794144,10539.224400440771,20693.9571111118,31233.181511552568,6583.619591833805,24249.672000728307,10473.940801968414,6583.619592,24249.672000000002,10473.940799999998,-1.661946953390725e-07,7.283051672857255e-07,1.9684157450683415e-06,62203.47247164883,1522.9934155586222,9932.151717074365,4176.0,2397.46,1159.37,0.0,0,mef_soft,0.2,127484.21802,127484.21776307559,0.00025692440976854414
M2__S1__D1__start001__ndays366__20260326T074443Z,M2,S1,D1,52,2024-02-21,True,True,False,0.008492010381877569,True,True,71326.47531080504,1.1754706853437803e-06,71326.47531080504,1170128.133792501,1170128.1326694195,0.0011230813030836664,1306398.1127791211,52.751232302911056,0.34505499859395394,5006.456987706767,21018.632089433053,12024.92684053812,0.42192485718641376,0.3823319013818665,0.22214926987503006,139421.08834035706,120217.3897983639,83044.85380251738,148.1307459759335,2566.7365691374844,2714.867315113418,7.91917005581913e-07,3.7070055054809256e-07,1.2853129213774659e-08,33382.77265801442,28541.569552543515,32084.20711605431,2448745.2763965717,11963.48429348486,5189.620500753209,0.0,2465898.38119081,11711.77873703995,21670.993920199006,33382.77265723895,11049.106480464976,17492.46307226523,28541.56955273021,12792.208179249606,19291.998936798176,32084.207116047783,6583.619591999926,24249.672000704555,10473.94080043755,6583.619592,24249.672000000002,10473.940799999998,-7.366907084360719e-11,7.045528036542237e-07,4.375506250653416e-07,53251.420415554254,1531.447032929305,10202.7778623215,2784.0,2397.46,1159.37,0.0,0,mef_soft,0.2,85759.721556,85759.72111763079,0.0004383692139526829
M2__S1__D1__start001__ndays366__20260326T074443Z,M2,S1,D1,53,2024-02-22,True,True,False,6.697374706315228e-05,True,True,15248.8672498802,1.0876491669049457e-06,15248.8672498802,2787373.4463983476,2684581.484070101,102791.96232824678,0.008759099855835575,3.262743142360197e-07,0.4433833226906585,5752.34245560541,19635.92852348553,10046.526703056115,0.934958735112612,0.8097860799029162,0.7473705639413519,0.0005547807592966836,0.0004435011774661454,0.0003809811981751605,153.47934894017578,2535.09422272712,2688.5735716672957,3.3231597983547203e-07,3.789740948025717e-07,3.7635909226690194e-07,35772.10430969333,29572.126666291322,31688.67777759735,2652854.4929766706,12395.453545628508,5125.643631604698,0.0,2670375.5901539037,34002.49373985235,1769.6105700549701,35772.104309907314,15630.467280151228,13941.659386308249,29572.126666459477,19384.57520999931,12304.102567766766,31688.677777766075,6583.619791869588,24249.67422454508,10473.940806805005,6583.619592,24249.672000000002,10473.940799999998,0.00019986958795925602,0.0022245450782065745,6.805006705690175e-06,6.306981911513411e-05,1615.0376532412793,10076.999535340301,0.0,2397.459998228794,1159.37,0.0,0,mef_soft,0.2,2745.478521,2688.573952648494,56.904568351505986
M2__S1__D1__start001__ndays366__20260326T074443Z,M2,S1,D1,54,2024-02-23,True,True,False,0.008990172496458601,True,True,18527.076896255803,0.0,18527.076896255803,2249096.7576385746,2237769.479260963,11327.278377611576,458093.56832457264,16.99246438853226,0.6084501153921695,7255.122232574303,20463.13826794297,9444.4264443125,0.7606094182578927,0.9999999625072392,0.7913159876100921,28641.764920904716,53169.358277824234,9540.790945355633,161.7356840460652,2499.1157962695047,2660.85148031557,0.0,0.0,0.0,36382.24077329808,31162.947125235023,31238.94744940844,2664593.708519888,13062.25998575539,5052.899751172321,0.0,2682708.8682568157,28153.819397577307,8228.421388426945,36382.24078600425,26517.08436235891,4645.862777800396,31162.947140159307,20939.23968769212,10299.707776595846,31238.947464287965,6583.619593848507,24249.672002012172,10473.940807238114,6583.619592,24249.672000000002,10473.940799999998,1.8485070540918969e-06,2.0121697161812335e-06,7.238115358632058e-06,610.4265320800456,1641.8350740044798,9933.985290171282,2784.0,2397.46,1159.37,0.0,0,mef_soft,0.2,12201.6424556,12201.642425671203,2.9928796720923856e-05
M2__S1__D1__start001__ndays366__20260326T074443Z,M2,S1,D1,55,2024-02-24,True,True,False,1.0388422546051886e-10,True,True,15744.10670947623,9.73787249745752e-07,15744.10670947623,2572944.995875613,2188709.462577223,384235.5332983901,78511.83998683761,3.4629102989658094,0.47301851963728203,5842.635204441173,25299.493225271388,10858.434297337915,0.9061472779485332,0.7624187756627016,0.7318782559832331,4956.019844257167,9668.80288126203,1412.1709081336794,131.12307482693117,2371.2845107735848,2502.407585600516,3.0147614202818783e-07,3.666118745980493e-07,3.05699233119515e-07,29687.91733361823,25264.56162169789,29641.05639217128,2239379.7755042342,10589.893650184264,4794.440870220533,0.0,2254764.110024639,27329.179751787844,2358.7375815393625,29687.917333327205,20007.64232372531,5256.919297616356,25264.561621341665,23683.499170162206,5957.55722171372,29641.05639187592,6583.619596996009,24249.672004363256,10473.940800028651,6583.619592,24249.672000000002,10473.940799999998,4.996009010937996e-06,4.363253538031131e-06,2.865272108465433e-08,1.210962341618091e-06,1369.420780000818,9425.855930324999,1392.0,2397.459997939446,1159.37,0.0,0,mef_soft,0.2,4479.208457600001,3914.5784937341955,564.6299638658052
M2__S1__D1__start001__ndays366__20260326T074443Z,M2,S1,D1,56,2024-02-25,True,True,False,0.000904717906156742,True,True,14969.108509666774,0.0,14969.108509666774,2669851.094890377,2419634.139201326,250216.9556890515,1.3105003440711986,5.416106563626257e-05,0.4814972563970528,4805.373011039665,32878.68200621905,10870.2104598342,0.8992319914877239,0.8156733641020943,0.7436702912517863,0.08599160235885922,0.043980551910507634,0.03087385292851437,128.7278327413959,2502.6401341954906,2631.3679669368867,0.0,0.0,0.0,32233.070299793817,24803.050528766224,31283.001673939652,2388823.8608659124,10396.446699791124,5060.025521330926,0.0,2404280.3330870345,30188.71554105119,2044.3547587426265,32233.070299793817,20597.754756479208,4205.29577228702,24803.050528766224,24827.01312705494,6455.988546884718,31283.001673939652,6583.619706287765,24249.672100705957,10473.94080160807,6583.619592,24249.672000000002,10473.940799999998,0.00011428776542743435,0.00010070595453726128,1.6080721252365038e-06,1.1914305533671874e-05,1464.2839643253944,9947.994533427078,0.0,2397.46,1159.37,0.0,0,mef_soft,0.2,2631.4151033999997,2631.398840789815,0.016262610184639925
M2__S1__D1__start001__ndays366__20260326T074443Z,M2,S1,D1,57,2024-02-26,True,True,False,0.005734443455804365,True,True,19560.148406169094,1.5503463858149615e-05,19560.148406169094,2853815.364999469,2603552.814991392,250262.55000807694,217222.0858053686,7.70079476189368,0.5449058301049629,5906.193430111624,18166.06971028681,10450.454441355398,0.8648253581627796,0.6799317869134439,0.6963691624116727,14039.461995359981,16248.632077883774,2522.8058674270997,157.37922478201216,2763.521324590798,2920.90054937281,5.6079998642293205e-06,5.113153142425767e-06,4.782310851494529e-06,37444.79473497669,30323.550148268318,34544.01653446681,2790154.668240271,12710.419241199323,5587.494678549476,0.0,2808452.58216002,34730.63837095461,2714.1563723412464,37444.79474329586,24534.17575327636,5789.374404418029,30323.550157694386,22446.596145708503,12097.420398518341,34544.01654422685,6583.61959470357,24249.672007040423,10473.940822388387,6583.619592,24249.672000000002,10473.940799999998,2.703570316953119e-06,7.04042031429708e-06,2.2388388970284723e-05,537.4298402818399,1696.8913006388284,10984.997265248423,2784.0,2397.46,1159.37,0.0,0,mef_soft,0.2,5443.7064008,5443.70641679991,-1.5999909919628408e-05
M2__S1__D1__start001__ndays366__20260326T074443Z,M2,S1,D1,58,2024-02-27,True,True,False,0.009013986654431816,True,True,16491.18384444557,0.0,16491.18384444557,2816482.1148454314,2547043.1191983093,269438.9956471226,363679.8754938715,12.494485945830512,0.45730600630878476,9065.640146681364,25636.20455286947,10357.13993276757,0.8154870011628931,0.8115523473621346,0.6670294276918928,27703.17993515884,61614.71739815023,13082.523330372882,160.45426304953108,2525.7909944297926,2686.2452574793238,0.0,0.0,0.0,38927.20102316375,30916.042983532938,31572.38745131142,2879668.718733592,12958.768574166708,5106.833666878925,0.0,2897734.3209746373,34661.44357443829,4265.757448814766,38927.20102325306,23342.39197262792,7573.651011088385,30916.042983716303,22099.733211984883,9472.654239503658,31572.38745148854,6583.619592096844,24249.67200055576,10473.940801652801,6583.619592,24249.672000000002,10473.940799999998,9.684390533948317e-08,5.557594704441726e-07,1.6528028936591e-06,1166.0173714985106,1728.3172700886375,10040.019202858426,0.0,2397.46,1159.37,0.0,0,mef_soft,0.2,15768.768642400002,15768.768587852206,5.454779602587223e-05
M2__S1__D1__start001__ndays366__20260326T074443Z,M2,S1,D1,59,2024-02-28,True,True,False,0.009965318713946281,True,True,24418.50976313015,0.0,24418.50976313015,1151634.3913146309,1119154.6410945067,32479.75022012444,1746651.2095588255,60.947995104435726,0.5648396982656619,7493.755285573265,24510.792063816585,20447.749241384652,0.3161822456981028,0.9999995368202179,0.2840883002594659,134694.13791104284,224241.3106200146,64288.715589732885,159.85015224691875,2587.1854741372936,2747.0356263842123,0.0,0.0,0.0,38244.96475018092,30799.643976282783,32339.818427320457,2832619.0702773496,12909.978769946221,5230.96563059817,0.0,2850760.0146778943,9895.17874774594,28349.786000728483,38244.96474847443,26815.661924677548,3983.9820503397586,30799.64397501731,12263.146576704348,20076.67184959232,32339.818426296668,6583.619593081492,24249.67200197946,10473.940801177829,6583.619592,24249.672000000002,10473.940799999998,1.081491973309312e-06,1.979457010747865e-06,1.1778301995946094e-06,3299.254503141825,1710.3630002925909,10284.062259695744,5568.0,2397.46,1159.37,0.0,0,mef_soft,0.2,67035.751224,67035.7512161171,7.882903446443379e-06
M2__S1__D1__start001__ndays366__20260326T074443Z,M2,S1,D1,60,2024-02-29,True,True,False,0.004576462324540026,True,True,25167.017870509408,1.0739795596812454e-06,25167.017870509408,1996255.2007093825,1992176.3111072467,4078.88960213601,715976.0835480362,26.43780626825367,0.37751638592295267,3506.619257230494,21093.249762968135,5991.74406832136,0.7049088047811503,0.7395740676097281,0.8325494369969618,56666.54910442932,39141.88363958643,20791.20742555694,172.51667060110742,2731.330188816937,2903.8468594180445,3.8997105915589707e-07,3.247394121953261e-07,3.5926908833002224e-07,36486.61991244609,33240.206277407764,34141.6273580764,2682961.962328598,13932.964864900057,5522.408225515425,0.0,2702417.335419013,21089.143909522347,15397.476002534157,36486.6199120565,29352.334303961172,3887.8719731217375,33240.20627708291,23080.728507362895,11060.898850354239,34141.62735771713,6583.619593701569,24249.672006275236,10473.940803558635,6583.619592,24249.672000000002,10473.940799999998,1.7015690900734626e-06,6.275233317865059e-06,3.5586363082984462e-06,3505.788263856786,1679.362106105295,10857.037500547325,5568.0,2397.46,1159.37,0.0,0,mef_soft,0.2,23695.05433,23695.054284974984,4.502501542447135e-05
M2__S1__D1__start001__ndays366__20260326T074443Z,M2,S1,D1,61,2024-03-01,True,True,False,1.9808585803081716e-05,True,True,16974.21224475558,9.002574851862476e-07,16974.21224475558,2686059.5363671174,2657972.695668229,28086.840698888333,193662.87402678563,6.791291148311005,0.484853411453539,6361.4357882213,28287.412123702423,7756.896520137595,0.8807565116980136,0.8353647800869214,0.7002868772226163,11326.926197245357,10234.547479705823,4223.319372014357,170.60452587528556,2932.6030640954923,3103.207589970778,3.0534934461092063e-07,3.0182852287070967e-07,2.9307961770461734e-07,38407.85802035926,32816.18349989181,36657.53830505513,2820278.2640173924,13778.534309418945,5929.356820219322,0.0,2839986.1551470305,36296.41230354238,2111.4457165115236,38407.8580200539,25949.27543560062,6866.908063989367,32816.183499589984,28731.699357001737,7925.838947760307,36657.53830476205,6583.619598296497,24305.266132001827,10473.940800055128,6583.619592,24249.672000000002,10473.940799999998,6.29649730399251e-06,55.59413200182462,5.512993084266782e-08,1.1462759000343315e-06,1760.285063829721,11657.097179779583,0.0,2397.46,1159.37,0.0,0,mef_soft,0.2,7327.6545224,7326.526961985135,1.1275604148650018
M2__S1__D1__start001__ndays366__20260326T074443Z,M2,S1,D1,62,2024-03-02,True,True,False,0.006165840927142018,True,True,14306.131463801214,1.0204139910670855e-06,14306.131463801214,2361642.830488202,2361454.47404553,188.35644267174973,187965.17745268863,7.372861401700856,0.5356011029090406,7645.954604546844,17113.91540044823,18821.239207521205,0.8895460606806954,0.8847021627080396,0.7179875296481572,12590.744512553318,14567.907796457144,3748.3283107213047,148.9488232761287,2591.366246709815,2740.315069985944,3.360704712910074e-07,3.375072046561666e-07,3.468363151199117e-07,35564.750110855166,28754.789298499105,32392.078083094668,2525110.0538324127,12029.554675226245,5239.418630067188,0.0,2542379.027137706,33378.15065220339,2186.5994583505035,35564.75011055388,23828.54342468152,4926.2458735148575,28754.789298196378,23029.208962288958,9362.869120493651,32392.07808278261,6583.619626569813,24249.67207007723,10473.940801164807,6583.619592,24249.672000000002,10473.940799999998,3.4569812669360545e-05,7.007722888374701e-05,1.1648080544546247e-06,5.448061737303073e-05,1607.9905786490735,10300.680830671517,0.0,2397.46,0.0,0.0,0,mef_soft,0.2,6488.695900799999,6488.643380707248,0.052520092751365155
M2__S1__D1__start001__ndays366__20260326T074443Z,M2,S1,D1,63,2024-03-03,True,True,False,0.009618452150763826,True,True,17236.08757236827,9.869542935188678e-07,17236.08757236827,2165530.232394588,2055016.6376353004,110513.59475928781,690100.3563872427,25.139196540254105,0.523736841628912,9118.571042893904,22022.366090689433,12843.848603308119,0.6688094081332462,0.6461737537976627,0.587327621006529,49254.54838411745,57759.20383604422,12853.364851889435,142.48161648223896,2674.06123421758,2816.542850699819,3.4183511034783386e-07,3.285116175162652e-07,3.1660756565476884e-07,37045.968153211,27453.105362196697,33425.76542917774,2712204.288951715,11507.243615548252,5406.617557933698,0.0,2729118.1501251967,25776.64186464881,11269.326288220953,37045.96815286976,20343.69750218072,7109.407859688288,27453.105361869006,20224.293996674514,13201.471432187456,33425.765428861974,6583.619592956413,24249.67200342811,10473.940800020857,6583.619592,24249.672000000002,10473.940799999998,9.564128049532883e-07,3.428107447689399e-06,2.0858351490460336e-08,5.941945968408331e-07,1657.8641676743887,10629.393406014882,1392.0,2397.4599980848084,1159.37,0.0,0,mef_soft,0.2,15675.321572,15669.907702589255,5.413869410745974
M2__S1__D1__start001__ndays366__20260326T074443Z,M2,S1,D1,64,2024-03-04,True,True,False,0.004819456840025629,True,True,25311.89819336759,0.0,25311.89819336759,1959870.8210788672,1956387.2423080485,3483.578770818621,1099297.982487975,35.97549818179837,0.44754681663367274,9081.599809446257,20625.852583499556,10188.294225252332,0.5905541793161114,0.6458474416557255,0.48210639905778807,78201.4406685496,72206.76280710933,24222.780072647438,153.73017660432436,3186.391674328511,3340.121850932835,0.0,0.0,0.0,40968.124449304545,29620.457920372915,39829.89592924112,3024971.961178733,12415.711141712523,6442.485666532187,0.0,3043830.1579869776,24769.553522639035,16198.570926332359,40968.12444897139,22103.940359316322,7516.517560791068,29620.457920107394,19078.322542697253,20751.573386238437,39829.895928935686,6583.619592389412,24249.67200105105,10473.940800773646,6583.619592,24249.672000000002,10473.940799999998,3.8941197999520227e-07,1.0510484571568668e-06,7.73647116147913e-07,3063.065186345393,1850.0961015663797,12665.906905455835,4176.0,2397.46,1159.37,0.0,0,mef_soft,0.2,27562.901944,27562.901923580273,2.0419727661646903e-05
M2__S1__D1__start001__ndays366__20260326T074443Z,M2,S1,D1,65,2024-03-05,True,True,False,0.009991665587376604,True,True,41580.83867424301,2.334395438302924e-06,41580.83867424301,1098537.4130851477,1091850.7183705722,6686.694714575668,2022704.277115549,64.94360446506883,0.5904174612966713,13013.605138599849,26704.1144407059,7781.209949787666,0.28038456394425826,0.40576180399468526,0.5749954074287759,176247.96240196525,383740.59821140766,84666.49636887049,152.09943540192785,3157.3888206607962,3309.488256062724,1.3143083951407239e-06,6.276924701497303e-07,3.923945730124702e-07,41499.19884943645,29306.249596868023,39467.3602562226,3078844.7900329446,12284.007580576308,6383.845521859601,0.0,3097512.643135381,11660.556685353435,29838.642162768705,41499.19884812214,16921.84563042997,12384.403965810361,29306.249596240334,18917.121219792643,20550.23903603757,39467.36025583021,6583.619592090946,24249.67200023529,10473.940802318293,6583.619592,24249.672000000002,10473.940799999998,9.094583219848573e-08,2.3528627934865654e-07,2.31829471886158e-06,19434.02810617263,1863.360005943709,12550.620562126669,4176.0,2397.46,1159.37,0.0,0,mef_soft,0.2,87975.984614,87975.98462493322,-1.0933217708952725e-05
M2__S1__D1__start001__ndays366__20260326T074443Z,M2,S1,D1,66,2024-03-06,True,True,False,0.009995696338913843,True,True,105899.75665100523,0.0,105899.75665100523,767507.8545013947,742960.7657410072,24547.088760387567,2287593.57182643,75.48432784949283,0.40824498396598946,7556.358233385629,26514.20643411602,7525.294115018324,0.20765034548495534,0.25617168303835597,0.34503927377102817,239175.17864071846,163225.88597050044,118157.47194860286,141.42730455378774,3244.3603587822395,3385.7876633360274,0.0,0.0,0.0,41114.02892012529,27249.96234100773,40554.50448229983,3003417.321713794,11422.094215219722,6559.6911005571055,0.0,3021399.107029571,7962.822568091522,33151.20635203377,41114.02892012529,9932.537759379087,17317.42458162864,27249.962341007726,14605.544415424016,25948.960066875818,40554.50448229983,6583.619592045208,24249.672001013325,10473.940803667901,6583.619592,24249.672000000002,10473.940799999998,4.5208253141026944e-08,1.0133226169273257e-06,3.667903001769446e-06,83424.57618364788,1846.0180411980075,12896.332426159404,4176.0,2397.46,1159.37,0.0,0,mef_soft,0.2,121543.26004,121543.25961193889,0.00042806110286619514
M2__S1__D1__start001__ndays366__20260326T074443Z,M2,S1,D1,67,2024-03-07,True,True,False,0.005078112085883342,True,True,24024.6168184205,9.73382610077911e-07,24024.6168184205,1386543.9632016248,1386543.9629547095,0.0002469150795172609,1605310.6592069755,53.65603820840402,0.3623515970387916,8028.465044897789,21272.733336542842,11872.039451872331,0.4283912991455119,1.0596052809772107e-07,0.16265673380403115,110828.59787701382,72830.87050859877,42364.311911997094,133.2819158724139,3191.8038072145987,3325.0857230870124,3.702584286532131e-07,3.400151544471443e-07,2.6310902697755383e-07,40449.09722955478,25680.52329015046,39897.54759386122,2965492.591919611,10764.248142020822,6453.428322716191,0.0,2982710.268384348,17394.658171654643,23054.439057529882,40449.097229184525,5276.3452320235465,20404.1780577869,25680.523289810444,14418.679014058576,25478.868579539536,39897.54759359811,6583.61959214401,24249.672000662835,10473.94080027171,6583.619592,24249.672000000002,10473.940799999998,1.4401030057342723e-07,6.628324626944959e-07,2.717115421546623e-07,7130.40854119239,1809.3281435500776,12687.420133678032,0.0,2397.46,0.0,0.0,0,mef_soft,0.2,45689.397636,45689.397635084104,9.158975444734097e-07
M2__S1__D1__start001__ndays366__20260326T074443Z,M2,S1,D1,68,2024-03-08,True,True,False,0.0016088501366850927,True,True,16771.558590619097,9.95131263083338e-07,16771.558590619097,3061262.3987761857,2827955.672932812,233306.72584337412,79589.6412121664,2.7373482650457444,0.46993218538320036,5247.948197306031,18931.225956388826,11701.328928036988,0.9088079295786304,0.8412362216076582,0.7451523726935607,4955.348343179168,6112.59055366758,3209.6825579025935,142.5781520215994,2875.024094115227,3017.6022461368266,3.0121482779193766e-07,3.0281415988009423e-07,3.911022754113061e-07,39763.8901727919,27471.705590125544,35937.801177047615,2865809.495360244,11515.040115871581,5812.939340289319,0.0,2883137.4748164047,36992.805535457046,2771.0846370369773,39763.89017249402,7608.23080503151,19863.474784794358,27471.705589825866,21536.65835936835,14401.142817291158,35937.80117665951,6583.619592488936,24249.672002673065,10473.940800053353,6583.619592,24249.672000000002,10473.940799999998,4.889361662208103e-07,2.6730631361715496e-06,5.335459718480706e-08,18.64000498806595,1767.867811523,11428.220774108027,0.0,2397.46,1159.37,0.0,0,mef_soft,0.2,6251.3780776,6227.28480403942,24.0932735605802
M2__S1__D1__start001__ndays366__20260326T074443Z,M2,S1,D1,69,2024-03-09,True,True,False,1.4026329272974998e-05,True,True,15274.564981914556,0.0,15274.564981914556,3047597.415415396,2479606.450039192,567990.9653762039,65811.8807162205,2.5855035269070794,0.5659516561000103,7799.788997523127,15126.520791752171,10173.885203066126,0.8800040570250754,0.739666286494614,0.6554683540140707,4586.811662824976,12973.937608015745,1836.972994924666,127.95339447779564,2563.6603215441664,2691.613716021962,0.0,0.0,0.0,33964.18420852452,24618.411922370884,32045.754017227453,2521099.1838845825,10333.900737841255,5183.400712674022,0.0,2536616.4853350976,31495.958327896846,2468.225880627673,33964.18420852452,18629.505959211798,5988.905963159086,24618.411922370884,21388.651252466017,10657.102764761437,32045.754017227453,6583.619613236018,24285.093313008558,10473.940801844821,6583.619592,24249.672000000002,10473.940799999998,2.1236018255876843e-05,35.421313008555444,1.8448226910550147e-06,1.655126669252179e-05,1527.185187225231,10190.549778138064,0.0,2397.46,1159.37,0.0,0,mef_soft,0.2,4538.9523396,4528.586710946628,10.365628653372369
M2__S1__D1__start001__ndays366__20260326T074443Z,M2,S1,D1,70,2024-03-10,True,True,False,0.008784775304459896,True,True,16559.640451933694,1.0001000000000002e-06,16559.640451933694,2739459.444904804,2372152.7444219245,367306.70048287965,241165.33769431707,9.228319328775452,0.6016480740649633,5668.693097029286,33884.634138316476,10871.383662809569,0.8545562186972625,1.0,0.6243245999413273,17547.588875399833,41226.74504155872,5014.5821208184025,127.95339430799999,2525.8500480735993,2653.8034423815993,0.0,0.0,1.0001000000000002e-06,35358.975711876854,24544.940426389498,31573.125603764915,2589661.646466201,10333.900724111998,5106.953065948809,0.0,2605102.5002562623,30571.151893945367,4787.8238179314885,35358.975711876854,23560.48805555312,984.4523708363762,24544.940426389498,15386.346053075264,16186.779549689549,31573.125602764812,6583.619592,24393.986086619065,10473.940799999998,6583.619592,24249.672000000002,10473.940799999998,0.0,144.31408661906244,0.0,0.0,1570.5565108411324,10040.25394109256,1392.0,2397.46,1159.37,0.0,0,mef_soft,0.2,7668.3855631999995,7668.385563200001,-1.8189894035458565e-12
M2__S1__D1__start001__ndays366__20260326T074443Z,M2,S1,D1,71,2024-03-11,True,True,False,0.004538813537363987,True,True,17535.41989866398,6.629160225202213e-07,17535.41989866398,2566099.9311598544,2449558.2720194105,116541.65914044385,378921.2545242009,13.396641233151893,0.4557785094896601,6426.858859178324,35646.60332767546,11616.921207788202,0.8147907956192726,0.4394721531901241,0.8189075135368008,30584.23267065872,84769.76478765567,13370.865194674827,139.23861988374847,2731.0196088705206,2870.258228754269,2.071851668006275e-08,-4.115477167943027e-07,1.0537452226344612e-06,39172.12746452793,26972.56450007155,34137.74511297286,2797178.9952615406,11245.329462518705,5521.78027168508,0.0,2813946.104995745,35100.36245798823,4071.7650062817434,39172.12746426997,18213.01020411909,8759.554296302776,26972.564500421868,28730.840011422937,5406.905100407432,34137.745111830365,6583.6195919999245,24249.672045669126,10473.940800041924,6583.619592,24249.672000000002,10473.940799999998,-7.548806024715304e-11,4.5669123210245743e-05,4.1925886762328446e-08,0.0,1730.7869534036558,10855.80294526032,1392.0,2397.46,1159.37,0.0,0,mef_soft,0.2,16268.004725600002,16241.123423429097,26.881302170904746
M2__S1__D1__start001__ndays366__20260326T074443Z,M2,S1,D1,72,2024-03-12,True,True,False,0.009260962308984693,True,True,70926.35187375265,1.95286948446624e-06,70926.35187375265,899711.6935575542,899707.887257363,3.8063001910946985,1735721.3139193614,65.86104886233933,0.4527529879954688,6243.134322353242,30936.097789447766,10348.306888734143,0.2980770621773025,0.3636387262655689,0.33947914401481255,181396.43601154452,251522.28807876667,79502.14991011075,135.48450709188882,2709.033523740204,2844.518030832093,8.358062874574549e-07,5.511959077052515e-07,5.658672893035338e-07,36835.84607916903,26104.91470594082,33862.91904696713,2614420.987585141,10942.136029435433,5477.327155834502,0.0,2630840.4507704107,14821.993643280644,22013.852436076217,36835.84607935686,11810.482006206666,14294.432700188638,26104.914706395306,17350.767118780364,16512.15192862851,33862.91904740887,6583.6195920669625,24249.672000259554,10473.940800182689,6583.619592,24249.672000000002,10473.940799999998,6.696245691273361e-08,2.5955159799195826e-07,1.826902007451281e-07,52171.23196906694,1645.8816497438158,10768.408256867311,2784.0,2397.4599980745515,1159.37,0.0,0,mef_soft,0.2,82346.667938,82346.66794094285,-2.942848368547857e-06
M2__S1__D1__start001__ndays366__20260326T074443Z,M2,S1,D1,73,2024-03-13,True,True,False,0.009728605458102536,True,True,71598.18123428592,6.102690818218264e-07,71598.18123428592,805185.3989718958,803045.6244244513,2139.774547444473,1788960.864938268,69.01837909279729,0.39933283802051794,9220.7640047562,22262.5180650934,5198.772725301974,0.26634060967110024,0.3605664891138033,0.6933563065716839,187149.086403888,152933.397400146,81098.36450969466,133.40286399156184,2670.5808386525478,2803.9837026441096,2.8859078936745297e-07,1.6038867800538887e-07,1.6128961444898454e-07,36222.35245547409,25703.827358875893,33382.26048344302,2568354.0496732574,10774.0162756666,5399.580633153392,3.318797908917563e-07,2584527.6465824093,5923.055993838623,30299.296461346872,36222.35245518549,10398.03038408097,15305.796974634533,25703.827358715505,18038.69777893273,15343.562704348999,33382.26048328172,6583.619592002893,24249.672000010738,10473.94080009085,6583.619592,24249.672000000002,10473.940799999998,2.8931026463396847e-09,1.0735675459727645e-08,9.085124474950135e-08,55806.50294203506,1619.2894598503367,10615.558833643876,0.0,2397.459997866869,1159.37,8.897462320263474e-07,0,mef_soft,0.2,83902.348212,83902.34821233877,-3.387685865163803e-07
M2__S1__D1__start001__ndays366__20260326T074443Z,M2,S1,D1,74,2024-03-14,True,True,False,0.009990501582407291,True,True,48231.566073271264,0.0,48231.566073271264,1497879.9577585652,1497879.9577585652,0.0,1027518.8437093701,40.68738937834711,0.4966603018584223,4883.065850924874,19126.842845119798,13024.691998391727,0.5435659316969514,0.6362983837491762,0.6415813634946872,97838.06401965744,79661.32618646522,39397.839732468,134.07161543483002,2667.741950372835,2801.8135658076653,0.0,0.0,0.0,35280.29761775293,25832.681200054285,33346.77437488559,2499831.6169716357,10828.026652370188,5393.840755993155,0.0,2516053.484379999,14695.288098410334,20585.0095202665,35280.297618676836,11086.663522683228,14746.01767870844,25832.681201391668,23094.997248426433,10251.7771278371,33346.77437626353,6583.619592250615,24249.672001320112,10473.940804526505,6583.619592,24249.672000000002,10473.940799999998,2.5061490305233747e-07,1.3201097317505628e-06,4.526506018009968e-06,33641.67840842957,1588.153412109678,10604.274252732022,0.0,2397.46,0.0,0.0,0,mef_soft,0.2,42199.653372,42199.65329827566,7.372433901764452e-05
M2__S1__D1__start001__ndays366__20260326T074443Z,M2,S1,D1,75,2024-03-15,True,True,False,0.00329023838045353,True,True,58165.80308058968,0.0,58165.80308058968,987175.7597102025,987175.7597102025,0.0,1578070.3912200376,61.517308607900226,0.4435035688984768,10901.14010272234,12411.148587680911,5438.992627910986,0.3310071769579614,0.999999985828098,0.481605644583304,151337.81611635318,233583.3586232462,59513.79540688485,135.66553054077704,2569.1970421767182,2704.8625727174954,0.0,0.0,0.0,36151.88639518856,26139.793939258787,32114.96302977529,2539699.7333192285,10956.756027365902,5194.595269766862,0.0,2555851.084616361,11210.698318690384,24941.188078275332,36151.88639696571,16291.925411249998,9847.868529879235,26139.793941129235,14311.610750489217,17803.35228134781,32114.963031837025,6583.619591998228,24249.67200017725,10473.94080139183,6583.619592,24249.672000000002,10473.940799999998,-1.7716956790536642e-09,1.7724596546031535e-07,1.3918306649429724e-06,42786.22417456024,1610.1906633769981,10212.558242652456,0.0,2397.46,1159.37,0.0,0,mef_soft,0.2,62218.658004,62218.65797960234,2.4397653760388494e-05
M2__S1__D1__start001__ndays366__20260326T074443Z,M2,S1,D1,76,2024-03-16,True,True,False,0.009095548473288988,True,True,48170.38179797078,1.2807441759838017e-07,48170.38179797078,741097.6678391878,741053.120700588,44.5471385997609,1547592.0736393793,67.62044538256602,0.4033602282054181,4650.5750471748215,33941.445883084096,13247.945393809938,0.2757003791610084,0.0,0.026025076423044836,143857.25822819083,135591.67939896585,56214.398684056774,113.99167682246848,2138.6167030771535,2252.608379899622,1.2807441759838017e-07,0.0,0.0,32969.33563721401,21963.714224243697,26732.708789974793,2267292.8417855036,9206.310454124447,4324.015646534357,0.0,2280823.1678861626,11194.438112872518,21774.897524176195,32969.335637048716,12682.135610462417,9281.578613727066,21963.714224189484,7018.8971939433295,19713.811595948508,26732.70878989184,6583.619592004085,24249.672000020488,10473.940800020613,6583.619592,24249.672000000002,10473.940799999998,4.084540705662221e-09,2.0485458662733436e-08,2.061460691038519e-08,38231.16599884362,1438.2144043954763,8501.001394731686,0.0,0.0,0.0,0.0,0,mef_soft,0.2,58467.007064,58467.00706395639,4.360481398180127e-08
M2__S1__D1__start001__ndays366__20260326T074443Z,M2,S1,D1,77,2024-03-17,True,False,True,0.10834108708700219,False,False,35369.415517707646,9.295264733426924e-06,35369.415517707646,624528.100382995,608496.1391212849,16031.961261709987,1693777.2915596631,73.56977103534966,0.4304213359419051,7253.244092624313,30632.872919293684,10600.980074905807,0.19866591141120768,0.27936756417593844,0.724289330351882,148730.448871809,183250.27584063524,50059.571411565914,127.95339431710325,2162.5466486174146,2290.5000429345178,4.120806993157194e-06,2.9597369253207424e-06,2.2147208149489866e-06,30974.25917807535,22701.57260938103,27031.833102231627,2274362.282521029,10333.900724973244,4372.399005378816,2725.238600693593,2291793.8208520743,3332.0916577295893,27642.1675242747,30974.25918200429,9627.889853347555,13073.68276115701,22701.572614504563,12242.674418108109,14789.158689999647,27031.833108107756,6583.619593410178,24249.672003012707,10473.940803606429,6583.619592,24249.672000000002,10473.940799999998,1.4101779015618376e-06,3.012704837601632e-06,3.6064302548766136e-06,17038.99381101997,1388.0087784334587,8596.122928254224,1392.0,4794.92,1159.37,1000.0,0,mef_soft,0.2,52350.071524,52350.07145450043,6.949956878088415e-05
M2__S1__D1__start001__ndays366__20260326T074443Z,M2,S1,D1,78,2024-03-18,True,True,False,0.009738194250134509,True,True,116477.00645020536,0.0,116477.00645020536,533033.352789175,532965.3807003275,67.9720888474887,2058778.4917893114,79.43603199538546,0.33277191714436033,10615.798787875528,32162.77113882753,11265.739717378558,0.16556833277857222,0.0,0.05985454582159653,244448.2284572845,209117.64443680417,67470.0776079846,132.79542325368467,2432.5349699343474,2565.330393188032,0.0,0.0,0.0,35049.451571830825,25586.786755690737,30406.68712835136,2567651.24063598,10724.957535840937,4918.281642404263,0.0,2583294.4798142253,5756.107632716818,29293.343940423518,35049.45157314034,5192.341736698027,20394.445021296582,25586.786757994607,10409.146796059877,19997.54033421943,30406.687130279308,6583.619592020566,24249.672000637267,10473.940800573526,6583.619592,24249.672000000002,10473.940799999998,2.0566403691191226e-08,6.372647476382554e-07,5.735273589380085e-07,93341.67325442257,1557.1766902937486,9669.32650548903,8352.0,2397.46,1159.37,0.0,0,mef_soft,0.2,70035.408062,70035.40800117263,6.082736945245415e-05
M2__S1__D1__start001__ndays366__20260326T074443Z,M2,S1,D1,79,2024-03-19,True,True,False,0.009922140308330893,True,True,109309.82096587909,0.0,109309.82096587909,933386.0686576776,931023.2460659225,2362.8225917549703,1625472.2380910194,63.58205004328623,0.4555138255358564,7661.105210069204,25526.42831323644,11148.932595314958,0.3223152125765913,0.07148264887183375,0.2838933809313858,190489.84084172957,152590.9156376918,64154.04283600181,135.01678817411351,2511.8465495594796,2646.863337733593,0.0,0.0,0.0,34564.39784799563,26014.79540968346,31398.081869731697,2532544.592433658,10904.361643749793,5078.639742393346,0.0,2548527.593819801,11922.148783532823,22642.24906456239,34564.397848095214,4258.4426007477205,21756.35280900107,26014.79540974879,6693.980189886453,24704.101680105494,31398.081869991947,6583.6195921021845,24249.67200056326,10473.940800628092,6583.619592,24249.672000000002,10473.940799999998,1.021844582282938e-07,5.632573447655886e-07,6.280934030655771e-07,90041.60505986368,1550.7958715164082,9984.590034498933,4176.0,2397.46,1159.37,0.0,0,mef_soft,0.2,66800.90634,66800.9061737354,0.00016626459546387196
M2__S1__D1__start001__ndays366__20260326T074443Z,M2,S1,D1,80,2024-03-20,True,True,False,0.009454680598556859,True,True,66090.13566876228,1.0134653125196184e-06,66090.13566876228,1325154.9552399092,1325154.9552399092,0.0,1134007.0692410471,46.113556485990244,0.38027081143137864,4471.464824655512,22521.16415298836,8746.275640272352,0.5103141785646416,2.8577491997999383e-07,0.4576630791003891,101946.25389946204,79851.9018016116,34140.736492526885,127.95339431343493,2324.0864899829085,2452.039884296343,3.515538252665189e-07,3.3288871353019705e-07,3.2902277372290235e-07,34419.46053690299,24410.011600113947,29051.08112545609,2438158.039012026,10333.900724551755,4699.012371934575,0.0,2453190.952108512,17826.576010175588,16592.88452640152,34419.46053657711,994.2601399557524,23415.75145985104,24410.011599806792,12594.13914194933,16456.94198320282,29051.081125152148,6583.619592108711,24493.493601822218,10473.94080030883,6583.619592,24249.672000000002,10473.940799999998,1.0871099220821634e-07,243.8216018222156,3.088316589128226e-07,47598.71602217733,1520.3458489028853,9238.24379768206,4176.0,2397.46,1159.37,0.0,0,mef_soft,0.2,36592.776378,36592.776376823225,1.1767770047299564e-06
M2__S1__D1__start001__ndays366__20260326T074443Z,M2,S1,D1,81,2024-03-21,True,True,False,0.009944202457283316,True,True,37246.75734876388,2.8306189624847294e-06,37246.75734876388,1581699.1524926107,1567514.9040385485,14184.248454062152,968002.8344933137,38.177718884893906,0.5229716513487841,8725.308195780139,25417.811375361784,6680.776124170284,0.5524637016691053,0.9999999698344006,0.6651484430620648,77047.5214826433,89543.36802203796,31747.189788934687,127.95339431635429,2109.993471807653,2237.946866124007,1.3080030857729723e-06,7.868097786759943e-07,7.358060980357627e-07,35561.97412583142,23142.249218249322,26374.918397174435,2509145.038683856,10333.900724807861,4266.143050888399,0.0,2523745.082459552,18864.22134365772,16697.7527808657,35561.97412452342,5841.036861983854,17301.21235547866,23142.249217462515,12541.261941135479,13833.65645530315,26374.918396438632,6583.6195924884205,26005.07758542378,10473.940800537372,6583.619592,24249.672000000002,10473.940799999998,4.88420482724905e-07,1755.4055854237777,5.373731255531311e-07,23763.751187657635,1538.952110670824,8387.22405043542,0.0,2397.46,1159.37,0.0,0,mef_soft,0.2,33985.136652,33985.1366550587,-3.0586961656808853e-06
M2__S1__D1__start001__ndays366__20260326T074443Z,M2,S1,D1,82,2024-03-22,True,True,False,0.009754590771209427,True,True,34676.67066015865,5.380423920683421e-06,34676.67066015865,1044722.3138963879,1041891.8272678723,2830.4866285157914,1526397.7411129554,59.43246275283786,0.40941885435148023,7579.023602852493,23758.132392838812,10869.763148612683,0.3334279967841023,0.8972982360975913,0.8077564853150234,126707.372047132,133075.0622984804,51543.637760701036,127.9533943263722,2130.176944000476,2258.1303383268482,2.4038120980255654e-06,1.7381293537397173e-06,1.2384824689181382e-06,36034.74196572136,21521.17984069279,26627.211799460623,2534239.4436507393,10333.900725647862,4306.951508716813,6823.436842113282,2555703.732727217,8550.241940975053,27484.50002234249,36034.741963317545,16334.444828535323,5186.7350104193365,21521.17983895466,21609.891950624682,5017.319847597459,26627.21179822214,6583.6195927827985,24249.67200510449,10473.940800697092,6583.619592,24249.672000000002,10473.940799999998,7.827984518371522e-07,5.1044880819972605e-06,6.970931281102821e-07,17315.82157088374,1552.5657368730076,8467.453352401892,2784.0,2397.46,1159.37,1000.0,0,mef_soft,0.2,53801.768081999995,53801.76809902788,-1.70278872246854e-05
M2__S1__D1__start001__ndays366__20260326T074443Z,M2,S1,D1,83,2024-03-23,True,False,True,0.0497480481893291,False,False,16964.03759704137,0.0,16964.03759704137,1060211.2690181567,1058773.7289612554,1437.5400569014448,1345151.5785096511,55.95646313673707,0.4702975158729025,7522.659802017971,12345.930990912757,6660.107988178827,0.3957286601723674,0.6666667215092316,0.4118045323715818,95267.47311368873,92557.24453169484,44113.8814760416,127.95339439085792,1862.257548130815,1990.210942521673,0.0,0.0,0.0,33990.33484351096,20123.042726657914,23278.219292184847,2376267.7451995844,10333.900730803854,3765.2519801269914,6324.711518220345,2396691.6094287354,12143.081526304968,21847.25331551109,33990.33484181606,18106.65745158193,2016.385273980407,20123.042725562336,11968.765390356053,11309.453900671731,23278.219291027788,6583.61960190746,24249.67201233364,10473.940841202519,6583.619592,24249.672000000002,10473.940799999998,9.907459570968058e-06,1.2333639460848644e-05,4.120252015127335e-05,761.3136118946263,1459.4202313267606,7402.473753819991,2784.0,2397.46,1159.37,1000.0,0,mef_soft,0.2,46104.092158,46104.09241856327,-0.00026056326896650717
M2__S1__D1__start001__ndays366__20260326T074443Z,M2,S1,D1,84,2024-03-24,True,True,False,9.221467840451159e-09,True,True,10101.017025153738,0.0,10101.017025153738,1396070.6441730252,1378814.335156624,17256.30901640118,999100.4635803541,42.01582260689168,0.500569020876882,5443.546624297053,34098.12079752863,10535.19024189038,0.5131663262896281,0.14474187116270293,0.5886384608295057,82030.99521546814,86093.2210466236,34151.613566342094,111.95872492315759,1880.192060844737,1992.1507857678946,0.0,0.0,0.0,34633.51893029944,21572.008625332433,23502.4008014884,2352455.3637610506,9042.12314812933,3801.5133230207402,0.0,2365299.0002322006,16245.596815632234,18387.922114667213,34633.51893029944,10272.448210923538,11299.560414408896,21572.008625332433,13782.25556844963,9720.14523303877,23502.4008014884,6583.619750729209,24249.67204272143,10473.940800271974,6583.619592,24249.672000000002,10473.940799999998,0.0001587292090334813,4.272142905392684e-05,2.7197529561817646e-07,8.746545663948239e-05,1467.8834958304512,7473.76344185783,0.0,0.0,1159.37,0.0,0,mef_soft,0.2,36147.12576,36143.76435210999,3.361407890013652
M2__S1__D1__start001__ndays366__20260326T074443Z,M2,S1,D1,85,2024-03-25,True,True,False,0.009982572324294921,True,True,34861.41650177732,4.4899179569848015e-07,34861.41650177732,1490271.9850472286,1489587.2159540267,684.7690932022172,1283429.5927993942,46.282791678292995,0.4115740291328849,5598.6960265996395,14662.178381957494,8153.2546996057135,0.496237682673803,0.42909310074660645,0.138237781410981,118140.33883910318,135084.34606452024,41452.06390288079,136.39096987843192,2212.1319412819776,2348.5229111604094,4.4899179569848015e-07,0.0,0.0,40220.06225252444,26279.570346570214,27651.649262062983,2748144.863373625,11015.344688810188,4472.654268879245,0.0,2763632.862331315,21093.206805170164,19126.855445415396,40220.06225058556,9514.703235955567,16764.86710939672,26279.570345352287,10143.058476766826,17508.59078429493,27651.649261061753,6583.61959166425,24249.6720008961,10473.94080416044,6583.619592,24249.672000000002,10473.940799999998,-3.3574997360119596e-07,8.960960258264095e-07,4.160441676503979e-06,20796.62811613639,1714.7339190450598,8793.22446659586,0.0,2397.46,1159.37,0.0,0,mef_soft,0.2,43800.586811999994,43800.586814041206,-2.0412117009982467e-06
M2__S1__D1__start001__ndays366__20260326T074443Z,M2,S1,D1,86,2024-03-26,True,True,False,0.0003252366007403521,True,True,14749.87518536213,7.172017457197843e-07,14749.87518536213,2176400.6947424407,2173819.6213795254,2581.073362915584,622376.6200081431,22.25797355693734,0.5907500169679838,5463.006992304056,22249.257923281926,10004.927566281627,0.7375067727341064,0.06796882461194272,0.4797210637984619,37060.01455327113,24094.738033890302,17467.78726932219,145.2327382328022,2382.053386276521,2527.286124509323,2.423258201232876e-07,2.2566092824281396e-07,2.4921499735368275e-07,39521.72104381468,27983.186551761162,29775.667332697514,2768926.2940020543,11729.43247739218,4816.214190379171,0.0,2785471.9406698258,35215.216268498145,4306.50477507421,39521.721043572354,7563.391486473354,20419.79506506215,27983.186551535502,9872.258952597982,19903.408379850316,29775.667332448298,6583.619595270089,24249.672006736233,10473.940800191609,6583.619592,24249.672000000002,10473.940799999998,3.2700891097192653e-06,6.7362307163421065e-06,1.9161052478011698e-07,7.109103859775497,1717.2738723773778,9468.662210449173,0.0,2397.4599986758067,1159.37,0.0,0,mef_soft,0.2,20160.67852,19995.073393831513,165.6051261684879
M2__S1__D1__start001__ndays366__20260326T074443Z,M2,S1,D1,87,2024-03-27,True,True,False,1.7815546976233655e-10,True,True,15309.896869550796,1.0221465676946883e-06,15309.896869550796,2819663.6902759476,2719741.7061412605,99921.98413468739,119809.2557118876,4.2193028870204765,0.43051454462363364,4546.098044767367,24283.434325667156,10169.415294520006,0.8813456628384377,0.8524930792458424,0.6589804692199076,8019.598569494015,9102.64028301895,3375.024312456322,146.38898824527382,2519.992940571485,2666.381928816759,2.419423720033272e-07,2.815429052783629e-07,4.986612904129983e-07,39662.43665040935,28205.97076478597,31499.911757438484,2798983.9282540837,11822.81470383266,5095.1107267198295,0.0,2815901.8536846363,35400.122846662125,4262.3138035451675,39662.436650207295,11913.751365285669,16292.219399258194,28205.97076454386,19155.31164769035,12344.600109288886,31499.911756979236,6583.619592731546,24249.672002395386,10473.940800371369,6583.619592,24249.672000000002,10473.940799999998,7.315456969081424e-07,2.3953834897838533e-06,3.713703335961327e-07,2.3989973040895354e-06,1736.0949302275944,10016.971938771656,0.0,2397.4599981525507,1159.37,0.0,0,mef_soft,0.2,6058.98431,6041.406241273081,17.5780687269189
M2__S1__D1__start001__ndays366__20260326T074443Z,M2,S1,D1,88,2024-03-28,True,True,False,0.0,True,True,15640.61015313439,1.0001e-06,15640.61015313439,2764942.534067653,2742990.4209788153,21952.113088837992,196219.02701127122,6.675911685894018,0.6597072574524131,6167.448960094447,24565.20510787264,6053.401583035532,0.8940039102650554,0.6769129373277658,1.0,13582.82273468392,13589.59767143617,4301.842806593111,149.96686859032928,2602.56837841656,2752.535247006889,0.0,0.0,1.0001e-06,39384.953915224796,28895.35040515632,32532.104731578467,2921552.6622351413,12111.775074821275,5262.067940110982,0.0,2938926.5052500735,36298.303731616266,3086.6501836085326,39384.953915224796,12070.226301605762,16825.124103550563,28895.35040515632,28072.436794925605,4459.667935652764,32532.104730578365,6583.619592,24249.672000000002,10473.940799999998,6583.619592,24249.672000000002,10473.940799999998,0.0,0.0,0.0,0.0,1738.5708489285616,10345.209304205826,0.0,2397.46,1159.37,0.0,0,mef_soft,0.2,7054.3780535999995,7054.3780536,-9.094947017729282e-13
M2__S1__D1__start001__ndays366__20260326T074443Z,M2,S1,D1,89,2024-03-29,True,True,False,0.009761396058664773,True,True,18527.475713717424,0.0,18527.475713717424,1329667.0172108063,1326497.9561592,3169.0610516062316,1393822.4287780598,51.23743646137498,0.6919653438780037,7296.782674330539,34971.03498280103,9501.153144532807,0.43936423946538794,0.02532255329020227,0.49137856889020787,114247.00390831831,163016.38037270334,35240.627459647105,160.60710197753295,2544.998726554513,2705.605828532046,0.0,0.0,0.0,38196.161340655686,30945.491710889073,31812.484081823073,2691997.647280967,12971.112305376191,5145.669300255151,0.0,2710114.4288865984,22055.73883240344,16140.422508039774,38196.161340443214,16110.32952590499,14835.162184842055,30945.491710747046,17250.0387058451,14562.445375848414,31812.484081693518,6583.619592011634,24249.67200008261,10473.940800208036,6583.619592,24249.672000000002,10473.940799999998,1.1634256225079298e-08,8.260758477263153e-08,2.080378180835396e-07,2915.9385384262537,1705.7072372369798,10116.36993805419,1392.0,2397.46,0.0,0.0,0,mef_soft,0.2,37946.233298,37946.23328817915,9.82084748102352e-06
M2__S1__D1__start001__ndays366__20260326T074443Z,M2,S1,D1,90,2024-03-30,True,True,False,0.009820929355794218,True,True,14584.727966701652,9.923041325612e-07,14584.727966701652,1466639.7744348713,1466639.7744223801,1.2491127641999536e-05,895179.123185107,37.90210689278165,0.45393447412011084,4683.939270840782,35331.6059613891,11711.830244182018,0.5696949592294811,0.2821550026592966,0.19209556996697483,73690.50484046621,76571.25969931812,20971.48674423327,151.16205865772474,2056.0991350571717,2207.2611937148963,3.2966571205841576e-07,3.2964894527581286e-07,3.3298947522697123e-07,33419.72151198804,29125.637506673425,25701.23918874847,2336254.55266196,12208.302217142947,4157.175438693724,0.0,2352620.030317797,19861.982921496754,13557.738590163386,33419.721511660144,10417.393009666852,18708.244496678715,29125.637506345563,11951.384597345233,13749.854591072013,25701.239188417247,6583.619592013567,24249.6720000439,10473.94080000632,6583.619592,24249.672000000002,10473.940799999998,1.356693246634677e-08,4.38994902651757e-08,6.320988177321851e-09,2525.2358463401374,1489.0380585092548,8172.994061852259,0.0,2397.46,0.0,0.0,0,mef_soft,0.2,23178.747938,23178.747937948167,5.1833922043442726e-08
M2__S1__D1__start001__ndays366__20260326T074443Z,M2,S1,D1,91,2024-03-31,True,True,False,2.869054152330864e-05,True,True,12771.86829408101,1.0001e-06,12771.86829408101,2655215.2824375476,2298345.4611169067,356869.8213206406,109129.74929298581,4.532954226116645,0.42020504525059416,7937.685854060573,14817.547217086772,3346.485103916502,0.8559120425610327,0.7386028928474632,0.9762220340686101,7942.328373642079,5106.406221215655,2776.8427865963017,149.94309140419327,1957.7304523995072,2107.6735438037003,0.0,0.0,1.0001e-06,32055.584797701442,28890.769058355952,24471.63065600026,2374523.349221199,12109.85475779993,3958.286258445253,0.0,2390591.4902374437,25506.153390588992,6549.431407456859,32055.584798045853,6865.537637017484,22025.231421338467,28890.769058355952,15257.388843513549,9214.241811486612,24471.63065500016,6583.619591999997,24249.672000000002,10473.940799999998,6583.619592,24249.672000000002,10473.940799999998,-2.7284841053187847e-12,0.0,0.0,0.3664315061351835,1432.6933142868304,7781.978548288042,0.0,2397.46,1159.37,0.0,0,mef_soft,0.2,4884.5163304,4884.516330400002,-1.8189894035458565e-12
M2__S1__D1__start001__ndays366__20260326T074443Z,M2,S1,D1,92,2024-04-01,True,True,False,0.00917665631469105,True,True,16372.543669607776,1.3286580724525265e-08,16372.543669607776,2915592.3055508207,2395014.1874876604,520578.11806316057,277681.73623655445,10.389574577927457,0.5087909703163852,4882.293549966096,24319.690160171314,9812.771655380428,0.838259586256665,0.7765639985689524,0.7335299829501732,19807.985693741117,37474.99091694385,6581.787817110863,165.92875407886132,2410.201225659537,2576.1299797383986,1.3286580724525265e-08,0.0,0.0,35587.00568554748,31970.858184018805,30127.51532072758,2641565.930685496,13400.904924797003,4873.125603130958,0.0,2659839.961213424,32168.774733414684,3418.2309518097204,35587.0056852244,26143.51600689984,5827.342176821428,31970.85818372127,24739.00825496286,5388.507065514346,30127.515320477207,6583.619596092122,24249.672020319886,10473.940800326713,6583.619592,24249.672000000002,10473.940799999998,4.0921222534962e-06,2.031988333328627e-05,3.267141437390819e-07,-1.251937219083173,1611.7857348301945,9580.549871996662,2784.0,2397.46,0.0,0.0,0,mef_soft,0.2,9157.918142800001,9157.917796849262,0.0003459507388470229
M2__S1__D1__start001__ndays366__20260326T074443Z,M2,S1,D1,93,2024-04-02,True,True,False,0.009925353550220787,True,True,23027.308643838154,0.0,23027.308643838154,953298.0576963255,943590.9421266904,9707.115569635094,1685010.2725750147,64.10292528021336,0.612829569436984,8208.5150860165,32378.842470572727,18896.284512284325,0.2903734979165802,0.6303916194093849,0.42598239284426426,144716.1309152705,235155.2015228116,43569.55657801478,167.67951107567262,2427.169457125241,2594.8489682009135,0.0,0.0,0.0,35137.85138928479,32308.190976560858,30339.618207897536,2596430.0915785558,13542.301322292893,4907.433246301407,0.0,2614879.8261471502,8844.446871660779,26293.40452479038,35137.85139645116,22797.015162093718,9511.175821791294,32308.190983885008,15543.966490926272,14795.651724646765,30339.618215573035,6583.619593219237,24249.672001660565,10473.94080555404,6583.619592,24249.672000000002,10473.940799999998,1.2192367648822255e-06,1.6605627024546266e-06,5.554042218136601e-06,5438.177848055541,1600.3022037097853,9647.998592072834,2784.0,2397.46,1159.37,0.0,0,mef_soft,0.2,46164.405608,46164.4055462157,6.178430339787155e-05
M2__S1__D1__start001__ndays366__20260326T074443Z,M2,S1,D1,94,2024-04-03,True,True,False,0.009565820931873385,True,True,19462.105465140063,0.0,19462.105465140063,1784863.021613821,1782701.2034116485,2161.8182021723874,814370.5264434286,31.35725968142098,0.5171138956851437,7047.1587694372965,21582.991763741607,13673.253637036207,0.6309557140447173,0.4108846919738887,0.5722192162064305,66949.57425245499,99698.53939319041,34427.86803576007,160.8429714033648,2407.241401768277,2568.0843731716413,0.0,0.0,0.0,35577.1169324081,30990.938614203893,30090.51752604463,2567147.2467200747,12990.161829183835,4867.141209214433,0.0,2585004.549758473,23678.457923380112,11898.659009005652,35577.11693238576,18879.951439738274,12110.987174428843,30990.938614167117,17493.73325429837,12596.784271791781,30090.517526090152,6583.61959210139,24249.672001213294,10473.940801803481,6583.619592,24249.672000000002,10473.940799999998,1.0138955985894427e-07,1.213291398016736e-06,1.803482518880628e-06,555.2374619671169,1605.2534311440381,9568.784572028902,4176.0,2397.46,1159.37,0.0,0,mef_soft,0.2,36995.952422,36995.95240893171,1.3068289263173938e-05
M2__S1__D1__start001__ndays366__20260326T074443Z,M2,S1,D1,95,2024-04-04,True,True,False,0.009431724170670362,True,True,17389.04144945841,0.0,17389.04144945841,928128.9366808727,888662.7484654086,39466.188215464135,1817388.6629167935,67.1601675885568,0.4745651695936819,9898.320243489945,21867.751999657397,8502.993902862261,0.22995397237625329,0.9999999459939375,0.9231155533601558,141607.18016850023,142196.48818295606,69252.96475404319,152.4420550625988,2421.8707517590055,2574.312806821604,0.0,0.0,0.0,36040.68969067717,29372.264945213043,30273.384391914034,2670795.667880876,12311.67857438306,4896.719926392518,0.0,2688004.066381652,3410.641534245263,32630.048160023376,36040.68969426864,19455.734905419926,9916.530044109291,29372.264949529217,24461.763879282713,5811.620517108286,30273.384396390997,6583.619592221403,24249.672000789236,10473.94080574922,6583.619592,24249.672000000002,10473.940799999998,2.2140284272609279e-07,7.892340363468975e-07,5.749221600126475e-06,2592.8837216296233,1612.3914895867395,9626.936238242048,0.0,2397.46,1159.37,0.0,0,mef_soft,0.2,71827.277624,71827.2775608648,6.313520134426653e-05
M2__S1__D1__start001__ndays366__20260326T074443Z,M2,S1,D1,96,2024-04-05,True,True,False,0.007949455896485045,True,True,19342.862569181514,1.2144746393593088e-06,19342.862569181514,968522.8257661931,933361.9943206711,35160.83144552211,1920074.903582653,67.28990239782433,0.3590978347045219,7051.758754642754,17132.313028993467,8405.516557491339,0.28177022010217045,0.2701014202949549,0.8162369673971857,132512.62956728414,99669.15840853626,58348.97581714118,157.93563690310907,2443.2298246328933,2601.165461536002,4.0045597908910225e-07,3.95492516524893e-07,4.1852614374531357e-07,38211.86808751198,30430.758533736793,30540.372813213653,2826463.652942857,12755.356756131278,4939.9053016853395,0.0,2844158.9150006734,5056.350919094499,33155.51716825612,38211.86808735062,23484.323524438798,6946.435009131374,30430.758533570173,22878.75315692038,7661.619656102525,30540.372813022903,6583.619598341366,24249.672022868333,10473.940800713464,6583.619592,24249.672000000002,10473.940799999998,6.3413663156097755e-06,2.28683311433997e-05,7.134658517315984e-07,204.47558649503702,1693.7184314759966,9711.838552915751,4176.0,2397.4599982947334,1159.37,0.0,0,mef_soft,0.2,60950.14146,60950.14127867718,0.00018132281547877938
M2__S1__D1__start001__ndays366__20260326T074443Z,M2,S1,D1,97,2024-04-06,True,False,True,0.23504132440179526,False,False,20046.823796583216,0.0,20046.823796583216,1038075.8159107427,914041.5112983491,124034.30461239358,1735988.189739736,65.50825407955634,0.4423335282001514,8984.977903041934,17681.557436120576,9388.643488379284,0.30529647786588826,0.25000794485178063,0.08830171560188033,121351.4366952714,108835.15013944324,45786.94611439036,170.604525744,2108.71771544241,2279.32224118641,0.0,0.0,0.0,35633.87926249714,28444.89273800834,26358.97144464338,2623267.479938775,13778.534298815997,4263.563631055688,0.0,2641309.577868647,11130.97107953626,24502.908182960877,35633.87926249714,9446.319417051553,18998.57332095679,28444.89273800834,10472.680357444437,15886.291086299156,26358.97144374359,6583.619592,28676.556884859987,10473.940799999998,6583.619592,24249.672000000002,10473.940799999998,0.0,4426.884884859985,0.0,176.0585068611337,1590.9523708385125,8382.15291888358,2784.0,4794.92,2318.74,0.0,0,mef_soft,0.2,48066.268372,48066.26835557677,1.64232260431163e-05
M2__S1__D1__start001__ndays366__20260326T074443Z,M2,S1,D1,98,2024-04-07,True,True,False,4.07782389236356e-05,True,True,11206.948034858497,0.0,11206.948034858497,1208982.1564806225,976333.9013112977,232648.25516932475,1612251.1372763254,62.283104987580295,0.4011800965180183,9039.894726445827,37290.93894953242,9770.49083852588,0.3354760001430051,0.0,0.9671078956048006,138266.39477239593,134742.16099207004,58236.347348899115,129.96646954883644,2135.429804621667,2265.396274170503,0.0,0.0,0.0,36213.258710181806,29468.59372815936,26692.87255775456,2564147.9979193117,10496.482731423948,4317.572136220334,0.0,2578962.052786956,10698.779571210853,25514.47913867058,36213.25870988143,3009.746669086305,26458.847058777115,29468.59372786342,18003.339376861935,8689.53318060577,26692.8725574677,6583.619776553648,24249.672125980906,10473.940800335726,6583.619592,24249.672000000002,10473.940799999998,0.00018455364806868602,0.00012598090324900113,3.3572723623365164e-07,-6.2869071570079855,1565.5314686443783,8488.333473371127,0.0,0.0,1159.37,0.0,0,mef_soft,0.2,60501.744185999996,60501.74362306962,0.0005629303777823225
M2__S1__D1__start001__ndays366__20260326T074443Z,M2,S1,D1,99,2024-04-08,True,True,False,8.159721047473918e-07,True,True,16436.556163843543,0.0,16436.556163843543,2735498.008604942,2419564.9253546894,315933.08325025276,458671.2089635595,15.93584360555609,0.4344289173539007,5366.554693371742,22535.486261885748,10899.591016424956,0.7657010340356357,0.6018400641501986,0.4536260101140949,33782.24891663887,19389.518468883467,14583.950155875225,181.27157521037714,2456.126453020453,2637.3980282308303,0.0,0.0,0.0,38335.0711780176,34927.08590724192,30701.58066337408,2841864.9391026227,14640.037276527062,4965.980672201021,0.0,2861470.9570513507,30304.536542321628,8030.534635390712,38335.071177712336,10069.626725662065,24857.45918128515,34927.08590694722,19573.813745592837,11127.766917426137,30701.580663018973,6583.619592412768,24249.67200140121,10473.940800099292,6583.619592,24249.672000000002,10473.940799999998,4.1276780393673107e-07,1.4012075553182513e-06,9.929317457135767e-08,-1.6199713661472626,1726.243484453386,9763.1026507563,1392.0,2397.46,1159.37,0.0,0,mef_soft,0.2,17222.8338816,17221.348184106057,1.4856974939430074
M2__S1__D1__start001__ndays366__20260326T074443Z,M2,S1,D1,100,2024-04-09,True,True,False,0.007828567468599628,True,True,15062.235544696796,1.314738928446225e-06,15062.235544696796,1607184.842730166,1574921.5163008326,32263.32642933341,1330119.662152713,45.786602682884585,0.4578871598990562,11553.763222860673,23541.301946669486,10408.17250482027,0.47114876390558114,0.6001162216933097,0.6275337238530394,112535.17390862643,164596.6639706383,73094.95034120118,176.35774532072622,2439.2932281977805,2615.650973518507,3.962210339902361e-07,4.445377296884408e-07,4.739801647675482e-07,37764.91333849456,33980.29749694026,30491.165351263102,2871257.8955409103,14243.181604750793,4931.945995773008,0.0,2890433.0231414344,18801.888194432104,18963.025143996034,37764.91333842814,19028.022548222718,14952.274948600563,33980.29749682329,16045.935633599995,14445.229717517275,30491.16535111727,6583.619612709084,24249.672254171113,10473.940801410283,6583.619592,24249.672000000002,10473.940799999998,2.070908431051066e-05,0.0002541711110097822,1.410284312441945e-06,109.41033868440607,1699.8046239262108,9696.190582086178,0.0,2397.46,1159.37,0.0,0,mef_soft,0.2,75710.605436,75710.6013147197,0.0041212803043890744
M2__S1__D1__start001__ndays366__20260326T074443Z,M2,S1,D1,101,2024-04-10,True,True,False,0.009548012399607977,True,True,20848.168820803832,7.437414014853472e-07,20848.168820803832,977786.232505206,954956.6501772047,22829.582328001346,1975441.8210704075,67.41205472405828,0.5391802803365726,10337.59288284686,22803.17833423102,7647.14967549856,0.2539445678544367,0.998492389643738,0.8372332422182788,166237.89893355477,174823.80384400938,89873.84754151598,160.0441432917682,2411.5123038092697,2571.556447101038,3.5326398454921646e-07,1.2566531957365756e-07,2.648120973624733e-07,39611.8559254482,30837.022082180512,30143.903798857355,2899071.6496646507,12925.646069784361,4875.77643926621,0.0,2916873.072173701,3751.4662434955417,35860.389681599394,39611.85592509493,23964.106926221964,6872.915155746938,30837.022081968906,23201.869825525206,6942.033973058311,30143.903798583517,6583.619592191492,24249.672001118874,10473.94080046746,6583.619592,24249.672000000002,10473.940799999998,1.914922904688865e-07,1.1188712960574776e-06,4.6746208681724966e-07,397.29300987030354,1740.28440329168,9585.761407641847,5568.0,2397.46,1159.37,0.0,0,mef_soft,0.2,92445.40399199999,92445.40398861702,3.3829710446298122e-06
M2__S1__D1__start001__ndays366__20260326T074443Z,M2,S1,D1,102,2024-04-11,True,True,False,0.00959435918456358,True,True,18909.857873775072,7.679641462037694e-07,18909.857873775072,1414162.7311780117,1402071.8212586695,12090.909919342164,1460543.905691715,51.02130516301147,0.48619916319397105,7455.860066694866,15558.999389624207,11611.637380289934,0.450381799547811,0.999999589679304,0.204299495986151,118866.64600943962,172229.23116038108,83357.15834137701,158.07133342026907,2320.093832900173,2478.165166320442,2.952570105775112e-07,2.479600114782336e-07,2.2474712414802456e-07,39038.78619657415,30456.904319478865,29001.17291028955,2836062.1988785425,12766.316014731969,4690.939718395644,0.0,2853519.4546116698,13593.142664670926,25445.64353160796,39038.78619627889,27521.86922357188,2935.0350956590214,30456.904319230904,13130.676028350863,15870.496881713942,29001.172910064808,6583.619592674836,24249.67200186199,10473.940801686416,6583.619592,24249.672000000002,10473.940799999998,6.74835973768495e-07,1.8619866750668734e-06,1.6864178178366274e-06,244.3716442946714,1710.2832437022118,9222.372985778187,4176.0,2397.46,1159.37,0.0,0,mef_soft,0.2,85835.323512,85835.32350769745,4.302550223655999e-06
M2__S1__D1__start001__ndays366__20260326T074443Z,M2,S1,D1,103,2024-04-12,True,True,False,0.007455906827082687,True,True,32521.832128311908,1.5230708055996228e-06,32521.832128311908,922446.4924652363,909644.1211582571,12802.371306979261,1909513.427623807,67.73347691932851,0.5047408488467956,8702.614598315242,26604.261335970576,10208.41912753265,0.2555467704400092,0.866985408868455,0.44681823424699396,177491.65643646807,209897.1206008498,98685.64756149464,157.30556120896605,2396.2336852243343,2553.5392464333004,5.909162749218191e-07,4.4175606465209596e-07,4.90398466025708e-07,38080.722158158766,30309.356689542507,29952.921065584364,2788944.8673533797,12704.469949207461,4844.884982329797,0.0,2806494.222284917,6562.219659857786,31518.502498242633,38080.72215810041,27243.871364250015,3065.485325361583,30309.356689611603,9799.80180670508,20153.119258922008,29952.921065627088,6583.619592052078,24249.672000338673,10473.940801646873,6583.619592,24249.672000000002,10473.940799999998,5.207766662351787e-08,3.3867036108858883e-07,1.646874807192944e-06,13579.737983290073,1684.2352462550973,9525.02889876673,4176.0,2397.46,1159.37,0.0,0,mef_soft,0.2,101239.18678799999,101239.18680792794,-1.9927945686504245e-05
M2__S1__D1__start001__ndays366__20260326T074443Z,M2,S1,D1,104,2024-04-13,True,True,False,0.0060277153981272945,True,True,20458.98853860669,2.5104026058351793e-06,20458.98853860669,914556.1449974976,889997.5172217335,24558.627775764064,1477326.3522319389,62.40491093315737,0.44639617067833703,8821.179999921425,13961.006683869004,9911.183125002382,0.3085769494139974,0.8982991133460484,0.9952108390451381,128833.21566614317,98839.14954184368,51480.911118929536,131.9075187957011,1970.8801118848073,2102.7876306805083,9.131941103024457e-07,6.642972470062234e-07,9.329112485265104e-07,31827.43179750965,25415.70688913972,24636.001384925818,2341873.474427338,10653.247702994297,3984.873226246301,0.0,2356511.595356579,4340.239681446195,27487.192115150257,31827.43179659646,23688.470365327987,1727.236523147441,25415.706888475426,20099.70237899448,4536.299004998425,24636.00138399291,6583.619593016046,24249.67200797983,10473.940814336196,6583.619592,24249.672000000002,10473.940799999998,1.0160456440644339e-06,7.979826477821916e-06,1.4336197637021542e-05,2094.6848674805615,1405.2252263840198,7834.24844474211,5568.0,2397.46,1159.37,0.0,0,mef_soft,0.2,53583.698749999996,53583.69874961005,3.8994767237454653e-07
M2__S1__D1__start001__ndays366__20260326T074443Z,M2,S1,D1,105,2024-04-14,True,True,False,0.009747144859190753,True,True,18032.805455426907,0.0,18032.805455426907,916352.0434677089,900874.9104908484,15477.132976860441,1468471.98692222,61.97792263030569,0.5082357827621401,8032.753617558138,25953.195814672217,12385.312054013237,0.3218726864858436,0.5988365068478553,0.09605496069551428,131275.15157397414,114804.43315809655,73331.41113262769,144.09680676309074,1935.2965110602345,2079.393317823325,0.0,0.0,0.0,32366.47677720766,27764.317302702628,24191.206397356567,2338952.811287921,11637.6912375548,3912.9276333274743,0.0,2354503.4301588032,8102.904018243416,24263.572759608756,32366.47677785217,21253.369091346114,6510.948212054936,27764.31730340105,10687.112139678513,13504.094258368403,24191.206398046917,6583.619592280647,24249.67200102431,10473.940805808927,6583.619592,24249.672000000002,10473.940799999998,2.8064732759958133e-07,1.0243093129247427e-06,5.808928108308464e-06,1172.9182156444283,1434.2536083180512,7692.803631464431,4176.0,2397.46,1159.37,0.0,0,mef_soft,0.2,75410.804488,75410.80445045102,3.754897625185549e-05
M2__S1__D1__start001__ndays366__20260326T074443Z,M2,S1,D1,106,2024-04-15,True,True,False,0.007963865119065078,True,True,19307.84283746295,2.4701503616966667e-06,19307.84283746295,958440.3107097957,930698.6582970545,27741.652412741212,1902169.284384665,67.14641567739253,0.5062514950370508,9020.524427325172,18397.736324083835,10232.345224226225,0.24172875165439855,0.9999993132397089,0.9436444662206752,149156.43857363402,96879.86198134706,70836.35014070617,176.3818343641634,2451.987317784089,2628.3691521482524,7.856402288276536e-07,8.385386467407425e-07,8.459714861282706e-07,36948.78331008715,33984.93917340998,30649.841473422734,2802212.1538747335,14245.1271083266,4957.6118581846,0.0,2821414.8928412446,2310.8098868363177,34637.97342395032,36948.783310786646,27982.24687047409,6002.692303577823,33984.939174051906,21290.56011291089,9359.281361146992,30649.841474057885,6583.619593619022,24249.672011519397,10473.940804792022,6583.619592,24249.672000000002,10473.940799999998,1.6190224414458498e-06,1.1519394320202991e-05,4.792023901245557e-06,154.77958964393807,1673.5836596272582,9746.649588191756,4176.0,2397.46,1159.37,0.0,0,mef_soft,0.2,73464.719284,73464.71929285442,-8.854418410919607e-06
M2__S1__D1__start001__ndays366__20260326T074443Z,M2,S1,D1,107,2024-04-16,True,True,False,0.008370358151153282,True,True,17902.193102125526,1.2573334020103673e-06,17902.193102125526,1120106.583622684,1010517.1657366017,109589.41788608246,1919350.3283768464,65.50979975146025,0.36206174084880555,8693.545636884126,22345.999542794303,10380.208621022013,0.3113798762440982,0.5313235902116868,0.6303660429851483,155800.4204639233,207278.41246653793,87830.78683195496,176.55847817074317,2450.563339584569,2627.121817755312,4.077114337989342e-07,4.180185968587153e-07,4.3160337135271783e-07,39070.745728368354,34018.97458818379,30632.041747242183,2903833.6342562614,14259.39339307295,4954.732752229173,0.0,2923047.7604015633,6593.766528992082,32476.979199138645,39070.74572813073,26883.01476059288,7135.959827428305,34018.974588021185,22806.611597383424,7825.430149683085,30632.041747066505,6583.619596870045,24249.672022764382,10473.940802621488,6583.619592,24249.672000000002,10473.940799999998,4.870044904237147e-06,2.2764379536965862e-05,2.621489329612814e-06,75.41795976782693,1744.9558675090293,9740.989274848664,2784.0,2397.46,1159.37,0.0,0,mef_soft,0.2,90457.908704,90457.90864971027,5.428973236121237e-05
M2__S1__D1__start001__ndays366__20260326T074443Z,M2,S1,D1,108,2024-04-17,True,True,False,0.0030468096577390556,True,True,19474.72571496163,1.5218086288340482e-05,19474.72571496163,1282628.72214656,1277802.4651810904,4826.256965470063,1705411.998303854,57.16692578352608,0.5474688322276049,10003.12990316958,26964.52767286247,4109.807460824201,0.3736429480971027,0.2749429241717709,0.45863754423581987,131288.66125205954,180690.72785802296,80369.40767551285,186.1552033581371,2330.445952340237,2516.601155698374,6.326184298961623e-06,4.185186299763334e-06,4.706715689615526e-06,40009.18926960785,35868.05461330128,29130.574379146874,2949342.0496503627,15034.453765103075,4711.8704104624385,0.0,2969088.373825928,14881.406097310639,25127.78318017628,40009.18927748692,16505.292828204678,19362.76179509868,35868.05462330335,15187.05677801908,13943.51761066386,29130.57438868294,6583.619593837437,24249.672005737135,10473.940824338773,6583.619592,24249.672000000002,10473.940799999998,1.8374366845819168e-06,5.737132596550509e-06,2.4338774892385118e-05,701.8010946725783,1776.5719597366108,9263.522660552444,4176.0,2397.46,1159.37,0.0,0,mef_soft,0.2,82886.008788,82886.00883121122,-4.3211213778704405e-05
M2__S1__D1__start001__ndays366__20260326T074443Z,M2,S1,D1,109,2024-04-18,True,True,False,0.00976326777262167,True,True,17280.556386670654,1.4685038543452894e-06,17280.556386670654,1594891.769168464,1478452.4075946952,116439.36157376888,1433906.9383488307,49.23523398120651,0.41561573847445715,5396.672518565196,22082.799660837434,11544.012845917561,0.4589899682042963,0.9999993642222311,0.3631335569262179,103231.30712777463,108501.15516702697,58442.257625902785,191.04193530347078,2113.15017147015,2304.1921067736207,4.5024099839070327e-07,5.42824648223286e-07,4.754382077313e-07,40059.99308825247,36809.62143465766,26414.377166745166,2883668.3552019894,15429.120925208903,4272.5255029591735,0.0,2903370.0016301577,13125.707489299635,26934.285598976014,40059.993088275645,22531.335641495534,14278.28579310363,36809.62143459916,10161.776835867402,16252.600330885409,26414.37716675281,6583.619595355797,24249.6720172298,10473.94080120597,6583.619592,24249.672000000002,10473.940799999998,3.3557971619302407e-06,1.7229798686457798e-05,1.2059717846568674e-06,543.4290209092004,1763.8954341676101,8399.771931593845,4176.0,2397.46,0.0,0.0,0,mef_soft,0.2,60746.449738,60746.4497326764,5.323599907569587e-06
M2__S1__D1__start001__ndays366__20260326T074443Z,M2,S1,D1,110,2024-04-19,True,True,False,0.009163510518586946,True,True,25979.973599055913,1.4606026400167773e-06,25979.973599055913,1248923.9197456115,1232319.0583365243,16604.861409087185,1731955.0337926485,58.427627809161976,0.5365707764109859,11138.768848221325,25493.931471359887,8287.279606318205,0.3577682403927091,0.9999902652905059,0.8423071480427824,144424.5665866185,141332.99618195547,66486.7587536405,184.26988446641653,2225.005397504045,2409.2752819704615,5.607490885895478e-07,4.662461795838276e-07,4.3360737184340174e-07,40039.87297579328,35504.79471212316,27812.56746994436,2933120.5661813393,14882.189744317508,4498.682788091347,0.0,2952501.438713748,10413.574252819031,29626.29872288469,40039.87297570372,34037.97599411837,1466.8187180105726,35504.79471212895,18129.820737610724,9682.74673237132,27812.56746998205,6583.619592043643,24249.672000311635,10473.94080028706,6583.619592,24249.672000000002,10473.940799999998,4.3643012759275734e-08,3.116329025942832e-07,2.870619937311858e-07,10421.083915067447,1765.6632289098907,8844.39645507858,1392.0,2397.46,1159.37,0.0,0,mef_soft,0.2,68896.03403400001,68896.03403561097,-1.610955223441124e-06
M2__S1__D1__start001__ndays366__20260326T074443Z,M2,S1,D1,111,2024-04-20,True,False,True,0.01681652618288027,False,False,19397.523623485944,0.0,19397.523623485944,1299125.0976878332,1257707.6883329342,41417.40935489924,1379182.5504490742,52.30337350280173,0.3591386265596146,5651.744963964879,22901.053181065236,5748.451857523077,0.44879437917760795,4.092741814136661e-08,0.5557601773791642,105868.44896604463,63856.34817077731,52215.242778896216,163.0864865030215,2100.24291825773,2263.3294047607515,0.0,0.0,0.0,36171.11324223991,31423.215123118003,26253.036464950706,2613288.021891622,13171.354852405537,4246.428651223935,0.0,2630705.805395251,15861.043546498051,20310.069708235715,36171.11325473376,20674.722975721143,10748.492163386789,31423.21513910793,15854.068914072139,10398.967564953196,26253.036479025337,6583.619594010985,24249.67200162006,10473.940809345968,6583.619592,24249.672000000002,10473.940799999998,2.0109846445848234e-06,1.6200574464164674e-06,9.345969374408014e-06,3108.7685672428734,1599.4594561685976,8348.465600074476,2784.0,2397.46,1159.37,0.0,0,mef_soft,0.2,54478.572036,54478.572183656965,-0.00014765696687391028
M2__S1__D1__start001__ndays366__20260326T074443Z,M2,S1,D1,112,2024-04-21,True,True,False,0.008358037542693047,True,True,13842.988761147953,2.95298432701897e-06,13842.988761147953,1250111.9157687016,1239535.093117675,10576.822651026745,1459707.838252767,54.07841662890468,0.51468277912241,7494.205525653026,23240.48903256624,8966.767049513232,0.3936992805280531,0.5618465381731343,0.8007056284618772,111153.65343976198,82899.45555294747,61874.489980179686,155.5265148284485,2182.8006293462413,2338.3271441746897,2.95298432701897e-06,0.0,0.0,36581.27346539187,29966.57317108529,27285.00778737308,2669778.920860479,12560.788817151644,4413.350023850442,0.0,2686753.059701481,13002.44650270633,23578.82698060781,36581.27348331414,8714.230814297005,21252.342377326044,29966.57319162305,21177.351552856966,6107.656256495104,27285.00780935207,6583.619598487985,24249.672011758405,10473.940876383758,6583.619592,24249.672000000002,10473.940799999998,6.4879850469878875e-06,1.1758402251871303e-05,7.638375973328948e-05,-235.1631425241094,1612.0594020207516,8676.63250165131,1392.0,2397.46,0.0,0.0,0,mef_soft,0.2,64212.817278,64212.81712435438,0.0001536456256872043
M2__S1__D1__start001__ndays366__20260326T074443Z,M2,S1,D1,113,2024-04-22,True,True,False,0.0012036397100569972,True,True,18116.288582503646,3.273046823377211e-06,18116.288582503646,2003068.7009211322,2003068.7021274776,-0.0012063455384734596,1039199.8381151875,34.158714931598254,0.5535062394802828,8237.81463074965,19800.22435881059,9785.211537952157,0.5962819469773426,0.7508768952515305,0.8431989175009874,79882.72312471262,84364.4442213848,41249.66615412559,173.65044951997442,2385.08080194175,2558.7312514617242,1.3965966629135772e-06,8.656572230015525e-07,1.010792937462081e-06,41570.517575675025,33458.660804697414,29813.51009963158,3008724.8020765847,14024.532258406856,4822.335246489829,0.0,3027571.6695814813,19976.454266355944,21594.063307922486,41570.517574278434,18237.197453314126,15221.463350517628,33458.66080383176,25264.587571697644,4548.9225269231465,29813.51009862079,6583.61959217464,24249.672001034873,10473.940801014318,6583.619592,24249.672000000002,10473.940799999998,1.746402631397359e-07,1.03487036540173e-06,1.0143194231204689e-06,475.2535578282183,1819.508836956968,9480.696187718457,2784.0,2397.46,1159.37,0.0,0,mef_soft,0.2,43808.397408,43808.39740558731,2.4126857169903815e-06
M2__S1__D1__start001__ndays366__20260326T074443Z,M2,S1,D1,114,2024-04-23,True,True,False,0.0018148025945079185,True,True,16120.130921889018,2.3080765209539067e-05,16120.130921889018,1248200.2472266895,1248200.2483231174,-0.0010964280852450057,1596104.712380251,56.11580805967972,0.5223657015042819,6611.8115054897235,23775.475713437787,8682.25859698513,0.38594315191371814,0.02125473650703012,0.08734030946897964,124864.8459678469,112952.92823731637,65928.56429122729,171.43632368558633,2130.5003976990174,2301.9367213846035,7.118278266470185e-06,8.639947852510174e-06,7.322539090558706e-06,39082.117668673935,33032.046932019126,26631.25496489994,2814378.994978565,13845.712801168704,4307.605491997514,0.0,2832532.313271731,20015.661696910116,19066.45598689533,39082.117683805445,14235.290715625764,18796.756229999955,33032.04694562572,10513.621508842445,16117.633470981507,26631.254979823952,6583.619594869895,24249.672022893956,10473.940805423545,6583.619592,24249.672000000002,10473.940799999998,2.869895070034545e-06,2.2893953428138047e-05,5.423546099336818e-06,992.7666299515693,1709.7952110838607,8468.739080853595,1392.0,2397.46,1159.37,0.0,0,mef_soft,0.2,68230.500978,68230.50101261189,-3.461189044173807e-05
M2__S1__D1__start001__ndays366__20260326T074443Z,M2,S1,D1,115,2024-04-24,True,True,False,0.009747249546037997,True,True,26973.893420408418,0.0,26973.893420408418,1065734.5206499482,1056775.1288999626,8959.391749985354,1855759.0589822093,63.716301312555956,0.5137117265828511,9002.479245801527,23971.819215256284,11782.815108073884,0.30996281630640293,0.5047839240524985,0.44419734406507516,163435.3396872458,171064.48247575667,93693.99934968114,172.25251700738556,2319.773393962272,2492.0259109696576,0.0,0.0,0.0,39953.34390219675,33189.30965459533,28997.16742279033,2883645.246027565,13911.63102715767,4690.291831446486,0.0,2902247.1688861693,11390.359986394942,28562.983927400295,39953.34391379524,10175.917597892327,23013.392073004492,33189.30967089682,8699.495420370149,20297.67202069341,28997.16744106356,6583.619592772746,24249.67200252157,10473.940802825462,6583.619592,24249.672000000002,10473.940799999998,7.727458068984561e-07,2.5215667847078294e-06,2.825463525368832e-06,11046.455817617116,1757.5083617912676,9221.099241000033,1392.0,2397.46,1159.37,0.0,0,mef_soft,0.2,96186.02543200001,96186.0252606508,0.00017134920926764607
M2__S1__D1__start001__ndays366__20260326T074443Z,M2,S1,D1,116,2024-04-25,True,True,False,0.007862530984656401,True,True,53938.9864021292,0.0,53938.9864021292,1323079.5862804418,1321168.6463684768,1910.9399119651894,1586173.9087269148,54.5575169993985,0.5222067277201848,5621.881558261065,22569.070874873203,10080.361242239953,0.4293359184433151,4.6174808205930895e-08,0.037767263421382896,159429.92149546085,129259.0734090551,66010.78023589205,176.72083242231707,2465.242146047455,2641.962978469772,0.0,0.0,0.0,39650.44936307584,34050.25673014979,30815.526825652996,2880866.026083605,14272.50561044802,4984.411464059045,0.0,2900122.943158112,19778.59982782429,19871.84953560398,39650.44936342827,9117.92768316454,24932.329047331066,34050.25673049561,5521.709746155788,25293.817079817185,30815.526825972975,6583.619592514646,24249.672001418367,10473.940802989639,6583.619592,24249.672000000002,10473.940799999998,5.146457624505274e-07,1.4183642633724958e-06,2.9896400519646704e-06,36032.839445999096,1765.9794255914835,9799.337530538634,2784.0,2397.46,1159.37,0.0,0,mef_soft,0.2,68652.743212,68652.74321436182,-2.361819497309625e-06
M2__S1__D1__start001__ndays366__20260326T074443Z,M2,S1,D1,117,2024-04-26,True,True,False,0.007994041340688833,True,True,67362.40656380328,0.0,67362.40656380328,1624495.6380147748,1624495.6380147748,0.0,1219825.5820808266,42.88635100222002,0.4033405760256279,5685.266118845113,20789.042363763914,8928.335263850982,0.5007353714787208,0.9660607232593144,0.7111469253472079,122003.88190107857,78729.30332591338,51113.76841038546,185.0234608194754,2460.9720430415186,2645.995503860994,0.0,0.0,0.0,38076.61780448072,35649.992448214565,30762.15053782864,2810362.1604794785,14943.050835708493,4975.7778495558105,0.0,2830280.989164743,17118.23381221771,20958.383993760894,38076.617805978596,14279.778023581102,21370.214425676953,35649.992449258054,12934.219220315486,17827.9313184792,30762.15053879469,6583.619593090609,24249.672000455677,10473.94080051664,6583.619592,24249.672000000002,10473.940799999998,1.0906087481998838e-06,4.556750354822725e-07,5.16642103320919e-07,52300.83336318925,1722.3793295239902,9782.363871090038,0.0,2397.46,1159.37,0.0,0,mef_soft,0.2,53759.763958,53759.763914246454,4.375354910735041e-05
M2__S1__D1__start001__ndays366__20260326T074443Z,M2,S1,D1,118,2024-04-27,True,True,False,1.023730856773042e-08,True,True,14125.672680738899,0.0,14125.672680738899,2649013.7014445774,2535750.534898157,113263.16654642053,55521.44293449672,2.1426327845730415,0.4989844151860125,5842.860934293259,19306.18160045773,12214.25898532747,0.8820464220896678,0.8326198634433042,0.7103128579562172,3318.7853549781285,2095.9078185466174,1571.591985745019,155.3923057919575,2264.2904483567477,2419.682754148705,0.0,0.0,0.0,35059.111117912376,29940.713556310577,28303.630603273694,2555912.01481886,12549.9496908983,4578.112250273432,0.0,2573040.076760032,29534.427805770007,5524.683311861736,35059.111117631735,26106.55469826141,3834.158857776015,29940.713556037423,21266.975988423164,7036.654614563235,28303.630602986395,6583.620996872619,24249.67246991691,10473.940802008838,6583.619592,24249.672000000002,10473.940799999998,0.0014048726188775618,0.0004699169076047838,2.008839146583341e-06,9.194674468528412e-05,1568.2880565740782,9000.554532218073,0.0,2397.46,1159.37,0.0,0,mef_soft,0.2,3993.7065460000003,3991.274739893724,2.4318061062763263
M2__S1__D1__start001__ndays366__20260326T074443Z,M2,S1,D1,119,2024-04-28,True,True,False,0.009998034117258593,True,True,36674.94474846479,0.0,36674.94474846479,1066077.4042478325,1064657.4626231492,1419.9416246834219,1526876.2997058586,58.917862537652496,0.408072533208216,10881.565649475235,15353.28110840095,8894.532824588168,0.3635861360922643,0.9999994973084835,0.23856308162337406,171161.34117052893,168030.92538919582,55677.599489747765,162.44227188631805,2251.44971685187,2413.891988738188,0.0,0.0,0.0,34378.785666514435,31299.089465066187,28143.121447794216,2565957.653126767,13119.326143327373,4552.149896312873,0.0,2583629.129166407,11916.442694119512,22462.342971114325,34378.785665233845,28103.321209008936,3195.7682552676542,31299.089464276592,10779.354476603854,17363.76697047025,28143.121447074103,6583.619592376798,24249.672000448387,10473.940815016525,6583.619592,24249.672000000002,10473.940799999998,3.7679819797631353e-07,4.483845259528607e-07,1.5016526958788745e-05,19832.144128651365,1552.457995327242,8949.512624486184,2784.0,2397.46,1159.37,0.0,0,mef_soft,0.2,58091.491538,58091.49147848595,5.951405182713643e-05
M2__S1__D1__start001__ndays366__20260326T074443Z,M2,S1,D1,120,2024-04-29,True,True,False,0.004476575149165731,True,True,99888.8265797261,2.482349586974911e-06,99888.8265797261,1146552.2084264401,1146552.2088704081,-0.0004439680029987136,1676042.746108368,59.3794991077978,0.3966617920510369,5849.000142466823,24984.795897610213,9946.413991506206,0.3693517072819082,0.2792129723713403,0.1782648707740744,206058.07908183255,150023.53162139526,70735.7968802028,187.3376777175792,2758.3305300415705,2945.6682077591495,8.803522612635036e-07,8.845102010125833e-07,7.17487124698824e-07,36920.980733140124,36095.891660492314,34479.13163760232,2794119.065053809,15129.953948407037,5576.999540471239,0.0,2814826.0185426874,17773.310124243093,19147.670609503075,36920.980733746175,24742.633674266566,11353.257986828336,36095.891661094895,8366.895129732025,26112.236508643255,34479.131638375286,6583.619592382818,24249.672000654922,10473.940802923395,6583.619592,24249.672000000002,10473.940799999998,3.8281814340734854e-07,6.549198587890714e-07,2.9233960958663374e-06,79477.91007641467,1713.722646396166,10964.363856915243,4176.0,2397.46,1159.37,0.0,0,mef_soft,0.2,73681.46507800001,73681.46508796196,-9.96195012703538e-06
M2__S1__D1__start001__ndays366__20260326T074443Z,M2,S1,D1,121,2024-04-30,True,False,True,0.039563137492856976,False,False,56352.6529636917,0.0,56352.6529636917,2221648.597475833,2221648.597475833,0.0,599945.908987429,21.26265512685001,0.4261725526925195,4687.508632542037,20930.370429843144,5240.574024851618,0.7539889868182073,0.9999999952814969,0.6642725686983191,71482.22148254944,34447.2119556447,24616.49023117251,177.77786806605454,2907.158136929725,3084.9360049957795,0.0,0.0,0.0,37570.458722426905,34253.924459744885,36339.47671870929,2794969.7652922375,14357.874986207373,5877.910358099169,0.0,2815205.5506365444,21608.499287957748,15961.959434282231,37570.45872223998,21105.439241433472,13148.485218404205,34253.924459837675,20211.580167337524,16127.89655145972,36339.47671879724,6583.619592362194,24249.671998364196,10473.940799613694,6583.619592,24249.672000000002,10473.940799999998,3.621944415499456e-07,-1.6358062566723675e-06,-3.863042365992442e-07,32541.71280920813,1738.1565601879283,11555.953594295657,6960.0,2397.46,1159.37,0.0,0,mef_soft,0.2,27701.4263,27701.42623616829,6.383171057677828e-05
M2__S1__D1__start001__ndays366__20260326T074443Z,M2,S1,D1,122,2024-05-01,True,True,False,0.0007846925023305513,True,True,14747.942950038494,8.079536073725332e-07,14747.942950038494,1941116.8831497217,1698777.969649705,242338.91350001676,974943.8998226002,36.463923602308654,0.4297637269455225,6699.570998254516,25330.961310398776,9978.99455008409,0.5930368959888027,0.4981797886745738,0.4645931174152249,74052.84449818249,29766.281848655606,35662.27793091521,175.85363130942736,2621.0099302912104,2796.8635616006377,2.984520866608472e-07,2.520515791352955e-07,2.5744994157639064e-07,35243.83317911208,33883.16595331802,32762.624128486634,2643599.10491065,14202.467841938524,5299.354452807974,0.0,2663100.9272053964,24880.720361200583,10363.112817613044,35243.83317881363,24623.257363998215,9259.90858906775,33883.16595306597,17082.853177291843,15679.770950937342,32762.624128229185,6583.619592123847,24249.672000888313,10473.940800029879,6583.619592,24249.672000000002,10473.940799999998,1.238468030351214e-07,8.883107511792332e-07,2.9880538932047784e-08,-858.7010229275401,1631.2995000584751,10418.514472907562,0.0,2397.46,1159.37,0.0,0,mef_soft,0.2,38459.141494,38459.141492515846,1.4841571100987494e-06
M2__S1__D1__start001__ndays366__20260326T074443Z,M2,S1,D1,123,2024-05-02,True,True,False,0.006299329663535667,True,True,18457.273446209434,0.0,18457.273446209434,1640455.3565167254,1640455.3570370919,-0.0005203666574188031,854322.1006705215,34.24442120202321,0.5808030341003317,4994.915231142274,21083.115635394064,10084.6376561594,0.6036994182582376,0.5896960898799076,0.6964130273947124,66963.65993753559,52921.433302511876,33885.613770212236,175.61938209688157,2482.4246124181786,2658.04399451506,0.0,0.0,0.0,32529.289536461813,33838.031232756846,31030.307654450433,2464767.2139371526,14183.549171442977,5019.152263246331,0.0,2483969.915371842,18540.868892879866,13988.420643581943,32529.289536461813,19975.905630406938,13862.125602349908,33838.031232756846,17280.39303234937,13749.914622101063,31030.307654450433,6583.619592463432,24249.67200059366,10473.940800764456,6583.619592,24249.672000000002,10473.940799999998,4.634321157936938e-07,5.93656295677647e-07,7.644575816811994e-07,2113.7930363143705,1527.0125755328022,9867.63783436226,1392.0,2397.46,1159.37,0.0,0,mef_soft,0.2,36543.657766000004,36543.65776472729,1.2727105058729649e-06
M2__S1__D1__start001__ndays366__20260326T074443Z,M2,S1,D1,124,2024-05-03,True,True,False,0.0058483399315432385,True,True,39206.994430587205,0.0,39206.994430587205,1660920.7886306175,1660920.7886306175,0.0,701732.8333869234,29.701045758357612,0.4245411140743902,4450.247914243456,15479.539794946371,5580.304775994849,0.6333171612270472,0.47418193336957853,0.42796589402179375,72987.71859368324,72106.39731362165,14389.393530750527,173.38109399766068,2613.322325586395,2786.7034195840556,0.0,0.0,0.0,30644.02449084375,33406.76185002144,32666.529070514436,2329855.0453482466,14002.778296737879,5283.811077046382,0.0,2349141.6347220307,23544.724210639113,7099.300279575655,30644.024490214768,19826.125646537184,13580.636203228896,33406.76184976607,17597.526826494104,15069.00224238425,32666.52906887835,6583.619592018647,24249.67200011221,10473.940800337332,6583.619592,24249.672000000002,10473.940799999998,1.8647369870450348e-08,1.122061803471297e-07,3.3733340387698263e-07,23789.053884968533,1473.154301412737,10387.956244205921,0.0,2397.46,1159.37,0.0,0,mef_soft,0.2,17176.096964,17176.096950334584,1.366541619063355e-05
M2__S1__D1__start001__ndays366__20260326T074443Z,M2,S1,D1,125,2024-05-04,True,True,False,0.0,True,True,13107.937510923584,7.946239196034785e-07,13107.937510923584,2492359.01363834,2081143.7600087186,411215.25362962135,126875.66433101459,5.746129899602417,0.40289663589926317,5002.830347028834,15725.669905569164,9137.96178041223,0.8833702615649324,0.7560189822950217,0.717020208608807,9290.63006111751,8579.435430153873,4657.592963621356,157.18420249240557,2072.9030225582874,2230.0872250506927,2.755737136401819e-07,2.6416583298626275e-07,2.548843729770339e-07,27875.3627627192,30285.973505486523,25911.287782621876,2146369.5003615995,12694.668654473364,4191.150798735072,0.0,2163255.319814808,23288.169903038477,4587.19285940515,27875.362762443627,14788.02438739474,15497.949117827618,30285.97350522236,15421.092690566966,10490.195091800026,25911.28778236699,6583.619592022933,24249.67200018106,10473.940800006741,6583.619592,24249.672000000002,10473.940799999998,2.2932908905204386e-08,1.8105856725014746e-07,6.74299371894449e-09,3.918304831733224e-07,1311.3179958625626,8239.789514669192,0.0,2397.46,1159.37,0.0,0,mef_soft,0.2,6905.574502400001,6887.680188672049,17.894313727952067
M2__S1__D1__start001__ndays366__20260326T074443Z,M2,S1,D1,126,2024-05-05,True,True,False,0.009153938590647321,True,True,16111.375369799063,0.0,16111.375369799063,2409452.807732716,2093799.9114438167,315652.89628889906,114223.59318615538,5.1731149123477005,0.5396255162372877,5280.6273647001735,20356.832381853546,10382.613326732355,0.8585134763189025,0.9999999988730429,0.9174032077910856,11261.545656001965,8185.02659208038,5337.431380116003,164.43643634295265,2254.366315386836,2418.8027517297887,0.0,0.0,0.0,27422.743176026102,31683.321049433827,28179.579092247754,2210438.640738642,13280.380859187178,4558.046894436949,0.0,2228277.0684922663,22831.052937253746,4591.690234679132,27422.74317193288,27948.819147830487,3734.501904867371,31683.321052697855,24009.309968919795,4170.269125718054,28179.57909463785,6583.619602501974,24249.67198473684,10473.940808482175,6583.619592,24249.672000000002,10473.940799999998,1.0501974429644179e-05,-1.5263161913026124e-05,8.482176781399176e-06,880.1109207263369,1321.3283454100551,8961.106103662674,1392.0,2397.46,1159.37,0.0,0,mef_soft,0.2,7756.234129600001,7756.234131845792,-2.245790710730944e-06
M2__S1__D1__start001__ndays366__20260326T074443Z,M2,S1,D1,127,2024-05-06,True,True,False,0.008700175009676956,True,True,79725.1758072047,0.0,79725.1758072047,1294478.8695894517,1287635.8416372908,6843.027952160943,1237346.765679132,49.00416985423106,0.4063900813547406,5115.001937904456,16622.61840077621,4166.605051572067,0.4823113565865368,0.4934492216824367,0.5356448715620509,125729.7400171283,190950.94058249734,25681.167589321987,180.31554002650836,2603.762008983341,2784.077549009849,0.0,0.0,0.0,32795.21970101694,34742.87860208803,32547.025119944352,2497517.80865896,14562.825001481988,5264.481311989295,0.0,2517345.114972431,20700.38662249127,12094.833079298718,32795.21970178999,27850.82998767712,6892.048615550102,34742.87860322722,20632.266702222216,11914.758418814352,32547.025121036568,6583.619592124172,24249.672000623912,10473.940800621729,6583.619592,24249.672000000002,10473.940799999998,1.2417240213835612e-07,6.239097274374217e-07,6.217305781319737e-07,61481.75990036789,1552.631921128019,10349.95398570878,2784.0,2397.46,1159.37,0.0,0,mef_soft,0.2,28465.245162,28465.245138331837,2.3668162612011656e-05
M2__S1__D1__start001__ndays366__20260326T074443Z,M2,S1,D1,128,2024-05-07,True,True,False,0.009689471323257233,True,True,51910.15594526742,0.0,51910.15594526742,1271259.82655393,1242785.344665714,28474.481888216313,1196621.5759770512,49.05379114287953,0.4876291842808727,4427.389498909649,16713.76665991682,7185.238755096253,0.4568135629629714,0.6705236412133294,0.40962769439247276,105348.8808128623,154707.380036239,16796.15825102378,178.58943988797182,2476.034866237782,2654.6243061257537,0.0,0.0,0.0,31881.87530476877,34410.29670364842,30950.43582884118,2409343.155383331,14423.41996598148,5006.232995175067,0.0,2428772.8083444876,10659.336136069252,21222.539168332987,31881.875304402238,18749.46344786437,15660.83325550639,34410.29670337076,14753.933827047726,16196.50200149477,30950.435828542497,6583.619592023908,24249.672000149152,10473.940800059157,6583.619592,24249.672000000002,10473.940799999998,2.3907887225504965e-08,1.4914985513314605e-07,5.915899237152189e-08,35610.957245647995,1508.1301063242277,9842.238593295186,1392.0,2397.46,1159.37,0.0,0,mef_soft,0.2,19450.782562,19450.782557149534,4.850466211792082e-06
M2__S1__D1__start001__ndays366__20260326T074443Z,M2,S1,D1,129,2024-05-08,True,True,False,0.008591698703216704,True,True,34466.86744394619,0.0,34466.86744394619,1183060.0688950627,1182872.0008033335,188.0680917292416,1179561.729015706,49.92993937256642,0.4538991641498775,7619.577035991247,23676.281738881313,8223.346597861108,0.44989288527172694,0.9999999306569637,0.9590217455706516,113238.48323439539,131254.24669331952,44330.72120284665,174.97037095872344,2271.99185603393,2446.9622269926535,0.0,0.0,0.0,31275.569210132497,33712.9809163658,28399.89819619868,2335987.589163292,14131.133080871201,4593.683534185995,0.0,2354712.4057783494,9252.866586433187,22022.70262698121,31275.569213414397,28119.698687063326,5593.282234395307,33712.98092145863,21597.24558654269,6802.652615186391,28399.89820172908,6583.6195921248745,24249.672000961797,10473.940802192494,6583.619592,24249.672000000002,10473.940799999998,1.2487453204812482e-07,9.617942851036787e-07,2.192495230701752e-06,20414.182534516396,1464.6872816949178,9031.167627734872,0.0,2397.46,1159.37,0.0,0,mef_soft,0.2,46777.68353,46777.68342983931,0.00010016069427365437
M2__S1__D1__start001__ndays366__20260326T074443Z,M2,S1,D1,130,2024-05-09,True,True,False,0.008539482257021738,True,True,37880.97591194927,0.0,37880.97591194927,949426.3491700578,943674.0388387847,5752.310331273115,1501540.511537923,61.40731132597738,0.40252409005090817,8274.518979596874,21082.164846947304,4795.943704136589,0.3293236260297683,0.04767406554371191,0.6767443795763826,146279.83930091967,109576.12970709735,58228.858479979186,176.72996540914883,2321.782522836249,2498.512488245398,0.0,0.0,0.0,31407.06000449114,34052.01645845293,29022.28153635293,2416165.3902775804,14273.24321793017,4694.354038419421,0.0,2435132.9875339298,9876.217367090252,21530.842637672322,31407.060004762578,20494.349215721144,13557.667243496537,34052.01645921768,19546.065184776468,9476.216352375252,29022.28153715172,6583.619591978995,24249.672000137878,10473.940801081642,6583.619592,24249.672000000002,10473.940799999998,-2.1004780137445778e-08,1.3787575880996883e-07,1.081643858924508e-06,20835.30386682356,1475.756516851614,9229.08552827409,2784.0,2397.46,1159.37,0.0,0,mef_soft,0.2,60727.371,60727.37096822458,3.1775416573509574e-05
M2__S1__D1__start001__ndays366__20260326T074443Z,M2,S1,D1,131,2024-05-10,True,True,False,0.008602628928393887,True,True,29915.807679021804,0.0,29915.807679021804,1376595.190239647,1376595.190239647,0.0,1153588.5413945527,45.59307401164384,0.3457511744967512,4593.889026611249,21019.999006866943,9988.42467193374,0.5007338059051563,0.23560984793950884,0.3575045347851562,95587.65447288373,65703.4236075506,38209.015560492626,177.71593750068132,2144.461729924252,2322.177667424933,0.0,0.0,0.0,33726.787514495685,34241.99181115889,26805.771624172274,2502335.4943324775,14352.873287630317,4335.833560194086,0.0,2521024.2011803016,16058.323995404031,17668.463518635843,33726.787514039876,6112.171460871234,28129.820349966714,34241.99181083795,15900.978514240156,10904.793109670376,26805.771623910532,6583.619592047775,24249.672000688093,10473.94080124209,6583.619592,24249.672000000002,10473.940799999998,4.777484718943015e-08,6.880909495521337e-07,1.2420914572430775e-06,12120.278411774983,1538.4638907979236,8524.235376448902,4176.0,2397.46,1159.37,0.0,0,mef_soft,0.2,40531.193232,40531.19322791756,4.082437953911722e-06
M2__S1__D1__start001__ndays366__20260326T074443Z,M2,S1,D1,132,2024-05-11,True,True,False,0.009286662116267786,True,True,14293.116612852251,8.857078183370803e-07,14293.116612852251,1276836.6510941128,1243583.0309878662,33253.62010624664,997977.0604309104,44.5215394515366,0.330761943913064,5690.426983919427,22939.834590714192,9592.477747148178,0.5215706726469936,0.2228627933837526,0.18784637376092309,81292.8453344003,46645.56569719482,33496.870173057236,161.9252230895807,1941.677029765062,2103.6022528546428,2.7708316881863563e-07,3.0155903900274165e-07,3.07065610515703e-07,29285.608327114158,31199.464947287102,24270.9628735866,2217096.866348581,13077.5677283679,3925.828244556412,0.0,2234100.262321505,19722.68886326513,9562.919463585045,29285.608326850175,7092.756380659442,24106.70856633929,31199.464946998727,6502.733134797773,17768.22973849495,24270.962873292723,6583.619595559728,24249.67200352096,10473.940800020377,6583.619592,24249.672000000002,10473.940799999998,3.5597277019405738e-06,3.520955942803994e-06,2.037813828792423e-08,1666.0186580691093,1352.1017614670204,7718.16619331612,0.0,2397.46,1159.37,0.0,0,mef_soft,0.2,35600.701468,35600.47242591188,0.22904208811814897
M2__S1__D1__start001__ndays366__20260326T074443Z,M2,S1,D1,133,2024-05-12,True,True,False,0.00411992516032125,True,True,18577.43181084355,0.0,18577.43181084355,906089.2235117428,882137.4738921631,23951.74961957971,1212425.5511540556,57.884414871082825,0.38504722271776176,7190.972162541931,20559.506409259913,10663.616174693374,0.3627993858181439,0.3590771340012861,0.0039887553839119665,116245.28284109503,70551.87616764844,47078.88623966364,154.91144858101342,1977.644546970639,2132.5559955516524,0.0,0.0,0.0,26341.73891225308,29848.06325970585,24720.556833605995,2062014.4896215356,12511.114217274886,3998.550068510958,0.0,2078524.1539073214,12080.10706729881,14261.631849472473,26341.73891677128,7534.04709888195,22314.01616525818,29848.063264140128,1485.522476460012,23235.034361351638,24720.556837811648,6583.619601152961,24249.672054334056,10473.94080351712,6583.619592,24249.672000000002,10473.940799999998,9.152960956271272e-06,5.433405385701917e-05,3.517121513141319e-06,1735.1268658486365,1248.3378707866186,7861.137074208292,4176.0,2397.46,1159.37,0.0,0,mef_soft,0.2,49211.442268,49211.44223521529,3.278470830991864e-05
M2__S1__D1__start001__ndays366__20260326T074443Z,M2,S1,D1,134,2024-05-13,True,True,False,0.009935610471194357,True,True,27019.95249233156,0.0,27019.95249233156,1887075.9331028867,1886779.2552101216,296.67789276542715,331626.3847806492,14.948861416617607,0.3444457862875458,3698.001635234839,19205.081849658556,4663.3315438840655,0.8199467037512969,0.8416914470375495,0.9611228583432385,36577.299141363634,14598.44311924673,13274.992400231573,166.21112689646145,2163.9803114996166,2330.191438396078,0.0,0.0,0.0,28771.07640622226,32025.265242778216,27049.75389703237,2203389.9923076574,13423.710202364215,4375.297691897344,0.0,2221189.000201919,19897.25163418201,8873.824771905802,28771.076406087814,14893.689264578335,17131.57597917183,32025.265243750167,15608.017880165093,11441.736014928101,27049.753895093192,6583.619592443983,24249.672111304735,10473.940800033684,6583.619592,24249.672000000002,10473.940799999998,4.4398257159627974e-07,0.00011130473285447806,3.3685864764265716e-08,9324.952002053844,1360.3487520667409,8601.821738210978,4176.0,2397.46,1159.37,0.0,0,mef_soft,0.2,15658.75201,15605.18383862765,53.56817137234975
M2__S1__D1__start001__ndays366__20260326T074443Z,M2,S1,D1,135,2024-05-14,True,True,False,0.00195641624912197,True,True,13659.50388840212,0.0,13659.50388840212,1996383.5799296517,1775317.0390224638,221066.54090718768,429531.34608998284,19.481219161837146,0.36020957091554634,7916.213209171998,22429.023440754187,9384.72915825109,0.7542616217361284,0.4917857180257021,0.5464712861917934,29491.286770414306,20159.548400104868,10178.807013145817,173.20975478945002,2199.640280701824,2372.850035491274,0.0,0.0,0.0,27971.048237620053,33373.74827831678,27495.503508477337,2176831.897429027,13988.94042729981,4447.397692574528,0.0,2195268.2355489014,25168.77243529136,2802.2758030688465,27971.048238360203,24260.611534332456,9113.136744720876,33373.74827905333,21095.577406613313,6399.926102519068,27495.503509132384,6583.619793011549,24249.67234739125,10473.940800576798,6583.619592,24249.672000000002,10473.940799999998,0.0002010115485973074,0.00034739124748739414,5.767997208749875e-07,14.185352113440462,1344.9184204989285,8743.570115789751,0.0,2397.46,1159.37,0.0,0,mef_soft,0.2,12551.6605232,12551.657048637091,0.0034745629091048613
M2__S1__D1__start001__ndays366__20260326T074443Z,M2,S1,D1,136,2024-05-15,True,True,False,0.00901458530318743,True,True,16673.750703792273,0.0,16673.750703792273,1325667.3221839922,1312801.9026070153,12865.419576976592,1051760.9575351672,44.48014367746283,0.3570122327418095,7522.5845417161445,19628.73248919121,6330.431843054305,0.4997892921673292,0.7567391218538588,0.8055581816969383,79073.52771266963,62600.93801762874,31270.520878910957,175.33098720036475,2271.2959170188324,2446.626904219197,0.0,0.0,0.0,29659.80018022886,33782.4641527278,28391.198914455334,2335501.904563359,14160.257533262997,4592.2764329225665,0.0,2354254.4385295445,14060.936167688937,15598.86402778382,29659.800195472755,20003.80889844605,13778.65527476832,33782.464173214365,18087.84127496514,10303.35765941289,28391.19893437803,6583.619592646858,24249.672006485547,10473.940843656505,6583.619592,24249.672000000002,10473.940799999998,6.468580977525562e-07,6.485544872703031e-06,4.365650602267124e-05,1285.766069918557,1410.7533637238596,9028.40127014986,1392.0,2397.46,1159.37,0.0,0,mef_soft,0.2,33717.14781,33717.14778313015,2.686984953470528e-05
M2__S1__D1__start001__ndays366__20260326T074443Z,M2,S1,D1,137,2024-05-16,True,True,False,0.00934808780820314,True,True,18958.05322265862,1.1123635943514365e-06,18958.05322265862,1904546.8543685712,1893503.7784574018,11043.075911169655,318816.2085213597,14.410944637206335,0.415594460981812,4403.339065577883,21472.53121362883,4694.9011662092535,0.8303940752696656,0.5222295469314728,0.9801912278867307,20514.42480060852,7853.396868569339,8858.86454908056,168.2351838212297,2410.664213607604,2578.8993974288337,3.756788337322145e-07,3.6373181002676983e-07,3.729529505924521e-07,28842.656076475345,32415.256989553087,30133.30271033311,2187972.411817444,13587.17912341682,4874.061706893821,0.0,2206433.6526477546,21870.542650195646,6972.113426030244,28842.65607622589,21851.371298288945,10563.885691026382,32415.256989315327,28281.528654542366,1851.7740555436726,30133.302710086034,6583.619594921956,24249.67201557742,10473.940803711688,6583.619592,24249.672000000002,10473.940799999998,2.921956365753431e-06,1.557741779834032e-05,3.7116897146916017e-06,254.92688317000855,1387.906091899449,9582.390249090226,4176.0,2397.4599984989354,1159.37,0.0,0,mef_soft,0.2,11437.764162,11437.763946509393,0.00021549060693359934
M2__S1__D1__start001__ndays366__20260326T074443Z,M2,S1,D1,138,2024-05-17,True,False,True,0.07759725576557107,False,False,35245.84769994205,0.0,35245.84769994205,1591114.9926508656,1591114.9926508656,0.0,747455.1488316604,31.962058164217158,0.2797940676243726,6225.268201212731,25228.682836370037,9098.08084406704,0.6501346976145603,0.34534580413652516,0.5949037950564986,59499.01811866029,46226.53606261702,22286.636805277045,170.66168851614816,2457.9623780260627,2628.624066542211,0.0,0.0,0.0,29548.784989371023,32882.79163890259,30724.52972745166,2313205.7679848764,13783.150936114813,4969.692683088616,0.0,2331958.6116040796,22704.89928960742,6843.885698054733,29548.78498766215,17003.747336161978,15879.044302740618,32882.79163890259,24407.82183237822,6316.7078950734385,30724.52972745166,6583.6195920945975,24249.672000438804,10473.940802106128,6583.619592,24249.672000000002,10473.940799999998,9.459745342610404e-08,4.3880208977498114e-07,2.1061296138213947e-06,16710.327224242465,1418.830023045987,9770.4004526536,1392.0,4794.92,1159.37,0.0,0,mef_soft,0.2,24915.260924000002,24915.260871819257,5.218074511503801e-05
M2__S1__D1__start001__ndays366__20260326T074443Z,M2,S1,D1,139,2024-05-18,True,True,False,0.008262695756944426,True,True,24458.689326283707,0.0,24458.689326283707,1089287.1797137214,1088063.327120299,1223.8525934225024,928484.1216045534,46.04325686418502,0.3639596501363554,6435.266587166329,24286.655661339337,3742.44578405142,0.4743608871855757,0.4419893427481251,0.4392487906326506,79807.27623126417,52095.86049853728,23644.867297159006,158.79103653239508,2037.0714072028554,2195.8624437352505,0.0,0.0,0.0,25003.69955004985,30595.57543320492,25463.39258364112,1987457.4344924467,12824.441401372074,4118.703751569137,0.0,2004400.5796453878,12543.067426270105,12460.632122391142,25003.69954866125,11396.305634881752,19199.26979692492,30595.57543180667,10841.350556449699,14622.042026012941,25463.392582462642,6583.619593514733,24249.672008817295,10473.940808250361,6583.619592,24249.672000000002,10473.940799999998,1.5147334124776535e-06,8.817292837193236e-06,8.250362952821888e-06,7415.108739338019,1213.391743314335,8097.358843631351,4176.0,2397.46,1159.37,0.0,0,mef_soft,0.2,25840.729787999997,25840.729740894258,4.710573921329342e-05
M2__S1__D1__start001__ndays366__20260326T074443Z,M2,S1,D1,140,2024-05-19,True,True,False,0.0074098550459388065,True,True,20262.98859824108,0.0,20262.98859824108,1117878.608321316,1113352.6515001904,4525.956821125654,808406.5534214483,42.06596494249194,0.4425694695814589,4973.825373748895,20677.816293103617,8324.892904651004,0.5173838532632238,0.05521013033552946,0.4813090095555114,70784.50449650027,31043.815735645618,19474.865004729956,203.73891686251974,1881.981253997733,2085.7201708602524,0.0,0.0,0.0,22775.731791741833,29045.43862661342,23524.765682028876,1879072.3301881794,16454.5673202496,3805.130847926961,14253.405101824696,1913585.4334581806,13993.709070807605,8782.02272093423,22775.731791741833,8687.259489728247,20358.179136885174,29045.43862661342,12081.761905010375,11443.003777018497,23524.765682028876,6583.619605385612,24249.672062607635,10473.940801190569,6583.619592,24249.672000000002,10473.940799999998,1.3385611964622512e-05,6.260763257159851e-05,1.1905704013770446e-06,1489.3431744476406,1167.939939152449,7480.875484640988,5568.0,2397.46,1159.37,1000.0,0,mef_soft,0.2,21560.585652,21560.585175590208,0.0004764097939187195
M2__S1__D1__start001__ndays366__20260326T074443Z,M2,S1,D1,141,2024-05-20,True,True,False,0.009432428109229424,True,True,33638.57670663801,0.0,33638.57670663801,1105137.888339174,1105053.2190967095,84.6692424644241,1049679.786384674,48.71507438343469,0.3890922388383067,5250.7915537017025,22987.80773984826,9768.00123334807,0.4717827308785806,0.222079401180925,0.5816560553893053,94996.83324242148,55850.76636382274,26078.96658089278,155.48594623350812,2342.741837529127,2498.227783762635,0.0,0.0,0.0,26845.689854629098,29958.756562059618,29284.27296926399,2130201.844951665,12557.512374476002,4736.731152800554,0.0,2147496.0884789415,13668.204440831778,13177.485412390091,26845.68985322187,3924.9710789789297,26033.78548239154,29958.756561370472,15378.370675342409,13905.902293167173,29284.272968509584,6583.619592718895,24249.67200043209,10473.94080023151,6583.619592,24249.672000000002,10473.940799999998,7.18894625606481e-07,4.3208638089708984e-07,2.3151187633629888e-07,12509.67281865231,1299.6750838074286,9312.398804178281,6960.0,2397.46,1159.37,0.0,0,mef_soft,0.2,28577.194403999998,28577.194364655414,3.934458436560817e-05
M2__S1__D1__start001__ndays366__20260326T074443Z,M2,S1,D1,142,2024-05-21,True,True,False,0.009414825327502253,True,True,49401.57299399788,4.765485056571632e-06,49401.57299399788,1035983.3859357379,1035983.391161578,-0.0052258401918181124,1277513.9396907017,55.22003084481938,0.35312573064480984,6675.2261769148945,21899.504401169066,9188.373507946993,0.4051021637946196,9.232191977922984e-09,0.04062582910014153,110222.53931133449,65225.56903937836,30917.89789610196,146.09321927070184,2487.9264078562637,2634.0196271269656,3.592202668984688e-06,1.1732823875869443e-06,0.0,29394.86844595224,28148.982517512814,31099.080095405763,2288134.8575359364,11798.927512737751,5030.276206021908,0.0,2304964.0612546965,16107.098228597277,13287.770213762762,29394.868442360035,2174.9259097985923,25974.056605633785,28148.98251543238,6814.39913202682,24284.6809620126,31099.08009403942,6583.619592802117,24249.672001252402,10473.94080245478,6583.619592,24249.672000000002,10473.940799999998,8.02117028797511e-07,1.2523996701929718e-06,2.4547807697672397e-06,30391.43849652763,1387.7970262415915,9889.507471228648,4176.0,2397.46,1159.37,0.0,0,mef_soft,0.2,33551.917538,33551.91752322893,1.477107434766367e-05
M2__S1__D1__start001__ndays366__20260326T074443Z,M2,S1,D1,143,2024-05-22,True,True,False,0.009941134678109947,True,True,45948.79903556888,0.0,45948.79903556888,1003529.7135394819,997109.5104244062,6420.203115075724,1337954.3976975672,57.2984059684108,0.3842131391374462,6986.293700130754,21170.875784921373,9058.96007306237,0.3755697026552858,0.9408378177995567,0.6563686983001236,111167.51188102487,79012.07241837638,35973.173157485064,142.92317367331265,2405.9326211974726,2548.8557948707853,0.0,0.0,0.0,29894.476908306428,27538.183752341727,30074.157765162534,2310087.9875778975,11542.905101535653,4864.495017957694,0.0,2326495.387697391,9396.71210089345,20497.764806823976,29894.476907717428,7738.368173853617,19799.815578121175,27538.18375197479,12374.607058988891,17699.550705651185,30074.15776464008,6583.619592386593,24249.672000759918,10473.940802412239,6583.619592,24249.672000000002,10473.940799999998,3.865925464197062e-07,7.599155651405454e-07,2.4122400645865127e-06,28651.073332653992,1393.3135336549294,9563.582169259955,2784.0,2397.46,1159.37,0.0,0,mef_soft,0.2,38522.029034,38522.028952355846,8.164415339706466e-05
M2__S1__D1__start001__ndays366__20260326T074443Z,M2,S1,D1,144,2024-05-23,True,True,False,0.009959185650844247,True,True,77493.85239963008,0.0,77493.85239963008,1049260.0667610848,1049031.4088572725,228.6579038124404,1270296.9649771196,54.770035123444885,0.40733817556388835,6596.724148927722,20811.575897759034,9348.101116186997,0.4049754250217073,0.3504996982640575,0.5414401176524102,115443.54335870774,94188.16147037389,37881.163277899665,156.81533907130358,2415.1214836185836,2571.9368226898873,0.0,0.0,0.0,29223.28442014301,30214.90155171204,30189.01853687512,2293613.5638112603,12664.878135940244,4883.0737498249655,0.0,2311161.515697025,9864.625048411192,19358.659374674626,29223.284423085817,20083.79798505275,10131.10357067696,30214.90155572971,19291.140263494264,10897.878277462183,30189.018540956447,6583.619591900051,24249.67200063146,10473.940809691438,6583.619592,24249.672000000002,10473.940799999998,-9.994892025133595e-08,6.31458533462137e-07,9.691439117887057e-06,53205.11519591231,1387.7993063338872,9600.10789738387,9744.0,2397.46,1159.37,0.0,0,mef_soft,0.2,40453.100080000004,40453.10010058955,-2.0589548512361944e-05
M2__S1__D1__start001__ndays366__20260326T074443Z,M2,S1,D1,145,2024-05-24,True,True,False,0.008961852751400086,True,True,72830.100668296,0.0,72830.100668296,1197807.9997164884,1188128.6632113634,9679.336505125197,1159814.680526516,49.39704714851057,0.4654490878524233,7768.171860336799,23033.221618490683,10518.494469783285,0.43103114973962686,0.18851355056305377,0.40148928605834977,105637.34287616165,95646.76085944695,33756.44467070783,160.18762363177558,2224.7127619056146,2384.9003855373903,0.0,0.0,0.0,30215.309819620237,30864.667365025198,27808.909528863813,2316754.497247865,12937.233973803122,4498.091115790707,0.0,2334189.822337459,14729.418789394651,15485.891023445034,30215.309812839685,9789.733800357135,21074.93356058388,30864.66736094101,11722.098433625673,16086.81109254036,27808.909526166033,6583.6195922760635,24249.672000833038,10473.940802114044,6583.619592,24249.672000000002,10473.940799999998,2.7606347430264577e-07,8.330353011842817e-07,2.1140458557056263e-06,56238.57006216865,1407.467377552545,8843.233228574818,2784.0,2397.46,1159.37,0.0,0,mef_soft,0.2,36141.344986,36141.34505624522,-7.024522346910089e-05
M2__S1__D1__start001__ndays366__20260326T074443Z,M2,S1,D1,146,2024-05-25,True,True,False,0.005582285871116666,True,True,22550.350128641294,1.5919233124819874e-06,22550.350128641294,1826706.6274786715,1826209.333718753,497.2937599182617,279411.15061134554,13.269777373971548,0.43684210981525035,3783.771401364502,18592.320079386107,7074.655725859816,0.8259900544131639,0.735818127839273,0.9201683204104532,28151.730167233138,15868.563483081078,10874.835731350446,195.1956355883268,1882.76885109187,2077.964486680197,6.531075266232417e-07,4.705319001269492e-07,4.682838857317964e-07,27730.073905390644,27802.66927883226,23534.61063991968,2065605.5243806173,15764.586245326931,3806.7232708135225,13690.373804857936,2098867.2077016155,19933.422667151273,7796.651238184893,27730.07390533617,7917.753992776326,19884.91528618829,27802.66927896462,15592.875578342604,7941.735061713929,23534.610640056533,6583.619611465286,24249.67200366004,10473.940801003297,6583.619592,24249.672000000002,10473.940799999998,1.9465285731712356e-05,3.660039510577917e-06,1.0032981663243845e-06,5008.649669760427,1324.8642757906841,7484.006183090183,4176.0,2397.46,1159.37,1000.0,0,mef_soft,0.2,12953.26993,12952.800218030643,0.4697119693573768
M2__S1__D1__start001__ndays366__20260326T074443Z,M2,S1,D1,147,2024-05-26,True,True,False,0.008881700062313837,True,True,20185.64016715794,1.680540212906484e-06,20185.64016715794,1345541.5864146058,1209721.7634750835,135819.82293952245,851200.611091017,41.301924885464246,0.4507165678686324,5255.0588216085425,24306.599459806417,5429.565560778215,0.5425063587520028,0.7066613471795439,0.8894967424517829,78050.43076632354,45417.742304112064,25745.042714748968,145.80361578655055,1985.855702623567,2131.6593184101175,4.659833418454044e-07,6.243663076892189e-07,5.901905633718606e-07,27196.63012966609,28093.18222132877,24823.19627852168,2038087.5408996413,11775.538264575174,4015.1519987638503,0.0,2053878.2311629804,14203.347423438601,12993.282706459324,27196.630129897923,20356.464102006335,7736.718119392355,28093.18222139869,22142.300003291573,2680.8962753042406,24823.196278595817,6583.619594947362,24249.672015089916,10473.94080565335,6583.619592,24249.672000000002,10473.940799999998,2.947362190752756e-06,1.5089914086274803e-05,5.653351763612591e-06,4683.826344350207,1267.2074048790412,7893.776417928679,2784.0,2397.46,1159.37,0.0,0,mef_soft,0.2,27876.702034,27876.702033159087,8.409151632804424e-07
M2__S1__D1__start001__ndays366__20260326T074443Z,M2,S1,D1,148,2024-05-27,True,True,False,0.008231685910271867,True,True,45335.83636930081,0.0,45335.83636930081,1119387.8978552758,1117206.8750091253,2181.022846150498,1325404.424648732,54.26178225059324,0.32185134764183326,5795.778375448041,20588.251092069713,9846.36217400861,0.42739174100058824,0.072163494905199,0.4797580206534123,123690.52823980682,124874.86552326093,43691.10390482369,163.42952580526588,2368.4913130410896,2531.9208388463553,0.0,0.0,0.0,32053.75823322869,31489.311343249017,29606.141412445664,2418454.8727214932,13199.059737330044,4788.793373742129,0.0,2436442.725832565,14035.032258215822,18018.725977262802,32053.75823547862,18365.678499408445,13123.632846915507,31489.31134632395,18833.454130438586,10772.687285406017,29606.141415844602,6583.619592839023,24249.672001358544,10473.9408049421,6583.619592,24249.672000000002,10473.940799999998,8.390234143007547e-07,1.3585413398686796e-06,4.942101440974511e-06,30645.321170989635,1486.3022289728367,9414.752969338331,1392.0,2397.46,0.0,0.0,0,mef_soft,0.2,46223.02479,46223.024743670045,4.6329958422575146e-05
M2__S1__D1__start001__ndays366__20260326T074443Z,M2,S1,D1,149,2024-05-28,True,True,False,0.009848897329520802,True,True,24342.730248975553,1.422121137967762e-06,24342.730248975553,1113456.3239036766,1088980.398925711,24475.924977965522,1330724.6123107034,54.99532406352018,0.415679219433221,7352.873789848468,21812.08631994456,8408.796092108852,0.36604785832093106,0.7423928262333778,0.7477736218451279,118975.02925131995,99015.25598893056,37585.09429199786,165.56657201717016,2093.629584251777,2259.196156268947,5.133765682821715e-07,4.4559550125940395e-07,4.631490684261865e-07,31552.80935691746,31901.073607304264,26170.369807974894,2387292.642906953,13371.654012865032,4233.057315666859,0.0,2404897.3542354847,10614.075384847096,20938.733971991493,31552.80935683859,10183.002517443143,21718.071089849574,31901.07360729272,15075.022012472364,11095.347795473393,26170.369807945754,6583.619592308642,24249.67200080573,10473.940800389932,6583.619592,24249.672000000002,10473.940799999998,3.0864157452015206e-07,8.057286322582513e-07,3.8993312045931816e-07,11017.159190448008,1446.56346112673,8322.177597400814,0.0,2397.46,1159.37,0.0,0,mef_soft,0.2,39844.290446,39844.29044826681,-2.266810042783618e-06
M2__S1__D1__start001__ndays366__20260326T074443Z,M2,S1,D1,150,2024-05-29,True,True,False,0.007220362906321882,True,True,53783.2225529143,0.0,53783.2225529143,983209.6107400997,980614.7479127378,2594.86282736192,1375882.1422155218,58.386758241833924,0.41196570241228064,7456.205075631413,21289.183129314857,7544.232539938214,0.35524518781197634,6.569513141935033e-09,0.3086710165306933,120255.80449097077,81395.59745936253,37379.97171651508,170.7612777384644,2159.6592104634406,2330.420488201905,0.0,0.0,0.0,30124.482047646718,32901.98029906316,26995.740129857164,2327634.5942546297,13791.194061234768,4366.560966289124,0.0,2345792.3492821534,10872.056458397787,19252.425586059253,30124.482044457043,14577.813691806823,18324.166606309427,32901.98029811625,14271.840564452505,12723.899564612897,26995.7401290654,6583.619591706685,24249.672001824663,10473.94080169597,6583.619592,24249.672000000002,10473.940799999998,-2.933147698058747e-07,1.8246610125061125e-06,1.6959711501840502e-06,34663.02090673389,1410.7262845882435,8584.645361592176,5568.0,2397.46,1159.37,0.0,0,mef_soft,0.2,39710.392224,39710.39220471698,1.9283019355498254e-05
M2__S1__D1__start001__ndays366__20260326T074443Z,M2,S1,D1,151,2024-05-30,True,True,False,0.009840959233770204,True,True,19892.795292597144,1.4675922961916358e-06,19892.795292597144,1536389.7504680865,1536389.7503325525,0.00013553361176730312,752586.8406314369,32.878747803816076,0.3133699945093529,3749.8487257475886,20921.040053754656,7773.7589527325135,0.6383108553503225,0.10461569706800761,0.6354878885748614,52913.06191141257,28104.847025058138,15131.420012592367,178.16778654891948,2449.7531569857383,2627.920943534658,6.152676646729647e-07,4.53696805492852e-07,3.9862782602581906e-07,29224.448609230607,34329.053286540235,30621.914463943296,2261895.443262958,14389.365974930552,4953.094664292847,0.0,2281237.9039021814,19614.81653955746,9609.632069559375,29224.448609116836,3483.8795410202247,30845.173745564334,34329.05328658456,16719.878148408297,13902.036315634246,30621.914464042544,6583.619592118911,24249.672000515508,10473.940800244822,6583.619592,24249.672000000002,10473.940799999998,1.1891097528859973e-07,5.155052349437028e-07,2.4482324079144746e-07,2398.2757143293006,1415.920779249534,9737.76879901831,2784.0,2397.46,1159.37,0.0,0,mef_soft,0.2,17759.340956,17759.340956127024,-1.2702366802841425e-07
M2__S1__D1__start001__ndays366__20260326T074443Z,M2,S1,D1,152,2024-05-31,True,True,False,0.0028525731640707814,True,True,14782.706841301304,1.0776339302489499e-06,14782.706841301304,2182393.9479379533,2000913.1524129584,181480.79552499473,406233.5367667034,16.876143800988917,0.46637776873560965,6617.177522893493,27991.295633594564,12081.473470435898,0.7385918608408094,0.8964853616549193,0.6757659000317149,25257.10880627197,9138.18088102273,7769.824328781385,213.25565751485607,2452.7461677754472,2666.0018252903033,3.411029117138689e-07,3.3919757197196946e-07,3.973334465631115e-07,29914.546711343304,34121.134038745455,30659.327097148427,2364240.420486155,17223.167900565768,4959.146157972264,0.0,2386422.7345446926,23535.193949355955,6379.352761703402,29914.546711059353,15198.469678333367,18922.664360130213,34121.134038463584,21662.67908161915,8996.64801518934,30659.32709680849,6583.619595445143,31218.2600266076,10473.94080066139,6583.619592,24249.672000000002,10473.940799999998,3.445143192948308e-06,6968.588026607598,6.613918230868876e-07,-4.062328601529724,1480.273154551511,9749.666016907404,0.0,2397.4599984439237,1159.37,0.0,0,mef_soft,0.2,10435.8264488,10435.826154071689,0.00029472831192833837
M2__S1__D1__start001__ndays366__20260326T074443Z,M2,S1,D1,153,2024-06-01,True,True,False,0.0010524357481226957,True,True,12256.084806158327,0.0,12256.084806158327,2213178.6569782123,1714312.9106841316,498865.7462940808,332681.9144079281,16.252210818020334,0.4661727662548924,6613.94593509688,18501.786994846672,8352.025142480243,0.788859543115017,0.9999999886782505,0.22754873253538194,22638.362312322257,9308.747910338285,8427.872907278692,127.95339454440385,1943.3810040211588,2071.3343985655624,0.0,0.0,0.0,25407.290021158264,29930.299192640246,24292.26255032379,1962001.9342003083,10333.900743214659,3929.2734675206757,0.0,1976265.1084110436,20606.237434301802,4801.052587152416,25407.290021454217,24093.780117777707,5836.519075152523,29930.29919293023,10129.266663465422,14162.995886997069,24292.26255046249,6583.61959621546,25941.79407979906,10473.940801088253,6583.619592,24249.672000000002,10473.940799999998,4.215459739498328e-06,1692.1220797990572,1.0882540664169937e-06,-208.04441780391465,1182.3597329781326,7724.939490984107,0.0,2397.46,1159.37,0.0,0,mef_soft,0.2,10499.2073232,10499.207305844255,1.7355745512759313e-05
M2__S1__D1__start001__ndays366__20260326T074443Z,M2,S1,D1,154,2024-06-02,True,True,False,0.00014897728041465732,True,True,11212.56005080331,9.937368949672643e-07,11212.56005080331,1893348.3810251188,1521335.1993631683,372013.1816619504,319938.9912079654,17.37595589219254,0.5686690557711923,8972.330961252635,23041.024278758316,10697.043987198556,0.7139567960244948,0.6185591288899155,0.47677583382471095,23344.572968005814,11706.70122386783,10105.65629252672,137.90455587285322,1780.136650960659,1918.0412068335122,3.2308476891599497e-07,3.2551566298909695e-07,3.4513646306217234e-07,23997.69481907237,28263.327445170195,22251.708138287257,1877167.107662593,11137.586443095446,3599.2137911611635,0.0,1891903.9078968496,19261.321792644805,4736.373026109763,23997.69481875457,23080.03732018591,5183.290124664072,28263.327444849987,6953.707585343944,15298.000552603491,22251.708137947433,6583.619593197724,24249.67200544223,10473.940800151628,6583.619592,24249.672000000002,10473.940799999998,1.1977235772064887e-06,5.442227120511234e-06,1.5162913769017905e-07,-551.8229572100148,1131.5098224381006,7076.043187568619,0.0,2397.45999801523,1159.369999991374,0.0,0,mef_soft,0.2,12023.697500000002,12023.697499360233,6.39769496046938e-07
M2__S1__D1__start001__ndays366__20260326T074443Z,M2,S1,D1,155,2024-06-03,True,True,False,0.009936417209547594,True,True,28295.245329592388,1.8556566484702453e-06,28295.245329592388,1150712.7894651731,1136537.7572416724,14175.032223500846,1207466.5707411626,51.5129838424942,0.5052794102045856,9491.293629895543,24340.359811494603,3856.767245108902,0.42798178042347274,0.23278434119525426,0.8274893048191309,103730.48402195511,114046.94845101696,29996.664808979054,158.69261385404897,2213.050065010074,2371.742678864123,7.000446443945423e-07,6.125784964380333e-07,5.430335076376698e-07,30184.84592329914,30576.61153611508,27663.125802830742,2315852.5834546695,12816.492490005625,4474.510600224128,0.0,2333143.5865448993,15183.311629046737,15001.534293552359,30184.845922599096,17034.655711246636,13541.955824255863,30576.611535502503,17055.58398933465,10607.541812953055,27663.12580228771,6583.6195930174545,24249.672002206782,10473.940810025404,6583.619592,24249.672000000002,10473.940799999998,1.0174544513574801e-06,2.2067797544877976e-06,1.0025405572378077e-05,10361.917325592964,1403.6239955843755,8796.874008415043,4176.0,2397.46,1159.37,0.0,0,mef_soft,0.2,32368.407488,32368.40748784318,1.5682235243730247e-07
M2__S1__D1__start001__ndays366__20260326T074443Z,M2,S1,D1,156,2024-06-04,True,True,False,0.009950637714538949,True,True,117090.39301481812,1.0001000000000002e-06,117090.39301481812,844900.4217985766,839911.1454611376,4989.276337438977,1566983.57285363,65.10395161574756,0.44807827815203893,7235.469455047557,20481.1576116595,7547.272986730627,0.27271498816762174,0.33967658431923625,0.6555404406919747,184151.33650200278,159114.01431112137,65028.404636365776,166.73244954316044,2256.753333411497,2423.485782954657,0.0,0.0,1.0001000000000002e-06,31186.76626093828,32125.712823624977,28209.416678669215,2376080.425380678,13465.813786225648,4562.873145991371,0.0,2394109.1123128952,5105.845448988011,26080.92081195027,31186.76626093828,10612.70859577804,21513.00422784771,32125.71282362575,19557.007715022068,8652.40896264705,28209.416677669116,6583.619592,24249.672000000002,10473.940799999997,6583.619592,24249.672000000002,10473.940799999998,0.0,0.0,-1.8189894035458565e-12,94527.64284902287,1450.6956654844994,8970.594500310703,9744.0,2397.46,0.0,0.0,0,mef_soft,0.2,67451.89042200001,67451.89041932044,2.6795751182362437e-06
M2__S1__D1__start001__ndays366__20260326T074443Z,M2,S1,D1,157,2024-06-05,True,True,False,0.005992364773408066,True,True,106732.84119795928,1.121499081657935e-06,106732.84119795928,1054874.9931871626,1052882.129070931,1992.8641162313324,1206200.4375380795,53.39337549528538,0.3784349328907262,7507.891265658855,20307.804320647174,4877.683032698414,0.40854475765241416,0.2064906943766975,0.492736766107376,135774.4892963462,59590.87065854904,44238.0784345653,164.1257651399569,2201.19279755466,2365.318562694617,4.421390186006352e-07,3.4771946334663675e-07,3.316405997106632e-07,29192.56796627341,31623.461491271028,27514.909969416425,2230490.2822070606,13255.290118707167,4450.536687567319,0.0,2248196.1090133353,11661.141602300268,17531.426363824616,29192.567966124883,9105.236967441533,22518.224523775585,31623.461491217116,15982.681652151772,11532.228317226953,27514.90996937873,6583.61959206889,24249.672000207687,10473.940800184258,6583.619592,24249.672000000002,10473.940799999998,6.888967618579045e-08,2.076849341392517e-07,1.8425998860038817e-07,87482.7506357778,1375.5191932549117,8749.741370279773,5568.0,2397.4599986467792,1159.37,0.0,0,mef_soft,0.2,46603.396995999996,46603.396997259915,-1.2599193723872304e-06
M2__S1__D1__start001__ndays366__20260326T074443Z,M2,S1,D1,158,2024-06-06,True,True,False,0.008666776475167145,True,True,101421.22828997114,0.0,101421.22828997114,1073169.6466300036,1073169.6466300036,0.0,1130618.9376383438,51.3034211044208,0.4192397086255266,5556.942024602438,20323.578253509622,8933.788792591515,0.4368093223188465,6.782402439262005e-09,0.061648146185244244,114469.47334834193,57309.35837488425,28129.751614598823,163.8835655372576,2068.9862394375764,2232.869804974834,0.0,0.0,0.0,28623.73657773483,31576.79490823172,25862.327998418317,2176614.5598265743,13235.729350910227,4183.231552892861,0.0,2194033.520730377,14991.780700013622,13631.95587639772,28623.736576411342,3933.1916879290034,27643.603220347468,31576.79490827647,8578.630271600294,17283.69772691791,25862.32799851821,6583.619591378747,24249.6719999588,10473.940797343932,6583.619592,24249.672000000002,10473.940799999998,-6.21253093413543e-07,-4.120374796912074e-08,-2.656066499184817e-06,84120.26965597217,1343.9083322345505,8224.220301764368,4176.0,2397.46,1159.37,0.0,0,mef_soft,0.2,30362.621266,30362.621419573657,-0.0001535736591904424
M2__S1__D1__start001__ndays366__20260326T074443Z,M2,S1,D1,159,2024-06-07,True,True,False,0.005305822035427192,True,True,24906.6701140012,5.019028035487473e-07,24906.6701140012,1998637.9719367367,1997174.9683429045,1463.0035938321032,149036.34280047414,6.94415978644135,0.4577114177013171,4468.721231141709,20456.52908255178,4815.243699039311,0.8891699618893361,0.9999999911349553,0.8919339349347729,13698.59743618131,8567.353781601758,2577.8501409946816,157.05316468648982,2153.8179534276514,2310.871118114141,4.5896791796924323e-07,4.293488557950409e-08,0.0,28765.84659733319,30260.72537314929,26922.724415280645,2122836.2418606933,12684.085647398464,4354.750674591542,0.0,2139875.0781826833,24062.017562710833,4703.829034153428,28765.84659686426,9963.177958077962,20297.547414888377,30260.725372966335,15929.930180604233,10992.794234541412,26922.724415145647,6583.619592023087,24249.672000026254,10473.940800016087,6583.619592,24249.672000000002,10473.940799999998,2.308661350980401e-08,2.62516550719738e-08,1.60889612743631e-08,8655.851657494552,1348.5620916317346,8561.426364874915,2784.0,2397.46,1159.37,0.0,0,mef_soft,0.2,4888.721259800001,4888.721259108823,6.91177774569951e-07
M2__S1__D1__start001__ndays366__20260326T074443Z,M2,S1,D1,160,2024-06-08,True,True,False,0.009074856502722592,True,True,29527.283665964766,1.1092002000780894e-06,29527.283665964766,1369177.1109366906,1367672.9312366624,1504.1797000279864,563119.2516345744,29.165192226807786,0.41776863059318065,6753.435350999251,21128.643622216896,8251.581378936056,0.6603725466123237,3.30563844554687e-08,0.6623081069540034,45325.89168745749,15000.970652792177,8352.528103670269,138.21583579019904,1954.6180996641424,2092.8339354543414,3.9167901407623296e-07,3.714443090216286e-07,3.4607687698022786e-07,25612.58945139138,26631.182226736648,24432.726243777164,1906489.641914038,11162.726344863091,3951.9934702648156,8.889187308430845e-06,1921604.3617380552,22205.232327947197,3407.357123176875,25612.58945112407,18062.018318453862,8569.163908035785,26631.182226489647,17110.93462576252,7321.7916177929055,24432.726243555422,6583.619592099993,24249.67200042058,10473.940802307687,6583.619592,24249.672000000002,10473.940799999998,9.999257599702105e-08,4.2057945393025875e-07,2.307688191649504e-06,16765.961613669304,1202.255108110396,7769.606946164967,1392.0,2397.45999802011,0.0,0.0,0,mef_soft,0.2,10445.3620392,10445.362039124611,7.538801582995802e-08
M2__S1__D1__start001__ndays366__20260326T074443Z,M2,S1,D1,161,2024-06-09,True,True,False,0.008771241921768766,True,True,15615.062165489886,9.213236572495574e-07,15615.062165489886,707876.6457241641,701174.5339409166,6702.111783247407,1294883.4865231947,64.87203644622095,0.3390992720841832,9237.824968484276,14352.373268258763,3648.8026611797927,0.28950219896642765,0.6197190380342353,0.44446869004307615,94898.16874718425,62734.12098376313,22298.01191106879,138.2230057674662,1846.380900000471,1984.6039057679372,3.071665322223229e-07,3.0302434799333784e-07,3.1113277703389675e-07,25605.33522120297,26632.563732058046,23079.76125220828,1968994.075633382,11163.305413775053,3733.1513821891795,0.0,1983890.5324293463,8026.166652926406,17579.16856799036,25605.335220916768,5321.2283359808625,21311.335395795133,26632.563731775997,11839.747050313033,11240.014201605087,23079.76125191812,6583.619592073998,24249.672000347055,10473.94080040539,6583.619592,24249.672000000002,10473.940799999998,7.399830792564899e-08,3.4705226426012814e-07,4.0539089241065085e-07,742.8494839569121,1192.0186040310996,7339.364077501872,2784.0,2397.46,1159.37,0.0,0,mef_soft,0.2,24282.615818,24282.615816836726,1.163272827398032e-06
M2__S1__D1__start001__ndays366__20260326T074443Z,M2,S1,D1,162,2024-06-10,True,True,False,0.008657298024625872,True,True,79358.28279132559,1.3055277365652931e-06,79358.28279132559,573647.7323920641,573038.3069183636,609.4254737005556,1731248.0725726688,75.13163676101165,0.41463753497084416,7781.272610599772,35394.65218992543,10872.131019801345,0.1898090448527055,1.9343599677583977e-07,0.7643342427943367,152205.8321168932,186457.99293881876,27855.560605098824,151.4600232455041,2172.9546627896298,2324.414686035134,4.55119403138223e-07,4.25474689153819e-07,4.2493364427325105e-07,30851.299260321994,29183.04879461131,27161.9332836502,2280122.8074041847,12232.366732871855,4393.442708838516,0.0,2296748.616845895,2748.554337592136,28102.744922540252,30851.299260132393,8435.123088136004,20747.925706368398,29183.048794504408,17560.071195745906,9601.862087797952,27161.933283543854,6583.61959222587,24249.67200096255,10473.940801879042,6583.619592,24249.672000000002,10473.940799999998,2.258702807012014e-07,9.625473467167467e-07,1.879043338703923e-06,61341.444261635224,1413.883745101626,8637.494784588778,5568.0,2397.46,0.0,0.0,0,mef_soft,0.2,30179.975292000003,30179.97529113396,8.660426829010248e-07
M2__S1__D1__start001__ndays366__20260326T074443Z,M2,S1,D1,163,2024-06-11,True,True,False,0.00869449182998753,True,True,65942.58017962726,1.554414049053794e-06,65942.58017962726,1207225.39373656,1207225.393656285,8.027475640291079e-05,1058962.505583296,46.728804171032365,0.3637582561644261,5392.476630027052,19822.228728317186,8685.969679634938,0.48058587539075653,0.5203505650533917,0.2396454399908761,95064.33969865555,76921.00934685799,20425.322070823626,140.63441576791206,2073.846002776205,2214.480418544117,5.838491162515162e-07,4.67905235417012e-07,5.026596973852658e-07,30519.269549416225,27097.18993642307,25923.07503482589,2240931.464142639,11358.058133599076,4193.0573868732645,0.0,2256482.5796631114,12954.657269273193,17564.612280124296,30519.26954939749,9551.94968255543,17545.240253963006,27097.189936518436,12510.907759802642,13412.167275083884,25923.075034886526,6583.619592103554,24249.672000799055,10473.940802037825,6583.619592,24249.672000000002,10473.940799999998,1.0355415724916384e-07,7.99052941147238e-07,2.037826561718248e-06,47193.25768829338,1380.9546322411968,8243.537861035415,5568.0,2397.4599980572757,1159.37,0.0,0,mef_soft,0.2,22639.802486,22639.802489367743,-3.3677424653433263e-06
M2__S1__D1__start001__ndays366__20260326T074443Z,M2,S1,D1,164,2024-06-12,True,True,False,0.009359506171507822,True,True,33191.421351949415,8.851253180295037e-07,33191.421351949415,1341842.7980290637,1341842.7843989187,0.013630144831865221,797995.2605668564,37.292320437251576,0.39088864701920906,5838.605332475837,22271.38087296508,8867.90819043105,0.5924093492276497,1.0123479356701007e-07,0.15348398297418686,63818.358880697444,31887.066735337485,10961.345707416014,134.6117032388687,2089.6648508363096,2224.2765540751784,5.639298755239392e-07,1.33467031199111e-07,1.877284113064535e-07,28774.012040537113,25936.744361800673,26120.81063697043,2116529.6485271263,10871.645766783084,4225.0411202846635,0.0,2131626.335414194,22804.59972047388,5969.412319499297,28774.01203997318,7465.363922960594,18471.38043870661,25936.744361667206,6150.149695749953,19970.660941032747,26120.8106367827,6583.619592374745,24249.672001436484,10473.940800933959,6583.619592,24249.672000000002,10473.940799999998,3.7474455893971026e-07,1.4364813978318125e-06,9.3396010925062e-07,18619.416303323524,1316.7572665515565,8306.417782074332,1392.0,2397.46,1159.37,0.0,0,mef_soft,0.2,13185.622266,13185.622261491193,4.508807251113467e-06
M2__S1__D1__start001__ndays366__20260326T074443Z,M2,S1,D1,165,2024-06-13,True,True,False,0.009827108569019203,True,True,19302.189522687928,0.0,19302.189522687928,1536736.0115781585,1519167.3833177346,17568.628260423997,659291.840536774,30.26413500502618,0.44966148574689574,4723.129819608345,22244.287091277674,7915.715890733842,0.6451099557848509,0.5649757196166677,0.5169935767347108,54048.99309823109,21085.31477935109,11002.593982864228,143.31984842612758,2061.7544716995985,2205.074320125726,0.0,0.0,0.0,29138.057469887488,27614.61434135944,25771.930895886304,2152386.123831885,11574.941746926606,4168.609822539028,0.0,2168129.6754013505,19121.891225310625,10016.166246769906,29138.057472080534,8424.661161037326,19189.953182732672,27614.61434377,8436.627041223703,17335.303855791484,25771.930897015187,6583.619592320776,24249.67200069328,10473.94080120145,6583.619592,24249.672000000002,10473.940799999998,3.2077605283120647e-07,6.932787073310465e-07,1.201451595989056e-06,4821.327465918159,1336.5580317638678,8195.474025005904,1392.0,2397.46,1159.37,0.0,0,mef_soft,0.2,13209.24603,13207.668302989954,1.5777270100461465
M2__S1__D1__start001__ndays366__20260326T074443Z,M2,S1,D1,166,2024-06-14,True,True,False,0.00919114608807535,True,True,29110.999951463476,0.0,29110.999951463476,1812505.839615517,1809694.6306817753,2811.208933741749,497811.26454553497,21.573564148857617,0.4260643803035984,4287.056345458151,18999.391485594926,6544.539072869989,0.7149044405695264,0.9999990846184174,0.974309318222799,42739.98778732144,27640.549144893484,5409.454158784198,193.2957629213115,1812.0856416783402,2005.3814045996517,0.0,0.0,0.0,31305.131093635526,27424.199107575943,22651.070522227277,2262461.618265764,15611.146818129691,3663.810656732593,13707.69194316561,2295444.2676837915,18433.599158575424,12871.531934682966,31305.13109325839,21495.77642801976,5928.422678437199,27424.19910645696,16816.55644295556,5834.514079341005,22651.070522296563,6583.6195921344615,24249.67200053254,10473.94080024431,6583.619592,24249.672000000002,10473.940799999998,1.3446151569951326e-07,5.325382517185062e-07,2.443121047690511e-07,13130.898911495777,1436.2306142963073,7203.040425671405,2784.0,2397.46,1159.37,1000.0,0,mef_soft,0.2,7414.8355792,7414.835563383849,1.5816151062608697e-05
M2__S1__D1__start001__ndays366__20260326T074443Z,M2,S1,D1,167,2024-06-15,True,True,False,0.009822517112128929,True,True,16126.496654404782,0.0,16126.496654404782,1155781.5071502393,985445.3569729254,170336.15017731415,1055099.8509915713,51.70676184352045,0.37379575295179085,5461.9084620944095,25001.23997966966,8798.019935530598,0.40423350167918387,0.10629940480857195,0.06105807033144483,85267.36493528087,63798.176510594865,11943.404858054011,127.95339469281686,1694.9381989090662,1822.891593601883,0.0,0.0,0.0,27603.32260124132,23591.325985739153,21186.727486040872,2013464.4771484945,10333.900755190678,3426.9531709192715,0.0,2027225.3310746045,15322.91652273788,12280.406078173917,27603.322600911793,17519.081048959688,6072.244936466415,23591.325985426105,11558.644079979531,9628.083405737421,21186.72748571695,6583.619597204237,25312.179289265652,10473.940800887654,6583.619592,24249.672000000002,10473.940799999998,5.204236913414206e-06,1062.50728926565,8.876559149939567e-07,3207.097000959853,1233.1903127813925,6737.379340663538,1392.0,2397.46,1159.37,0.0,0,mef_soft,0.2,13766.296478799999,13766.296451655893,2.7144105843035504e-05
M2__S1__D1__start001__ndays366__20260326T074443Z,M2,S1,D1,168,2024-06-16,True,True,False,0.009714428700275444,True,True,16805.88330069015,0.0,16805.88330069015,1442959.920692625,1251953.380083567,191006.54060905802,744726.4374803687,37.298240355280285,0.3946209427161329,3487.4293635619347,23166.329818689745,9122.599838337106,0.5672529378609559,1.1737356343848278e-06,0.21296518669846357,67892.79056143801,53955.45418551146,16188.187111770221,127.95339492267476,1833.6324754582936,1961.5858703809683,0.0,0.0,0.0,26738.814525751015,25503.27818559193,22920.405941070225,1972406.7122733,10333.90077374133,3707.3756613209234,0.0,1986447.9887083622,16774.087762692685,9964.726762785256,26738.81452547794,5845.036668738996,19658.24151676622,25503.278185505213,2506.2334233478878,20414.172517570285,22920.405940918172,6583.619617810861,24462.734422494792,10473.940802960777,6583.619592,24249.672000000002,10473.940799999998,2.5810861188801937e-05,213.06242249478964,2.9607781470986083e-06,567.4060173626276,1216.9581933808079,7288.689089946718,4176.0,2397.46,1159.37,0.0,0,mef_soft,0.2,18149.7729948,18149.77298215119,1.2648812116822228e-05
M2__S1__D1__start001__ndays366__20260326T074443Z,M2,S1,D1,169,2024-06-17,True,True,False,0.009302741683934019,True,True,18737.120349810706,1.5493272767192055e-06,18737.120349810706,1609984.5924045397,1587051.8368168634,22932.755587676045,682959.1562040304,30.086160741237617,0.4321818964449464,4563.847336733558,20992.377152197547,8289.668672209938,0.6645124597148292,0.6535997820386149,0.6864063247651618,54162.33756375294,32702.673710847215,8326.88309760118,151.90678892770268,2289.7864771792747,2441.6932661069773,5.472217370045746e-07,5.048765485358217e-07,4.972289911788093e-07,30042.215193575612,29482.193236412328,28622.330966094923,2245856.7828310514,12268.448872249151,4629.662033560226,0.0,2262754.8937368607,21401.374771090537,8640.84042253602,30042.215193626558,8992.962776322936,20489.23046018178,29482.193236504718,16392.91949071751,12229.411475477475,28622.330966194986,6583.619593544932,24249.67200096573,10473.94080184379,6583.619592,24249.672000000002,10473.940799999998,1.5449322745553218e-06,9.657269401941448e-07,1.8437913240632042e-06,3288.3746996761693,1398.0144033469228,9101.901246787616,1392.0,2397.46,1159.37,0.0,0,mef_soft,0.2,10768.576363600001,10768.576363708156,-1.0815529094543308e-07
M2__S1__D1__start001__ndays366__20260326T074443Z,M2,S1,D1,170,2024-06-18,True,True,False,0.009437975351566763,True,True,42174.59257434643,0.0,42174.59257434643,1479502.5563239567,1473173.621936922,6328.934387034699,825183.2200928702,35.90318113370551,0.46956279425892294,5730.499951805575,19182.591640781364,7919.488725389609,0.5814940763116279,0.27097228696218445,0.423742705828758,72363.05511529268,59105.311530502,17189.773934190624,159.77060640218235,2305.886794375963,2465.657400778145,0.0,0.0,0.0,29779.20898478921,30784.31722628542,28823.58492647463,2269543.5374679007,12903.554408396456,4662.214862393429,0.0,2287109.3067386905,19980.417488495106,9798.791495809168,29779.208984304274,15675.380029530981,15108.937196386487,30784.317225917468,14176.908672788777,14646.676253356778,28823.584926145555,6583.619592186232,24249.67200086506,10473.940805196196,6583.619592,24249.672000000002,10473.940799999998,1.8623177311383188e-07,8.65056790644303e-07,5.1961978897452354e-06,26660.033654472107,1399.828912229878,9165.900007644452,1392.0,2397.46,1159.37,0.0,0,mef_soft,0.2,19655.431344,19655.43133496877,9.031231456901878e-06
M2__S1__D1__start001__ndays366__20260326T074443Z,M2,S1,D1,171,2024-06-19,True,True,False,0.006289893453149202,True,True,69466.78829007914,0.0,69466.78829007914,1124047.1051919614,1123859.6629979936,187.44219396777217,1081327.8817950147,49.03564253971489,0.3675094480193239,5247.971383113814,20671.862512913627,8092.388568102276,0.44428940787297555,0.24270692282737608,0.3030111263019308,101304.65226751531,84608.38540480833,24133.228514770177,157.22434001256818,2324.1214806450134,2481.3458206575815,0.0,0.0,0.0,28218.897910941276,30293.707132110914,29051.51851070059,2176172.364653811,12697.910281249078,4699.083118684421,0.0,2193569.3580537443,14393.716730875538,13825.181179727806,28218.897910603344,8487.15430532183,21806.55282649289,30293.70713181472,11574.2908290878,17477.227681370685,29051.51851045849,6583.619592200232,24249.672000426297,10473.940802832834,6583.619592,24249.672000000002,10473.940799999998,2.0023162505822256e-07,4.2629471863619983e-07,2.8328358894214034e-06,53933.45526916707,1346.120135348132,9238.382885563928,1392.0,2397.46,1159.37,0.0,0,mef_soft,0.2,26614.574360000002,26614.57433542776,2.4572244001319632e-05
M2__S1__D1__start001__ndays366__20260326T074443Z,M2,S1,D1,172,2024-06-20,True,True,False,0.009997482707117906,True,True,85313.7500330656,0.0,85313.7500330656,1179604.222334653,1174759.9823643109,4844.239970342127,983721.1484807692,45.57469298309903,0.4199504299823751,5329.047700676443,21791.72958960479,8558.534308667102,0.48455378043480646,0.6694333533152708,0.5765403455850829,85978.25260298082,102752.79978346717,26351.537094002066,167.13093855921076,2299.9164714062813,2467.047409965492,0.0,0.0,0.0,27126.12105664385,32202.492979200313,28748.955895109622,2130052.8848669333,13497.99695693395,4650.143615624972,0.0,2148201.025439492,12807.761895538675,14318.359160732432,27126.12105627111,11695.044928068957,20507.44805084617,32202.49297891512,11342.859931725025,17406.095963084532,28748.955894809555,6583.619591977065,24249.67200012789,10473.94080022462,6583.619592,24249.672000000002,10473.940799999998,-2.293472789460793e-08,1.2788950698450208e-07,2.2462154447566718e-07,67120.04143225704,1318.7106269685723,9142.167973839967,4176.0,2397.46,1159.37,0.0,0,mef_soft,0.2,28818.584522,28818.58450396756,1.8032442312687635e-05
M2__S1__D1__start001__ndays366__20260326T074443Z,M2,S1,D1,173,2024-06-21,True,True,False,0.009751045779933973,True,True,113604.60175219175,0.0,113604.60175219175,1007049.5514968601,1004209.6452686429,2839.9062282172254,1313661.1951506762,56.67534067226221,0.3472348180481674,8475.574929876248,17091.68320875122,5609.012415178625,0.3822712056332974,0.2452511994623521,0.671012818525135,144494.15020779625,142600.27765358728,34224.65420107683,173.90771726385026,2405.4802521655806,2579.387969429431,0.0,0.0,0.0,29727.104091312256,33508.230684703645,30068.50315113308,2289961.160990413,14045.309974654296,4863.5803849117765,0.0,2308870.051349979,12004.509775041453,17722.59431515846,29727.104090199915,17614.72904015019,15893.501643801847,33508.23068395204,17943.463686238803,12125.039464377292,30068.5031506161,6583.619592407006,24249.672001266736,10473.940801078516,6583.619592,24249.672000000002,10473.940799999998,4.0700615500099957e-07,1.2667333066929132e-06,1.0785170161398128e-06,96278.23289780733,1423.7548520262221,9561.784002358183,2784.0,2397.46,1159.37,0.0,0,mef_soft,0.2,36804.04219,36804.04217050626,1.949373836396262e-05
M2__S1__D1__start001__ndays366__20260326T074443Z,M2,S1,D1,174,2024-06-22,True,True,False,0.00982265106929755,True,True,29989.78721618219,0.0,29989.78721618219,1059722.31599089,1035853.1755686091,23869.140422280867,1217279.689252667,54.02609443314939,0.4724145094251955,5952.724362165497,19231.730091654597,8150.5395265043235,0.384675896338096,0.4080951201351411,0.4420955964697621,99356.16689047441,67101.90434405541,25283.02635644372,155.96098616261258,2169.0346593547683,2324.995645517381,0.0,0.0,0.0,29091.63011450545,30050.286351353025,27112.933242601244,2222891.4182314174,12595.878026961684,4385.516951886651,0.0,2239872.8132102657,9304.030289535993,19787.599824569028,29091.63011410502,7616.574116129538,22433.71223487879,30050.286351008323,16598.95715541872,10513.976086897039,27112.933242315758,6583.619592902543,24249.672001369996,10473.94080069806,6583.619592,24249.672000000002,10473.940799999998,9.025434337672777e-07,1.3699936971534044e-06,6.980608304729685e-07,15059.402739012035,1359.641706234953,8621.912770935207,1392.0,2397.46,1159.37,0.0,0,mef_soft,0.2,27608.022014000002,27608.0220019611,1.2038901331834495e-05
M2__S1__D1__start001__ndays366__20260326T074443Z,M2,S1,D1,175,2024-06-23,True,True,False,0.006487196081990141,True,True,16787.351740310336,0.0,16787.351740310336,1175288.5404175795,1103438.2289612354,71850.31145634403,1048854.9013586403,48.73197273099871,0.39540663246048746,5430.872984121647,24561.01859294984,7015.728926946038,0.4813455340193258,0.3184951830218675,0.4774627932076716,77928.21766570261,58320.82351625729,22131.54239071295,156.0153813378156,2138.434337183133,2294.4497185209484,0.0,0.0,0.0,27404.667588057877,30060.767103244973,26730.42921408469,2128676.2286397014,12600.271144811795,4323.646925498346,0.0,2145600.1467100116,13463.763522666217,13940.904065391656,27404.667588057877,11555.915698681702,18504.85140456327,30060.767103244973,9802.34644090755,16928.082773177135,26730.42921408469,6583.619595118438,24249.67201530042,10473.940801335575,6583.619592,24249.672000000002,10473.940799999998,3.1184381441562437e-06,1.530041845398955e-05,1.3355765986489132e-06,-745.9504333105835,1300.1956833179647,8500.276490302955,4176.0,2397.46,1159.37,0.0,0,mef_soft,0.2,24425.992114,24425.9921092339,4.766101483255625e-06
M2__S1__D1__start001__ndays366__20260326T074443Z,M2,S1,D1,176,2024-06-24,True,True,False,0.009940979782845288,True,True,42129.61024494393,0.0,42129.61024494393,1115526.620867909,1109677.788293929,5848.8325739799375,1418544.741914919,56.1083814800803,0.41607595854361135,9192.373482861136,25741.85716927441,4832.589455034796,0.3650899428706577,0.25060351838137807,0.49937014092121956,128271.38113025772,131272.1082161769,30284.28660477361,189.4022548114056,2466.847913763566,2656.2501685749717,0.0,0.0,0.0,31767.42639259012,36493.69073033941,30835.59892274286,2492385.44889455,15296.695400161767,4987.658125678358,0.0,2512669.8024203903,13204.778202567726,18562.648190280706,31767.426392848432,12352.614564524474,24141.076166230574,36493.69073075504,18553.51907473331,12282.079848443413,30835.598923176723,6583.619592098095,24249.672000386894,10473.940800687054,6583.619592,24249.672000000002,10473.940799999998,9.809537004912272e-08,3.868917701765895e-07,6.870559445815161e-07,25859.023672360625,1516.0361153731515,9805.720457210175,1392.0,2397.46,1159.37,0.0,0,mef_soft,0.2,32940.536798,32940.536773348584,2.465141733409837e-05
M2__S1__D1__start001__ndays366__20260326T074443Z,M2,S1,D1,177,2024-06-25,True,True,False,0.003097322164810384,True,True,87796.18331425714,0.0,87796.18331425714,1107558.2066804245,1100256.9756025844,7301.2310778401825,1461967.6452899978,57.05852770943647,0.41735116204445094,7519.812207645238,20152.791828573474,7384.585738717572,0.3682878378738931,0.5447222970313382,0.49238713698110925,135796.02670954642,109830.49375598523,39548.37232441154,216.5426535846098,2424.052858022232,2640.595511606842,0.0,0.0,0.0,31522.745845950674,41723.054640028764,30300.66072423821,2529462.8018368063,17488.635583184652,4901.131872389046,0.0,2551852.56929238,8227.982831146499,23294.76301326054,31522.74584440704,13647.805243400111,28075.249395925195,41723.0546393253,12221.851503858996,18078.80921963488,30300.66072349388,6583.619592141948,24249.67200028795,10473.940801436827,6583.619592,24249.672000000002,10473.940799999998,1.4194756658980623e-07,2.879460225813091e-07,1.4368288248078898e-06,67500.25542459892,1535.4877790198793,9635.610110638374,5568.0,2397.46,1159.37,0.0,0,mef_soft,0.2,42188.967864,42188.96783601838,2.798161585815251e-05
M2__S1__D1__start001__ndays366__20260326T074443Z,M2,S1,D1,178,2024-06-26,True,True,False,0.005916691662986419,True,True,164025.33863704256,0.0,164025.33863704256,847053.571319231,844080.8280733731,2972.7432458579547,1751779.7850563778,67.48358429554928,0.4657402481200325,7126.661465126696,20102.135691343752,9589.16586799853,0.25701335448620327,0.3108101040323486,0.3009968028553362,199527.73781351058,176405.27853206795,55875.1736003022,217.30411167293835,2319.832832895505,2537.136944568443,0.0,0.0,0.0,33109.75756654008,41869.771035637285,28997.91041028899,2560326.747320658,17550.133227165465,4690.412009047535,0.0,2582567.2925568707,9163.066240981958,23946.691326065884,33109.75756704784,20283.74281977683,21586.028216438714,41869.77103621555,12262.92693737031,16734.983473550095,28997.910410920405,6583.619591975894,24249.672000320985,10473.940802813948,6583.619592,24249.672000000002,10473.940799999998,-2.4106157070491463e-08,3.209825081285089e-07,2.8139493224443868e-06,146883.10434305505,1580.06878322789,9221.335510759634,2784.0,2397.46,1159.37,0.0,0,mef_soft,0.2,58412.310574,58412.31054487065,2.912935451604426e-05
M2__S1__D1__start001__ndays366__20260326T074443Z,M2,S1,D1,179,2024-06-27,True,True,False,0.007929030427109508,True,True,108333.7634955012,0.0,108333.7634955012,1400439.4333667294,1400439.4333667294,0.0,1169185.0328002882,45.5002296325542,0.5034684118057783,5071.60548094633,19822.902796179245,7703.525048115923,0.4811928200454725,0.5016288840790317,0.26345922160102925,124324.04192353738,76112.1790392269,35759.21871328472,215.58247221295775,2082.16355152015,2297.746023733108,0.0,0.0,0.0,33793.07172802867,41538.048596250774,26027.044395044715,2535273.2271029353,17411.088449484116,4209.874430738496,0.0,2556894.189983158,14616.143717534076,19176.928009954438,33793.07172748851,15945.108576468687,25592.94001942534,41538.048595894026,7635.743701109238,18391.300693586905,26027.04439469614,6583.619592843483,24249.67200027198,10473.940802022873,6583.619592,24249.672000000002,10473.940799999998,8.434826668235473e-07,2.7197893359698355e-07,2.022874468821101e-06,90745.27213805246,1579.0612401561762,8276.600117292597,4176.0,2397.46,1159.37,0.0,0,mef_soft,0.2,38056.964744000004,38056.96473701783,6.982176273595542e-06
M2__S1__D1__start001__ndays366__20260326T074443Z,M2,S1,D1,180,2024-06-28,True,True,False,0.0046907831805413904,True,True,101500.51450830189,0.0,101500.51450830189,1111953.4897446954,1109238.8144512433,2714.675293452162,1348707.9442727405,54.87132459178683,0.3819957631013986,6281.8107470398745,20229.54956908715,8468.10730194323,0.4057136517481363,0.801244608106341,0.7496283671441969,132968.76442736725,137220.40561849065,46452.49195268468,214.5911565042235,1932.0609820184297,2146.6521385226533,0.0,0.0,0.0,32143.438928583717,41347.04364227171,24150.76227701218,2428738.723249519,17331.026813178694,3906.3857980348926,0.0,2449976.1358607323,10578.916077434242,21564.522851466376,32143.438928900618,23945.54424145011,17401.499401213376,41347.043642663484,11074.473072642719,13076.289204857288,24150.762277500005,6583.619592177922,24249.672000739614,10473.94080082631,6583.619592,24249.672000000002,10473.940799999998,1.7792172002373263e-07,7.396120054181665e-07,8.263123163487762e-07,88755.13320210067,1508.6089026779691,7679.942403523259,0.0,2397.46,1159.37,0.0,0,mef_soft,0.2,48599.144102,48599.14409120733,1.0792668035719544e-05
M2__S1__D1__start001__ndays366__20260326T074443Z,M2,S1,D1,181,2024-06-29,True,True,False,1.184784873971863e-06,True,True,10505.303852601506,0.0,10505.303852601506,2526389.261581769,2081029.170996728,445360.09058504185,0.0,0.0,0.37205366959326996,5656.26552949606,22139.628577416817,10205.572992416386,0.875163455271707,0.9221295526072946,0.7133979717420199,0.0,0.0,0.0,189.88860503368159,1430.9223910775113,1620.810996111193,0.0,0.0,0.0,26995.819185459666,36587.398522007454,17886.529885349162,2043724.647628041,15335.97450596173,2893.1462094705357,0.0,2061953.768343473,21180.716771700732,5815.1024137589375,26995.819185459666,33423.669428860376,3163.7290931470848,36587.398522007454,13653.033285547623,4233.496599801539,17886.529885349162,6583.619604696864,24249.673292586194,10473.940803530106,6583.619592,24249.672000000002,10473.940799999998,1.2696864359895699e-05,0.0012925861919939052,3.530107278493233e-06,0.0,1260.5573480683984,5687.916504533108,0.0,2397.46,1159.37,0.0,0,mef_soft,0.2,1620.8110528,1620.810996111193,5.668880703524337e-05
M2__S1__D1__start001__ndays366__20260326T074443Z,M2,S1,D1,182,2024-06-30,True,True,False,0.008878086874679269,True,True,49382.215811786205,0.0,49382.215811786205,877424.8376846284,851967.5241962194,25457.31348840903,1129939.636204755,57.01274301749576,0.46111574434267943,4688.835497475237,23769.991685523706,8493.605583353929,0.34845118228545435,0.2930288792427948,0.1850370462315637,115894.18900967028,117758.45086488721,77209.10763984916,180.9880460378912,1394.002993290262,1574.9910393281534,0.0,0.0,0.0,25889.487130779868,34872.45717630772,17425.03741922453,1951830.6771015169,14617.13860833188,2818.499802058748,0.0,1969266.3155119075,13221.692146691952,12667.794983448319,25889.48713014027,21857.025199978336,13015.431976329384,34872.457176307726,9412.865770499424,8012.171648725105,17425.03741922453,6583.619592087208,24249.672000327446,10473.940800252973,6583.619592,24249.672000000002,10473.940799999998,8.7207808974199e-08,3.274435584899038e-07,2.5297413230873644e-07,36290.622656518884,1209.6012569385368,5541.161898328792,2784.0,2397.46,1159.37,0.0,0,mef_soft,0.2,78784.09872000001,78784.09867917732,4.0822691516950727e-05
M2__S1__D1__start001__ndays366__20260326T074443Z,M2,S1,D1,183,2024-07-01,True,True,False,0.005823431138626296,True,True,65056.584275191286,0.0,65056.584275191286,1058597.7381184949,1055799.7682008774,2797.96991761764,1177385.234639032,52.722243483713534,0.43040514128564045,6492.388660049776,25481.963711787976,9107.03808143496,0.409526189517069,0.6505581595452742,0.5983402064528688,103963.48232953524,92613.29706369134,82580.37907611983,202.3252488441928,1701.1358872760607,1903.4611361202535,0.0,0.0,0.0,28813.7058137501,38983.6702971428,21264.198591370485,2202157.593712484,16340.395241540482,3439.4841220874214,0.0,2221937.4730761116,7361.434609109188,21452.27120425568,28813.705813364868,20134.378865702674,18849.291431198544,38983.67029690121,8614.101504282085,12650.0970865339,21264.198590815988,6583.619592042018,24249.67200005906,10473.940800147648,6583.619592,24249.672000000002,10473.940799999998,4.201774572720751e-08,5.905894795432687e-08,1.4764918887522072e-07,50592.640414004214,1361.0987092647053,6762.015151922341,2784.0,2397.46,1159.37,0.0,0,mef_soft,0.2,84483.840276,84483.84021224009,6.375991506502032e-05
M2__S1__D1__start001__ndays366__20260326T074443Z,M2,S1,D1,184,2024-07-02,True,True,False,0.009029336694942049,True,True,52717.94302048323,0.0,52717.94302048323,1202366.048596886,1188955.8741814862,13410.174415399775,1165117.5317352684,49.49367886349036,0.4639045247029752,7101.776763840877,23781.210529515996,6685.729093657105,0.4133190812883848,0.7797815397917971,0.8708664890416595,104455.26925890011,124224.6543338664,64595.35129247837,202.42616404939884,2043.3641263530824,2245.7902904024813,0.0,0.0,0.0,29868.411854040725,39003.11446436912,25542.05157797409,2317561.4058799557,16348.545459436846,4131.426843063354,0.0,2338041.378182456,8754.09254360345,21114.31931190829,29868.411855511742,27637.42903440755,11365.685432518978,39003.11446692653,19241.430083910025,6300.621496591821,25542.051580501844,6583.619592377653,24249.67200054109,10473.940801148363,6583.619592,24249.672000000002,10473.940799999998,3.776531229959801e-07,5.410875019151717e-07,1.1483643902465701e-06,36826.46429829565,1428.2763199340923,8122.3724022535025,2784.0,2397.46,1159.37,0.0,0,mef_soft,0.2,66841.141648,66841.14158288085,6.511915125884116e-05
M2__S1__D1__start001__ndays366__20260326T074443Z,M2,S1,D1,185,2024-07-03,True,True,False,0.006024236015907387,True,True,65783.19706647185,0.0,65783.19706647185,1002003.4057601322,998129.1135186036,3874.2922415286416,1471433.9786189143,59.582765198572915,0.39058542675874947,6243.0023238998665,20080.79960149348,6656.980865892389,0.3375971205222647,0.043503918960829016,0.4687145369525153,126466.76230520711,124309.6985448253,57664.210461284405,209.3296799704967,2137.6823158245206,2347.0119957950174,0.0,0.0,0.0,30657.698454403544,40333.27167090344,26721.028941623095,2436187.7800452355,16906.094153477323,4322.126432335886,0.0,2457416.000631049,11916.198698898748,18741.49975482346,30657.698453722205,18220.616639488246,22112.65503086074,40333.271670348986,15116.671337206822,11604.357603991153,26721.02894119798,6583.619592438092,24249.6720004509,10473.940807462335,6583.619592,24249.672000000002,10473.940799999998,4.380917744128965e-07,4.508983693085611e-07,7.462336725438945e-06,50865.52371995077,1471.5561411186013,8497.287205402472,1392.0,2397.46,1159.37,0.0,0,mef_soft,0.2,60011.222538,60011.22245707942,8.092058124020696e-05
M2__S1__D1__start001__ndays366__20260326T074443Z,M2,S1,D1,186,2024-07-04,True,True,False,0.00992359668120819,True,True,30590.921138128924,3.7268376768127966e-06,30590.921138128924,1038198.7887902046,1025811.5194379387,12387.269352265846,1345633.3137315882,56.74318436212989,0.4074006030523434,7710.371699843788,18864.15398850382,6387.379828169719,0.3648943469914861,0.9999999612649496,0.7564377308623179,104868.60612139005,94979.26452117886,32462.035277362185,206.99481915175852,2239.769569901835,2446.7643890535937,1.5179643600915016e-06,1.3187422744964386e-06,8.901310422248567e-07,28563.187004764903,39883.39482530798,27997.119615427873,2338735.8532244638,16717.523775751204,4528.534099248518,0.0,2359981.9110994637,4884.622093778769,23678.564909468172,28563.187003246938,16902.787697394702,22980.607126594536,39883.394823989234,17836.093561030364,10161.026053507372,27997.119614537743,6583.619592297939,24249.672002302636,10473.940815162438,6583.619592,24249.672000000002,10473.940799999998,2.9793864086968824e-07,2.30263322009705e-06,1.516243901278358e-05,13939.114534212255,1407.8925635568748,8903.084040359796,2784.0,2397.46,1159.37,0.0,0,mef_soft,0.2,34908.799657999996,34908.799666415776,-8.415780030190945e-06
M2__S1__D1__start001__ndays366__20260326T074443Z,M2,S1,D1,187,2024-07-05,True,True,False,0.009317445868191821,True,True,28390.89677868668,0.0,28390.89677868668,1566530.894720369,1553316.661570438,13214.23314993117,751267.8427451835,32.5988411940782,0.47668716426581564,4067.736329335541,20163.667908790183,6672.387640894725,0.6408658803908923,0.5950251614199137,0.5754596232462774,58594.9719858718,25613.34943128223,16937.15470063345,225.6364233996543,2258.3939848947985,2484.0304082944526,0.0,0.0,0.0,28205.95452688805,43475.22609062514,28229.924826045888,2274322.2076722025,18223.075767291208,4566.190338220584,0.0,2297111.473777714,14305.767485899365,13900.18704048857,28205.954526387934,34163.518961989976,9311.707128684924,43475.22609067491,19100.372489495,9129.55233658788,28229.924826082883,6583.619592668614,24249.672000490304,10473.940800494365,6583.619592,24249.672000000002,10473.940799999998,6.686141205136664e-07,4.903013177681714e-07,4.943667590850964e-07,10261.616845031054,1419.333843698801,8977.116089956824,4176.0,2397.46,1159.37,0.0,0,mef_soft,0.2,19421.185152,19421.185108927904,4.307209383114241e-05
M2__S1__D1__start001__ndays366__20260326T074443Z,M2,S1,D1,188,2024-07-06,True,True,False,0.009982259483299703,True,True,18276.291977646015,1.0268054658532924e-07,18276.291977646015,1512623.8998202279,1480666.5334341966,31957.366386031368,591167.7666095195,28.533544723969758,0.40296392218799154,4276.23549239185,20183.169454606017,9686.118976947562,0.6273574375863973,0.999999915002606,0.9450072168986342,47257.63265134537,34462.61055926357,18240.45853323109,199.20186506618654,1908.5547963757715,2107.756661441958,0.0,1.0268054658532924e-07,0.0,24643.369405953083,38381.8622474929,23856.934953800836,2038727.7469987418,16088.141379860597,3858.8592289887583,0.0,2058674.747607591,11921.228843955158,12722.140563875215,24643.36940783037,30449.245862754018,7932.616386972612,38381.86224972663,19561.71416467782,4295.220791430258,23856.934956108078,6583.619592993468,24249.672000945895,10473.940801209377,6583.619592,24249.672000000002,10473.940799999998,9.934683475876227e-07,9.458926797378808e-07,1.2093787518097088e-06,3112.455483893552,1236.5011781587689,7586.505315593691,2784.0,2397.46,1159.37,0.0,0,mef_soft,0.2,20348.215192,20348.21519467305,-2.673048584256321e-06
M2__S1__D1__start001__ndays366__20260326T074443Z,M2,S1,D1,189,2024-07-07,True,True,False,0.008155574515451867,True,True,11519.971587246378,9.563340697234297e-07,11519.971587246378,1413995.282772576,1301932.7210047292,112062.5617678467,647462.6557168604,33.21351140196791,0.49499628177172167,5340.196320375426,20713.4303063522,9755.594858013805,0.5860712543885642,0.30937954750005453,0.38065080574727045,55034.25405875652,39996.11788897503,16819.733178072966,198.15010176491742,1835.111505935813,2033.2616077007306,3.170934152841332e-07,3.187331620996302e-07,3.205074923396663e-07,23144.169662061657,38179.21026744698,22938.89382313744,1915965.7755204006,16003.197814217765,3710.3660760645166,0.0,1935679.339410683,15642.178358518155,7501.991303260673,23144.169661778826,28057.592005040475,10121.618262121247,38179.21026716173,15954.93935152762,6983.954471323582,22938.8938228512,6583.619640952975,24249.67209306462,10473.940802573223,6583.619592,24249.672000000002,10473.940799999998,4.8952974793792237e-05,9.30646165215876e-05,2.573224264779128e-06,-509.5429172571243,1178.1162696483289,7294.5682360948595,0.0,2397.4599987603156,1159.37,0.0,0,mef_soft,0.2,18852.994816,18852.994785773695,3.0226303351810202e-05
M2__S1__D1__start001__ndays366__20260326T074443Z,M2,S1,D1,190,2024-07-08,True,True,False,0.008779004994477356,True,True,51928.93388015223,0.0,51928.93388015223,1421677.4599839877,1421677.4599839877,0.0,764606.6092628434,34.97288481483782,0.3128508051254007,5114.130135670162,21709.21873971414,7393.549387659316,0.6057611284074278,0.7324439684482705,0.6099362011354268,68366.15732517988,58863.27930728049,25035.10810229397,231.01579724251226,2096.965018475229,2327.9808157177413,0.0,0.0,0.0,26725.934619740616,44511.7143947227,26212.06273266689,2155674.4262565225,18657.530168038316,4239.801146738191,0.0,2178571.757571299,15210.315817262916,11515.61880166404,26725.934618926956,22158.858687375552,22352.85570724175,44511.7143946173,12278.462349241116,13933.600383300332,26212.062732541446,6583.619592134593,24249.672001224037,10473.940800389446,6583.619592,24249.672000000002,10473.940799999998,1.3459339243127033e-07,1.2240343494340777e-06,3.894474502885714e-07,37283.71011431451,1360.9578173986758,8335.435948439035,1392.0,2397.46,1159.37,0.0,0,mef_soft,0.2,27363.088924,27363.08891801171,5.988291377434507e-06
M2__S1__D1__start001__ndays366__20260326T074443Z,M2,S1,D1,191,2024-07-09,True,True,False,0.009448269401090753,True,True,28225.59575836359,0.0,28225.59575836359,1805522.3924227671,1805522.3924227671,0.0,527735.9474036642,22.617981832347034,0.4324124570158639,5018.969534268354,22627.794958927436,8414.616415710632,0.7389502064976323,0.6169722560766996,0.6513266277568683,46028.32800312948,28946.67577614188,17253.66856886524,241.27540228754532,2143.272279261466,2384.547681549011,0.0,0.0,0.0,28699.34375265993,46488.51681993938,26790.903490480217,2302335.124147934,19486.12670922076,4333.428639665154,0.0,2326154.67949682,22606.31948906029,6093.024262195148,28699.343751255437,31275.56926238275,15212.9475570148,46488.51681939755,17064.992650599863,9725.910839405282,26790.903490005145,6583.619592406874,24249.672000095845,10473.940800301263,6583.619592,24249.672000000002,10473.940799999998,4.068742782692425e-07,9.584255167283118e-08,3.0126466299407184e-07,14705.7595898822,1443.498858417066,8519.507310064326,0.0,2397.46,1159.37,0.0,0,mef_soft,0.2,19638.216284,19638.21625041425,3.358574758749455e-05
M2__S1__D1__start001__ndays366__20260326T074443Z,M2,S1,D1,192,2024-07-10,True,True,False,0.009202745728456722,True,True,72753.18426156993,0.0,72753.18426156993,1770928.024430819,1770928.024430819,0.0,723632.4681789213,29.008415322968453,0.4585608775188672,7020.865253931411,25201.035517290908,10619.42528357979,0.6683827656352703,0.6664972898163951,0.4994808533177151,102048.4945055039,85425.67037538392,35424.70163723042,258.43430030120123,2262.423168367315,2520.8574686685165,0.0,0.0,0.0,31215.72199942731,49794.66287031382,28280.289578139345,2461242.7195772277,20871.93088918222,4574.336843643307,0.0,2486688.9873100533,21935.28599794965,9280.436004143025,31215.722002092676,32984.20891696677,16810.45395630592,49794.6628732727,15800.231076647771,12480.058504858229,28280.289581506,6583.619596004008,24249.6720011742,10473.94082622361,6583.619592,24249.672000000002,10473.940799999998,4.004007678304333e-06,1.1741976777557284e-06,2.6223611712339334e-05,58644.16788613696,1559.054281172908,8993.132094260078,0.0,2397.46,1159.37,0.0,0,mef_soft,0.2,37945.559458,37945.55910589894,0.00035210106580052525
M2__S1__D1__start001__ndays366__20260326T074443Z,M2,S1,D1,193,2024-07-11,True,True,False,0.0018999102430199706,True,True,41758.573957423956,0.0,41758.573957423956,2228189.683116712,2228189.682545673,0.0005710386855317662,268096.30177140236,10.739807195798807,0.47556140369832783,4220.767707964226,18869.499095615607,6781.343525488351,0.8495769676800311,0.9999999968946043,0.9999999395294924,42010.92598888702,22857.464620250335,24514.93131237034,270.53879417003316,2195.8705516537975,2466.409345823831,0.0,0.0,0.0,30779.870003653265,52126.93529387945,27448.381921886197,2462981.1824034518,21849.526197362444,4439.775771625023,0.0,2489270.484372439,23093.762544907553,7686.1074587457015,30779.870003653257,43500.83977135744,8626.095522522297,52126.93529387974,22253.20457626166,5195.1773455983675,27448.381921860033,6583.619592003495,24249.671999999962,10473.940800010016,6583.619592,24249.672000000002,10473.940799999998,3.4951881389133632e-09,-4.001776687800884e-11,1.0017174645327032e-08,24131.332738995618,1552.3657756044963,8728.585442823845,1392.0,4794.92,1159.37,0.0,0,mef_soft,0.2,26981.340724,26981.34065819417,6.580583067261614e-05
M2__S1__D1__start001__ndays366__20260326T074443Z,M2,S1,D1,194,2024-07-12,True,True,False,0.008193061794143353,True,True,88645.7994650507,-2.6693669497035444e-09,88645.7994650507,1007176.5578316128,1002063.9765908187,5112.581240793951,1537672.839411748,60.54457413551916,0.4115426607010426,6875.7559487505605,22006.014003196888,8753.352560147941,0.3371847809109019,0.23187113436079684,0.7166638790123752,149425.6263275724,202651.94343361366,52717.049105499784,249.0952256576227,2304.3922624212196,2553.4874880788425,0.0,5.115907697472721e-09,-7.785274647176266e-09,30354.066092193705,47995.22652357303,28804.903272700096,2503425.489862252,20117.679149668707,4659.19310562203,0.0,2528202.362117543,13532.097375372428,16821.968717091826,30354.066092464254,31023.650133358802,16971.57639039871,47995.22652375751,22944.527630783425,5860.375642444387,28804.90327322781,6583.619592116058,24249.672000394596,10473.94080746999,6583.619592,24249.672000000002,10473.940799999998,1.1605789040913805e-07,3.9459337131120265e-07,7.469991032849066e-06,74405.91262615574,1523.0975957705966,9159.959243124349,0.0,2397.46,1159.37,0.0,0,mef_soft,0.2,55270.536638,55270.536593578625,4.4421372876968235e-05
M2__S1__D1__start001__ndays366__20260326T074443Z,M2,S1,D1,195,2024-07-13,True,True,False,0.009539387764797862,True,True,20179.595031922905,0.0,20179.595031922905,1846023.828285051,1846023.828285051,0.0,198504.27092374975,9.70905075848885,0.27619010042280684,4473.269723713084,21248.622571640404,6879.306611838685,0.8774678952432109,0.9999998920458772,0.9999989608681709,19921.611546793425,10352.893650608745,7507.362482810429,216.98231835752043,2067.3358831254855,2284.318201483006,0.0,0.0,0.0,25387.64177435553,41807.76846878967,25841.69854014904,2019135.3286501626,17524.14423194569,4179.894738852095,0.0,2040839.3676209603,15452.63829990329,9935.003470976735,25387.64177088002,22843.988184392103,18963.78028324882,41807.76846764091,23540.671176631622,2301.0273622627465,25841.69853889437,6583.619593235583,24249.672000972598,10473.940803887872,6583.619592,24249.672000000002,10473.940799999998,1.2355831131571904e-06,9.72595444181934e-07,3.887873390340246e-06,2932.204913526606,1296.8999829724942,8217.660135423806,4176.0,2397.46,1159.37,0.0,0,mef_soft,0.2,9791.6808816,9791.680684293435,0.00019730656458705198
M2__S1__D1__start001__ndays366__20260326T074443Z,M2,S1,D1,196,2024-07-14,True,True,False,5.370409227494694e-06,True,True,12484.194844296733,1.0096440775108504e-06,12484.194844296733,2409704.1199024646,1698397.8058873827,711306.3140150817,457623.22487613716,21.22535997313891,0.5448877475691698,7522.0747311452,21588.53276856525,11746.53697221975,0.6648854674489332,0.4059987001849224,0.5661779156025256,39837.84975329542,11813.778944126694,18930.23630256734,219.4263359775088,2028.9140781922886,2248.3404141697974,3.33143359248641e-07,3.3321902992252745e-07,3.432816883396821e-07,25294.725981157862,42278.67744959584,25361.425981486438,2112756.2068241616,17721.530440911905,4102.2106518451055,0.0,2134579.947916919,22141.520953664793,3153.2050271624257,25294.725980827214,31813.75524382131,10464.9222054438,42278.67744926512,20249.24684669362,5112.1791344520325,25361.42598114565,6583.619592756164,24249.672004023014,10473.94080014771,6583.619592,24249.672000000002,10473.940799999998,7.56163899495732e-07,4.0230115700978786e-06,1.4771103451494128e-07,-430.6445103089673,1293.0758949962217,8064.933460814349,0.0,2397.4599987951333,1159.37,0.0,0,mef_soft,0.2,21178.576718,21178.576716737138,1.2628624972421676e-06
M2__S1__D1__start001__ndays366__20260326T074443Z,M2,S1,D1,197,2024-07-15,True,True,False,0.0,True,True,18888.283380202818,3.2529923905910604e-07,18888.283380202818,3181364.7567303805,2523473.755835405,657891.0008949754,0.0,0.0,0.40659366342147485,4771.822075320245,25951.600693823286,8398.66102088966,0.9203842254738781,1.0,0.7716022047383824,0.0,0.0,0.0,257.74465311105826,2433.9849399974323,2691.7295931084905,0.0,0.0,3.2529923905910604e-07,28425.85037102837,49661.78287705929,30424.81175043951,2458448.5792274345,20816.23290906188,4921.21330055731,0.0,2484186.0254370538,24318.821250983936,4107.029120044434,28425.85037102837,34081.94897548878,15579.83390157051,49661.78287705929,21116.78686879295,9308.024881321255,30424.811750114208,6583.619592,24249.672000000002,10473.940799999998,6583.619592,24249.672000000002,10473.940799999998,0.0,0.0,0.0,0.0,1480.3632437130223,9675.090136489795,4176.0,2397.46,1159.37,0.0,1,mef_soft,,2691.729604,2691.7295931084905,1.0891509646171471e-05
M2__S1__D1__start001__ndays366__20260326T074443Z,M2,S1,D1,198,2024-07-16,True,True,False,0.009608755373064536,True,True,141905.5499198754,4.342520664409499e-06,141905.5499198754,1013710.5250931178,1001346.3039170398,12364.221176078085,1574365.7519301106,61.123515276334054,0.5182679875281808,5500.019084001429,26187.212788425673,5189.971382701545,0.3061020258580309,0.01759285192142706,0.5706535158406792,198127.02355106187,138351.28619159502,68326.0031651361,256.61724646379514,2465.189492901967,2721.806739365762,2.1033399066304733e-06,1.054727891138988e-06,1.1844528666400384e-06,30720.100108024853,49444.55615776658,30814.86862880495,2557724.408613009,20725.180159572596,4984.305006061935,0.0,2583433.8937786436,15319.420799938232,15400.679309433297,30720.10010937153,24115.32973878823,25329.226420846528,49444.556159634754,14896.721330562363,15918.147300508299,30814.86863107066,6583.619592367927,24249.672000905797,10473.94083193266,6583.619592,24249.672000000002,10473.940799999998,3.679269866552204e-07,9.05794877326116e-07,3.19326609314885e-05,124206.57213711547,1559.019548474655,9799.128234285317,2784.0,2397.46,1159.37,0.0,0,mef_soft,0.2,71047.80990000001,71047.80990450186,-4.501853254623711e-06
M2__S1__D1__start001__ndays366__20260326T074443Z,M2,S1,D1,199,2024-07-17,True,True,False,0.007885639554291926,True,True,155795.37597129663,9.850022107853538e-07,155795.37597129663,878157.9367980907,876922.9733833554,1234.9634147353404,1495664.3147599264,63.0393799306912,0.4164290281428061,6716.069997224255,25122.196255675284,6869.282974915917,0.3270781048854967,0.2022412439705972,0.5065410555224439,224311.26260054758,229835.02961553383,33372.55983750936,261.8249280034846,2353.736446878449,2615.5613748819337,3.4547760944718814e-07,3.1754623898946275e-07,3.2197836234870294e-07,28398.483905343674,50447.96300758327,29421.705618150434,2339376.998389146,21145.768173784363,4758.960878532437,0.0,2365281.7274414627,8662.903654449265,19735.580250550498,28398.483904999764,6993.045886738379,43454.91712052892,50447.963007267295,15472.4215152152,13949.284102614823,29421.705617830023,6583.619592017209,24249.672000091145,10473.940800083807,6583.619592,24249.672000000002,10473.940799999998,1.7208549252245575e-08,9.114228305406868e-08,8.380811777897179e-08,140013.66000780402,1476.7835871508066,9356.102376341838,1392.0,2397.46,1159.37,0.0,0,mef_soft,0.2,35988.121212,35988.12121239129,-3.9129372453317046e-07
M2__S1__D1__start001__ndays366__20260326T074443Z,M2,S1,D1,200,2024-07-18,True,True,False,0.0020828233324874075,True,True,152074.99207108538,0.0,152074.99207108538,910111.6489318728,910111.6489318728,0.0,1418820.9052162617,60.92151113131874,0.4452236052344867,5170.747280650579,24573.83083151172,11901.746002028107,0.3264032807702307,0.7986827494069643,0.12735654105635036,231144.93503549774,232022.42263447455,31293.210438123817,258.8137746414053,2184.849528085581,2443.6633027269863,0.0,0.0,0.0,28049.04949369935,49867.77929875886,27310.619101377073,2293646.2171201697,20902.578376660204,4417.492639603794,0.0,2318966.288136434,5189.448428298041,22859.601065088253,28049.049493386294,24743.138489448967,25124.64080903176,49867.77929848073,10027.119935007951,17283.499166227222,27310.61910123517,6583.619591930751,24249.67199755694,10473.94080003173,6583.619592,24249.672000000002,10473.940799999998,-6.924892659299076e-08,-2.4430628400295973e-06,3.1732270144857466e-08,139546.82670834337,1445.9284886018004,8684.776874140185,0.0,2397.46,0.0,0.0,0,mef_soft,0.2,33736.873864,33736.8737408508,0.00012314919877098873
M2__S1__D1__start001__ndays366__20260326T074443Z,M2,S1,D1,201,2024-07-19,True,True,False,0.007064216790997634,True,True,122664.21575456946,0.0,122664.21575456946,1268208.4246374257,1268208.4246374257,0.0,1195490.3400071862,48.52420909419239,0.4579245665827665,4202.085464415701,22185.394954729167,6904.917093156034,0.4558346218866287,0.6537995834020158,0.41285157192533495,177762.12337456364,160425.01083142616,22929.282022229218,255.8378235583101,2086.5569588490766,2342.3947824073866,0.0,0.0,0.0,30468.498973249803,49294.37833265215,26081.9619856794,2428624.344301005,20662.231622871892,4218.757351173723,0.0,2453505.3332750504,11550.176437337674,18918.322535382413,30468.498972720085,35756.74110933252,13537.637223119693,49294.378332452216,8656.897611243317,17425.06437422854,26081.961985471855,6583.61959202949,24249.672000026712,10473.940800189079,6583.619592,24249.672000000002,10473.940799999998,2.9490365704987198e-08,2.6710040401667356e-08,1.890803105197847e-07,109298.65001448907,1514.6718286553214,8294.063911425079,0.0,2397.46,1159.37,0.0,0,mef_soft,0.2,25271.676816,25271.676804636605,1.1363394150976092e-05
M2__S1__D1__start001__ndays366__20260326T074443Z,M2,S1,D1,202,2024-07-20,True,True,False,8.819655202164132e-05,True,True,11572.103550678212,9.858856171266816e-07,11572.103550678212,2586487.342018886,2080002.71798909,506484.624029796,103970.38461214825,4.760607375993483,0.37856678085751344,5176.280218649114,24587.650798152386,7570.493027280681,0.8817616990392193,0.7515127406358573,0.6734655915169075,7353.462376951847,1915.602131473093,2388.8622292603222,207.61623489350427,1685.2015894302644,1892.8178243237687,3.0098800325298635e-07,3.1903301166136347e-07,3.658646022123318e-07,27380.517560577064,40003.1281099475,21065.01986841284,2132934.5646534036,16767.711178797952,3407.2669636293235,0.0,2153109.542795831,23504.390377928547,3876.127182347761,27380.51756027631,28110.525786961145,11892.602322667584,40003.12810962873,12117.259775717754,8947.760092329474,21065.019868047228,6583.619592129961,24249.67200089472,10473.940800020251,6583.619592,24249.672000000002,10473.940799999998,1.299613359151408e-07,8.947172318585217e-07,2.0252628019079566e-08,-1.039703011440499,1317.6369357043484,6698.676317985301,0.0,2397.46,1159.37,0.0,0,mef_soft,0.2,4281.6801096,4281.680053584091,5.6015908739937004e-05
M2__S1__D1__start001__ndays366__20260326T074443Z,M2,S1,D1,203,2024-07-21,True,True,False,0.0021145585037368763,True,True,14713.750116731539,1.2896002332357375e-06,14713.750116731539,1396189.4018671357,1387610.9266990698,8578.47516806623,605786.1234980428,30.38963679805491,0.5335904377882418,5114.760560626371,26981.780115680565,6171.251315870831,0.6503681401633143,0.014761027888912428,0.782804898180154,45545.045399850154,31052.624738107424,13332.170422099927,197.86772582293767,1783.7329793814638,1981.6007052044015,4.253920660817521e-07,4.3181471367477297e-07,4.3239345347921244e-07,25650.926623126605,38124.80248241189,22296.66223993391,1984022.2358239545,15980.392284388949,3606.485117694433,0.0,2003609.1132260377,20686.788047556576,4964.13857544928,25650.92662300586,14675.949898896688,23448.852583386088,38124.80248228278,14159.790202611935,8136.872037193343,22296.66223980528,6583.619609371137,24249.67218165637,10473.9408025582,6583.619592,24249.672000000002,10473.940799999998,1.7371136891597416e-05,0.00018165636720368639,2.558201231295243e-06,25.314656102132766,1257.2668689165537,7090.338593041318,2784.0,2397.4599986715325,1159.37,0.0,0,mef_soft,0.2,15313.771164,15313.771127304328,3.66956719517475e-05
M2__S1__D1__start001__ndays366__20260326T074443Z,M2,S1,D1,204,2024-07-22,True,True,False,0.008904057981613254,True,True,102452.32382799403,0.0,102452.32382799403,1227525.8903699773,1222839.1072922763,4686.783077700942,1065333.5792524992,46.55826832987819,0.6427593649830077,8215.784411827955,21370.917757307165,4245.82224022955,0.46610789605177594,0.18945478162271556,0.4921216635146118,132119.9650394563,133547.13030891144,20324.028231978158,225.1256627679959,2049.7508767810937,2274.8765395490896,0.0,0.0,0.0,29763.801634294192,43376.81381722162,25621.885962438868,2254068.2935253577,18181.825203436172,4144.340053991839,0.0,2276394.4587827856,20269.491365606413,9494.310268070709,29763.801633677125,8022.330389437548,35354.48342766703,43376.81381710457,14999.079045759581,10622.806916547877,25621.88596230746,6583.61959200122,24249.672000004346,10473.940800015676,6583.619592,24249.672000000002,10473.940799999998,1.2196323950774968e-09,4.343746695667505e-09,1.5677869669161737e-08,89295.93040859952,1451.8036841896735,8147.759735204849,0.0,2397.46,1159.37,0.0,0,mef_soft,0.2,22598.904771999998,22598.904771527246,4.72751708002761e-07
M2__S1__D1__start001__ndays366__20260326T074443Z,M2,S1,D1,205,2024-07-23,True,True,False,0.003599618882358028,True,True,139374.88810303042,0.0,139374.88810303042,954755.6763957363,954755.6763957363,0.0,1543084.961791604,61.77675782036305,0.44038198240100207,9043.488851702092,21681.02531713946,11631.311206601371,0.3344264916331046,0.1819177621977533,0.23421855629312616,176854.5911488116,137199.03980055675,24926.90313308435,234.4527387748866,2351.6652117837957,2586.1179505586824,0.0,0.0,0.0,30613.66433846492,45173.938107606955,29395.815146251785,2465710.051083206,18935.10789690006,4754.773100239179,0.0,2489399.9320803457,10925.822462081112,19687.841876152404,30613.664338233517,9851.194317288864,35322.74379019906,45173.93810748792,11558.705186377305,17837.109959516412,29395.81514589372,6583.619592113964,24249.67200111775,10473.940800592758,6583.619592,24249.672000000002,10473.940799999998,1.1396423360565677e-07,1.1177471606060863e-06,5.927595339016989e-07,126110.43392109543,1519.1249650943726,9347.869216840587,0.0,2397.46,0.0,0.0,0,mef_soft,0.2,27513.021152,27513.021083643034,6.835696694906801e-05
M2__S1__D1__start001__ndays366__20260326T074443Z,M2,S1,D1,206,2024-07-24,True,True,False,0.009708606264291394,True,True,149728.5972241087,0.0,149728.5972241087,968462.279598255,968462.279598255,0.0,1465947.517111238,60.2177792371978,0.4113023547998476,8425.270168325907,22530.80396795164,8245.05247034205,0.3332065999821837,0.42459412270970825,0.4368686228461469,206082.95132625778,171349.1524320127,22193.738672027877,248.3345246915075,2287.1942575963403,2535.5287822878477,0.0,0.0,0.0,29663.707333858554,47848.65601102168,28589.92822079923,2398282.0912513025,20056.242653122794,4624.420889578225,0.0,2422962.7547940034,8032.336523076742,21631.370810255816,29663.70733333256,14078.883124784097,33769.772886048675,47848.656010832776,10298.151275879853,18291.776944720947,28589.9282206008,6583.6195919934635,24249.671999998267,10473.940799989741,6583.619592,24249.672000000002,10473.940799999998,-6.536538421642035e-09,-1.735315890982747e-09,-1.0257281246595085e-08,131406.7440628091,1497.4259873541507,9091.597173945454,4176.0,2397.46,1159.37,0.0,0,mef_soft,0.2,24729.267454,24729.267454315726,-3.157256287522614e-07
M2__S1__D1__start001__ndays366__20260326T074443Z,M2,S1,D1,207,2024-07-25,True,True,False,0.009606355789221643,True,True,109098.88761760133,1.0000546765253113e-06,109098.88761760133,1182210.1183897292,1181240.2155738892,969.9028158397757,1239981.551559359,51.21305154246611,0.48221316418731014,7255.74885224087,31099.674065093117,4743.047778865412,0.435384333510401,0.09221716875131651,0.3056679619232898,148888.18256711145,97102.69862463328,19153.719902381337,259.67373202570377,2072.1034936562346,2331.7772256819385,4.2147561282540476e-07,3.1593774826836147e-07,2.626413154315451e-07,29181.818745327626,50033.474378616396,25901.293670580322,2384234.1365114683,20972.031120599735,4189.5342512418565,0.0,2409395.70188331,16102.477387596437,13079.34135730971,29181.818744906144,8442.142485569577,41591.33189273089,50033.47437830045,6514.322325283408,19386.971345034275,25901.293670317682,6583.619592072319,24249.67200036111,10473.940800366858,6583.619592,24249.672000000002,10473.940799999998,7.231938070617616e-08,3.611094143707305e-07,3.6685923987533897e-07,93046.87230462492,1474.5739256928923,8236.611387283532,2784.0,2397.46,1159.37,0.0,0,mef_soft,0.2,21485.497128,21485.497128063274,-6.327536539174616e-08
M2__S1__D1__start001__ndays366__20260326T074443Z,M2,S1,D1,208,2024-07-26,True,True,False,0.007916729535238644,True,True,139498.8385188392,0.0,139498.8385188392,896308.8498615011,890184.3708395534,6124.479021947733,1525122.4127421193,63.144045431798375,0.3317110953567999,6995.6809710757125,24171.883799924577,6386.613608954336,0.3041545602819756,0.2716323825358949,0.7005621727436452,177535.48946901882,115216.94052930991,11712.202181990764,249.5305911308498,1972.9394799928305,2222.47007112368,0.0,0.0,0.0,28446.38157200955,48079.111971665174,24661.743496436622,2379968.5370319327,20152.84057392907,3989.037011173032,0.0,2404110.414617035,8004.37153830381,20442.010032867358,28446.381571171165,10145.430180830292,37933.68179016562,48079.11197099592,14236.989306002475,10424.75418994222,24661.743495944695,6583.619592109786,24249.67200078084,10473.940802577408,6583.619592,24249.672000000002,10473.940799999998,1.0978601494571194e-07,7.808375812601298e-07,2.577409759396687e-06,123886.69358766581,1428.8804982018703,7842.434432971501,2784.0,2397.46,1159.37,0.0,0,mef_soft,0.2,13934.672252,13934.672253114444,-1.114443875849247e-06
M2__S1__D1__start001__ndays366__20260326T074443Z,M2,S1,D1,209,2024-07-27,True,True,False,0.009312963812544997,True,True,67184.59577616173,0.0,67184.59577616173,939147.8912402056,919803.7694276185,19344.1218125873,1114163.7569727353,54.77785375190056,0.44006941563025354,6262.45940560574,19826.00692632108,8261.265002453327,0.363416945005704,0.8013336052289541,0.8351032525315999,106066.13925364279,62410.658572515706,13563.417389343285,214.68720192759355,1565.6755865971904,1780.362788524784,0.0,0.0,0.0,24649.302510532074,41365.54950484205,19570.944834371432,2000026.578247997,17338.783730247203,3165.6003266537055,0.0,2020530.962304898,3353.445613071216,21295.85689609663,24649.302509167843,19470.29617320295,21895.253331639105,41365.54950484205,16184.577344204083,3386.367490167351,19570.944834371432,6583.6195920353875,24249.67200029356,10473.94080066667,6583.619592,24249.672000000002,10473.940799999998,3.5387529351282865e-08,2.935594238806516e-07,6.666723493253812e-07,52005.141487477056,1223.0638319608295,6223.560456723831,4176.0,2397.46,1159.37,0.0,0,mef_soft,0.2,15343.7801936,15343.78017786807,1.573193003423512e-05
M2__S1__D1__start001__ndays366__20260326T074443Z,M2,S1,D1,210,2024-07-28,True,True,False,0.0005896999268878106,True,True,13821.426826580182,9.88743360455778e-07,13821.426826580182,1594231.9594285544,1590695.2229637457,3536.736464809137,462127.92261244636,22.511823466542953,0.4744796406521868,5023.837896497903,18681.353565761932,9658.336861773189,0.7122960606082176,0.5555892233347394,0.6186331181938671,36451.907181955416,15583.282001229414,10032.974219313444,203.69258141377864,1539.3784631668898,1743.0710445806685,2.7508203273743145e-07,3.377491111964438e-07,3.7591221652190287e-07,26841.739075670415,39247.12551147926,19242.230790571404,2022012.3571874748,16450.825130134952,3112.430830215575,0.0,2041575.6131478255,17489.594062387834,9352.145013007019,26841.73907539485,28610.00029057052,10637.125220571312,39247.12551114183,15578.297646841687,3663.933143353811,19242.2307901955,6583.619593419814,24249.67200241833,10473.940800051583,6583.619592,24249.672000000002,10473.940799999998,1.4198139979271218e-06,2.4183282221201807e-06,5.1584720495156944e-08,80.07981741047709,1281.4876180813178,6119.029391088388,2784.0,2397.46,1159.37,0.0,0,mef_soft,0.2,11776.045268,11776.045263894113,4.105886546312831e-06
M2__S1__D1__start001__ndays366__20260326T074443Z,M2,S1,D1,211,2024-07-29,True,True,False,0.001851353609140494,True,True,156027.03599172455,0.0,156027.03599172455,1085994.6516500188,1085994.6516500188,0.0,1326932.210790216,54.992641154828306,0.5663126174544716,6336.482256948664,27391.043886152987,10579.15642244258,0.37461911950181925,0.8126361348782459,0.6748861931767395,238542.62307057777,331058.2866583213,38102.224876784414,227.63820096534647,2004.7249908150845,2232.363191780431,0.0,0.0,0.0,32008.697917112244,43860.92504322355,25059.06237353864,2377592.434104979,18384.745340112157,4053.3033408646284,0.0,2400030.482785956,8786.34261621482,23222.35530169341,32008.69791790823,31142.838876651473,12718.0861675417,43860.92504419317,16562.652564969736,8496.409809678644,25059.06237464838,6583.619592695271,24249.672000913208,10473.940811577464,6583.619592,24249.672000000002,10473.940799999998,6.95271410222631e-07,9.132054401561618e-07,1.1577465556911193e-05,142975.42443942482,1525.9997138097172,7968.781838489962,0.0,2397.46,1159.37,0.0,0,mef_soft,0.2,40334.588376,40334.588068564844,0.0003074351552641019
M2__S1__D1__start001__ndays366__20260326T074443Z,M2,S1,D1,212,2024-07-30,True,True,False,0.00789697065139095,True,True,84265.29978271393,0.0,84265.29978271393,1542676.5618009907,1535135.7027753654,7540.859025625223,842433.5409718398,35.43255546341561,0.4780352263580783,8239.805230339543,24633.66254679694,4504.970567741976,0.5905454120456506,0.4391932778923379,0.830862441375446,122700.88488282569,66152.66906553204,18741.2440058301,235.72355186802577,1917.9442782175183,2153.667830085544,0.0,0.0,0.0,30307.88806602858,45418.79612185059,23974.303487263023,2343299.182695456,19037.742582144492,3877.843587610316,0.0,2366214.768865211,17249.37123452381,13058.51683293415,30307.888067457956,27268.187725129137,18150.608398060787,45418.796123189924,16125.514447887044,7848.789040925572,23974.303488812617,6583.619592311375,24249.672000272778,10473.940801765222,6583.619592,24249.672000000002,10473.940799999998,3.113746060989797e-07,2.7277565095573664e-07,1.765223714755848e-06,71614.3853075093,1470.2559692899838,7623.828505914636,0.0,2397.46,1159.37,0.0,0,mef_soft,0.2,20894.911858,20894.911835915645,2.208435398642905e-05
M2__S1__D1__start001__ndays366__20260326T074443Z,M2,S1,D1,213,2024-07-31,True,True,False,0.005857384584044402,True,True,113554.9498234097,0.0,113554.9498234097,1392530.0571829618,1392530.0571829618,0.0,1017226.4494646335,42.21283132376634,0.5207071009189845,4545.8576630944235,24491.975136455712,12332.255086484038,0.5255166114685367,0.21627121866257856,0.4618818165763366,169538.37312525653,103943.97766099294,21006.9213251538,248.3815226286485,1907.202113066768,2155.5836356954164,0.0,0.0,0.0,30145.092650521165,47857.711489596106,23840.026415328168,2375482.439452804,20060.038347789043,3856.1242723573714,0.0,2399398.6020729505,17897.116731361606,12247.975918719483,30145.09265008109,15914.051501771039,31943.659987582127,47857.71148935316,15800.61537504824,8039.411040012367,23840.026415060605,6583.619592012279,24249.672000049257,10473.940800047061,6583.619592,24249.672000000002,10473.940799999998,1.2279087968636304e-08,4.92545950692147e-08,4.7062712837941945e-08,96529.81739658055,1478.544027388745,7581.128399440404,5568.0,2397.46,0.0,0.0,0,mef_soft,0.2,23162.504992,23162.504960849215,3.115078288828954e-05
M2__S1__D1__start001__ndays366__20260326T074443Z,M2,S1,D1,214,2024-08-01,True,True,False,0.0029078218815541054,True,True,88873.76828491733,0.0,88873.76828491733,1648424.7503780434,1648059.192125212,365.55825283132793,700463.8049688428,29.82571624104008,0.40057762002601005,5465.755945537058,22386.11300105667,6662.038318774682,0.6542443237438198,0.9999980428433398,0.8890280717177184,134140.52952274156,118549.70178434257,15864.707641439918,263.2399908146087,2149.928257063113,2413.1682478777216,0.0,0.0,0.0,29097.997469804668,50720.614799899355,26874.10320620235,2315220.5913565718,21260.052899817783,4346.8861948071535,0.0,2340827.5304511967,13404.752353767413,15693.245115169408,29097.997468936817,32490.400883216687,18230.213915937333,50720.61479915402,20124.07866918378,6750.024536318248,26874.103205502026,6583.619593228225,24249.672000855062,10473.94080709494,6583.619592,24249.672000000002,10473.940799999998,1.2282253010198474e-06,8.550596248824149e-07,7.09494088368956e-06,75287.86909878565,1483.1043643057938,8545.964821825875,0.0,2397.46,1159.37,0.0,0,mef_soft,0.2,18277.8761128,18277.87588931764,0.0002234823623439297
M2__S1__D1__start001__ndays366__20260326T074443Z,M2,S1,D1,215,2024-08-02,True,True,False,0.0072187885403273986,True,True,98795.37157405219,0.0,98795.37157405219,1422966.0792904133,1418442.9382789696,4523.141011443813,1056350.9389826157,42.68440085812284,0.4599735134302791,7582.56738600918,22250.635708117406,10033.041974071926,0.499834363992858,0.4640953626159145,0.4955902621280402,137949.0364842186,129216.3660038624,23119.152041974194,258.1537553875527,2288.1506124550397,2546.3043678425925,0.0,0.0,0.0,29700.763039809477,49740.6079734622,28601.88265955781,2434698.6323875207,20849.27323858316,4626.354519557533,0.0,2460174.2601456614,16979.21686274382,12721.546177666634,29700.763040410453,36603.15404963858,13137.453924386024,49740.6079740246,17146.34263171551,11455.540028454438,28601.88266016995,6583.619592315505,24249.672002088668,10473.940803235428,6583.619592,24249.672000000002,10473.940799999998,3.155046215397306e-07,2.088665496557951e-06,3.2354291761294007e-06,84632.94093780231,1510.2019517410756,9095.398684508784,0.0,2397.46,1159.37,0.0,0,mef_soft,0.2,25665.456512,25665.456409816787,0.00010218321403954178
M2__S1__D1__start001__ndays366__20260326T074443Z,M2,S1,D1,216,2024-08-03,True,True,False,0.009160625544495612,True,True,99649.60015672662,1.018370247674764e-06,99649.60015672662,1111819.7897968655,1109073.0424171393,2746.747379726239,1059160.4621162892,48.84900357372739,0.44165200091970186,8437.823518826875,34315.39236143181,4263.556477665385,0.44683128860573834,0.154686559221614,0.742137902410412,136761.42473211215,132789.47028701362,36087.72293254095,221.8120911583649,1860.0586130035142,2081.870704161879,4.132781274520299e-07,3.069452045344195e-07,2.9814691568831463e-07,26823.098296492957,42738.36053359255,23250.73266579557,2134333.938606737,17914.211200374368,3760.806008167424,0.0,2156008.955815279,14206.27741917201,12616.82087693764,26823.09829610965,11200.626316960368,31537.734216355184,42738.36053331556,15295.24329319479,7955.489372332586,23250.732665527376,6583.619592061303,24249.672000269165,10473.940800265922,6583.619592,24249.672000000002,10473.940799999998,6.130267138360068e-08,2.6916313800029457e-07,2.659235178725794e-07,83191.43004696124,1331.6071230764032,7393.7329866889695,4176.0,2397.46,1159.37,0.0,0,mef_soft,0.2,38169.59364,38169.593636702826,3.2971729524433613e-06
M2__S1__D1__start001__ndays366__20260326T074443Z,M2,S1,D1,217,2024-08-04,True,True,False,0.009845791077065607,True,True,70918.777383424,0.0,70918.777383424,1165735.0687211654,1148691.6264959257,17043.442225239654,1036591.0373143218,47.43510093595522,0.35377451077850025,9641.874794402853,20721.26639688394,5557.704723744784,0.48512867639322416,0.6297157249473869,0.854065430083887,120648.08656991941,88653.11558018444,27633.0906516986,230.3696810146746,1641.4935282048,1871.8632092194746,0.0,0.0,0.0,27419.343162749967,44387.22177549513,20518.66909942955,2155177.330897322,18605.3478794484,3318.894727372844,0.0,2177101.5735041434,12188.486936185061,15230.856225430573,27419.343161615634,16993.26323856215,27393.958536223996,44387.22177478615,15849.944623036665,4668.724475940038,20518.6690989767,6583.619592359938,24249.672000383,10473.940803422705,6583.619592,24249.672000000002,10473.940799999998,3.59937985194847e-07,3.8299913285300136e-07,3.4227068681502715e-06,55319.592759217456,1341.417849592471,6524.9367746140815,4176.0,2397.46,1159.37,0.0,0,mef_soft,0.2,29504.953874,29504.953860918074,1.3081924407742918e-05
M2__S1__D1__start001__ndays366__20260326T074443Z,M2,S1,D1,218,2024-08-05,True,True,False,0.009066125491738955,True,True,123315.89874565923,0.0,123315.89874565923,1417492.809741878,1417492.809741878,0.0,954551.1464869264,40.241714070278874,0.4054468606250528,4477.858988731564,39152.81990550164,8297.599357117435,0.5502917039845167,0.12984722640802718,0.6498595488849764,173638.19305653434,221376.9214501064,26409.00693235888,251.09673573632074,2102.7436395345126,2353.840375270833,0.0,0.0,0.0,30260.398147239386,48380.87393788237,26284.295495731094,2338453.7096759127,20279.327119710888,4251.48479620112,0.0,2362984.521591825,15798.024069888914,14462.374077569695,30260.39814745861,15168.891887924543,33211.982049859565,48380.87393778411,20265.21140364324,6019.084092386721,26284.295496029958,6583.619593324527,24249.67200037613,10473.940801927401,6583.619592,24249.672000000002,10473.940799999998,1.324527147517074e-06,3.761269908864051e-07,1.927402990986593e-06,105721.01236285674,1503.6504156527672,8358.405967149687,4176.0,2397.46,1159.37,0.0,0,mef_soft,0.2,28762.847342,28762.847307629712,3.43702886311803e-05
M2__S1__D1__start001__ndays366__20260326T074443Z,M2,S1,D1,219,2024-08-06,True,True,False,0.009659217829880643,True,True,164719.41957223276,3.461162525002675e-07,164719.41957223276,1043041.8467692877,1038030.7015733276,5011.145195960044,1431143.3156327433,57.96040723173152,0.3379607639252531,6988.708805275734,28340.508809084717,5134.137299950027,0.36316207164688297,0.5207979255350179,0.5624395753960408,240426.00467673852,175281.17330634157,93599.21809468302,267.01345677650454,2003.3773732940058,2270.39083007051,2.952120196459501e-07,3.0595806921988775e-08,2.0308425932328615e-08,31265.052658183486,51447.67953357,25042.21716827349,2433095.6751417336,21564.809353071476,4050.5786266291516,0.0,2458711.063121434,12138.920953552493,19126.131704344523,31265.052657897013,22472.466473254914,28975.213060093673,51447.679533348586,11863.089054381031,13179.128113667964,25042.217168048996,6583.619592014617,24249.672000077873,10473.94080005735,6583.619592,24249.672000000002,10473.940799999998,1.4617398846894503e-08,7.787093636579812e-08,5.735091690439731e-08,151652.39110901946,1546.7734043695532,7963.4250588436735,0.0,2397.46,1159.37,0.0,0,mef_soft,0.2,95869.608928,95869.60892475353,3.246474079787731e-06
M2__S1__D1__start001__ndays366__20260326T074443Z,M2,S1,D1,220,2024-08-07,True,True,False,0.0073741593107520065,True,True,153609.20343282062,0.0,153609.20343282062,972333.5964586884,971619.1066140801,714.4898446083204,1511546.5563976404,60.87175652084176,0.5408170744974531,6012.693165157936,31106.046680590283,10458.08527251811,0.34165960984046173,3.7257663625971036e-08,0.6443601976968919,206989.52130870422,184686.17995911307,85567.11485363086,279.23210664679954,1729.6855395982277,2008.9176462450273,0.0,0.0,0.0,31421.712629741527,53801.94733024284,21621.069241329988,2447089.3445357974,22551.62424317389,3497.20795037651,0.0,2473138.1767293476,12264.307540690601,19157.405089039807,31421.712629730406,10365.042516043159,43436.904814276444,53801.9473303196,15429.647414095316,6191.421827372854,21621.06924146817,6583.619592170972,24249.672000828657,10473.94080378123,6583.619592,24249.672000000002,10473.940799999998,1.709722710074857e-07,8.286551747005433e-07,3.7812314985785633e-06,142795.2567472366,1540.9866656811103,6875.500019902956,0.0,2397.46,0.0,0.0,0,mef_soft,0.2,87576.03252400001,87576.03249987589,2.4124121409840882e-05
M2__S1__D1__start001__ndays366__20260326T074443Z,M2,S1,D1,221,2024-08-08,True,True,False,0.006101035110896421,True,True,161335.81890612032,9.915930360539883e-07,161335.81890612032,1047568.2770688194,1045980.9180683063,1587.3590005132214,1446990.7258370873,58.042807240690756,0.4989876577049437,9908.183897825425,25818.482515572545,4105.062863323626,0.3537617446593762,0.5122193211298446,0.6422711690417507,210112.34044482623,225108.7383390183,89249.64983836989,276.71308640359075,1746.5370465901456,2023.2501329937363,3.457854435637204e-07,3.31130431230356e-07,3.1467716125991194e-07,31943.733423077174,53316.586976701525,21831.71308634532,2454961.862874105,22348.18059671093,3531.2795910745763,0.0,2480841.323061891,8701.589853517253,23242.143569218104,31943.73342273536,17784.65274253154,35531.934233842825,53316.58697637437,13806.158704221689,8025.554381812928,21831.713086034615,6583.619592019281,24249.672000099483,10473.940800125296,6583.619592,24249.672000000002,10473.940799999998,1.928128767758608e-08,9.948053047992289e-08,1.2529744708444923e-07,149279.35596179208,1557.1481841324016,6942.484760195831,0.0,2397.46,1159.37,0.0,0,mef_soft,0.2,91272.899972,91272.89997136363,6.363698048517108e-07
M2__S1__D1__start001__ndays366__20260326T074443Z,M2,S1,D1,222,2024-08-09,True,True,False,0.008319376977281035,True,True,173239.14462907377,0.0,173239.14462907377,974025.6886964969,973781.8078075039,243.88088899309108,1487283.8350396592,60.43251383246515,0.4224079804829264,6068.741361837451,28976.024518268474,9567.6749573167,0.3341491835435764,0.32359994309708756,0.6504062782030341,223301.59954044688,225997.4561799002,79225.21121467336,295.8884092980774,1908.348194521288,2204.2366038193654,0.0,0.0,0.0,30060.38077541138,57011.25419986436,23854.35242984001,2421738.6642319597,23896.83731050374,3858.4415058430427,0.0,2449493.9430483063,8573.015389663566,21487.36538597081,30060.380775634378,21586.118567573685,35425.135632776495,57011.25420035018,15166.59520408287,8687.757226357746,23854.352430440616,6583.619592200382,24249.672000276027,10473.940801669763,6583.619592,24249.672000000002,10473.940799999998,2.003816916840151e-07,2.7602436603046954e-07,1.669764969847165e-06,156156.83632317669,1531.164232674884,7585.684073222121,5568.0,2397.46,0.0,0.0,0,mef_soft,0.2,81429.447956,81429.44781849273,0.00013750727521255612
M2__S1__D1__start001__ndays366__20260326T074443Z,M2,S1,D1,223,2024-08-10,True,True,False,0.00866932472983622,True,True,28472.634206459596,0.0,28472.634206459596,1888084.638614115,1888084.638614115,0.0,217043.5420118976,10.31022927769435,0.23064757568572034,4254.480308008228,19092.54914917733,4034.05683730889,0.8674349277654604,0.5607229253631,0.8965439430394715,20832.982338727466,31486.267782023293,4865.947562853136,267.63221878026025,1647.7449372063932,1915.3771559866534,0.0,0.0,0.0,25665.39510773273,51566.901499491374,20596.811716610784,2074406.9382952088,21614.782432363543,3331.534294921065,0.0,2099353.2550224937,20269.05367413236,5396.341433230729,25665.39510736309,21820.78502181342,29746.11647735203,51566.90149916545,16458.288850494835,4138.522865894227,20596.81171638906,6583.619592032745,24249.67200012842,10473.940800386727,6583.619592,24249.672000000002,10473.940799999998,3.2744537747930735e-08,1.2841701391153038e-07,3.8672806113027036e-07,13250.072552993215,1326.4855280709608,6549.786125395414,1392.0,4794.92,1159.37,0.0,0,mef_soft,0.2,6781.324729200001,6781.32471883979,1.036021058098413e-05
M2__S1__D1__start001__ndays366__20260326T074443Z,M2,S1,D1,224,2024-08-11,True,True,False,0.007792371702420786,True,True,42142.855151703894,0.0,42142.855151703894,1255086.6573042145,1250112.1547393156,4974.502564898947,978067.7527203548,43.89536722083818,0.41066843233084177,7209.863648251686,25831.70455449106,10629.722586104568,0.4770615694874767,0.5468894911365836,0.5305928098579652,93151.94752719604,98535.65648424748,32341.557444459464,264.5588937834328,1715.2676405076852,1979.826534291118,0.0,0.0,0.0,26999.945130143202,50974.73867607907,21440.845485567494,2188607.721028893,21366.571467762344,3468.0567611977217,0.0,2213442.349257853,14569.348115837121,12430.597021779824,26999.945137616945,29900.410642733885,21074.328042432633,50974.738685166514,15167.864246480382,6272.981248661923,21440.845495142305,6583.619592632826,24249.67200935201,10473.940817419243,6583.619592,24249.672000000002,10473.940799999998,6.328264134936035e-07,9.352006600238383e-06,1.7419244613847695e-05,31553.22217455086,1373.9841061349728,6818.18887101805,0.0,2397.46,0.0,0.0,0,mef_soft,0.2,34321.384222,34321.38397875058,0.00024324942205566913
M2__S1__D1__start001__ndays366__20260326T074443Z,M2,S1,D1,225,2024-08-12,True,True,False,0.008665402216419094,True,True,147740.73927455553,0.0,147740.73927455553,1274518.5088099297,1274518.5088099297,0.0,1268835.4334769594,49.88827596429893,0.46713414213700544,6158.432603164113,25821.100623852533,9954.751607869382,0.4326262753216474,0.5802748720823173,0.40285741227532923,184597.291794141,205549.07766885537,66984.44934785561,308.93826024038367,2074.7053259115282,2383.643586151912,0.0,0.0,0.0,30703.3321735438,59525.67635571749,25933.816584797274,2501321.766811491,24950.782497600718,4194.7948308636805,0.0,2530467.3441399555,12298.596675679875,18404.735498286536,30703.33217396641,33571.0001236066,25954.676232623657,59525.67635623026,12839.867281588546,13093.949303796506,25933.81658538505,6583.619592693958,24249.672000734306,10473.94080656255,6583.619592,24249.672000000002,10473.940799999998,6.939580998732708e-07,7.343041943386197e-07,6.5625517891021445e-06,131569.6095803536,1583.3460237036204,8246.953670498324,2784.0,2397.46,1159.37,0.0,0,mef_soft,0.2,69368.092976,69368.09293400752,4.199247632641345e-05
M2__S1__D1__start001__ndays366__20260326T074443Z,M2,S1,D1,226,2024-08-13,True,True,False,0.009557661133982822,True,True,168686.52086252422,0.0,168686.52086252422,1054975.9356132727,1042295.9193314051,12680.016281867687,1554612.2132194974,59.86396645045836,0.48539514051339444,6533.5848855738905,25273.701971206694,4508.27199931725,0.3180526890615216,7.134114227557463e-08,0.3817637149838318,209355.50105734455,192848.13844582535,48663.16978898492,301.7419736187344,2243.0670748208518,2544.809048439586,0.0,0.0,0.0,30775.134055873383,58139.108597737366,28038.33844179044,2551239.2313481546,24369.58875954539,4535.20124190605,0.0,2580144.021349606,13800.517032119635,16974.61702347255,30775.134055592192,14071.377211756722,44067.73138569889,58139.10859745561,7361.334880378137,20677.00356112801,28038.33844150615,6583.61959207784,24249.67200038566,10473.940800353992,6583.619592,24249.672000000002,10473.940799999998,7.784001354593784e-08,3.856584953609854e-07,3.5399352782405913e-07,153461.20000935503,1592.9292307562255,8916.191622412885,0.0,2397.46,2318.74,0.0,0,mef_soft,0.2,51207.978947999996,51207.9788374245,0.00011057549272663891
M2__S1__D1__start001__ndays366__20260326T074443Z,M2,S1,D1,227,2024-08-14,True,True,False,0.009711020376818516,True,True,125893.90323240346,0.0,125893.90323240346,1162138.7082307795,1151580.9674275643,10557.740803214996,1318078.510961313,53.370860335011976,0.41984380785701875,5817.742699790007,25422.24173169974,11612.666476557642,0.40666915162772854,0.41505317824505705,0.4669042793255415,149466.988621798,109944.2352175634,23710.6916183873,294.9570331947513,2278.282764393991,2573.239797588742,0.0,0.0,0.0,28828.447206695302,56831.798303414864,28478.534554861515,2429079.810947853,23821.61657686165,4606.402964260618,0.0,2457507.830488975,9063.129034218782,19765.318172512118,28828.4472067309,14217.59832278506,42614.1999807441,56831.798303529155,15636.369832240476,12842.164722833752,28478.534555074228,6583.6195943485745,24249.672000654962,10473.9408005738,6583.619592,24249.672000000002,10473.940799999998,2.348574525967706e-06,6.549598765559494e-07,5.73802026337944e-07,112917.40137414227,1522.8678697951177,9056.173988466115,0.0,2397.46,0.0,0.0,0,mef_soft,0.2,26283.931436,26283.931415976043,2.0023955585202202e-05
M2__S1__D1__start001__ndays366__20260326T074443Z,M2,S1,D1,228,2024-08-15,True,True,False,0.009898971440167577,True,True,33491.16127595755,3.1175354344620868e-06,33491.16127595755,1190955.597145869,1174402.3717773927,16553.22536847619,1497981.4462434566,56.05412800893444,0.373155297626189,8399.303957869846,23468.280572667787,7308.118206922936,0.3791691290298713,0.6648661781720403,0.8023242927721548,129141.18465457705,143045.71016647987,16526.482792426614,288.4060072745359,2479.6046066091276,2768.0106138836636,1.2198143994115631e-06,1.1246889175360274e-06,7.730321175144961e-07,30466.788776798254,55569.55824092745,30995.057574464412,2632553.0872780904,23292.536032670854,5013.450564058925,0.0,2660859.07387482,8175.233947423492,22291.55482815494,30466.788775578436,31060.837918150937,24508.720321651825,55569.55823980276,20767.672066010444,10227.385507680938,30995.05757369138,6583.619593600423,24249.672001673178,10473.940808520329,6583.619592,24249.672000000002,10473.940799999998,1.6004232747945935e-06,1.6731755749788135e-06,8.52033008413855e-06,18489.018707876632,1588.8842568096447,9856.428311271284,0.0,2397.46,1159.37,0.0,0,mef_soft,0.2,19294.493402,19294.493406310277,-4.3102772906422615e-06
M2__S1__D1__start001__ndays366__20260326T074443Z,M2,S1,D1,229,2024-08-16,True,True,False,0.009353202451198465,True,True,141862.0093954454,0.0,141862.0093954454,927431.0677597257,920566.288236685,6864.779523040842,1724664.328773795,65.19901583185714,0.38599600014422214,8302.404780321367,26470.290132732207,8646.562770844006,0.29732712715418097,0.3406116574333127,0.6880750509421064,170381.41564244538,159704.53221870644,25276.718845478797,290.0697890155558,2562.489159342905,2852.558948358461,0.0,0.0,0.0,29801.84413118552,55890.132759149536,32031.114497655835,2607270.972335566,23426.90804699951,5181.032769101609,0.0,2635878.913151667,5923.29521923118,23878.54891128496,29801.84413051614,26706.300052795872,29183.832705737757,55890.132758533626,23466.67962176858,8564.43487544868,32031.11449721726,6583.619592154271,24249.672000739065,10473.940802519053,6583.619592,24249.672000000002,10473.940799999998,1.542712197988294e-07,7.390626706182957e-07,2.5190547603415325e-06,122367.14550302984,1576.1394840274736,10185.894408388049,4176.0,2397.46,1159.37,0.0,0,mef_soft,0.2,28129.277806000002,28129.27779383726,1.2162741768406704e-05
M2__S1__D1__start001__ndays366__20260326T074443Z,M2,S1,D1,230,2024-08-17,True,True,False,0.009274369639054352,True,True,91355.94803310132,8.051315229712231e-07,91355.94803310132,1041732.8910979973,1035425.2041072265,6307.68699077087,1303041.7351169153,55.72205077011863,0.449022014564563,5627.2559122669045,22829.72339241508,10386.430423541104,0.3862882680923961,0.4718910319415847,0.7062610345030307,120133.56273082476,84005.66523969239,7785.062667070262,236.3085038513816,2295.3460037840587,2531.6545076354405,8.051315229712231e-07,0.0,0.0,27189.046689204668,45531.50362729418,28691.825039981773,2304880.269321031,19084.985062566797,4640.902701518318,0.0,2328606.157085116,5425.820004263826,21763.226686600927,27189.04669086475,18872.46633926758,26659.0372904967,45531.50362976428,20943.33611686595,7748.488925897698,28691.825042763645,6583.619592593204,24249.671999603932,10473.940806583183,6583.619592,24249.672000000002,10473.940799999998,5.932042768108658e-07,-3.960703907068819e-07,6.583184585906565e-06,72865.47119474178,1401.016473317912,9124.000365041635,5568.0,2397.46,0.0,0.0,0,mef_soft,0.2,10316.717166800001,10316.717174705704,-7.905702659627423e-06
M2__S1__D1__start001__ndays366__20260326T074443Z,M2,S1,D1,231,2024-08-18,True,True,False,0.007382902658276374,True,True,16698.763652656926,9.905634388734121e-07,16698.763652656926,1282594.132299205,1260936.0109466165,21658.12135258881,945101.4878529868,42.84158761432005,0.4024262560625847,4806.400118578779,22638.194303026747,9303.188396533498,0.5187613585626384,0.44886539901974715,0.3999438834696284,70539.5755921111,36231.70052640145,6874.862459048206,226.7086293123888,2268.945500988463,2495.654130300852,3.3521363311792085e-07,3.2073059677379867e-07,3.346192089816926e-07,25266.26759167288,43681.81667035933,28361.81876785292,2172634.302869073,18309.67033961106,4587.524184811109,0.0,2195531.497393495,14499.413624137138,10766.853967202911,25266.26759134005,19887.846053266825,23793.97061677414,43681.816670040964,14454.406161085211,13907.412606435466,28361.81876752068,6583.6197075499,24249.672152761726,10473.940801419454,6583.619592,24249.672000000002,10473.940799999998,0.0001155499003289151,0.00015276172416633926,1.4194556570146233e-06,16.090500003260626,1322.7847873695587,9019.05836642914,2784.0,2397.459998863591,1159.3699999913742,0.0,0,mef_soft,0.2,9371.5038668,9370.516589349058,0.9872774509422015
M2__S1__D1__start001__ndays366__20260326T074443Z,M2,S1,D1,232,2024-08-19,True,True,False,0.009958851579470678,True,True,103727.77864519182,1.7512091004898115e-06,103727.77864519182,1273252.2929190986,1265670.736465865,7581.556453233592,1193604.5203518972,48.534807848080824,0.4626290809233438,8486.082653472193,30853.69911482716,5399.212421943013,0.45359087511382995,0.25372494767429676,0.7926706013785318,114192.69896616114,160341.64855301357,21393.0788545378,263.3988488868438,2583.459146199404,2846.8579950862477,6.107681719850097e-07,5.911284560623573e-07,5.493124724424444e-07,27928.426836506893,50751.22344481951,32293.23931989687,2420749.686278159,21272.882755202656,5223.431461244156,0.0,2447246.000494606,13563.063529017429,14365.363307643416,27928.42683666085,15262.764027301562,35488.45941769019,50751.22344499175,20409.355286248057,11883.88403386237,32293.239320110428,6583.619592149957,24249.672000428203,10473.940809124568,6583.619592,24249.672000000002,10473.940799999998,1.4995657693361863e-07,4.282010195311159e-07,9.124569260166027e-06,87025.64837763003,1484.0501614191908,10269.25010614263,1392.0,2397.46,1159.37,0.0,0,mef_soft,0.2,24239.93685,24239.93684962405,3.759487299248576e-07
M2__S1__D1__start001__ndays366__20260326T074443Z,M2,S1,D1,233,2024-08-20,True,True,False,0.00636907954573588,True,True,117066.31254588737,0.0,117066.31254588737,1103297.8804327487,1102561.1614672001,736.7189655484443,1375471.5509343832,55.5065937608768,0.4160777533316881,6107.97592580122,26050.294728889,8082.954139509511,0.41081990384139017,6.5895991732036415e-09,0.17927987993152428,124404.5732626327,73364.21929224276,19909.825658289952,272.4334872887098,2244.870978226776,2517.304465515486,0.0,0.0,0.0,28265.211758764817,52492.00140461796,28060.887237266623,2443640.1851932798,22002.54730801002,4538.848509105284,0.0,2470181.581010395,15902.049890446353,12363.161867913805,28265.211758360165,6698.016254691498,45793.985149639004,52492.0014043305,11112.873337444285,16948.01389958932,28060.887237033603,6583.619592036736,24249.672000165436,10473.94080018708,6583.619592,24249.672000000002,10473.940799999998,3.673630999401212e-08,1.6543344827368855e-07,1.870812411652878e-07,98935.5115894815,1474.6088179544379,8923.362138451435,4176.0,2397.46,1159.37,0.0,0,mef_soft,0.2,22427.13015,22427.130123805437,2.619456427055411e-05
M2__S1__D1__start001__ndays366__20260326T074443Z,M2,S1,D1,234,2024-08-21,True,True,False,0.009551424353632914,True,True,42745.88167482639,0.0,42745.88167482639,1611533.1297361888,1588916.014395213,22617.115340975826,885946.1037805625,35.797796462034604,0.518490690518314,8289.805257906382,27082.472025178384,8745.820661353677,0.6089966776364178,0.559479038957971,0.835247273794574,79255.00923419035,62420.942594263906,13977.796057940124,280.62243547475396,2301.6395053087076,2582.261940783462,0.0,0.0,0.0,28738.392652812665,54069.83342142787,28770.493805034912,2439463.070111326,22663.911378432076,4653.627374887999,0.0,2466780.608864646,15762.786563695214,12975.606091472615,28738.39265516783,19107.343139819866,34962.49028408896,54069.83342390883,18015.257801485932,10755.236006014835,28770.493807500767,6583.619593716845,24249.672002525658,10473.940810606513,6583.619592,24249.672000000002,10473.940799999998,1.7168449630844407e-06,2.5256558728870004e-06,1.0606514479150064e-05,25750.738805130135,1505.2958360941386,9149.017033602113,2784.0,2397.46,1159.37,0.0,0,mef_soft,0.2,16560.05802,16560.057998723587,2.1276413463056087e-05
M2__S1__D1__start001__ndays366__20260326T074443Z,M2,S1,D1,235,2024-08-22,True,True,False,0.0054133028715986405,True,True,148267.1427442519,9.555401390650495e-06,148267.1427442519,1294786.124585139,1284652.3425690783,10133.782016060553,1384790.3329552864,51.87563477770763,0.40734663527231724,4958.271111903381,22903.32034285093,8368.212072954253,0.4272124813166427,0.37424814800653283,0.32523162717020787,190602.99428028797,128864.14989605962,44351.787425200906,285.2472392455245,2402.0328141977607,2687.2800534432854,6.480006750087229e-06,1.8170391566206588e-06,1.2583554839426067e-06,31369.861930638814,54960.932417597665,30025.410183366883,2629897.3139244583,23037.424432337146,4856.61009645253,0.0,2657791.3484532484,14245.738639004576,17124.123285154237,31369.86192415881,22308.07975003452,32652.852665031198,54960.93241506572,14413.614358675837,15611.795822697086,30025.410181372925,6583.619592457971,24249.672000590166,10473.940803143829,6583.619592,24249.672000000002,10473.940799999998,4.579706001095474e-07,5.90163836022839e-07,3.143830326735042e-06,130769.85339555131,1608.3789122644566,9548.0804364361,2784.0,2397.46,1159.37,0.0,0,mef_soft,0.2,47039.06746,47039.06747864419,-1.864419027697295e-05
M2__S1__D1__start001__ndays366__20260326T074443Z,M2,S1,D1,236,2024-08-23,True,True,False,0.009464946529725264,True,True,155062.26156353537,0.0,155062.26156353537,1193063.6905766148,1190934.9859193608,2128.7046572541594,1476135.656010157,55.34670258835861,0.38922710153694157,4538.198736027994,23066.854490858077,6963.328896070027,0.4091185741613312,0.32485429517890546,0.5088343541312683,187355.3086585472,168554.0083442934,40916.41332078949,268.83880914549684,2331.4790910329093,2600.317900178406,0.0,0.0,0.0,32484.05904473145,51799.38519101306,29143.48864057921,2632979.0891261618,21712.23029699507,4713.959287184154,0.0,2659405.278710341,12945.407416691089,19538.651627704807,32484.059044395894,21618.261770821293,30181.123420004835,51799.38519082613,11738.783967942625,17404.704672472173,29143.4886404148,6583.619592034029,24249.671999967362,10473.940800997409,6583.619592,24249.672000000002,10473.940799999998,3.402874426683411e-08,-3.263994585722685e-08,9.974100976251066e-07,139458.25644315066,1620.1757335289074,9267.629386855817,0.0,2397.46,2318.74,0.0,0,mef_soft,0.2,43516.731246,43516.7312209679,2.503210271243006e-05
M2__S1__D1__start001__ndays366__20260326T074443Z,M2,S1,D1,237,2024-08-24,True,True,False,0.007292271846601897,True,True,15897.058465390677,9.418831550745667e-07,15897.058465390677,1292099.9955806104,1263434.420219379,28665.57536123151,1145623.858296405,47.55484201080522,0.57506432752761,6261.683017482258,20763.525660402476,9605.419884983652,0.45528728025694704,0.5059730791817646,0.4955521993113937,84068.45392225897,68761.89022971621,14361.406043931926,229.38866007464856,1952.0389081705312,2181.42756824518,3.5020260086681017e-07,3.1698787834464967e-07,2.7469267586310666e-07,29532.18734113541,44198.20039285769,24400.486347377882,2373050.343724188,18526.117679556184,3946.7786674581994,0.0,2395523.2400712026,14168.382270483435,15363.805070301776,29532.18734078521,15805.655548351217,28392.544844189477,44198.2003925407,13897.645640433057,10502.840706670133,24400.486347103186,6583.619596903658,24249.672007176072,10473.940806075283,6583.619592,24249.672000000002,10473.940799999998,4.903658009425271e-06,7.176069630077109e-06,6.075284545659088e-06,1748.9132178293726,1439.9606059484267,7759.354659977863,1391.9999816350173,2397.46,1159.37,0.0,0,mef_soft,0.2,16550.285608000002,16542.833612177106,7.451995822895697
M2__S1__D1__start001__ndays366__20260326T074443Z,M2,S1,D1,238,2024-08-25,True,True,False,0.00505345609262741,True,True,17709.772937431568,0.0,17709.772937431568,1304390.973371041,1202763.4184111126,101627.55495992862,1165460.8543720513,49.21243599122428,0.43074827847741415,7565.507374128967,27342.96369162379,7504.809639087242,0.4426821283216745,0.3580421650023874,0.44855296518251336,86481.42666313483,55761.04475873634,14667.751661578917,235.96203507713344,1893.8803137417694,2129.842348818903,0.0,0.0,0.0,28575.425140235995,45464.746649815774,23673.50392805828,2328566.4469980365,19057.003202877087,3829.189259346673,0.0,2351452.63946026,14586.330413650487,13989.094726259336,28575.425139909825,20077.932339302126,25386.814310194168,45464.746649496294,11050.903822712162,12622.600105007761,23673.503927719925,6583.61959215271,24249.67200071032,10473.940800098528,6583.619592,24249.672000000002,10473.940799999998,1.527096173958853e-07,7.10319000063464e-07,9.852919902186841e-08,-353.33092292180754,1410.099613229845,7528.174247123534,5568.0,2397.46,1159.37,0.0,0,mef_soft,0.2,16797.594048,16797.59401039782,3.76021780539304e-05
M2__S1__D1__start001__ndays366__20260326T074443Z,M2,S1,D1,239,2024-08-26,True,True,False,0.002038819813403341,True,True,161787.72587736518,0.0,161787.72587736518,923644.6315251897,923553.1720324795,91.4594927101275,1856382.3852513959,66.7778927604051,0.49112085209099804,10037.968029322728,24929.329887486605,12221.546026853563,0.2840037322664509,0.5498477679861651,0.46849504190139674,231823.10743942912,347273.48798665527,57687.32917851419,274.635664298567,2314.1507784586943,2588.7864427572613,0.0,0.0,0.0,33532.7560923816,52916.312967800506,28926.884728579713,2747046.8739237753,22180.401743268503,4678.923605223628,0.0,2773906.1992722675,5711.800765765935,27820.955326642725,33532.75609240866,24148.49477174871,28767.818196489134,52916.312968237835,13670.636569612136,15256.248159408566,28926.884729020698,6583.619592206743,24249.672000025843,10473.940802293637,6583.619592,24249.672000000002,10473.940799999998,2.0674269762821496e-07,2.5840563466772437e-08,2.293638317496516e-06,142962.9505355419,1660.5659974499815,9198.749344373311,5568.0,2397.46,0.0,0.0,0,mef_soft,0.2,60276.115632,60276.115621271456,1.0728545021265745e-05
M2__S1__D1__start001__ndays366__20260326T074443Z,M2,S1,D1,240,2024-08-27,True,True,False,0.0018314002529108417,True,True,184388.0708872557,0.0,184388.0708872557,1102665.3589164314,1096858.6744559829,5806.684460448605,1695883.983941094,60.724677901918255,0.38363620398848414,4359.571019796295,23325.949566408108,7561.300578599098,0.34101374278114005,0.21565309396000512,0.3861703387186953,283535.2290331871,227397.15219513827,64301.40911086871,275.4038962105095,2216.223672537674,2491.6275687481834,0.0,0.0,0.0,34949.19291911686,53064.33452916866,27702.795902297603,2755465.6738656145,22242.446461620788,4480.927237943913,0.0,2782189.047565179,13021.446627443129,21927.746291673728,34949.19291911686,19165.781048203273,33898.55348096539,53064.33452916866,10008.08471015657,17694.71119214107,27702.79590229764,6583.619592117099,24249.672000517054,10473.940806555644,6583.619592,24249.672000000002,10473.940799999998,1.1709926184266806e-07,5.170513759367168e-07,6.555645086336881e-06,164753.74674422195,1700.005044696476,8809.489098337253,5568.0,2397.46,1159.37,0.0,0,mef_soft,0.2,66793.036672,66793.0366796169,-7.616894436068833e-06
M2__S1__D1__start001__ndays366__20260326T074443Z,M2,S1,D1,241,2024-08-28,True,True,False,0.004990112383105176,True,True,191281.2569879099,0.0,191281.2569879099,1024259.0795153789,1021970.2837842028,2288.7957311761747,1747916.5791903646,63.104258970104134,0.39349664998626627,4796.876790920477,23565.57651090088,5401.592064411175,0.3159699566580335,0.29497729466767225,0.45276341113848584,263141.3902763388,219692.86041768955,49352.29044001973,284.7523748491106,2246.2015662454305,2530.9539410945413,0.0,0.0,0.0,34302.28286727129,54865.58282433603,28077.51958427566,2732259.7763009435,22997.457695944802,4541.538791765324,0.0,2759798.7727886536,10934.101261612419,23368.181605658876,34302.28286727129,15977.770477893597,38887.812346442435,54865.58282433603,14494.45496640974,13583.064617865915,28077.51958427566,6583.619592229536,24249.672000085506,10473.9408000501,6583.619592,24249.672000000002,10473.940799999998,2.295355443493463e-07,8.550341590307653e-08,5.010224413126707e-08,177103.8429880921,1691.932773992197,8928.651225825586,0.0,2397.46,1159.37,0.0,0,mef_soft,0.2,51883.244448,51883.24438111427,6.688572466373444e-05
M2__S1__D1__start001__ndays366__20260326T074443Z,M2,S1,D1,242,2024-08-29,True,True,False,0.009915033237072105,True,True,253782.71945525028,0.0,253782.71945525028,743802.9735950081,739905.5987607085,3897.374834299658,2055654.1494863792,73.53282829227116,0.47892461862580804,10248.774594373093,36153.96538484525,4347.761067047214,0.19567003499844277,0.2500307152474855,0.4377475226448966,346587.88810225535,363702.4605030423,53329.01620269427,293.6210208444275,2280.882875475738,2574.5038963201655,0.0,0.0,0.0,34031.63851141641,56574.37781214446,28511.03594348966,2753895.906973126,23713.71620369022,4611.660063561828,0.0,2782221.283240378,4331.989279614046,29699.649226098998,34031.63850571304,15593.391182546424,40980.98662959805,56574.37781214446,8831.19266377859,19679.843279711065,28511.03594348966,6583.619592004573,24249.6720000054,10473.940800011564,6583.619592,24249.672000000002,10473.940799999998,4.572939360514283e-09,5.398760549724102e-09,1.1565134627744555e-08,239463.0015565563,1696.3784686779113,9066.50943001606,0.0,2397.46,1159.37,0.0,0,mef_soft,0.2,55903.520108,55903.52009901444,8.985560270957649e-06
M2__S1__D1__start001__ndays366__20260326T074443Z,M2,S1,D1,243,2024-08-30,True,True,False,0.003579212700972966,True,True,186544.83338877428,1.2763174025634952e-06,186544.83338877428,1144518.0146036088,1144518.0146155073,-1.1898408487170034e-05,1609256.6853883844,58.438211571415415,0.40162373775303,6833.670255879228,26206.22908182515,12722.47063394619,0.3535788300734108,1.5664311547131413e-08,0.02112325562227039,240954.89656213435,193053.4926461446,53714.47034616242,293.33944602906934,2204.0361938897113,2497.3756399187805,4.98344527321057e-07,4.006192991898167e-07,3.7735357605262153e-07,33314.00758573277,56520.1244756961,27550.45242184958,2711853.6434910195,23690.975375258364,4456.285679531076,0.0,2740000.904545809,15837.784409905109,17476.22317563543,33314.00758554054,3930.0719234076155,52590.052552194,56520.124475601624,7109.935705489393,20440.51671628896,27550.45242177835,6583.619592062481,24249.672000329385,10473.94080200374,6583.619592,24249.672000000002,10473.940799999998,6.24813765170984e-08,3.293826011940837e-07,2.0037423382746056e-06,169545.4922060427,1664.8373120200206,8761.043870711603,4176.0,2397.46,0.0,0.0,0,mef_soft,0.2,56211.845986,56211.8459860812,-8.119968697428703e-08
M2__S1__D1__start001__ndays366__20260326T074443Z,M2,S1,D1,244,2024-08-31,True,True,False,0.00896119620699882,True,True,198765.68435985842,0.0,198765.68435985842,683869.6023964519,670959.6405146176,12909.961881834373,1667329.378777565,71.30553002734787,0.4281915982747069,11798.421448074883,24694.35746132334,4335.870646754295,0.21123213437364327,0.7298566982220058,0.4219276099969552,256302.90273544297,240840.31665739525,56608.11013887549,249.56203472292802,1942.8766929101027,2192.438727633031,0.0,0.0,0.0,28391.837366295033,48085.17046628387,24285.958659155483,2299313.476577301,20155.38005265149,3928.253813592477,0.0,2323397.1104435446,3210.1641771834006,25181.67319081969,28391.837368003093,18539.587013169446,29545.583455219665,48085.170468389115,8834.544846935152,15451.413814237421,24285.958661172575,6583.61959243293,24249.672001005827,10473.940803675141,6583.619592,24249.672000000002,10473.940799999998,4.329303919803351e-07,1.0058247426059097e-06,3.6751425795955583e-06,183277.61285260855,1424.306652932182,7722.934854317659,2784.0,2397.46,1159.37,0.0,0,mef_soft,0.2,58800.549168,58800.54886650852,0.0003014914764207788
M2__S1__D1__start001__ndays366__20260326T074443Z,M2,S1,D1,245,2024-09-01,True,True,False,0.00804379390768726,True,True,166647.53349669042,1.3710645057167817e-06,166647.53349669042,700845.43249465,698683.4375074294,2161.9949872206835,1751842.7600355623,71.48843223108732,0.36062362622148525,9313.844099829525,23871.547791135552,11781.297320135322,0.23010907083223933,0.509008404920198,0.22227982715190647,294577.21646889474,356666.08301565814,115131.06870208515,262.01708818484303,1933.8249293726303,2195.8420175574734,8.304346377014172e-07,4.3980006506447523e-07,1.008298029508893e-07,29147.72538802934,50484.988089825085,24172.81161390955,2417409.158442456,21161.287607853206,3909.9522792251987,0.0,2442480.398329534,3602.869680583214,25544.85570908939,29147.725389672603,30591.15071583411,19893.837376486557,50484.988092320666,5804.294461441143,18368.51715540741,24172.811616848558,6583.619592916416,24249.67200112738,10473.940806494968,6583.619592,24249.672000000002,10473.940799999998,9.164159564534202e-07,1.127376890508458e-06,6.494969056802802e-06,148139.73719770048,1463.3822047337164,7686.954094256205,6960.0,2397.46,0.0,0.0,0,mef_soft,0.2,117326.910716,117326.91071964262,-3.642620868049562e-06
M2__S1__D1__start001__ndays366__20260326T074443Z,M2,S1,D1,246,2024-09-02,True,True,False,0.008946874310989162,True,True,236656.1190544881,0.0,236656.1190544881,918012.708943085,918012.7057068306,0.0032362544490752237,1915406.8552982085,67.60053758571486,0.3837511299204552,7647.073728554645,30379.725618242228,9288.338216663824,0.27344559573769095,0.38770172399606256,0.29954148987682466,341100.4583613371,319126.0339380909,183829.71627083077,326.37741863732197,2123.9084194257193,2450.2858380630414,0.0,0.0,0.0,34354.41888451564,62885.822474633605,26548.85524838672,2792700.054331108,26359.221347994404,4294.277335533457,0.0,2823353.5530146356,7089.881418306756,27264.53746618039,34354.41888448715,26964.09628794677,35921.72618667835,62885.82247462512,7306.190177324038,19242.665071094685,26548.855248418724,6583.619592020317,24249.67200022228,10473.940801106903,6583.619592,24249.672000000002,10473.940799999998,2.0317202142905444e-08,2.2227686713449657e-07,1.1069041647715494e-06,217357.86202050658,1730.8910667643481,8442.535967217234,5568.0,2397.46,1159.37,0.0,0,mef_soft,0.2,186280.00224,186280.00210889382,0.0001311061787419021
M2__S1__D1__start001__ndays366__20260326T074443Z,M2,S1,D1,247,2024-09-03,True,True,False,0.00648003516811438,True,True,222645.9749764144,0.0,222645.9749764144,919477.7902749886,919476.9913319959,0.7989429926336064,2031968.4464336904,68.84655296124798,0.37700563942576726,5681.577373266172,26506.765739524777,9682.5604576415,0.27464933173057426,0.19085962253376038,0.27916144797610415,287622.69216005085,303385.18720470584,216306.61214696104,345.8219130345176,2374.2511962459344,2720.0731092804517,0.0,0.0,0.0,34567.23938969523,66632.35318694312,29678.139953132693,2911442.7858302905,27929.61716136297,4800.439137413045,0.0,2944172.8421290666,10722.063594511132,23845.175794904928,34567.23938941606,18769.170651989392,47863.18253473469,66632.35318672407,7408.4717618566065,22269.668191116292,29678.139952972902,6583.619592011697,24249.672000284634,10473.940800896147,6583.619592,24249.672000000002,10473.940799999998,1.169701135950163e-08,2.8463182388804853e-07,8.961487765191123e-07,203691.66394523456,1783.832526102247,9437.64850507759,4176.0,2397.46,1159.37,0.0,0,mef_soft,0.2,219026.68528,219026.6852562415,2.3758504539728165e-05
M2__S1__D1__start001__ndays366__20260326T074443Z,M2,S1,D1,248,2024-09-04,True,True,False,0.007887551760426539,True,True,100462.23169159745,2.9795830673174056e-06,100462.23169159745,1782555.4965298525,1753493.3410921707,29062.155437681613,1149537.814082515,39.597846272970614,0.33784741908899996,6292.920825889749,26214.394031505955,8506.643111948566,0.5661098630117145,0.3907354436991047,0.5912948375334621,125248.66804957268,126792.1787794853,69095.69717527818,327.4681783820591,2479.946211018214,2807.414389400273,1.298175665454537e-06,8.218288426888846e-07,8.59578559173984e-07,34489.0528003237,63095.98812823072,30999.32763303638,2861523.9549119654,26447.31438363062,5014.1412454455785,0.0,2892985.4105410418,20909.574220562332,13579.478580422383,34489.052800984704,20508.379404214305,42587.60872519086,63095.98812940517,15739.465759730647,15259.861874424843,30999.32763415549,6583.619592235287,24249.672000485647,10473.940804949892,6583.619592,24249.672000000002,10473.940799999998,2.352871888433583e-07,4.85644704895094e-07,4.949893991579302e-06,85278.03176258749,1769.5837402125226,9857.786188797401,0.0,2397.46,1159.37,0.0,0,mef_soft,0.2,71903.111558,71903.11156467846,-6.678455974906683e-06
M2__S1__D1__start001__ndays366__20260326T074443Z,M2,S1,D1,249,2024-09-05,True,True,False,0.007829117511482301,True,True,195427.2638164765,0.0,195427.2638164765,963410.709688755,956265.5903909733,7145.119297781834,1901277.5760424333,66.53539300389573,0.48894992785324964,8000.140967817562,25363.185030585108,9208.440433800955,0.24936603881549216,0.566802539879121,0.5822274343166564,263426.9257195444,272338.1593109415,137253.75512624584,308.76614865499914,2478.544106069785,2787.310254724784,0.0,0.0,0.0,33750.49670512827,59492.514189163194,30981.801321253308,2810625.0418838006,24936.88224887538,5011.306364623297,0.0,2840573.230497299,4126.3204249689825,29624.176284635898,33750.49670960488,26897.314789706837,32595.199405071493,59492.51419477834,16367.432809209302,14614.368517571362,30981.801326780664,6583.619593718527,24249.672001400293,10473.940808799944,6583.619592,24249.672000000002,10473.940799999998,1.7185266187880188e-06,1.4002907846588641e-06,8.799945135251619e-06,180295.3761041384,1722.8448907107745,9852.212821627398,0.0,2397.46,1159.37,0.0,0,mef_soft,0.2,140041.06554,140041.06538097063,0.00015902938321232796
M2__S1__D1__start001__ndays366__20260326T074443Z,M2,S1,D1,250,2024-09-06,True,True,False,0.0010593176805065647,True,True,103862.53301241345,0.0,103862.53301241345,1550322.834691358,1544855.2830053566,5467.551686001367,1255086.336889725,44.825446644018065,0.49579955819802546,4947.807944733239,24903.58737010954,5979.917721528848,0.481640121278809,0.7301116719585633,0.2275821084720181,137545.81994992576,137527.9847811751,83620.84364345002,299.21699674509244,2304.782370132388,2603.9993668774805,0.0,0.0,0.0,33721.839223616786,57652.60052972323,28809.779625408875,2756616.3427731236,24165.664037752882,4659.981854676538,0.0,2785441.9886655533,11975.97806279254,21745.86116045607,33721.83922324861,38299.67866493546,19352.92186391369,57652.60052884916,11930.747907521405,16879.031717298625,28809.779624820032,6583.619592121082,24249.67200090677,10473.940810066011,6583.619592,24249.672000000002,10473.940799999998,1.210819391417317e-07,9.067662176676095e-07,1.0066012691822834e-05,89449.49447424425,1694.698616892964,9161.509921276243,0.0,2397.46,1159.37,0.0,0,mef_soft,0.2,86224.843552,86224.8430103275,0.0005416725034592673
M2__S1__D1__start001__ndays366__20260326T074443Z,M2,S1,D1,251,2024-09-07,True,True,False,0.009138274307493295,True,True,82977.3498580092,1.8614104446021547e-06,82977.3498580092,1326767.4159823568,1298797.7011901662,27969.714792190756,1105070.9838712798,45.970522048005826,0.45104965145379183,8191.260768285264,22324.456451629154,11090.188799496866,0.49408258563246277,0.2545216486277386,0.26423251859064323,141414.7335686919,111349.05745864724,33698.626595649985,242.29326558287732,1937.9187213437103,2180.2119869265875,5.55792454666803e-07,8.764577535173266e-07,4.291602364180252e-07,29719.816251613403,46684.63690603523,24223.984016259124,2370531.961858756,19568.33240901783,3918.229414827325,0.0,2394018.523682601,17353.01933138536,12366.796918294887,29719.816249680247,23823.050630039506,22861.58627392153,46684.63690396104,5038.928206381055,19185.055808312143,24223.984014693197,6583.61959416883,24249.672008021807,10473.940806912504,6583.619592,24249.672000000002,10473.940799999998,2.1688301785616204e-06,8.021805115276948e-06,6.912505341460928e-06,68865.29474037376,1459.998200294113,7703.22691734125,1392.0,2397.46,1159.37,0.0,0,mef_soft,0.2,35878.838579999996,35878.83858257657,-2.576576662249863e-06
M2__S1__D1__start001__ndays366__20260326T074443Z,M2,S1,D1,252,2024-09-08,True,True,False,0.008123414931491085,True,True,69474.55407585965,0.0,69474.55407585965,1347291.5474640066,1305435.9491927447,41855.59827126169,1098303.5464493253,45.69145485359487,0.3774287167717773,6960.88383390876,21605.714552536523,9116.853208360239,0.4920720798530149,0.5887245092699382,0.6475826808807962,125934.33240585895,97815.98399033213,32870.14009926964,232.47615622960706,2070.493042056132,2302.969198285739,0.0,0.0,0.0,29792.26824170376,44793.09369327641,25881.163030252024,2370937.393676454,18775.47314940006,4186.27811944921,0.0,2393899.1449453034,15803.291426807014,13988.97681579336,29792.268242600374,16699.1624928616,28093.931201530744,44793.093694392344,12193.34151519764,13687.821516227279,25881.16303142492,6583.61959246076,24249.672001142033,10473.940802352889,6583.619592,24249.672000000002,10473.940799999998,4.6076002035988495e-07,1.1420306691434234e-06,2.3528900783276185e-06,52048.27183309546,1463.2424005910605,8230.209842173124,4176.0,2397.46,1159.37,0.0,0,mef_soft,0.2,35173.109316,35173.109297555384,1.8444618035573512e-05
M2__S1__D1__start001__ndays366__20260326T074443Z,M2,S1,D1,253,2024-09-09,True,True,False,0.0045035878910734935,True,True,155190.31440907487,1.2996052521518239e-06,155190.31440907487,846746.4384664495,846545.4040320055,201.03443444404618,1920601.4548824541,69.40728312612575,0.30695877036484015,11598.18356770688,23688.333424681256,10038.452941235628,0.2568415004158368,0.524920582086233,0.3359670143678659,229441.24414477596,303336.3341485024,77036.07927872892,268.83393737312196,2444.5766736874452,2713.410611060567,5.466951826916885e-07,4.145898969399559e-07,3.3832017252017936e-07,32784.060405990895,51798.44650796268,30557.20841788305,2731131.4795562145,21711.836838027924,4942.628462120905,0.0,2757785.9448563633,5322.670593434079,27461.389812312736,32784.060405746815,31415.155857773796,20383.290650077175,51798.44650785097,14696.02590264532,15861.182515202207,30557.208417847527,6583.619592121026,24249.672000809638,10473.940805741306,6583.619592,24249.672000000002,10473.940799999998,1.210255504702218e-07,8.096358214970678e-07,5.741307177231647e-06,138883.59181241924,1640.70031874801,9717.192277907596,1392.0,2397.46,1159.37,0.0,0,mef_soft,0.2,79749.489948,79749.48988978949,5.821051308885217e-05
M2__S1__D1__start001__ndays366__20260326T074443Z,M2,S1,D1,254,2024-09-10,True,True,False,0.009966386385010895,True,True,110523.53401550703,2.134349870570989e-06,110523.53401550703,932048.1536433779,928138.4645694172,3909.689073960636,1771062.794553801,65.61432900076133,0.3781529988851402,4718.177675707867,23344.677874966932,9597.363879491548,0.2797108488598175,0.3425037770013591,0.39474568262886084,180904.8026830809,166575.7394218576,125172.52796852283,260.3015394943513,2413.681223182889,2673.9827626772403,7.814630227336555e-07,6.614593087897843e-07,6.914275390475492e-07,32487.139589455976,50154.4392079139,30171.015294518224,2661366.8143764404,21022.734738848074,4880.161723146381,0.0,2687269.7108384348,8800.811346111866,23686.328243683995,32487.139589795865,20537.39643252393,29617.042775852155,50154.43920837609,11093.458625388874,19077.55666956064,30171.015294949517,6583.619592713739,24249.67200174243,10473.940801101933,6583.619592,24249.672000000002,10473.940799999998,7.137387001421303e-07,1.7424281395506114e-06,1.1019346857210621e-06,90186.39506975685,1617.9260835981675,9594.382862151984,5568.0,2397.46,1159.37,0.0,0,mef_soft,0.2,127846.51072,127846.51073120008,-1.1200070730410516e-05
M2__S1__D1__start001__ndays366__20260326T074443Z,M2,S1,D1,255,2024-09-11,True,True,False,0.0020548842195257633,True,True,117940.47111483775,0.0,117940.47111483775,1082760.6311961955,1076351.1582234674,6409.472972728111,1690588.8723606588,61.09958487259878,0.46439320558554975,8736.01203537306,22264.086225158808,10160.12332187897,0.3145529929101816,0.2827062400817929,0.344589691136534,183157.4935227995,241074.87470222975,104004.13233864003,264.784895822831,2428.862815162961,2693.647710985792,0.0,0.0,0.0,33789.05946022527,51018.284360288395,30360.78518981597,2725673.6919898065,21384.82407190945,4910.8570044326425,0.0,2751969.3730661483,9070.079008903125,24718.98045171309,33789.05946061622,16563.342706912335,34454.94165394915,51018.28436086148,12170.66596023083,18190.11923015692,30360.785190387753,6583.6195922322195,24249.672000605533,10473.940800953236,6583.619592,24249.672000000002,10473.940799999998,2.3221946321427822e-07,6.055306585039943e-07,9.53237758949399e-07,103060.61351878801,1668.297905776917,9654.72969027277,0.0,2397.46,1159.37,0.0,0,mef_soft,0.2,106697.78006,106697.78004962583,1.0374176781624556e-05
M2__S1__D1__start001__ndays366__20260326T074443Z,M2,S1,D1,256,2024-09-12,True,True,False,0.00029893429776728527,True,True,98165.03268153165,0.0,98165.03268153165,1747733.5199734243,1732384.0834975305,15349.43647589385,1204596.5407679072,41.01479358820034,0.4464933981645947,4665.769177995989,23467.561230442487,7427.072939709494,0.5255971353517503,0.625194470548883,0.7405373387087112,146694.04191379237,132071.04804100344,74433.37148202435,273.6817614544069,2537.988202224148,2811.669963678555,0.0,0.0,0.0,36423.47579011201,52732.51665804774,31724.852524470218,2896574.7859843494,22103.36168238332,5131.494896443957,0.0,2923809.642563177,15535.904141681363,20887.57164941106,36423.47579109242,23417.998355547155,29314.518303826837,52732.516659373985,18663.054793838688,13061.797731947394,31724.852525786082,6583.619592145018,24249.672000620856,10473.940803962274,6583.619592,24249.672000000002,10473.940799999998,1.4501802070299163e-07,6.208538252394646e-07,3.9622755139134824e-06,77174.43442047709,1777.265157213551,10088.50310384099,5568.0,2397.46,1159.37,0.0,0,mef_soft,0.2,77245.041622,77245.0414457029,0.00017629710782784969
M2__S1__D1__start001__ndays366__20260326T074443Z,M2,S1,D1,257,2024-09-13,True,True,False,0.002592239606122901,True,True,23158.009243859717,0.0,23158.009243859717,2221858.427706293,2221269.2787644444,589.1489418487339,661350.2147126558,22.942681689664,0.36948244865973434,5841.588160940613,23191.31912529912,9211.065141242689,0.7349891564619246,0.42070054025498765,0.8136558714011812,47147.02295733884,44111.17275226866,19272.982193757773,275.4529960702332,2479.751843502302,2755.204839572535,0.0,0.0,0.0,35863.507535632096,53073.79500232938,30996.898047149567,2845544.6181162237,22246.41191389694,5013.748258625116,0.0,2872804.778288746,27886.42672440937,7977.08081224102,35863.50753665039,29038.53354611747,24035.261457409208,53073.79500352667,24769.317942457645,6227.580105825005,30996.898048282652,6583.619592421703,24249.67200223368,10473.940800727072,6583.619592,24249.672000000002,10473.940799999998,4.217026798869483e-07,2.2336789697874337e-06,7.270737114595249e-07,7989.032430187718,1755.1332357503395,9857.01357792165,0.0,2397.46,1159.37,0.0,0,mef_soft,0.2,22028.18704,22028.18703333031,6.669692083960399e-06
M2__S1__D1__start001__ndays366__20260326T074443Z,M2,S1,D1,258,2024-09-14,True,True,False,0.008796416560750525,True,True,46421.82148229889,0.0,46421.82148229889,1068614.8422093447,1050384.3891907737,18230.45301857097,1347006.770117816,56.186357611592015,0.4564618207102855,8070.531625356089,30563.56719497566,11394.832948456917,0.3501422697365506,0.5802653839919287,0.27853833131286504,128955.45428475458,194686.09434033718,46539.51406030156,235.94798167415524,2160.352473908153,2396.300455582308,0.0,0.0,0.0,28977.398738295502,45462.038859812674,27004.405913264134,2358031.754991968,19055.86820785882,4367.962658288323,0.0,2381455.5858581155,10556.79904631689,18420.599693260454,28977.398739577344,22131.20611352165,23330.83274783148,45462.038861353125,12590.280851522173,14414.12506343765,27004.405914959825,6583.619592115394,24249.67200068978,10473.940810853179,6583.619592,24249.672000000002,10473.940799999998,1.1539395927684382e-07,6.897789717186242e-07,1.0853180356207304e-05,32829.378821296625,1448.2115772173813,8587.40108378491,0.0,2397.46,1159.37,0.0,0,mef_soft,0.2,48935.81454,48935.81451588387,2.411613240838051e-05
M2__S1__D1__start001__ndays366__20260326T074443Z,M2,S1,D1,259,2024-09-15,True,True,False,0.008054853359301117,True,True,42120.41512466124,0.0,42120.41512466124,857385.3556173682,803423.4369188799,53961.918698488305,1753248.4849646618,68.57541908126466,0.4876057547511989,8306.11636466082,21622.409222325132,11300.741506582626,0.22832347388123006,0.3433408003050837,0.4976204297501553,149890.26090282903,177836.69566770457,28604.03981706076,231.36701254731395,2222.6598204696775,2454.0268330169915,0.0,0.0,0.0,31082.72178923058,44579.385844652395,27783.247758012887,2517747.9187289043,18685.895371892555,4493.940324668393,0.0,2540927.754425465,4903.70784435933,26179.013949174136,31082.721793533463,20779.62069177259,23799.765158725088,44579.385850497674,11970.725891659371,15812.521872539455,27783.24776419883,6583.619592549945,24249.672003150918,10473.940807609357,6583.619592,24249.672000000002,10473.940799999998,5.499450708157383e-07,3.150915290461853e-06,7.609358362969942e-06,22641.14299304709,1519.3693452471682,8835.072786366967,5568.0,2397.46,1159.37,0.0,0,mef_soft,0.2,31058.066754,31058.06665007775,0.00010392224794486538
M2__S1__D1__start001__ndays366__20260326T074443Z,M2,S1,D1,260,2024-09-16,True,True,False,0.00884241756144324,True,True,22775.161754754874,2.5960345952181487e-06,22775.161754754874,1822867.6284828188,1766637.3512990924,56230.27718372647,1090402.1549760865,38.165455975709676,0.44763641853991865,4583.595819427273,23702.628952430077,9991.178359525155,0.5649045330488118,0.999999370015394,0.38833388102238503,75208.8377739794,85270.2459356008,15220.306678280771,274.1216766185595,2347.855042775107,2621.9767193936664,9.388594279183728e-07,8.596047718546166e-07,7.975703954451591e-07,35341.70053229715,52817.27873339035,29348.188041402962,2817834.551662948,22138.89055330256,4747.069414646225,0.0,2844720.511630897,13648.606801708067,21693.093731264744,35341.70053297281,37266.75003066885,15550.528703451933,52817.27873412079,12963.15827703464,16385.029765167164,29348.1880422018,6583.619592405598,24249.67200110152,10473.94080095713,6583.619592,24249.672000000002,10473.940799999998,4.055982572026551e-07,1.1015181371476501e-06,9.571322152623907e-07,3985.74611409551,1723.8618456283145,9332.72379503105,4176.0,2397.46,1159.37,0.0,0,mef_soft,0.2,17842.283398,17842.283397674437,3.255627234466374e-07
M2__S1__D1__start001__ndays366__20260326T074443Z,M2,S1,D1,261,2024-09-17,True,True,False,0.0076120294422157035,True,True,14742.836951592855,2.275003464502286e-06,14742.836951592855,2073766.0274105454,2064605.0563441282,9160.97106641745,684643.0899304838,24.902920853405472,0.4300282327963254,9860.16876057538,24425.50937263519,10339.836130084293,0.7329636613733188,0.43294778283210267,0.5690270797369892,44273.69619753423,32388.71901698177,4766.9614124154705,279.10324035452743,2355.3559983380337,2634.459238692561,7.306268867037299e-07,7.960293307230358e-07,7.483472470755202e-07,33603.52785527103,53777.11756040107,29441.94994762535,2716058.3591342494,22541.216614096767,4762.235409166495,0.0,2743361.811157513,29724.39195061825,3879.135905246783,33603.52785586503,36385.049684867015,17392.06787606227,53777.117560929284,14215.535762405729,15226.414185796108,29441.949948201836,6583.6196413853195,24249.672043041406,10473.94083273614,6583.619592,24249.672000000002,10473.940799999998,4.938531947118463e-05,4.3041403841925785e-05,3.273614129284397e-05,151.50941909838215,1671.957439100787,9362.540093393685,0.0,2397.46,1159.37,0.0,0,mef_soft,0.2,7420.4813374000005,7401.420651108032,19.060686291968523
M2__S1__D1__start001__ndays366__20260326T074443Z,M2,S1,D1,262,2024-09-18,True,True,False,0.008669292411929777,True,True,127195.64635165177,1.284845556676773e-06,127195.64635165177,1224178.4843409583,1221550.056079852,2628.4282611064086,1497146.520779483,55.06854032637219,0.5408755726713131,9539.445711749846,26081.149666141897,9483.781014117607,0.38517747317107504,0.37407358341283853,0.5138565573416977,158072.94537689342,149362.09126204535,48054.21075116035,276.01266796572634,2362.3293680778465,2638.342036043573,6.60333355692117e-07,3.166031355704335e-07,3.079090654142223e-07,32830.72260782658,53181.631635568876,29529.117133334592,2678393.57858296,22291.612698379213,4776.334691099307,0.0,2705461.525972439,12619.74193067973,20210.980677021373,32830.7226077011,21147.192704368885,32034.438931403758,53181.63163577264,15962.948585978418,13566.168547585206,29529.117133563628,6583.619592245308,24249.672000130886,10473.940800401662,6583.619592,24249.672000000002,10473.940799999998,2.4530800146749243e-07,1.3088356354273856e-07,4.016637831227854e-07,108429.52309409334,1643.0340194490161,9390.259238109442,4176.0,2397.46,1159.37,0.0,0,mef_soft,0.2,50692.552788,50692.552787203924,7.96077074483037e-07
M2__S1__D1__start001__ndays366__20260326T074443Z,M2,S1,D1,263,2024-09-19,True,True,False,0.009983464228734303,True,True,188766.58084944662,0.0,188766.58084944662,941324.8917353821,940286.4161319284,1038.4756034537274,1745360.0489851963,64.98845144567748,0.5206986133370363,7339.595936075973,30550.934764573994,9050.981027524178,0.27592956774348854,0.30998113991923776,0.21052654913006233,294357.7761371031,314493.3487436691,93099.18558387159,271.0213430926139,2346.5548735169746,2617.5762166095883,0.0,0.0,0.0,32646.553437676303,52219.91196375055,29331.93591818078,2644779.908508637,21888.49829881455,4744.440634905106,0.0,2671412.8474423564,10876.791160072844,21769.762276957365,32646.553437030212,16819.848742961018,35400.063221013166,52219.911963974184,8112.703085489742,21219.232833037848,29331.93591852759,6583.619591948741,24249.672000004924,10473.940801578394,6583.619592,24249.672000000002,10473.940799999998,-5.1259121391922235e-08,4.922185325995088e-09,1.5783953131176531e-06,171468.62333394517,1629.571893271455,9327.555622229975,2784.0,2397.46,1159.37,0.0,0,mef_soft,0.2,95716.76182,95716.76180048118,1.951881858985871e-05
M2__S1__D1__start001__ndays366__20260326T074443Z,M2,S1,D1,264,2024-09-20,True,True,False,0.009771538093785836,True,True,209469.02755483607,1.6925097913705887e-06,209469.02755483607,660778.7672011926,659503.9332368607,1274.8339643319935,1952136.9029093245,74.74752561267022,0.4265378835075901,7097.387969401546,30873.299841600616,8811.501397978087,0.18823670333725753,0.19515128096783604,0.028402293498913583,341567.0504485078,268196.71066961484,125631.67276130081,276.1722986684762,2283.213109183803,2559.3854078522795,5.544663071348422e-07,5.84372420046649e-07,5.536710641890976e-07,31423.250566674993,53212.388943166115,28540.163855735238,2573085.803228598,22304.504953751435,4616.371505145311,0.0,2600006.679687495,8504.970057570274,22918.280509258144,31423.250566828414,14999.012296510837,38213.37664677792,53212.38894328875,3946.759793542267,24593.404062347618,28540.163855889885,6583.619593904645,24249.672010088798,10473.940810856078,6583.619592,24249.672000000002,10473.940799999998,1.904644705064129e-06,1.0088795534102246e-05,1.0856079825316556e-05,192463.8068070318,1588.6186387986295,9075.772109005618,2784.0,2397.46,1159.37,0.0,0,mef_soft,0.2,128191.05817999999,128191.0581691531,1.0846895747818053e-05
M2__S1__D1__start001__ndays366__20260326T074443Z,M2,S1,D1,265,2024-09-21,True,True,False,0.008961270126851568,True,True,107793.73783153709,0.0,107793.73783153709,693121.8697308846,672763.3553591769,20358.51437170767,1690878.9396247752,71.53700639107302,0.3932044647737037,5018.690358569132,22572.36105354069,8899.609756155754,0.23745383220280236,0.16683007023709595,0.046708993900162366,206464.2791219251,169557.57828188778,59161.52178392642,233.07571373475113,1993.2340072575935,2226.3097209923444,0.0,0.0,0.0,28895.04849066325,44908.616090422205,24915.425271929333,2330527.0263248887,18823.895220758903,4030.070008712459,0.0,2353380.99155436,4376.8285875941965,24518.21990306905,28895.04849066325,7573.384397389374,37335.23169303284,44908.616090422205,1215.8205944292274,23699.604677500138,24915.42527192936,6583.61961582661,24249.67201446972,10473.940814576472,6583.619592,24249.672000000002,10473.940799999998,2.3826610231481027e-05,1.4469718735199422e-05,1.4576473404304124e-05,93495.14690019908,1426.6557524890698,7923.105178848935,1392.0,2397.46,1159.37,0.0,0,mef_soft,0.2,61387.831692,61387.831504918766,0.00018708123388933018
M2__S1__D1__start001__ndays366__20260326T074443Z,M2,S1,D1,266,2024-09-22,True,True,False,0.006742671841212421,True,True,47642.11925352313,1.417473019602294e-05,47642.11925352313,1448323.753208154,1412985.1689655273,35338.58424262698,1072767.9252254793,43.15665653730641,0.5169183515512371,6198.122649334296,24386.853019743634,10745.928421938048,0.5155935808895966,0.9999995921976865,0.42110769672082005,121992.39134332171,79631.63830436397,22071.92982072052,242.971550746596,1977.1233760116988,2220.0949267582946,5.322910426036346e-06,4.0642143141448215e-06,4.787605455841771e-06,30510.095756896695,46815.32770364826,24714.042174498485,2452201.1306132553,19623.11275779156,3997.496326084111,0.0,2475821.7396971313,13035.201093750307,17474.89467122101,30510.095764971316,27928.035393548984,18887.2923194029,46815.32771295188,6493.764235480487,18220.277946486764,24714.04218196725,6583.619592849229,24249.67200528411,10473.94084045499,6583.619592,24249.672000000002,10473.940799999998,8.492288543493487e-07,5.2841060096398e-06,4.045499190397095e-05,34735.25931503569,1490.9645188409188,7859.065419646504,0.0,2397.46,1159.37,0.0,0,mef_soft,0.2,24292.02469,24292.024747478816,-5.747881732531823e-05
M2__S1__D1__start001__ndays366__20260326T074443Z,M2,S1,D1,267,2024-09-23,True,True,False,0.003662275847932955,True,True,124683.22179739454,0.0,124683.22179739454,1230754.217067773,1230540.2222947085,213.9947730643964,1555624.044521595,55.83389547591811,0.4986820224569526,7237.430702236903,24640.80524023152,11589.43888242238,0.38155374726653085,0.8521206766227148,0.478244712352724,192567.7314721803,197811.24555735884,66048.29538004514,272.7334528593311,2187.4017813523687,2460.1352342116998,0.0,0.0,0.0,34281.2735406862,52549.79823215501,27342.52230648694,2747593.845073351,22026.77342932638,4422.652976721199,0.0,2774043.2714793985,7390.845301740547,26890.428236821437,34281.27353856198,46231.18906071855,6318.609170128521,52549.79823084707,12144.31123493112,15198.211070259367,27342.522305190487,6583.6195929745445,24249.672001666077,10473.94080080523,6583.619592,24249.672000000002,10473.940799999998,9.745444913278334e-07,1.6660742403473705e-06,8.052320481510833e-07,109367.6818210058,1671.787895513056,8694.922080875665,1392.0,2397.46,1159.37,0.0,0,mef_soft,0.2,68508.430672,68508.43061425684,5.774316377937794e-05
M2__S1__D1__start001__ndays366__20260326T074443Z,M2,S1,D1,268,2024-09-24,True,True,False,0.009770988654727676,True,True,92174.41809109766,0.0,92174.41809109766,1738566.8150423565,1738566.8150423565,0.0,1048865.1090674512,37.62836681302687,0.5953521313443683,4404.487285015114,21451.706964590925,5939.773529512341,0.5849775014284448,0.17697300244082922,0.6607302046215512,129125.0183932075,105153.4857667032,41132.55778874872,261.15047962460466,2235.8466735182137,2496.997153142818,0.0,0.0,0.0,35492.72460770121,50318.01149002336,27948.08341919736,2752266.141888094,21091.29769547386,4520.6024930357235,0.0,2777878.0420766035,22882.157295378063,12610.567312192514,35492.72460757058,26760.065105138463,23557.946384891064,50318.01149002953,14762.950202027885,13185.133217210558,27948.083419238443,6583.619592286981,24249.672000233768,10473.940800721977,6583.619592,24249.672000000002,10473.940799999998,2.86981048702728e-07,2.337656042072922e-07,7.21978722140193e-07,76634.62645095904,1703.471112903771,8887.490527234902,1392.0,2397.46,1159.37,0.0,0,mef_soft,0.2,43629.554958,43629.55494189154,1.6108460840769112e-05
M2__S1__D1__start001__ndays366__20260326T074443Z,M2,S1,D1,269,2024-09-25,True,True,False,0.009981198605834128,True,True,65326.86399525897,0.0,65326.86399525897,1459725.858808701,1449791.3044009104,9934.554407790383,1398296.9858536888,49.09598451137519,0.4061561851922704,4636.07808407209,23855.33449243238,6102.184815990324,0.4700880672390821,0.31522372821321387,0.38141221712157164,109396.63597887833,63971.34686468022,34703.912547852924,275.39175429902343,2336.3582684574817,2611.750022756505,0.0,0.0,0.0,35576.622480213984,53061.9950459399,29204.478353472485,2810544.5276691024,22241.46584431188,4723.824374037471,0.0,2837509.8178874515,19358.481528350065,16218.140951863921,35576.622480213984,12490.950803431053,40571.04424250884,53061.9950459399,15392.441841786815,13812.036511817823,29204.478353604638,6583.619592200041,24249.672000652892,10473.94080181084,6583.619592,24249.672000000002,10473.940799999998,2.0004063117085025e-07,6.528898666147143e-07,1.8108421500073746e-06,50750.8369127522,1732.1729653882694,9287.02411711849,0.0,2397.46,1159.37,0.0,0,mef_soft,0.2,37315.66258,37315.66257060943,9.390569175593555e-06
M2__S1__D1__start001__ndays366__20260326T074443Z,M2,S1,D1,270,2024-09-26,True,True,False,0.00015162457585540633,True,True,13509.44083809396,1.0255747853327682e-06,13509.44083809396,3128824.9125384595,2877386.148965241,251438.76357321828,86980.82672140886,2.934212512648205,0.49670222435688527,5538.980745699174,25778.483746663765,13872.549194795902,0.8660789739451671,0.7017025712778183,0.7028417850175943,5038.346269552064,2352.777801062859,1405.0907150323121,287.659393442682,2348.725258769594,2636.384652212276,3.236866283792176e-07,3.396089235765846e-07,3.622792333769658e-07,36415.507920585704,55425.70199675981,29359.065736486627,2890020.3786323797,23232.237255383618,4748.828882576268,0.0,2918001.44477034,33683.476015954206,2732.0319043495765,36415.507920303775,30032.90475708236,25392.797239379546,55425.70199646191,19152.875226079905,10206.19051008617,29359.065736166074,6583.619630843097,24249.672016297525,10473.94080028461,6583.619592,24249.672000000002,10473.940799999998,3.8843097172502894e-05,1.629752296139486e-05,2.846118150046095e-07,7.3851851754346475e-06,1775.7979270996384,9336.182903609137,0.0,2397.46,0.0,0.0,0,mef_soft,0.2,4046.514297,4041.4753672445877,5.038929755412482
M2__S1__D1__start001__ndays366__20260326T074443Z,M2,S1,D1,271,2024-09-27,True,True,False,0.005406649853899001,True,True,17089.09742228026,9.985325011170135e-07,17089.09742228026,2467331.6594427,2122385.008560817,344946.65088188264,738865.2966659523,25.823161829506326,0.6420482062960594,6425.868507344497,23582.150924650105,11043.339143228533,0.7109635579913979,0.25922922115348945,0.39082773701773604,51696.507309691646,37427.47672890065,13446.066237861378,268.7545144596261,2266.185440109427,2534.939954569053,3.3139755447164847e-07,3.3005030050866885e-07,3.370846461366962e-07,36870.42411518248,51783.14342909615,28327.31800140866,2848743.429323618,21705.42240479724,4581.943686721426,0.0,2875030.7954151365,32295.38525747509,4575.038857381949,36870.424114857036,25902.482026698894,25880.66140207323,51783.14342877213,14210.906253211242,14116.411747866374,28327.318001077616,6583.619598885092,24249.672028690555,10473.940800577893,6583.619592,24249.672000000002,10473.940799999998,6.8850922616547905e-06,2.8690552426269278e-05,5.778947524959221e-07,-21.24593660231374,1761.4262353835818,9008.087124434973,2784.0,2397.4599990640263,1159.37,0.0,0,mef_soft,0.2,15981.0065556,15981.006192430432,0.0003631695690273773
M2__S1__D1__start001__ndays366__20260326T074443Z,M2,S1,D1,272,2024-09-28,True,False,True,0.01571972474716442,False,False,38870.12864120366,1.0002840434406522e-06,38870.12864120366,1105222.3139407483,1073803.4822588777,31418.831681870644,1557805.9547843407,59.195940433115155,0.42987199918391933,10846.693670054598,22415.677991487635,6029.364550438108,0.3411003574994881,1.0,0.9541090529141176,150827.37632659002,179383.89563937663,36380.42067912678,234.25610944924549,2021.958274544213,2256.2143839934583,0.0,0.0,1.0002840434406522e-06,33053.27846619823,45136.05194569352,25274.478433389315,2597422.5604554163,18919.227521530847,4088.1468863440414,0.0,2620429.934863291,6803.061860929198,26250.216605659214,33053.27846658841,25110.447331990006,20025.604613692572,45136.05194568258,16278.17771859388,8996.300713791832,25274.47843238571,6583.619591999891,24249.672000000002,10473.940799999998,6583.619592,24249.672000000002,10473.940799999998,-1.0913936421275139e-10,0.0,0.0,24313.61255714173,1570.4019427486714,8037.284141313247,1392.0,2397.46,1159.37,0.0,0,mef_soft,0.2,38636.635066,38636.63506312024,2.8797658160328865e-06
M2__S1__D1__start001__ndays366__20260326T074443Z,M2,S1,D1,273,2024-09-29,True,True,False,0.009883563457984202,True,True,44082.16790760265,1.0146977826229186e-06,44082.16790760265,835991.5984557909,833017.1397425726,2974.458713218388,1691993.6787629696,67.00936353866382,0.4232102433741034,8252.816190128184,23307.41473018302,11713.547227256364,0.27578578104358287,0.14400922758558965,0.272676846120642,160076.3842289298,153568.3801288773,50747.29557651809,223.99395532846063,2109.3668267680814,2333.360782096542,2.1541345728768857e-06,-7.63858224672731e-07,-3.7557856558123603e-07,30995.920527742695,43158.758245289326,26367.085327751793,2492903.9482594915,18090.425109791067,4264.876053409028,0.0,2515259.2494226918,8622.598921581943,22373.32163245516,30995.920554037104,28470.80130846048,14687.956964997502,43158.75827345798,16228.749098817421,10138.33625535275,26367.085354170173,6583.619592180401,24249.672001682527,10473.94080576659,6583.619592,24249.672000000002,10473.940799999998,1.8040100258076563e-07,1.6825251805130392e-06,5.7665911299409345e-06,25075.212175924815,1497.3925952747188,8384.733136403125,5568.0,2397.46,1159.37,0.0,0,mef_soft,0.2,53080.656318,53080.65635861463,-4.061462823301554e-05
M2__S1__D1__start001__ndays366__20260326T074443Z,M2,S1,D1,274,2024-09-30,True,True,False,0.008908882860874389,True,True,163140.2085190834,1.3931591429925111e-06,163140.2085190834,791820.3846538771,785755.170249742,6065.214404135082,2029111.3909122793,72.08552685618712,0.38354578928076233,6166.477934813964,23292.713703179168,8721.473268303482,0.23136576479421717,0.5875219288982607,0.3919313256911496,271652.91680950596,311601.00912200636,91170.41848527125,235.67079285196996,2428.644972516599,2664.315765368569,5.076632661360667e-07,4.329084666461988e-07,4.525874102102455e-07,35167.839534276354,45408.63060854691,30358.062161565525,2782123.4725605,19033.481605372355,4910.416553817243,0.0,2806067.3707196894,5895.320723492295,29272.518810674977,35167.83953416727,13016.981705004799,32391.64890350598,45408.63060851077,9815.118962578812,20542.94319893286,30358.06216151167,6583.619592125726,24249.67200061683,10473.940800897446,6583.619592,24249.672000000002,10473.940799999998,1.2572581908898428e-07,6.168265827000141e-07,8.97447534953244e-07,134561.46715160995,1680.6776017200084,9653.86376575348,12528.0,2397.46,2318.74,0.0,0,mef_soft,0.2,93834.734244,93834.73425063981,-6.639806088060141e-06
M2__S1__D1__start001__ndays366__20260326T074443Z,M2,S1,D1,275,2024-10-01,True,True,False,0.008806341552687415,True,True,169530.95462605412,0.0,169530.95462605412,883855.6076752176,880165.9335329701,3689.6741422474506,1868590.8889494215,67.97949071616688,0.4335595421919523,8618.314129854074,22683.875450190506,10610.91546074325,0.26769483195515387,0.3830817415367407,0.16254073739960923,251653.77259213763,185614.857322835,98547.24978184799,222.67381604734055,2481.0486299942904,2703.722446041631,0.0,0.0,0.0,34977.82124909067,42904.39615448019,31013.10787472968,2715848.2388989823,17983.806692563245,5016.3701987767745,0.0,2738848.4157903227,6928.557201095035,28049.264049560497,34977.82125065553,25257.423621720038,17646.972534990833,42904.39615671087,7127.881896096478,23885.225980580028,31013.107876676506,6583.619592863455,24249.672001910556,10473.940800919605,6583.619592,24249.672000000002,10473.940799999998,8.634551704744808e-07,1.910553692141548e-06,9.196064638672397e-07,154447.96684642005,1663.9894754067313,9862.168304227307,0.0,2397.46,1159.37,0.0,0,mef_soft,0.2,101250.97230000001,101250.97222788962,7.211038609966636e-05
M2__S1__D1__start001__ndays366__20260326T074443Z,M2,S1,D1,276,2024-10-02,True,True,False,0.007248425748047576,True,True,93395.92626262177,9.95177500524672e-07,93395.92626262177,1763460.2131557618,1763460.2131453475,1.0414145016039442e-05,939120.9380026698,34.74903751192614,0.4081637544541934,4020.0849993003226,21658.577055377446,7227.777927621414,0.6131585693760443,0.17412316916205614,0.8122827284286085,106527.37488781032,72415.97660156146,41997.1701361143,219.82714627316216,2479.8322030340287,2699.659349307191,3.369075771046591e-07,3.3439099223426297e-07,3.238789311857501e-07,34990.218530351005,42355.90487134886,30997.90253883117,2670883.6749466257,17753.901085136677,5013.910735509627,0.0,2693651.486767272,20427.87398216078,14562.34454786088,34990.218530021666,11592.567943411617,30763.336927610308,42355.90487102192,16293.394871493301,14704.507667021471,30997.902538514772,6583.619592112275,24249.672000483224,10473.940800333434,6583.619592,24249.672000000002,10473.940799999998,1.1227530194446445e-07,4.83221811009571e-07,3.3343530958518386e-07,74144.78690476649,1660.976350795039,9857.333007060262,4176.0,2397.46,1159.37,0.0,0,mef_soft,0.2,44696.829488,44696.82948542149,2.578512066975236e-06
M2__S1__D1__start001__ndays366__20260326T074443Z,M2,S1,D1,277,2024-10-03,True,True,False,0.009856210832796445,True,True,42194.67110936344,1.3732608352426692e-05,42194.67110936344,1744502.841717577,1741599.8011559881,2903.0405615891677,808788.7928323033,31.712374919600837,0.4635128481227084,8659.004815466,21709.668956899248,9655.86188408789,0.6191758697614372,0.7595812458458331,0.6446390738207686,86278.42420677986,105459.74865785579,30174.12455456075,211.1435243118533,2304.239823951928,2515.383348263781,5.785741974404344e-06,3.8130063043090185e-06,4.13386007371333e-06,32612.411078101293,40682.75998157915,28802.997789078927,2515784.603149766,17052.585674481008,4658.884894052804,0.0,2537496.0737183,22160.6728904718,10451.73819460015,32612.411085071948,14230.630835324162,26452.129155142204,40682.759990466366,20842.697734408022,7960.300063243367,28802.99779765139,6583.619596133318,24249.672001640076,10473.940810110209,6583.619592,24249.672000000002,10473.940799999998,4.133317816013005e-06,1.640073605813086e-06,1.0110210496350192e-05,27923.749704494585,1554.7381046599464,9159.353300208915,0.0,2397.46,1159.37,0.0,0,mef_soft,0.2,32689.507918,32689.50790282453,1.5175468433881178e-05
M2__S1__D1__start001__ndays366__20260326T074443Z,M2,S1,D1,278,2024-10-04,True,True,False,0.007192852343360163,True,True,161204.58356849264,0.0,161204.58356849264,747541.4397970259,746456.4392968187,1085.0005002071798,1660760.6444264045,68.9908964029833,0.40633344505072494,4990.614009170237,25393.4230075926,9696.592922212321,0.22762145270850548,0.7627371990537035,0.15019349232233134,245103.5061005219,203312.52146300446,76357.3805876392,198.79335969931265,2181.466539725756,2380.2598994250684,0.0,0.0,0.0,30780.282649042812,38303.152159337886,27268.331756624786,2372975.6248281943,16055.14925849015,4410.652660150952,0.0,2393441.4267468355,6011.178518449796,24769.10413080834,30780.282649258137,29494.867760295336,8808.284399259395,38303.152159554724,10900.65960201527,16367.67215484743,27268.331756862703,6583.619592099983,24249.672000454622,10473.9408002885,6583.619592,24249.672000000002,10473.940799999998,9.998257155530155e-08,4.546200216282159e-07,2.8850081434939057e-07,140548.98160367756,1467.4424694051686,8671.32949540988,6960.0,2397.46,1159.37,0.0,0,mef_soft,0.2,78737.64064,78737.64048706427,0.00015293572505470365
M2__S1__D1__start001__ndays366__20260326T074443Z,M2,S1,D1,279,2024-10-05,True,False,True,0.025180530687792437,False,False,34087.506808374215,0.0,34087.506808374215,1655699.4734125598,1655699.4734125598,0.0,321621.08331727237,16.265500412800115,0.2903425503531998,3421.72060877397,16104.320345496022,7991.682974182758,0.8050901801831655,0.9999983785474321,0.5290571729655469,37702.122336661596,16985.874741219086,9254.331573769809,178.40230553933873,1823.9765342733854,2002.378839812724,0.0,0.0,0.0,26149.42246260498,32691.145768455295,22799.706652527697,1951906.8317495768,14408.306433814889,3687.852555672932,2349.4984801421497,1972352.4892192066,14769.08903696183,11380.333432738196,26149.42246970003,29132.888222834546,3558.2575590234014,32691.145781857944,7339.967688222641,15459.738977238421,22799.70666546106,6583.619592798112,24249.67200574564,10473.940821855933,6583.619592,24249.672000000002,10473.940799999998,7.98111614130903e-07,5.74563819100149e-06,2.185593439207878e-05,16850.742906282685,1253.6271783548345,7250.306723736709,4176.0,2397.46,1159.37,1000.0,0,mef_soft,0.2,11256.710348,11256.710413582532,-6.558253153343685e-05
M2__S1__D1__start001__ndays366__20260326T074443Z,M2,S1,D1,280,2024-10-06,True,True,False,0.0,True,True,12417.430594737236,1.0001e-06,12417.430594737236,2188764.668624248,1976277.472351901,212487.1962723471,141968.8780341312,6.702189195711753,0.559697699241558,7639.931104104864,21703.483984330553,14745.501348343454,0.8227328176788964,0.7459273305742642,1.0,8001.402735943046,3660.651335657977,3140.6774006900705,167.86981272878197,1907.6896265811492,2075.5594393099313,0.0,0.0,1.0001e-06,26995.8868156186,32344.85794963426,23846.120355120398,2083580.1826981925,13557.670655760356,3857.109963743762,0.0,2100994.963317697,22894.287549897417,4101.599265721181,26995.8868156186,27267.53468356367,5077.3232660707,32344.85794963437,19330.986152889054,4515.1342012345785,23846.120354123632,6583.619592,24249.672,10473.940799999998,6583.619592,24249.672000000002,10473.940799999998,0.0,-3.637978807091713e-12,0.0,-1.419688780341312,1278.9540193187051,7583.066265660069,0.0,2397.459998538802,1159.37,0.0,0,mef_soft,0.2,5216.2368400000005,5216.236840000001,-9.094947017729282e-13
M2__S1__D1__start001__ndays366__20260326T074443Z,M2,S1,D1,281,2024-10-07,True,True,False,0.00580355909986932,True,True,37425.7264725111,0.0,37425.7264725111,1617339.469658055,1617339.469658055,0.0,751604.6504568855,31.727411553313367,0.545967127690235,7280.779512596876,22409.438079356074,10327.727388503205,0.6242632950965475,0.45023031091404964,0.6044550887717297,66671.82544057885,74299.23868424636,20131.171742308597,189.4636182586268,2207.9050360651568,2397.3686543237836,0.0,0.0,0.0,30996.99898797926,36505.51411521001,27598.8129498387,2337205.3610919723,15301.651296593986,4464.10799480651,0.0,2356971.120383373,20755.87482744768,10241.124160575662,30996.99898802334,26062.339311927262,10443.174803155776,36505.51411508304,21387.605988197232,6211.206961667916,27598.812949865147,6583.619592544504,24249.672000551305,10473.940801193878,6583.619592,24249.672000000002,10473.940799999998,5.445035640150309e-07,5.513029464054853e-07,1.1938791431020945e-06,22234.17901344013,1466.2949407119597,8776.422518358999,1392.0,2397.46,1159.37,0.0,0,mef_soft,0.2,22528.540408,22528.54039663238,1.1367621482349932e-05
M2__S1__D1__start001__ndays366__20260326T074443Z,M2,S1,D1,282,2024-10-08,True,True,False,0.0001904834541784247,True,True,13689.471040772309,9.81600740780775e-07,13689.471040772309,2831175.8975931797,2473326.741612563,357849.1559806173,58.884284659314424,0.002380715891722469,0.41275168293195014,5814.572532005692,28596.17594437934,9148.30717458495,0.9174563045766254,0.8531722739103076,0.7574014320919862,3.3494612056010324,1.7881845964199057,1.3016174414424626,197.74996466591296,2170.1881736377823,2367.9381383036953,3.285951214188721e-07,3.180900967061086e-07,3.3491552265579434e-07,31999.288246096447,38102.11265221366,27127.352171996466,2431547.506117263,15970.881539376545,4387.849213573905,0.0,2451906.2368702134,30620.791190138258,1378.497055630027,31999.288245768283,25836.124733028308,12265.98791886756,38102.11265189587,20472.279138629667,6655.073033032188,27127.352171661856,6583.619592045513,24249.672001046216,10473.940800004344,6583.619592,24249.672000000002,10473.940799999998,4.5512933866120875e-08,1.046213583322242e-06,4.345565685071051e-09,9.552009353187534e-07,1506.1430496069202,8626.497990210184,0.0,2397.46,1159.37,0.0,0,mef_soft,0.2,3065.814305,2369.2397557451377,696.5745492548622
M2__S1__D1__start001__ndays366__20260326T074443Z,M2,S1,D1,283,2024-10-09,True,True,False,0.0011008312708525405,True,True,15398.441582846803,299.80290686718035,15398.441582846803,2341529.539220052,2341529.539220052,0.0,60155.12281081185,2.504705291324328,0.5972207609398411,7168.656935872794,20119.26428376741,13710.507497094404,0.9369758963700068,0.8541353901711487,0.9705191484287469,3771.0569250206004,2859.7522324791257,1411.7839591675468,205.61293645261281,2095.39801012068,2301.0109465732926,299.80290686718035,0.0,0.0,33051.314934749156,39617.13611944539,26192.475121219242,2380294.6541350093,16605.918775289036,4236.632851829344,0.0,2401137.2057621274,31405.890985132508,1345.6210457741404,32751.512030906648,30615.183631209846,9001.952489316678,39617.13612052653,22604.172802718604,3588.30232096518,26192.47512368378,6583.619592788303,24249.67200033001,10473.940804007747,6583.619592,24249.672000000002,10473.940799999998,7.88302713772282e-07,3.3000833354890347e-07,4.007748430012725e-06,354.1044730586042,1533.6700195584979,8329.207090229702,2784.0,2397.46,0.0,0.0,0,mef_soft,0.2,3712.794978,3712.7949057408396,7.225916033348767e-05
M2__S1__D1__start001__ndays366__20260326T074443Z,M2,S1,D1,284,2024-10-10,True,True,False,0.006680147866546819,True,True,88360.2960801195,0.0,88360.2960801195,1168744.3771557854,1168744.3771557854,0.0,1490747.4666841435,56.053846156253506,0.4991445970867572,10297.525996065733,23669.651471390793,10909.923055988844,0.3906228039300764,0.2367978548406224,0.21756892186502463,167030.4286153685,218945.81958115526,52558.53139878733,198.82296307888717,2108.5620327919883,2307.3849958708756,0.0,0.0,0.0,35142.52243740253,38308.85608466998,26357.025413615862,2628632.1695578676,16057.540115979247,4263.248860075222,0.0,2648952.9585339217,18374.39611291451,16768.126323235425,35142.52243614994,23399.5987799517,14909.257304075078,38308.856084026775,12269.95825901474,14087.067153579852,26357.02541259459,6583.619592117277,24249.672000414823,10473.940800218217,6583.619592,24249.672000000002,10473.940799999998,1.1727661330951378e-07,4.1482053347863257e-07,2.1821870177518576e-07,74814.61652569025,1607.31184732849,8381.534080348154,0.0036267526370945546,2397.46,1159.37,0.0,0,mef_soft,0.2,54865.916434,54865.916394658205,3.934179403586313e-05
M2__S1__D1__start001__ndays366__20260326T074443Z,M2,S1,D1,285,2024-10-11,True,True,False,0.009212104005214753,True,True,155388.53426894965,0.0,155388.53426894965,741601.3101224056,738503.3940978051,3097.916024600464,1790073.03135104,70.79370879736355,0.47738711513003934,6674.056964417258,28049.267103033388,8078.7275047758185,0.2196889000332667,0.5574063662117503,0.6182242233980769,253340.13603669466,162214.2427857419,112770.33580395134,192.68499447031002,2047.9435978478198,2240.62859231813,0.0,0.0,0.0,33757.669145301275,37126.20317119683,25599.294967133057,2496268.759849056,15561.81932219864,4140.685961931453,0.0,2515971.2651331862,3280.957521342449,30476.711624522795,33757.66914586524,15678.630141356934,21447.573030490166,37126.203171847104,9733.283777246528,15866.011190635123,25599.29496788165,6583.619592122515,24249.67200068666,10473.940806264036,6583.619592,24249.672000000002,10473.940799999998,1.2251530279172584e-07,6.866575859021395e-07,6.264037438086234e-06,140751.10151895246,1548.0269485521126,8140.575801445084,1392.0,2397.46,1159.37,0.0,0,mef_soft,0.2,115010.96442,115010.96439626947,2.3730535758659244e-05
M2__S1__D1__start001__ndays366__20260326T074443Z,M2,S1,D1,286,2024-10-12,True,True,False,0.009795793580305124,True,True,88574.06029409565,0.0,88574.06029409565,682399.4783062995,681445.2655005665,954.2128057330647,1402112.7097657078,67.29415386612992,0.35203852490826804,11417.252275090344,21617.28217446072,4660.044675786427,0.24522765368042782,0.8347418423866486,0.32622414505027447,132713.10605662403,218686.8529644595,70829.28763771473,163.4288945472955,1614.2069715998991,1777.6358661471945,0.0,0.0,0.0,27494.251790118742,31489.18970128156,20177.587146162638,2052375.9220832707,13199.008755015817,3263.724720737394,0.0,2068838.655559024,4700.899859482685,22793.351931209934,27494.25179069262,18476.0816042597,13013.10809778055,31489.189702040254,13549.801628586069,6627.78551828046,20177.58714686653,6583.6195925012125,24249.67200040362,10473.940805212957,6583.619592,24249.672000000002,10473.940799999998,5.012125257053412e-07,4.036191967315972e-07,5.212958058109507e-06,77337.35137832692,1263.4062036591602,6416.472712109598,0.0,2397.46,1159.37,0.0,0,mef_soft,0.2,72606.923532,72606.92350386192,2.813807805068791e-05
M2__S1__D1__start001__ndays366__20260326T074443Z,M2,S1,D1,287,2024-10-13,True,False,True,0.07698597579033398,False,False,61271.89324375948,3.5374816684727986e-05,61271.89324375948,539100.3604719267,482032.24509172083,57068.11538020583,1741360.8933607247,78.31997244413415,0.3639285563319681,10696.825763717634,26789.93109452781,5754.492511434834,0.1741062447727566,1.9378941597790932e-07,0.655836762815848,176535.88259442066,128792.39225816203,54656.04916718167,160.6269790984814,1742.1984722358025,1902.8254513342838,1.439865538972722e-05,1.0380896473464441e-05,1.0595264821536324e-05,28811.42312395599,30949.321590700158,21777.48088009506,2198036.630339583,12972.71764180704,3522.5075368195503,0.0,2214531.8555182097,3765.625190165395,25045.7979527383,28811.423142903695,16086.48958700207,14862.832026627344,30949.321613629414,8135.688718594586,13641.792184195445,21777.480902790034,6583.619593713562,24249.672005187556,10473.940823234367,6583.619592,24249.672000000002,10473.940799999998,1.7135616872110404e-06,5.1875540520995855e-06,2.3234368200064637e-05,41354.22986333466,1316.2244532875122,6925.238927137314,6960.0,2397.46,2318.74,0.0,0,mef_soft,0.2,56558.874586,56558.874618515954,-3.251595626352355e-05
M2__S1__D1__start001__ndays366__20260326T074443Z,M2,S1,D1,288,2024-10-14,True,True,False,0.009902291538124155,True,True,222295.69173698995,0.0,222295.69173698995,235911.83527496987,208898.1593175373,27013.67595743257,2379373.4715294978,91.92904806327559,0.38669773650979056,9733.234900198267,33374.13903926029,10110.992263588256,0.05062393536058756,0.06617287072548843,0.28059287867870136,328659.710791216,282363.6067832211,105862.85190043728,170.60452575038505,2069.7817092733603,2240.3862350237455,0.0,0.0,0.0,34336.646689265704,32773.09432375966,25872.271388131194,2567972.3298476003,13778.534299331674,4184.839893463493,0.0,2585935.7040403956,524.6701995046501,33811.97648997049,34336.64668947515,4625.979297362284,28147.115027059528,32773.09432442181,11998.018182036541,13874.2532067369,25872.271388773443,6583.619592287578,24348.35528281047,10473.940801151992,6583.619592,24249.672000000002,10473.940799999998,2.8757767722709104e-07,98.68328281046706,1.151993274106644e-06,203399.71177302895,1543.7676695993339,8227.382294361609,5568.0,2397.46,1159.37,0.0,0,mef_soft,0.2,108103.23814,108103.23813546103,4.538975190371275e-06
M2__S1__D1__start001__ndays366__20260326T074443Z,M2,S1,D1,289,2024-10-15,True,True,False,0.009029277996662283,True,True,90049.6815853078,0.0,90049.6815853078,1521618.015335429,1512180.9043388425,9437.110996586698,1023303.673161027,40.35929392913374,0.4514748083709321,7159.591679997972,36181.80600028044,7142.1053369252595,0.5286491436159222,0.2266192549266358,0.5165014487774393,108701.86647814792,108852.22013184942,78756.1669903659,165.76928675590523,1936.1894708306097,2101.958757586515,0.0,0.0,0.0,35212.52777122261,32038.815605145173,24202.368384068122,2503679.43927624,13388.025864483549,3914.7330863618163,0.0,2520982.198227085,17337.570890329924,17874.9568802782,35212.527770608125,5205.935953872484,26832.879651693707,32038.815605566197,8316.790655283647,15885.57772938996,24202.36838467361,6583.619593018029,24249.672000866096,10473.940802491266,6583.619592,24249.672000000002,10473.940799999998,1.0180292520090006e-06,8.660936146043241e-07,2.491267878212966e-06,74457.27967821198,1555.2187605441432,7696.353146551675,2784.0,2397.46,1159.37,0.0,0,mef_soft,0.2,80858.125828,80858.12574795242,8.004758274182677e-05
M2__S1__D1__start001__ndays366__20260326T074443Z,M2,S1,D1,290,2024-10-16,True,True,False,0.001049515691171896,True,True,13097.306434404372,0.0,13097.306434404372,2497538.8917520307,2487669.770731926,9869.121020104856,129817.28307648102,4.95961509676232,0.49153386174447133,7545.993474825562,26093.072927967136,11298.495118574681,0.9226875547112309,0.6773439948240428,0.8947800234610122,9495.654408095827,6349.263044734964,3072.920725656199,166.53297338059207,1854.905926543603,2021.438899924195,0.0,0.0,0.0,38018.464599814804,32087.278108534236,23186.32408427572,2594400.6351741804,13449.703491763818,3750.3879202391367,0.0,2611600.726586183,34944.5486437518,3073.915955448963,38018.46459920076,12338.632650885738,19748.645457214843,32087.27810810058,18584.277864572843,4602.046219231147,23186.32408380399,6583.6195922124225,24249.672000484403,10473.94080025981,6583.619592,24249.672000000002,10473.940799999998,2.124224920407869e-07,4.844005161430687e-07,2.598117134766653e-07,524.3478002580839,1642.8775761354636,7373.251058010821,0.0,2397.46,1159.37,0.0,0,mef_soft,0.2,5094.3596368,5094.359625580394,1.1219605767109897e-05
M2__S1__D1__start001__ndays366__20260326T074443Z,M2,S1,D1,291,2024-10-17,True,True,False,0.009513989655386626,True,True,21828.294701762792,5.56203193519945e-06,21828.294701762792,2219552.089925427,2219552.09322925,-0.0033038230040116725,470207.8127299219,17.48140462976546,0.47112036948905384,3442.6128736129954,21216.03373148449,7290.853848910091,0.7860739260529281,0.6608310707868928,0.6580643349035732,34323.76447973062,17413.595044166203,13516.861620299838,184.44947064866088,2136.32516780523,2320.774638453891,2.513542212360812e-06,1.3257390539825467e-06,1.7227506688560911e-06,37398.03061684545,35539.39695143956,26704.064580259273,2661468.6165668564,14896.693664258879,4319.382448758764,0.00012390763160583158,2680684.692803782,30260.83376882173,7137.196850077526,37398.030618899254,20370.842414487262,15168.554540198562,35539.39695468583,17886.4652691371,8817.599313973722,26704.064583110823,6583.6195925835,24249.672002309653,10473.940817225493,6583.619592,24249.672000000002,10473.940799999998,5.834999683429487e-07,2.30965088121593e-06,1.722549495752901e-05,5326.659602241861,1668.9125475213407,8491.892542025791,2784.0,2397.46,1159.37,9.973794478671217e-06,0,mef_soft,0.2,15837.636247999999,15837.63625875373,-1.0753730748547241e-05
M2__S1__D1__start001__ndays366__20260326T074443Z,M2,S1,D1,292,2024-10-18,True,True,False,0.004860964878544081,True,True,40643.11084925665,0.0,40643.11084925665,1620568.2828607268,1612994.2219378254,7574.060922901414,1156278.0672486736,41.75385973288822,0.5594968781892508,8745.762490252799,25143.07802279807,11002.098274261085,0.5253988288353457,0.764099708265212,0.5472692451617298,101413.32650025398,146425.13712054223,75530.0708178209,180.80066232255083,2390.302848356745,2571.103510679296,0.0,0.0,0.0,37129.63082500985,34836.35111689287,29878.78561890161,2737274.233309716,14602.004936301168,4832.893571542445,0.0,2756709.1318175597,19592.737612595763,17536.89321158153,37129.63082417729,24031.503319448173,10804.847797178698,34836.351116626865,19731.23464661069,10147.550970748984,29878.785617359674,6583.61959241283,24249.67200741012,10473.940802932331,6583.619592,24249.672000000002,10473.940799999998,4.1282964957645163e-07,7.410118996631354e-06,2.932332790805958e-06,25905.7171965358,1679.1098305027785,9501.453822218062,0.0,2397.46,1159.37,0.0,0,mef_soft,0.2,78101.174582,78101.1743285002,0.00025349980569444597
M2__S1__D1__start001__ndays366__20260326T074443Z,M2,S1,D1,293,2024-10-19,True,True,False,0.009163016470652995,True,True,50557.92756702514,0.0,50557.92756702514,1130787.03646445,1130787.04063068,-0.004166230117435133,1300475.476359494,53.48971850104618,0.4297430413440453,6884.148379557207,22163.426794170187,9602.927032154495,0.4303600967465072,1.387172227096541e-07,0.060200163195256125,108467.57999523211,106666.95689696782,76250.63739755585,147.44330688661262,2123.9363336347988,2271.3796405214116,0.0,0.0,0.0,33070.87270280042,28409.115005252446,26549.20412249428,2407210.055194891,11907.964646909553,4294.333775041252,0.0,2423412.3536168416,18568.050423197234,14502.822292955663,33070.872716152895,14497.280940163022,13911.834082062594,28409.11502222562,6908.325197402439,19640.878941056784,26549.204138459223,6583.619602793529,24249.672006991448,10473.940848907623,6583.619592,24249.672000000002,10473.940799999998,1.0793529327202123e-05,6.991445843596011e-06,4.890762465947773e-05,32903.19927250544,1479.2513683213845,8442.646926198327,4176.0,2397.46,1159.37,0.0,0,mef_soft,0.2,78522.017196,78522.01703807726,0.00015792273916304111
M2__S1__D1__start001__ndays366__20260326T074443Z,M2,S1,D1,294,2024-10-20,True,True,False,0.009873632073454292,True,True,56751.95958456478,1.5642813949181988e-06,56751.95958456478,563628.6625064553,554610.86946914,9017.793037315261,1830606.4631563998,76.74799432810387,0.45293452156903324,7259.148604762966,24521.254787155132,9439.367418428019,0.17112305022417934,0.40743836281157886,0.5877297625201667,175207.71462371823,160769.34903136204,103668.99550365465,154.85439130761802,2159.563475888738,2314.4178671963564,6.104876064124397e-07,4.759696834033174e-07,4.778241051024417e-07,31228.193356727686,29837.069621067014,26994.543494354555,2358513.1453269413,12506.506100295977,4366.367402826883,2.8475975440463374e-06,2375386.0188329117,5472.4782699056,25755.715086789834,31228.193356695436,9661.715774504726,20175.353846665093,29837.069621169823,9101.621831849163,17892.921662607463,26994.54349445663,6583.619592108885,24249.672000255232,10473.940803390577,6583.619592,24249.672000000002,10473.940799999998,1.0888470569625497e-07,2.552296791691333e-07,3.390578058315441e-06,40397.59920927125,1429.2655586357762,8584.264816657733,2784.0,2397.46,1159.37,0.0,0,mef_soft,0.2,105983.413364,105983.413370851,-6.851012585684657e-06
M2__S1__D1__start001__ndays366__20260326T074443Z,M2,S1,D1,295,2024-10-21,True,True,False,0.007743170175326056,True,True,168726.58210776985,0.0,168726.58210776985,649498.9521230473,644215.4352202965,5283.516902750857,2081286.6399704176,76.3634215844353,0.34340224770454447,12094.965829036,25490.770249211277,5191.978316214211,0.20451969225095545,0.383600714262278,0.540051851322954,265715.78018781706,248481.5296446482,113760.13494514785,193.90778195882817,2488.544189384316,2682.451971343144,0.0,0.0,0.0,34608.051578339895,37361.80769932397,31106.802369292192,2698504.4736798597,15660.57531519503,5031.525282911498,0.0,2719196.5742779663,3103.729294843435,31504.322283113874,34608.0515779573,12762.386163051277,24599.421534994974,37361.80769804625,16756.42112189551,14350.38124709297,31106.802368988487,6583.619592091161,24249.67200042656,10473.940801707098,6583.619592,24249.672000000002,10473.940799999998,9.116138244280592e-08,4.2655665311031044e-07,1.7070997273549438e-06,152267.05272588407,1618.736229083136,9891.963152802658,1392.0,2397.46,1159.37,0.0,0,mef_soft,0.2,116442.58578,116442.586916491,-0.001136491002398543
M2__S1__D1__start001__ndays366__20260326T074443Z,M2,S1,D1,296,2024-10-22,True,True,False,0.004641964326674794,True,True,125213.58521683639,1.2502616143557131e-05,125213.58521683639,975474.4607526773,973329.7356374459,2144.725115231274,1678965.8808176252,63.30236608623774,0.5075764842375698,8749.884982317022,26705.224521985507,13114.166364448538,0.2853488841657236,0.5263819846559484,0.4296477966717676,187691.97245328175,156778.0262622661,141138.3382999,194.02802960810814,2616.7447702998616,2810.77279990797,5.342096687493073e-06,4.111208187382034e-06,3.0493112686820237e-06,33896.91152169591,37384.976797591415,32709.30959875564,2615911.0166226495,15670.286877189295,5290.730832785737,0.0,2636872.0343326246,6442.37954406264,27454.53198393047,33896.91152799311,15380.719696226239,22004.257108759724,37384.97680498596,16707.58174083291,16001.727866392033,32709.309607224946,6583.619591570962,24249.672005638833,10473.940826182694,6583.619592,24249.672000000002,10473.940799999998,-4.29037754656747e-07,5.638830771204084e-06,2.6182695364695974e-05,108023.73697120155,1606.8277836928974,10401.56046194195,2784.0,2397.46,0.0,0.0,0,mef_soft,0.2,143949.11109999998,143949.11109980798,1.9199796952307224e-07
M2__S1__D1__start001__ndays366__20260326T074443Z,M2,S1,D1,297,2024-10-23,True,True,False,0.006497155184766068,True,True,175820.75391275802,0.0,175820.75391275802,548057.4145124188,539073.7555192828,8983.658993136085,2260834.32173588,80.74673379821263,0.3922283078050645,7935.608532384712,23522.709139747803,11696.910312810718,0.13707468403715414,0.7793949640281478,0.13064019518684078,273221.32473431446,287987.92511593585,223765.61275207967,193.33707343789519,2337.6154299450386,2530.9525033829336,0.0,0.0,0.0,37371.21477553859,37251.84459791193,29220.19289645755,2768755.4954016176,15614.483179655193,4726.366197436877,0.0,2789096.34477871,1263.257174696216,36107.95760074922,37371.214775445434,23406.269333123175,13845.575265144069,37251.84459826724,5817.866999450258,23402.32589735084,29220.192896801098,6583.619592579407,24249.672001622595,10473.940804280452,6583.619592,24249.672000000002,10473.940799999998,5.794072421849705e-07,1.6225931176450104e-06,4.280453140381724e-06,157098.93494038534,1696.9676383411158,9292.02133403153,4176.0,2397.46,1159.37,0.0,0,mef_soft,0.2,226296.56534,226296.5652554626,8.453740156255662e-05
M2__S1__D1__start001__ndays366__20260326T074443Z,M2,S1,D1,298,2024-10-24,True,True,False,0.001977007802997538,True,True,136686.24192412358,6.2755716681046795e-06,136686.24192412358,647959.8394489286,640748.1973646474,7211.642084281194,2171616.6358040753,77.21674692387938,0.5039667850861042,7265.579910652453,22444.23158490784,10886.075958634803,0.14977693934968844,0.43900865605502437,0.3536754554326537,218900.09920659903,160265.81823709173,229002.29059087677,189.13117202894034,2237.5672509201295,2426.69842294907,2.9366471524228515e-06,1.829260236435428e-06,1.5096642792464007e-06,37952.50817151788,36441.45896624033,27969.59063749355,2777922.452291638,15274.801939915362,4524.081285653029,0.0,2797721.3355172067,2832.201471776548,35120.3067022974,37952.50817407395,24537.672719097296,11903.786250843084,36441.45896994038,8069.959211301804,19899.631430213904,27969.590641515708,6583.619592133233,24249.672000452978,10473.940801546214,6583.619592,24249.672000000002,10473.940799999998,1.3323278835741803e-07,4.5297565520741045e-07,1.5462155715795234e-06,122532.72866925343,1702.3534324626462,8894.329822407515,0.0,2397.46,1159.37,0.0,0,mef_soft,0.2,231428.989,231428.98901382583,-1.382583286613226e-05
M2__S1__D1__start001__ndays366__20260326T074443Z,M2,S1,D1,299,2024-10-25,True,True,False,0.0021255265485502334,True,True,117146.45944582678,1.1895606280816408e-05,117146.45944582678,855783.2815767773,855783.2907061775,-0.009129400085122063,1990338.5619073338,69.93160043656118,0.4496897820266728,9976.970041675178,23556.23711243493,10014.618065569985,0.2330567824648933,0.46547857988507363,0.5939748062838656,233332.22677194292,274040.27748819627,220987.5078703154,202.5408445874495,2272.780521380484,2475.3213659679336,5.670717938792314e-06,3.569163916039916e-06,2.6557244259841784e-06,37907.266887214566,39025.21090108141,28409.756507051585,2811796.512707998,16357.807402373892,4595.278116960572,0.0,2832749.5982273323,4223.401704305371,33683.86517723848,37907.26688154385,16898.003161552548,22127.207735959702,39025.21089751225,14398.344384651904,14011.412119743956,28409.75650439586,6583.619593746811,24249.672001845924,10473.940809941427,6583.619592,24249.672000000002,10473.940799999998,1.7468109945184551e-06,1.8459213606547564e-06,9.941428288584575e-06,102835.61330990525,1719.7135634340864,9034.302572487426,0.0,2397.46,1159.37,0.0,0,mef_soft,0.2,223462.82919999998,223462.82923628335,-3.628336708061397e-05
M2__S1__D1__start001__ndays366__20260326T074443Z,M2,S1,D1,300,2024-10-26,True,True,False,0.009557058492913969,True,True,60490.91485445838,0.0,60490.91485445838,1049665.3364442792,1039062.1902958171,10603.146148461958,1489940.2720275277,58.91414872956466,0.4783875520347665,11311.453108865499,22170.65888061028,9687.053666092761,0.3490710812677153,6.951034449496675e-09,7.112063877175413e-08,146406.3715967759,128681.13397134223,113676.8850444677,179.01538389336287,1655.3853653218343,1834.4007492151973,0.0,0.0,0.0,34346.54673278054,34492.36684039029,20692.317076186035,2498690.1893715817,14457.820484160053,3346.982285512947,0.0,2516494.9921412547,13810.260772716054,20536.285959736757,34346.546732452814,9250.322345672721,25242.04449445069,34492.36684012341,6386.888557964906,14305.428518009507,20692.317075974417,6583.619592317863,24249.672000378643,10473.940800295151,6583.619592,24249.672000000002,10473.940799999998,3.178629413014278e-07,3.786408342421055e-07,2.9515285859815776e-07,47446.31661472547,1515.6114125786082,6580.156827154292,1392.0,2397.46,1159.37,0.0,0,mef_soft,0.2,115511.28584,115511.2857936829,4.6317101805470884e-05
M2__S1__D1__start001__ndays366__20260326T074443Z,M2,S1,D1,301,2024-10-27,True,False,True,0.02932855130401224,False,False,92809.3081432633,1.600193777862897e-05,92809.3081432633,1210176.8426080942,1200798.6667440194,9378.175864074916,1254105.7961747176,51.08572716852938,0.5435255540277538,5291.836441866278,25043.386651881814,5338.251465597527,0.4574021120868348,4.093574636726435e-08,0.4513366041792044,132151.98409791052,79487.88291079918,76166.8137501703,171.46870507091597,1753.400650573521,1924.869355644437,8.232604514508458e-06,3.917107076084431e-06,3.852226188036081e-06,33948.53951947535,33038.28613436935,21917.508124573636,2430575.3256390556,13848.32801905632,3545.1569408168343,0.0,2447968.810598929,18384.49259211446,15564.046934053513,33948.53952616797,1053.5332640580864,31984.75288132395,33038.28614538204,3122.0577935143956,18795.45034213361,21917.508135648,6583.619592371431,24249.67200217561,10473.940804228208,6583.619592,24249.672000000002,10473.940799999998,3.714312697411515e-07,2.1756059140898287e-06,4.228209945722483e-06,74052.8398544936,1502.500702740023,6969.767586029746,5568.0,2397.46,2318.74,0.0,0,mef_soft,0.2,78091.683098,78091.68310581474,-7.814742275513709e-06
M2__S1__D1__start001__ndays366__20260326T074443Z,M2,S1,D1,302,2024-10-28,True,True,False,0.008954587954770419,True,True,38386.29115029963,7.496615496545813e-07,38386.29115029963,2010165.5111163175,2010165.5111195643,-3.2473563242235693e-06,550414.1417248996,21.495685209927473,0.4698590423051838,5827.0316094922555,25556.46263924944,13746.349330446334,0.7304833232139645,0.999999992838873,0.8408577615465768,56779.49492962609,57242.88876179816,24761.697102583224,186.70469013530942,2172.2170110819325,2358.921701217242,4.525824956066467e-07,1.4440142026027823e-07,1.5267763378765652e-07,35406.0593774576,35973.928737488066,27152.71264292758,2530809.4171359413,15078.831968616134,4391.951269281606,0.0,2550280.200373839,20518.810380011542,14887.248996993476,35406.05937700502,15761.310036523277,20212.61870082039,35973.92873734367,21045.152735359155,6107.559907415748,27152.712642774903,6583.619592008216,24249.67200001721,10473.940800012713,6583.619592,24249.672000000002,10473.940799999998,8.216375135816634e-09,1.7207639757543802e-08,1.2714735930785537e-08,25746.341764237255,1607.926767869499,8634.562619050683,0.0,2397.4599991421933,0.0,0.0,0,mef_soft,0.2,27120.618803999998,27120.618803800466,1.9953222363255918e-07
M2__S1__D1__start001__ndays366__20260326T074443Z,M2,S1,D1,303,2024-10-29,True,True,False,0.009503990270393623,True,True,19193.20187119927,0.0,19193.20187119927,2540728.1651298204,2538708.6310324334,2019.5340973870661,75846.99553314842,2.9009516861103943,0.563559741149782,8654.261876529556,19555.568119384054,5369.97400899819,0.9419318098621843,0.9999999960102237,0.8975569105699679,7074.1079667788545,5439.057553205251,4217.185343686535,185.71051019966606,2272.0400178001196,2457.750527999786,0.0,0.0,0.0,36663.117378905124,35782.37190751095,28400.500222210794,2589400.5590150133,14998.539008735199,4593.780911006537,0.0,2608992.878934755,35256.42064261978,1406.6967356678122,36663.11737828759,32855.756125191794,2926.6157820204903,35782.371907212284,25922.43626128575,2478.0639606394852,28400.500221925235,6583.619592032064,24249.672000146715,10473.940800434719,6583.619592,24249.672000000002,10473.940799999998,3.2064235711004585e-08,1.467124093323946e-07,4.3472027755342424e-07,4946.7837735800995,1658.229026863696,9031.359070755474,0.0,2397.46,1159.37,0.0,0,mef_soft,0.2,6674.9358864000005,6674.935871686321,1.4713679775013588e-05
M2__S1__D1__start001__ndays366__20260326T074443Z,M2,S1,D1,304,2024-10-30,True,True,False,0.00910210838832581,True,True,53732.63930564658,0.0,53732.63930564658,2074806.483016297,2069020.8078211502,5785.675195146824,683079.4709306883,24.820297290928867,0.5701586120626618,6998.257331481785,22286.122900670904,15890.758133911195,0.7033725369521792,0.22246307060417025,0.40370546896501996,62104.03288739672,59461.73231255729,57150.43810929266,191.72235088340915,2421.50552367477,2613.227874558179,0.0,0.0,0.0,37099.84137371494,36940.72271271482,30268.819038392958,2719947.5742161227,15484.0733324425,4895.981480958477,0.0,2740327.6290295236,31023.03466490331,6076.8067054524145,37099.84137035573,24946.26695057501,11994.45575985458,36940.72271042959,15830.057477425375,14438.761559621607,30268.819037046986,6583.6195936226495,24249.67200188771,10473.940804529324,6583.619592,24249.672000000002,10473.940799999998,1.6226495063165203e-06,1.8877071852330118e-06,4.529325451585464e-06,38623.975577471225,1693.7192715681697,9625.484456607212,1392.0,2397.46,0.0,0.0,0,mef_soft,0.2,59763.666028,59763.66598385084,4.414915747474879e-05
M2__S1__D1__start001__ndays366__20260326T074443Z,M2,S1,D1,305,2024-10-31,True,True,False,0.009143571486711867,True,True,184862.59234669633,0.0,184862.59234669633,831267.4657948848,831143.0637180407,124.4020768440145,2027201.1475559154,70.92221921909109,0.525147693876893,11205.792458902632,25088.613636287017,13464.250101793203,0.2169197036206367,0.979600582139956,0.8798254803588529,262815.46955233626,269638.2594083494,206477.02250882186,185.74390605232747,2369.2534232539674,2554.997329306295,0.0,0.0,0.0,37781.80075191159,35788.806562907295,29615.667793360626,2824600.365930013,15001.236158168318,4790.334265142805,0.0,2844391.936353324,4091.427775460171,33690.37297624405,37781.80075170423,19027.71632491704,16761.090237889177,35788.80656280622,22107.880271550133,7507.787521714312,29615.66779326445,6583.619592055644,24249.672000458853,10473.940802043784,6583.619592,24249.672000000002,10473.940799999998,5.564379534916952e-08,4.5885099098086357e-07,2.043785571004264e-06,170183.14176566206,1704.838223599682,9417.782357434522,0.0,2397.46,1159.37,0.0,0,mef_soft,0.2,209032.0199,209032.01983812815,6.187186227180064e-05
M2__S1__D1__start001__ndays366__20260326T074443Z,M2,S1,D1,306,2024-11-01,True,True,False,0.0007920752011995449,True,True,168162.67981262092,0.0,168162.67981262092,720977.8556742775,714150.5235191582,6827.332155119316,2116905.9180060015,74.77441590198647,0.42975755387318787,7357.092168102058,24204.210328196397,12178.295688486825,0.2093131215566539,0.3794549961256317,0.0896893640758988,286690.5374429465,232422.17249963048,203103.72002220535,182.40234336122066,2376.9723364311285,2559.374679792349,0.0,0.0,0.0,37767.36502969595,35144.960185014526,29712.154206922314,2803258.9219752587,14731.361511242494,4805.940942749585,0.0,2822796.2244292507,6935.552697604742,30831.812331920468,37767.36502952521,24743.004092896044,10401.956092245115,35144.96018514116,10391.591342016314,19320.562865017273,29712.154207033585,6583.619592154574,24249.672000987244,10473.94080069841,6583.619592,24249.672000000002,10473.940799999998,1.545740815345198e-07,9.872419468592852e-07,6.984118954278529e-07,149280.21234721152,1701.1724280956678,9448.465037313736,4176.0,2397.46,1159.37,0.0,0,mef_soft,0.2,205663.09474,205663.0947019977,3.800229751504958e-05
M2__S1__D1__start001__ndays366__20260326T074443Z,M2,S1,D1,307,2024-11-02,True,True,False,0.004146284557705017,True,True,176657.2124976292,1.3380286138052362e-06,176657.2124976292,638991.4612936545,628530.684342682,10460.776950972446,1987336.990807834,75.97238230689491,0.4147019133533778,10428.076794372928,22911.349153717634,12299.062919455571,0.19293414674976883,0.5932003275256985,0.23318536204788207,281780.51149992616,210535.46141809248,137874.1820038971,160.7905882610427,1977.9471255083095,2138.737713769352,4.515466285220249e-07,4.4278560079122214e-07,4.436963844919891e-07,35605.252451072694,30980.84552015421,24724.339066543107,2590050.476891103,12985.931209156093,3999.1618443903144,0.0,2607035.56994465,3983.349261088193,31621.903189751873,35605.25245084007,16252.04732448833,14728.798195574554,30980.845520062885,4303.4796404373665,20420.859425998788,24724.339066436154,6583.6195945290465,24249.672003460386,10473.940803324898,6583.619592,24249.672000000002,10473.940799999998,2.52904646913521e-06,3.460383595665917e-06,3.3248998079216108e-06,163671.57172609924,1566.4709505518283,7862.3398238955315,0.0,2397.45999799269,1159.3699990899015,0.0,0,mef_soft,0.2,140012.91972,140012.91971766643,2.333574229851365e-06
M2__S1__D1__start001__ndays366__20260326T074443Z,M2,S1,D1,308,2024-11-03,True,True,False,0.007476925108978297,True,True,102242.64916761282,0.0,102242.64916761282,913756.7571394192,913756.7571394192,0.0,1690288.8125986168,64.91010880307513,0.4482973447736021,8789.92341020148,25366.71626531158,10874.078193528605,0.2951728415545312,0.6161080333782152,0.4825333297967176,189055.64420838837,139206.28867361433,109959.05008532281,153.693208080126,1974.3001994881388,2127.993407568265,0.0,0.0,0.0,35844.17469717205,29613.334892777508,24678.7524963467,2576916.0298262136,12412.725452583963,3991.788215547657,0.0,2593320.543494345,6873.906387423232,28970.26830920537,35844.17469662861,17506.14477837153,12107.190113956916,29613.334892328443,9188.082984553495,15490.669511391716,24678.752495945213,6583.61959254229,24249.672001215415,10473.940800736229,6583.619592,24249.672000000002,10473.940799999998,5.422898539109156e-07,1.2154123396612704e-06,7.362305041169748e-07,85096.08481703668,1565.891057610771,7847.843292965352,4176.0,2397.46,1159.37,0.0,0,mef_soft,0.2,112087.04356,112087.04349289108,6.710892193950713e-05
M2__S1__D1__start001__ndays366__20260326T074443Z,M2,S1,D1,309,2024-11-04,True,True,False,0.007034940323961853,True,True,232705.53304405705,0.0,232705.53304405705,677725.5632376298,676045.7029393935,1679.8602982362681,2224656.3219743855,76.69372113602435,0.43924589312169643,8873.310515123134,33706.50819667839,8237.89373782876,0.17446115260257083,2.4006446080775518e-09,0.8309154313104566,320163.3103099262,354067.9561512219,257283.23942885455,166.37772397647672,2321.105915979484,2487.483639955961,0.0,0.0,0.0,40008.1791508274,32057.36492949331,29013.823950734164,2870859.632198965,13437.165083233242,4692.98602387123,0.0,2888989.7833060697,5769.252735833274,34238.92641460095,40008.179150434225,9564.278214386854,22493.08671483254,32057.364929219395,18816.155970916854,10197.667979521753,29013.823950438607,6583.619592012408,24249.672000032733,10473.940800053917,6583.619592,24249.672000000002,10473.940799999998,1.240823621628806e-08,3.273089532740414e-08,5.391848389990628e-08,213993.67907887642,1752.6279491621665,9226.396016018449,4176.0,2397.46,1159.37,0.0,0,mef_soft,0.2,259770.72378,259770.7230688105,0.000711189495632425
M2__S1__D1__start001__ndays366__20260326T074443Z,M2,S1,D1,310,2024-11-05,True,True,False,0.009657696286703182,True,True,259213.00707495646,0.0,259213.00707495646,454319.3248397017,454319.3248397017,0.0,2342316.240316545,83.75478984462106,0.4159249712228627,8710.726319184554,33439.17281536485,10625.914778180644,0.1322863873726294,0.0,0.2034800209087343,434497.8701580644,394437.6910733639,294748.16959339485,159.14091121850618,2222.2911824042476,2381.4320936227537,0.0,0.0,0.0,39014.87935189814,30662.988674250442,27778.639780248064,2773403.343870168,12852.698332629872,4493.194984423427,0.0,2790749.2371872216,5500.901680708049,33513.97767054238,39014.879351250434,4205.583638729432,26457.40503535545,30662.98867408488,14073.460939643373,13705.17884042715,27778.639780070524,6583.619591986536,24249.6720000355,10473.940800002827,6583.619592,24249.672000000002,10473.940799999998,-1.346415956504643e-08,3.5499397199600935e-08,2.828528522513807e-09,245120.8802179413,1701.6894069582665,8833.607450056885,0.0,2397.46,1159.37,0.0,0,mef_soft,0.2,297129.60182,297129.6016870176,0.0001329823862761259
M2__S1__D1__start001__ndays366__20260326T074443Z,M2,S1,D1,311,2024-11-06,True,True,False,0.00877401311995575,True,True,258205.90195616952,0.0,258205.90195616952,609846.5769294143,600005.4783058616,9841.098623552767,2254775.192460834,78.98243166454112,0.38957504129898357,5760.917636865178,36162.48368048826,10756.977408845842,0.1502306881282982,1.347082808756538e-06,0.648906520514981,446703.800285249,336715.4818566282,259086.8123196937,163.16805090906303,2356.8998044559494,2520.0678553650123,0.0,0.0,0.0,39439.9276081194,31438.930807133707,29461.247537372656,2825248.1656901147,13177.94223873946,4765.356792143255,0.0,2843191.4647209975,3640.754629779442,35799.172978165676,39439.927607945116,427.8442082567925,31011.086598723323,31438.93080698011,13529.323233966172,15931.924303256637,29461.247537222807,6583.619592396517,24249.672004269167,10473.94081859198,6583.619592,24249.672000000002,10473.940799999998,3.965169526054524e-07,4.269164492143318e-06,1.8591981643112376e-05,242155.29347033723,1733.1017631198888,9368.676722712398,1392.0,2397.46,1159.37,0.0,0,mef_soft,0.2,261606.88053999998,261606.88017505873,0.00036494125379249454
M2__S1__D1__start001__ndays366__20260326T074443Z,M2,S1,D1,312,2024-11-07,True,True,False,0.005612911557653764,True,True,238295.2204742176,0.0,238295.2204742176,667521.7905777802,657579.7796957896,9942.0108819907,2154341.956690099,76.61457745474223,0.3984277299330048,10805.392003499286,17630.66138997874,5536.355150763445,0.17103576457476172,0.17038923786934684,0.7074725168625692,357726.4121595983,314016.6637593296,246066.7994824805,166.71901841340386,2262.032835095494,2428.751853508898,0.0,0.0,0.0,38651.23796431405,32123.12493076134,28275.410321442985,2782229.719894679,13464.729047815483,4573.547638458702,0.0,2800267.996580953,2680.035469974123,35971.20249418427,38651.23796415838,3339.0296285208415,28784.09530216552,32123.12493068636,18348.673191088757,9926.737130305679,28275.410321394436,6583.6195943543535,24249.67201115033,10473.940936069514,6583.619592,24249.672000000002,10473.940799999998,2.354353455302771e-06,1.1150328646181151e-05,0.00013606951506517362,224044.8358653906,1701.9740893224377,8991.580519504589,0.0,2397.46,1159.37,0.0,0,mef_soft,0.2,248495.55154000001,248495.5513359894,0.00020401060464791954
M2__S1__D1__start001__ndays366__20260326T074443Z,M2,S1,D1,313,2024-11-08,True,True,False,0.007473201533627857,True,True,280452.18117320765,9.293953672015203e-07,280452.18117320765,411151.05536459235,406332.560973045,4818.494391547311,2397132.6211281675,85.50606001575177,0.38817992606135826,10455.763386549208,22899.88042492671,7097.863355387631,0.09258086041272688,4.079042076781347e-09,0.5052043775265406,422616.4603251766,359179.7478388598,270467.51803072385,155.62460437958447,2261.0731961979664,2416.697800577551,3.27560267971616e-07,3.015330553706476e-07,3.003020438592568e-07,39264.37158834039,29985.472916719675,28263.41508861313,2775971.079223454,12568.710823072568,4571.607368562934,0.0,2793111.3974150894,2360.670449582889,36903.70113849829,39264.37158808118,1738.0397771935723,28247.433139291144,29985.472916484716,13640.42251619488,14622.992572184423,28263.415088379305,6583.619592017205,24249.672000190374,10473.940800193323,6583.619592,24249.672000000002,10473.940799999998,1.7204911273438483e-08,1.9037179299630225e-07,1.9332401279825717e-07,267357.39702958084,1709.558188739916,8987.765954886918,0.0,2397.46,0.0,0.0,0,mef_soft,0.2,272884.21584,272884.2158313014,8.698611054569483e-06
M2__S1__D1__start001__ndays366__20260326T074443Z,M2,S1,D1,314,2024-11-09,True,True,False,0.006165896966086583,True,True,198725.39364331623,0.0,198725.39364331623,695506.3789109305,692516.0056041873,2990.3733067432354,1828827.4775334168,72.5338491072066,0.3775685449664666,8260.219378477565,24573.40236038898,12373.951638751043,0.20680778014262588,0.35596893301333055,0.5739560210763865,278932.2664301336,204756.42539716873,143744.71348560025,132.45054131453324,2001.3701263262494,2133.8206676407826,0.0,0.0,0.0,35315.6556243862,25520.335509237866,25017.126575228296,2494945.6396517204,10697.103833795714,4046.520224165885,0.0,2509689.263709682,4084.7461586676764,31230.909465643694,35315.655624311374,5581.137569580984,19939.197939481954,25520.33550906294,15908.066808113465,9109.059767078881,25017.126575192346,6583.619592078671,24249.672000396524,10473.940804254917,6583.619592,24249.672000000002,10473.940799999998,7.867129170335829e-08,3.9652150007896125e-07,4.254918167134747e-06,186846.60777334502,1525.8796178243035,7955.446252146842,0.0,2397.46,0.0,0.0,0,mef_soft,0.2,145878.53434,145878.53415324102,0.0001867589890025556
M2__S1__D1__start001__ndays366__20260326T074443Z,M2,S1,D1,315,2024-11-10,True,True,False,0.009436113485975787,True,True,176796.0791467688,0.0,176796.0791467688,481320.94433535775,481226.5982152609,94.34612009689924,2016439.0396923153,80.73294555878145,0.3810394542622726,7747.482706683021,21099.8253682124,9923.3061138965,0.15454797911425483,0.40026148905938735,0.2668279428789773,239044.99669139425,168446.9467986065,135763.2687556547,143.71151292192437,1950.940616106741,2094.652129028665,0.0,0.0,0.0,34575.991600843496,27690.079561394217,24386.75770534923,2475727.8944834354,11606.57374881637,3944.558058192226,0.0,2491279.0262904437,3673.9276781356775,30902.063922387628,34575.9916005233,7441.90826791766,20248.17129318449,27690.079561102153,12171.121477595912,12215.63622747332,24386.75770506923,6583.619592067952,24249.672000375584,10473.940800535627,6583.619592,24249.672000000002,10473.940799999998,6.795198714826256e-08,3.7558129406534135e-07,5.356287147151306e-07,158406.77036585333,1509.4898318911453,7754.988949024297,5568.0,2397.46,1159.37,0.0,0,mef_soft,0.2,137857.92152,137857.92088468335,0.0006353166536428034
M2__S1__D1__start001__ndays366__20260326T074443Z,M2,S1,D1,316,2024-11-11,True,True,False,0.001232440718805887,True,True,98438.23551424115,0.0,98438.23551424115,1316901.392753637,1297567.416859407,19333.975894229883,1440832.7294192067,52.615857889769906,0.36510019325999005,6781.777853133436,22616.640548296546,10005.2057941789,0.43756892023429317,0.5919116729448247,0.567493764882913,140735.5394383923,90225.20713466626,91876.43717845541,170.60452576483613,2276.005523637989,2446.610049402825,0.0,0.0,0.0,37228.7089616747,32820.31295819556,28450.06904362884,2711721.5925418576,13778.53430052763,4601.798668136439,0.0,2730101.9255105215,10035.45731450752,27193.25164747506,37228.708961982586,13210.695849200105,19609.61711002293,32820.31295922303,12274.770935494857,16175.298109038218,28450.069044533077,6583.619592284661,24301.13664640424,10473.940802645178,6583.619592,24249.672000000002,10473.940799999998,2.8466092771850526e-07,51.46464640423801,2.645179847604595e-06,84174.28751529248,1659.9960424876945,9047.121956461007,0.0,2397.46,1159.37,0.0,0,mef_soft,0.2,94323.047516,94323.04722785823,0.00028814177494496107
M2__S1__D1__start001__ndays366__20260326T074443Z,M2,S1,D1,317,2024-11-12,True,True,False,0.009917831935320066,True,True,66898.55890402272,4.521921527959201e-07,66898.55890402272,1074762.969528889,1062832.2357203704,11930.733808518708,1795196.504949536,62.81240210792114,0.5042967285847969,8273.214914018556,23838.86667859687,11884.55952140555,0.2984992550228756,0.7560903792193431,0.7863633393482576,156244.24657879607,172454.23884410402,143044.40360196185,174.86448787186038,2263.232828465507,2438.0973163373674,4.521921527959201e-07,0.0,0.0,39044.45431103918,33744.04419582097,28290.410359782007,2822953.695236716,14122.581644848564,4575.973875090606,0.0,2841652.250756655,6628.790837823529,32415.663473357014,39044.45431118054,22333.308305373102,11410.735892255532,33744.04419762864,20181.34421428028,8109.066147309281,28290.410361589566,6583.619592105053,24249.672000248505,10473.940800142294,6583.619592,24249.672000000002,10473.940799999998,1.0505300451768562e-07,2.4850305635482073e-07,1.4229590306058526e-07,52620.58931155312,1724.7890993192075,8996.35049315039,0.0,2397.46,1159.37,0.0,0,mef_soft,0.2,145482.50094,145482.50091829922,2.170077641494572e-05
M2__S1__D1__start001__ndays366__20260326T074443Z,M2,S1,D1,318,2024-11-13,True,True,False,0.0067795817960262,True,True,66924.69121001456,0.0,66924.69121001456,2118229.3321218,2118229.3321218,0.0,600443.43004398,22.085903033274512,0.41487129641765313,7659.463889763204,22536.00571400803,11534.689617069538,0.7617809591765735,1.1552058587341409e-07,0.10209757408911892,67805.30316210288,36359.09542651272,29770.641637282013,177.30423112342237,2339.762026672599,2517.066257796021,0.0,0.0,0.0,37595.063014844935,34162.66495005508,29247.02531968396,2693485.209320305,14319.62264316908,4730.706347739006,0.0,2712535.538311213,36130.42888854121,1464.6341249857235,37595.06301352694,14817.67734861431,19344.98760046233,34162.66494907664,10529.124549081054,18717.900771466993,29247.025320548044,6583.619592441509,24249.672004332846,10473.940812790039,6583.619592,24249.672000000002,10473.940799999998,4.415087460074574e-07,4.332843673182651e-06,1.2790040273102932e-05,52381.30322752944,1686.003926461552,9300.55405602358,0.0,2397.46,1159.37,0.0,0,mef_soft,0.2,32287.708042,32287.707895078034,0.0001469219641876407
M2__S1__D1__start001__ndays366__20260326T074443Z,M2,S1,D1,319,2024-11-14,True,True,False,0.00908042090417254,True,True,207421.300747415,2.3881210104184248e-06,207421.300747415,960412.3176399714,960412.3182211703,-0.0005811989428385734,1791091.8869192456,65.0950081621933,0.4322278641286865,5913.13843722429,37793.6816486821,17543.240400153198,0.2913034961717941,0.24264251313515076,0.17763103756514453,231407.55833951742,241643.24235074306,177466.12273014913,175.77780761548888,2358.748229294515,2534.526036910004,9.926467676332736e-07,7.234403992981622e-07,6.720338434869889e-07,37418.652685216744,33868.55638399832,29484.35287786984,2719196.8359264927,14196.344092547195,4769.0940761463835,0.0,2738162.274095186,14040.94833315382,23377.70435249371,37418.652685647525,6534.34265260599,27334.213732070522,33868.556384676514,3962.805591656688,25521.547286945482,29484.352878602174,6583.619592357269,24249.6720004565,10473.940802020048,6583.619592,24249.672000000002,10473.940799999998,3.5726861824514344e-07,4.5649721869267523e-07,2.020049578277394e-06,192808.39444187033,1680.0520956171026,9376.024211445698,0.0,2397.4599984818556,1159.37,0.0,0,mef_soft,0.2,180000.64876,180000.64876705915,-7.05913407728076e-06
M2__S1__D1__start001__ndays366__20260326T074443Z,M2,S1,D1,320,2024-11-15,True,True,False,0.0015679220764775045,True,True,240147.47919959546,1.640231283210977e-06,240147.47919959546,764784.6366026216,764784.6367619303,-0.0001593087944471002,1940568.3638517105,71.73068961468398,0.5060961726139709,7574.119559452894,24499.889153869834,9958.087454994695,0.22738745816090833,0.06401128370770157,0.20640783812110874,310213.85212365154,277349.36801298626,168167.0429164765,167.79845504873435,2346.2200860094717,2514.018541058206,6.408347086496187e-07,5.030299533146094e-07,4.963666212467489e-07,36845.75390141743,32331.10887344967,29327.7510768477,2674981.844877946,13551.907595041372,4743.763736412662,0.0,2693277.5162094003,10613.814951856635,26231.938949585852,36845.753901442484,4259.081330222628,28072.027543389715,32331.108873612342,6195.126759331831,23132.624317683207,29327.751077015033,6583.619592283825,24249.672000607126,10473.940800466306,6583.619592,24249.672000000002,10473.940799999998,2.8382510208757594e-07,6.071240932215005e-07,4.6630702854599804e-07,225614.07774421817,1650.3466134896005,9326.22484188765,0.0,2397.46,1159.37,0.0,0,mef_soft,0.2,170681.06146,170681.0614575347,2.465298166498542e-06
M2__S1__D1__start001__ndays366__20260326T074443Z,M2,S1,D1,321,2024-11-16,True,True,False,0.00948870172868132,True,True,186003.87325257433,1.4837490510956235e-06,186003.87325257433,690675.0633379349,687611.2792818495,3063.78405608534,1655591.512835383,70.65506743184831,0.4753512706033871,9917.320484707196,15129.393889561317,5486.630460257879,0.22684732098078353,0.9999999879958332,0.8345241795316519,254893.5133842108,170673.97988530935,117404.40204928756,144.31398419201497,1928.0408874926316,2072.3548716846467,5.648569866399712e-07,4.5979704543894645e-07,4.590950190167058e-07,31847.816340333135,27806.162657724693,24100.51109259809,2316515.668672911,11655.23113948011,3898.257669419645,0.0,2332069.1574818105,2220.456258667878,29627.360081704315,31847.816340372192,6128.95137061908,21677.21128725831,27806.16265787739,11686.276853765914,12414.234238986133,24100.511092752044,6583.619592223585,24249.672000459777,10473.940801681973,6583.619592,24249.672000000002,10473.940799999998,2.2358472051564604e-07,4.5977503759786487e-07,1.6819740267237648e-06,173366.67144598422,1416.409278806945,7663.962527783211,0.0,2397.46,1159.37,0.0,0,mef_soft,0.2,119476.75692,119476.7569209722,-9.72198904491961e-07
M2__S1__D1__start001__ndays366__20260326T074443Z,M2,S1,D1,322,2024-11-17,True,True,False,0.009981678802853113,True,True,188792.20472347617,7.759950464881331e-07,188792.20472347617,505423.35614071233,500323.09092784807,5100.265212864267,1759927.6454683007,77.86426599176394,0.41981479095273544,11677.989706914997,24426.587320216717,10186.05109988452,0.17546862052655646,0.6041551422341432,0.1280172009892819,280008.5872724759,188941.14090895306,85799.39424758812,141.19178111501154,1950.8570179951596,2092.0487991101713,0.0,0.0,7.759950464881331e-07,29892.32548696515,27204.582102813594,24385.71272723404,2237697.8260836983,11403.072634342469,3944.389033289122,0.0,2253045.28775133,2917.7567908128985,26974.5686963365,29892.325487149403,21132.779845001693,6071.802258519912,27204.582103521607,11728.871492384356,12656.841234806392,24385.712727190745,6583.619592107413,24249.672000516446,10473.940800242626,6583.619592,24249.672000000002,10473.940799999998,1.0741314326878637e-07,5.164438334759325e-07,2.426277205813676e-07,173347.54343954634,1349.174637399059,7754.656646530759,2784.0,2397.46,1159.37,0.0,0,mef_soft,0.2,87891.443072,87891.44304669829,2.5301706045866013e-05
M2__S1__D1__start001__ndays366__20260326T074443Z,M2,S1,D1,323,2024-11-18,True,True,False,0.009693400711237409,True,True,264349.4699829031,0.0,264349.4699829031,625772.9263292102,622105.4982010674,3667.4281281427357,1906980.7035556943,75.40196543048083,0.3434314057228402,11116.59850056321,23068.192778251763,9813.287595817794,0.19599592570008137,0.8212141013044651,0.5046645751062497,390681.1233484566,298377.35340485757,169459.0674630275,161.9859208486718,2439.822469669529,2601.8083905182007,0.0,0.0,0.0,33135.694881808886,31211.160086398762,30497.780865750654,2503178.479246732,13082.469861836082,4933.016055863924,0.0,2521193.965164432,945.1263351530638,32190.568546531067,33135.69488168413,24170.730079345587,7040.43000695778,31211.160086303367,10737.739524181508,19760.04134151685,30497.78086569836,6583.61959211275,24249.67200061045,10473.940805557733,6583.619592,24249.672000000002,10473.940799999998,1.1275005817878991e-07,6.104492058511823e-07,5.557734766625799e-06,243998.78162551444,1527.5640404522917,9698.294316936377,5568.0,2397.46,1159.37,0.0,0,mef_soft,0.2,172060.87634,172060.8758535457,0.000486454286146909
M2__S1__D1__start001__ndays366__20260326T074443Z,M2,S1,D1,324,2024-11-19,True,True,False,0.004326536502032039,True,True,184373.99523484835,9.766210443498968e-07,184373.99523484835,1184393.0016165017,1184392.9774488113,0.024167690388444178,1322166.0338938013,52.748250805617246,0.3850065247920648,4689.010609606881,33205.789601855075,10831.276443676283,0.4359068691783063,0.15541386033321852,0.3041945720783527,269735.5413160312,123770.52337148106,144195.2702262489,155.35465709156762,2445.715849770423,2601.070506861991,3.8170442864379746e-07,2.897216612861239e-07,3.0519495441997547e-07,34121.69498722357,29933.459890234746,30571.448093179024,2480370.4356671525,12546.90906869007,4944.931733754574,0.0,2497862.276469597,14506.493882329,19615.20110451286,34121.69498684186,14739.018312142027,15194.441577802998,29933.459889945025,11989.965433122736,18581.48265975109,30571.448092873827,6583.619603455034,24249.672051240224,10473.94083472812,6583.619592,24249.672000000002,10473.940799999998,1.145503392763203e-05,5.1240222092019394e-05,3.4728122045635246e-05,166757.93406984612,1553.5106621648256,9721.720502837432,2784.0,2397.46,1159.37,0.0,0,mef_soft,0.2,146796.34166,146796.34073311088,0.0009268891299143434
M2__S1__D1__start001__ndays366__20260326T074443Z,M2,S1,D1,325,2024-11-20,True,True,False,0.009539738568902187,True,True,78603.6630995936,6.899699923829813e-06,78603.6630995936,1714976.2566421772,1704517.263336815,10458.993305361731,902087.2891168963,34.60775391755232,0.5367520192749654,8709.135240641885,23058.800961843877,12012.259874132738,0.5925978703867585,0.736868881392214,0.4615548352144419,84355.3367925761,57411.30303962812,70545.01997803483,162.09081172033058,2420.5592230364496,2582.6500347567803,2.857152405524064e-06,2.273824820814856e-06,1.7687226974908937e-06,34995.56838047884,31231.370321290888,30256.990318004217,2576073.220849802,13090.941163910167,4894.068179076821,0.0,2594058.230192789,20095.090803211093,14900.477580507224,34995.56838371832,16694.210494155683,14537.15983102353,31231.370325179214,12001.195257846835,18255.795064566413,30256.99032241325,6583.619595045629,24249.671999737086,10473.940801786983,6583.619592,24249.672000000002,10473.940799999998,3.045628545805812e-06,-2.629167283885181e-07,1.7869842849904671e-06,63836.712090973124,1588.3980970506052,9621.722911569886,0.0,2397.46,1159.37,0.0,0,mef_soft,0.2,73127.670002,73127.67001279161,-1.0791613021865487e-05
M2__S1__D1__start001__ndays366__20260326T074443Z,M2,S1,D1,326,2024-11-21,True,True,False,0.009175977479616865,True,True,39701.77058946736,0.0,39701.77058946736,2278763.976969312,2276415.58384352,2348.393125791798,399590.43869355106,14.932344521209519,0.357801066506612,4007.5443337635775,20496.276802948818,8424.911176325093,0.8076468529287778,0.8428255585080943,0.8289645480694607,32810.6946561432,31071.984067878566,19689.827797621416,159.6497642507166,2582.2638849788273,2741.913649229544,0.0,0.0,0.0,36843.87308928929,30761.033572218235,32278.298562997003,2649278.655696431,12893.79483301966,5221.014792479184,0.0,2667393.46532193,27339.06706039313,9504.806026974273,36843.8730873674,22735.110363584856,8025.923208090142,30761.033571674998,23382.062417987327,8896.236144579116,32278.298562566444,6583.6195919626525,24249.672000353552,10473.940800567016,6583.619592,24249.672000000002,10473.940799999998,-3.7347490433603525e-08,3.5354969440959394e-07,5.670171958627179e-07,22825.843596946524,1662.598049729987,10264.49894279084,1392.0,2397.46,1159.37,0.0,0,mef_soft,0.2,22431.741456,22431.74144685096,9.149040124611929e-06
M2__S1__D1__start001__ndays366__20260326T074443Z,M2,S1,D1,327,2024-11-22,True,True,False,0.009873085997337237,True,True,172517.92282368717,0.0,172517.92282368717,1261418.2658013753,1259177.4460472432,2240.8197541320947,1440212.49872678,53.3532586321961,0.5037941887619601,7093.4406303227925,35143.010914409104,15656.206985575727,0.40510001699363324,0.2554159262909149,0.2735765344847726,204744.16680330332,186322.65416049198,156205.50714347,171.84541799824117,2465.4962712163774,2637.341689214619,0.0,0.0,0.0,36637.4170413996,33110.87050941608,30818.703350531126,2667118.424615017,13878.752487541598,4984.925273997247,0.0,2685982.102376556,21905.03970964323,14732.377341701773,36637.41705134501,17047.38070277501,16063.489825942046,33110.87052871706,14449.114089911542,16369.589280819006,30818.703370730545,6583.619598458152,24249.67200528317,10473.940833778677,6583.619592,24249.672000000002,10473.940799999998,6.458151801780332e-06,5.28316741110757e-06,3.3778678698581643e-05,157501.66153209098,1659.0836135111058,9800.347678085102,0.0,2397.46,1159.37,0.0,0,mef_soft,0.2,158842.8492,158842.8488326846,0.0003673153987620026
M2__S1__D1__start001__ndays366__20260326T074443Z,M2,S1,D1,328,2024-11-23,True,True,False,0.008330759450490086,True,True,141309.89743982104,0.0,141309.89743982104,471374.1802428992,471374.1802428992,0.0,2052227.6131044396,81.32137243341937,0.3796602348855604,5484.202969985937,27923.067343660325,11329.016286267082,0.15645316548308236,0.06639385459623674,0.023841345453546405,225745.20880833248,95191.49223966288,104721.77054990295,154.50342854191507,2279.871070513673,2434.3744990555883,0.0,0.0,0.0,33321.33532311418,29769.44674166616,28498.388413279696,2500613.3506577397,12478.161292421877,4609.614320709072,0.0,2517701.1262708707,6170.470659611487,27150.864662974367,33321.33532258585,9193.082122294963,20576.364618980442,29769.446741275402,3120.5627216957632,25377.82569124608,28498.388412941844,6583.619591977136,24249.672001344796,10473.940800798919,6583.619592,24249.672000000002,10473.940799999998,-2.2863787307869643e-08,1.34479341795668e-06,7.989201549207792e-07,120220.27736717256,1510.3025673565878,9062.48750529185,6960.0,2397.46,1159.37,0.0,0,mef_soft,0.2,107156.145012,107156.14504895854,-3.6958546843379736e-05
M2__S1__D1__start001__ndays366__20260326T074443Z,M2,S1,D1,329,2024-11-24,True,True,False,0.0068972046153172204,True,True,19191.24890392123,0.0,19191.24890392123,1156722.6194154164,1148011.0862770716,8711.533138344763,1320154.6679109787,53.48727757327094,0.386899679293212,5101.816375424194,19449.707339114666,8261.991628340387,0.42153740379753296,0.7179953169892456,0.35976762713501326,99367.36073048011,82581.82221388171,81016.11328250317,151.2427006376503,2225.061796604339,2376.3044972419893,0.0,0.0,0.0,33720.14492522378,29141.17545919969,27813.272453421538,2442803.301421174,12214.815105833815,4498.796820073421,0.0,2459516.9133470813,8310.229494705985,25409.91543264226,33720.14492734824,7712.775706675309,21428.39975492026,29141.175461595572,6514.297182991082,21298.975272712458,27813.272455703536,6583.619592548925,24249.67200241895,10473.940804811198,6583.619592,24249.672000000002,10473.940799999998,5.489246177603491e-07,2.4189466785173863e-06,4.811199687537737e-06,5274.959853629032,1514.8384087899485,8844.62064150225,0.0,2397.46,1159.37,0.0,0,mef_soft,0.2,83392.417904,83392.41777974516,0.00012425484601408243
M2__S1__D1__start001__ndays366__20260326T074443Z,M2,S1,D1,330,2024-11-25,True,True,False,0.009956887166119867,True,True,28593.31719767148,0.0,28593.31719767148,2087084.5644300694,2083896.44287164,3188.1215584294728,667318.6414116952,24.255415188141324,0.513913820974541,9085.986157953446,37591.495808978936,16868.567983242727,0.6992300350810741,0.25000019166614496,0.14921174727799202,61679.56678084715,73526.8783955597,37223.16798152887,170.60452576304158,2624.784448873418,2795.38897463646,0.0,0.0,0.0,36917.7597640093,32713.50423144347,32809.80559955673,2717798.7245457955,13778.534300447565,5306.986057744739,0.0,2736884.2449039877,33844.88811249567,3072.8716475459673,36917.759760041634,14263.13573822756,18450.36849123006,32713.50422945762,6784.954504638944,26024.851093858055,32809.805598497,6583.6195927553135,24407.945374279698,10473.940814946007,6583.619592,24249.672000000002,10473.940799999998,7.553135219495744e-07,158.27337427969542,1.494600837759208e-05,12921.19369125682,1681.7753221428206,10433.518184271838,0.0,2397.46,1159.37,0.0,0,mef_soft,0.2,40018.557108,40018.55695616533,0.0001518346689408645
M2__S1__D1__start001__ndays366__20260326T074443Z,M2,S1,D1,331,2024-11-26,True,True,False,0.0027074223121843306,True,True,354129.3511705355,9.878712101292353e-07,354129.3511705355,273413.68113020284,272709.4846680484,704.1964621544803,2383424.6216883054,89.73284202723681,0.33537101607329056,7904.621286780213,24365.97263180382,9932.57117132703,0.0623468835332988,0.23300310308345268,0.6383858959143123,499703.49998926785,391118.787906295,282793.46782189806,162.74086416424427,2630.2889169398386,2793.0297811040828,3.573434677243165e-07,3.137436177368828e-07,3.167841246680359e-07,36096.47271557205,31514.894596844424,32878.61147698044,2630789.3221269473,13143.44135319575,5318.115403937727,5.555321326131921e-06,2649250.878889636,1660.0624119569416,34436.4103032569,36096.47271521384,12688.130992662173,18826.763603869094,31514.894596531267,16481.65442203785,16396.957054626215,32878.61147666406,6583.61959200626,24249.672000027895,10473.940800031367,6583.619592,24249.672000000002,10473.940799999998,6.260052032303065e-09,2.7892383513972163e-08,3.1368472264148295e-08,334295.5977040358,1645.5250243048479,10455.39844483586,4176.0,2397.459997998375,1159.3699993606529,0.0,0,mef_soft,0.2,285586.4976,285586.4976030021,-3.002118319272995e-06
M2__S1__D1__start001__ndays366__20260326T074443Z,M2,S1,D1,332,2024-11-27,True,True,False,0.009136350778405102,True,True,289991.3545537546,0.0,289991.3545537546,530031.933437563,529597.601963128,434.33147443519346,2133408.690709842,80.11279194419218,0.37618929737603696,9377.496616294373,20302.306435684077,11428.001021135211,0.14149138446389137,0.4142607069328714,0.2854251800954263,483093.3897248398,322639.84252496075,267845.2425332557,167.1762737133419,2506.679308881681,2673.855582595023,0.0,0.0,0.0,35522.706353434856,32211.22807577191,31333.491360631153,2634245.6841357155,13501.658360254769,5068.192227656416,0.0,2652815.534723627,2164.43985022152,33358.26650327853,35522.70635350005,9338.484340493871,22872.743734784213,32211.228075278086,13084.728231726385,18248.763129021518,31333.491360747903,6583.61959219286,24249.672000394545,10473.940800644128,6583.619592,24249.672000000002,10473.940799999998,1.9286017050035298e-07,3.9454243960790336e-07,6.441296136472374e-07,274850.480691911,1619.9936090390127,9964.050252804684,0.0,2397.46,1159.37,0.0,0,mef_soft,0.2,270519.09816,270519.09811585076,4.414923023432493e-05
M2__S1__D1__start001__ndays366__20260326T074443Z,M2,S1,D1,333,2024-11-28,True,True,False,0.0067945467589404455,True,True,279158.10165435006,0.0,279158.10165435006,575845.9988930258,573521.9702109889,2324.0286820368933,2109850.3097981215,78.62682064342404,0.4030388213680725,7674.932143928311,26900.532712905988,12673.123279389818,0.17425498501362913,0.05836135733727006,0.14300650555436278,464076.25854390534,306054.5048061331,291554.450194541,175.2671056775685,2374.529036004601,2549.7961416821695,0.0,0.0,0.0,36500.675870133644,33770.15523718443,29681.612950882187,2657012.38444814,14155.098268941512,4801.000894672008,0.0,2675968.4836117537,7202.973119628883,29297.702750124405,36500.67586975329,9473.430904033094,24296.72433285028,33770.15523688337,5115.803442519355,24565.809508081948,29681.612950601302,6583.619592004591,24249.672000046266,10473.940800048835,6583.619592,24249.672000000002,10473.940799999998,4.591129254549742e-09,4.6264176489785314e-08,4.8836227506399155e-08,264512.4476452209,1650.0710910109012,9438.75291811829,0.0,2397.46,1159.37,0.0,0,mef_soft,0.2,294104.24564,294104.2463362232,-0.0006962232291698456
M2__S1__D1__start001__ndays366__20260326T074443Z,M2,S1,D1,334,2024-11-29,True,True,False,7.81566428521828e-06,True,True,312846.46206883504,0.0,312846.46206883504,440343.57015860855,440343.57015860855,0.0,2513592.007019176,85.09298667307712,0.4124430187328407,10123.75161952538,23674.97508672744,10941.630863359793,0.11159004651333859,0.34607178061363925,0.1497953708154001,482685.4544235637,356556.84436618874,317902.6099209114,180.2117810640716,2385.03747985254,2565.2492609166115,0.0,0.0,0.0,40662.55554719988,34722.8865245089,29812.968498321872,2927643.6443285504,14554.445115624181,4822.247654579873,0.0,2947020.3370987545,2631.2233340186094,38031.332212885085,40662.5555469037,8927.047372070861,25795.839152199915,34722.886524270776,5777.068631744834,24035.899866355645,29812.968498100476,6583.619592043177,24249.67200035923,10473.940800135415,6583.619592,24249.672000000002,10473.940799999998,4.3177351471967995e-08,3.592285793274641e-07,1.3541648513637483e-07,298012.4647392017,1796.6433472196402,9480.523982413846,0.0,2397.46,1159.37,0.0,0,mef_soft,0.2,320467.85928,320467.859181828,9.817199315875769e-05
M2__S1__D1__start001__ndays366__20260326T074443Z,M2,S1,D1,335,2024-11-30,True,True,False,0.0004816055254270883,True,True,269733.07284626795,9.87753092277152e-07,269733.07284626795,532057.0683602348,532057.0641297839,0.004230450875223029,2186877.337125271,80.43141225164581,0.33450133004129173,10719.677934347808,20608.453021800586,8334.351530277081,0.15352459300395924,0.7208845606883437,0.4451412344912104,379920.2176077093,255491.54759206297,194868.91011078533,158.79168402228228,2080.4107308045573,2239.2024148268397,3.7827878179088064e-07,3.559192147916781e-07,2.5355509569459306e-07,37778.49976228819,30595.69964640946,26005.13412020658,2694920.787368995,12824.49369456259,4206.330446345464,0.000765603926206801,2711951.612275507,1456.616278777502,36321.88348306125,37778.49976183874,10529.592865017989,20066.106781049006,30595.69964606699,7090.343872919644,18914.79024704297,26005.13411996261,6583.619592435133,24249.67200282279,10473.940815233516,6583.619592,24249.672000000002,10473.940799999998,4.3513318814802915e-07,2.822787791956216e-06,1.5233517842716537e-05,256259.976943787,1646.630337388669,8269.632654948116,0.0023748798113257786,2397.460404246269,1159.3701005603518,3.0457888034890787e-05,0,mef_soft,0.2,197108.11266,197108.11252561217,0.00013438783935271204
M2__S1__D1__start001__ndays366__20260326T074443Z,M2,S1,D1,336,2024-12-01,True,True,False,0.0024734622848388145,True,True,298595.4846556226,0.0,298595.4846556226,221193.85717868485,209419.37820301834,11774.47897566653,2396031.0315686734,91.96225814094964,0.37282091335258283,9346.23116515581,24492.02954850208,9677.432009333692,0.027095232279820667,0.080058162073075,0.17458884101843133,424995.8981834123,314131.30402555736,187559.12660012598,158.96254988071973,2067.9843059498266,2226.946855830546,0.0,0.0,0.0,35781.260725715394,30628.622330114307,25849.80383823705,2578584.349186179,12838.293334876158,4181.205768594646,0.0,2595603.84828965,0.0005708696844762633,35781.260154580494,35781.26072545018,15396.563146307411,15232.059183559195,30628.622329866605,8285.301461970821,17564.502376016433,25849.803837987252,6583.619592167805,24249.67200084784,10473.940801678482,6583.619592,24249.672000000002,10473.940799999998,1.6780541045591235e-07,8.478382369503379e-07,1.6784833860583603e-06,278279.843021389,1578.5740180830564,8220.237616150562,6960.0,2397.46,1159.37,0.0,0,mef_soft,0.2,189786.0735,189786.07345595653,4.404346691444516e-05
M2__S1__D1__start001__ndays366__20260326T074443Z,M2,S1,D1,337,2024-12-02,True,True,False,0.00866770264892491,True,True,365420.69005256204,9.985316330149467e-07,365420.69005256204,386777.6556401561,384673.7425597259,2103.913080430199,2539207.49704275,86.843728898783,0.36346305418237623,10343.947105410405,27058.293645314905,10283.94330458252,0.09828633401358164,0.2986981654660017,0.2870026683099248,592975.6095385746,429051.0360439895,207497.01410564495,196.04467788298183,2454.3274943590027,2650.3721722419846,3.6787220287944553e-07,3.326433795776189e-07,2.980160505578823e-07,39023.53146700925,37773.541018961456,30679.09368143394,2896951.7365453728,15833.157453069776,4962.343402657621,0.0,2917747.2374011003,969.8747906579327,38053.65667600589,39023.53146666382,10939.29597775971,26834.245040891565,37773.541018651274,6532.934808638842,24146.158872509834,30679.09368114867,6583.619592008552,24249.672000038303,10473.940800026048,6583.619592,24249.672000000002,10473.940799999998,8.551978680770844e-09,3.8300640881061554e-08,2.604974724818021e-08,349182.11336865695,1766.4248938281546,9755.951790077035,0.0,2397.46,2318.74,0.0,0,mef_soft,0.2,210147.38627999998,210147.38627788692,2.113054506480694e-06
M2__S1__D1__start001__ndays366__20260326T074443Z,M2,S1,D1,338,2024-12-03,True,True,False,0.009225656040182505,True,True,307609.8845399353,0.0,307609.8845399353,845100.0619754462,845100.0619754462,0.0,2183250.75719133,72.09371990105268,0.3386478569738062,6106.455602455365,37194.93399041361,10399.458663828986,0.24214243330395738,0.0,0.1534980232839081,524445.5442081084,432241.04955904745,187585.34913259197,209.6510807998466,2665.9153527275594,2875.566433527406,0.0,0.0,0.0,40080.03427674377,40395.19861230125,33323.94190016081,2996338.1221158123,16932.051450493967,5390.147603815682,0.0,3018660.321170122,9149.544603884064,30930.48967319825,40080.03427708232,3076.530912572066,37318.66770017441,40395.19861274648,7913.394060509616,25410.547839979132,33323.941900488746,6583.619593704346,24249.672000990082,10473.940809216821,6583.619592,24249.672000000002,10473.940799999998,1.7043457773979753e-06,9.900795703288168e-07,9.216822945745662e-06,287675.3411212627,1837.3298915804046,10597.013527092051,2784.0,2397.46,2318.74,0.0,0,mef_soft,0.2,190460.9156,190460.9155661194,3.388061304576695e-05
M2__S1__D1__start001__ndays366__20260326T074443Z,M2,S1,D1,339,2024-12-04,True,True,False,0.0047323386188561955,True,True,259880.12584010552,0.0,259880.12584010552,884418.2700173714,877109.572551839,7308.697465532433,2035093.5613246348,69.88157995062981,0.487835708934148,10053.710671623376,23630.917869667155,10738.482848142245,0.23380484606426305,0.999999832388781,0.8929618851908782,360623.69498704735,270042.78291985986,263151.9787664733,201.24285736148542,2677.304283636748,2878.5471409982333,0.0,0.0,0.0,38289.525542769064,38775.11701327696,33466.3035254015,2877484.5829203594,16252.978052554157,5413.174598750271,0.0,2899150.735571664,1374.544556157021,36914.98099254751,38289.525548704536,17154.586734871038,21620.530284426462,38775.1170192975,21411.22949974423,12055.074031543785,33466.30353128802,6583.61959436366,24249.672012134553,10473.94082853992,6583.619592,24249.672000000002,10473.940799999998,2.3636603145860136e-06,1.213455107063055e-05,2.8539921913761646e-05,243912.58843053243,1768.4228821170284,10642.284527456075,0.0,2397.46,1159.37,0.0,0,mef_soft,0.2,266030.5259,266030.52590747154,-7.471535354852676e-06
M2__S1__D1__start001__ndays366__20260326T074443Z,M2,S1,D1,340,2024-12-05,True,True,False,0.00045515493760553926,True,True,342000.873647666,1.153438957904385e-06,342000.873647666,538853.2544097158,538290.2328314567,563.0215782589019,2525303.2304408406,82.42944962232372,0.3621908736551025,9551.557727743935,18673.55204444242,8854.464573701096,0.12465996814797636,0.58760318685667,0.293989903539395,464860.1701628641,397679.79524022405,338672.6804142948,203.51939044631848,2848.3118171464594,3051.831207592778,4.054202153727222e-07,3.7491341498996596e-07,3.731053275416967e-07,40691.535426753806,39213.75539448978,35603.89774234028,3031394.3846734893,16436.837707034,5758.930455296837,3.123251470234041e-06,3053590.152838943,732.6612230800632,39958.87420343804,40691.53542651811,29512.335748593578,9701.41964569434,39213.75539428792,16527.438110423573,19076.459631716472,35603.89774214005,6583.619592176265,24249.67200039288,10473.940800815733,6583.619592,24249.672000000002,10473.940799999998,1.7626462067710236e-07,3.9287624531425536e-07,8.157348929671571e-07,325254.41978179384,1867.5843947267747,11322.039473157176,0.0,2397.4599985616965,1159.3699994266556,0.0,0,mef_soft,0.2,341724.51162,341724.5116218876,-1.8876162357628345e-06
M2__S1__D1__start001__ndays366__20260326T074443Z,M2,S1,D1,341,2024-12-06,True,True,False,0.009352297285676924,True,True,308072.6457965852,0.0,308072.6457965852,566843.6165278832,558643.9863370307,8199.63019085255,2711358.3033571695,82.91609800709732,0.4246608728479963,8880.251526871989,18562.62001078216,8894.810989413209,0.1194149138961332,0.5733937346209398,0.4336284407472201,384598.7484642486,321635.75873511174,328258.65828412166,199.9555441395588,2813.035383942088,3012.990928081647,0.0,0.0,0.0,44054.95214796503,38527.07979607917,35162.94229954465,3237195.3190131024,16149.010767166314,5687.6059169237915,0.0,3259031.935697193,0.007107441119027878,44054.945040012135,44054.95214745325,22211.651860726844,16315.427934869593,38527.07979559644,11359.38724683716,23803.555052197167,35162.94229903433,6583.61959205656,24249.672000378276,10473.940800781613,6583.619592,24249.672000000002,10473.940799999998,5.655965651385486e-08,3.782733983825892e-07,7.816142897354439e-07,290201.4475051297,1973.1826402856618,11181.815651169802,0.0,2397.46,2318.74,0.0,0,mef_soft,0.2,331271.64924,331271.6492122033,2.779671922326088e-05
M2__S1__D1__start001__ndays366__20260326T074443Z,M2,S1,D1,342,2024-12-07,True,True,False,0.00942598347107275,True,True,35504.04943209328,0.0,35504.04943209328,2199595.5912646605,2199595.5912646605,0.0,668233.5076961045,23.30102264246698,0.3287450837456239,4531.353346154112,20991.461730898216,4465.638016427941,0.7286668187162895,0.8467829080933412,0.5005782870343853,65864.89954659341,49685.55188294998,63996.17216064528,173.15797783382806,2324.8230450559704,2497.9810228897986,0.0,0.0,0.0,39861.79588460522,33363.77222176302,29060.28806188873,2839990.0484575927,13984.758764765302,4700.501594297588,0.0,2858675.3088166555,23302.621688902516,16559.17419468602,39861.79588358854,23969.401306665528,9394.370914316303,33363.77222098183,20288.954123686388,8771.33393768343,29060.288061369814,6583.6195928324,24249.672001177754,10473.940801769873,6583.619592,24249.672000000002,10473.940799999998,8.323995643877424e-07,1.177751983050257e-06,1.7698748706607148e-06,16774.093742475554,1755.9540855202426,9241.171604097484,4176.0,2397.46,1159.37,0.0,0,mef_soft,0.2,66494.153726,66494.15318353508,0.000542464928003028
M2__S1__D1__start001__ndays366__20260326T074443Z,M2,S1,D1,343,2024-12-08,True,True,False,0.009463247971020688,True,True,13266.792054395884,0.0,13266.792054395884,2925215.356263075,2857651.9690180616,67563.38724501402,0.0,0.0,0.44337310148946757,6207.125892686828,16268.982183576054,17048.486690535374,0.9379557102338855,0.5514662701923732,1.0,0.0,0.0,0.0,165.96348550422837,2298.972267649334,2464.935753153562,0.0,0.0,0.0,39437.26278025909,31977.55019467069,28737.15334738655,2776373.046437853,13403.709939104501,4648.234553653497,0.0,2794424.990930611,39437.26278025909,0.0,39437.26278025909,21533.33306315805,10444.217131512643,31977.55019467069,19506.438600011323,9230.714747375223,28737.15334738655,6583.619592,24249.672,10473.940799999998,6583.619592,24249.672000000002,10473.940799999998,0.0,-3.637978807091713e-12,0.0,0.0,1730.9172904897803,9138.414763906103,0.0,2397.46,0.0,0.0,0,mef_soft,0.2,2469.5772954,2464.935753153562,4.6415422464378935
M2__S1__D1__start001__ndays366__20260326T074443Z,M2,S1,D1,344,2024-12-09,True,True,False,0.0086557771240426,True,True,54466.974290284146,3.123643702479506e-05,54466.974290284146,2349213.248860593,2349213.272290824,-0.023430230567386648,836513.7397611634,26.25817393004898,0.5367061470297342,8294.64248438683,37497.612379244405,18119.46704249964,0.6780843903554541,0.2854289831840351,0.35515955923313824,74275.73595721023,98926.69387824702,51508.16644558239,188.4377860905858,2737.9080886569577,2926.3458747475433,1.40974430002391e-05,1.088272563176786e-05,6.256268392788098e-06,43929.4217121527,36307.85858521305,34223.85104248792,3198697.3376556323,15218.802007883396,5535.707917840949,0.0,3219451.8475813568,37321.70836725405,6607.713330801207,43929.42169805526,16214.930249316601,20092.928325013723,36307.85857433033,18293.39547530978,15930.455560921877,34223.85103623165,6583.619593349755,24249.672003741805,10473.940858521193,6583.619592,24249.672000000002,10473.940799999998,1.3497547115548514e-06,3.7418030842673033e-06,5.8521194659988396e-05,33902.35843157553,1948.6012062972059,10883.184652411408,4176.0,2397.46,1159.37,0.0,0,mef_soft,0.2,54434.512495999996,54434.51232032994,0.00017567005852470174
M2__S1__D1__start001__ndays366__20260326T074443Z,M2,S1,D1,345,2024-12-10,True,True,False,0.00363724341411748,True,True,333984.02987997356,0.0,333984.02987997356,683341.6908956734,678760.3729700188,4581.317925654497,2520306.944140492,78.78255423574224,0.4572453278907042,7057.973984245564,36531.2607578079,9957.088213632267,0.15706785070939508,0.3070889436248809,0.39540661758308965,525966.9662870609,788536.962073676,455853.5464808659,194.44100022209594,3001.8654794945896,3196.3064797166858,0.0,0.0,0.0,43048.233067628185,37464.547252664226,37523.318545601825,3164549.3566975873,15703.639624909218,6069.396766452431,0.0,3186322.393088949,6779.048727484806,36269.18434079528,43048.23306828008,13843.138719693687,23621.408534131337,37464.547253825025,10562.622498633875,26960.696048174752,37523.31854680862,6583.619592012909,24249.67200040506,10473.940806129569,6583.619592,24249.672000000002,10473.940799999998,1.2909367796964943e-08,4.050561983603984e-07,6.12957046541851e-06,315152.40601586277,1950.37858311963,11932.415280990996,1392.0,2397.46,1159.37,0.0,0,mef_soft,0.2,459049.8533,459049.8529605826,0.00033941742731258273
M2__S1__D1__start001__ndays366__20260326T074443Z,M2,S1,D1,346,2024-12-11,True,True,False,0.004194641148444971,True,True,365299.9926440355,0.0,365299.9926440355,462823.46036865294,462823.46036865294,0.0,2690452.2279839856,85.3224549290695,0.37410107058969194,5479.026319419441,39906.78587233744,13846.784028790617,0.10855289733704997,1.6938319851229273e-08,0.06112683689550842,808390.3127625836,758300.183544779,507487.4030585359,203.77627499329273,2903.0398163515547,3106.8160913448473,0.0,0.0,0.0,42347.8085906827,39263.25144622641,36287.997709483476,3121672.3782183956,16457.584475180844,5869.583628685799,0.0,3143999.5463222624,4224.511471074909,38123.297119664785,42347.808590739696,6425.598561381606,32837.652884903044,39263.25144628466,8917.10041201139,27370.897297565774,36287.99770957716,6583.619592189558,24249.672000502193,10473.940800860284,6583.619592,24249.672000000002,10473.940799999998,1.8955779523821548e-07,5.021902325097471e-07,8.602855814388022e-07,349434.35798161116,1928.5913924270747,11539.58326999743,0.0,2397.46,0.0,0.0,0,mef_soft,0.2,510594.21916,510594.21914988075,1.0119227226823568e-05
M2__S1__D1__start001__ndays366__20260326T074443Z,M2,S1,D1,347,2024-12-12,True,True,False,0.009797834299268626,True,True,335209.5077549428,2.7426171521999885e-06,335209.5077549428,686703.2842645546,684838.8453400997,1864.438924454895,2363409.6948003545,77.53336592072823,0.5131687551081744,10261.072448595856,22145.62281435692,5641.492125223918,0.1721720691948072,2.424103184150787e-08,0.37772986221400606,653231.1479719502,497795.2830284823,430479.2447297434,198.01949572719542,2647.885388569302,2845.9048842964976,1.2563089101391454e-06,7.077741687191278e-07,7.785340733417154e-07,40884.690580318565,38154.04541962139,33098.56735652227,3016035.8928280305,15992.64967806634,5353.693270075881,0.0,3037382.235776173,8072.326798833363,32812.363781963824,40884.69058079719,1351.4974985830554,36802.547922073354,38154.04542065642,5741.721085061062,27356.846272423834,33098.56735748489,6583.619592427542,24249.672000484996,10473.940801240455,6583.619592,24249.672000000002,10473.940799999998,4.275416358723305e-07,4.849935066886246e-07,1.2404561857692897e-06,319278.1874552497,1849.1458801300557,10525.344419562976,0.0,2397.46,1159.37,0.0,0,mef_soft,0.2,433325.14962,433325.14961403987,5.960115231573582e-06
M2__S1__D1__start001__ndays366__20260326T074443Z,M2,S1,D1,348,2024-12-13,True,True,False,0.0054157813406377885,True,True,347680.9412187052,9.847673411008879e-07,347680.9412187052,590869.8402023045,584221.9152675674,6647.924934737006,2456142.33242655,80.78447621166922,0.4087964723056152,8995.293066409764,23593.51969990954,6892.6243320220065,0.1386603281686566,0.5722372680685074,0.5613940924583251,692701.0242536868,491072.04317121307,428695.02875111985,204.88589932038786,2630.001948905788,2834.887848226176,3.4713788715829276e-07,3.1712983021338623e-07,3.204996237292088e-07,40776.1729012137,39477.05189291679,32875.02436283869,3008072.2807235434,16547.201071124044,5317.535190443905,0.0,3029937.0169851114,25.94566486349632,40750.22723600336,40776.17290086686,10518.74483585262,28958.307056747333,39477.05189259996,17670.28259364796,15204.741768870537,32875.024362518496,6583.6195920113905,24249.672000060233,10473.940800044418,6583.619592,24249.672000000002,10473.940799999998,1.1390511645004153e-08,6.02303771302104e-08,4.4419721234589815e-08,332977.3746724269,1851.8487993779183,10454.25774690051,0.0,2397.46,0.0,0.0,0,mef_soft,0.2,431529.9166,431529.91659934603,6.539630703628063e-07
M2__S1__D1__start001__ndays366__20260326T074443Z,M2,S1,D1,349,2024-12-14,True,True,False,0.008873014613456508,True,True,291366.8344708722,1.1451349267968049e-06,291366.8344708722,446588.5890056974,446036.96286558855,551.626140108857,2304306.6256158156,83.78250031255669,0.3646737996506473,6414.052748081286,25287.50838135493,17003.579723211024,0.1239933186387114,9.779555117530638e-09,0.0009364864072645743,486106.0392556003,265799.49273173284,349713.42337624845,170.60452575210593,2007.825363071896,2178.429888824002,3.78427613294704e-07,3.7988546016435885e-07,3.868218533377418e-07,38456.0743927765,32481.308569590892,25097.81703849732,2725572.778746939,13778.534299470657,4059.571905960989,0.0,2743410.88495237,5682.351336233781,32773.723056305826,38456.07439253961,11016.36131370973,21464.947255658502,32481.308569368237,7878.778987568056,17219.03805070174,25097.8170382698,6583.619592134744,24640.141032356467,10473.94080036969,6583.619592,24249.672000000002,10473.940799999998,1.3474436855176464e-07,390.4690323564646,3.6969140637665987e-07,279311.81297854276,1676.4556741186734,7981.105818210785,0.0,2397.46,0.0,0.0,0,mef_soft,0.2,351891.85326,351891.85326507245,-5.072448402643204e-06
M2__S1__D1__start001__ndays366__20260326T074443Z,M2,S1,D1,350,2024-12-15,True,True,False,0.0032110282767238954,True,True,216260.47356504525,0.0,216260.47356504525,660056.4259141982,653484.548448146,6571.877466052187,2190974.1629951596,77.02604907502554,0.368352092275374,6640.62048002607,24621.298021708615,10645.193158468459,0.17662211824470878,0.7427801904031437,0.3740600385592764,296169.0456777666,206957.01548380454,231912.44849384626,165.81598396278787,2049.3740522485173,2215.190036211305,0.0,0.0,0.0,39289.28500687373,32339.598889336135,25617.17564653801,2816925.8746417677,13391.797271264804,4143.578161898756,0.0,2834461.250074931,2452.231326208454,36837.05368048838,39289.28500669684,10030.230977246365,22309.367912016278,32339.59888926264,6966.768911558541,18650.40673489822,25617.175646456762,6583.619592479776,24249.672001125153,10473.940807209476,6583.619592,24249.672000000002,10473.940799999998,4.797757355845533e-07,1.1251504474785179e-06,7.209477189462632e-06,200070.67166124276,1702.7104760551988,8146.261857687857,2783.9995700593845,2397.46,1159.37,0.0,0,mef_soft,0.2,234127.6386,234127.63853005756,6.994244176894426e-05
M2__S1__D1__start001__ndays366__20260326T074443Z,M2,S1,D1,351,2024-12-16,True,True,False,0.0034121345513918712,True,True,262001.79057436337,0.0,262001.79057436337,798299.328775794,792161.9576676178,6137.371108176073,2269690.983638671,74.12802074910708,0.5517727593540914,9741.695191483544,22453.33286997527,11432.825014702874,0.18645825382776507,0.5071972746762349,0.544275594679125,421966.24346322904,427493.49353259546,366260.4227942402,195.75465387611933,2417.0196350117512,2612.7742888878706,0.0,0.0,0.0,41662.41651203752,37717.659699866206,30212.745442205858,3026298.3024317883,15809.734242728635,4886.911574312322,0.0,3046994.948248829,2676.2127051738826,38986.203811852596,41662.41651702648,22351.054536111726,15366.605168117772,37717.659704229496,15546.712376672333,14666.033069310559,30212.745445982888,6583.619594699316,24249.672002369727,10473.94080224985,6583.619592,24249.672000000002,10473.940799999998,2.699315700738225e-06,2.3697248252574354e-06,2.24985160457436e-06,246986.00130948127,1851.3062157103902,9607.653049171711,0.0,2397.46,1159.37,0.0,0,mef_soft,0.2,368873.19722000003,368873.19708312803,0.00013687199680134654
M2__S1__D1__start001__ndays366__20260326T074443Z,M2,S1,D1,352,2024-12-17,True,True,False,0.008146523245751134,True,True,308514.6407030976,4.745156411791331e-06,308514.6407030976,505105.8845718827,503730.12925154204,1375.7553203407272,2560011.0510661127,83.55833278321134,0.49524841200632225,9569.254964286638,18850.997533344704,10951.714011051916,0.11694235720389483,0.5381963018465004,0.3415808677752853,532674.36704102,421346.27178771526,499526.1662675387,209.93608244930775,2346.8552492814915,2556.7913317307994,1.935718042088852e-06,1.4619576690868675e-06,1.3474807006156114e-06,41882.51909060535,40450.11222675607,29335.690615022133,3032832.647903827,16955.06904042214,4745.0479572081895,0.0,3054532.7649014574,1381.4220766095382,40501.09701579969,41882.51909240923,19121.74768648408,21328.364542548938,40450.11222903302,12192.646226496985,17143.04439091637,29335.690617413355,6583.619592938062,24249.672001095063,10473.94080293577,6583.619592,24249.672000000002,10473.940799999998,9.380619303556159e-07,1.0950607247650623e-06,2.93577068077866e-06,293760.3167419315,1868.744345272301,9328.74961589393,0.0,2397.46,1159.37,0.0,0,mef_soft,0.2,502082.95758,502082.95759926946,-1.9269471522420645e-05
M2__S1__D1__start001__ndays366__20260326T074443Z,M2,S1,D1,353,2024-12-18,True,True,False,0.009909697337893606,True,True,254544.04892205575,0.0,254544.04892205575,743263.5369101022,743161.994600266,101.5423098362522,2332127.3723282693,75.83440431355233,0.4042230991201747,7316.985598927167,25077.792374407964,10123.86058893911,0.19242679744908392,0.34645060660661625,0.4038440660971638,383501.0066826998,253168.09806511586,434279.0487280645,218.19011351750692,2172.830200023048,2391.0203135405545,0.0,0.0,0.0,41987.67031193729,42040.48430126354,27160.377503244403,3042122.3820136995,17621.68939922894,4393.191060671599,0.0,3064137.2624736,2983.0952696533386,39004.57504199873,41987.67031165207,21041.37178743814,20999.11251357049,42040.48430100863,8514.488473069454,18645.88902995691,27160.377503026364,6583.619592049356,24249.672000250277,10473.940800190738,6583.619592,24249.672000000002,10473.940799999998,4.9355548981111497e-08,2.502747520338744e-07,1.907392288558185e-07,240484.40279500818,1865.816081956021,8637.000045091616,0.0,2397.46,1159.37,0.0,0,mef_soft,0.2,436670.07016,436670.06904160505,0.0011183949536643922
M2__S1__D1__start001__ndays366__20260326T074443Z,M2,S1,D1,354,2024-12-19,True,True,False,0.009889788107527104,True,True,83065.76494868868,8.660046919023246e-06,83065.76494868868,1636283.1247809478,1636283.1293922258,-0.00461127797287728,1412723.527444254,46.33389449237988,0.5146321218408564,11862.893339401873,23433.367642675294,10776.39094076846,0.49055090215560565,0.46996569115832393,0.5332238095972334,137153.89926539827,147615.25448639548,195279.3900995644,214.12135309383467,2235.4544891461064,2449.5758422399413,4.531575583363937e-06,2.090822277198811e-06,2.0376490584604984e-06,40995.69255319463,41256.522753040146,27943.181100467846,3015421.1088571297,17293.084077790878,4519.809545448634,0.0,3037234.002480369,19542.330250124087,21453.362306196475,40995.692556320566,16908.534598539853,24347.988160064662,41256.52275860452,14913.548116480419,13029.632989605245,27943.181106085663,6583.619593032072,24249.672000735198,10473.940812415018,6583.619592,24249.672000000002,10473.940799999998,1.0320718502043746e-06,7.351954991463572e-07,1.2415019227773882e-05,68789.47264001577,1833.5307143171583,8885.931594355772,0.0,2397.46,1159.37,0.0,0,mef_soft,0.2,197728.96592,197728.96594180434,-2.1804356947541237e-05
M2__S1__D1__start001__ndays366__20260326T074443Z,M2,S1,D1,355,2024-12-20,True,True,False,0.0008632909764923425,True,True,267462.6492174999,6.674951685866337e-06,267462.6492174999,598005.598569112,595357.1883563369,2648.4102127751107,2409057.79436347,80.18392293406225,0.42144975915139865,9835.981394630706,23196.853591475676,7801.973691517288,0.1520637070187767,0.5260514617587844,0.6600777190438301,326028.0332300965,418791.86832092755,427102.1766810931,213.66888821255003,2213.226020978105,2426.894909190655,3.2093952773863566e-06,1.8285319218352656e-06,1.6370244866447152e-06,40664.02612998512,41169.342622696175,27665.325271116315,2974288.792785878,17256.541653889188,4474.866361356328,0.0,2996020.2008011234,3226.940157962349,37437.08597447821,40664.02613244056,19119.121570388736,22050.221056147297,41169.34262653603,16567.585687663257,11097.739587484488,27665.325275147745,6583.619592591536,24249.672000846767,10473.940802050789,6583.619592,24249.672000000002,10473.940799999998,5.915362635278143e-07,8.467650332022458e-07,2.050790499197319e-06,249112.44023748356,1819.8055466284702,8797.57343338797,4176.0,2397.46,1159.37,0.0,0,mef_soft,0.2,429529.07154000003,429529.07159028377,-5.028373561799526e-05
M2__S1__D1__start001__ndays366__20260326T074443Z,M2,S1,D1,356,2024-12-21,True,True,False,0.0,True,True,171512.19990158232,0.0,171512.19990158232,609366.8980957125,578631.77340786,30735.124687852585,2135437.8207821697,78.680289752093,0.4340223900173192,9889.792681205248,24067.03131789334,11796.317132313192,0.15052069088574516,0.7389679257230364,0.0693434774859871,244452.6057791455,272253.00746457645,286990.22012144944,178.39040239562718,1981.9107708315194,2160.3011732271466,0.0,0.0,0.0,36875.99986299264,34371.946461170715,24773.884636721607,2684797.2018776317,14407.34510936226,4007.1758397749786,0.00010226194242539093,2703211.7229290307,2286.802613553804,34589.19724911503,36875.99986266883,21234.44132095282,13137.505139918667,34371.94646087149,8278.636384078276,16495.248252453923,24773.8846365322,6583.619592317943,24249.672001149156,10473.940800808288,6583.619592,24249.672000000002,10473.940799999998,3.179429768351838e-07,1.149153831647709e-06,8.082897693384439e-07,159606.59713037632,1630.0436893760989,7878.09531405529,0.0037677746560955683,2397.46,0.0,0.0,0,mef_soft,0.2,289150.51316000003,289150.5212946766,-0.008134676550980657
M2__S1__D1__start001__ndays366__20260326T074443Z,M2,S1,D1,357,2024-12-22,True,True,False,0.003046589176331961,True,True,62464.11516679171,2.392342729404691e-06,62464.11516679171,1199261.333081631,1199163.971869772,97.36121185891331,1471259.7627309843,55.09461826854779,0.28883872371892066,3953.4945192821942,22178.658594208693,8472.368617035776,0.4087345257574541,0.12340002836058994,0.08145445229339109,116302.60323422648,80197.8216196959,96624.39870058579,191.6484494620235,2235.5868398705143,2427.235289332538,1.0597203167185488e-06,6.886930366216561e-07,6.439293760644862e-07,35618.09227356216,36926.48351986981,27944.835498080596,2640802.101619895,15478.104831722232,4520.077141900907,0.0,2660800.283593518,13116.098348088675,22501.993925782386,35618.092273871065,17863.55688775855,19062.92663279883,36926.483520557376,2138.928695855001,25805.906802953967,27944.83549880897,6583.619592045821,24249.672000230967,10473.940801376582,6583.619592,24249.672000000002,10473.940799999998,4.58212525700219e-08,2.3096436052583158e-07,1.376583895762451e-06,44218.159981586396,1626.6674967200245,8886.457688485292,4176.0,2397.46,1159.37,0.0,0,mef_soft,0.2,99051.63404,99051.63398991834,5.008166772313416e-05
M2__S1__D1__start001__ndays366__20260326T074443Z,M2,S1,D1,358,2024-12-23,True,True,False,0.009673479919402261,True,True,50122.18846715135,3.3365558748629967e-06,50122.18846715135,1425138.3272403097,1422492.2956316653,2646.0316086447,1350231.9729068312,48.69694358821113,0.5351404205493798,9757.582446062444,25175.721471687924,11677.502167554829,0.4412061507998366,0.7076520075478951,0.6593096985956702,105567.78725602989,123389.34116303164,107170.51257855113,203.27447837029698,2609.1049303160594,2812.3794086863563,1.407835203987068e-06,9.524615293734195e-07,9.762591415025093e-07,35426.329296328215,39166.56615749603,32613.811629486794,2736235.229112212,16417.057871672,5275.284031030282,0.0,2757927.571014914,15195.815452213923,20230.51384505527,35426.32929726919,16281.958843227658,22884.607315664904,39166.566158892565,14971.755412749197,17642.056218110265,32613.81163085946,6583.619592257393,24249.672002830746,10473.940800804483,6583.619592,24249.672000000002,10473.940799999998,2.573933670646511e-07,2.8307440516073257e-06,8.044844435062259e-07,34525.881017061496,1668.2853520835204,10371.192098006337,0.0,2397.46,1159.37,0.0,0,mef_soft,0.2,109982.89199599999,109982.8919872375,8.762493962422013e-06
M2__S1__D1__start001__ndays366__20260326T074443Z,M2,S1,D1,359,2024-12-24,True,True,False,0.007333415535521269,True,True,166000.52308667914,0.0,166000.52308667914,665293.8999239986,638207.8262165415,27086.073707457068,2204117.2955273474,77.54627641524087,0.5147982191501118,4914.283795928059,22215.5804463212,8848.38331882388,0.14534684709837806,0.6330764285606894,0.36089224433381356,203279.13643588225,260501.26351544313,146519.19323616242,194.114820103794,2753.6459223510346,2947.7607424548287,0.0,0.0,0.0,36617.71931636435,37401.69944423153,34420.5740294102,2806290.0205676667,15677.296338127966,5567.52784929356,0.0,2827534.8447550884,2704.5261472959246,33913.19316993313,36617.719317229064,22469.20717037427,14932.492274923008,37401.69944529727,16327.157388123529,18093.41664233984,34420.574030463365,6583.619592345789,24249.67200077555,10473.940800781515,6583.619592,24249.672000000002,10473.940799999998,3.4578897611936554e-07,7.755479600746185e-07,7.815160643076524e-07,145610.95281480945,1710.9977305243217,10945.742541345362,4176.0,2397.46,1159.37,0.0,0,mef_soft,0.2,149466.95402,149466.95397861724,4.138276563026011e-05
M2__S1__D1__start001__ndays366__20260326T074443Z,M2,S1,D1,360,2024-12-25,True,True,False,0.0008971033090962805,True,True,227769.0255619427,9.777340500080324e-07,227769.0255619427,779899.7712547448,777217.6888108976,2682.0824438472896,2201573.5265060468,73.9082858572147,0.46069390534770144,10239.81797357074,20653.162737000817,5655.027271676435,0.19565959187130122,0.32278131140677074,0.45344663006961883,266696.2272176211,359518.1981464183,188878.75268345664,191.1087306261774,2958.928126061096,3150.0368566872735,4.6234506937342677e-07,2.669414174412493e-07,2.4844756319335653e-07,38740.866461605816,36822.49145113939,36986.6015743959,2943965.1108222464,15434.515516241727,5982.582804885624,0.0,2965382.2091433736,4404.85245067699,34336.014010466475,38740.86646114347,20102.86646275984,16719.624988112606,36822.491450872454,13295.427714471207,23691.173859676244,36986.601574147455,6583.6195921082635,24249.672000158043,10473.940802306857,6583.619592,24249.672000000002,10473.940799999998,1.0826352081494406e-07,1.580410753376782e-07,2.306858732481487e-06,209260.6557606061,1797.8005002437133,11761.739301092859,1392.0,2397.46,1159.37,0.0,0,mef_soft,0.2,192028.78954,192028.78954014392,-1.4391844160854816e-07
M2__S1__D1__start001__ndays366__20260326T074443Z,M2,S1,D1,361,2024-12-26,True,True,False,0.008847217310335687,True,True,343657.54203102394,0.0,343657.54203102394,545931.3827942695,533343.6961960573,12587.686598212247,2517814.8681606203,82.51996135413859,0.36979685424697467,8530.124519786948,21891.957140663424,5797.7673281878015,0.1371143929337261,0.4639895652048072,0.6313403748020231,408298.598302135,435453.22157742153,351746.8734071965,194.1656590495313,2967.433138473726,3161.5987975232574,0.0,0.0,0.0,40198.957340617024,37411.495000102965,37092.91423341076,3022540.4810244874,15681.402244162464,5999.778876851781,0.0,3044221.6621455015,0.010447817544406154,40198.94689248029,40198.957340297835,16424.425216067422,20987.069783744962,37411.49499981238,21307.04776333439,15785.86646969878,37092.91423303317,6583.619592043677,24249.67200024773,10473.940800201075,6583.619592,24249.672000000002,10473.940799999998,4.367666406324133e-08,2.477281668689102e-07,2.010765456361696e-07,323437.39479520696,1851.1405103839002,11795.546725433065,4176.0,2397.46,0.0,0.0,0,mef_soft,0.2,354908.4722,354908.4722047197,-4.719709977507591e-06
M2__S1__D1__start001__ndays366__20260326T074443Z,M2,S1,D1,362,2024-12-27,True,True,False,0.009274867978395955,True,True,307531.5327385214,1.0778965223162625e-07,307531.5327385214,656445.8669021253,636777.6135750115,19668.253327113882,2303366.1107385587,78.34195626869639,0.4421094203919931,7859.136184897327,22329.228537651263,7681.2764482343455,0.14101266889394665,0.7075445098099206,0.35830351890139683,393014.5202726119,375464.108743475,326808.6650482552,190.41516549665243,2887.358008300619,3077.7731737972717,1.0778965223162625e-07,0.0,0.0,38767.531068634664,36688.85654916931,36091.97509973397,2904412.1884822063,15378.50111171971,5837.876973141532,0.0,2925628.5665670675,0.00047871631288807,38767.530590540366,38767.53106925667,18815.414165807102,17873.44238504079,36688.85655084789,15321.293137621808,20770.681963788265,36091.97510141008,6583.619592112537,24249.672000628583,10473.940803024681,6583.619592,24249.672000000002,10473.940799999998,1.1253723641857505e-07,6.285808922257274e-07,3.0246828828239813e-06,291865.54952718335,1791.2751283431521,11477.24808299496,0.0,2397.46,0.0,0.0,0,mef_soft,0.2,329886.43824,329886.4382220525,1.7947517335414886e-05
M2__S1__D1__start001__ndays366__20260326T074443Z,M2,S1,D1,363,2024-12-28,True,True,False,0.0005100535754674915,True,True,263170.058019064,0.0,263170.058019064,577083.139698507,576902.3687355153,180.77096299162133,1979865.8605591594,77.43626652875523,0.3627025734581939,9016.07892244357,20193.89930504357,10053.326280998817,0.18361640141874655,0.0037221684818174172,0.07364387101323906,357500.0302328627,393660.96166598424,240663.86123427222,166.51384795969716,2555.637520256708,2722.151368216405,0.0,0.0,0.0,33812.5797526059,32083.593055842746,31945.469003851398,2530716.3289628495,13448.158865280633,5167.179611273676,0.0,2549331.6674394035,6993.214135379843,26819.365617130265,33812.57975251011,15722.3433160104,16361.249739779807,32083.593055790207,8190.999756402198,23754.469247385918,31945.469003788116,6583.619592146055,24249.672000690105,10473.940802410123,6583.619592,24249.672000000002,10473.940799999998,1.4605484466301277e-07,6.901027518324554e-07,2.410124579910189e-06,249047.6537186777,1566.2851573658784,10158.659143020415,0.0,2397.46,0.0,0.0,0,mef_soft,0.2,243386.0126,243386.01260248863,-2.4886394385248423e-06
M2__S1__D1__start001__ndays366__20260326T074443Z,M2,S1,D1,364,2024-12-29,True,True,False,0.009327670084178013,True,True,289109.9391960654,1.3179542560978245e-06,289109.9391960654,570791.5688490932,570791.5688490932,0.0,2031165.7633374077,78.06299274056734,0.32734364804944743,6019.720102369775,29992.65249719781,9034.879307844583,0.18040617469282508,0.012557866231211174,0.4217737284037459,376609.12801055994,260790.78286736298,207610.9341002366,168.5314115515857,2559.327394067828,2727.858805619414,4.640536667798068e-07,4.6997063635468986e-07,3.839299529633279e-07,34508.89481678065,32472.333632761667,31991.59242742029,2576248.153028274,13611.1033653146,5174.640074889405,0.0,2595033.896468478,6084.619925311825,28424.274891325942,34508.89481663776,1149.451847314059,31322.881785298927,32472.333632612987,8213.783920708418,23777.808506649166,31991.592427357587,6583.619592079682,24249.672000646668,10473.940801027838,6583.619592,24249.672000000002,10473.940799999998,7.968174031702802e-08,6.466652848757803e-07,1.0278399713570252e-06,267060.0394137854,1592.3733908604954,10173.326391419616,5568.0,2397.46,2318.74,0.0,0,mef_soft,0.2,210338.7929,210338.792905856,-5.856010830029845e-06
M2__S1__D1__start001__ndays366__20260326T074443Z,M2,S1,D1,365,2024-12-30,True,True,False,0.0062606754092826705,True,True,343145.5559732282,1.1624620594498975e-06,343145.5559732282,575731.4044743231,574048.1312415563,1683.27323276682,2405922.4723577397,80.73644986469988,0.35730237938465814,8899.157726917578,23597.36984288158,5942.694630436479,0.15596177068030648,0.45616215104478125,0.3842415900056175,505436.9572374234,498043.7220957426,336361.5984576499,193.54410953378397,2859.353515573044,3052.897625106828,3.5962216833613964e-07,4.6766688418996125e-07,3.351730069237966e-07,40001.8575651811,37291.73594183157,35741.91894546889,2951419.9091631025,15631.204037029072,5781.255389299248,0.0,2972832.368589431,2665.6738332057166,37336.183731827,40001.85756503272,10645.788152479674,26645.947789095728,37291.7359415754,11477.124717010447,24264.794228334496,35741.91894534495,6583.619592038835,24249.672000183396,10473.94080043009,6583.619592,24249.672000000002,10473.940799999998,3.8835423765704036e-08,1.8339414964430034e-07,4.3009094952140003e-07,326388.9886508281,1833.8070979971244,11365.930224402851,0.0,2397.46,1159.37,0.0,0,mef_soft,0.2,339414.49608,339414.4960827567,-2.7567148208618164e-06
M2__S1__D1__start001__ndays366__20260326T074443Z,M2,S1,D1,366,2024-12-31,True,True,False,0.00932523381518838,True,True,347277.12412613124,0.0,347277.12412613124,586634.7195843661,557985.3951698289,28649.324414537256,2521241.747895851,81.87904401835395,0.42427879478907515,5342.8924278138265,21888.51940859323,17200.289527067052,0.12327546306323547,0.4513835707448444,0.16196115720150328,511283.5216500465,385491.9837668751,265709.0906408022,193.64646624720172,2871.1017357762958,3064.7482020234975,0.0,0.0,0.0,41232.044000103095,37311.45785127761,35888.77169770902,3046093.9838515073,15639.470672869735,5805.00882202745,0.0,3067538.4633464045,2606.951851034556,38625.092148617434,41232.04399965199,14039.33389296439,23272.12395809967,37311.45785106406,11573.559115190517,24315.212582313245,35888.77169750376,6583.619592039381,24249.672000183797,10473.940800229373,6583.619592,24249.672000000002,10473.940799999998,3.938112058676779e-08,1.8379432731308043e-07,2.293745637871325e-07,331590.6885505537,1876.3461758665824,11412.629399710777,0.0,2397.46,0.0,0.0,0,mef_soft,0.2,268773.83886,268773.83884282573,1.7174286767840385e-05
