run_id,model_tag,scenario_tag,demand_tag,day_of_year,date_utc,solver_status,solver_status_name,m2_emissions_key,m2_alpha_used_day,m2_emis_cap_day_kg,runtime_seconds,time_limit_s,mipgap_target,mip_gap,has_incumbent,is_optimal,hit_time_limit,is_within_target_gap,is_acceptable,obj_val,obj_bound,obj0_pass_status,obj0_pass_status_name,obj0_pass_runtime_s,obj0_pass_objval,obj0_pass_objbound,obj0_pass_mipgap,obj1_pass_status,obj1_pass_status_name,obj1_pass_runtime_s,obj1_pass_objval,obj1_pass_objbound,obj1_pass_mipgap,node_count,sol_count,iter_count,bar_iter_count,work,obj1_unmet_value,obj2_cost_value
M2__S1__D1__start001__ndays366__20260325T173641Z,M2,S1,D1,1,2024-01-01,2,OPTIMAL,mef_soft,0.5,153233.01175,9.960121870040894,350,0.01,0.008338809662215648,True,True,False,True,True,65571.05752982243,65024.27296173106,2.0,OPTIMAL,1.3818678855895996,-1.8875618934544036e-07,-1.8875618934544036e-07,0.0,2.0,OPTIMAL,9.924782991409302,65571.05752982243,65024.27296173106,0.008338809662215648,224.0,6,22142.0,0.0,2.2250842742819246,6.516643663580893e-06,65571.05752982243
M2__S1__D1__start001__ndays366__20260325T173641Z,M2,S1,D1,2,2024-01-02,2,OPTIMAL,mef_soft,0.5,192911.99070000002,7.260581016540527,350,0.01,0.00498097709561867,True,True,False,True,True,67868.3441765134,67530.29350865263,2.0,OPTIMAL,1.4884581565856934,0.0,0.0,0.0,2.0,OPTIMAL,7.244930028915405,67868.3441765134,67530.29350865263,0.00498097709561867,125.0,7,16246.0,0.0,1.97855923334295,0.0,67868.34417651339
M2__S1__D1__start001__ndays366__20260325T173641Z,M2,S1,D1,3,2024-01-03,2,OPTIMAL,mef_soft,0.5,93161.32173,7.0418031215667725,350,0.01,0.006016534097441468,True,True,False,True,True,64273.4986258914,63886.794929846874,2.0,OPTIMAL,1.7733941078186035,0.0,0.0,0.0,2.0,OPTIMAL,7.0113770961761475,64273.4986258914,63886.794929846874,0.006016534097441468,152.0,9,18108.0,0.0,1.8194104487596074,0.00011514475555789123,64273.49862589141
M2__S1__D1__start001__ndays366__20260325T173641Z,M2,S1,D1,4,2024-01-04,2,OPTIMAL,mef_soft,0.5,126712.77334500001,12.778897047042847,350,0.01,0.00980223325841324,True,True,False,True,True,185266.987966381,183450.95773525094,2.0,OPTIMAL,1.2698500156402588,0.0,0.0,0.0,2.0,OPTIMAL,12.762587070465088,185266.987966381,183450.95773525094,0.00980223325841324,300.0,6,39381.0,0.0,5.7369821458933075,9.9567835515779e-07,185266.9879663811
M2__S1__D1__start001__ndays366__20260325T173641Z,M2,S1,D1,5,2024-01-05,2,OPTIMAL,mef_soft,,2648.156852,139.1478190422058,350,0.01,1.680129261485748e-08,True,True,False,True,True,15067.571509177133,15067.571256022457,2.0,OPTIMAL,137.38206505775452,-8.237417556955506e-06,-8.237417556955506e-06,0.0,2.0,OPTIMAL,139.12417197227478,15067.571509177133,15067.571256022457,1.680129261485748e-08,8372.0,7,1781079.0,0.0,76.00949098077305,0.0,15067.571509177134
M2__S1__D1__start001__ndays366__20260325T173641Z,M2,S1,D1,6,2024-01-06,2,OPTIMAL,mef_soft,0.5,2479.4927265,38.972575187683105,350,0.01,0.00927818986115033,True,True,False,True,True,15164.782896866272,15024.081161946024,2.0,OPTIMAL,1.230781078338623,6.660752660536673e-08,6.660752660536673e-08,0.0,2.0,OPTIMAL,38.95726299285889,15164.782896866272,15024.081161946024,0.00927818986115033,1124.0,10,269561.0,29.0,23.14241271950213,1.0501589110131238e-06,15164.782896866272
M2__S1__D1__start001__ndays366__20260325T173641Z,M2,S1,D1,7,2024-01-07,2,OPTIMAL,mef_soft,0.5,99569.51215,2.948740005493164,350,0.01,0.0036390720379417736,True,True,False,True,True,117449.4842682855,117022.07713421408,2.0,OPTIMAL,0.7881031036376953,0.0,0.0,0.0,2.0,OPTIMAL,2.936160087585449,117449.4842682855,117022.07713421408,0.0036390720379417736,30.0,5,12618.0,0.0,1.2269604611804061,1.0862938300656441e-06,117449.48426828547
M2__S1__D1__start001__ndays366__20260325T173641Z,M2,S1,D1,8,2024-01-08,2,OPTIMAL,mef_soft,0.5,165612.20505,1.8377978801727295,350,0.01,0.0053696424847736795,True,True,False,True,True,226760.7128967911,225543.08893894294,2.0,OPTIMAL,0.4848349094390869,0.0,0.0,0.0,2.0,OPTIMAL,1.817854881286621,226760.7128967911,225543.08893894294,0.0053696424847736795,51.0,5,9392.0,0.0,0.809963134588391,0.0,226760.71289679114
M2__S1__D1__start001__ndays366__20260325T173641Z,M2,S1,D1,9,2024-01-09,2,OPTIMAL,mef_soft,0.5,276583.57635,2.583061933517456,350,0.01,0.0058198252743757945,True,True,False,True,True,289386.55306002323,287702.37388445996,2.0,OPTIMAL,0.6145219802856445,0.0,0.0,0.0,2.0,OPTIMAL,2.56868314743042,289386.55306002323,287702.37388445996,0.0058198252743757945,2.0,6,9660.0,0.0,0.8891383736044235,0.0,289386.5530600234
M2__S1__D1__start001__ndays366__20260325T173641Z,M2,S1,D1,10,2024-01-10,2,OPTIMAL,mef_soft,0.5,321003.14055,5.253620862960815,350,0.01,0.009028774356070945,True,True,False,True,True,236408.30903300186,234273.83175484254,2.0,OPTIMAL,2.3460028171539307,-4.355022610980086e-06,-4.355022610980086e-06,0.0,2.0,OPTIMAL,5.230191946029663,236408.30903300186,234273.83175484254,0.009028774356070945,127.0,5,18064.0,0.0,1.6464757100487222,0.0,236408.30903300192
M2__S1__D1__start001__ndays366__20260325T173641Z,M2,S1,D1,11,2024-01-11,2,OPTIMAL,mef_soft,0.5,271289.6147,3.853289842605591,350,0.01,0.009941574441576107,True,True,False,True,True,208454.09540889616,206381.73350173718,2.0,OPTIMAL,1.2809929847717285,0.0,0.0,0.0,2.0,OPTIMAL,3.8347299098968506,208454.09540889616,206381.73350173718,0.009941574441576107,203.0,7,19137.0,0.0,1.797355530518497,1.0289017330457557e-06,208454.09540889607
M2__S1__D1__start001__ndays366__20260325T173641Z,M2,S1,D1,12,2024-01-12,2,OPTIMAL,mef_soft,0.5,308178.93025,5.074415922164917,350,0.01,0.009674716975150944,True,True,False,True,True,209067.39959228272,207044.7316724966,2.0,OPTIMAL,1.3242499828338623,0.0,0.0,0.0,2.0,OPTIMAL,5.060856103897095,209067.39959228272,207044.7316724966,0.009674716975150944,187.0,9,21844.0,0.0,1.8959754804661533,0.0,209067.39959228263
M2__S1__D1__start001__ndays366__20260325T173641Z,M2,S1,D1,13,2024-01-13,2,OPTIMAL,mef_soft,0.5,252834.728,5.104910135269165,350,0.01,0.008517428435731444,True,True,False,True,True,194848.38845091694,193188.78124646866,2.0,OPTIMAL,0.8557279109954834,0.0,-1.4551915228366852e-11,0.0,2.0,OPTIMAL,5.092287063598633,194848.38845091694,193188.78124646866,0.008517428435731444,154.0,10,23516.0,0.0,1.950846670602506,0.0,194848.38845091697
M2__S1__D1__start001__ndays366__20260325T173641Z,M2,S1,D1,14,2024-01-14,2,OPTIMAL,mef_soft,0.5,158372.44475,20.082931995391846,350,0.01,0.008916916202737766,True,True,False,True,True,139340.4822039418,138097.9948004802,2.0,OPTIMAL,4.741436004638672,-8.400775186601095e-09,-8.400775186601095e-09,0.0,2.0,OPTIMAL,20.058871030807495,139340.4822039418,138097.9948004802,0.008916916202737766,537.0,10,76192.0,784.0,10.00752041084995,0.0,139340.48220394188
M2__S1__D1__start001__ndays366__20260325T173641Z,M2,S1,D1,15,2024-01-15,2,OPTIMAL,mef_soft,0.5,52428.347625,31.385478973388672,350,0.01,0.004304004404523106,True,True,False,True,True,73950.25841647905,73631.97617853891,2.0,OPTIMAL,26.313992023468018,-3.035850681953889e-09,-3.035850681953889e-09,0.0,2.0,OPTIMAL,31.37237787246704,73950.25841647905,73631.97617853891,0.004304004404523106,574.0,9,26544.0,6205.0,12.037212259325127,0.0,73950.25841647906
M2__S1__D1__start001__ndays366__20260325T173641Z,M2,S1,D1,16,2024-01-16,2,OPTIMAL,mef_soft,0.5,54706.706385,14.323775053024292,350,0.01,0.00746562564632276,True,True,False,True,True,45813.97946006555,45471.94944004839,2.0,OPTIMAL,1.011404037475586,0.0,0.0,0.0,2.0,OPTIMAL,14.310121059417725,45813.97946006555,45471.94944004839,0.00746562564632276,384.0,9,41482.0,0.0,6.144859642187296,0.0,45813.97946006556
M2__S1__D1__start001__ndays366__20260325T173641Z,M2,S1,D1,17,2024-01-17,2,OPTIMAL,mef_soft,,2462.53807,14.147731065750122,350,0.01,2.1862683056659884e-08,True,True,False,True,True,13241.858832534914,13241.858543032353,2.0,OPTIMAL,12.970124006271362,-5.07128845583793e-08,-5.0771632231771946e-08,0.0,2.0,OPTIMAL,14.136820077896118,13241.858832534914,13241.858543032353,2.1862683056659884e-08,495.0,8,103868.0,0.0,7.476928010042307,9.478057199398755e-07,13241.858832534914
M2__S1__D1__start001__ndays366__20260325T173641Z,M2,S1,D1,18,2024-01-18,2,OPTIMAL,mef_soft,0.5,33494.595613,19.437397003173828,350,0.01,0.009282065774983785,True,True,False,True,True,15681.605141689692,15536.047451307204,2.0,OPTIMAL,2.2623488903045654,0.0,0.0,0.0,2.0,OPTIMAL,19.407548904418945,15681.605141689692,15536.047451307204,0.009282065774983785,1131.0,9,88639.0,0.0,9.796681173249526,0.0,15681.60514168969
M2__S1__D1__start001__ndays366__20260325T173641Z,M2,S1,D1,19,2024-01-19,9,TIME_LIMIT,mef_soft,0.5,77865.30662,350.04920291900635,350,0.01,0.02378031821261937,True,False,True,False,False,58602.092552006754,57208.51614319466,2.0,OPTIMAL,0.9753239154815674,-2.372535856665081e-08,-2.372535856665081e-08,0.0,9.0,TIME_LIMIT,350.01676297187805,58602.092552006754,57208.51614319466,0.02378031821261937,5981.0,9,978208.0,0.0,172.75271363328542,1.648641500651138e-06,58602.09255200675
M2__S1__D1__start001__ndays366__20260325T173641Z,M2,S1,D1,20,2024-01-20,2,OPTIMAL,mef_soft,0.5,160406.0632,6.703479051589966,350,0.01,0.00708657635722207,True,True,False,True,True,113230.27890872885,112427.86389129257,2.0,OPTIMAL,0.9134418964385986,0.0,0.0,0.0,2.0,OPTIMAL,6.681056976318359,113230.27890872885,112427.86389129257,0.00708657635722207,315.0,7,30781.0,0.0,2.7168359745232835,0.0,113230.27890872885
M2__S1__D1__start001__ndays366__20260325T173641Z,M2,S1,D1,21,2024-01-21,2,OPTIMAL,mef_soft,0.5,173855.34645,3.3292088508605957,350,0.01,0.008670756043855829,True,True,False,True,True,106116.56536901921,105196.45451849258,2.0,OPTIMAL,0.6092159748077393,0.0,0.0,0.0,2.0,OPTIMAL,3.3083648681640625,106116.56536901921,105196.45451849258,0.008670756043855829,79.0,7,12799.0,0.0,1.0986020959687068,9.98543099583227e-07,106116.5653690192
M2__S1__D1__start001__ndays366__20260325T173641Z,M2,S1,D1,22,2024-01-22,2,OPTIMAL,mef_soft,0.5,267628.07975,2.859320878982544,350,0.01,0.00983934466934891,True,True,False,True,True,110896.44872402307,109805.30034242063,2.0,OPTIMAL,0.7946629524230957,-3.812246518464235e-08,-3.816967364400625e-08,0.0,2.0,OPTIMAL,2.84307599067688,110896.44872402307,109805.30034242063,0.00983934466934891,168.0,4,15347.0,0.0,1.2983372000947482,0.0,110896.44872402307
M2__S1__D1__start001__ndays366__20260325T173641Z,M2,S1,D1,23,2024-01-23,2,OPTIMAL,mef_soft,0.5,274400.6846,7.28290319442749,350,0.01,0.006303185525231895,True,True,False,True,True,156870.40931339274,155881.62602007133,2.0,OPTIMAL,0.6745250225067139,0.0,-1.4551915228366852e-11,0.0,2.0,OPTIMAL,7.261343002319336,156870.40931339274,155881.62602007133,0.006303185525231895,305.0,7,31245.0,0.0,2.758578760416418,6.618447822969581e-07,156870.40931339277
M2__S1__D1__start001__ndays366__20260325T173641Z,M2,S1,D1,24,2024-01-24,2,OPTIMAL,mef_soft,0.5,288761.5097,4.164000034332275,350,0.01,0.009985006326405787,True,True,False,True,True,157087.92552886525,155519.40159865757,2.0,OPTIMAL,0.8616969585418701,1.7053025658242404e-11,0.0,0.0,2.0,OPTIMAL,4.1481850147247314,157087.92552886525,155519.40159865757,0.009985006326405787,77.0,8,21716.0,0.0,1.6885829306628624,1.0398370588630401e-06,157087.92552886525
M2__S1__D1__start001__ndays366__20260325T173641Z,M2,S1,D1,25,2024-01-25,2,OPTIMAL,mef_soft,0.5,249848.55699999997,2.774937868118286,350,0.01,0.009938634963815968,True,True,False,True,True,141442.27547155158,140036.53232718832,2.0,OPTIMAL,0.9383330345153809,0.0,0.0,0.0,2.0,OPTIMAL,2.761915922164917,141442.27547155158,140036.53232718832,0.009938634963815968,79.0,6,13471.0,12.0,1.0048965224294915,1.1308423796006113e-06,141442.27547155158
M2__S1__D1__start001__ndays366__20260325T173641Z,M2,S1,D1,26,2024-01-26,2,OPTIMAL,mef_soft,0.5,240578.10135,6.343564987182617,350,0.01,0.009396605526009677,True,True,False,True,True,152805.91333640172,151370.0564467379,2.0,OPTIMAL,1.5945489406585693,0.0,0.0,0.0,2.0,OPTIMAL,6.3270440101623535,152805.91333640172,151370.0564467379,0.009396605526009677,346.0,9,26009.0,0.0,2.2707267056197535,0.0,152805.9133364018
M2__S1__D1__start001__ndays366__20260325T173641Z,M2,S1,D1,27,2024-01-27,2,OPTIMAL,mef_soft,0.5,137563.32515,4.081931114196777,350,0.01,0.008518522906944154,True,True,False,True,True,110031.74576903215,109094.4378222076,2.0,OPTIMAL,1.208791971206665,0.0,0.0,0.0,2.0,OPTIMAL,4.070214033126831,110031.74576903215,109094.4378222076,0.008518522906944154,200.0,8,18139.0,0.0,1.502252054069294,1.1127322097384111e-06,110031.74576903215
M2__S1__D1__start001__ndays366__20260325T173641Z,M2,S1,D1,28,2024-01-28,2,OPTIMAL,mef_soft,0.5,120100.07200000001,12.067677974700928,350,0.01,0.009833090263210208,True,True,False,True,True,91990.94200889676,91086.38677272557,2.0,OPTIMAL,0.930034875869751,0.0,0.0,0.0,2.0,OPTIMAL,12.052373886108398,91990.94200889676,91086.38677272557,0.009833090263210208,575.0,5,41971.0,0.0,5.58617564277189,9.582231780633746e-07,91990.94200889677
M2__S1__D1__start001__ndays366__20260325T173641Z,M2,S1,D1,29,2024-01-29,2,OPTIMAL,mef_soft,0.5,186377.62085,3.349245071411133,350,0.01,0.008909541560517417,True,True,False,True,True,146644.87200678146,145338.33342500028,2.0,OPTIMAL,1.6801021099090576,0.0,0.0,0.0,2.0,OPTIMAL,3.323559045791626,146644.87200678146,145338.33342500028,0.008909541560517417,82.0,10,12304.0,0.0,1.3532214090087418,9.250581794979308e-07,146644.87200678152
M2__S1__D1__start001__ndays366__20260325T173641Z,M2,S1,D1,30,2024-01-30,2,OPTIMAL,mef_soft,0.5,184253.08645,3.621039867401123,350,0.01,0.006692358325825523,True,True,False,True,True,156062.34280070825,155017.9176815181,2.0,OPTIMAL,0.6352748870849609,0.0,-1.4551915228366852e-11,0.0,2.0,OPTIMAL,3.6043760776519775,156062.34280070825,155017.9176815181,0.006692358325825523,82.0,4,12931.0,0.0,1.248056009245442,9.908551840918493e-07,156062.34280070823
M2__S1__D1__start001__ndays366__20260325T173641Z,M2,S1,D1,31,2024-01-31,2,OPTIMAL,mef_soft,0.5,240622.1253,4.9965832233428955,350,0.01,0.009577093787520927,True,True,False,True,True,176379.09992201405,174689.9007399024,2.0,OPTIMAL,0.8801290988922119,0.0,0.0,0.0,2.0,OPTIMAL,4.968895196914673,176379.09992201405,174689.9007399024,0.009577093787520927,238.0,10,24380.0,0.0,1.7357122593698153,0.0,176379.09992201408
M2__S1__D1__start001__ndays366__20260325T173641Z,M2,S1,D1,32,2024-02-01,2,OPTIMAL,mef_soft,0.5,213759.16215,2.6019468307495117,350,0.01,0.00991278276916946,True,True,False,True,True,145055.6244872898,143617.7195923011,2.0,OPTIMAL,0.7413139343261719,0.0,0.0,0.0,2.0,OPTIMAL,2.58481502532959,145055.6244872898,143617.7195923011,0.00991278276916946,54.0,5,10930.0,0.0,1.0598238911726527,2.7525942984351483e-06,145055.6244872898
M2__S1__D1__start001__ndays366__20260325T173641Z,M2,S1,D1,33,2024-02-02,2,OPTIMAL,mef_soft,0.5,201236.49910000002,19.760788202285767,350,0.01,0.0018046390846457657,True,True,False,True,True,139951.10814268712,139698.54690299337,2.0,OPTIMAL,0.9532530307769775,0.0,0.0,0.0,2.0,OPTIMAL,19.74527406692505,139951.10814268712,139698.54690299337,0.0018046390846457657,710.0,6,90963.0,0.0,9.988165687869387,0.0,139951.1081426872
M2__S1__D1__start001__ndays366__20260325T173641Z,M2,S1,D1,34,2024-02-03,2,OPTIMAL,mef_soft,0.5,138410.3606,4.715428113937378,350,0.01,0.00950180284265568,True,True,False,True,True,100786.63742620073,99828.98266820276,2.0,OPTIMAL,0.9829590320587158,0.0,0.0,0.0,2.0,OPTIMAL,4.688276052474976,100786.63742620073,99828.98266820276,0.00950180284265568,186.0,7,20582.0,0.0,2.054264204956628,1.0473922026282594e-05,100786.63742620076
M2__S1__D1__start001__ndays366__20260325T173641Z,M2,S1,D1,35,2024-02-04,2,OPTIMAL,mef_soft,0.5,99885.22899,3.1404268741607666,350,0.01,0.0038990642753545073,True,True,False,True,True,93593.50797469128,93228.58087134206,2.0,OPTIMAL,0.912498950958252,0.0,0.0,0.0,2.0,OPTIMAL,3.1293299198150635,93593.50797469128,93228.58087134206,0.0038990642753545073,122.0,8,15317.0,0.0,1.3554624677378844,0.0,93593.50797469127
M2__S1__D1__start001__ndays366__20260325T173641Z,M2,S1,D1,36,2024-02-05,2,OPTIMAL,mef_soft,0.5,156159.10775,4.594864130020142,350,0.01,0.00725989914866378,True,True,False,True,True,153143.54186954146,152031.7352002994,2.0,OPTIMAL,0.6960079669952393,0.0,0.0,0.0,2.0,OPTIMAL,4.5823681354522705,153143.54186954146,152031.7352002994,0.00725989914866378,64.0,7,12131.0,0.0,1.2669810250561497,1.580942983669406e-06,153143.54186954137
M2__S1__D1__start001__ndays366__20260325T173641Z,M2,S1,D1,37,2024-02-06,9,TIME_LIMIT,mef_soft,0.5,143443.55025,350.2356069087982,350,0.01,0.01379530557501438,True,False,True,False,False,123246.04535332142,121545.82849676027,2.0,OPTIMAL,0.7061328887939453,0.0,-1.4551915228366852e-11,0.0,9.0,TIME_LIMIT,350.20005679130554,123246.04535332142,121545.82849676027,0.01379530557501438,4987.0,3,1070507.0,0.0,194.6065360228241,0.0,123246.04535332146
M2__S1__D1__start001__ndays366__20260325T173641Z,M2,S1,D1,38,2024-02-07,2,OPTIMAL,mef_soft,0.5,66652.73999,5.310553073883057,350,0.01,0.008322041155453977,True,True,False,True,True,44127.339763134325,43760.11022554482,2.0,OPTIMAL,0.8066751956939697,-4.1991211219283286e-07,-4.1996827349066734e-07,0.0,2.0,OPTIMAL,5.299069166183472,44127.339763134325,43760.11022554482,0.008322041155453977,255.0,4,29627.0,0.0,2.509997343975452,1.400292244149732e-07,44127.339763134325
M2__S1__D1__start001__ndays366__20260325T173641Z,M2,S1,D1,39,2024-02-08,2,OPTIMAL,mef_soft,0.5,54190.71,3.04483699798584,350,0.01,0.006065164738293702,True,True,False,True,True,38909.538994072704,38673.54623018259,2.0,OPTIMAL,1.00272798538208,-3.2982942599346643e-07,-3.2982942599346643e-07,0.0,2.0,OPTIMAL,3.0330710411071777,38909.538994072704,38673.54623018259,0.006065164738293702,55.0,3,14773.0,0.0,1.4061224661212606,0.0,38909.5389940727
M2__S1__D1__start001__ndays366__20260325T173641Z,M2,S1,D1,40,2024-02-09,2,OPTIMAL,mef_soft,0.5,21992.36715,11.217527151107788,350,0.01,0.006928469529912991,True,True,False,True,True,15648.333006268067,15539.914007840209,2.0,OPTIMAL,7.178509950637817,0.0,0.0,0.0,2.0,OPTIMAL,11.192049980163574,15648.333006268067,15539.914007840209,0.006928469529912991,253.0,6,68346.0,0.0,5.012885394507994,0.0,15648.33300626807
M2__S1__D1__start001__ndays366__20260325T173641Z,M2,S1,D1,41,2024-02-10,2,OPTIMAL,mef_soft,0.5,17232.5082245,8.512377977371216,350,0.01,0.0,True,True,False,True,True,13485.511254681647,13485.511254681649,2.0,OPTIMAL,1.1976380348205566,-6.532212637466728e-08,-6.532212637466728e-08,0.0,2.0,OPTIMAL,8.50171184539795,13485.511254681647,13485.511254681649,0.0,230.0,8,30335.0,33.0,2.890707001380016,0.0,13485.51125468165
M2__S1__D1__start001__ndays366__20260325T173641Z,M2,S1,D1,42,2024-02-11,2,OPTIMAL,mef_soft,0.5,60984.853975,3.581724166870117,350,0.01,0.0039047828548640683,True,True,False,True,True,50910.07697947482,50711.284183745556,2.0,OPTIMAL,1.2060132026672363,-4.3158454587910455e-09,-4.3158454587910455e-09,0.0,2.0,OPTIMAL,3.569444179534912,50910.07697947482,50711.284183745556,0.0039047828548640683,49.0,3,15093.0,0.0,1.6534717805031063,0.0,50910.07697947482
M2__S1__D1__start001__ndays366__20260325T173641Z,M2,S1,D1,43,2024-02-12,2,OPTIMAL,mef_soft,0.5,66276.875575,12.941694021224976,350,0.01,0.0037375436640720177,True,True,False,True,True,56240.70891113106,56030.50680587735,2.0,OPTIMAL,1.4602999687194824,0.0,0.0,0.0,2.0,OPTIMAL,12.916821002960205,56240.70891113106,56030.50680587735,0.0037375436640720177,343.0,8,34869.0,0.0,5.680635861929415,1.0247312250188924e-06,56240.70891113107
M2__S1__D1__start001__ndays366__20260325T173641Z,M2,S1,D1,44,2024-02-13,2,OPTIMAL,mef_soft,0.5,125895.07245,9.522898197174072,350,0.01,0.005536314519777245,True,True,False,True,True,84910.98062527092,84440.88673034671,2.0,OPTIMAL,0.9111361503601074,-3.821341465481964e-09,-3.65253072232008e-09,0.0,2.0,OPTIMAL,9.498536109924316,84910.98062527092,84440.88673034671,0.005536314519777245,306.0,5,32874.0,0.0,4.538067442104705,0.0,84910.98062527094
M2__S1__D1__start001__ndays366__20260325T173641Z,M2,S1,D1,45,2024-02-14,2,OPTIMAL,mef_soft,0.5,174526.4093,3.5938639640808105,350,0.01,0.009658647078815315,True,True,False,True,True,133050.3502568534,131765.26388000973,2.0,OPTIMAL,0.9652349948883057,0.0,0.0,0.0,2.0,OPTIMAL,3.5724949836730957,133050.3502568534,131765.26388000973,0.009658647078815315,29.0,6,11580.0,0.0,1.2491770639037025,1.1297990688768853e-06,133050.35025685345
M2__S1__D1__start001__ndays366__20260325T173641Z,M2,S1,D1,46,2024-02-15,2,OPTIMAL,mef_soft,0.5,110383.427465,4.331679105758667,350,0.01,0.009301192091945838,True,True,False,True,True,92358.4077981596,91499.36450592265,2.0,OPTIMAL,0.9151411056518555,-1.889875989036227e-08,-1.889875989036227e-08,0.0,2.0,OPTIMAL,4.309264183044434,92358.4077981596,91499.36450592265,0.009301192091945838,64.0,7,17293.0,0.0,1.7419145785303425,0.0,92358.40779815965
M2__S1__D1__start001__ndays366__20260325T173641Z,M2,S1,D1,47,2024-02-16,2,OPTIMAL,mef_soft,0.5,66519.039475,17.53854012489319,350,0.01,0.009849101034860225,True,True,False,True,True,68080.10655618008,67409.57870824421,2.0,OPTIMAL,1.258347988128662,0.0,0.0,0.0,2.0,OPTIMAL,17.513016939163208,68080.10655618008,67409.57870824421,0.009849101034860225,563.0,8,62040.0,0.0,7.939419058877468,0.0,68080.10655618008
M2__S1__D1__start001__ndays366__20260325T173641Z,M2,S1,D1,48,2024-02-17,2,OPTIMAL,mef_soft,0.5,106828.43044,15.837370872497559,350,0.01,0.008339433209045616,True,True,False,True,True,74293.0410029463,73673.47914960534,2.0,OPTIMAL,1.2276620864868164,0.0,0.0,0.0,2.0,OPTIMAL,15.814526081085205,74293.0410029463,73673.47914960534,0.008339433209045616,607.0,10,68788.0,0.0,7.822336925968192,0.0,74293.04100294631
M2__S1__D1__start001__ndays366__20260325T173641Z,M2,S1,D1,49,2024-02-18,2,OPTIMAL,mef_soft,0.5,95141.95871,4.1889238357543945,350,0.01,0.008422271469676989,True,True,False,True,True,77241.97665300818,76591.4237567821,2.0,OPTIMAL,1.0607168674468994,0.0,0.0,0.0,2.0,OPTIMAL,4.174492835998535,77241.97665300818,76591.4237567821,0.008422271469676989,187.0,8,23641.0,28.0,1.7629475987666752,0.0,77241.97665300821
M2__S1__D1__start001__ndays366__20260325T173641Z,M2,S1,D1,50,2024-02-19,2,OPTIMAL,mef_soft,0.5,133408.1053,10.921931982040405,350,0.01,0.005458586319114602,True,True,False,True,True,81516.11372470125,81071.15098153621,2.0,OPTIMAL,1.2104167938232422,0.0,0.0,0.0,2.0,OPTIMAL,10.90849781036377,81516.11372470125,81071.15098153621,0.005458586319114602,371.0,10,41941.0,0.0,4.821776701569781,0.0,81516.11372470125
M2__S1__D1__start001__ndays366__20260325T173641Z,M2,S1,D1,51,2024-02-20,2,OPTIMAL,mef_soft,0.5,135788.90505,27.83082413673401,350,0.01,0.00978579926401537,True,True,False,True,True,76419.50993338408,75671.68394932155,2.0,OPTIMAL,0.8834359645843506,-7.783731348354195e-08,-7.783731348354195e-08,0.0,2.0,OPTIMAL,27.802406072616577,76419.50993338408,75671.68394932155,0.00978579926401537,884.0,4,145287.0,0.0,15.523637469754135,0.0,76419.50993338412
M2__S1__D1__start001__ndays366__20260325T173641Z,M2,S1,D1,52,2024-02-21,2,OPTIMAL,mef_soft,0.5,95708.03751,15.630412101745605,350,0.01,0.006757826707350043,True,True,False,True,True,70300.54881063121,69825.46988433735,2.0,OPTIMAL,1.758303165435791,0.0,0.0,0.0,2.0,OPTIMAL,15.615589141845703,70300.54881063121,69825.46988433735,0.006757826707350043,528.0,8,58254.0,0.0,8.397028141697557,0.0,70300.54881063121
M2__S1__D1__start001__ndays366__20260325T173641Z,M2,S1,D1,53,2024-02-22,2,OPTIMAL,mef_soft,0.5,2805.148185,12.759828090667725,350,0.01,7.913051540233083e-10,True,True,False,True,True,14089.497176532152,14089.497165383058,2.0,OPTIMAL,1.8448851108551025,5.100048383610556e-09,5.100048383610556e-09,0.0,2.0,OPTIMAL,12.73067307472229,14089.497176532152,14089.497165383058,7.913051540233083e-10,275.0,10,56769.0,14.0,5.60098862696603,1.004990355675975e-06,14089.497176532153
M2__S1__D1__start001__ndays366__20260325T173641Z,M2,S1,D1,54,2024-02-23,2,OPTIMAL,mef_soft,0.5,17973.114678500002,19.445677042007446,350,0.01,0.005169586774921285,True,True,False,True,True,17181.029416045807,17092.21059359708,2.0,OPTIMAL,0.8820509910583496,0.0,0.0,0.0,2.0,OPTIMAL,19.42637801170349,17181.029416045807,17092.21059359708,0.005169586774921285,884.0,9,84513.0,0.0,10.576382174697011,1.030962811364316e-06,17181.029416045814
M2__S1__D1__start001__ndays366__20260325T173641Z,M2,S1,D1,55,2024-02-24,2,OPTIMAL,mef_soft,0.5,7444.4096285000005,2.5550661087036133,350,0.01,0.002534194955502939,True,True,False,True,True,15784.106713714722,15744.10671010371,2.0,OPTIMAL,0.7341279983520508,0.0,0.0,0.0,2.0,OPTIMAL,2.540004014968872,15784.106713714722,15744.10671010371,0.002534194955502939,56.0,3,10033.0,0.0,1.1424509596678032,9.870308786500258e-07,15784.106713714724
M2__S1__D1__start001__ndays366__20260325T173641Z,M2,S1,D1,56,2024-02-25,2,OPTIMAL,mef_soft,0.5,2631.485598,2.6302649974823,350,0.01,1.7362923044149342e-08,True,True,False,True,True,14969.108750173327,14969.108490265844,2.0,OPTIMAL,1.7576580047607422,-2.719921177174456e-07,-2.719921177174456e-07,0.0,2.0,OPTIMAL,2.609794855117798,14969.108750173327,14969.108490265844,1.7362923044149342e-08,53.0,4,10683.0,0.0,0.9821449460632806,8.13242037193524e-07,14969.108750173324
M2__S1__D1__start001__ndays366__20260325T173641Z,M2,S1,D1,57,2024-02-26,2,OPTIMAL,mef_soft,0.5,9207.670687999998,16.681957006454468,350,0.01,0.009430393441989858,True,True,False,True,True,19189.094663243315,19008.133950773343,2.0,OPTIMAL,1.221724033355713,2.4263897557830205e-09,4.3655745685100555e-11,inf,2.0,OPTIMAL,16.66400909423828,19189.094663243315,19008.133950773343,0.009430393441989858,661.0,10,70000.0,0.0,9.447067736585444,0.0,19189.09466324331
M2__S1__D1__start001__ndays366__20260325T173641Z,M2,S1,D1,58,2024-02-27,2,OPTIMAL,mef_soft,0.5,35354.604934,11.485831022262573,350,0.01,0.00973658302407051,True,True,False,True,True,15415.023055752335,15264.933403952044,2.0,OPTIMAL,2.338364839553833,0.0,-2.9103830456733704e-11,0.0,2.0,OPTIMAL,11.463099956512451,15415.023055752335,15264.933403952044,0.00973658302407051,793.0,9,39935.0,0.0,5.541412009326227,4.7398474433961075e-06,15415.02305575234
M2__S1__D1__start001__ndays366__20260325T173641Z,M2,S1,D1,59,2024-02-28,2,OPTIMAL,mef_soft,0.5,69968.28948,17.990697860717773,350,0.01,0.00857748185522464,True,True,False,True,True,21401.473032830916,21217.90228621673,2.0,OPTIMAL,1.2938919067382812,-6.5155580841747e-07,-6.5155580841747e-07,0.0,2.0,OPTIMAL,17.97412395477295,21401.473032830916,21217.90228621673,0.00857748185522464,661.0,9,71201.0,0.0,9.264357821421365,0.0,21401.473032830923
M2__S1__D1__start001__ndays366__20260325T173641Z,M2,S1,D1,60,2024-02-29,2,OPTIMAL,mef_soft,0.5,27534.923665,20.338884115219116,350,0.01,0.009181912690058252,True,True,False,True,True,24455.007744056365,24230.463998115738,2.0,OPTIMAL,1.1017100811004639,-2.642480012582382e-09,-2.642480012582382e-09,0.0,2.0,OPTIMAL,20.314560174942017,24455.007744056365,24230.463998115738,0.009181912690058252,601.0,2,98869.0,0.0,12.37131239734092,0.0,24455.007744056362
M2__S1__D1__start001__ndays366__20260325T173641Z,M2,S1,D1,61,2024-03-01,2,OPTIMAL,mef_soft,0.5,10241.3571515,4.950093984603882,350,0.01,0.002331744007697743,True,True,False,True,True,15872.777329785935,15835.766076361686,2.0,OPTIMAL,1.1959099769592285,-1.0438572360271792e-05,-1.0438572360271792e-05,0.0,2.0,OPTIMAL,4.932220935821533,15872.777329785935,15835.766076361686,0.002331744007697743,179.0,6,19096.0,0.0,1.8454315974535056,0.0,15872.777329785931
M2__S1__D1__start001__ndays366__20260325T173641Z,M2,S1,D1,62,2024-03-02,2,OPTIMAL,mef_soft,0.5,7659.6499035,5.209660053253174,350,0.01,0.009102893394427455,True,True,False,True,True,15558.40432614668,15416.777830178367,2.0,OPTIMAL,1.4331729412078857,-5.820759595209779e-06,-5.820809747092426e-06,0.0,2.0,OPTIMAL,5.1880998611450195,15558.40432614668,15416.777830178367,0.009102893394427455,89.0,5,23252.0,0.0,2.0325254878684276,0.0,15558.404326146681
M2__S1__D1__start001__ndays366__20260325T173641Z,M2,S1,D1,63,2024-03-03,2,OPTIMAL,mef_soft,0.5,20982.214910000002,2.41983699798584,350,0.01,0.00019756215555190605,True,True,False,True,True,15847.64887640096,15844.517980728508,2.0,OPTIMAL,0.8990530967712402,-1.559744333690105e-08,-1.5628756955266e-08,0.0,2.0,OPTIMAL,2.4072670936584473,15847.64887640096,15844.517980728508,0.00019756215555190605,74.0,4,12444.0,0.0,0.9601981501833364,9.797302922796861e-07,15847.64887640096
M2__S1__D1__start001__ndays366__20260325T173641Z,M2,S1,D1,64,2024-03-04,2,OPTIMAL,mef_soft,0.5,31655.83189,5.38641619682312,350,0.01,0.004551698899778095,True,True,False,True,True,23791.480923046438,23683.189265504916,2.0,OPTIMAL,1.5200140476226807,-4.102699335817306e-08,-4.103640094399452e-08,0.0,2.0,OPTIMAL,5.370751142501831,23791.480923046438,23683.189265504916,0.004551698899778095,118.0,5,21245.0,0.0,2.3992731072824385,1.271488756126896e-06,23791.480923046438
M2__S1__D1__start001__ndays366__20260325T173641Z,M2,S1,D1,65,2024-03-05,2,OPTIMAL,mef_soft,0.5,90265.983935,54.53337597846985,350,0.01,0.00998837520337797,True,True,False,True,True,36010.15639426765,35650.47344106939,2.0,OPTIMAL,2.1187469959259033,9.639261833171986e-09,2.5029294192790985e-09,inf,2.0,OPTIMAL,54.51109290122986,36010.15639426765,35650.47344106939,0.00998837520337797,2827.0,6,351292.0,15.0,30.228242277952983,0.0,36010.156394267644
M2__S1__D1__start001__ndays366__20260325T173641Z,M2,S1,D1,66,2024-03-06,2,OPTIMAL,mef_soft,0.5,131245.53399999999,6.45431113243103,350,0.01,0.00983565853252823,True,True,False,True,True,89780.13958169299,88897.09278576473,2.0,OPTIMAL,1.0966651439666748,-1.1900031609002326e-06,-1.1900031609002326e-06,0.0,2.0,OPTIMAL,6.432973146438599,89780.13958169299,88897.09278576473,0.00983565853252823,322.0,6,31589.0,0.0,2.484608651753155,0.0,89780.139581693
M2__S1__D1__start001__ndays366__20260325T173641Z,M2,S1,D1,67,2024-03-07,2,OPTIMAL,mef_soft,0.5,51894.967515,3.007551908493042,350,0.01,0.008222708739216817,True,True,False,True,True,21639.501723994137,21461.566404055953,2.0,OPTIMAL,1.0163640975952148,-1.39018374625266e-05,-1.39018374625266e-05,0.0,2.0,OPTIMAL,2.985759973526001,21639.501723994137,21461.566404055953,0.008222708739216817,51.0,7,13361.0,0.0,1.1987362814914377,0.0,21639.501723994137
M2__S1__D1__start001__ndays366__20260325T173641Z,M2,S1,D1,68,2024-03-08,2,OPTIMAL,mef_soft,0.5,11102.0418235,3.312204122543335,350,0.01,0.0026167241995416405,True,True,False,True,True,16796.871364239854,16752.918584464463,2.0,OPTIMAL,1.1345031261444092,-3.515873459036811e-08,-3.518653102219105e-08,0.0,2.0,OPTIMAL,3.2944130897521973,16796.871364239854,16752.918584464463,0.0026167241995416405,2.0,4,12449.0,0.0,1.0949753957645143,9.651650563237127e-07,16796.87136423985
M2__S1__D1__start001__ndays366__20260325T173641Z,M2,S1,D1,69,2024-03-09,2,OPTIMAL,mef_soft,0.5,7309.9602735,18.71387004852295,350,0.01,1.2853812074888526e-05,True,True,False,True,True,16666.564964148845,16666.350735254866,2.0,OPTIMAL,0.8737430572509766,-3.1440406757063e-08,-3.1461240723729134e-08,0.0,2.0,OPTIMAL,18.698867082595825,16666.564964148845,16666.350735254866,1.2853812074888526e-05,1497.0,8,109263.0,0.0,10.114321643558819,5.454041343000426e-07,16666.56496414885
M2__S1__D1__start001__ndays366__20260325T173641Z,M2,S1,D1,70,2024-03-10,2,OPTIMAL,mef_soft,0.5,15190.258644499998,12.809062957763672,350,0.01,0.006259892606308029,True,True,False,True,True,15400.270453303467,15303.866414157688,2.0,OPTIMAL,0.93007493019104,-4.102493235791371e-06,-4.102493235791371e-06,0.0,2.0,OPTIMAL,12.791815042495728,15400.270453303467,15303.866414157688,0.006259892606308029,786.0,7,78685.0,0.0,6.963565931853757,0.0,15400.270453303467
M2__S1__D1__start001__ndays366__20260325T173641Z,M2,S1,D1,71,2024-03-11,2,OPTIMAL,mef_soft,0.5,26457.424871000003,12.498053073883057,350,0.01,0.004425694449745394,True,True,False,True,True,18927.419899173685,18843.652921977915,2.0,OPTIMAL,0.8368749618530273,0.0,0.0,0.0,2.0,OPTIMAL,12.486768960952759,18927.419899173685,18843.652921977915,0.004425694449745394,372.0,8,54982.0,0.0,7.000651476299542,0.0,18927.419899173685
M2__S1__D1__start001__ndays366__20260325T173641Z,M2,S1,D1,72,2024-03-12,2,OPTIMAL,mef_soft,0.5,86095.08119,8.219965934753418,350,0.01,0.009418135001937578,True,True,False,True,True,52331.383471069814,51838.51943670111,2.0,OPTIMAL,1.7028648853302002,0.0,0.0,0.0,2.0,OPTIMAL,8.203877925872803,52331.383471069814,51838.51943670111,0.009418135001937578,345.0,7,52415.0,0.0,3.8845214614726875,2.8630881941377046e-06,52331.38347106981
M2__S1__D1__start001__ndays366__20260325T173641Z,M2,S1,D1,73,2024-03-13,2,OPTIMAL,mef_soft,0.5,88085.15463,13.515645027160645,350,0.01,0.007349122119605544,True,True,False,True,True,56093.806212848365,55681.56598083665,2.0,OPTIMAL,1.064633846282959,1.2869350030086935e-09,0.0,inf,2.0,OPTIMAL,13.485384941101074,56093.806212848365,55681.56598083665,0.007349122119605544,391.0,10,53105.0,0.0,6.61834053547918,0.0,56093.80621284837
M2__S1__D1__start001__ndays366__20260325T173641Z,M2,S1,D1,74,2024-03-14,2,OPTIMAL,mef_soft,0.5,44810.61369,27.595700979232788,350,0.01,0.009945753701365596,True,True,False,True,True,40031.28504775574,39633.1437463216,2.0,OPTIMAL,1.6064579486846924,-7.33605460823128e-08,-7.337075658142567e-08,0.0,2.0,OPTIMAL,27.568500995635986,40031.28504775574,39633.1437463216,0.009945753701365596,691.0,6,131954.0,0.0,14.755518303548874,0.0,40031.28504775573
M2__S1__D1__start001__ndays366__20260325T173641Z,M2,S1,D1,75,2024-03-15,2,OPTIMAL,mef_soft,0.5,64306.439535,22.663460969924927,350,0.01,0.007396490553242739,True,True,False,True,True,51396.1644948559,51016.01324969679,2.0,OPTIMAL,3.917884111404419,0.0,-1.4551915228366852e-11,0.0,2.0,OPTIMAL,22.63354802131653,51396.1644948559,51016.01324969679,0.007396490553242739,470.0,6,73385.0,0.0,10.048776979757747,1.138083272720156e-06,51396.16449485589
M2__S1__D1__start001__ndays366__20260325T173641Z,M2,S1,D1,76,2024-03-16,2,OPTIMAL,mef_soft,0.5,60572.65871,75.95449304580688,350,0.01,0.009924088736983137,True,True,False,True,True,44096.699994115115,43659.08043036539,2.0,OPTIMAL,2.2887539863586426,-8.623374014860019e-09,-8.623374014860019e-09,0.0,2.0,OPTIMAL,75.93679094314575,44096.699994115115,43659.08043036539,0.009924088736983137,2602.0,9,548723.0,0.0,45.69825807337638,0.0,44096.69999411511
M2__S1__D1__start001__ndays366__20260325T173641Z,M2,S1,D1,77,2024-03-17,2,OPTIMAL,mef_soft,0.5,55076.60038,11.598655939102173,350,0.01,0.008563544705484653,True,True,False,True,True,31453.11274631365,31183.76260918395,2.0,OPTIMAL,1.4298040866851807,-1.2487419098761166e-08,-1.252919901162386e-08,0.0,2.0,OPTIMAL,11.578979015350342,31453.11274631365,31183.76260918395,0.008563544705484653,645.0,6,49528.0,0.0,5.547598854620238,7.924301268333381e-07,31453.112746313654
M2__S1__D1__start001__ndays366__20260325T173641Z,M2,S1,D1,78,2024-03-18,2,OPTIMAL,mef_soft,0.5,73028.78261,12.553184986114502,350,0.01,0.00941286637708346,True,True,False,True,True,110573.32712520994,109532.51517211077,2.0,OPTIMAL,1.5113680362701416,0.0,0.0,0.0,2.0,OPTIMAL,12.536110877990723,110573.32712520994,109532.51517211077,0.00941286637708346,701.0,9,48999.0,0.0,6.273288954097148,4.622983073642895e-06,110573.3271252099
M2__S1__D1__start001__ndays366__20260325T173641Z,M2,S1,D1,79,2024-03-19,2,OPTIMAL,mef_soft,0.5,71535.62982,20.887713193893433,350,0.01,0.009593599909208812,True,True,False,True,True,100911.48175550593,99943.37737329816,2.0,OPTIMAL,0.8813521862030029,-9.817370028031291e-09,-9.851646609604359e-09,0.0,2.0,OPTIMAL,20.87231707572937,100911.48175550593,99943.37737329816,0.009593599909208812,1086.0,4,103950.0,0.0,11.323428394199055,0.0,100911.48175550593
M2__S1__D1__start001__ndays366__20260325T173641Z,M2,S1,D1,80,2024-03-20,2,OPTIMAL,mef_soft,0.5,39742.316865,4.812152147293091,350,0.01,0.008951746370803728,True,True,False,True,True,63948.52652853665,63376.075538266574,2.0,OPTIMAL,0.862544059753418,0.0,0.0,0.0,2.0,OPTIMAL,4.790136098861694,63948.52652853665,63376.075538266574,0.008951746370803728,217.0,9,17450.0,0.0,1.5160810766658281,1.3911247332710962e-06,63948.526528536655
M2__S1__D1__start001__ndays366__20260325T173641Z,M2,S1,D1,81,2024-03-21,2,OPTIMAL,mef_soft,0.5,37548.179115,27.5285861492157,350,0.01,0.009531396615012722,True,True,False,True,True,36425.99367018361,36078.80307741715,2.0,OPTIMAL,1.8408050537109375,0.0,0.0,0.0,2.0,OPTIMAL,27.511055946350098,36425.99367018361,36078.80307741715,0.009531396615012722,1341.0,10,138628.0,0.0,14.217467157734967,0.0,36425.99367018362
M2__S1__D1__start001__ndays366__20260325T173641Z,M2,S1,D1,82,2024-03-22,2,OPTIMAL,mef_soft,0.5,58900.353915,54.14178514480591,350,0.01,0.009791017197194643,True,True,False,True,True,31689.835432069667,31379.559708378005,2.0,OPTIMAL,1.7592151165008545,-1.5231702121809576e-08,-1.5231702121809576e-08,0.0,2.0,OPTIMAL,54.12532901763916,31689.835432069667,31379.559708378005,0.009791017197194643,2762.0,9,356099.0,0.0,31.244682306591063,0.0,31689.83543206965
M2__S1__D1__start001__ndays366__20260325T173641Z,M2,S1,D1,83,2024-03-23,2,OPTIMAL,mef_soft,0.5,49635.51898,13.916944980621338,350,0.01,0.0054649528704845815,True,True,False,True,True,11962.033219970996,11896.661272188683,2.0,OPTIMAL,1.234771966934204,0.0,0.0,0.0,2.0,OPTIMAL,13.890602827072144,11962.033219970996,11896.661272188683,0.0054649528704845815,948.0,5,82526.0,0.0,7.246105067703381,1.0431568078106064e-06,11962.033219970997
M2__S1__D1__start001__ndays366__20260325T173641Z,M2,S1,D1,84,2024-03-24,2,OPTIMAL,mef_soft,0.5,40403.76225,6.353028059005737,350,0.01,0.00027408283747401075,True,True,False,True,True,12471.074724463524,12467.656616916693,2.0,OPTIMAL,2.551997184753418,-8.010722751805588e-08,-8.013739716261625e-08,0.0,2.0,OPTIMAL,6.3407251834869385,12471.074724463524,12467.656616916693,0.00027408283747401075,59.0,4,21590.0,0.0,2.4454847949252616,9.206636751125643e-07,12471.074724463522
M2__S1__D1__start001__ndays366__20260325T173641Z,M2,S1,D1,85,2024-03-25,2,OPTIMAL,mef_soft,0.5,46035.99097499999,15.780001878738403,350,0.01,0.008661801873435146,True,True,False,True,True,37917.89394001868,37589.45665525231,2.0,OPTIMAL,1.2305288314819336,8.697043085703626e-10,4.3655745685100555e-11,inf,2.0,OPTIMAL,15.76116394996643,37917.89394001868,37589.45665525231,0.008661801873435146,429.0,8,52561.0,0.0,8.526686871137965,8.308923115291969e-07,37917.89394001868
M2__S1__D1__start001__ndays366__20260325T173641Z,M2,S1,D1,86,2024-03-26,2,OPTIMAL,mef_soft,0.5,22623.597745,19.417499780654907,350,0.01,0.00019017996640620906,True,True,False,True,True,14746.901225283571,14744.09666010395,2.0,OPTIMAL,1.9408857822418213,-1.0040788595233607e-05,-1.0040788595233607e-05,0.0,2.0,OPTIMAL,19.401694774627686,14746.901225283571,14744.09666010395,0.00019017996640620906,376.0,9,107694.0,0.0,10.43478241607434,0.0,14746.901225283571
M2__S1__D1__start001__ndays366__20260325T173641Z,M2,S1,D1,87,2024-03-27,2,OPTIMAL,mef_soft,0.5,11147.88776,3.0015900135040283,350,0.01,1.3422149447496681e-09,True,True,False,True,True,15309.896887196399,15309.89686664723,2.0,OPTIMAL,1.938593864440918,0.0,4.3655745685100555e-11,0.0,2.0,OPTIMAL,2.9874448776245117,15309.896887196399,15309.89686664723,1.3422149447496681e-09,7.0,5,13307.0,0.0,1.2190729563470768,0.0,15309.896887196399
M2__S1__D1__start001__ndays366__20260325T173641Z,M2,S1,D1,88,2024-03-28,2,OPTIMAL,mef_soft,0.5,13477.069498500001,8.002732992172241,350,0.01,0.009186489274312983,True,True,False,True,True,17032.610148490086,16876.140258047428,2.0,OPTIMAL,1.7185618877410889,-1.2879411315225298e-08,-1.2879411315225298e-08,0.0,2.0,OPTIMAL,7.98219895362854,17032.610148490086,16876.140258047428,0.009186489274312983,227.0,9,52436.0,0.0,4.063627600035189,1.0517832156820055e-06,17032.61014849008
M2__S1__D1__start001__ndays366__20260325T173641Z,M2,S1,D1,89,2024-03-29,2,OPTIMAL,mef_soft,0.5,39964.68854,14.44883918762207,350,0.01,0.0018935040622057133,True,True,False,True,True,19059.075880556262,19022.98744295454,2.0,OPTIMAL,0.9648041725158691,-1.3678018717655505e-09,-1.3678018717655505e-09,0.0,2.0,OPTIMAL,14.424194097518921,19059.075880556262,19022.98744295454,0.0018935040622057133,371.0,4,56740.0,0.0,7.74977758668325,3.3061055954168694e-06,19059.075880556262
M2__S1__D1__start001__ndays366__20260325T173641Z,M2,S1,D1,90,2024-03-30,2,OPTIMAL,mef_soft,0.5,24497.12549,22.11264395713806,350,0.01,0.00992588761129429,True,True,False,True,True,19014.01307626426,18825.282119429583,2.0,OPTIMAL,1.9811930656433105,0.0,0.0,0.0,2.0,OPTIMAL,22.088556051254272,19014.01307626426,18825.282119429583,0.00992588761129429,642.0,8,103213.0,0.0,12.755049699874037,0.0,19014.013076264262
M2__S1__D1__start001__ndays366__20260325T173641Z,M2,S1,D1,91,2024-03-31,2,OPTIMAL,mef_soft,0.5,9018.788074,8.236135005950928,350,0.01,0.0009772437511510266,True,True,False,True,True,12783.994941350702,12771.50186217952,2.0,OPTIMAL,1.1167378425598145,0.0,0.0,0.0,2.0,OPTIMAL,8.215341806411743,12783.994941350702,12771.50186217952,0.0009772437511510266,268.0,9,31583.0,0.0,3.30331496029178,1.001879860244416e-06,12783.994941350702
M2__S1__D1__start001__ndays366__20260325T173641Z,M2,S1,D1,92,2024-04-01,2,OPTIMAL,mef_soft,0.5,19023.5866705,12.248775959014893,350,0.01,0.004180715297505392,True,True,False,True,True,17528.300929560683,17455.02009372519,2.0,OPTIMAL,1.2230918407440186,1.9904081938193485e-08,1.9904081938193485e-08,0.0,2.0,OPTIMAL,12.226524829864502,17528.300929560683,17455.02009372519,0.004180715297505392,415.0,8,61106.0,11.0,6.416819359644915,2.299732337181244e-06,17528.300929560686
M2__S1__D1__start001__ndays366__20260325T173641Z,M2,S1,D1,93,2024-04-02,2,OPTIMAL,mef_soft,0.5,52395.39974,14.868387222290039,350,0.01,0.007398194185467677,True,True,False,True,True,18428.24852589978,18291.912764807115,2.0,OPTIMAL,1.5250821113586426,0.0,0.0,0.0,2.0,OPTIMAL,14.848894119262695,18428.24852589978,18291.912764807115,0.007398194185467677,613.0,7,61506.0,0.0,8.091060223539134,0.0,18428.24852589977
M2__S1__D1__start001__ndays366__20260325T173641Z,M2,S1,D1,94,2024-04-03,2,OPTIMAL,mef_soft,0.5,46615.82957,12.538897037506104,350,0.01,0.007795282053402478,True,True,False,True,True,18082.29707311622,17941.340467257865,2.0,OPTIMAL,0.968513011932373,-1.3193307950132294e-05,-1.3193319318816066e-05,0.0,2.0,OPTIMAL,12.524089097976685,18082.29707311622,17941.340467257865,0.007795282053402478,436.0,9,41625.0,0.0,6.711897546684863,0.0,18082.29707311622
M2__S1__D1__start001__ndays366__20260325T173641Z,M2,S1,D1,95,2024-04-04,2,OPTIMAL,mef_soft,0.5,78373.11557,5.834625005722046,350,0.01,0.0057915587173536995,True,True,False,True,True,17708.06123750131,17605.50396107383,2.0,OPTIMAL,1.207732915878296,-4.030883005157193e-07,-4.030883005157193e-07,0.0,2.0,OPTIMAL,5.820780038833618,17708.06123750131,17605.50396107383,0.0057915587173536995,285.0,6,23262.0,0.0,2.2799588587318005,1.096952036163313e-06,17708.06123750131
M2__S1__D1__start001__ndays366__20260325T173641Z,M2,S1,D1,96,2024-04-05,2,OPTIMAL,mef_soft,0.5,76781.55494999999,6.4374449253082275,350,0.01,0.008457871855488047,True,True,False,True,True,15139.676743343522,15011.627297514811,2.0,OPTIMAL,0.8220059871673584,0.0,0.0,0.0,2.0,OPTIMAL,6.424011945724487,15139.676743343522,15011.627297514811,0.008457871855488047,294.0,7,21670.0,0.0,2.8819409362299755,0.0,15139.676743343522
M2__S1__D1__start001__ndays366__20260325T173641Z,M2,S1,D1,97,2024-04-06,2,OPTIMAL,mef_soft,0.5,61299.733405,9.551759004592896,350,0.01,1.2517571705666654e-05,True,True,False,True,True,13493.356876181151,13493.187972118905,2.0,OPTIMAL,1.2352969646453857,0.0,0.0,0.0,2.0,OPTIMAL,9.525861978530884,13493.356876181151,13493.187972118905,1.2517571705666654e-05,375.0,9,24237.0,0.0,3.960150727559594,0.0,13493.356876181153
M2__S1__D1__start001__ndays366__20260325T173641Z,M2,S1,D1,98,2024-04-07,2,OPTIMAL,mef_soft,0.5,75049.44472500001,19.501999139785767,350,0.01,0.009870339267142625,True,True,False,True,True,17808.337040800798,17632.56271242447,2.0,OPTIMAL,2.1313250064849854,5.243236955720931e-10,-1.4551915228366852e-11,inf,2.0,OPTIMAL,19.48386311531067,17808.337040800798,17632.56271242447,0.009870339267142625,846.0,8,94315.0,0.0,11.421287561232244,9.87579252596499e-07,17808.3370408008
M2__S1__D1__start001__ndays366__20260325T173641Z,M2,S1,D1,99,2024-04-08,2,OPTIMAL,mef_soft,0.5,38192.2459635,8.792248964309692,350,0.01,0.00247503222119296,True,True,False,True,True,15081.870876702753,15044.542760327042,2.0,OPTIMAL,2.3412630558013916,0.0,0.0,0.0,2.0,OPTIMAL,8.769229888916016,15081.870876702753,15044.542760327042,0.00247503222119296,299.0,7,35285.0,66.0,4.148010157974623,0.0,15081.87087670275
M2__S1__D1__start001__ndays366__20260325T173641Z,M2,S1,D1,100,2024-04-09,2,OPTIMAL,mef_soft,0.5,100270.37283499999,2.571336030960083,350,0.01,0.009637460632501166,True,True,False,True,True,16289.30259655658,16132.315084051368,2.0,OPTIMAL,1.3521158695220947,-6.756067705282476e-09,-6.756067705282476e-09,0.0,2.0,OPTIMAL,2.5609078407287598,16289.30259655658,16132.315084051368,0.009637460632501166,40.0,6,9312.0,0.0,0.9358576763384678,1.0447294585198305e-06,16289.302596556581
M2__S1__D1__start001__ndays366__20260325T173641Z,M2,S1,D1,101,2024-04-10,2,OPTIMAL,mef_soft,0.5,109651.752195,3.3111391067504883,350,0.01,0.0022506295582696693,True,True,False,True,True,20343.380713447936,20297.595299499117,2.0,OPTIMAL,0.9387121200561523,0.0,0.0,0.0,2.0,OPTIMAL,3.3002431392669678,20343.380713447936,20297.595299499117,0.0022506295582696693,84.0,5,9428.0,0.0,1.1121801572285261,7.897793631228963e-06,20343.380713447932
M2__S1__D1__start001__ndays366__20260325T173641Z,M2,S1,D1,102,2024-04-11,2,OPTIMAL,mef_soft,0.5,110245.76749500001,10.653863906860352,350,0.01,0.005242307088347823,True,True,False,True,True,15858.689881770166,15775.553759391056,2.0,OPTIMAL,1.5829389095306396,-7.5307980296202e-08,-7.5307980296202e-08,0.0,2.0,OPTIMAL,10.628171920776367,15858.689881770166,15775.553759391056,0.005242307088347823,699.0,10,42962.0,0.0,5.165975464387616,0.0,15858.689881770164
M2__S1__D1__start001__ndays366__20260325T173641Z,M2,S1,D1,103,2024-04-12,2,OPTIMAL,mef_soft,0.5,116874.941505,8.661601066589355,350,0.01,0.009752956956158155,True,True,False,True,True,26668.039916159734,26407.947670752324,2.0,OPTIMAL,0.8660590648651123,0.0,0.0,0.0,2.0,OPTIMAL,8.641032934188843,26668.039916159734,26407.947670752324,0.009752956956158155,435.0,7,30320.0,0.0,3.7746741618784596,3.7155722806592744e-06,26668.039916159745
M2__S1__D1__start001__ndays366__20260325T173641Z,M2,S1,D1,104,2024-04-13,2,OPTIMAL,mef_soft,0.5,66128.490725,11.760406017303467,350,0.01,0.009923969848857142,True,True,False,True,True,18967.965396285817,18779.727879598908,2.0,OPTIMAL,1.4848167896270752,0.0,0.0,0.0,2.0,OPTIMAL,11.734120845794678,18967.965396285817,18779.727879598908,0.009923969848857142,651.0,9,48992.0,0.0,5.694198745173398,9.87090295517074e-07,18967.965396285817
M2__S1__D1__start001__ndays366__20260325T173641Z,M2,S1,D1,105,2024-04-14,2,OPTIMAL,mef_soft,0.5,93151.756105,8.64481782913208,350,0.01,0.008909002841749657,True,True,False,True,True,16124.956019507994,15981.298740507109,2.0,OPTIMAL,1.0717740058898926,-2.454390255479666e-07,-2.4541805032640696e-07,0.0,2.0,OPTIMAL,8.620151996612549,16124.956019507994,15981.298740507109,0.008909002841749657,374.0,8,29513.0,0.0,4.3191662874834185,8.821165297403385e-07,16124.956019507992
M2__S1__D1__start001__ndays366__20260325T173641Z,M2,S1,D1,106,2024-04-15,2,OPTIMAL,mef_soft,0.5,89454.730465,15.556149005889893,350,0.01,0.0070615253324810435,True,True,False,True,True,20449.357216662087,20304.953562643674,2.0,OPTIMAL,1.0205800533294678,-5.6260205383296125e-09,-5.704350769519806e-09,0.0,2.0,OPTIMAL,15.538518905639648,20449.357216662087,20304.953562643674,0.0070615253324810435,647.0,7,78218.0,0.0,8.42192846892956,0.00012690862395043273,20449.35721666209
M2__S1__D1__start001__ndays366__20260325T173641Z,M2,S1,D1,107,2024-04-16,2,OPTIMAL,mef_soft,0.5,108398.14244,8.827388048171997,350,0.01,0.003315882318910169,True,True,False,True,True,15878.65449691211,15826.002747217715,2.0,OPTIMAL,0.7731480598449707,0.0,0.0,0.0,2.0,OPTIMAL,8.804189920425415,15878.65449691211,15826.002747217715,0.003315882318910169,551.0,8,35865.0,0.0,4.343379457763121,2.077098124889844e-06,15878.654496912106
M2__S1__D1__start001__ndays366__20260325T173641Z,M2,S1,D1,108,2024-04-17,2,OPTIMAL,mef_soft,0.5,95766.537705,253.56410694122314,350,0.01,0.0006687236953956568,True,True,False,True,True,16460.884555639495,16449.87677208997,2.0,OPTIMAL,1.6064329147338867,0.0,0.0,0.0,2.0,OPTIMAL,253.52301692962646,16460.884555639495,16449.87677208997,0.0006687236953956568,8428.0,9,636818.0,0.0,117.45865582700316,9.966594594350852e-07,16460.88455563949
M2__S1__D1__start001__ndays366__20260325T173641Z,M2,S1,D1,109,2024-04-18,2,OPTIMAL,mef_soft,0.5,73232.401705,13.632456064224243,350,0.01,0.003824027368944571,True,True,False,True,True,18008.88094379119,17940.01449017807,2.0,OPTIMAL,1.557563066482544,0.0,2.9103830456733704e-11,0.0,2.0,OPTIMAL,13.611883163452148,18008.88094379119,17940.01449017807,0.003824027368944571,519.0,9,48073.0,0.0,7.410456569205151,2.3276417911988283e-06,18008.88094379119
M2__S1__D1__start001__ndays366__20260325T173641Z,M2,S1,D1,110,2024-04-19,2,OPTIMAL,mef_soft,0.5,73436.76585,10.59785795211792,350,0.01,0.00844932769704474,True,True,False,True,True,24459.70938668643,24253.04128670384,2.0,OPTIMAL,1.0234200954437256,-2.614322762717336e-07,-2.614322762717336e-07,0.0,2.0,OPTIMAL,10.57564401626587,24459.70938668643,24253.04128670384,0.00844932769704474,324.0,5,31515.0,0.0,4.228344105792415,4.386394983256032e-06,24459.70938668643
M2__S1__D1__start001__ndays366__20260325T173641Z,M2,S1,D1,111,2024-04-20,2,OPTIMAL,mef_soft,0.5,61738.7694,28.86680006980896,350,0.01,0.008877663999436607,True,True,False,True,True,19126.06638359347,18956.271592609006,2.0,OPTIMAL,1.28572416305542,-2.0371658138174098e-08,-2.0372681319713593e-08,0.0,2.0,OPTIMAL,28.836777210235596,19126.06638359347,18956.271592609006,0.008877663999436607,1563.0,9,155164.0,0.0,15.302360548693258,1.1663775257256198e-05,19126.066383593465
M2__S1__D1__start001__ndays366__20260325T173641Z,M2,S1,D1,112,2024-04-21,2,OPTIMAL,mef_soft,0.5,75301.755405,5.277438163757324,350,0.01,0.005862840376389753,True,True,False,True,True,14429.326388840647,14344.729551484046,2.0,OPTIMAL,0.8671181201934814,0.0,-2.9103830456733704e-11,0.0,2.0,OPTIMAL,5.260065078735352,14429.326388840647,14344.729551484046,0.005862840376389753,294.0,5,25619.0,0.0,2.4644976067309545,2.2971961312019024e-06,14429.32638884065
M2__S1__D1__start001__ndays366__20260325T173641Z,M2,S1,D1,113,2024-04-22,2,OPTIMAL,mef_soft,0.5,56878.862175,5.415618896484375,350,0.01,0.009440917286105827,True,True,False,True,True,17789.643112177677,17621.692563006265,2.0,OPTIMAL,0.8329498767852783,0.0,0.0,0.0,2.0,OPTIMAL,5.3937718868255615,17789.643112177677,17621.692563006265,0.009440917286105827,278.0,6,22098.0,0.0,2.350503692838726,4.61414643265361e-06,17789.643112177673
M2__S1__D1__start001__ndays366__20260325T173641Z,M2,S1,D1,114,2024-04-23,2,OPTIMAL,mef_soft,0.5,73961.37318,25.439003944396973,350,0.01,0.009314639605894567,True,True,False,True,True,17433.595296665582,17271.207639442127,2.0,OPTIMAL,7.851685047149658,-2.4022483557928354e-07,-2.4022483557928354e-07,0.0,2.0,OPTIMAL,25.415438175201416,17433.595296665582,17271.207639442127,0.009314639605894567,1045.0,9,77533.0,1540.0,12.137876030030206,2.3339850640040297e-05,17433.595296665582
M2__S1__D1__start001__ndays366__20260325T173641Z,M2,S1,D1,115,2024-04-24,2,OPTIMAL,mef_soft,0.5,101425.026595,9.478348016738892,350,0.01,0.0076115293411503845,True,True,False,True,True,25522.277765095496,25328.01419903348,2.0,OPTIMAL,1.0163090229034424,-2.4027792505876278e-05,-2.402781683485955e-05,0.0,2.0,OPTIMAL,9.45799994468689,25522.277765095496,25328.01419903348,0.0076115293411503845,338.0,6,30389.0,0.0,4.46390826893955,0.0,25522.277765095492
M2__S1__D1__start001__ndays366__20260325T173641Z,M2,S1,D1,116,2024-04-25,2,OPTIMAL,mef_soft,0.5,70893.00454,11.630367994308472,350,0.01,0.009887913531915461,True,True,False,True,True,53790.724464733146,53258.84643240677,2.0,OPTIMAL,1.3258438110351562,0.0,0.0,0.0,2.0,OPTIMAL,11.616261959075928,53790.724464733146,53258.84643240677,0.009887913531915461,342.0,9,33801.0,13.0,5.079888592242338,1.0138282735438488e-06,53790.72446473314
M2__S1__D1__start001__ndays366__20260325T173641Z,M2,S1,D1,117,2024-04-26,2,OPTIMAL,mef_soft,0.5,56864.298475,6.050146102905273,350,0.01,0.009624032030512594,True,True,False,True,True,64939.69195600326,64314.710280567066,2.0,OPTIMAL,2.203922986984253,-8.103197046693822e-08,-8.103197046693822e-08,0.0,2.0,OPTIMAL,6.035944938659668,64939.69195600326,64314.710280567066,0.009624032030512594,92.0,6,19877.0,0.0,2.0250758227590873,4.981673016106431e-06,64939.69195600327
M2__S1__D1__start001__ndays366__20260325T173641Z,M2,S1,D1,118,2024-04-27,2,OPTIMAL,mef_soft,0.5,6331.9237975,16.7169029712677,350,0.01,0.008594311032770282,True,True,False,True,True,14242.80392616526,14120.396839245035,2.0,OPTIMAL,2.9283928871154785,0.0,0.0,0.0,2.0,OPTIMAL,16.689734935760498,14242.80392616526,14120.396839245035,0.008594311032770282,438.0,10,64907.0,0.0,7.761961493509462,0.0,14242.803926165261
M2__S1__D1__start001__ndays366__20260325T173641Z,M2,S1,D1,119,2024-04-28,2,OPTIMAL,mef_soft,0.5,64394.16605,6.120512962341309,350,0.01,0.006945101330708016,True,True,False,True,True,25662.03997172902,25483.814503772683,2.0,OPTIMAL,1.2018020153045654,0.0,0.0,0.0,2.0,OPTIMAL,6.096369981765747,25662.03997172902,25483.814503772683,0.006945101330708016,366.0,5,34488.0,0.0,2.5269687883710747,0.0,25662.039971729024
M2__S1__D1__start001__ndays366__20260325T173641Z,M2,S1,D1,120,2024-04-29,2,OPTIMAL,mef_soft,0.5,77882.832715,15.66421389579773,350,0.01,0.006650068849180226,True,True,False,True,True,92893.57295440955,92275.8242986164,2.0,OPTIMAL,1.0537497997283936,0.0,0.0,0.0,2.0,OPTIMAL,15.651196002960205,92893.57295440955,92275.8242986164,0.006650068849180226,498.0,8,53208.0,0.0,7.67939617272806,1.3760817019020599e-06,92893.57295440957
M2__S1__D1__start001__ndays366__20260325T173641Z,M2,S1,D1,121,2024-04-30,2,OPTIMAL,mef_soft,0.5,28483.2734,11.75964617729187,350,0.01,0.009632554965803421,True,True,False,True,True,55753.21363231816,55216.167737484684,2.0,OPTIMAL,1.069775104522705,0.0,0.0,0.0,2.0,OPTIMAL,11.732051134109497,55753.21363231816,55216.167737484684,0.009632554965803421,362.0,6,43393.0,0.0,5.780237417366519,0.0,55753.21363231818
M2__S1__D1__start001__ndays366__20260325T173641Z,M2,S1,D1,122,2024-05-01,2,OPTIMAL,mef_soft,0.5,51956.690350000004,7.518301010131836,350,0.01,0.0018319075267935183,True,True,False,True,True,13384.720954257202,13360.201383197069,2.0,OPTIMAL,1.4507660865783691,0.0,0.0,0.0,2.0,OPTIMAL,7.496023893356323,13384.720954257202,13360.201383197069,0.0018319075267935183,264.0,10,33859.0,0.0,2.8682951448792315,0.0,13384.7209542572
M2__S1__D1__start001__ndays366__20260325T173641Z,M2,S1,D1,123,2024-05-02,2,OPTIMAL,mef_soft,0.5,37537.204345000006,14.56956696510315,350,0.01,0.005589233632744622,True,True,False,True,True,16872.66044546321,16778.355204227548,2.0,OPTIMAL,2.647555112838745,-7.68297354625247e-08,-7.689232006669044e-08,0.0,2.0,OPTIMAL,14.554094076156616,16872.66044546321,16778.355204227548,0.005589233632744622,468.0,9,56034.0,0.0,7.2702609418782025,0.0,16872.660445463218
M2__S1__D1__start001__ndays366__20260325T173641Z,M2,S1,D1,124,2024-05-03,2,OPTIMAL,mef_soft,0.5,22616.279629999997,6.631419897079468,350,0.01,0.009813563497688114,True,True,False,True,True,29865.27029163607,29572.18556525348,2.0,OPTIMAL,2.820124864578247,0.0,0.0,0.0,2.0,OPTIMAL,6.617780923843384,29865.27029163607,29572.18556525348,0.009813563497688114,165.0,8,36659.0,0.0,2.848869795466714,1.0025914690021534e-06,29865.270291636072
M2__S1__D1__start001__ndays366__20260325T173641Z,M2,S1,D1,125,2024-05-04,2,OPTIMAL,mef_soft,0.5,13898.674933999999,5.019308090209961,350,0.01,1.0722596771317344e-10,True,True,False,True,True,13107.937510125768,13107.937508720257,2.0,OPTIMAL,1.7065181732177734,-2.7862057550009922e-08,-2.7862057550009922e-08,0.0,2.0,OPTIMAL,5.008584022521973,13107.937510125768,13107.937508720257,1.0722596771317344e-10,133.0,6,22786.0,0.0,1.8962795663941165,9.62835597502277e-07,13107.937510125768
M2__S1__D1__start001__ndays366__20260325T173641Z,M2,S1,D1,126,2024-05-05,2,OPTIMAL,mef_soft,0.5,15753.128236,13.48569393157959,350,0.01,9.892244072810897e-07,True,True,False,True,True,16063.4237136035,16063.407823272699,2.0,OPTIMAL,2.001321792602539,2.134025933742123e-08,2.1289451979100704e-08,0.0,2.0,OPTIMAL,13.458743810653687,16063.4237136035,16063.407823272699,9.892244072810897e-07,417.0,10,50635.0,22.0,7.134664455959185,0.0,16063.423713603503
M2__S1__D1__start001__ndays366__20260325T173641Z,M2,S1,D1,127,2024-05-06,2,OPTIMAL,mef_soft,0.5,33389.647410000005,11.339246988296509,350,0.01,0.006906974722377761,True,True,False,True,True,61673.367207965035,61247.390819615706,2.0,OPTIMAL,1.3787009716033936,-3.2229937563243993e-07,-3.2229937563243993e-07,0.0,2.0,OPTIMAL,11.316303014755249,61673.367207965035,61247.390819615706,0.006906974722377761,367.0,5,36627.0,0.0,5.214573241524648,0.0,61673.36720796504
M2__S1__D1__start001__ndays366__20260325T173641Z,M2,S1,D1,128,2024-05-07,2,OPTIMAL,mef_soft,0.5,26874.651325,14.168462038040161,350,0.01,0.006915417968450385,True,True,False,True,True,40526.29279790531,40246.036544496,2.0,OPTIMAL,1.4262549877166748,0.0,0.0,0.0,2.0,OPTIMAL,14.154605865478516,40526.29279790531,40246.036544496,0.006915417968450385,531.0,9,49901.0,0.0,6.684482485636497,1.8156926104533597e-06,40526.29279790532
M2__S1__D1__start001__ndays366__20260325T173641Z,M2,S1,D1,129,2024-05-08,2,OPTIMAL,mef_soft,0.5,49245.104810000004,18.84969401359558,350,0.01,0.009348541111272252,True,True,False,True,True,29492.699817183577,29216.98610046022,2.0,OPTIMAL,0.9555380344390869,0.0,0.0,0.0,2.0,OPTIMAL,18.825488805770874,29492.699817183577,29216.98610046022,0.009348541111272252,437.0,7,61913.0,0.0,9.013506799679114,0.0,29492.69981718357
M2__S1__D1__start001__ndays366__20260325T173641Z,M2,S1,D1,130,2024-05-09,2,OPTIMAL,mef_soft,0.5,62263.12197,18.65025496482849,350,0.01,0.009536823703620358,True,True,False,True,True,33041.89542999617,32726.780698446837,2.0,OPTIMAL,0.9122700691223145,-6.568154731212417e-08,-6.568154731212417e-08,0.0,2.0,OPTIMAL,18.631114959716797,33041.89542999617,32726.780698446837,0.009536823703620358,577.0,7,67159.0,0.0,9.523718162970502,2.4451095249074462e-06,33041.89542999617
M2__S1__D1__start001__ndays366__20260325T173641Z,M2,S1,D1,131,2024-05-10,2,OPTIMAL,mef_soft,0.5,41479.767869999996,5.925343036651611,350,0.01,0.008138056128765728,True,True,False,True,True,28724.522395990854,28490.7606204603,2.0,OPTIMAL,1.9754669666290283,-2.7758392207033467e-05,-2.7758392207033467e-05,0.0,2.0,OPTIMAL,5.902663946151733,28724.522395990854,28490.7606204603,0.008138056128765728,215.0,8,29893.0,0.0,2.3761386901312274,0.0,28724.522395990854
M2__S1__D1__start001__ndays366__20260325T173641Z,M2,S1,D1,132,2024-05-11,2,OPTIMAL,mef_soft,0.5,39284.067565,14.130185842514038,350,0.01,0.0036146345452374314,True,True,False,True,True,14257.282929671277,14205.748062272463,2.0,OPTIMAL,1.5893008708953857,0.0,0.0,0.0,2.0,OPTIMAL,14.113478899002075,14257.282929671277,14205.748062272463,0.0036146345452374314,426.0,7,53982.0,0.0,7.26963527365209,9.91857054891328e-07,14257.282929671277
M2__S1__D1__start001__ndays366__20260325T173641Z,M2,S1,D1,133,2024-05-12,2,OPTIMAL,mef_soft,0.5,58461.944965,3.496899127960205,350,0.01,0.00943289372444514,True,True,False,True,True,19279.51047034698,19097.648897020867,2.0,OPTIMAL,1.111989974975586,-1.9257575445408293e-07,-1.9265280570834875e-07,0.0,2.0,OPTIMAL,3.4860451221466064,19279.51047034698,19097.648897020867,0.00943289372444514,149.0,6,15192.0,0.0,1.591338068704151,8.597455283385992e-07,19279.510470346984
M2__S1__D1__start001__ndays366__20260325T173641Z,M2,S1,D1,134,2024-05-13,2,OPTIMAL,mef_soft,0.5,19860.324775,23.031310081481934,350,0.01,0.009059669242870758,True,True,False,True,True,26976.459910076643,26732.062105947785,2.0,OPTIMAL,2.2818689346313477,3.449667929089628e-08,3.449667929089628e-08,0.0,2.0,OPTIMAL,23.01716899871826,26976.459910076643,26732.062105947785,0.009059669242870758,748.0,9,119536.0,52.0,13.101322624239836,4.2110958986540936e-07,26976.45991007663
M2__S1__D1__start001__ndays366__20260325T173641Z,M2,S1,D1,135,2024-05-14,2,OPTIMAL,mef_soft,0.5,23767.043949500003,1.5600059032440186,350,0.01,8.007651228696852e-06,True,True,False,True,True,12473.045319763753,12472.94543996707,2.0,OPTIMAL,0.825873851776123,0.0,0.0,0.0,2.0,OPTIMAL,1.540665864944458,12473.045319763753,12472.94543996707,8.007651228696852e-06,2.0,4,6995.0,0.0,0.4879413473231025,9.879187157503964e-07,12473.045319763753
M2__S1__D1__start001__ndays366__20260325T173641Z,M2,S1,D1,136,2024-05-15,2,OPTIMAL,mef_soft,0.5,36164.166945,5.821860074996948,350,0.01,0.009015366883982238,True,True,False,True,True,18971.561567813325,18800.52597991743,2.0,OPTIMAL,1.12300705909729,-1.0919041315560207e-07,-1.0919041315560207e-07,0.0,2.0,OPTIMAL,5.802896976470947,18971.561567813325,18800.52597991743,0.009015366883982238,269.0,5,23341.0,0.0,2.3363393935095,0.0,18971.56156781333
M2__S1__D1__start001__ndays366__20260325T173641Z,M2,S1,D1,137,2024-05-16,2,OPTIMAL,mef_soft,0.5,13006.23768,21.845731019973755,350,0.01,0.0015137786096809658,True,True,False,True,True,18964.618106487374,18935.90987325701,2.0,OPTIMAL,2.896972894668579,-4.235502615301812e-09,-4.235502615301812e-09,0.0,2.0,OPTIMAL,21.819304943084717,18964.618106487374,18935.90987325701,0.0015137786096809658,393.0,8,65486.0,0.0,11.99341232137068,0.0,18964.61810648737
M2__S1__D1__start001__ndays366__20260325T173641Z,M2,S1,D1,138,2024-05-17,2,OPTIMAL,mef_soft,0.5,25888.61951,13.893728971481323,350,0.01,0.009551128145164938,True,True,False,True,True,30222.18697632906,29933.530995691006,2.0,OPTIMAL,1.4710190296173096,-6.496365401176263e-08,-6.497430149465799e-08,0.0,2.0,OPTIMAL,13.870791912078857,30222.18697632906,29933.530995691006,0.009551128145164938,372.0,4,40256.0,0.0,6.375594363012738,0.0,30222.18697632906
M2__S1__D1__start001__ndays366__20260325T173641Z,M2,S1,D1,139,2024-05-18,2,OPTIMAL,mef_soft,0.5,27992.055569999997,7.86376690864563,350,0.01,0.009890821904104175,True,True,False,True,True,23032.75104551333,22804.93820696059,2.0,OPTIMAL,4.8343000411987305,0.0,0.0,0.0,2.0,OPTIMAL,7.841018915176392,23032.75104551333,22804.93820696059,0.009890821904104175,196.0,9,27638.0,0.0,2.8315227813473176,1.0019448708523892e-06,23032.75104551333
M2__S1__D1__start001__ndays366__20260325T173641Z,M2,S1,D1,140,2024-05-19,2,OPTIMAL,mef_soft,0.5,26321.973855000004,16.895745992660522,350,0.01,0.009737797651310744,True,True,False,True,True,19235.945621095372,19048.629875005532,2.0,OPTIMAL,1.8940470218658447,0.0,0.0,0.0,2.0,OPTIMAL,16.873576164245605,19235.945621095372,19048.629875005532,0.009737797651310744,691.0,8,97985.0,0.0,9.169836929849335,9.871585517926343e-07,19235.945621095376
M2__S1__D1__start001__ndays366__20260325T173641Z,M2,S1,D1,141,2024-05-20,2,OPTIMAL,mef_soft,0.5,29655.55863,32.682992935180664,350,0.01,0.006431605453740118,True,True,False,True,True,30021.26160990524,29828.176700006814,2.0,OPTIMAL,20.478641033172607,-1.8075866137223784e-08,-1.8075866137223784e-08,0.0,2.0,OPTIMAL,32.65806007385254,30021.26160990524,29828.176700006814,0.006431605453740118,1246.0,5,180103.0,0.0,16.609948191899303,9.037144257396498e-07,30021.26160990524
M2__S1__D1__start001__ndays366__20260325T173641Z,M2,S1,D1,142,2024-05-21,2,OPTIMAL,mef_soft,0.5,35825.37971,11.565025806427002,350,0.01,0.009971453136275983,True,True,False,True,True,44172.212382797035,43731.75123709635,2.0,OPTIMAL,1.8112449645996094,0.0,0.0,0.0,2.0,OPTIMAL,11.550790786743164,44172.212382797035,43731.75123709635,0.009971453136275983,454.0,9,39017.0,0.0,5.420481376867846,0.0,44172.212382797035
M2__S1__D1__start001__ndays366__20260325T173641Z,M2,S1,D1,143,2024-05-22,2,OPTIMAL,mef_soft,0.5,39423.789875,18.810976028442383,350,0.01,0.008738552018904264,True,True,False,True,True,44855.048412517936,44463.08023865468,2.0,OPTIMAL,4.020188093185425,0.0,0.0,0.0,2.0,OPTIMAL,18.79715609550476,44855.048412517936,44463.08023865468,0.008738552018904264,857.0,7,67476.0,0.0,8.48845352245701,6.370593467244394e-06,44855.04841251793
M2__S1__D1__start001__ndays366__20260325T173641Z,M2,S1,D1,144,2024-05-23,2,OPTIMAL,mef_soft,0.5,41186.593420000005,74.80465793609619,350,0.01,0.00931412448373133,True,True,False,True,True,72717.23746173753,72039.94005990586,2.0,OPTIMAL,25.319530963897705,-2.6958263532605997e-07,-2.6958263532605997e-07,0.0,2.0,OPTIMAL,74.7792649269104,72717.23746173753,72039.94005990586,0.00931412448373133,3016.0,8,474499.0,0.0,41.58993374498745,0.0,72717.23746173755
M2__S1__D1__start001__ndays366__20260325T173641Z,M2,S1,D1,145,2024-05-24,2,OPTIMAL,mef_soft,0.5,36609.264129999996,62.35884213447571,350,0.01,0.009992030661648367,True,True,False,True,True,72280.76151954636,71558.52993419576,2.0,OPTIMAL,1.7021870613098145,-2.1190603405329966e-06,-2.1190603405329966e-06,0.0,2.0,OPTIMAL,62.3331401348114,72280.76151954636,71558.52993419576,0.009992030661648367,3099.0,8,411524.0,0.0,35.63495693382542,0.0,72280.76151954639
M2__S1__D1__start001__ndays366__20260325T173641Z,M2,S1,D1,146,2024-05-25,2,OPTIMAL,mef_soft,0.5,16715.75971,23.13909101486206,350,0.01,0.009809629462994029,True,True,False,True,True,22290.332017636556,22071.672119936433,2.0,OPTIMAL,1.3085730075836182,-6.847797351383633e-08,-6.84813130646944e-08,0.0,2.0,OPTIMAL,23.120342016220093,22290.332017636556,22071.672119936433,0.009809629462994029,1032.0,5,121589.0,0.0,12.959808299295942,0.0,22290.332017636552
M2__S1__D1__start001__ndays366__20260325T173641Z,M2,S1,D1,147,2024-05-26,2,OPTIMAL,mef_soft,0.5,36332.790745000006,2.596527099609375,350,0.01,0.00703488198897911,True,True,False,True,True,18898.61117964908,18765.661680244648,2.0,OPTIMAL,0.9013469219207764,-4.440132173044731e-08,-4.4426997192204e-08,0.0,2.0,OPTIMAL,2.577035903930664,18898.61117964908,18765.661680244648,0.00703488198897911,31.0,5,9688.0,0.0,1.0939990474998607,0.0,18898.611179649077
M2__S1__D1__start001__ndays366__20260325T173641Z,M2,S1,D1,148,2024-05-27,2,OPTIMAL,mef_soft,0.5,48659.251635,13.293340921401978,350,0.01,0.009113737028122708,True,True,False,True,True,46095.44957759147,45675.34777194821,2.0,OPTIMAL,1.8765039443969727,0.0,0.0,0.0,2.0,OPTIMAL,13.271087884902954,46095.44957759147,45675.34777194821,0.009113737028122708,432.0,8,46728.0,0.0,6.3087602604700885,0.0,46095.44957759148
M2__S1__D1__start001__ndays366__20260325T173641Z,M2,S1,D1,149,2024-05-28,2,OPTIMAL,mef_soft,0.5,41779.331,5.93470311164856,350,0.01,0.009794007711169053,True,True,False,True,True,24340.45639303747,24102.06577543069,2.0,OPTIMAL,1.228053092956543,-3.751688382180873e-08,-3.7558493204414845e-08,0.0,2.0,OPTIMAL,5.911602020263672,24340.45639303747,24102.06577543069,0.009794007711169053,347.0,7,30834.0,0.0,2.323778081260448,0.0,24340.456393037468
M2__S1__D1__start001__ndays366__20260325T173641Z,M2,S1,D1,150,2024-05-29,2,OPTIMAL,mef_soft,0.5,40645.014030000006,33.16123104095459,350,0.01,0.009898825256144023,True,True,False,True,True,52382.21178850308,51863.68942747836,2.0,OPTIMAL,1.2016870975494385,-1.2810016869480023e-07,-1.2810016869480023e-07,0.0,2.0,OPTIMAL,33.138280153274536,52382.21178850308,51863.68942747836,0.009898825256144023,1810.0,8,174034.0,0.0,18.040617422014748,0.0,52382.21178850309
M2__S1__D1__start001__ndays366__20260325T173641Z,M2,S1,D1,151,2024-05-30,2,OPTIMAL,mef_soft,0.5,18600.491585,17.603195905685425,350,0.01,0.007070755644484671,True,True,False,True,True,20730.744164827935,20584.16213851011,2.0,OPTIMAL,2.891373872756958,0.0,0.0,0.0,2.0,OPTIMAL,17.580739974975586,20730.744164827935,20584.16213851011,0.007070755644484671,485.0,8,54121.0,0.0,8.761260976353377,0.0,20730.744164827942
M2__S1__D1__start001__ndays366__20260325T173641Z,M2,S1,D1,152,2024-05-31,2,OPTIMAL,mef_soft,0.5,20237.033648,4.658458948135376,350,0.01,0.00012812150244439905,True,True,False,True,True,14738.251049500424,14736.362762632561,2.0,OPTIMAL,1.6099441051483154,0.0,0.0,0.0,2.0,OPTIMAL,4.647072076797485,14738.251049500424,14736.362762632561,0.00012812150244439905,207.0,10,16134.0,0.0,1.882578736058568,0.0,14738.251049500424
M2__S1__D1__start001__ndays366__20260325T173641Z,M2,S1,D1,153,2024-06-01,2,OPTIMAL,mef_soft,0.5,23077.0399995,9.368056058883667,350,0.01,3.2976322166721457e-07,True,True,False,True,True,13518.86627993049,13518.861821905592,2.0,OPTIMAL,0.6305930614471436,1.7346906133752782e-09,4.3655745685100555e-11,inf,2.0,OPTIMAL,9.346341133117676,13518.86627993049,13518.861821905592,3.2976322166721457e-07,326.0,7,42496.0,0.0,4.820928305174315,1.6676866445001465e-06,13518.86627993049
M2__S1__D1__start001__ndays366__20260325T173641Z,M2,S1,D1,154,2024-06-02,2,OPTIMAL,mef_soft,0.5,27191.907995,2.3029539585113525,350,0.01,0.0034529222767399836,True,True,False,True,True,12069.881621830365,12028.205258700733,2.0,OPTIMAL,0.47464489936828613,0.0,-2.9103830456733704e-11,0.0,2.0,OPTIMAL,2.282792091369629,12069.881621830365,12028.205258700733,0.0034529222767399836,34.0,3,7411.0,0.0,1.0227882159469068,1.054388934430802e-06,12069.881621830367
M2__S1__D1__start001__ndays366__20260325T173641Z,M2,S1,D1,155,2024-06-03,2,OPTIMAL,mef_soft,0.5,36253.02179,14.572079181671143,350,0.01,0.009242441668032234,True,True,False,True,True,25106.693747240708,24874.646594804686,2.0,OPTIMAL,1.2691740989685059,-9.032247589857434e-07,-9.023206075653434e-07,0.0,2.0,OPTIMAL,14.55678415298462,25106.693747240708,24874.646594804686,0.009242441668032234,569.0,6,51792.0,0.0,6.647539749854829,5.712795209134388e-06,25106.693747240708
M2__S1__D1__start001__ndays366__20260325T173641Z,M2,S1,D1,156,2024-06-04,2,OPTIMAL,mef_soft,0.5,69902.665875,29.831335067749023,350,0.01,0.009951084869341785,True,True,False,True,True,107481.76501069216,106412.2048451641,2.0,OPTIMAL,1.1748621463775635,0.0,0.0,0.0,2.0,OPTIMAL,29.808468103408813,107481.76501069216,106412.2048451641,0.009951084869341785,1367.0,6,165134.0,0.0,16.798303947061136,0.0,107481.76501069215
M2__S1__D1__start001__ndays366__20260325T173641Z,M2,S1,D1,157,2024-06-05,2,OPTIMAL,mef_soft,0.5,50898.54643,5.211678981781006,350,0.01,0.008971832771825092,True,True,False,True,True,95764.44533073276,94905.26274173887,2.0,OPTIMAL,1.5319900512695312,0.0,0.0,0.0,2.0,OPTIMAL,5.191657066345215,95764.44533073276,94905.26274173887,0.008971832771825092,63.0,8,15523.0,0.0,1.824082996749795,0.0,95764.4453307328
M2__S1__D1__start001__ndays366__20260325T173641Z,M2,S1,D1,158,2024-06-06,2,OPTIMAL,mef_soft,0.5,32329.149279999998,5.6502931118011475,350,0.01,0.009792201997413432,True,True,False,True,True,100081.63372504014,99101.61415137339,2.0,OPTIMAL,1.3248350620269775,-2.5216135952632612e-06,-2.5216431822627783e-06,0.0,2.0,OPTIMAL,5.636476039886475,100081.63372504014,99101.61415137339,0.009792201997413432,222.0,10,26843.0,0.0,2.267620434469877,0.0,100081.63372504013
M2__S1__D1__start001__ndays366__20260325T173641Z,M2,S1,D1,159,2024-06-07,2,OPTIMAL,mef_soft,0.5,4990.386956,47.46106815338135,350,0.01,0.009271630945619343,True,True,False,True,True,24840.05194594067,24609.744151627896,2.0,OPTIMAL,24.32900619506836,-4.10405960438176e-07,-4.10405960438176e-07,0.0,2.0,OPTIMAL,47.43744707107544,24840.05194594067,24609.744151627896,0.009271630945619343,1519.0,10,290700.0,0.0,25.197725060544368,5.471638076086597e-07,24840.05194594068
M2__S1__D1__start001__ndays366__20260325T173641Z,M2,S1,D1,160,2024-06-08,2,OPTIMAL,mef_soft,0.5,14105.110602,15.012791156768799,350,0.01,0.009649661096365525,True,True,False,True,True,28450.834441228584,28176.293530961928,2.0,OPTIMAL,1.024731159210205,1.4836146533525607e-08,1.4836146533525607e-08,0.0,2.0,OPTIMAL,14.981378078460693,28450.834441228584,28176.293530961928,0.009649661096365525,334.0,10,35976.0,24.0,7.05968818816363,1.1463051287015746e-06,28450.834441228588
M2__S1__D1__start001__ndays366__20260325T173641Z,M2,S1,D1,161,2024-06-09,2,OPTIMAL,mef_soft,0.5,31236.688909999997,2.844219923019409,350,0.01,1.0661051297570744e-05,True,True,False,True,True,13041.256831976574,13041.117798468504,2.0,OPTIMAL,1.3848481178283691,0.0,-7.275957614183426e-12,0.0,2.0,OPTIMAL,2.826435089111328,13041.256831976574,13041.117798468504,1.0661051297570744e-05,74.0,8,11292.0,0.0,1.1279875774664956,9.974315840266781e-07,13041.256831976576
M2__S1__D1__start001__ndays366__20260325T173641Z,M2,S1,D1,162,2024-06-10,2,OPTIMAL,mef_soft,0.5,33304.628595,3.471561908721924,350,0.01,0.007511273358206072,True,True,False,True,True,79512.39304011488,78915.15372062546,2.0,OPTIMAL,1.194627046585083,0.0,0.0,0.0,2.0,OPTIMAL,3.459925889968872,79512.39304011488,78915.15372062546,0.007511273358206072,111.0,8,14795.0,0.0,1.3302538164591462,1.0556760166052835e-06,79512.39304011488
M2__S1__D1__start001__ndays366__20260325T173641Z,M2,S1,D1,163,2024-06-11,2,OPTIMAL,mef_soft,0.5,23716.381220000003,9.49681305885315,350,0.01,0.009094714274745348,True,True,False,True,True,65595.39311711489,64998.821758975144,2.0,OPTIMAL,4.624847888946533,-6.042114364390727e-09,-6.042114364390727e-09,0.0,2.0,OPTIMAL,9.482687950134277,65595.39311711489,64998.821758975144,0.009094714274745348,456.0,8,52411.0,0.0,4.241985746845815,1.0429075261386506e-06,65595.39311711487
M2__S1__D1__start001__ndays366__20260325T173641Z,M2,S1,D1,164,2024-06-12,2,OPTIMAL,mef_soft,0.5,13708.837425,15.560364007949829,350,0.01,0.00972313261695515,True,True,False,True,True,33093.10968638401,32771.34099219585,2.0,OPTIMAL,2.2890329360961914,-4.897117378277471e-08,-4.897117378277471e-08,0.0,2.0,OPTIMAL,15.531655073165894,33093.10968638401,32771.34099219585,0.00972313261695515,532.0,8,56508.0,0.0,7.886570312534206,0.0,33093.10968638401
M2__S1__D1__start001__ndays366__20260325T173641Z,M2,S1,D1,165,2024-06-13,2,OPTIMAL,mef_soft,0.5,14915.51052,82.25391602516174,350,0.01,0.002563432580178504,True,True,False,True,True,17694.148998017474,17648.791239997423,2.0,OPTIMAL,3.5705149173736572,0.0,0.0,0.0,2.0,OPTIMAL,82.22044897079468,17694.148998017474,17648.791239997423,0.002563432580178504,2929.0,6,181474.0,0.0,32.70741383392847,9.980461086135347e-07,17694.14899801747
M2__S1__D1__start001__ndays366__20260325T173641Z,M2,S1,D1,166,2024-06-14,2,OPTIMAL,mef_soft,0.5,9481.501192,17.9537250995636,350,0.01,0.009965239454400428,True,True,False,True,True,26396.282198584966,26133.236925770143,2.0,OPTIMAL,2.681425094604492,0.0,0.0,0.0,2.0,OPTIMAL,17.93631601333618,26396.282198584966,26133.236925770143,0.009965239454400428,639.0,10,69346.0,0.0,8.923871782573217,0.0,26396.282198584973
M2__S1__D1__start001__ndays366__20260325T173641Z,M2,S1,D1,167,2024-06-15,2,OPTIMAL,mef_soft,0.5,20623.190278000002,11.429367065429688,350,0.01,0.0016187241668030841,True,True,False,True,True,15799.211657594482,15773.637091867899,2.0,OPTIMAL,0.8780660629272461,-1.4691151264401014e-06,-1.4691151264401014e-06,0.0,2.0,OPTIMAL,11.416111946105957,15799.211657594482,15773.637091867899,0.0016187241668030841,512.0,10,61885.0,0.0,5.860413605872003,0.0,15799.211657594484
M2__S1__D1__start001__ndays366__20260325T173641Z,M2,S1,D1,168,2024-06-16,2,OPTIMAL,mef_soft,0.5,30666.6298605,20.366432905197144,350,0.01,0.0066259263074387965,True,True,False,True,True,15577.611750478376,15474.395642973812,2.0,OPTIMAL,0.498737096786499,0.0,0.0,0.0,2.0,OPTIMAL,20.342910051345825,15577.611750478376,15474.395642973812,0.0066259263074387965,787.0,2,114286.0,0.0,12.105576135967478,1.0001000000000002e-06,15577.611750478376
M2__S1__D1__start001__ndays366__20260325T173641Z,M2,S1,D1,169,2024-06-17,2,OPTIMAL,mef_soft,0.5,11925.3031135,12.332381010055542,350,0.01,0.0015581675577358773,True,True,False,True,True,18490.555400475427,18461.744016925888,2.0,OPTIMAL,3.000096082687378,-1.3356924455365515e-09,-1.3533281162381172e-09,0.0,2.0,OPTIMAL,12.311159133911133,18490.555400475427,18461.744016925888,0.0015581675577358773,353.0,9,41093.0,0.0,5.72926476855944,8.142054816500461e-07,18490.555400475423
M2__S1__D1__start001__ndays366__20260325T173641Z,M2,S1,D1,170,2024-06-18,2,OPTIMAL,mef_soft,0.5,21939.004875,17.794960021972656,350,0.01,0.004956771688608126,True,True,False,True,True,40282.58607932969,40082.91449710775,2.0,OPTIMAL,1.4571099281311035,-6.866967083851705e-08,-6.871414370834827e-08,0.0,2.0,OPTIMAL,17.77705407142639,40282.58607932969,40082.91449710775,0.004956771688608126,674.0,6,62411.0,0.0,8.449274611364695,0.0,40282.586079329674
M2__S1__D1__start001__ndays366__20260325T173641Z,M2,S1,D1,171,2024-06-19,2,OPTIMAL,mef_soft,0.5,28348.242095,35.46433997154236,350,0.01,0.004599301441360953,True,True,False,True,True,67703.41601323949,67392.02759438475,2.0,OPTIMAL,2.4101929664611816,0.0,0.0,0.0,2.0,OPTIMAL,35.445111989974976,67703.41601323949,67392.02759438475,0.004599301441360953,954.0,8,93574.0,0.0,18.204021962032208,0.0,67703.4160132395
M2__S1__D1__start001__ndays366__20260325T173641Z,M2,S1,D1,172,2024-06-20,2,OPTIMAL,mef_soft,0.5,31002.735380000002,4.252516984939575,350,0.01,0.00859340958589587,True,True,False,True,True,84140.31369977658,83417.26152146864,2.0,OPTIMAL,1.605443000793457,0.0,0.0,0.0,2.0,OPTIMAL,4.242404937744141,84140.31369977658,83417.26152146864,0.00859340958589587,70.0,5,18852.0,0.0,1.481009888124464,0.0,84140.3136997766
M2__S1__D1__start001__ndays366__20260325T173641Z,M2,S1,D1,173,2024-06-21,2,OPTIMAL,mef_soft,0.5,39421.92439,16.83317995071411,350,0.01,0.009857003674840624,True,True,False,True,True,106778.62885688765,105726.11151985088,2.0,OPTIMAL,2.5777499675750732,0.0,0.0,0.0,2.0,OPTIMAL,16.810307025909424,106778.62885688765,105726.11151985088,0.009857003674840624,372.0,10,54099.0,0.0,7.751232149759171,0.0,106778.62885688763
M2__S1__D1__start001__ndays366__20260325T173641Z,M2,S1,D1,174,2024-06-22,2,OPTIMAL,mef_soft,0.5,33131.154259999996,12.281691074371338,350,0.01,0.008710905995554796,True,True,False,True,True,27349.53772915837,27111.298476977794,2.0,OPTIMAL,1.2831859588623047,0.0,0.0,0.0,2.0,OPTIMAL,12.257317066192627,27349.53772915837,27111.298476977794,0.008710905995554796,647.0,5,47131.0,0.0,6.048402218473423,3.548931737052209e-07,27349.537729158365
M2__S1__D1__start001__ndays366__20260325T173641Z,M2,S1,D1,175,2024-06-23,2,OPTIMAL,mef_soft,0.5,33334.03,10.547876834869385,350,0.01,0.002360376860500308,True,True,False,True,True,16361.702635950587,16323.082851650302,2.0,OPTIMAL,0.8162598609924316,-2.2297720647657115e-07,-2.2297720647657115e-07,0.0,2.0,OPTIMAL,10.533303022384644,16361.702635950587,16323.082851650302,0.002360376860500308,311.0,9,26715.0,0.0,5.227628399971896,0.0,16361.702635950583
M2__S1__D1__start001__ndays366__20260325T173641Z,M2,S1,D1,176,2024-06-24,2,OPTIMAL,mef_soft,0.5,36207.97847,15.536310195922852,350,0.01,0.008240634585595695,True,True,False,True,True,38944.427867111735,38623.50106791378,2.0,OPTIMAL,1.2952351570129395,0.0,0.0,0.0,2.0,OPTIMAL,15.514562129974365,38944.427867111735,38623.50106791378,0.008240634585595695,681.0,7,57679.0,0.0,7.303653061046488,0.0,38944.42786711173
M2__S1__D1__start001__ndays366__20260325T173641Z,M2,S1,D1,177,2024-06-25,2,OPTIMAL,mef_soft,0.5,43766.272574999995,13.552435159683228,350,0.01,0.009377405118708656,True,True,False,True,True,85032.18625662432,84234.8049979665,2.0,OPTIMAL,1.8104701042175293,0.0,0.0,0.0,2.0,OPTIMAL,13.534187078475952,85032.18625662432,84234.8049979665,0.009377405118708656,396.0,6,47114.0,0.0,6.390974070710211,5.9770542601793385e-06,85032.1862566243
M2__S1__D1__start001__ndays366__20260325T173641Z,M2,S1,D1,178,2024-06-26,2,OPTIMAL,mef_soft,0.5,59596.507105,5.515610933303833,350,0.01,0.007459932143894885,True,True,False,True,True,161652.13936382742,160446.22537325785,2.0,OPTIMAL,1.2365820407867432,-1.6998455976136029e-09,-1.6998455976136029e-09,0.0,2.0,OPTIMAL,5.496853828430176,161652.13936382742,160446.22537325785,0.007459932143894885,161.0,8,25248.0,0.0,2.399939275502676,0.0,161652.13936382742
M2__S1__D1__start001__ndays366__20260325T173641Z,M2,S1,D1,179,2024-06-27,2,OPTIMAL,mef_soft,0.5,40984.998770000006,7.274572134017944,350,0.01,0.009923441763697777,True,True,False,True,True,100598.44821398554,99600.16537161567,2.0,OPTIMAL,3.1280720233917236,0.0,0.0,0.0,2.0,OPTIMAL,7.254515171051025,100598.44821398554,99600.16537161567,0.009923441763697777,127.0,10,32147.0,0.0,2.6108492672229295,0.0,100598.44821398551
M2__S1__D1__start001__ndays366__20260325T173641Z,M2,S1,D1,180,2024-06-28,2,OPTIMAL,mef_soft,0.5,56473.91146999999,17.256092071533203,350,0.01,0.00375744822827158,True,True,False,True,True,97467.7327249783,97101.50276533718,2.0,OPTIMAL,1.7711529731750488,0.0,0.0,0.0,2.0,OPTIMAL,17.234622955322266,97467.7327249783,97101.50276533718,0.00375744822827158,453.0,8,60387.0,0.0,8.290515949007071,2.0777205812885677e-06,97467.73272497825
M2__S1__D1__start001__ndays366__20260325T173641Z,M2,S1,D1,181,2024-06-29,2,OPTIMAL,mef_soft,0.5,1620.811066,9.097142934799194,350,0.01,8.148369458582902e-07,True,True,False,True,True,9345.933836393631,9345.926220981448,2.0,OPTIMAL,7.335327863693237,-3.6319362806125355e-06,-3.6319362806125355e-06,0.0,2.0,OPTIMAL,9.080256938934326,9345.933836393631,9345.926220981448,8.148369458582902e-07,344.0,8,31949.0,0.0,3.4246309001091166,0.0,9345.93383639363
M2__S1__D1__start001__ndays366__20260325T173641Z,M2,S1,D1,182,2024-06-30,2,OPTIMAL,mef_soft,0.5,95596.9053,14.197699069976807,350,0.01,0.007967708864049256,True,True,False,True,True,29563.665188352374,29328.11051117735,2.0,OPTIMAL,0.874459981918335,-2.3355767098109936e-08,-2.3355823941528797e-08,0.0,2.0,OPTIMAL,14.172069072723389,29563.665188352374,29328.11051117735,0.007967708864049256,559.0,4,41073.0,0.0,6.837896194506541,0.0,29563.665188352374
M2__S1__D1__start001__ndays366__20260325T173641Z,M2,S1,D1,183,2024-07-01,2,OPTIMAL,mef_soft,0.5,100980.968835,13.73078203201294,350,0.01,0.009780104640204772,True,True,False,True,True,57136.46982067074,56577.669167052685,2.0,OPTIMAL,1.49052095413208,-6.984373612795025e-08,-6.984919309616089e-08,0.0,2.0,OPTIMAL,13.712593078613281,57136.46982067074,56577.669167052685,0.009780104640204772,479.0,5,47548.0,0.0,6.723133792980042,0.0,57136.46982067075
M2__S1__D1__start001__ndays366__20260325T173641Z,M2,S1,D1,184,2024-07-02,2,OPTIMAL,mef_soft,0.5,80728.241005,12.81416392326355,350,0.01,0.0074368245026394985,True,True,False,True,True,41461.01143197768,41152.67316625613,2.0,OPTIMAL,1.0253088474273682,0.0,0.0,0.0,2.0,OPTIMAL,12.801600933074951,41461.01143197768,41152.67316625613,0.0074368245026394985,515.0,6,58935.0,0.0,6.032710585982894,1.586723754819416e-06,41461.01143197768
M2__S1__D1__start001__ndays366__20260325T173641Z,M2,S1,D1,185,2024-07-03,2,OPTIMAL,mef_soft,0.5,64463.47575,17.899487018585205,350,0.01,0.00709680150776221,True,True,False,True,True,63891.9077500468,63438.479562792454,2.0,OPTIMAL,5.093165874481201,5.684796633431688e-09,3.3905962482094765e-09,inf,2.0,OPTIMAL,17.879674911499023,63891.9077500468,63438.479562792454,0.00709680150776221,492.0,9,45011.0,755.0,8.220446417606736,0.0,63891.90775004678
M2__S1__D1__start001__ndays366__20260325T173641Z,M2,S1,D1,186,2024-07-04,2,OPTIMAL,mef_soft,0.5,39482.476295,12.815171003341675,350,0.01,0.009909254350411574,True,True,False,True,True,25642.76126553657,25388.660621909483,2.0,OPTIMAL,0.9953358173370361,-2.165792607837047e-06,-2.165792607837047e-06,0.0,2.0,OPTIMAL,12.796602964401245,25642.76126553657,25388.660621909483,0.009909254350411574,567.0,10,40381.0,0.0,6.019310600847078,0.0,25642.761265536563
M2__S1__D1__start001__ndays366__20260325T173641Z,M2,S1,D1,187,2024-07-05,2,OPTIMAL,mef_soft,0.5,20842.202384999997,7.9090049266815186,350,0.01,0.008889013261823977,True,True,False,True,True,26007.345336039143,25776.165698442255,2.0,OPTIMAL,3.4357728958129883,-2.799566800604225e-09,-2.799566800604225e-09,0.0,2.0,OPTIMAL,7.884926795959473,26007.345336039143,25776.165698442255,0.008889013261823977,299.0,9,33863.0,0.0,3.190214110705133,0.0,26007.345336039147
M2__S1__D1__start001__ndays366__20260325T173641Z,M2,S1,D1,188,2024-07-06,2,OPTIMAL,mef_soft,0.5,31905.891145,3.9058449268341064,350,0.01,0.004111884977741267,True,True,False,True,True,17617.297863799868,17544.857561365316,2.0,OPTIMAL,0.7043478488922119,0.0,0.0,0.0,2.0,OPTIMAL,3.8920109272003174,17617.297863799868,17544.857561365316,0.004111884977741267,255.0,6,19139.0,0.0,1.877949004056228,9.907579004455278e-07,17617.29786379987
M2__S1__D1__start001__ndays366__20260325T173641Z,M2,S1,D1,189,2024-07-07,9,TIME_LIMIT,mef_soft,0.5,27482.661294999998,350.2821729183197,350,0.01,0.46449766968839373,True,False,True,False,False,21048.18890176867,11271.354205736012,2.0,OPTIMAL,0.791038990020752,-4.818552667984477e-08,-4.8181391321122646e-08,0.0,9.0,TIME_LIMIT,350.24062299728394,21048.18890176867,11271.354205736012,0.46449766968839373,8975.0,7,1076427.0,0.0,175.61303654800957,8.395012728521186e-07,21048.188901768663
M2__S1__D1__start001__ndays366__20260325T173641Z,M2,S1,D1,190,2024-07-08,2,OPTIMAL,mef_soft,0.5,27980.788269999997,5.962666034698486,350,0.01,0.009941267358705253,True,True,False,True,True,44822.590162644046,44376.99681012753,2.0,OPTIMAL,1.3203239440917969,0.0,0.0,0.0,2.0,OPTIMAL,5.943571090698242,44822.590162644046,44376.99681012753,0.009941267358705253,128.0,7,27571.0,0.0,2.317056326051931,0.0,44822.59016264404
M2__S1__D1__start001__ndays366__20260325T173641Z,M2,S1,D1,191,2024-07-09,2,OPTIMAL,mef_soft,0.5,20305.070795,19.64685297012329,350,0.01,0.009712876525387167,True,True,False,True,True,26789.933585245206,26529.726268208397,2.0,OPTIMAL,2.573374032974243,0.0,0.0,0.0,2.0,OPTIMAL,19.61932396888733,26789.933585245206,26529.726268208397,0.009712876525387167,701.0,10,83513.0,0.0,10.007805772860449,0.0,26789.933585245202
M2__S1__D1__start001__ndays366__20260325T173641Z,M2,S1,D1,192,2024-07-10,2,OPTIMAL,mef_soft,0.5,53761.33288,6.616832971572876,350,0.01,0.006293229973882633,True,True,False,True,True,65022.09621663453,64612.89721175932,2.0,OPTIMAL,1.0550198554992676,-9.866593970286885e-06,-9.866593970286885e-06,0.0,2.0,OPTIMAL,6.603210926055908,65022.09621663453,64612.89721175932,0.006293229973882633,240.0,8,30549.0,0.0,2.7342692359061025,0.0,65022.096216634534
M2__S1__D1__start001__ndays366__20260325T173641Z,M2,S1,D1,193,2024-07-11,2,OPTIMAL,mef_soft,0.5,31100.405185000003,17.736937999725342,350,0.01,0.0023700671997022734,True,True,False,True,True,40269.75588481517,40174.31385725255,2.0,OPTIMAL,5.402050971984863,-1.7645592471637883e-06,-1.7645592471637883e-06,0.0,2.0,OPTIMAL,17.72194814682007,40269.75588481517,40174.31385725255,0.0023700671997022734,564.0,10,85776.0,0.0,8.777568930987675,0.0,40269.75588481516
M2__S1__D1__start001__ndays366__20260325T173641Z,M2,S1,D1,194,2024-07-12,2,OPTIMAL,mef_soft,0.5,65921.38928,13.477640867233276,350,0.01,0.009921143105128906,True,True,False,True,True,83532.6299504294,82703.89077474341,2.0,OPTIMAL,0.9369800090789795,0.0,0.0,0.0,2.0,OPTIMAL,13.458356857299805,83532.6299504294,82703.89077474341,0.009921143105128906,496.0,8,49874.0,0.0,6.827641310920364,0.0,83532.62995042937
M2__S1__D1__start001__ndays366__20260325T173641Z,M2,S1,D1,195,2024-07-13,2,OPTIMAL,mef_soft,0.5,12198.079326,18.074876070022583,350,0.01,0.0038261845773942993,True,True,False,True,True,17313.635280481503,17247.390116192695,2.0,OPTIMAL,2.7762911319732666,-5.654782242459078e-08,-5.654782242459078e-08,0.0,2.0,OPTIMAL,18.051953077316284,17313.635280481503,17247.390116192695,0.0038261845773942993,375.0,9,76372.0,0.0,10.112293358629262,8.42425999545886e-07,17313.635280481507
M2__S1__D1__start001__ndays366__20260325T173641Z,M2,S1,D1,196,2024-07-14,2,OPTIMAL,mef_soft,0.5,49573.931007499996,1.7844500541687012,350,0.01,0.0036124442635667242,True,True,False,True,True,12108.123221799207,12064.383301524062,2.0,OPTIMAL,0.43932104110717773,7.999221484852881e-09,4.3655745685100555e-11,inf,2.0,OPTIMAL,1.7649118900299072,12108.123221799207,12064.383301524062,0.0036124442635667242,2.0,5,4294.0,0.0,0.5824754320023169,0.0,12108.123221799207
M2__S1__D1__start001__ndays366__20260325T173641Z,M2,S1,D1,197,2024-07-15,2,OPTIMAL,mef_soft,,2691.729604,6.146708965301514,350,0.01,0.005024604887940262,True,True,False,True,True,18845.77201877038,18751.079460567857,2.0,OPTIMAL,1.9824869632720947,-1.2999159082482947e-07,-1.299922587350011e-07,0.0,2.0,OPTIMAL,6.134811878204346,18845.77201877038,18751.079460567857,0.005024604887940262,204.0,6,30313.0,0.0,2.6769775738577106,8.600248111647138e-07,18845.77201877037
M2__S1__D1__start001__ndays366__20260325T173641Z,M2,S1,D1,198,2024-07-16,2,OPTIMAL,mef_soft,0.5,92985.635625,6.432254076004028,350,0.01,0.008824679808738476,True,True,False,True,True,131579.51226567174,130418.36520053718,2.0,OPTIMAL,0.9956638813018799,0.0,0.0,0.0,2.0,OPTIMAL,6.412424087524414,131579.51226567174,130418.36520053718,0.008824679808738476,274.0,9,34468.0,0.0,2.7486068370291155,2.51179981415824e-06,131579.51226567177
M2__S1__D1__start001__ndays366__20260325T173641Z,M2,S1,D1,199,2024-07-17,2,OPTIMAL,mef_soft,0.5,38343.183795,6.030709981918335,350,0.01,0.00927898351319846,True,True,False,True,True,151164.2996018556,149761.64855806576,2.0,OPTIMAL,0.8796200752258301,0.0,0.0,0.0,2.0,OPTIMAL,6.011121034622192,151164.2996018556,149761.64855806576,0.00927898351319846,166.0,9,27032.0,0.0,2.125149711289378,0.0,151164.2996018556
M2__S1__D1__start001__ndays366__20260325T173641Z,M2,S1,D1,200,2024-07-18,2,OPTIMAL,mef_soft,0.5,35215.140445,3.918997049331665,350,0.01,0.007132901179517886,True,True,False,True,True,146095.53775766678,145053.45272407282,2.0,OPTIMAL,0.9906580448150635,0.0,0.0,0.0,2.0,OPTIMAL,3.896389961242676,146095.53775766678,145053.45272407282,0.007132901179517886,48.0,7,16550.0,0.0,1.5397187952723266,1.0401771059640379e-07,146095.53775766687
M2__S1__D1__start001__ndays366__20260325T173641Z,M2,S1,D1,201,2024-07-19,2,OPTIMAL,mef_soft,0.5,25749.099029999998,20.516901969909668,350,0.01,0.006047776556545669,True,True,False,True,True,120102.72649794212,119376.37204425063,2.0,OPTIMAL,6.832759141921997,-3.073260614883111e-07,-3.073260614883111e-07,0.0,2.0,OPTIMAL,20.4948410987854,120102.72649794212,119376.37204425063,0.006047776556545669,374.0,7,103781.0,0.0,9.569910520986488,0.0,120102.72649794207
M2__S1__D1__start001__ndays366__20260325T173641Z,M2,S1,D1,202,2024-07-20,2,OPTIMAL,mef_soft,0.5,7856.5143735,6.860898017883301,350,0.01,4.7515946366352573e-07,True,True,False,True,True,11570.992039889417,11570.98654182305,2.0,OPTIMAL,0.9851291179656982,0.0,0.0,0.0,2.0,OPTIMAL,6.839607000350952,11570.992039889417,11570.98654182305,4.7515946366352573e-07,2.0,5,13259.0,0.0,2.102727035378575,9.894719056145765e-07,11570.992039889421
M2__S1__D1__start001__ndays366__20260325T173641Z,M2,S1,D1,203,2024-07-21,2,OPTIMAL,mef_soft,0.5,20643.47784,4.367726802825928,350,0.01,0.008136389711920596,True,True,False,True,True,16036.869167272873,15906.386949968859,2.0,OPTIMAL,0.8216569423675537,0.0,0.0,0.0,2.0,OPTIMAL,4.346787929534912,16036.869167272873,15906.386949968859,0.008136389711920596,232.0,10,26375.0,0.0,2.195775431685914,9.991241719258483e-07,16036.869167272873
M2__S1__D1__start001__ndays366__20260325T173641Z,M2,S1,D1,204,2024-07-22,2,OPTIMAL,mef_soft,0.5,24777.583585,21.486366033554077,350,0.01,0.009587709397254864,True,True,False,True,True,91562.14202467568,90684.27081515291,2.0,OPTIMAL,1.8029000759124756,0.0,0.0,0.0,2.0,OPTIMAL,21.461380004882812,91562.14202467568,90684.27081515291,0.009587709397254864,481.0,10,68718.0,0.0,10.345194583757179,1.0021853297588197e-06,91562.14202467566
M2__S1__D1__start001__ndays366__20260325T173641Z,M2,S1,D1,205,2024-07-23,2,OPTIMAL,mef_soft,0.5,27731.23832,4.674526214599609,350,0.01,0.008171898396275589,True,True,False,True,True,143215.50252914985,142045.15999371008,2.0,OPTIMAL,1.7193570137023926,-2.672436494322028e-08,-2.672436494322028e-08,0.0,2.0,OPTIMAL,4.6513991355896,143215.50252914985,142045.15999371008,0.008171898396275589,48.0,5,22697.0,0.0,1.8848027160375898,1.1005822737349064e-06,143215.50252914988
M2__S1__D1__start001__ndays366__20260325T173641Z,M2,S1,D1,206,2024-07-24,2,OPTIMAL,mef_soft,0.5,25539.21265,15.710113048553467,350,0.01,0.0068770489011571985,True,True,False,True,True,148322.88521048817,147302.8614757349,2.0,OPTIMAL,1.3020389080047607,-3.151656130739866e-06,-3.151656130739866e-06,0.0,2.0,OPTIMAL,15.68650507926941,148322.88521048817,147302.8614757349,0.0068770489011571985,578.0,10,69538.0,0.0,7.507920806944186,0.0,148322.88521048817
M2__S1__D1__start001__ndays366__20260325T173641Z,M2,S1,D1,207,2024-07-25,2,OPTIMAL,mef_soft,0.5,23246.21517,28.080372095108032,350,0.01,0.009893021199432249,True,True,False,True,True,105364.75303311521,104322.37729768566,2.0,OPTIMAL,1.8778510093688965,-7.273115443240386e-10,-7.273115443240386e-10,0.0,2.0,OPTIMAL,28.057982206344604,105364.75303311521,104322.37729768566,0.009893021199432249,1130.0,9,141981.0,0.0,14.753463648111104,9.361717815266989e-07,105364.75303311521
M2__S1__D1__start001__ndays366__20260325T173641Z,M2,S1,D1,208,2024-07-26,2,OPTIMAL,mef_soft,0.5,15730.575575,5.0850231647491455,350,0.01,0.009698532689274404,True,True,False,True,True,136793.9452920798,135467.24474196974,2.0,OPTIMAL,1.2630150318145752,0.0,0.0,0.0,2.0,OPTIMAL,5.0680201053619385,136793.9452920798,135467.24474196974,0.009698532689274404,123.0,7,19042.0,0.0,1.8492317662931534,1.5187145867750971e-06,136793.94529207985
M2__S1__D1__start001__ndays366__20260325T173641Z,M2,S1,D1,209,2024-07-27,2,OPTIMAL,mef_soft,0.5,28491.243783500002,290.87639904022217,350,0.01,0.009963407483927147,True,True,False,True,True,59408.128279355464,58816.220889450844,2.0,OPTIMAL,0.2727549076080322,0.0,0.0,0.0,2.0,OPTIMAL,290.8542459011078,59408.128279355464,58816.220889450844,0.009963407483927147,6766.0,10,685941.0,405.0,124.16967031776811,0.0,59408.12827935548
M2__S1__D1__start001__ndays366__20260325T173641Z,M2,S1,D1,210,2024-07-28,2,OPTIMAL,mef_soft,0.5,24113.9468075,14.000515937805176,350,0.01,0.0008467896846154624,True,True,False,True,True,13813.353981752718,13801.65697609103,2.0,OPTIMAL,0.657696008682251,0.0,0.0,0.0,2.0,OPTIMAL,13.979825973510742,13813.353981752718,13801.65697609103,0.0008467896846154624,330.0,9,41722.0,0.0,7.660969831906475,9.896532268413694e-07,13813.353981752722
M2__S1__D1__start001__ndays366__20260325T173641Z,M2,S1,D1,211,2024-07-29,2,OPTIMAL,mef_soft,0.5,61613.462925,4.2623090744018555,350,0.01,0.003426086056262333,True,True,False,True,True,155144.73469110433,154613.19547887665,2.0,OPTIMAL,1.8006339073181152,7.343601282627787e-10,0.0,inf,2.0,OPTIMAL,4.243536949157715,155144.73469110433,154613.19547887665,0.003426086056262333,138.0,10,13135.0,0.0,1.4231008255021338,0.0,155144.7346911044
M2__S1__D1__start001__ndays366__20260325T173641Z,M2,S1,D1,212,2024-07-30,2,OPTIMAL,mef_soft,0.5,30323.07424,14.600221872329712,350,0.01,0.004490032213017079,True,True,False,True,True,79208.28069893744,78852.6329670615,2.0,OPTIMAL,0.943882942199707,0.0,0.0,0.0,2.0,OPTIMAL,14.58551287651062,79208.28069893744,78852.6329670615,0.004490032213017079,362.0,10,45300.0,0.0,7.496785807283226,0.0,79208.28069893741
M2__S1__D1__start001__ndays366__20260325T173641Z,M2,S1,D1,213,2024-07-31,2,OPTIMAL,mef_soft,0.5,32763.873939999998,5.986144065856934,350,0.01,0.00894815195827339,True,True,False,True,True,109951.68675649576,108967.82235533015,2.0,OPTIMAL,1.9604980945587158,0.0,0.0,0.0,2.0,OPTIMAL,5.960638046264648,109951.68675649576,108967.82235533015,0.00894815195827339,182.0,10,20997.0,0.0,2.5112322271062473,9.967823205871886e-07,109951.68675649575
M2__S1__D1__start001__ndays366__20260325T173641Z,M2,S1,D1,214,2024-08-01,2,OPTIMAL,mef_soft,0.5,33961.111303,7.455950975418091,350,0.01,0.0094652309180981,True,True,False,True,True,85993.47283811106,85179.52476024916,2.0,OPTIMAL,1.4748239517211914,-8.166985310253949e-09,-8.166985310253949e-09,0.0,2.0,OPTIMAL,7.432494878768921,85993.47283811106,85179.52476024916,0.0094652309180981,186.0,10,26230.0,35.0,2.8146003927179586,1.1211489758837824e-05,85993.47283811108
M2__S1__D1__start001__ndays366__20260325T173641Z,M2,S1,D1,215,2024-08-02,2,OPTIMAL,mef_soft,0.5,43073.043724999996,6.340436935424805,350,0.01,0.009842495222930183,True,True,False,True,True,90907.09642101945,90012.3437587651,2.0,OPTIMAL,0.8678429126739502,-5.16802174388431e-08,-5.176116246730089e-08,0.0,2.0,OPTIMAL,6.320328950881958,90907.09642101945,90012.3437587651,0.009842495222930183,261.0,7,26383.0,0.0,2.5416697590432076,0.0,90907.09642101944
M2__S1__D1__start001__ndays366__20260325T173641Z,M2,S1,D1,216,2024-08-03,2,OPTIMAL,mef_soft,0.5,62696.325450000004,12.976379871368408,350,0.01,0.008954939185441659,True,True,False,True,True,66256.44434187603,65663.12191215093,2.0,OPTIMAL,0.9102458953857422,0.0,0.0,0.0,2.0,OPTIMAL,12.95064091682434,66256.44434187603,65663.12191215093,0.008954939185441659,415.0,7,40717.0,0.0,5.285153282667044,0.0,66256.44434187602
M2__S1__D1__start001__ndays366__20260325T173641Z,M2,S1,D1,217,2024-08-04,2,OPTIMAL,mef_soft,0.5,49737.205775,24.993000030517578,350,0.01,0.009953261982764073,True,True,False,True,True,46075.38785012344,45616.78744389371,2.0,OPTIMAL,0.8302810192108154,0.0,0.0,0.0,2.0,OPTIMAL,24.97347903251648,46075.38785012344,45616.78744389371,0.009953261982764073,866.0,7,90474.0,0.0,11.79356443610911,0.0,46075.387850123436
M2__S1__D1__start001__ndays366__20260325T173641Z,M2,S1,D1,218,2024-08-05,2,OPTIMAL,mef_soft,0.5,53009.511395,15.628729104995728,350,0.01,0.008457911816653991,True,True,False,True,True,116138.59078695676,115156.30082757023,2.0,OPTIMAL,0.7388210296630859,0.0,-2.9103830456733704e-11,0.0,2.0,OPTIMAL,15.605215072631836,116138.59078695676,115156.30082757023,0.008457911816653991,429.0,9,63989.0,0.0,7.851643918601856,9.892504531357747e-07,116138.59078695677
M2__S1__D1__start001__ndays366__20260325T173641Z,M2,S1,D1,219,2024-08-06,2,OPTIMAL,mef_soft,0.5,111134.34208,6.802729845046997,350,0.01,0.009078654403479304,True,True,False,True,True,158431.19035803532,156992.84833404288,2.0,OPTIMAL,1.4013760089874268,0.0,0.0,0.0,2.0,OPTIMAL,6.7777040004730225,158431.19035803532,156992.84833404288,0.009078654403479304,183.0,10,28097.0,52.0,2.4007998151577143,1.0809317895786678e-06,158431.1903580353
M2__S1__D1__start001__ndays366__20260325T173641Z,M2,S1,D1,220,2024-08-07,2,OPTIMAL,mef_soft,0.5,95657.04514,6.499407052993774,350,0.01,0.006472049998633357,True,True,False,True,True,149506.67831889345,148539.06362168398,2.0,OPTIMAL,1.284290075302124,-2.5717645257827826e-07,-2.5717645257827826e-07,0.0,2.0,OPTIMAL,6.485326051712036,149506.67831889345,148539.06362168398,0.006472049998633357,188.0,7,33591.0,0.0,3.090949234125143,0.0,149506.67831889342
M2__S1__D1__start001__ndays366__20260325T173641Z,M2,S1,D1,221,2024-08-08,2,OPTIMAL,mef_soft,0.5,105454.379345,8.180154800415039,350,0.01,0.0053023002791406605,True,True,False,True,True,158783.58769949747,157941.66943811552,2.0,OPTIMAL,1.046886920928955,-7.415619052153488e-08,-7.415619052153488e-08,0.0,2.0,OPTIMAL,8.15364384651184,158783.58769949747,157941.66943811552,0.0053023002791406605,308.0,10,33689.0,0.0,3.210677172966123,0.0,158783.58769949747
M2__S1__D1__start001__ndays366__20260325T173641Z,M2,S1,D1,222,2024-08-09,2,OPTIMAL,mef_soft,0.5,98105.05736,7.4949729442596436,350,0.01,0.007424989258640737,True,True,False,True,True,164111.77998713194,162893.25178351105,2.0,OPTIMAL,1.5285120010375977,0.0,0.0,0.0,2.0,OPTIMAL,7.470618963241577,164111.77998713194,162893.25178351105,0.007424989258640737,307.0,10,40394.0,0.0,3.5003254050366035,0.0,164111.77998713197
M2__S1__D1__start001__ndays366__20260325T173641Z,M2,S1,D1,223,2024-08-10,2,OPTIMAL,mef_soft,0.5,14010.253422,11.777657985687256,350,0.01,0.007752717999697716,True,True,False,True,True,17226.304420894623,17092.75374054248,2.0,OPTIMAL,0.8566210269927979,-9.712926498650631e-07,-9.712926498650631e-07,0.0,2.0,OPTIMAL,11.752727031707764,17226.304420894623,17092.75374054248,0.007752717999697716,407.0,7,42263.0,0.0,5.566595978034695,3.837747539103835e-08,17226.304420894627
M2__S1__D1__start001__ndays366__20260325T173641Z,M2,S1,D1,224,2024-08-11,2,OPTIMAL,mef_soft,0.5,48921.914560000005,9.040626049041748,350,0.01,0.009858873405709062,True,True,False,True,True,18430.243279034672,18248.541843710245,2.0,OPTIMAL,1.2153160572052002,-9.484770860268554e-06,-9.484770860268554e-06,0.0,2.0,OPTIMAL,9.025102138519287,18430.243279034672,18248.541843710245,0.009858873405709062,405.0,7,50142.0,0.0,3.9424400376588054,0.0,18430.24327903467
M2__S1__D1__start001__ndays366__20260325T173641Z,M2,S1,D1,225,2024-08-12,2,OPTIMAL,mef_soft,0.5,81946.03706,6.509207010269165,350,0.01,0.0032710238864193317,True,True,False,True,True,141363.19303639655,140900.79065531402,2.0,OPTIMAL,0.7558040618896484,-5.938125013926765e-08,-5.940091796219349e-08,0.0,2.0,OPTIMAL,6.496707201004028,141363.19303639655,140900.79065531402,0.0032710238864193317,253.0,7,37685.0,0.0,3.132694396155552,3.0037291962117648e-06,141363.19303639655
M2__S1__D1__start001__ndays366__20260325T173641Z,M2,S1,D1,226,2024-08-13,2,OPTIMAL,mef_soft,0.5,62175.261885,7.343219041824341,350,0.01,0.007386504281321322,True,True,False,True,True,164714.77058932095,163498.10423116604,2.0,OPTIMAL,1.3263018131256104,-9.735997537063668e-07,-9.735813364386559e-07,0.0,2.0,OPTIMAL,7.329156875610352,164714.77058932095,163498.10423116604,0.007386504281321322,254.0,9,28004.0,0.0,2.6459380862136603,0.0,164714.77058932095
M2__S1__D1__start001__ndays366__20260325T173641Z,M2,S1,D1,227,2024-08-14,2,OPTIMAL,mef_soft,0.5,42513.203330000004,16.360119104385376,350,0.01,0.009189362396822094,True,True,False,True,True,116206.85039848479,115138.98353717983,2.0,OPTIMAL,0.905236005783081,0.0,0.0,0.0,2.0,OPTIMAL,16.335304021835327,116206.85039848479,115138.98353717983,0.009189362396822094,508.0,8,67081.0,0.0,8.324760652731664,9.914405930844533e-07,116206.8503984848
M2__S1__D1__start001__ndays366__20260325T173641Z,M2,S1,D1,228,2024-08-15,2,OPTIMAL,mef_soft,0.5,22411.951895,8.658453941345215,350,0.01,0.009922492374012592,True,True,False,True,True,28349.277523335473,28067.98203330141,2.0,OPTIMAL,1.9185528755187988,-7.264682153618196e-07,-7.264682153618196e-07,0.0,2.0,OPTIMAL,8.634955883026123,28349.277523335473,28067.98203330141,0.009922492374012592,381.0,9,33070.0,0.0,3.6794036110905557,0.0,28349.277523335477
M2__S1__D1__start001__ndays366__20260325T173641Z,M2,S1,D1,229,2024-08-16,2,OPTIMAL,mef_soft,0.5,30060.830275,46.99694204330444,350,0.01,0.0015153244845040425,True,True,False,True,True,137864.04446392664,137655.1357018177,2.0,OPTIMAL,1.0012390613555908,0.0,-1.4551915228366852e-11,0.0,2.0,OPTIMAL,46.97400999069214,137864.04446392664,137655.1357018177,0.0015153244845040425,2799.0,8,274083.0,0.0,25.62594430740594,1.3982939820508379e-06,137864.04446392664
M2__S1__D1__start001__ndays366__20260325T173641Z,M2,S1,D1,230,2024-08-17,2,OPTIMAL,mef_soft,0.5,10963.435365500001,21.048002004623413,350,0.01,0.007968476322094771,True,True,False,True,True,90617.82531362452,89895.73931825317,2.0,OPTIMAL,1.6746001243591309,-4.755228246722254e-07,-4.755228246722254e-07,0.0,2.0,OPTIMAL,21.02129101753235,90617.82531362452,89895.73931825317,0.007968476322094771,900.0,6,80987.0,0.0,10.491400958461567,9.203055148652241e-07,90617.82531362452
M2__S1__D1__start001__ndays366__20260325T173641Z,M2,S1,D1,231,2024-08-18,2,OPTIMAL,mef_soft,0.5,10256.208383000001,3.5022990703582764,350,0.01,0.008228561031842146,True,True,False,True,True,15332.190388586416,15206.02852422211,2.0,OPTIMAL,0.9190230369567871,0.0,0.0,0.0,2.0,OPTIMAL,3.4848759174346924,15332.190388586416,15206.02852422211,0.008228561031842146,76.0,7,17784.0,0.0,1.6180945625773089,9.931658207669146e-07,15332.190388586414
M2__S1__D1__start001__ndays366__20260325T173641Z,M2,S1,D1,232,2024-08-19,2,OPTIMAL,mef_soft,0.5,25763.40318,21.920173168182373,350,0.01,0.009870939353868938,True,True,False,True,True,102599.40535115483,101586.65284319056,2.0,OPTIMAL,1.3161849975585938,-5.867194374786777e-08,-5.865877028554678e-08,0.0,2.0,OPTIMAL,21.903481006622314,102599.40535115483,101586.65284319056,0.009870939353868938,990.0,8,100910.0,0.0,10.501307308504677,9.005136000314267e-07,102599.4053511548
M2__S1__D1__start001__ndays366__20260325T173641Z,M2,S1,D1,233,2024-08-20,2,OPTIMAL,mef_soft,0.5,24548.947005,12.221674919128418,350,0.01,0.003181367342551205,True,True,False,True,True,112731.55397829815,112372.91349399657,2.0,OPTIMAL,1.1449699401855469,0.0,0.0,0.0,2.0,OPTIMAL,12.209242820739746,112731.55397829815,112372.91349399657,0.003181367342551205,417.0,5,38487.0,0.0,5.706124641529204,2.024104242993232e-06,112731.55397829814
M2__S1__D1__start001__ndays366__20260325T173641Z,M2,S1,D1,234,2024-08-21,2,OPTIMAL,mef_soft,0.5,18583.169159999998,14.648776054382324,350,0.01,0.009333491380853974,True,True,False,True,True,41859.93031399368,41469.23101520487,2.0,OPTIMAL,1.273555040359497,-7.156728543122881e-08,-7.160997483879328e-08,0.0,2.0,OPTIMAL,14.626538038253784,41859.93031399368,41469.23101520487,0.009333491380853974,393.0,6,42917.0,0.0,7.387580240520492,0.0,41859.930313993675
M2__S1__D1__start001__ndays366__20260325T173641Z,M2,S1,D1,235,2024-08-22,2,OPTIMAL,mef_soft,0.5,48234.45145,42.768550872802734,350,0.01,0.0023850943252902036,True,True,False,True,True,143182.76694538756,142841.26254046676,2.0,OPTIMAL,11.724292993545532,-5.685328687832225e-07,-5.685328687832225e-07,0.0,2.0,OPTIMAL,42.744322061538696,143182.76694538756,142841.26254046676,0.0023850943252902036,1107.0,6,198576.0,0.0,21.95458552920844,0.0,143182.7669453876
M2__S1__D1__start001__ndays366__20260325T173641Z,M2,S1,D1,236,2024-08-23,2,OPTIMAL,mef_soft,0.5,44685.761895,5.801954030990601,350,0.01,0.007045636190314926,True,True,False,True,True,152838.457594351,151761.61342625233,2.0,OPTIMAL,1.7029650211334229,0.0,0.0,0.0,2.0,OPTIMAL,5.787843942642212,152838.457594351,151761.61342625233,0.007045636190314926,40.0,4,26422.0,0.0,1.9969753575950875,0.0,152838.457594351
M2__S1__D1__start001__ndays366__20260325T173641Z,M2,S1,D1,237,2024-08-24,2,OPTIMAL,mef_soft,0.5,17396.714065,13.054042100906372,350,0.01,0.009513367132085821,True,True,False,True,True,15790.685821459163,15640.4632299722,2.0,OPTIMAL,2.5605931282043457,-4.0515431010135217e-08,-4.054163582623005e-08,0.0,2.0,OPTIMAL,13.038578033447266,15790.685821459163,15640.4632299722,0.009513367132085821,521.0,8,49006.0,0.0,6.609809093008955,8.713394257511204e-07,15790.685821459165
M2__S1__D1__start001__ndays366__20260325T173641Z,M2,S1,D1,238,2024-08-25,2,OPTIMAL,mef_soft,0.5,19868.876325,5.0177202224731445,350,0.01,0.0013779434274066337,True,True,False,True,True,16306.814394500385,16284.344526783543,2.0,OPTIMAL,2.177180051803589,-1.8553691916167736e-10,-2.1827872842550278e-10,0.0,2.0,OPTIMAL,5.0002171993255615,16306.814394500385,16284.344526783543,0.0013779434274066337,183.0,9,20353.0,0.0,2.0862612262094484,1.0350590297443204e-06,16306.814394500383
M2__S1__D1__start001__ndays366__20260325T173641Z,M2,S1,D1,239,2024-08-26,2,OPTIMAL,mef_soft,0.5,62252.36683499999,11.584721088409424,350,0.01,0.002976630882339756,True,True,False,True,True,157315.87313010136,156847.60184386006,2.0,OPTIMAL,1.1854040622711182,0.0,0.0,0.0,2.0,OPTIMAL,11.571237087249756,157315.87313010136,156847.60184386006,0.002976630882339756,327.0,9,29275.0,0.0,5.166570808365132,0.0,157315.8731301013
M2__S1__D1__start001__ndays366__20260325T173641Z,M2,S1,D1,240,2024-08-27,2,OPTIMAL,mef_soft,0.5,68258.17186,9.248425006866455,350,0.01,0.008412012176874316,True,True,False,True,True,182415.15938764796,180880.68084563263,2.0,OPTIMAL,1.299191951751709,0.0,0.0,0.0,2.0,OPTIMAL,9.22445797920227,182415.15938764796,180880.68084563263,0.008412012176874316,293.0,4,44987.0,0.0,4.220119873920892,0.0,182415.1593876479
M2__S1__D1__start001__ndays366__20260325T173641Z,M2,S1,D1,241,2024-08-28,2,OPTIMAL,mef_soft,0.5,52987.454835,20.233457803726196,350,0.01,0.004939678033278098,True,True,False,True,True,188684.25446512533,187752.2149981185,2.0,OPTIMAL,1.3494269847869873,-4.810500824348196e-07,-4.810500824348196e-07,0.0,2.0,OPTIMAL,20.219205856323242,188684.25446512533,187752.2149981185,0.004939678033278098,374.0,7,68980.0,0.0,10.200023349671469,0.0,188684.25446512536
M2__S1__D1__start001__ndays366__20260325T173641Z,M2,S1,D1,242,2024-08-29,2,OPTIMAL,mef_soft,0.5,64187.70194,4.392811059951782,350,0.01,0.009384983983500836,True,True,False,True,True,250108.37651380245,247761.11340608096,2.0,OPTIMAL,0.8768429756164551,0.0,0.0,0.0,2.0,OPTIMAL,4.36921501159668,250108.37651380245,247761.11340608096,0.009384983983500836,124.0,5,16293.0,0.0,1.5919291002190252,1.012221729598298e-06,250108.37651380236
M2__S1__D1__start001__ndays366__20260325T173641Z,M2,S1,D1,243,2024-08-30,2,OPTIMAL,mef_soft,0.5,62298.81473500001,6.995352029800415,350,0.01,0.009968602215897812,True,True,False,True,True,185607.8162753623,183757.5657867518,2.0,OPTIMAL,1.5087940692901611,-1.8287096281710546e-09,-1.8287096281710546e-09,0.0,2.0,OPTIMAL,6.969016075134277,185607.8162753623,183757.5657867518,0.009968602215897812,220.0,6,25333.0,0.0,2.3480852805955457,3.1712235127917293e-06,185607.81627536236
M2__S1__D1__start001__ndays366__20260325T173641Z,M2,S1,D1,244,2024-08-31,2,OPTIMAL,mef_soft,0.5,84354.405405,3.585930109024048,350,0.01,0.00644873540805503,True,True,False,True,True,185714.55110216077,184516.92710067722,2.0,OPTIMAL,0.9193630218505859,0.0,0.0,0.0,2.0,OPTIMAL,3.5600411891937256,185714.55110216077,184516.92710067722,0.00644873540805503,57.0,7,13878.0,0.0,1.2023129476508558,1.4434470661164887e-06,185714.55110216077
M2__S1__D1__start001__ndays366__20260325T173641Z,M2,S1,D1,245,2024-09-01,2,OPTIMAL,mef_soft,0.5,145869.77500999998,2.866302013397217,350,0.01,0.007558934997208568,True,True,False,True,True,147675.64200412697,146559.37142554673,2.0,OPTIMAL,0.5573129653930664,-1.1338556760165375e-09,-1.1496013030409813e-09,0.0,2.0,OPTIMAL,2.8549211025238037,147675.64200412697,146559.37142554673,0.007558934997208568,123.0,5,11797.0,0.0,1.1455202213002318,0.0,147675.64200412697
M2__S1__D1__start001__ndays366__20260325T173641Z,M2,S1,D1,246,2024-09-02,2,OPTIMAL,mef_soft,0.5,198389.8269,6.816838026046753,350,0.01,0.009945130229397867,True,True,False,True,True,232474.33777029475,230162.3502061761,2.0,OPTIMAL,0.852276086807251,-9.586506166670006e-08,-9.586506166670006e-08,0.0,2.0,OPTIMAL,6.794938087463379,232474.33777029475,230162.3502061761,0.009945130229397867,195.0,9,31492.0,0.0,2.546771105880652,0.0,232474.33777029475
M2__S1__D1__start001__ndays366__20260325T173641Z,M2,S1,D1,247,2024-09-03,2,OPTIMAL,mef_soft,0.5,229739.9566,4.409336090087891,350,0.01,0.009919811715867526,True,True,False,True,True,219464.65010577036,217287.60209843234,2.0,OPTIMAL,1.1153321266174316,-8.419704045081744e-09,-8.419704045081744e-09,0.0,2.0,OPTIMAL,4.396558046340942,219464.65010577036,217287.60209843234,0.009919811715867526,53.0,5,17100.0,0.0,1.7437941164155466,0.0,219464.6501057703
M2__S1__D1__start001__ndays366__20260325T173641Z,M2,S1,D1,248,2024-09-04,2,OPTIMAL,mef_soft,0.5,77100.11710999999,22.31720995903015,350,0.01,0.009338698662084616,True,True,False,True,True,98212.98148799504,97295.80004917378,2.0,OPTIMAL,1.490023136138916,0.0,0.0,0.0,2.0,OPTIMAL,22.29172396659851,98212.98148799504,97295.80004917378,0.009338698662084616,737.0,10,91298.0,32.0,10.86285755561355,0.0,98212.98148799501
M2__S1__D1__start001__ndays366__20260325T173641Z,M2,S1,D1,249,2024-09-05,2,OPTIMAL,mef_soft,0.5,146144.40344999998,2.943290948867798,350,0.01,0.003100048319512507,True,True,False,True,True,193202.29214353632,192603.3557024508,2.0,OPTIMAL,1.3839130401611328,-3.37925506528336e-05,-3.37925506528336e-05,0.0,2.0,OPTIMAL,2.9315760135650635,193202.29214353632,192603.3557024508,0.003100048319512507,56.0,5,14645.0,0.0,1.1559024238224893,0.0,193202.29214353638
M2__S1__D1__start001__ndays366__20260325T173641Z,M2,S1,D1,250,2024-09-06,2,OPTIMAL,mef_soft,0.5,95864.054845,27.62630820274353,350,0.01,0.00950609657468535,True,True,False,True,True,100933.98847113061,99974.50022905586,2.0,OPTIMAL,2.028614044189453,0.0,0.0,0.0,2.0,OPTIMAL,27.602790117263794,100933.98847113061,99974.50022905586,0.00950609657468535,860.0,6,113395.0,0.0,13.691394569181597,0.0,100933.98847113062
M2__S1__D1__start001__ndays366__20260325T173641Z,M2,S1,D1,251,2024-09-07,2,OPTIMAL,mef_soft,0.5,57050.205780000004,15.745365858078003,350,0.01,0.006577325893008683,True,True,False,True,True,63993.84224249743,63572.93388692272,2.0,OPTIMAL,1.7041959762573242,-1.517192913524923e-07,-1.517192913524923e-07,0.0,2.0,OPTIMAL,15.724259853363037,63993.84224249743,63572.93388692272,0.006577325893008683,581.0,5,48689.0,0.0,7.097442992830147,1.4107065116291542e-06,63993.84224249741
M2__S1__D1__start001__ndays366__20260325T173641Z,M2,S1,D1,252,2024-09-08,2,OPTIMAL,mef_soft,0.5,61384.143885,5.904925107955933,350,0.01,0.009701199273795919,True,True,False,True,True,40703.63892430734,40308.764811933994,2.0,OPTIMAL,0.3704850673675537,-1.2478862743137142e-07,-1.2486998457461596e-07,0.0,2.0,OPTIMAL,5.892395973205566,40703.63892430734,40308.764811933994,0.009701199273795919,237.0,5,19595.0,0.0,2.2695091737002038,0.0,40703.638924307335
M2__S1__D1__start001__ndays366__20260325T173641Z,M2,S1,D1,253,2024-09-09,2,OPTIMAL,mef_soft,0.5,102122.42058,3.712923049926758,350,0.01,0.009193170754947721,True,True,False,True,True,147386.96658952156,146032.0130386103,2.0,OPTIMAL,0.8914229869842529,2.5532358449709136e-09,2.5532358449709136e-09,0.0,2.0,OPTIMAL,3.688507080078125,147386.96658952156,146032.0130386103,0.009193170754947721,179.0,7,16502.0,14.0,1.4644811451874697,2.41396634555589e-07,147386.96658952156
M2__S1__D1__start001__ndays366__20260325T173641Z,M2,S1,D1,254,2024-09-10,2,OPTIMAL,mef_soft,0.5,134972.34655000002,5.498844146728516,350,0.01,0.005348402082224202,True,True,False,True,True,105175.11309741413,104612.59430352574,2.0,OPTIMAL,1.0707831382751465,-4.155787053150561e-06,-4.155787053150561e-06,0.0,2.0,OPTIMAL,5.483406066894531,105175.11309741413,104612.59430352574,0.005348402082224202,177.0,6,18175.0,0.0,2.028162912849005,0.0,105175.11309741411
M2__S1__D1__start001__ndays366__20260325T173641Z,M2,S1,D1,255,2024-09-11,2,OPTIMAL,mef_soft,0.5,112584.7088,4.955964088439941,350,0.01,0.0062585903139240695,True,True,False,True,True,113991.64497565388,113278.217970541,2.0,OPTIMAL,1.5514070987701416,-2.5711104512993188e-05,-2.5711104512993188e-05,0.0,2.0,OPTIMAL,4.9391961097717285,113991.64497565388,113278.217970541,0.0062585903139240695,58.0,6,15243.0,0.0,1.5291281036312425,0.0,113991.64497565392
M2__S1__D1__start001__ndays366__20260325T173641Z,M2,S1,D1,256,2024-09-12,2,OPTIMAL,mef_soft,0.5,81830.853505,18.773741006851196,350,0.01,0.00280481405737927,True,True,False,True,True,94882.46531641556,94616.33764389728,2.0,OPTIMAL,1.0094001293182373,-5.579434514402237e-08,-5.579434514402237e-08,0.0,2.0,OPTIMAL,18.758578062057495,94882.46531641556,94616.33764389728,0.00280481405737927,444.0,6,61861.0,0.0,9.376274032595717,0.0,94882.46531641555
M2__S1__D1__start001__ndays366__20260325T173641Z,M2,S1,D1,257,2024-09-13,2,OPTIMAL,mef_soft,0.5,37686.49747,12.834491968154907,350,0.01,0.0034172034016032734,True,True,False,True,True,15435.881185244763,15383.133639551803,2.0,OPTIMAL,1.876837968826294,0.0,0.0,0.0,2.0,OPTIMAL,12.81713080406189,15435.881185244763,15383.133639551803,0.0034172034016032734,637.0,9,54030.0,0.0,6.417177219208552,9.868955094909227e-07,15435.88118524476
M2__S1__D1__start001__ndays366__20260325T173641Z,M2,S1,D1,258,2024-09-14,2,OPTIMAL,mef_soft,0.5,58682.95482,7.839944124221802,350,0.01,0.00945057448395534,True,True,False,True,True,34945.128701612404,34614.87715996642,2.0,OPTIMAL,0.995265007019043,-1.8483206076780334e-09,-1.8483206076780334e-09,0.0,2.0,OPTIMAL,7.814659118652344,34945.128701612404,34614.87715996642,0.00945057448395534,316.0,5,29901.0,0.0,3.5287058937584157,5.252592278818974e-06,34945.128701612404
M2__S1__D1__start001__ndays366__20260325T173641Z,M2,S1,D1,259,2024-09-15,2,OPTIMAL,mef_soft,0.5,44532.066764999996,9.451010942459106,350,0.01,0.0014575859187345595,True,True,False,True,True,33164.95350373968,33116.61273451714,2.0,OPTIMAL,1.0477690696716309,-2.2707964717483264e-06,-2.2707964717483264e-06,0.0,2.0,OPTIMAL,9.434508085250854,33164.95350373968,33116.61273451714,0.0014575859187345595,343.0,10,28292.0,0.0,4.776240307645201,0.0,33164.95350373968
M2__S1__D1__start001__ndays366__20260325T173641Z,M2,S1,D1,260,2024-09-16,2,OPTIMAL,mef_soft,0.5,21105.155065,8.226844072341919,350,0.01,0.009805267035562858,True,True,False,True,True,19634.80638095937,19442.281861202493,2.0,OPTIMAL,2.1934289932250977,0.0,0.0,0.0,2.0,OPTIMAL,8.204824924468994,19634.80638095937,19442.281861202493,0.009805267035562858,300.0,8,29119.0,0.0,3.493994481683705,1.212930376060943e-06,19634.806380959366
M2__S1__D1__start001__ndays366__20260325T173641Z,M2,S1,D1,261,2024-09-17,2,OPTIMAL,mef_soft,0.5,8027.298635499999,10.278578042984009,350,0.01,0.000982101658013732,True,True,False,True,True,14673.802509678586,14659.391343904465,2.0,OPTIMAL,1.886488914489746,-2.588414815818396e-09,-2.6193447411060333e-09,0.0,2.0,OPTIMAL,10.259469032287598,14673.802509678586,14659.391343904465,0.000982101658013732,360.0,8,43537.0,0.0,4.797789353687993,9.340414735040623e-07,14673.802509678586
M2__S1__D1__start001__ndays366__20260325T173641Z,M2,S1,D1,262,2024-09-18,2,OPTIMAL,mef_soft,0.5,52065.510089999996,4.845199823379517,350,0.01,0.007203565723214357,True,True,False,True,True,122501.81674487729,121619.3668567424,2.0,OPTIMAL,1.813668966293335,-1.891550027721678e-08,-1.891550027721678e-08,0.0,2.0,OPTIMAL,4.821058034896851,122501.81674487729,121619.3668567424,0.007203565723214357,192.0,6,26031.0,0.0,2.1239162755926975,2.6491365552734293e-06,122501.81674487733
M2__S1__D1__start001__ndays366__20260325T173641Z,M2,S1,D1,263,2024-09-19,2,OPTIMAL,mef_soft,0.5,101140.429975,4.5618791580200195,350,0.01,0.009923863369726268,True,True,False,True,True,187033.72295982478,185177.62584764024,2.0,OPTIMAL,1.2177081108093262,-1.3144823469701805e-06,-1.3144823469701805e-06,0.0,2.0,OPTIMAL,4.546828031539917,187033.72295982478,185177.62584764024,0.009923863369726268,125.0,8,15881.0,0.0,1.4575588790358138,0.0,187033.7229598247
M2__S1__D1__start001__ndays366__20260325T173641Z,M2,S1,D1,264,2024-09-20,2,OPTIMAL,mef_soft,0.5,136014.91999999998,5.24283504486084,350,0.01,0.00853193183562367,True,True,False,True,True,205891.30023123266,204134.64969211182,2.0,OPTIMAL,1.1236000061035156,0.0,0.0,0.0,2.0,OPTIMAL,5.228774070739746,205891.30023123266,204134.64969211182,0.00853193183562367,175.0,10,26555.0,0.0,2.116269040907179,0.0,205891.3002312327
M2__S1__D1__start001__ndays366__20260325T173641Z,M2,S1,D1,265,2024-09-21,2,OPTIMAL,mef_soft,0.5,66141.079365,268.44489002227783,350,0.01,0.008508551885713743,True,True,False,True,True,104609.38086331615,103719.30651850822,2.0,OPTIMAL,2.604887008666992,-1.8809861899171665e-06,-1.8810387700796127e-06,0.0,2.0,OPTIMAL,268.4100580215454,104609.38086331615,103719.30651850822,0.008508551885713743,6020.0,10,697835.0,0.0,131.29346954670842,0.0,104609.38086331614
M2__S1__D1__start001__ndays366__20260325T173641Z,M2,S1,D1,266,2024-09-22,2,OPTIMAL,mef_soft,0.5,27834.693984999998,12.51196813583374,350,0.01,0.006278709191285349,True,True,False,True,True,45572.282804645496,45286.14769373211,2.0,OPTIMAL,2.119953155517578,-2.0245488485670649e-07,-2.0245488485670649e-07,0.0,2.0,OPTIMAL,12.48071813583374,45572.282804645496,45286.14769373211,0.006278709191285349,465.0,8,40955.0,0.0,5.410076717113915,0.0,45572.28280464552
M2__S1__D1__start001__ndays366__20260325T173641Z,M2,S1,D1,267,2024-09-23,2,OPTIMAL,mef_soft,0.5,73193.025505,13.181012153625488,350,0.01,0.005805520013203449,True,True,False,True,True,123876.68398387803,123157.51541584036,2.0,OPTIMAL,0.9449830055236816,-5.380732659432397e-08,-5.380732659432397e-08,0.0,2.0,OPTIMAL,13.160057067871094,123876.68398387803,123157.51541584036,0.005805520013203449,354.0,3,46038.0,0.0,6.467842938507401,2.557456315320796e-06,123876.68398387806
M2__S1__D1__start001__ndays366__20260325T173641Z,M2,S1,D1,268,2024-09-24,2,OPTIMAL,mef_soft,0.5,47119.13406,4.12803316116333,350,0.01,0.005948379249140572,True,True,False,True,True,90813.41153449344,90273.218921778,2.0,OPTIMAL,1.6143040657043457,-1.9580161847443378e-07,-1.9585422705858946e-07,0.0,2.0,OPTIMAL,4.1125710010528564,90813.41153449344,90273.218921778,0.005948379249140572,94.0,5,22462.0,0.0,1.7539392713835922,0.0,90813.41153449344
M2__S1__D1__start001__ndays366__20260325T173641Z,M2,S1,D1,269,2024-09-25,2,OPTIMAL,mef_soft,0.5,40542.313315,15.46823501586914,350,0.01,0.0009034519307565313,True,True,False,True,True,62681.16789706704,62624.53847490835,2.0,OPTIMAL,1.685441017150879,0.0,0.0,0.0,2.0,OPTIMAL,15.451211929321289,62681.16789706704,62624.53847490835,0.0009034519307565313,540.0,10,55441.0,15.0,7.373550035162048,0.0,62681.16789706705
M2__S1__D1__start001__ndays366__20260325T173641Z,M2,S1,D1,270,2024-09-26,2,OPTIMAL,mef_soft,0.5,6145.3603635,3.032927989959717,350,0.01,0.0,True,True,False,True,True,13509.440828899618,13509.440828899616,2.0,OPTIMAL,1.657865047454834,0.0,0.0,0.0,2.0,OPTIMAL,3.022512912750244,13509.440828899618,13509.440828899616,0.0,2.0,8,15205.0,0.0,0.9275857905645051,1.0001e-06,13509.440828899615
M2__S1__D1__start001__ndays366__20260325T173641Z,M2,S1,D1,271,2024-09-27,2,OPTIMAL,mef_soft,0.5,26031.524225999998,10.306941986083984,350,0.01,0.00024275571098434374,True,True,False,True,True,17096.53869777733,17092.38841537038,2.0,OPTIMAL,1.2416470050811768,-3.324323927245132e-09,-3.3251126296818256e-09,0.0,2.0,OPTIMAL,10.283066034317017,17096.53869777733,17092.38841537038,0.00024275571098434374,393.0,5,41360.0,0.0,5.2596304412251,8.722417018069148e-07,17096.538697777323
M2__S1__D1__start001__ndays366__20260325T173641Z,M2,S1,D1,272,2024-09-28,2,OPTIMAL,mef_soft,0.5,41169.41119,6.387169122695923,350,0.01,0.00978728865135091,True,True,False,True,True,38229.91429419066,37855.74708787701,2.0,OPTIMAL,1.0235512256622314,-3.1146782930591144e-09,-3.157765604555607e-09,0.0,2.0,OPTIMAL,6.358688116073608,38229.91429419066,37855.74708787701,0.00978728865135091,301.0,6,25360.0,0.0,2.0752080634078394,0.0,38229.914294190654
M2__S1__D1__start001__ndays366__20260325T173641Z,M2,S1,D1,273,2024-09-29,2,OPTIMAL,mef_soft,0.5,61121.607975,9.425010919570923,350,0.01,0.009419936119189272,True,True,False,True,True,37815.967166765455,37459.74317176917,2.0,OPTIMAL,0.595196008682251,0.0,0.0,0.0,2.0,OPTIMAL,9.411818027496338,37815.967166765455,37459.74317176917,0.009419936119189272,413.0,9,34095.0,0.0,5.143303707626888,0.0,37815.967166765455
M2__S1__D1__start001__ndays366__20260325T173641Z,M2,S1,D1,274,2024-09-30,2,OPTIMAL,mef_soft,0.5,112630.98609,5.969383001327515,350,0.01,0.009984049012992637,True,True,False,True,True,153109.42329795752,151580.7713113997,2.0,OPTIMAL,0.6398870944976807,0.0,0.0,0.0,2.0,OPTIMAL,5.939908027648926,153109.42329795752,151580.7713113997,0.009984049012992637,293.0,8,31244.0,0.0,2.3598870179783993,0.0,153109.4232979575
M2__S1__D1__start001__ndays366__20260325T173641Z,M2,S1,D1,275,2024-10-01,2,OPTIMAL,mef_soft,0.5,105813.61762500001,13.337840795516968,350,0.01,0.009936637966906746,True,True,False,True,True,166803.1986484903,165145.73565179823,2.0,OPTIMAL,1.332554817199707,0.0,0.0,0.0,2.0,OPTIMAL,13.322816848754883,166803.1986484903,165145.73565179823,0.009936637966906746,431.0,9,48383.0,0.0,6.403591090749819,1.0968618090330104e-06,166803.19864849024
M2__S1__D1__start001__ndays366__20260325T173641Z,M2,S1,D1,276,2024-10-02,2,OPTIMAL,mef_soft,0.5,51561.744815,4.604145050048828,350,0.01,0.00997851882803957,True,True,False,True,True,89461.3204217733,88568.62895156335,2.0,OPTIMAL,1.4670190811157227,0.0,0.0,0.0,2.0,OPTIMAL,4.582014083862305,89461.3204217733,88568.62895156335,0.00997851882803957,218.0,7,22184.0,0.0,2.080915308604215,0.0,89461.32042177331
M2__S1__D1__start001__ndays366__20260325T173641Z,M2,S1,D1,277,2024-10-03,2,OPTIMAL,mef_soft,0.5,40756.084585,12.864484071731567,350,0.01,0.004774365509882651,True,True,False,True,True,31997.719190450825,31844.950383553027,2.0,OPTIMAL,1.2957580089569092,1.0431335795146879e-09,2.9103830456733704e-11,inf,2.0,OPTIMAL,12.840569019317627,31997.719190450825,31844.950383553027,0.004774365509882651,393.0,6,30440.0,0.0,5.652629867065708,5.130649287473328e-06,31997.71919045083
M2__S1__D1__start001__ndays366__20260325T173641Z,M2,S1,D1,278,2024-10-04,2,OPTIMAL,mef_soft,0.5,85178.03250999999,6.381500959396362,350,0.01,0.007051077525977719,True,True,False,True,True,151015.5514723319,149950.72911127217,2.0,OPTIMAL,1.9853019714355469,-4.814296516997274e-09,-4.814296516997274e-09,0.0,2.0,OPTIMAL,6.367233991622925,151015.5514723319,149950.72911127217,0.007051077525977719,138.0,8,19962.0,0.0,2.3396185304678556,2.7526814957914877e-06,151015.55147233186
M2__S1__D1__start001__ndays366__20260325T173641Z,M2,S1,D1,279,2024-10-05,9,TIME_LIMIT,mef_soft,0.5,13089.79148,350.0693030357361,350,0.01,0.013163557935324928,True,False,True,False,False,30696.390519426346,30292.31680441852,2.0,OPTIMAL,3.179795026779175,5.197236419007822e-09,1.4551915228366852e-11,inf,9.0,TIME_LIMIT,350.0272750854492,30696.390519426346,30292.31680441852,0.013163557935324928,4611.0,10,932512.0,0.0,167.41329167265815,0.0,30696.390519426343
M2__S1__D1__start001__ndays366__20260325T173641Z,M2,S1,D1,280,2024-10-06,2,OPTIMAL,mef_soft,0.5,9923.1508675,3.4799489974975586,350,0.01,0.0,True,True,False,True,True,11255.96951800057,11255.969518000573,2.0,OPTIMAL,1.3002958297729492,0.0,0.0,0.0,2.0,OPTIMAL,3.4689300060272217,11255.96951800057,11255.969518000573,0.0,2.0,8,12237.0,0.0,1.3256901192440387,1.0021649102641162e-06,11255.969518000573
M2__S1__D1__start001__ndays366__20260325T173641Z,M2,S1,D1,281,2024-10-07,2,OPTIMAL,mef_soft,0.5,25145.54767,6.145764112472534,350,0.01,0.006166359772163823,True,True,False,True,True,40899.3975226699,40647.19712308037,2.0,OPTIMAL,2.3944029808044434,0.0,0.0,0.0,2.0,OPTIMAL,6.1319310665130615,40899.3975226699,40647.19712308037,0.006166359772163823,170.0,9,25740.0,0.0,2.4482785515963217,0.0,40899.397522669904
M2__S1__D1__start001__ndays366__20260325T173641Z,M2,S1,D1,282,2024-10-08,2,OPTIMAL,mef_soft,0.5,4089.3699905,9.907963991165161,350,0.01,0.0,True,True,False,True,True,13689.471040362407,13689.471040362409,2.0,OPTIMAL,0.8413670063018799,3.116980451522977e-09,4.3655745685100555e-11,inf,2.0,OPTIMAL,9.895652055740356,13689.471040362407,13689.471040362409,0.0,260.0,8,32119.0,0.0,4.124667057791808,9.91839628708009e-07,13689.471040362409
M2__S1__D1__start001__ndays366__20260325T173641Z,M2,S1,D1,283,2024-10-09,2,OPTIMAL,mef_soft,0.5,4812.6717555,13.050014972686768,350,0.01,0.009659818040114366,True,True,False,True,True,14886.821281293547,14743.01729652055,2.0,OPTIMAL,2.2700321674346924,0.0,0.0,0.0,2.0,OPTIMAL,13.022272109985352,14886.821281293547,14743.01729652055,0.009659818040114366,321.0,9,56296.0,0.0,6.62084349307505,0.0,14886.821281293544
M2__S1__D1__start001__ndays366__20260325T173641Z,M2,S1,D1,284,2024-10-10,2,OPTIMAL,mef_soft,0.5,56647.859515000004,62.46010398864746,350,0.01,0.009926009724972264,True,True,False,True,True,83133.57828838984,82308.39358182753,2.0,OPTIMAL,2.1537559032440186,-6.612849574594293e-07,-6.612849574594293e-07,0.0,2.0,OPTIMAL,62.43267011642456,83133.57828838984,82308.39358182753,0.009926009724972264,2317.0,6,305784.0,0.0,35.184456965684525,0.0,83133.57828838986
M2__S1__D1__start001__ndays366__20260325T173641Z,M2,S1,D1,285,2024-10-11,2,OPTIMAL,mef_soft,0.5,122855.43359999999,15.509203910827637,350,0.01,0.008650850197024714,True,True,False,True,True,153351.93763639987,152025.31299648393,2.0,OPTIMAL,0.8859319686889648,-2.753608896455262e-09,-2.753608896455262e-09,0.0,2.0,OPTIMAL,15.489482879638672,153351.93763639987,152025.31299648393,0.008650850197024714,463.0,6,61867.0,0.0,7.971811916359579,0.0,153351.93763639987
M2__S1__D1__start001__ndays366__20260325T173641Z,M2,S1,D1,286,2024-10-12,2,OPTIMAL,mef_soft,0.5,89824.88696999999,10.910647869110107,350,0.01,0.007331630067635013,True,True,False,True,True,81743.5305752829,81144.21724868251,2.0,OPTIMAL,0.9074339866638184,0.0,0.0,0.0,2.0,OPTIMAL,10.883955955505371,81743.5305752829,81144.21724868251,0.007331630067635013,382.0,8,31464.0,0.0,5.106121440485506,0.0,81743.53057528292
M2__S1__D1__start001__ndays366__20260325T173641Z,M2,S1,D1,287,2024-10-13,9,TIME_LIMIT,mef_soft,0.5,64080.43189,350.0569341182709,350,0.01,0.02167925576170021,True,False,True,False,False,54414.51152460941,53234.845412119415,2.0,OPTIMAL,7.618864059448242,-2.2689187062496785e-07,-2.2689187062496785e-07,0.0,9.0,TIME_LIMIT,350.021115064621,54414.51152460941,53234.845412119415,0.02167925576170021,10273.0,7,963297.0,1579.0,177.39879119534856,0.0,54414.511524609414
M2__S1__D1__start001__ndays366__20260325T173641Z,M2,S1,D1,288,2024-10-14,2,OPTIMAL,mef_soft,0.5,125515.473475,6.407815933227539,350,0.01,0.009938905365394433,True,True,False,True,True,216461.66698261967,214310.2749592439,2.0,OPTIMAL,1.3641650676727295,-6.431221458429604e-09,-6.461050361394882e-09,0.0,2.0,OPTIMAL,6.38396692276001,216461.66698261967,214310.2749592439,0.009938905365394433,365.0,10,23800.0,0.0,2.5683332190350474,1.0088655300219169e-06,216461.66698261962
M2__S1__D1__start001__ndays366__20260325T173641Z,M2,S1,D1,289,2024-10-15,2,OPTIMAL,mef_soft,0.5,92707.16420500001,10.811174154281616,350,0.01,0.006928149794242995,True,True,False,True,True,82268.02340428863,81698.05821486743,2.0,OPTIMAL,1.6116490364074707,-6.683762876491528e-09,-6.683762876491528e-09,0.0,2.0,OPTIMAL,10.791390180587769,82268.02340428863,81698.05821486743,0.006928149794242995,312.0,6,36852.0,0.0,5.343278367208469,0.0,82268.02340428863
M2__S1__D1__start001__ndays366__20260325T173641Z,M2,S1,D1,290,2024-10-16,2,OPTIMAL,mef_soft,0.5,5478.4199485,12.590627908706665,350,0.01,0.003206716031707728,True,True,False,True,True,13022.036774633238,12980.278800542537,2.0,OPTIMAL,2.3377678394317627,-9.981803827940894e-09,-9.981803827940894e-09,0.0,2.0,OPTIMAL,12.566807985305786,13022.036774633238,12980.278800542537,0.003206716031707728,505.0,8,59498.0,0.0,6.395962862963848,4.103158055427102e-06,13022.03677463324
M2__S1__D1__start001__ndays366__20260325T173641Z,M2,S1,D1,291,2024-10-17,2,OPTIMAL,mef_soft,0.5,17070.562895,21.32390594482422,350,0.01,0.009290952333375301,True,True,False,True,True,20479.28904662554,20289.01694827193,2.0,OPTIMAL,7.856988906860352,0.0,0.0,0.0,2.0,OPTIMAL,21.298120975494385,20479.28904662554,20289.01694827193,0.009290952333375301,620.0,6,112481.0,0.0,10.707831048455729,1.0877773653129474e-05,20479.28904662554
M2__S1__D1__start001__ndays366__20260325T173641Z,M2,S1,D1,292,2024-10-18,2,OPTIMAL,mef_soft,0.5,83050.59843499999,6.963831901550293,350,0.01,0.009861412045099379,True,True,False,True,True,39208.484782440995,38821.83375833734,2.0,OPTIMAL,2.860935926437378,-3.9012899577528515e-09,-3.9012899577528515e-09,0.0,2.0,OPTIMAL,6.946083068847656,39208.484782440995,38821.83375833734,0.009861412045099379,191.0,6,34638.0,0.0,3.027359142009645,6.708371594445194e-06,39208.484782440995
M2__S1__D1__start001__ndays366__20260325T173641Z,M2,S1,D1,293,2024-10-19,2,OPTIMAL,mef_soft,0.5,83740.21035000001,5.730949878692627,350,0.01,0.009927170074660999,True,True,False,True,True,45857.17098270319,45401.939047215084,2.0,OPTIMAL,2.0333499908447266,-1.0192661648034118e-07,-1.0192661648034118e-07,0.0,2.0,OPTIMAL,5.712293863296509,45857.17098270319,45401.939047215084,0.009927170074660999,116.0,5,20446.0,0.0,2.0918704879816334,0.0,45857.170982703195
M2__S1__D1__start001__ndays366__20260325T173641Z,M2,S1,D1,294,2024-10-20,2,OPTIMAL,mef_soft,0.5,117797.26543999999,11.439020156860352,350,0.01,0.009637824719260921,True,True,False,True,True,43038.81139527274,42624.01087491978,2.0,OPTIMAL,1.1044862270355225,-3.4110598789993674e-08,-3.4110598789993674e-08,0.0,2.0,OPTIMAL,11.413952112197876,43038.81139527274,42624.01087491978,0.009637824719260921,450.0,6,40200.0,0.0,5.558912126135811,2.301006347316109e-06,43038.81139527275
M2__S1__D1__start001__ndays366__20260325T173641Z,M2,S1,D1,295,2024-10-21,2,OPTIMAL,mef_soft,0.5,126358.06964999999,4.259835958480835,350,0.01,0.009156456305635904,True,True,False,True,True,171255.34594195557,169687.25384973144,2.0,OPTIMAL,0.933445930480957,-8.675215212861076e-09,-8.675215212861076e-09,0.0,2.0,OPTIMAL,4.247301816940308,171255.34594195557,169687.25384973144,0.009156456305635904,200.0,7,21361.0,0.0,1.90076947297499,0.0,171255.34594195551
M2__S1__D1__start001__ndays366__20260325T173641Z,M2,S1,D1,296,2024-10-22,2,OPTIMAL,mef_soft,0.5,148979.07595,6.488252878189087,350,0.01,0.0062061406048073515,True,True,False,True,True,121523.407253412,120769.21590122207,2.0,OPTIMAL,4.097257852554321,-8.823212738207076e-08,-8.823212738207076e-08,0.0,2.0,OPTIMAL,6.47511100769043,121523.407253412,120769.21590122207,0.0062061406048073515,109.0,7,26460.0,0.0,3.0702693147155546,1.6312776981118138e-06,121523.40725341204
M2__S1__D1__start001__ndays366__20260325T173641Z,M2,S1,D1,297,2024-10-23,2,OPTIMAL,mef_soft,0.5,232553.5043,3.591607093811035,350,0.01,0.008005468685741356,True,True,False,True,True,171622.87639344358,170248.95483071904,2.0,OPTIMAL,0.9938108921051025,0.0,0.0,0.0,2.0,OPTIMAL,3.580320119857788,171622.87639344358,170248.95483071904,0.008005468685741356,83.0,4,13995.0,0.0,1.0860755653802852,0.0,171622.87639344364
M2__S1__D1__start001__ndays366__20260325T173641Z,M2,S1,D1,298,2024-10-24,2,OPTIMAL,mef_soft,0.5,239470.13905,5.710141897201538,350,0.01,0.009990213946114195,True,True,False,True,True,134814.8529678894,133468.02374362625,2.0,OPTIMAL,2.361409902572632,-1.5981629530870123e-07,-1.5981629530870123e-07,0.0,2.0,OPTIMAL,5.688922882080078,134814.8529678894,133468.02374362625,0.009990213946114195,152.0,6,19697.0,0.0,1.7814565814656342,1.2865500377135313e-06,134814.85296788943
M2__S1__D1__start001__ndays366__20260325T173641Z,M2,S1,D1,299,2024-10-25,2,OPTIMAL,mef_soft,0.5,230704.555,14.410730123519897,350,0.01,0.00947904890524996,True,True,False,True,True,115096.58540974851,114005.57924782223,2.0,OPTIMAL,1.1208419799804688,-2.0688503354904242e-08,-2.0688503354904242e-08,0.0,2.0,OPTIMAL,14.396780014038086,115096.58540974851,114005.57924782223,0.00947904890524996,377.0,9,51867.0,0.0,6.766410582712381,1.0149176871942794e-06,115096.58540974848
M2__S1__D1__start001__ndays366__20260325T173641Z,M2,S1,D1,300,2024-10-26,2,OPTIMAL,mef_soft,0.5,123819.7706,21.915417909622192,350,0.01,0.007223505560878715,True,True,False,True,True,60322.22955101746,59886.49159041107,2.0,OPTIMAL,2.537436008453369,-4.768923531628388e-07,-4.768923531628388e-07,0.0,2.0,OPTIMAL,21.89203906059265,60322.22955101746,59886.49159041107,0.007223505560878715,1025.0,8,87792.0,0.0,10.45814087974541,0.0,60322.22955101746
M2__S1__D1__start001__ndays366__20260325T173641Z,M2,S1,D1,301,2024-10-27,2,OPTIMAL,mef_soft,0.5,81455.645525,8.560670137405396,350,0.01,0.00981220486257381,True,True,False,True,True,89066.78460778418,88192.84307076187,2.0,OPTIMAL,2.2560040950775146,0.0,0.0,0.0,2.0,OPTIMAL,8.532816171646118,89066.78460778418,88192.84307076187,0.00981220486257381,349.0,10,43332.0,0.0,3.796218056782864,0.0,89066.78460778417
M2__S1__D1__start001__ndays366__20260325T173641Z,M2,S1,D1,302,2024-10-28,2,OPTIMAL,mef_soft,0.5,27410.73717,25.670839071273804,350,0.01,0.004169594233367664,True,True,False,True,True,37811.89738701302,37654.23711771545,2.0,OPTIMAL,17.596873998641968,-5.130787954499283e-07,-5.130787954499283e-07,0.0,2.0,OPTIMAL,25.656501054763794,37811.89738701302,37654.23711771545,0.004169594233367664,630.0,5,150324.0,0.0,13.364104040456283,0.0,37811.897387013036
M2__S1__D1__start001__ndays366__20260325T173641Z,M2,S1,D1,303,2024-10-29,2,OPTIMAL,mef_soft,0.5,8257.9333365,12.357908964157104,350,0.01,0.00345326765669477,True,True,False,True,True,18428.00866818231,18364.371821871184,2.0,OPTIMAL,2.6558449268341064,-4.201247350010817e-09,-4.201247350010817e-09,0.0,2.0,OPTIMAL,12.340912103652954,18428.00866818231,18364.371821871184,0.00345326765669477,363.0,9,53007.0,0.0,5.588287015595285,0.0,18428.00866818231
M2__S1__D1__start001__ndays366__20260325T173641Z,M2,S1,D1,304,2024-10-30,2,OPTIMAL,mef_soft,0.5,68732.99083,4.956462860107422,350,0.01,0.009783605151976753,True,True,False,True,True,49651.47903369864,49165.70856762128,2.0,OPTIMAL,2.111348867416382,0.0,0.0,0.0,2.0,OPTIMAL,4.936854839324951,49651.47903369864,49165.70856762128,0.009783605151976753,58.0,7,18810.0,0.0,2.1149832171284055,0.0,49651.47903369863
M2__S1__D1__start001__ndays366__20260325T173641Z,M2,S1,D1,305,2024-10-31,2,OPTIMAL,mef_soft,0.5,216729.70955,5.188559055328369,350,0.01,0.008579138909899288,True,True,False,True,True,183759.09543028008,182182.60062462627,2.0,OPTIMAL,1.1237750053405762,-5.164986305317143e-08,-5.164986305317143e-08,0.0,2.0,OPTIMAL,5.173418045043945,183759.09543028008,182182.60062462627,0.008579138909899288,175.0,5,23153.0,0.0,2.0101306260925873,9.155923391804525e-07,183759.09543028008
M2__S1__D1__start001__ndays366__20260325T173641Z,M2,S1,D1,306,2024-11-01,2,OPTIMAL,mef_soft,0.5,216252.37945,24.893571138381958,350,0.01,0.003618169642570967,True,True,False,True,True,159936.7924612721,159358.11401405855,2.0,OPTIMAL,0.7857811450958252,-6.567063337570289e-09,-6.567063337570289e-09,0.0,2.0,OPTIMAL,24.86773109436035,159936.7924612721,159358.11401405855,0.003618169642570967,554.0,5,66441.0,849.0,12.407679057385014,0.0,159936.79246127204
M2__S1__D1__start001__ndays366__20260325T173641Z,M2,S1,D1,307,2024-11-02,2,OPTIMAL,mef_soft,0.5,149257.2624,4.421034097671509,350,0.01,0.008763921933922001,True,True,False,True,True,174650.54116740357,173119.91745889522,2.0,OPTIMAL,1.3926730155944824,-1.7836555343819782e-08,-1.7836555343819782e-08,0.0,2.0,OPTIMAL,4.4029340744018555,174650.54116740357,173119.91745889522,0.008763921933922001,273.0,6,22354.0,0.0,1.8633711481693747,1.077822805186535e-06,174650.54116740348
M2__S1__D1__start001__ndays366__20260325T173641Z,M2,S1,D1,308,2024-11-03,2,OPTIMAL,mef_soft,0.5,118552.1038,11.456376075744629,350,0.01,0.00944196690561195,True,True,False,True,True,99264.76297752975,98327.5083706025,2.0,OPTIMAL,1.0006871223449707,6.93717083777301e-10,1.4551915228366852e-11,inf,2.0,OPTIMAL,11.43175196647644,99264.76297752975,98327.5083706025,0.00944196690561195,346.0,6,31564.0,0.0,4.981762216174559,1.7212422015743248e-06,99264.76297752971
M2__S1__D1__start001__ndays366__20260325T173641Z,M2,S1,D1,309,2024-11-04,2,OPTIMAL,mef_soft,0.5,270613.20900000003,3.421220064163208,350,0.01,0.009743782384647407,True,True,False,True,True,229675.9149866263,227438.00285200184,2.0,OPTIMAL,1.5477209091186523,0.0,0.0,0.0,2.0,OPTIMAL,3.4106130599975586,229675.9149866263,227438.00285200184,0.009743782384647407,103.0,7,13278.0,0.0,1.3443978965532846,8.944068510812516e-07,229675.91498662625
M2__S1__D1__start001__ndays366__20260325T173641Z,M2,S1,D1,310,2024-11-05,2,OPTIMAL,mef_soft,0.5,310232.53264999995,3.8852338790893555,350,0.01,0.009816842656805437,True,True,False,True,True,255473.8120339382,252965.86581826667,2.0,OPTIMAL,1.2197799682617188,-2.2128006094135344e-08,-2.2128006094135344e-08,0.0,2.0,OPTIMAL,3.8730099201202393,255473.8120339382,252965.86581826667,0.009816842656805437,119.0,8,16477.0,0.0,1.318854163538371,1.0251519966812263e-06,255473.81203393816
M2__S1__D1__start001__ndays366__20260325T173641Z,M2,S1,D1,311,2024-11-06,2,OPTIMAL,mef_soft,0.5,274817.69125,2.922865152359009,350,0.01,0.008879239597790793,True,True,False,True,True,254282.86981105746,252025.03128439124,2.0,OPTIMAL,0.9908020496368408,0.0,-5.820766091346741e-11,0.0,2.0,OPTIMAL,2.901811122894287,254282.86981105746,252025.03128439124,0.008879239597790793,56.0,5,10536.0,0.0,0.893754671750817,1.0292729743459897e-06,254282.86981105743
M2__S1__D1__start001__ndays366__20260325T173641Z,M2,S1,D1,312,2024-11-07,2,OPTIMAL,mef_soft,0.5,264405.1141,3.6668269634246826,350,0.01,0.007533544138161731,True,True,False,True,True,232764.07544394853,231010.53700781317,2.0,OPTIMAL,0.596243143081665,0.0,0.0,0.0,2.0,OPTIMAL,3.6546809673309326,232764.07544394853,231010.53700781317,0.007533544138161731,147.0,7,14525.0,0.0,1.3106965457427204,9.867373345512579e-07,232764.07544394856
M2__S1__D1__start001__ndays366__20260325T173641Z,M2,S1,D1,313,2024-11-08,2,OPTIMAL,mef_soft,0.5,292439.3865,2.8252599239349365,350,0.01,0.0038530614487286155,True,True,False,True,True,276968.598482365,275901.4214530442,2.0,OPTIMAL,0.9321568012237549,0.0,0.0,0.0,2.0,OPTIMAL,2.8074088096618652,276968.598482365,275901.4214530442,0.0038530614487286155,2.0,6,9965.0,0.0,0.9668155592758874,0.0,276968.598482365
M2__S1__D1__start001__ndays366__20260325T173641Z,M2,S1,D1,314,2024-11-09,2,OPTIMAL,mef_soft,0.5,163472.17315,3.2203469276428223,350,0.01,0.009020281647544884,True,True,False,True,True,193866.41705499848,192117.68737116203,2.0,OPTIMAL,0.7284669876098633,0.0,0.0,0.0,2.0,OPTIMAL,3.2113988399505615,193866.41705499848,192117.68737116203,0.009020281647544884,2.0,5,9007.0,0.0,0.9619558376801914,9.835995463123932e-07,193866.4170549985
M2__S1__D1__start001__ndays366__20260325T173641Z,M2,S1,D1,315,2024-11-10,2,OPTIMAL,mef_soft,0.5,156475.35455,5.606889963150024,350,0.01,0.0071476956427301026,True,True,False,True,True,165573.15705634496,164389.69052310026,2.0,OPTIMAL,1.16768479347229,-5.749370757257566e-09,-5.749370757257566e-09,0.0,2.0,OPTIMAL,5.58722186088562,165573.15705634496,164389.69052310026,0.0071476956427301026,251.0,8,23578.0,0.0,2.235039164469263,1.1305106869634384e-06,165573.15705634502
M2__S1__D1__start001__ndays366__20260325T173641Z,M2,S1,D1,316,2024-11-11,9,TIME_LIMIT,mef_soft,0.5,108877.57571,350.0538091659546,350,0.01,0.015179490385534669,True,False,True,False,False,96876.53780234668,95406.00132819207,2.0,OPTIMAL,0.7131102085113525,-1.43865008794819e-09,-1.4551915228366852e-09,0.0,9.0,TIME_LIMIT,350.0198600292206,96876.53780234668,95406.00132819207,0.015179490385534669,6425.0,2,957300.0,0.0,176.57260128391718,1.6036753668009512e-05,96876.53780234668
M2__S1__D1__start001__ndays366__20260325T173641Z,M2,S1,D1,317,2024-11-12,2,OPTIMAL,mef_soft,0.5,155223.47580000001,14.442531108856201,350,0.01,0.005661993890075863,True,True,False,True,True,59816.61332750278,59477.93202831744,2.0,OPTIMAL,1.0711731910705566,0.0,0.0,0.0,2.0,OPTIMAL,14.426427125930786,59816.61332750278,59477.93202831744,0.005661993890075863,449.0,7,48320.0,0.0,6.9776536015037856,0.0,59816.6133275028
M2__S1__D1__start001__ndays366__20260325T173641Z,M2,S1,D1,318,2024-11-13,2,OPTIMAL,mef_soft,0.5,40557.491515,4.120975017547607,350,0.01,0.0033306405615587515,True,True,False,True,True,65445.09955393246,65227.12545080288,2.0,OPTIMAL,1.1437580585479736,0.0,0.0,0.0,2.0,OPTIMAL,4.097185134887695,65445.09955393246,65227.12545080288,0.0033306405615587515,99.0,6,17087.0,0.0,1.609714709707138,0.0,65445.09955393244
M2__S1__D1__start001__ndays366__20260325T173641Z,M2,S1,D1,319,2024-11-14,2,OPTIMAL,mef_soft,0.5,200390.85535,6.595768928527832,350,0.01,0.009927834639912854,True,True,False,True,True,202545.2720049034,200534.43603734262,2.0,OPTIMAL,2.094829797744751,0.0,-1.4551915228366852e-11,0.0,2.0,OPTIMAL,6.570976972579956,202545.2720049034,200534.43603734262,0.009927834639912854,203.0,8,27528.0,0.0,2.7467411760546963,0.0,202545.27200490338
M2__S1__D1__start001__ndays366__20260325T173641Z,M2,S1,D1,320,2024-11-15,2,OPTIMAL,mef_soft,0.5,194875.7581,4.032013893127441,350,0.01,0.00537191335863013,True,True,False,True,True,236125.36332110676,234856.91832757072,2.0,OPTIMAL,1.276270866394043,0.0,0.0,0.0,2.0,OPTIMAL,4.014462947845459,236125.36332110676,234856.91832757072,0.00537191335863013,49.0,4,15803.0,0.0,1.4405087111527148,1.4900868360749716e-06,236125.36332110676
M2__S1__D1__start001__ndays366__20260325T173641Z,M2,S1,D1,321,2024-11-16,2,OPTIMAL,mef_soft,0.5,146685.3792,4.167533874511719,350,0.01,0.009768898469712987,True,True,False,True,True,175355.95648886304,173642.92195386393,2.0,OPTIMAL,1.0619688034057617,0.0,0.0,0.0,2.0,OPTIMAL,4.155860900878906,175355.95648886304,173642.92195386393,0.009768898469712987,53.0,9,13357.0,0.0,1.3047099764186936,0.0,175355.956488863
M2__S1__D1__start001__ndays366__20260325T173641Z,M2,S1,D1,322,2024-11-17,2,OPTIMAL,mef_soft,0.5,107762.79841999999,7.975448131561279,350,0.01,0.004309031597849423,True,True,False,True,True,184278.75874644038,183484.69575218947,2.0,OPTIMAL,0.6369330883026123,0.0,0.0,0.0,2.0,OPTIMAL,7.9602179527282715,184278.75874644038,183484.69575218947,0.004309031597849423,348.0,10,29193.0,0.0,3.2250500353102676,0.0,184278.7587464404
M2__S1__D1__start001__ndays366__20260325T173641Z,M2,S1,D1,323,2024-11-18,2,OPTIMAL,mef_soft,0.5,191428.5071,4.219675064086914,350,0.01,0.00926406070433219,True,True,False,True,True,259711.89025439147,257305.90353743796,2.0,OPTIMAL,1.0069870948791504,0.0,0.0,0.0,2.0,OPTIMAL,4.207356929779053,259711.89025439147,257305.90353743796,0.00926406070433219,301.0,10,23897.0,0.0,1.8123725863538607,0.0,259711.89025439144
M2__S1__D1__start001__ndays366__20260325T173641Z,M2,S1,D1,324,2024-11-19,2,OPTIMAL,mef_soft,0.5,161932.10330000002,5.5283119678497314,350,0.01,0.008210949026466692,True,True,False,True,True,176238.8077547035,174791.71988774434,2.0,OPTIMAL,1.0841538906097412,-1.3226497230789391e-08,-1.3227690942585468e-08,0.0,2.0,OPTIMAL,5.514909029006958,176238.8077547035,174791.71988774434,0.008210949026466692,61.0,3,19082.0,0.0,1.9502671569419237,9.74459783736695e-07,176238.80775470342
M2__S1__D1__start001__ndays366__20260325T173641Z,M2,S1,D1,325,2024-11-20,2,OPTIMAL,mef_soft,0.5,77391.483095,7.234776020050049,350,0.01,0.009853334769839977,True,True,False,True,True,77241.36912123172,76480.28405319944,2.0,OPTIMAL,2.6259710788726807,-3.205067855560628e-08,-3.205067855560628e-08,0.0,2.0,OPTIMAL,7.208189010620117,77241.36912123172,76480.28405319944,0.009853334769839977,223.0,8,32491.0,0.0,3.1006594067758737,0.0,77241.36912123169
M2__S1__D1__start001__ndays366__20260325T173641Z,M2,S1,D1,326,2024-11-21,2,OPTIMAL,mef_soft,0.5,24621.679425000002,5.3483781814575195,350,0.01,0.008984243289629872,True,True,False,True,True,40113.58711118813,39753.19688536146,2.0,OPTIMAL,1.1938471794128418,-3.3151579259538266e-09,-3.3151579259538266e-09,0.0,2.0,OPTIMAL,5.334473133087158,40113.58711118813,39753.19688536146,0.008984243289629872,160.0,3,22912.0,0.0,2.1517659939684592,0.0,40113.58711118813
M2__S1__D1__start001__ndays366__20260325T173641Z,M2,S1,D1,327,2024-11-22,2,OPTIMAL,mef_soft,0.5,165815.01705000002,13.940500020980835,350,0.01,0.007024641326371926,True,True,False,True,True,167153.56727168817,165979.37341518098,2.0,OPTIMAL,1.4894599914550781,0.0,0.0,0.0,2.0,OPTIMAL,13.924855947494507,167153.56727168817,165979.37341518098,0.007024641326371926,456.0,9,49947.0,0.0,6.647460747129835,0.0,167153.56727168814
M2__S1__D1__start001__ndays366__20260325T173641Z,M2,S1,D1,328,2024-11-23,2,OPTIMAL,mef_soft,0.5,121547.216895,3.891568899154663,350,0.01,0.007151008783191336,True,True,False,True,True,128844.97786516615,127923.60629678225,2.0,OPTIMAL,1.257667064666748,0.0,0.0,0.0,2.0,OPTIMAL,3.868263006210327,128844.97786516615,127923.60629678225,0.007151008783191336,72.0,4,13313.0,0.0,1.374348229478165,2.842812742072749e-06,128844.9778651662
M2__S1__D1__start001__ndays366__20260325T173641Z,M2,S1,D1,329,2024-11-24,2,OPTIMAL,mef_soft,0.5,93687.30494,23.615344047546387,350,0.01,0.006754821920512813,True,True,False,True,True,18586.365208806208,18460.81762167111,2.0,OPTIMAL,0.9081161022186279,0.0,0.0,0.0,2.0,OPTIMAL,23.60056495666504,18586.365208806208,18460.81762167111,0.006754821920512813,683.0,8,117108.0,0.0,13.801035579615666,7.514281605836004e-07,18586.365208806208
M2__S1__D1__start001__ndays366__20260325T173641Z,M2,S1,D1,330,2024-11-25,2,OPTIMAL,mef_soft,0.5,46552.102589999995,21.95893692970276,350,0.01,0.009986668358209974,True,True,False,True,True,22762.14285532333,22534.82488350502,2.0,OPTIMAL,1.2061338424682617,-5.4523772163861395e-08,-5.4523772163861395e-08,0.0,2.0,OPTIMAL,21.93529200553894,22762.14285532333,22534.82488350502,0.009986668358209974,2037.0,5,101410.0,0.0,10.377560622003275,1.7088496962175296e-05,22762.14285532333
M2__S1__D1__start001__ndays366__20260325T173641Z,M2,S1,D1,331,2024-11-26,2,OPTIMAL,mef_soft,0.5,302706.27825,3.6097240447998047,350,0.01,0.001155083512175854,True,True,False,True,True,349619.74169694993,349215.9016977846,2.0,OPTIMAL,0.9828648567199707,-1.0936673788819462e-09,-1.0936673788819462e-09,0.0,2.0,OPTIMAL,3.582092046737671,349619.74169694993,349215.9016977846,0.001155083512175854,30.0,6,14538.0,0.0,1.0778183594621924,0.0,349619.74169694993
M2__S1__D1__start001__ndays366__20260325T173641Z,M2,S1,D1,332,2024-11-27,2,OPTIMAL,mef_soft,0.5,283733.60145,2.8439180850982666,350,0.01,0.009050607196064951,True,True,False,True,True,286293.6287453085,283702.4975687986,2.0,OPTIMAL,0.6720311641693115,0.0,0.0,0.0,2.0,OPTIMAL,2.822437047958374,286293.6287453085,283702.4975687986,0.009050607196064951,130.0,7,13360.0,0.0,1.0415495767198408,1.1899418506597082e-06,286293.6287453084
M2__S1__D1__start001__ndays366__20260325T173641Z,M2,S1,D1,333,2024-11-28,2,OPTIMAL,mef_soft,0.5,307902.1103,3.622934103012085,350,0.01,0.00892449015149248,True,True,False,True,True,276947.00051140256,274475.38973285316,2.0,OPTIMAL,1.4676079750061035,0.0,0.0,0.0,2.0,OPTIMAL,3.606973171234131,276947.00051140256,274475.38973285316,0.00892449015149248,142.0,6,15111.0,0.0,1.2318475234870774,1.0349226407857402e-06,276947.0005114025
M2__S1__D1__start001__ndays366__20260325T173641Z,M2,S1,D1,334,2024-11-29,2,OPTIMAL,mef_soft,0.5,330605.99415,3.462661027908325,350,0.01,0.009845535278923524,True,True,False,True,True,311174.67634774593,308110.99509385665,2.0,OPTIMAL,0.6219761371612549,0.0,0.0,0.0,2.0,OPTIMAL,3.4477570056915283,311174.67634774593,308110.99509385665,0.009845535278923524,82.0,5,13650.0,0.0,1.0306545413916313,1.0302890675641262e-06,311174.67634774605
M2__S1__D1__start001__ndays366__20260325T173641Z,M2,S1,D1,335,2024-11-30,2,OPTIMAL,mef_soft,0.5,215634.7206,3.0415451526641846,350,0.01,0.008057410254827457,True,True,False,True,True,268602.7063276778,266438.4641272388,2.0,OPTIMAL,0.5880169868469238,0.0,0.0,0.0,2.0,OPTIMAL,3.013918161392212,268602.7063276778,266438.4641272388,0.008057410254827457,108.0,5,11374.0,0.0,0.8511869736711737,0.0,268602.7063276779
M2__S1__D1__start001__ndays366__20260325T173641Z,M2,S1,D1,336,2024-12-01,2,OPTIMAL,mef_soft,0.5,216157.82984999998,2.706058979034424,350,0.01,0.003811917852889894,True,True,False,True,True,287862.3093451137,286765.00186894694,2.0,OPTIMAL,1.04288911819458,0.0,-1.4551915228366852e-11,0.0,2.0,OPTIMAL,2.6951379776000977,287862.3093451137,286765.00186894694,0.003811917852889894,30.0,8,9324.0,0.0,0.9950241395241992,1.0353078848941685e-06,287862.3093451136
M2__S1__D1__start001__ndays366__20260325T173641Z,M2,S1,D1,337,2024-12-02,2,OPTIMAL,mef_soft,0.5,236729.25734999997,2.8773880004882812,350,0.01,0.006801792751821165,True,True,False,True,True,363108.8346157641,360639.0435763525,2.0,OPTIMAL,0.593940019607544,-1.3426415534922853e-10,-1.3426415534922853e-10,0.0,2.0,OPTIMAL,2.8542699813842773,363108.8346157641,360639.0435763525,0.006801792751821165,39.0,3,12364.0,0.0,0.9512863273301133,0.0,363108.8346157642
M2__S1__D1__start001__ndays366__20260325T173641Z,M2,S1,D1,338,2024-12-03,2,OPTIMAL,mef_soft,0.5,212672.696,3.408041000366211,350,0.01,0.009821625374327668,True,True,False,True,True,300186.1360325222,297237.82026184374,2.0,OPTIMAL,0.7324349880218506,0.0,0.0,0.0,2.0,OPTIMAL,3.3868908882141113,300186.1360325222,297237.82026184374,0.009821625374327668,49.0,7,12356.0,0.0,1.1301757693461525,0.0,300186.13603252225
M2__S1__D1__start001__ndays366__20260325T173641Z,M2,S1,D1,339,2024-12-04,2,OPTIMAL,mef_soft,0.5,273277.11635,5.770243883132935,350,0.01,0.006926828718776439,True,True,False,True,True,258738.73035507416,256946.4914869909,2.0,OPTIMAL,2.024777889251709,-1.5438672562595457e-09,-1.5438672562595457e-09,0.0,2.0,OPTIMAL,5.748637914657593,258738.73035507416,256946.4914869909,0.006926828718776439,87.0,4,25723.0,0.0,2.1967503899911507,0.0,258738.73035507422
M2__S1__D1__start001__ndays366__20260325T173641Z,M2,S1,D1,340,2024-12-05,2,OPTIMAL,mef_soft,0.5,352912.10010000004,3.8538248538970947,350,0.01,0.008277378932551344,True,True,False,True,True,340909.74098519713,338087.9018772648,2.0,OPTIMAL,0.8999209403991699,0.0,0.0,0.0,2.0,OPTIMAL,3.836210012435913,340909.74098519713,338087.9018772648,0.008277378932551344,135.0,8,16043.0,0.0,1.5342516296341637,0.0,340909.7409851971
M2__S1__D1__start001__ndays366__20260325T173641Z,M2,S1,D1,341,2024-12-06,2,OPTIMAL,mef_soft,0.5,350466.65249999997,4.954726934432983,350,0.01,0.004837932117608287,True,True,False,True,True,301294.73434131715,299837.09086918103,2.0,OPTIMAL,1.34897780418396,0.0,0.0,0.0,2.0,OPTIMAL,4.9388039112091064,301294.73434131715,299837.09086918103,0.004837932117608287,250.0,10,24958.0,0.0,2.2869674172684866,0.0,301294.73434131715
M2__S1__D1__start001__ndays366__20260325T173641Z,M2,S1,D1,342,2024-12-07,2,OPTIMAL,mef_soft,0.5,69067.67399,12.166701793670654,350,0.01,0.009581461842765355,True,True,False,True,True,33755.34507808802,33431.919527232945,2.0,OPTIMAL,1.5993118286132812,-2.430424514063539e-07,-2.4314795155078173e-07,inf,2.0,OPTIMAL,12.15018081665039,33755.34507808802,33431.919527232945,0.009581461842765355,324.0,7,39878.0,0.0,5.368750489480214,0.0,33755.34507808802
M2__S1__D1__start001__ndays366__20260325T173641Z,M2,S1,D1,343,2024-12-08,2,OPTIMAL,mef_soft,0.5,2469.5779110000003,26.115546941757202,350,0.01,0.00897373790506538,True,True,False,True,True,13266.792054038277,13147.739339304337,2.0,OPTIMAL,1.3498167991638184,-9.255667906993281e-06,-9.255672921426594e-06,0.0,2.0,OPTIMAL,26.09655499458313,13266.792054038277,13147.739339304337,0.00897373790506538,404.0,5,127625.0,0.0,12.38354702654054,0.0,13266.79205403828
M2__S1__D1__start001__ndays366__20260325T173641Z,M2,S1,D1,344,2024-12-09,2,OPTIMAL,mef_soft,0.5,69508.953245,21.116734981536865,350,0.01,0.009988595450953488,True,True,False,True,True,43191.27977132272,42759.859550678026,2.0,OPTIMAL,1.8292291164398193,-1.7360434867441654e-08,-1.7360434867441654e-08,0.0,2.0,OPTIMAL,21.09485697746277,43191.27977132272,42759.859550678026,0.009988595450953488,928.0,7,82797.0,0.0,10.250501422886453,1.364121687461388e-07,43191.27977132272
M2__S1__D1__start001__ndays366__20260325T173641Z,M2,S1,D1,345,2024-12-10,2,OPTIMAL,mef_soft,0.5,470404.96235,5.548385858535767,350,0.01,0.007629173937041191,True,True,False,True,True,330621.44704942254,328099.07852256624,2.0,OPTIMAL,2.0820388793945312,0.0,0.0,0.0,2.0,OPTIMAL,5.5216968059539795,330621.44704942254,328099.07852256624,0.007629173937041191,177.0,7,31029.0,13.0,2.1241258908474143,0.0,330621.4470494225
M2__S1__D1__start001__ndays366__20260325T173641Z,M2,S1,D1,346,2024-12-11,2,OPTIMAL,mef_soft,0.5,518412.62335,5.863857984542847,350,0.01,0.004461236522143192,True,True,False,True,True,362244.5462993204,360628.4876994227,2.0,OPTIMAL,2.1443979740142822,0.0,0.0,0.0,2.0,OPTIMAL,5.849846839904785,362244.5462993204,360628.4876994227,0.004461236522143192,42.0,7,23206.0,0.0,1.8693604029127149,0.0,362244.5462993204
M2__S1__D1__start001__ndays366__20260325T173641Z,M2,S1,D1,347,2024-12-12,2,OPTIMAL,mef_soft,0.5,456934.15695,3.791102886199951,350,0.01,0.003977596122265812,True,True,False,True,True,329710.90450518177,328399.44768995326,2.0,OPTIMAL,1.2747900485992432,0.0,0.0,0.0,2.0,OPTIMAL,3.766767978668213,329710.90450518177,328399.44768995326,0.003977596122265812,27.0,8,13864.0,0.0,1.081500054172552,0.0,329710.90450518177
M2__S1__D1__start001__ndays366__20260325T173641Z,M2,S1,D1,348,2024-12-13,2,OPTIMAL,mef_soft,0.5,460394.5462,36.71854209899902,350,0.01,0.009992233427058354,True,True,False,True,True,346743.19575137686,343278.45680018497,2.0,OPTIMAL,0.659743070602417,0.0,0.0,0.0,2.0,OPTIMAL,36.68628907203674,346743.19575137686,343278.45680018497,0.009992233427058354,897.0,9,173214.0,0.0,20.02898279871383,1.0191751851595272e-06,346743.19575137686
M2__S1__D1__start001__ndays366__20260325T173641Z,M2,S1,D1,349,2024-12-14,2,OPTIMAL,mef_soft,0.5,365739.49875,16.79743218421936,350,0.01,0.009407372165029397,True,True,False,True,True,289077.1178473669,286357.66181538266,2.0,OPTIMAL,14.512386083602905,-6.17028126725927e-06,-6.17028126725927e-06,0.0,2.0,OPTIMAL,16.775053024291992,289077.1178473669,286357.66181538266,0.009407372165029397,183.0,10,31143.0,0.0,5.623464218235683,0.0,289077.1178473669
M2__S1__D1__start001__ndays366__20260325T173641Z,M2,S1,D1,350,2024-12-15,9,TIME_LIMIT,mef_soft,0.5,254367.53145,350.0766091346741,350,0.01,0.02256089945290664,True,False,True,False,False,214185.3194154512,209353.10595983051,2.0,OPTIMAL,0.8686051368713379,0.0,0.0,0.0,9.0,TIME_LIMIT,350.0252969264984,214185.3194154512,209353.10595983051,0.02256089945290664,6274.0,6,1013581.0,0.0,177.35711497930612,1.1103074939455837e-06,214185.3194154512
M2__S1__D1__start001__ndays366__20260325T173641Z,M2,S1,D1,351,2024-12-16,2,OPTIMAL,mef_soft,0.5,380856.30905000004,6.321943044662476,350,0.01,0.009305067587516062,True,True,False,True,True,261556.19019196375,259122.39216429435,2.0,OPTIMAL,1.9452471733093262,0.0,0.0,0.0,2.0,OPTIMAL,6.3071630001068115,261556.19019196375,259122.39216429435,0.009305067587516062,120.0,8,22096.0,0.0,2.0376549067451406,2.777660345068293e-06,261556.19019196372
M2__S1__D1__start001__ndays366__20260325T173641Z,M2,S1,D1,352,2024-12-17,2,OPTIMAL,mef_soft,0.5,518356.85025,3.527631998062134,350,0.01,0.008360161415843365,True,True,False,True,True,305955.20474166685,303397.3698440091,2.0,OPTIMAL,0.7800710201263428,-1.4838406059425324e-09,-1.4838406059425324e-09,0.0,2.0,OPTIMAL,3.506171941757202,305955.20474166685,303397.3698440091,0.008360161415843365,142.0,6,17205.0,0.0,1.397673842293507,5.2608696067335635e-06,305955.204741667
M2__S1__D1__start001__ndays366__20260325T173641Z,M2,S1,D1,353,2024-12-18,2,OPTIMAL,mef_soft,0.5,456517.23069999996,3.8907999992370605,350,0.01,0.009024439755661185,True,True,False,True,True,248519.3016335928,246276.5541678815,2.0,OPTIMAL,0.8247318267822266,0.0,0.0,0.0,2.0,OPTIMAL,3.8695127964019775,248519.3016335928,246276.5541678815,0.009024439755661185,120.0,5,14835.0,0.0,1.357736995951406,0.0,248519.30163359275
M2__S1__D1__start001__ndays366__20260325T173641Z,M2,S1,D1,354,2024-12-19,2,OPTIMAL,mef_soft,0.5,216661.88675,15.419903993606567,350,0.01,0.009639625262575077,True,True,False,True,True,75674.55353237476,74945.07919440999,2.0,OPTIMAL,1.3875508308410645,0.0,0.0,0.0,2.0,OPTIMAL,15.403908014297485,75674.55353237476,74945.07919440999,0.009639625262575077,548.0,6,52973.0,13.0,7.036730942577445,0.0,75674.55353237475
M2__S1__D1__start001__ndays366__20260325T173641Z,M2,S1,D1,355,2024-12-20,2,OPTIMAL,mef_soft,0.5,439024.05870000005,4.655817985534668,350,0.01,0.0068853585761479786,True,True,False,True,True,266515.9571737883,264680.8992423815,2.0,OPTIMAL,1.122148036956787,0.0,0.0,0.0,2.0,OPTIMAL,4.632752895355225,266515.9571737883,264680.8992423815,0.0068853585761479786,109.0,7,13921.0,14.0,1.3618749144446276,1.4967444869055559e-05,266515.95717378834
M2__S1__D1__start001__ndays366__20260325T173641Z,M2,S1,D1,356,2024-12-21,2,OPTIMAL,mef_soft,0.5,299838.36485,10.1705641746521,350,0.01,0.009302758925965533,True,True,False,True,True,170453.2090109759,168867.52389938958,2.0,OPTIMAL,0.879223108291626,0.0,0.0,0.0,2.0,OPTIMAL,10.156553983688354,170453.2090109759,168867.52389938958,0.009302758925965533,431.0,9,39525.0,0.0,5.0249759048192715,0.0,170453.2090109759
M2__S1__D1__start001__ndays366__20260325T173641Z,M2,S1,D1,357,2024-12-22,9,TIME_LIMIT,mef_soft,0.5,105101.389325,350.08473801612854,350,0.01,0.022241536535158448,True,False,True,False,False,63165.46411104632,61760.56713326025,2.0,OPTIMAL,3.6787331104278564,-5.446509021567181e-09,-5.5442797020077705e-09,0.0,9.0,TIME_LIMIT,350.0229229927063,63165.46411104632,61760.56713326025,0.022241536535158448,5159.0,8,730669.0,0.0,163.80096997393846,1.0809515532637473e-05,63165.46411104633
M2__S1__D1__start001__ndays366__20260325T173641Z,M2,S1,D1,358,2024-12-23,2,OPTIMAL,mef_soft,0.5,132910.91786,5.324472904205322,350,0.01,0.009372711805521163,True,True,False,True,True,33285.635820481104,32973.6591486722,2.0,OPTIMAL,1.072598934173584,0.0,0.0,0.0,2.0,OPTIMAL,5.300350904464722,33285.635820481104,32973.6591486722,0.009372711805521163,262.0,4,19722.0,0.0,1.8048211746221172,6.076117164996121e-06,33285.6358204811
M2__S1__D1__start001__ndays366__20260325T173641Z,M2,S1,D1,359,2024-12-24,2,OPTIMAL,mef_soft,0.5,192819.8834,17.24031400680542,350,0.01,0.009837457871740724,True,True,False,True,True,155512.85714018662,153983.005959556,2.0,OPTIMAL,0.6965310573577881,0.0,0.0,0.0,2.0,OPTIMAL,17.224416971206665,155512.85714018662,153983.005959556,0.009837457871740724,699.0,5,83673.0,0.0,9.047184297889816,1.4776139449680636e-05,155512.85714018662
M2__S1__D1__start001__ndays366__20260325T173641Z,M2,S1,D1,360,2024-12-25,2,OPTIMAL,mef_soft,0.5,227549.61609999998,2.929572105407715,350,0.01,0.0072623979590001235,True,True,False,True,True,213988.63839978442,212434.56774902059,2.0,OPTIMAL,1.0534698963165283,0.0,0.0,0.0,2.0,OPTIMAL,2.9107038974761963,213988.63839978442,212434.56774902059,0.0072623979590001235,96.0,6,11553.0,0.0,1.1196420889216547,0.0,213988.63839978442
M2__S1__D1__start001__ndays366__20260325T173641Z,M2,S1,D1,361,2024-12-26,2,OPTIMAL,mef_soft,0.5,372171.44435,3.286868095397949,350,0.01,0.007106932118842608,True,True,False,True,True,338161.2261923043,335757.9373125311,2.0,OPTIMAL,0.849869966506958,0.0,0.0,0.0,2.0,OPTIMAL,3.2719969749450684,338161.2261923043,335757.9373125311,0.007106932118842608,38.0,4,9774.0,0.0,0.9426553373772584,1.217589002131644e-07,338161.22619230434
M2__S1__D1__start001__ndays366__20260325T173641Z,M2,S1,D1,362,2024-12-27,2,OPTIMAL,mef_soft,0.5,342071.91599999997,3.747812032699585,350,0.01,0.008000622859792242,True,True,False,True,True,303599.82748234866,301170.8397623644,2.0,OPTIMAL,0.7530450820922852,-4.049468316225102e-08,-4.052708391100168e-08,0.0,2.0,OPTIMAL,3.723616123199463,303599.82748234866,301170.8397623644,0.008000622859792242,64.0,5,12368.0,0.0,1.1448499715352103,0.0,303599.82748234866
M2__S1__D1__start001__ndays366__20260325T173641Z,M2,S1,D1,363,2024-12-28,2,OPTIMAL,mef_soft,0.5,256441.79570000002,2.3060269355773926,350,0.01,0.007956530255090568,True,True,False,True,True,259899.72023176408,257831.82024445047,2.0,OPTIMAL,0.8323798179626465,0.0,0.0,0.0,2.0,OPTIMAL,2.2844908237457275,259899.72023176408,257831.82024445047,0.007956530255090568,42.0,5,10610.0,0.0,0.8055265110772963,9.89588687399882e-07,259899.72023176405
M2__S1__D1__start001__ndays366__20260325T173641Z,M2,S1,D1,364,2024-12-29,2,OPTIMAL,mef_soft,0.5,227304.83885,1.9149420261383057,350,0.01,0.006590004159734464,True,True,False,True,True,281398.9660477801,279544.5456909803,2.0,OPTIMAL,0.6612300872802734,0.0,0.0,0.0,2.0,OPTIMAL,1.8928959369659424,281398.9660477801,279544.5456909803,0.006590004159734464,33.0,9,8299.0,0.0,0.651914268120401,1.475359277825197e-06,281398.96604778
M2__S1__D1__start001__ndays366__20260325T173641Z,M2,S1,D1,365,2024-12-30,2,OPTIMAL,mef_soft,0.5,348352.60439999995,3.5239620208740234,350,0.01,0.006542528073762003,True,True,False,True,True,342080.6858644272,339842.61337366747,2.0,OPTIMAL,1.4495010375976562,-1.0699068297981285e-09,-1.0699068297981285e-09,0.0,2.0,OPTIMAL,3.4992001056671143,342080.6858644272,339842.61337366747,0.006542528073762003,33.0,4,14433.0,0.0,1.096156052790316,0.0,342080.6858644275
M2__S1__D1__start001__ndays366__20260325T173641Z,M2,S1,D1,366,2024-12-31,2,OPTIMAL,mef_soft,0.5,280104.0963,16.915906190872192,350,0.01,0.0008959747835808991,True,True,False,True,True,340385.2980939727,340080.3214501788,2.0,OPTIMAL,1.663931131362915,0.0,0.0,0.0,2.0,OPTIMAL,16.894967079162598,340385.2980939727,340080.3214501788,0.0008959747835808991,387.0,8,65997.0,0.0,8.07400856208944,0.0,340385.29809397255
