datetime_utc,y_true_mw,y_pred_mw,abs_error,nabs_error_mean
2024-01-01 00:00:00,294.99999999999983,305.84153562784195,10.84153562784212,0.028993234763211872
2024-01-01 01:00:00,291.99999999999983,316.19055211544037,24.19055211544054,0.06469215991261534
2024-01-01 02:00:00,291.99999999999983,339.4133859872818,47.41338598728197,0.12679637627328053
2024-01-01 03:00:00,291.99999999999983,360.3568357229233,68.35683572292345,0.18280489534114996
2024-01-01 04:00:00,291.99999999999983,374.6158504486084,82.61585044860857,0.22093740494358985
2024-01-01 05:00:00,291.99999999999983,362.4072074890137,70.40720748901384,0.18828815085095565
2024-01-01 06:00:00,291.99999999999983,364.29123401641846,72.29123401641863,0.19332655364593296
2024-01-01 07:00:00,291.99999999999983,369.40409302711487,77.40409302711504,0.20699973857995962
2024-01-01 08:00:00,291.99999999999983,364.9027991294861,72.90279912948625,0.1949620462094241
2024-01-01 09:00:00,291.99999999999983,389.4217273592949,97.42172735929506,0.2605323737637212
2024-01-01 10:00:00,291.99999999999983,375.7918033003807,83.79180330038088,0.22408222485400406
2024-01-01 11:00:00,290.99999999999983,368.88410925865173,77.8841092586519,0.2082834334151599
2024-01-01 12:00:00,280.0,388.55533361434937,108.55533361434937,0.29030668535524273
2024-01-01 13:00:00,280.0,364.18979823589325,84.18979823589325,0.22514657228558432
2024-01-01 14:00:00,277.0,376.2497690320015,99.2497690320015,0.2654210577281589
2024-01-01 15:00:00,271.99999999999983,371.64169907569885,99.64169907569902,0.26646918597841307
2024-01-01 16:00:00,271.99999999999983,367.83216297626495,95.83216297626512,0.25628144336876196
2024-01-01 17:00:00,285.99999999999994,377.713742852211,91.71374285221106,0.24526766030249703
2024-01-01 18:00:00,296.0,369.25105422735214,73.25105422735214,0.1958933756959943
2024-01-01 19:00:00,296.0,370.21147817373276,74.21147817373276,0.19846181229994853
2024-01-01 20:00:00,296.0,352.10843682289124,56.108436822891235,0.15004932297830909
2024-01-01 21:00:00,296.0,334.99098658561707,38.990986585617065,0.10427257415664169
2024-01-01 22:00:00,296.0,326.6189056634903,30.618905663490295,0.08188333743186767
2024-01-01 23:00:00,280.99999999999994,323.40842485427856,42.40842485427862,0.1134117398074592
2024-01-02 00:00:00,271.99999999999983,330.3636798262596,58.363679826259784,0.15608046027188913
2024-01-02 01:00:00,272.99999999999983,335.3413796424866,62.34137964248674,0.16671791870474098
2024-01-02 02:00:00,271.99999999999983,344.6152889728546,72.61528897285478,0.19419316532813852
2024-01-02 03:00:00,271.99999999999983,364.0447551012039,92.04475510120409,0.24615287768995894
2024-01-02 04:00:00,278.0,361.5396335721016,83.5396335721016,0.22340785395460852
2024-01-02 05:00:00,291.99999999999983,353.53977888822556,61.539778888225726,0.16457421880350445
2024-01-02 06:00:00,307.9999999999999,354.1728526353836,46.17285263538372,0.12347885042290072
2024-01-02 07:00:00,316.0,359.97605323791504,43.97605323791504,0.11760400733379775
2024-01-02 08:00:00,328.9999999999999,363.9373594522476,34.93735945224773,0.09343206528827808
2024-01-02 09:00:00,338.0,406.72567427158356,68.72567427158356,0.18379127061104825
2024-01-02 10:00:00,346.9999999999999,406.23404413461685,59.234044134616965,0.15840805274475941
2024-01-02 11:00:00,351.99999999999983,403.55986297130585,51.55986297130602,0.13788519106528543
2024-01-02 12:00:00,372.99999999999983,453.6979937553406,80.69799375534075,0.21580853102213976
2024-01-02 13:00:00,356.0,422.1006006002426,66.10060060024261,0.1767711048488791
2024-01-02 14:00:00,357.0,446.83346450328827,89.83346450328827,0.24023928116306015
2024-01-02 15:00:00,356.0,446.8320482969284,90.8320482969284,0.24290976764704084
2024-01-02 16:00:00,356.0,436.6475182771683,80.64751827716827,0.21567354577293932
2024-01-02 17:00:00,356.0,456.59679114818573,100.59679114818573,0.2690233636916676
2024-01-02 18:00:00,358.0,437.12687462568283,79.12687462568283,0.2116069282851471
2024-01-02 19:00:00,363.99999999999994,425.91028422117233,61.91028422117239,0.16556505151096312
2024-01-02 20:00:00,356.0,394.76091384887695,38.76091384887695,0.10365729666294513
2024-01-02 21:00:00,350.99999999999983,379.3264478445053,28.32644784450548,0.07575267753163206
2024-01-02 22:00:00,329.9999999999999,359.95534121990204,29.955341219902152,0.08010878442075513
2024-01-02 23:00:00,325.9999999999999,348.1828308105469,22.18283081054699,0.05932296341406851
2024-01-03 00:00:00,320.0,372.95278161764145,52.95278161764145,0.14161023691723518
2024-01-03 01:00:00,315.0,361.3204166293144,46.32041662931442,0.12387347694680778
2024-01-03 02:00:00,312.99999999999983,389.6970909833908,76.69709098339098,0.20510902153254057
2024-01-03 03:00:00,317.0,381.89060747623444,64.89060747623444,0.17353525193002245
2024-01-03 04:00:00,323.99999999999994,388.39615792036057,64.39615792036062,0.17221295843359194
2024-01-03 05:00:00,341.99999999999994,398.1037509441376,56.10375094413763,0.15003679165549294
2024-01-03 06:00:00,348.9999999999999,376.0722416639328,27.072241663932914,0.07239858679365332
2024-01-03 07:00:00,358.0,396.03237211704254,38.03237211704254,0.10170897659178965
2024-01-03 08:00:00,375.0,401.53999865055084,26.539998650550842,0.07097522324371154
2024-01-03 09:00:00,393.0,428.4069675207138,35.406967520713806,0.09468792584559337
2024-01-03 10:00:00,437.99999999999994,429.45478320121765,8.545216798782292,0.022852249464861946
2024-01-03 11:00:00,459.0,438.5946249961853,20.405375003814697,0.0545695599060379
2024-01-03 12:00:00,440.0,453.86829257011414,13.868292570114136,0.037087611575765
2024-01-03 13:00:00,432.99999999999983,463.4525281190872,30.45252811908739,0.08143839832270568
2024-01-03 14:00:00,420.99999999999994,459.8688769340515,38.86887693405157,0.10394601951381043
2024-01-03 15:00:00,402.99999999999994,469.5786237716675,66.57862377166754,0.1780494696956251
2024-01-03 16:00:00,389.9999999999999,478.9110106229782,88.91101062297832,0.23777238691226985
2024-01-03 17:00:00,399.0,502.43531942367554,103.43531942367554,0.2766143655108141
2024-01-03 18:00:00,385.9999999999999,498.6611884832382,112.66118848323833,0.3012868654887344
2024-01-03 19:00:00,372.99999999999983,474.1098055243492,101.10980552434938,0.27039530460074124
2024-01-03 20:00:00,368.99999999999983,475.7796308398247,106.77963083982485,0.28555796993532917
2024-01-03 21:00:00,346.9999999999999,480.7828223705292,133.7828223705293,0.3577718977662814
2024-01-03 22:00:00,354.0,474.9229145050049,120.92291450500488,0.32338098299393975
2024-01-03 23:00:00,354.99999999999983,457.54122376441956,102.54122376441973,0.2742233089078177
2024-01-04 00:00:00,360.99999999999994,313.2119455933571,47.78805440664286,0.12779834221369538
2024-01-04 01:00:00,358.99999999999994,325.69031685590744,33.3096831440925,0.08907921317020083
2024-01-04 02:00:00,337.0,338.7158453464508,1.7158453464508057,0.004588640267828419
2024-01-04 03:00:00,329.9999999999999,361.4287269115448,31.428726911544913,0.08404902118434159
2024-01-04 04:00:00,344.9999999999999,368.6854273080826,23.685427308082694,0.06334131787075203
2024-01-04 05:00:00,358.0,367.1136152744293,9.113615274429321,0.02437230262053895
2024-01-04 06:00:00,356.0,369.9661499261856,13.966149926185608,0.03734930893998351
2024-01-04 07:00:00,346.9999999999999,379.0977305173874,32.097730517387504,0.08583812000460624
2024-01-04 08:00:00,353.0,384.77093517780304,31.77093517780304,0.08496417978752448
2024-01-04 09:00:00,399.99999999999994,406.87278270721436,6.872782707214412,0.018379702778920027
2024-01-04 10:00:00,453.0,396.0258811712265,56.9741188287735,0.15236439369231164
2024-01-04 11:00:00,484.9999999999999,395.0073927640915,89.9926072359084,0.24066487240456888
2024-01-04 12:00:00,459.0,417.46220022439957,41.53779977560043,0.11108344996334965
2024-01-04 13:00:00,423.99999999999994,419.66295540332794,4.337044596672001,0.011598444767077607
2024-01-04 14:00:00,416.0,431.76502883434296,15.765028834342957,0.04216000368703174
2024-01-04 15:00:00,412.0,442.7525183558464,30.752518355846405,0.08224065435539252
2024-01-04 16:00:00,391.99999999999983,448.3456188440323,56.34561884403246,0.15068361264507
2024-01-04 17:00:00,380.0,473.10072898864746,93.10072898864746,0.2489768409986107
2024-01-04 18:00:00,365.9999999999999,459.37527000904083,93.37527000904095,0.24971103885854842
2024-01-04 19:00:00,362.99999999999994,448.2963761687279,85.29637616872793,0.2281058646673824
2024-01-04 20:00:00,365.9999999999999,433.53962391614914,67.53962391614925,0.18061944721106907
2024-01-04 21:00:00,367.9999999999999,424.50077533721924,56.50077533721935,0.15109854359087177
2024-01-04 22:00:00,371.0,400.87166726589203,29.87166726589203,0.07988501735717131
2024-01-04 23:00:00,340.99999999999994,390.64771950244904,49.64771950244909,0.13277159587023413
2024-01-05 00:00:00,311.9999999999999,313.9072734117508,1.9072734117509071,0.005100571328891397
2024-01-05 01:00:00,305.99999999999994,309.15920555591583,3.1592055559158894,0.008448580670867902
2024-01-05 02:00:00,304.99999999999994,323.7539792060852,18.753979206085262,0.05015327537826378
2024-01-05 03:00:00,303.99999999999994,327.93644964694977,23.936449646949825,0.06401262033669558
2024-01-05 04:00:00,303.99999999999994,322.010717689991,18.010717689991054,0.04816559057360947
2024-01-05 05:00:00,305.99999999999994,335.7989028096199,29.79890280961996,0.07969042527764193
2024-01-05 06:00:00,309.99999999999983,324.0556311607361,14.055631160736255,0.03758860626180999
2024-01-05 07:00:00,326.9999999999999,333.8030844926834,6.803084492683524,0.01819331066936673
2024-01-05 08:00:00,360.99999999999994,331.1953765153885,29.804623484611454,0.07970572392893323
2024-01-05 09:00:00,408.9999999999999,332.18073159456253,76.81926840543736,0.20543575741219378
2024-01-05 10:00:00,450.99999999999983,336.8674895167351,114.13251048326475,0.3052215833758844
2024-01-05 11:00:00,469.99999999999983,332.7079439163208,137.29205608367903,0.36715654956994653
2024-01-05 12:00:00,454.0,330.2149486541748,123.7850513458252,0.33103512058098356
2024-01-05 13:00:00,459.99999999999994,344.21285033226013,115.78714966773981,0.30964654160788013
2024-01-05 14:00:00,426.9999999999999,339.35602962970734,87.64397037029255,0.2343839743513945
2024-01-05 15:00:00,391.99999999999983,349.70153510570526,42.29846489429457,0.11311767676659405
2024-01-05 16:00:00,351.99999999999983,353.87019753456116,1.8701975345613278,0.005001420281631181
2024-01-05 17:00:00,325.9999999999999,360.60679614543915,34.60679614543926,0.09254804849514144
2024-01-05 18:00:00,334.0,354.98498797416687,20.98498797416687,0.05611960369116984
2024-01-05 19:00:00,332.99999999999983,338.933262526989,5.933262526989154,0.015867168569274323
2024-01-05 20:00:00,331.99999999999983,339.98423516750336,7.9842351675035275,0.021352030981813704
2024-01-05 21:00:00,325.9999999999999,336.7068976163864,10.706897616386527,0.028633175855674896
2024-01-05 22:00:00,321.99999999999994,333.05349826812744,11.053498268127498,0.029560080900307248
2024-01-05 23:00:00,318.0,320.17345547676086,2.1734554767608643,0.005812415053388411
2024-01-06 00:00:00,316.0,318.1172713637352,2.117271363735199,0.005662163351523169
2024-01-06 01:00:00,318.99999999999994,307.3784440755844,11.621555924415532,0.03107922261169938
2024-01-06 02:00:00,320.0,329.7049078345299,9.704907834529877,0.02595358082661797
2024-01-06 03:00:00,298.0,327.2484093904495,29.248409390449524,0.07821825514552308
2024-01-06 04:00:00,287.9999999999999,325.94048380851746,37.94048380851757,0.10146324209508079
2024-01-06 05:00:00,287.9999999999999,345.7628881931305,57.76288819313061,0.1544737789436136
2024-01-06 06:00:00,289.9999999999999,326.06443136930466,36.06443136930477,0.09644616419529445
2024-01-06 07:00:00,291.99999999999983,341.22332721948624,49.22332721948641,0.13163665470377858
2024-01-06 08:00:00,291.99999999999983,345.53777039051056,53.53777039051073,0.1431746570702332
2024-01-06 09:00:00,301.99999999999994,360.5391722917557,58.53917229175573,0.15654977517578816
2024-01-06 10:00:00,307.9999999999999,372.83013224601746,64.83013224601757,0.17337352460584762
2024-01-06 11:00:00,307.9999999999999,364.1119658946991,56.11196589469921,0.15005876068261012
2024-01-06 12:00:00,307.9999999999999,376.8924021720886,68.89240217208874,0.1842371466683579
2024-01-06 13:00:00,307.9999999999999,376.53463304042816,68.53463304042828,0.18328037405040665
2024-01-06 14:00:00,307.9999999999999,373.124703168869,65.12470316886913,0.17416128790929683
2024-01-06 15:00:00,307.9999999999999,374.25471782684326,66.25471782684338,0.1771832565112705
2024-01-06 16:00:00,325.9999999999999,371.47558987140656,45.47558987140667,0.12161417887621352
2024-01-06 17:00:00,340.99999999999994,391.8402537703514,50.84025377035147,0.13596075902749716
2024-01-06 18:00:00,343.9999999999999,380.6630516052246,36.66305160522472,0.09804703861288754
2024-01-06 19:00:00,339.0,360.2303212881088,21.230321288108826,0.056775692146765463
2024-01-06 20:00:00,336.0,364.12300050258636,28.123000502586365,0.0752086036339211
2024-01-06 21:00:00,336.0,366.8419986963272,30.84199869632721,0.08247994928623142
2024-01-06 22:00:00,336.0,369.81924802064896,33.819248020648956,0.09044192917282572
2024-01-06 23:00:00,336.0,364.66829895973206,28.668298959732056,0.07666688101516593
2024-01-07 00:00:00,336.0,346.05477422475815,10.054774224758148,0.02688921935014923
2024-01-07 01:00:00,336.0,328.1934320926666,7.806567907333374,0.020876900081480614
2024-01-07 02:00:00,338.0,344.5747500658035,6.574750065803528,0.017582681892198485
2024-01-07 03:00:00,340.0,333.60148161649704,6.39851838350296,0.017111390120160733
2024-01-07 04:00:00,339.0,327.82350718975067,11.176492810249329,0.02988900198277587
2024-01-07 05:00:00,339.0,341.67636573314667,2.6763657331466675,0.007157334779591704
2024-01-07 06:00:00,336.0,321.34250432252884,14.657495677471161,0.03919815677461086
2024-01-07 07:00:00,336.0,345.2472120523453,9.247212052345276,0.02472957698449332
2024-01-07 08:00:00,340.0,356.38399332761765,16.383993327617645,0.04381528421920275
2024-01-07 09:00:00,325.9999999999999,388.1507706642151,62.1507706642152,0.16620817810666458
2024-01-07 10:00:00,335.0,408.299315571785,73.29931557178497,0.1960224397453284
2024-01-07 11:00:00,329.9999999999999,411.0142421722412,81.01424217224132,0.2166542658801377
2024-01-07 12:00:00,324.9999999999999,439.4097697734833,114.40976977348339,0.3059630506336174
2024-01-07 13:00:00,323.99999999999994,439.6839237213135,115.68392372131353,0.30937048716309223
2024-01-07 14:00:00,323.99999999999994,438.21245580911636,114.21245580911642,0.305435379066846
2024-01-07 15:00:00,348.9999999999999,444.50684398412704,95.50684398412716,0.25541145130898724
2024-01-07 16:00:00,381.99999999999994,440.22473752498627,58.224737524986324,0.1557088905148321
2024-01-07 17:00:00,365.9999999999999,461.11437141895294,95.11437141895306,0.25436187220775824
2024-01-07 18:00:00,364.99999999999994,451.3423705101013,86.34237051010138,0.23090313993736808
2024-01-07 19:00:00,365.9999999999999,426.08453661203384,60.08453661203396,0.16068250250063817
2024-01-07 20:00:00,366.9999999999999,422.1875497698784,55.1875497698785,0.14758661885272067
2024-01-07 21:00:00,365.9999999999999,425.7017183303833,59.701718330383414,0.15965874159696694
2024-01-07 22:00:00,359.99999999999994,419.0795373916626,59.079537391662654,0.15799485940898605
2024-01-07 23:00:00,353.0,406.9029951095581,53.902995109558105,0.1441513679702532
2024-01-08 00:00:00,343.9999999999999,380.8239680528641,36.82396805286419,0.09847737325401454
2024-01-08 01:00:00,346.9999999999999,372.79573023319244,25.795730233192558,0.0689848457093799
2024-01-08 02:00:00,345.99999999999994,393.4462022781372,47.446202278137264,0.12688413602037596
2024-01-08 03:00:00,345.99999999999994,365.5549031496048,19.554903149604854,0.05229516530226184
2024-01-08 04:00:00,347.9999999999999,385.42973667383194,37.42973667383205,0.10009736441050758
2024-01-08 05:00:00,345.99999999999994,409.67701882123947,63.67701882123953,0.17028978357682373
2024-01-08 06:00:00,347.9999999999999,369.95192885398865,21.95192885398876,0.05870546835953165
2024-01-08 07:00:00,364.99999999999994,449.07735496759415,84.0773549675942,0.2248458681983363
2024-01-08 08:00:00,365.9999999999999,452.67773509025574,86.67773509025585,0.23179999665005685
2024-01-08 09:00:00,354.99999999999983,487.06015706062317,132.06015706062334,0.3531650190488164
2024-01-08 10:00:00,356.0,526.7243206501007,170.7243206501007,0.4565635790271751
2024-01-08 11:00:00,354.99999999999983,486.3919731974602,131.39197319746035,0.3513781124449287
2024-01-08 12:00:00,366.9999999999999,549.5235908031464,182.52359080314648,0.4881180581457301
2024-01-08 13:00:00,399.0,529.9110800027847,130.91108000278473,0.3500920723701763
2024-01-08 14:00:00,501.99999999999994,549.7512459754944,47.75124597549444,0.12769990639037798
2024-01-08 15:00:00,535.0,573.3807671070099,38.38076710700989,0.10264068018814268
2024-01-08 16:00:00,609.9999999999999,592.6409375667572,17.359062433242684,0.046422885988931815
2024-01-08 17:00:00,645.9999999999999,633.6633610725403,12.336638927459603,0.032991550356967866
2024-01-08 18:00:00,676.0,652.1205425262451,23.879457473754883,0.06386020766068472
2024-01-08 19:00:00,697.0,628.8566386699677,68.14336133003235,0.18223400636365758
2024-01-08 20:00:00,680.0,624.2139601707458,55.78603982925415,0.14918714514259096
2024-01-08 21:00:00,613.0,622.9555428028107,9.955542802810669,0.026623847357548656
2024-01-08 22:00:00,571.0,613.0720746517181,42.07207465171814,0.1125122472705859
2024-01-08 23:00:00,523.0,581.386935710907,58.38693571090698,0.15614265287507265
2024-01-09 00:00:00,530.0,435.773423910141,94.22657608985901,0.25198766441269244
2024-01-09 01:00:00,543.9999999999999,439.7747674584389,104.22523254156101,0.2787268094722193
2024-01-09 02:00:00,543.9999999999999,481.1043307185173,62.89566928148258,0.16820024096810662
2024-01-09 03:00:00,541.0,493.7899696826935,47.21003031730652,0.1262525475314474
2024-01-09 04:00:00,541.0,526.4852178096771,14.514782190322876,0.038816501833945374
2024-01-09 05:00:00,540.0,544.9611639976501,4.9611639976501465,0.013267510933900339
2024-01-09 06:00:00,539.0,526.2293565273285,12.770643472671509,0.03415219734458786
2024-01-09 07:00:00,624.0,583.7820357084274,40.21796429157257,0.10755384849813235
2024-01-09 08:00:00,647.9999999999999,596.8218737840652,51.17812621593464,0.13686432245901475
2024-01-09 09:00:00,647.9999999999999,627.3634850978851,20.636514902114754,0.05518769128194266
2024-01-09 10:00:00,559.0,599.3215370178223,40.321537017822266,0.10783083032711896
2024-01-09 11:00:00,539.0,598.667721748352,59.66772174835205,0.15956782542809406
2024-01-09 12:00:00,542.9999999999999,609.0757173299789,66.07571732997906,0.17670456017096695
2024-01-09 13:00:00,541.0,624.0895700454712,83.08957004547119,0.22220426085360503
2024-01-09 14:00:00,562.9999999999999,603.8531613349915,40.85316133499157,0.10925253931398411
2024-01-09 15:00:00,626.9999999999999,652.6304358243942,25.63043582439434,0.06854280320139555
2024-01-09 16:00:00,688.0,659.1550755500793,28.844924449920654,0.07713922593732386
2024-01-09 17:00:00,695.0,699.5417404174805,4.541740417480469,0.01214585743918165
2024-01-09 18:00:00,694.0,712.5854140520096,18.585414052009583,0.04970248600185273
2024-01-09 19:00:00,669.0,694.1079926490784,25.10799264907837,0.06714564710171222
2024-01-09 20:00:00,623.0,689.0494805574417,66.04948055744171,0.17663439585737556
2024-01-09 21:00:00,579.9999999999999,691.4922004938126,111.49220049381267,0.29816067152726705
2024-01-09 22:00:00,545.9999999999999,641.9970273971558,95.99702739715588,0.2567223359713478
2024-01-09 23:00:00,522.0,615.5481934547424,93.54819345474243,0.25017348350010005
2024-01-10 00:00:00,519.9999999999999,389.2480355501175,130.7519644498824,0.349666553814675
2024-01-10 01:00:00,521.0,391.5881395339966,129.41186046600342,0.3460827488311874
2024-01-10 02:00:00,517.9999999999999,416.5009796619415,101.49902033805836,0.2714361715825555
2024-01-10 03:00:00,509.9999999999999,422.24540770053864,87.75459229946125,0.23467980767911156
2024-01-10 04:00:00,522.0,437.46469885110855,84.53530114889145,0.22607054167624932
2024-01-10 05:00:00,522.0,443.441886305809,78.55811369419098,0.2100859058232979
2024-01-10 06:00:00,530.0,434.12053406238556,95.87946593761444,0.25640794443931825
2024-01-10 07:00:00,555.0,461.3061788678169,93.69382113218307,0.2505629317835346
2024-01-10 08:00:00,567.0,467.2202271223068,99.77977287769318,0.2668384331305955
2024-01-10 09:00:00,546.9999999999999,481.00985795259476,65.99014204740513,0.17647570843420538
2024-01-10 10:00:00,554.0,473.3945032954216,80.6054967045784,0.21556116858200994
2024-01-10 11:00:00,611.0,476.23721301555634,134.76278698444366,0.3603925914656033
2024-01-10 12:00:00,600.9999999999999,482.5199764966965,118.48002350330341,0.3168480235733779
2024-01-10 13:00:00,589.9999999999999,509.743475317955,80.25652468204487,0.21462792184257906
2024-01-10 14:00:00,595.0,503.2056176662445,91.7943823337555,0.2454833123558461
2024-01-10 15:00:00,596.0,528.3101177215576,67.68988227844238,0.1810212792137157
2024-01-10 16:00:00,596.0,539.3194109201431,56.68058907985687,0.15157941477304573
2024-01-10 17:00:00,597.0,558.1406754255295,38.85932457447052,0.10392047388878248
2024-01-10 18:00:00,646.9999999999999,555.2572792768478,91.74272072315205,0.2453451550637532
2024-01-10 19:00:00,655.9999999999999,532.4476826190948,123.55231738090504,0.33041272623446916
2024-01-10 20:00:00,632.0,526.3716852664948,105.62831473350525,0.2824790354279825
2024-01-10 21:00:00,605.9999999999999,519.9926787614822,86.00732123851765,0.23000712644613133
2024-01-10 22:00:00,615.0,490.1149731874466,124.8850268125534,0.33397675616060785
2024-01-10 23:00:00,606.9999999999999,475.66394448280334,131.33605551719654,0.35122857325722
2024-01-11 00:00:00,602.9999999999999,434.4429275393486,168.55707246065128,0.4507677639596596
2024-01-11 01:00:00,538.0,436.8761470913887,101.1238529086113,0.2704328711525375
2024-01-11 02:00:00,532.0,456.2264236807823,75.77357631921768,0.202639290455249
2024-01-11 03:00:00,532.0,457.25556313991547,74.74443686008453,0.19988708975536798
2024-01-11 04:00:00,535.9999999999999,473.3281481266022,62.67185187339771,0.16760169193599042
2024-01-11 05:00:00,542.9999999999999,473.90348196029663,69.09651803970326,0.18478300838682574
2024-01-11 06:00:00,560.0,468.22679579257965,91.77320420742035,0.24542667624729494
2024-01-11 07:00:00,583.9999999999999,500.01667499542236,83.98332500457752,0.22459440633111544
2024-01-11 08:00:00,569.0,512.9668200016022,56.03317999839783,0.1498480656237266
2024-01-11 09:00:00,559.0,531.5837377309799,27.41626226902008,0.07331859208709714
2024-01-11 10:00:00,557.0,529.9222326278687,27.077767372131348,0.07241336405035659
2024-01-11 11:00:00,578.0,531.6278171539307,46.372182846069336,0.12401191398439167
2024-01-11 12:00:00,581.9999999999999,536.105979681015,45.89402031898487,0.1227331764624554
2024-01-11 13:00:00,583.9999999999999,559.9462795257568,24.05372047424305,0.06432623463851615
2024-01-11 14:00:00,581.9999999999999,547.3681247234344,34.63187527656544,0.09261511695862841
2024-01-11 15:00:00,580.9999999999999,562.4398648738861,18.560135126113778,0.049634883232446456
2024-01-11 16:00:00,550.0,566.1785906553268,16.178590655326843,0.04326598123269367
2024-01-11 17:00:00,549.0,583.5920870304108,34.59208703041077,0.09250871229408841
2024-01-11 18:00:00,582.9999999999999,578.2082605361938,4.791739463806039,0.012814423340683835
2024-01-11 19:00:00,601.9999999999999,556.5024787187576,45.49752128124226,0.12167282947109959
2024-01-11 20:00:00,603.9999999999999,557.7143383026123,46.28566169738758,0.12378053274267248
2024-01-11 21:00:00,601.9999999999999,556.8467348814011,45.153265118598824,0.12075219423225288
2024-01-11 22:00:00,601.9999999999999,527.8373408317566,74.1626591682433,0.1983312569122572
2024-01-11 23:00:00,588.9999999999999,523.9156293869019,65.08437061309803,0.17405342761180645
2024-01-12 00:00:00,588.0,392.4871355295181,195.51286447048187,0.5228549324934483
2024-01-12 01:00:00,588.0,395.42266577482224,192.57733422517776,0.5150045208471462
2024-01-12 02:00:00,588.0,421.65771156549454,166.34228843450546,0.4448448250491468
2024-01-12 03:00:00,588.0,427.56408870220184,160.43591129779816,0.4290495553749091
2024-01-12 04:00:00,588.9999999999999,446.5725874900818,142.4274125099181,0.3808898987530966
2024-01-12 05:00:00,588.0,458.9061516523361,129.09384834766388,0.34523229735262695
2024-01-12 06:00:00,592.0,449.5752400159836,142.42475998401642,0.38088280517255385
2024-01-12 07:00:00,598.9999999999999,487.009881734848,111.99011826515186,0.29949223998147556
2024-01-12 08:00:00,601.9999999999999,501.15978956222534,100.84021043777454,0.2696743335220686
2024-01-12 09:00:00,601.9999999999999,520.0465536117554,81.95344638824452,0.21916595511494022
2024-01-12 10:00:00,583.9999999999999,519.4932889938354,64.50671100616444,0.17250860765530146
2024-01-12 11:00:00,550.0,513.0857813358307,36.91421866416931,0.09871872809994366
2024-01-12 12:00:00,565.9999999999999,524.3985557556152,41.60144424438465,0.11125365269921504
2024-01-12 13:00:00,612.0,543.6309921741486,68.36900782585144,0.18283744687719314
2024-01-12 14:00:00,571.9999999999999,530.4944980144501,41.50550198554981,0.11099707682937537
2024-01-12 15:00:00,571.9999999999999,546.3558912277222,25.64410877227772,0.06857936840779214
2024-01-12 16:00:00,564.9999999999999,547.0806938409805,17.919306159019357,0.04792113111062336
2024-01-12 17:00:00,563.9999999999999,571.384152173996,7.384152173996085,0.01974724474991759
2024-01-12 18:00:00,567.0,559.2774760723114,7.722523927688599,0.020652143468033908
2024-01-12 19:00:00,565.9999999999999,528.3192640542984,37.680735945701485,0.10076860518898335
2024-01-12 20:00:00,567.0,523.4583127498627,43.54168725013733,0.11644239374979108
2024-01-12 21:00:00,568.0,520.8388620615005,47.16113793849945,0.1261217959234146
2024-01-12 22:00:00,561.9999999999999,486.4563810825348,75.5436189174651,0.20202432139888868
2024-01-12 23:00:00,556.0,480.61511993408203,75.38488006591797,0.20159981024595486
2024-01-13 00:00:00,554.0,380.25668889284134,173.74331110715866,0.4646371861317435
2024-01-13 01:00:00,478.99999999999994,381.2051635980606,97.79483640193934,0.2615301695038266
2024-01-13 02:00:00,378.99999999999994,399.0003275871277,20.000327587127742,0.053486352208774186
2024-01-13 03:00:00,365.9999999999999,403.9386981725693,37.93869817256939,0.10145846681563474
2024-01-13 04:00:00,364.99999999999994,414.5192348957062,49.519234895706234,0.1324279928517477
2024-01-13 05:00:00,376.0,423.82270753383636,47.822707533836365,0.12789101416409884
2024-01-13 06:00:00,378.99999999999994,417.10487365722656,38.10487365722662,0.10190286556171131
2024-01-13 07:00:00,369.99999999999983,446.9732263684273,76.97322636842745,0.2058474831600827
2024-01-13 08:00:00,358.99999999999994,457.61713832616806,98.61713832616812,0.2637292300016937
2024-01-13 09:00:00,353.0,471.51021122932434,118.51021122932434,0.31692875381838526
2024-01-13 10:00:00,361.99999999999994,475.6935667991638,113.69356679916388,0.30404772777850175
2024-01-13 11:00:00,364.99999999999994,468.39665204286575,103.39665204286581,0.27651095834710787
2024-01-13 12:00:00,393.0,478.1749963760376,85.1749963760376,0.2277812618670242
2024-01-13 13:00:00,402.99999999999994,496.9092231988907,93.90922319889074,0.25113897588862416
2024-01-13 14:00:00,373.99999999999983,488.84755700826645,114.84755700826662,0.3071338135688801
2024-01-13 15:00:00,371.0,506.5285688638687,135.5285688638687,0.36244050188804994
2024-01-13 16:00:00,357.0,506.22691690921783,149.22691690921783,0.39907363527249845
2024-01-13 17:00:00,351.99999999999983,525.0957423448563,173.09574234485643,0.46290540995212787
2024-01-13 18:00:00,350.99999999999983,517.0443141460419,166.04431414604204,0.44404796021418425
2024-01-13 19:00:00,351.99999999999983,496.34480595588684,144.344805955887,0.38601753382442877
2024-01-13 20:00:00,351.99999999999983,492.2942787408829,140.29427874088304,0.3751853149865552
2024-01-13 21:00:00,351.99999999999983,486.975656747818,134.97565674781816,0.36096186349821613
2024-01-13 22:00:00,351.99999999999983,459.5297250151634,107.52972501516359,0.2875639271416371
2024-01-13 23:00:00,362.99999999999994,455.64032077789307,92.64032077789312,0.24774558337980715
2024-01-14 00:00:00,351.99999999999983,289.17252123355865,62.827478766441175,0.1680178808598077
2024-01-14 01:00:00,351.99999999999983,281.85923159122467,70.14076840877516,0.1875756197973643
2024-01-14 02:00:00,351.99999999999983,289.32980865240097,62.67019134759886,0.16759725123533978
2024-01-14 03:00:00,351.99999999999983,292.85371363162994,59.146286368369886,0.15817336444907532
2024-01-14 04:00:00,342.99999999999994,282.9326865077019,60.06731349229807,0.1606364431626441
2024-01-14 05:00:00,335.0,299.1597855091095,35.8402144908905,0.09584654687013944
2024-01-14 06:00:00,338.0,289.34801280498505,48.651987195014954,0.13010873504112677
2024-01-14 07:00:00,340.0,302.4757146835327,37.524285316467285,0.10035021336904684
2024-01-14 08:00:00,340.0,307.8616064786911,32.1383935213089,0.08594686401092973
2024-01-14 09:00:00,340.0,317.30194956064224,22.698050439357758,0.06070080177253532
2024-01-14 10:00:00,331.99999999999983,334.8288309574127,2.8288309574128903,0.007565068535409853
2024-01-14 11:00:00,340.99999999999994,324.69041615724564,16.309583842754307,0.04361629288279907
2024-01-14 12:00:00,363.99999999999994,338.68799328804016,25.312006711959782,0.06769123656644885
2024-01-14 13:00:00,371.9999999999999,344.40226793289185,27.59773206710804,0.07380389201498605
2024-01-14 14:00:00,371.9999999999999,345.81015408039093,26.189845919608956,0.07003881896670983
2024-01-14 15:00:00,372.99999999999983,355.5733036994934,17.42669630050642,0.04660375746865887
2024-01-14 16:00:00,380.0,350.0904607772827,29.909539222717285,0.07998629733934993
2024-01-14 17:00:00,371.9999999999999,364.9720162153244,7.0279837846754845,0.018794752955278476
2024-01-14 18:00:00,368.99999999999983,355.246160030365,13.75383996963484,0.036781533984096663
2024-01-14 19:00:00,366.9999999999999,344.0221640467644,22.977835953235513,0.0614490248440319
2024-01-14 20:00:00,376.0,342.3982474207878,33.60175257921219,0.08986028681052877
2024-01-14 21:00:00,375.0,338.92562091350555,36.074379086494446,0.09647276711481975
2024-01-14 22:00:00,375.0,334.78404343128204,40.21595656871796,0.10754847929748942
2024-01-14 23:00:00,380.0,331.5912061929703,48.408793807029724,0.12945836933346733
2024-01-15 00:00:00,383.99999999999994,293.3767068386078,90.62329316139216,0.24235149925588365
2024-01-15 01:00:00,383.99999999999994,299.17450815439224,84.8254918456077,0.22684659105567373
2024-01-15 02:00:00,383.99999999999994,302.7246129512787,81.27538704872126,0.21735263878328515
2024-01-15 03:00:00,380.99999999999994,321.3057714700699,59.69422852993006,0.15963871181979072
2024-01-15 04:00:00,382.99999999999994,338.4909635782242,44.50903642177576,0.11902935030226372
2024-01-15 05:00:00,382.99999999999994,402.6837623119354,19.68376231193548,0.05263976998494611
2024-01-15 06:00:00,387.9999999999999,342.36558616161346,45.63441383838642,0.12203891765111945
2024-01-15 07:00:00,396.0,475.1339292526245,79.13392925262451,0.2116257942891993
2024-01-15 08:00:00,399.0,459.71521854400635,60.71521854400635,0.16236911867221007
2024-01-15 09:00:00,444.9999999999999,483.7729945778847,38.77299457788479,0.10368960384010695
2024-01-15 10:00:00,496.0,543.6139386892319,47.61393868923187,0.12733270911113953
2024-01-15 11:00:00,496.0,514.0951824188232,18.095182418823242,0.04839147238558762
2024-01-15 12:00:00,455.99999999999994,562.9295182228088,106.9295182228089,0.28595880983772637
2024-01-15 13:00:00,457.0,502.9348862171173,45.93488621711731,0.12284246306345319
2024-01-15 14:00:00,443.9999999999999,559.5288527011871,115.52885270118725,0.3089557847956577
2024-01-15 15:00:00,416.0,572.088006734848,156.08800673484802,0.41742206808446297
2024-01-15 16:00:00,416.0,573.6180996894836,157.61809968948364,0.42151395559616933
2024-01-15 17:00:00,440.99999999999994,576.8350714445114,135.83507144451147,0.36326017371141084
2024-01-15 18:00:00,447.9999999999999,626.2735962867737,178.2735962867738,0.47675240912834255
2024-01-15 19:00:00,447.9999999999999,547.4119091033936,99.41190910339367,0.2658546646742381
2024-01-15 20:00:00,447.9999999999999,629.7326803207397,181.73268032073986,0.4860029469585095
2024-01-15 21:00:00,418.0,624.6348094940186,206.63480949401855,0.5525980587589584
2024-01-15 22:00:00,399.0,585.1696228981018,186.1696228981018,0.49786854627877386
2024-01-15 23:00:00,377.99999999999994,545.3549873828888,167.35498738288885,0.44755305932174694
2024-01-16 00:00:00,372.99999999999983,298.11784118413925,74.88215881586058,0.2002553959744251
2024-01-16 01:00:00,375.0,292.36028373241425,82.63971626758575,0.22100122867817637
2024-01-16 02:00:00,376.0,313.4601357579231,62.539864242076874,0.1672487208706279
2024-01-16 03:00:00,376.0,335.55398762226105,40.44601237773895,0.10816371152183013
2024-01-16 04:00:00,373.99999999999983,330.6392204761505,43.36077952384932,0.11595859695579473
2024-01-16 05:00:00,373.99999999999983,371.308890581131,2.691109418868848,0.007196763432145353
2024-01-16 06:00:00,380.0,348.5446420311928,31.45535796880722,0.08412023992324567
2024-01-16 07:00:00,384.9999999999999,391.7316484451294,6.731648445129508,0.018002271118477773
2024-01-16 08:00:00,390.99999999999983,394.8226073384285,3.822607338428668,0.010222698681727083
2024-01-16 09:00:00,427.9999999999999,411.95891082286835,16.04108917713154,0.04289826463105588
2024-01-16 10:00:00,470.99999999999983,401.9753050804138,69.02469491958601,0.18459093369791932
2024-01-16 11:00:00,472.0,387.29620814323425,84.70379185676575,0.22652113196313395
2024-01-16 12:00:00,431.99999999999983,404.07450646162033,27.9254935383795,0.07468041593273299
2024-01-16 13:00:00,387.9999999999999,396.5987956523895,8.59879565238964,0.022995533989702898
2024-01-16 14:00:00,387.9999999999999,386.14323914051056,1.8567608594893272,0.004965486933425504
2024-01-16 15:00:00,387.9999999999999,443.1949943304062,55.1949943304063,0.14760652764594892
2024-01-16 16:00:00,387.9999999999999,431.3338530063629,43.33385300636303,0.11588658807535249
2024-01-16 17:00:00,386.9999999999999,460.6627196073532,73.66271960735332,0.19699428163920862
2024-01-16 18:00:00,387.9999999999999,475.6052014231682,87.6052014231683,0.2342802955715536
2024-01-16 19:00:00,390.99999999999983,472.9964902997017,81.99649029970186,0.2192810663199253
2024-01-16 20:00:00,386.9999999999999,461.57239615917206,74.57239615917217,0.19942700581508466
2024-01-16 21:00:00,380.99999999999994,460.3407686948776,79.34076869487768,0.21217893959198622
2024-01-16 22:00:00,384.9999999999999,429.251144528389,44.25114452838909,0.118339676766599
2024-01-16 23:00:00,353.0,395.8160465955734,42.816046595573425,0.11450183195359381
2024-01-17 00:00:00,335.0,294.1014504432678,40.89854955673218,0.10937391984655652
2024-01-17 01:00:00,336.0,283.71139347553253,52.28860652446747,0.13983405086192963
2024-01-17 02:00:00,361.99999999999994,301.65655732154846,60.34344267845148,0.16137488821267565
2024-01-17 03:00:00,359.99999999999994,304.77622389793396,55.22377610206598,0.14768349798403343
2024-01-17 04:00:00,347.9999999999999,298.2580456137657,49.74195438623417,0.13302360575169855
2024-01-17 05:00:00,336.0,323.58025789260864,12.419742107391357,0.03321379101438388
2024-01-17 06:00:00,332.99999999999983,305.36035001277924,27.639649987220594,0.07391599201081023
2024-01-17 07:00:00,308.9999999999999,324.50675189495087,15.50675189495098,0.04146930043292032
2024-01-17 08:00:00,330.9999999999999,327.9907375574112,3.0092624425886925,0.008047591730273739
2024-01-17 09:00:00,377.0,340.34548580646515,36.65451419353485,0.098024207236421
2024-01-17 10:00:00,424.99999999999994,355.128732919693,69.87126708030695,0.18685489945354053
2024-01-17 11:00:00,408.9999999999999,341.90738439559937,67.09261560440052,0.17942402459120008
2024-01-17 12:00:00,358.0,360.10315775871277,2.1031577587127686,0.005624419707281507
2024-01-17 13:00:00,371.0,360.141926407814,10.858073592185974,0.029037461808086917
2024-01-17 14:00:00,388.9999999999999,359.0727496147156,29.92725038528431,0.08003366183750428
2024-01-17 15:00:00,413.99999999999983,371.98034942150116,42.01965057849867,0.11237205094468973
2024-01-17 16:00:00,412.0,365.3874957561493,46.61250424385071,0.12465459920387338
2024-01-17 17:00:00,391.99999999999983,384.3543344736099,7.645665526389905,0.020446603058550266
2024-01-17 18:00:00,400.99999999999994,373.9989450573921,27.001054942607823,0.07220821400936792
2024-01-17 19:00:00,395.0,354.0171879529953,40.9828120470047,0.10959926081725167
2024-01-17 20:00:00,385.9999999999999,348.5390067100525,37.460993289947396,0.10018095316029764
2024-01-17 21:00:00,366.9999999999999,345.0317421555519,21.968257844447976,0.05874913655102054
2024-01-17 22:00:00,328.9999999999999,338.2917505502701,9.291750550270194,0.02484868512292177
2024-01-17 23:00:00,328.9999999999999,328.2683140039444,0.7316859960554893,0.0019567286946059414
2024-01-18 00:00:00,317.0,304.08325642347336,12.916743576526642,0.0345429090256087
2024-01-18 01:00:00,325.9999999999999,290.8448839187622,35.15511608123768,0.09401440613760735
2024-01-18 02:00:00,335.0,310.490203499794,24.509796500205994,0.0655459068090026
2024-01-18 03:00:00,338.0,318.8852387666702,19.114761233329773,0.05111810530396035
2024-01-18 04:00:00,328.9999999999999,316.1688959598541,12.83110404014576,0.03431388545657416
2024-01-18 05:00:00,332.99999999999983,351.409952044487,18.40995204448717,0.049233252550914534
2024-01-18 06:00:00,346.9999999999999,327.69752383232117,19.30247616767872,0.051620106436176635
2024-01-18 07:00:00,351.99999999999983,376.4635866880417,24.463586688041858,0.06542232911868001
2024-01-18 08:00:00,368.99999999999983,391.4451026916504,22.44510269165056,0.060024350236161955
2024-01-18 09:00:00,403.9999999999999,425.397647023201,21.397647023201102,0.05722316697745262
2024-01-18 10:00:00,464.99999999999994,431.30909889936447,33.69090110063547,0.0900986943663533
2024-01-18 11:00:00,440.99999999999994,419.2396867275238,21.76031327247614,0.05819303582877303
2024-01-18 12:00:00,404.99999999999994,447.02022671699524,42.020226716995296,0.11237359169678078
2024-01-18 13:00:00,413.99999999999983,430.02167880535126,16.021678805351428,0.04284635598220943
2024-01-18 14:00:00,422.99999999999994,416.8030446767807,6.1969553232192425,0.01657235530747337
2024-01-18 15:00:00,423.99999999999994,453.00089567899704,29.000895678997097,0.07755633570997514
2024-01-18 16:00:00,443.9999999999999,433.56880366802216,10.43119633197773,0.027895875132071198
2024-01-18 17:00:00,447.9999999999999,467.7868866920471,19.786886692047233,0.052915552813599304
2024-01-18 18:00:00,446.9999999999999,475.12257009744644,28.122570097446555,0.07520745261272907
2024-01-18 19:00:00,419.99999999999994,468.5036641359329,48.50366413593298,0.12971207856916742
2024-01-18 20:00:00,407.9999999999999,463.7816780805588,55.78167808055889,0.1491754806323001
2024-01-18 21:00:00,409.99999999999983,471.279074549675,61.27907454967516,0.16387702401940274
2024-01-18 22:00:00,397.0,448.7979492545128,51.79794925451279,0.1385218989764034
2024-01-18 23:00:00,376.0,428.8439851999283,52.843985199928284,0.14131928550698905
2024-01-19 00:00:00,380.99999999999994,308.9822977781296,72.01770222187037,0.19259505473223903
2024-01-19 01:00:00,386.9999999999999,298.08931052684784,88.91068947315205,0.23777152806970114
2024-01-19 02:00:00,377.99999999999994,305.8866772055626,72.11332279443735,0.19285077032491835
2024-01-19 03:00:00,376.0,319.1170245409012,56.882975459098816,0.15212065136605835
2024-01-19 04:00:00,372.99999999999983,308.05329591035843,64.9467040896414,0.17368526963394923
2024-01-19 05:00:00,363.99999999999994,355.416724383831,8.583275616168919,0.02295402916334552
2024-01-19 06:00:00,363.99999999999994,313.8712191581726,50.128780841827336,0.13405808560996066
2024-01-19 07:00:00,382.99999999999994,388.14784973859787,5.147849738597927,0.013766759721160975
2024-01-19 08:00:00,387.9999999999999,385.83403408527374,2.1659659147261436,0.0057923859138089
2024-01-19 09:00:00,417.0,409.5563167333603,7.4436832666397095,0.019906447191709562
2024-01-19 10:00:00,468.9999999999999,448.56403917074203,20.43596082925785,0.05465135477790298
2024-01-19 11:00:00,459.0,434.8491132259369,24.15088677406311,0.06458608392910196
2024-01-19 12:00:00,406.9999999999999,478.57696294784546,71.57696294784557,0.19141639723575377
2024-01-19 13:00:00,413.99999999999983,448.8931006193161,34.89310061931627,0.09331370505061652
2024-01-19 14:00:00,407.9999999999999,469.4378587603569,61.43785876035702,0.16430165647508252
2024-01-19 15:00:00,407.9999999999999,498.53909969329834,90.53909969329845,0.24212634286939344
2024-01-19 16:00:00,384.9999999999999,484.87076103687286,99.87076103687298,0.26708176038148773
2024-01-19 17:00:00,421.99999999999994,485.66885232925415,63.66885232925421,0.17026794414120777
2024-01-19 18:00:00,423.99999999999994,509.71603631973267,85.71603631973272,0.22922815081728906
2024-01-19 19:00:00,410.99999999999983,467.84297436475754,56.84297436475771,0.1520136774871884
2024-01-19 20:00:00,360.99999999999994,488.05601567029953,127.05601567029959,0.3397825747993721
2024-01-19 21:00:00,348.9999999999999,482.50180184841156,133.50180184841167,0.35702037194459685
2024-01-19 22:00:00,367.9999999999999,451.8047323822975,83.80473238229763,0.22411680075912976
2024-01-19 23:00:00,366.9999999999999,420.7547914981842,53.75479149818432,0.14375503093417122
2024-01-20 00:00:00,360.99999999999994,240.67724883556366,120.32275116443628,0.32177598189200246
2024-01-20 01:00:00,372.99999999999983,244.98329803347588,128.01670196652395,0.3423517129986418
2024-01-20 02:00:00,371.9999999999999,243.91410648822784,128.08589351177204,0.34253675013580304
2024-01-20 03:00:00,380.0,275.8437770605087,104.15622293949127,0.27854225890093437
2024-01-20 04:00:00,385.9999999999999,265.5978190898895,120.40218091011036,0.3219883987803994
2024-01-20 05:00:00,385.9999999999999,322.49668300151825,63.50331699848164,0.16982525734189777
2024-01-20 06:00:00,386.9999999999999,300.63783288002014,86.36216711997974,0.23095608149264418
2024-01-20 07:00:00,371.9999999999999,357.3615887761116,14.638411223888284,0.03914711972026267
2024-01-20 08:00:00,364.99999999999994,365.39150834083557,0.39150834083562813,0.001047000501336012
2024-01-20 09:00:00,354.99999999999983,367.88173019886017,12.881730198860339,0.03444927366680168
2024-01-20 10:00:00,367.9999999999999,395.2732855081558,27.273285508155936,0.07293623308042911
2024-01-20 11:00:00,418.99999999999994,373.45273196697235,45.54726803302759,0.12180586590641004
2024-01-20 12:00:00,384.9999999999999,397.38502621650696,12.385026216507072,0.0331209512166861
2024-01-20 13:00:00,361.99999999999994,375.0942921638489,13.094292163848934,0.035017722562253085
2024-01-20 14:00:00,349.9999999999999,390.0429993867874,40.04299938678753,0.10708594443602436
2024-01-20 15:00:00,347.9999999999999,406.76417738199234,58.764177381992454,0.15715150039517478
2024-01-20 16:00:00,350.99999999999983,390.61314046382904,39.61314046382921,0.10593638397741316
2024-01-20 17:00:00,337.0,407.4124163389206,70.4124163389206,0.18830208074182875
2024-01-20 18:00:00,327.9999999999999,412.09852516651154,84.09852516651165,0.22490248310680194
2024-01-20 19:00:00,327.9999999999999,371.32458686828613,43.32458686828625,0.11586180788499656
2024-01-20 20:00:00,327.9999999999999,395.1028981804848,67.10289818048489,0.1794515230150967
2024-01-20 21:00:00,327.9999999999999,394.1001945734024,66.10019457340252,0.17677001902193545
2024-01-20 22:00:00,340.0,369.7221788764,29.722178876399994,0.07948524447261919
2024-01-20 23:00:00,339.0,348.74338299036026,9.74338299036026,0.02605647392809676
2024-01-21 00:00:00,354.0,283.451047539711,70.548952460289,0.18866721571498943
2024-01-21 01:00:00,341.99999999999994,277.58842527866364,64.41157472133631,0.1722541871806375
2024-01-21 02:00:00,334.0,286.86015129089355,47.139848709106445,0.12606486269486586
2024-01-21 03:00:00,329.9999999999999,292.64202028512955,37.35797971487034,0.09990546665464647
2024-01-21 04:00:00,332.99999999999983,284.9240791797638,48.075920820236036,0.12856817582364238
2024-01-21 05:00:00,336.0,298.0249026417732,37.975097358226776,0.10155580820445462
2024-01-21 06:00:00,350.99999999999983,290.1265427470207,60.87345725297911,0.16279229230695724
2024-01-21 07:00:00,356.0,307.57160872220993,48.42839127779007,0.12951077833621605
2024-01-21 08:00:00,351.99999999999983,315.3405922651291,36.65940773487074,0.09803729390584175
2024-01-21 09:00:00,326.9999999999999,335.5916056036949,8.59160560369503,0.022976305830803855
2024-01-21 10:00:00,312.99999999999983,352.02328741550446,39.023287415504626,0.10435895541997228
2024-01-21 11:00:00,311.9999999999999,344.4281432032585,32.42814320325863,0.08672173399611526
2024-01-21 12:00:00,311.9999999999999,367.89730846881866,55.89730846881878,0.14948470795098093
2024-01-21 13:00:00,311.9999999999999,364.5637357234955,52.5637357234956,0.14056982167258414
2024-01-21 14:00:00,311.9999999999999,365.96684217453003,53.96684217453014,0.14432211250379717
2024-01-21 15:00:00,312.99999999999983,367.93799489736557,54.93799489736574,0.14691924079361207
2024-01-21 16:00:00,318.99999999999994,360.1720502972603,41.17205029726034,0.11010533571329786
2024-01-21 17:00:00,321.0,374.7259309887886,53.725930988788605,0.14367785002982159
2024-01-21 18:00:00,320.0,357.1283572912216,37.12835729122162,0.09929139342145542
2024-01-21 19:00:00,320.0,334.9047455191612,14.904745519161224,0.039859370550164704
2024-01-21 20:00:00,320.0,323.26662719249725,3.2666271924972534,0.00873585553994213
2024-01-21 21:00:00,318.0,318.4649795293808,0.46497952938079834,0.001243482576472291
2024-01-21 22:00:00,318.99999999999994,305.81029057502747,13.189709424972477,0.03527289444446441
2024-01-21 23:00:00,320.0,296.89686477184296,23.103135228157043,0.06178410941306017
2024-01-22 00:00:00,320.0,293.340180516243,26.65981948375702,0.07129565695955423
2024-01-22 01:00:00,321.0,280.6877928972244,40.312207102775574,0.10780587957968288
2024-01-22 02:00:00,321.0,279.9906063079834,41.0093936920166,0.10967034741426873
2024-01-22 03:00:00,321.99999999999994,282.02070862054825,39.979291379451695,0.10691557178067462
2024-01-22 04:00:00,320.0,264.06288743019104,55.93711256980896,0.14959115501569223
2024-01-22 05:00:00,320.0,304.3053352832794,15.694664716720581,0.041971830770282506
2024-01-22 06:00:00,343.9999999999999,287.0642030239105,56.935796976089364,0.1522619105654215
2024-01-22 07:00:00,362.99999999999994,316.42623245716095,46.57376754283899,0.12455100665896666
2024-01-22 08:00:00,359.99999999999994,336.1305606365204,23.869439363479557,0.06383341649077422
2024-01-22 09:00:00,372.99999999999983,351.25098288059235,21.749017119407483,0.0581628268224954
2024-01-22 10:00:00,413.99999999999983,387.9261249303818,26.073875069618055,0.06972868116013926
2024-01-22 11:00:00,464.99999999999994,370.207200050354,94.79279994964594,0.25350190205013323
2024-01-22 12:00:00,464.99999999999994,418.77705931663513,46.22294068336481,0.1236127995776881
2024-01-22 13:00:00,431.99999999999983,408.2767742872238,23.723225712776014,0.06344240115439073
2024-01-22 14:00:00,423.99999999999994,424.10199522972107,0.10199522972112618,0.00027276317133875674
2024-01-22 15:00:00,486.9999999999999,435.0666779279709,51.933322072029,0.13888392295654195
2024-01-22 16:00:00,423.99999999999994,427.8434944152832,3.84349441528326,0.010278556444275706
2024-01-22 17:00:00,380.0,463.5460567474365,83.54605674743652,0.22342503128416805
2024-01-22 18:00:00,459.99999999999994,452.799351811409,7.200648188590947,0.019256504848166683
2024-01-22 19:00:00,508.9999999999999,422.95548766851425,86.04451233148563,0.23010658561192998
2024-01-22 20:00:00,542.9999999999999,411.6806262731552,131.31937372684467,0.3511839615822189
2024-01-22 21:00:00,524.9999999999999,411.3215884566307,113.67841154336918,0.3040071984748832
2024-01-22 22:00:00,519.9999999999999,406.91479682922363,113.08520317077625,0.30242079686163564
2024-01-22 23:00:00,513.0,387.44414269924164,125.55585730075836,0.3357707405645236
2024-01-23 00:00:00,509.9999999999999,379.09743547439575,130.90256452560413,0.3500692996525934
2024-01-23 01:00:00,508.9999999999999,375.9616595506668,133.03834044933308,0.3557809492642282
2024-01-23 02:00:00,507.9999999999999,402.7311462163925,105.26885378360737,0.2815177384248318
2024-01-23 03:00:00,507.9999999999999,408.53239953517914,99.46760046482075,0.2660035986234096
2024-01-23 04:00:00,509.9999999999999,424.88108575344086,85.11891424655903,0.22763128289708773
2024-01-23 05:00:00,505.99999999999983,441.8336659669876,64.16633403301222,0.17159834643130564
2024-01-23 06:00:00,506.99999999999983,426.2914502620697,80.70854973793013,0.21583676060989157
2024-01-23 07:00:00,507.9999999999999,473.87011259794235,34.129887402057534,0.09127266393412174
2024-01-23 08:00:00,505.99999999999983,490.0758209824562,15.924179017543622,0.042585614853432846
2024-01-23 09:00:00,540.0,520.6162816286087,19.383718371391296,0.05183737033363322
2024-01-23 10:00:00,587.0,515.554347038269,71.44565296173096,0.19106523837921705
2024-01-23 11:00:00,645.9999999999999,513.1981337070465,132.80186629295338,0.35514855262165834
2024-01-23 12:00:00,624.0,529.3658405542374,94.63415944576263,0.2530776539057808
2024-01-23 13:00:00,579.0,536.0177618265152,42.9822381734848,0.11494627373743845
2024-01-23 14:00:00,562.9999999999999,519.9448227882385,43.05517721176136,0.1151413326970497
2024-01-23 15:00:00,542.9999999999999,550.0153684616089,7.015368461609,0.018761016127227935
2024-01-23 16:00:00,552.0,545.6374025344849,6.362597465515137,0.017015327750042566
2024-01-23 17:00:00,558.0,576.4577704668045,18.457770466804504,0.049361132105236384
2024-01-23 18:00:00,568.0,580.0763547420502,12.076354742050171,0.032295479177406654
2024-01-23 19:00:00,565.9999999999999,564.1389584541321,1.8610415458678062,0.0049769346608858275
2024-01-23 20:00:00,546.9999999999999,561.7213761806488,14.721376180648917,0.03936899073107256
2024-01-23 21:00:00,519.9999999999999,565.6851607561111,45.68516075611126,0.12217462880400512
2024-01-23 22:00:00,504.99999999999994,532.891309261322,27.89130926132208,0.07458899781596812
2024-01-23 23:00:00,502.99999999999994,518.8665586709976,15.866558670997676,0.04243152226988279
2024-01-24 00:00:00,496.0,371.21816486120224,124.78183513879776,0.3337007933703253
2024-01-24 01:00:00,496.0,380.1322987675667,115.86770123243332,0.30986195854749754
2024-01-24 02:00:00,494.0,407.1553748846054,86.84462511539459,0.23224630627302756
2024-01-24 03:00:00,490.9999999999999,417.4520802497864,73.54791975021351,0.19668727538814856
2024-01-24 04:00:00,491.99999999999983,439.0340620279312,52.965937972068616,0.14164542061128266
2024-01-24 05:00:00,497.0,445.7773286104202,51.22267138957977,0.13698344845014693
2024-01-24 06:00:00,501.99999999999994,440.43781757354736,61.56218242645258,0.16463413199898108
2024-01-24 07:00:00,501.99999999999994,462.97385036945343,39.02614963054651,0.10436660976669039
2024-01-24 08:00:00,552.0,468.9219170808792,83.07808291912079,0.22217354113248208
2024-01-24 09:00:00,598.0,472.4408948421478,125.55910515785217,0.3357794262236803
2024-01-24 10:00:00,661.9999999999999,462.57778465747833,199.42221534252155,0.533309607135086
2024-01-24 11:00:00,708.0,455.4092136025429,252.59078639745712,0.6754969240924239
2024-01-24 12:00:00,681.9999999999999,448.4921371936798,233.50786280632008,0.6244639613610738
2024-01-24 13:00:00,663.9999999999999,473.70279371738434,190.29720628261555,0.5089068344124779
2024-01-24 14:00:00,643.9999999999999,462.7885043621063,181.21149563789356,0.4846091564122748
2024-01-24 15:00:00,616.0,475.86330503225327,140.13669496774673,0.3747638928295611
2024-01-24 16:00:00,596.0,484.5722955465317,111.42770445346832,0.2979881914558831
2024-01-24 17:00:00,571.9999999999999,504.15630519390106,67.84369480609882,0.18143261602770114
2024-01-24 18:00:00,602.9999999999999,498.13323855400085,104.86676144599903,0.2804424334181473
2024-01-24 19:00:00,590.9999999999999,481.9429609179497,109.05703908205021,0.29164838314662217
2024-01-24 20:00:00,593.0,487.4132940173149,105.58670598268509,0.2823677622354991
2024-01-24 21:00:00,556.0,483.81834268569946,72.18165731430054,0.1930335155415403
2024-01-24 22:00:00,522.0,463.7122839689255,58.287716031074524,0.1558773122841027
2024-01-24 23:00:00,508.9999999999999,464.21615839004517,44.78384160995472,0.11976425461919091
2024-01-25 00:00:00,508.9999999999999,441.2354663014412,67.7645336985587,0.18122091755122952
2024-01-25 01:00:00,507.9999999999999,440.4468163847923,67.55318361520756,0.18065570955909901
2024-01-25 02:00:00,507.9999999999999,448.74015033245087,59.25984966754902,0.15847706380556958
2024-01-25 03:00:00,504.99999999999994,463.41370046138763,41.58629953861231,0.11121315160924493
2024-01-25 04:00:00,505.99999999999983,477.27021753787994,28.729782462119886,0.07683130473519845
2024-01-25 05:00:00,507.9999999999999,523.1955474615097,15.195547461509818,0.040637054567773646
2024-01-25 06:00:00,507.9999999999999,520.4546570777893,12.45465707778942,0.03330716320521098
2024-01-25 07:00:00,511.0,539.8798155784607,28.879815578460693,0.07723253436849452
2024-01-25 08:00:00,554.0,550.7605880498886,3.239411950111389,0.008663074530063354
2024-01-25 09:00:00,598.0,591.5810841321945,6.418915867805481,0.01716593857817098
2024-01-25 10:00:00,654.9999999999999,572.962042093277,82.03795790672291,0.21939196205524367
2024-01-25 11:00:00,703.9999999999999,566.5184211730957,137.48157882690418,0.3676633852780895
2024-01-25 12:00:00,665.9999999999999,588.8086831569672,77.19131684303272,0.2064307168039968
2024-01-25 13:00:00,634.0,584.2989510297775,49.70104897022247,0.1329142134690713
2024-01-25 14:00:00,635.0,571.9033688306808,63.09663116931915,0.16873766808106477
2024-01-25 15:00:00,613.0,599.8314303159714,13.168569684028625,0.03521636098895977
2024-01-25 16:00:00,542.9999999999999,584.9356538057327,41.93565380573284,0.11214742057536292
2024-01-25 17:00:00,533.0,589.0191668272018,56.01916682720184,0.14981059056703638
2024-01-25 18:00:00,553.0,583.0600655078888,30.060065507888794,0.08038884584113265
2024-01-25 19:00:00,560.0,557.2491145133972,2.750885486602783,0.007356621004404845
2024-01-25 20:00:00,560.0,560.9723210334778,0.9723210334777832,0.0026002526723643846
2024-01-25 21:00:00,505.99999999999983,553.7892633676529,47.789263367653064,0.1278015753064593
2024-01-25 22:00:00,480.99999999999994,515.8234262466431,34.82342624664312,0.0931273767007189
2024-01-25 23:00:00,472.0,542.0918709039688,70.09187090396881,0.1874448544810059
2024-01-26 00:00:00,469.99999999999983,355.6344071030617,114.36559289693815,0.30584490956977284
2024-01-26 01:00:00,473.99999999999983,365.6783786416054,108.32162135839445,0.2896816747906379
2024-01-26 02:00:00,472.0,383.38916033506393,88.61083966493607,0.23696964758138878
2024-01-26 03:00:00,472.0,402.9685968160629,69.03140318393707,0.18460887343356752
2024-01-26 04:00:00,472.0,415.16623467206955,56.83376532793045,0.15198905000120844
2024-01-26 05:00:00,477.0,425.0791186094284,51.920881390571594,0.13885065316797227
2024-01-26 06:00:00,487.99999999999983,426.7625159025192,61.2374840974806,0.16376579976245448
2024-01-26 07:00:00,491.99999999999983,447.5434559583664,44.456544041633435,0.11888897130495288
2024-01-26 08:00:00,535.9999999999999,459.91868019104004,76.08131980895985,0.20346228080931203
2024-01-26 09:00:00,505.99999999999983,473.6744695901871,32.32553040981276,0.08644731929028292
2024-01-26 10:00:00,460.99999999999994,476.9571179151535,15.95711791515356,0.04267370248456084
2024-01-26 11:00:00,530.0,456.0678380727768,73.9321619272232,0.1977148441778835
2024-01-26 12:00:00,498.0,474.4427615404129,23.557238459587097,0.06299850579079963
2024-01-26 13:00:00,459.99999999999994,468.73834133148193,8.73834133148199,0.023368717344257037
2024-01-26 14:00:00,436.0,466.89408659935,30.894086599349976,0.08261924660097567
2024-01-26 15:00:00,432.99999999999983,465.1957896351814,32.1957896351816,0.08610035693491493
2024-01-26 16:00:00,390.99999999999983,450.5672335624695,59.56723356246965,0.15929909250462007
2024-01-26 17:00:00,396.0,470.39229333400726,74.39229333400726,0.1989453615470795
2024-01-26 18:00:00,396.0,447.07274436950684,51.072744369506836,0.1365825025473211
2024-01-26 19:00:00,394.0,426.1380869150162,32.138086915016174,0.08594604406175187
2024-01-26 20:00:00,372.99999999999983,413.75867307186127,40.75867307186144,0.10899985182677384
2024-01-26 21:00:00,346.9999999999999,402.6212427020073,55.62124270200741,0.1487464325016347
2024-01-26 22:00:00,329.9999999999999,378.68269354104996,48.68269354105007,0.1301908522180542
2024-01-26 23:00:00,322.99999999999994,387.5356650352478,64.53566503524786,0.17258603865690242
2024-01-27 00:00:00,320.0,275.01913189888,44.980868101119995,0.12029115740390867
2024-01-27 01:00:00,320.0,270.94674199819565,49.05325800180435,0.1311818430494601
2024-01-27 02:00:00,320.0,285.19003093242645,34.80996906757355,0.09309138851920955
2024-01-27 03:00:00,315.0,290.25072634220123,24.749273657798767,0.06618633429906065
2024-01-27 04:00:00,311.9999999999999,288.2510429620743,23.748957037925607,0.06351121376327197
2024-01-27 05:00:00,307.9999999999999,309.8896139860153,1.8896139860154335,0.005053345189190558
2024-01-27 06:00:00,316.0,300.87274610996246,15.127253890037537,0.040454418858360944
2024-01-27 07:00:00,325.9999999999999,320.0117129087448,5.988287091255074,0.016014319320262798
2024-01-27 08:00:00,376.0,325.79110354185104,50.208896458148956,0.1342723367042657
2024-01-27 09:00:00,419.99999999999994,325.7775315642357,94.22246843576426,0.2519766794209363
2024-01-27 10:00:00,469.99999999999983,344.4401514530182,125.55984854698164,0.33578141424975805
2024-01-27 11:00:00,467.9999999999999,322.3944506049156,145.60554939508427,0.3893891069819207
2024-01-27 12:00:00,512.0,321.77621752023697,190.22378247976303,0.5087104790596584
2024-01-27 13:00:00,482.99999999999994,324.2493563890457,158.75064361095423,0.42454268814126367
2024-01-27 14:00:00,432.99999999999983,311.8410873413086,121.15891265869124,0.3240121066749745
2024-01-27 15:00:00,385.9999999999999,307.20879435539246,78.79120564460743,0.2107092575210485
2024-01-27 16:00:00,324.9999999999999,295.3380936384201,29.66190636157978,0.07932405926492002
2024-01-27 17:00:00,300.99999999999994,304.5974278450012,3.5974278450012775,0.009620507060455724
2024-01-27 18:00:00,303.99999999999994,288.54894787073135,15.45105212926859,0.04132034400846896
2024-01-27 19:00:00,303.99999999999994,270.9290099143982,33.07099008560175,0.08844088257583382
2024-01-27 20:00:00,303.99999999999994,275.73015600442886,28.26984399557108,0.07560130334102
2024-01-27 21:00:00,300.99999999999994,273.8267156481743,27.173284351825657,0.07266880260732984
2024-01-27 22:00:00,299.99999999999994,271.98251992464066,28.017480075359288,0.07492641311922571
2024-01-27 23:00:00,297.0,278.3941876888275,18.605812311172485,0.049757036532051796
2024-01-28 00:00:00,298.0,274.675672352314,23.324327647686005,0.06237563850703618
2024-01-28 01:00:00,296.0,264.73056972026825,31.26943027973175,0.08362301837425193
2024-01-28 02:00:00,296.0,280.91984421014786,15.080155789852142,0.040328465642649546
2024-01-28 03:00:00,296.0,279.53423380851746,16.465766191482544,0.04403396724720541
2024-01-28 04:00:00,296.0,276.66255086660385,19.33744913339615,0.05171363372236727
2024-01-28 05:00:00,296.0,293.7793815135956,2.220618486404419,0.005938541854763631
2024-01-28 06:00:00,296.0,281.1937916278839,14.806208372116089,0.039595855238750706
2024-01-28 07:00:00,296.0,303.3271497488022,7.327149748802185,0.019594804657254432
2024-01-28 08:00:00,296.0,309.2530292272568,13.253029227256775,0.03544222893321286
2024-01-28 09:00:00,296.0,319.6011605858803,23.60116058588028,0.0631159655827176
2024-01-28 10:00:00,297.0,337.0553433895111,40.05534338951111,0.10711895567918842
2024-01-28 11:00:00,298.0,328.9090883731842,30.909088373184204,0.08265936545180741
2024-01-28 12:00:00,296.0,335.16045928001404,39.16045928001404,0.10472579054436328
2024-01-28 13:00:00,296.0,341.65768951177597,45.65768951177597,0.12210116317481833
2024-01-28 14:00:00,299.99999999999994,330.9097158908844,30.909715890884456,0.08266104360595697
2024-01-28 15:00:00,298.0,331.50599777698517,33.50599777698517,0.08960421225098544
2024-01-28 16:00:00,296.0,326.8454986810684,30.84549868106842,0.08248930920375169
2024-01-28 17:00:00,299.0,335.92934131622314,36.929341316223145,0.09875917021223199
2024-01-28 18:00:00,299.0,324.1293329000473,25.129332900047302,0.0672027167759251
2024-01-28 19:00:00,299.0,301.5326392650604,2.532639265060425,0.006772970850536284
2024-01-28 20:00:00,298.0,300.4937928915024,2.4937928915023804,0.006669085011211511
2024-01-28 21:00:00,298.0,299.2120671272278,1.2120671272277832,0.00324139937134362
2024-01-28 22:00:00,299.0,293.5281229019165,5.471877098083496,0.01463329760156442
2024-01-28 23:00:00,298.0,286.9648915529251,11.03510844707489,0.029510901483540634
2024-01-29 00:00:00,297.0,280.93028873205185,16.06971126794815,0.04297480793884421
2024-01-29 01:00:00,299.99999999999994,281.33671045303345,18.663289546966496,0.04991074639826638
2024-01-29 02:00:00,299.99999999999994,281.90776616334915,18.09223383665079,0.048383587069514414
2024-01-29 03:00:00,299.99999999999994,276.58474802970886,23.41525197029108,0.06261879504144861
2024-01-29 04:00:00,299.99999999999994,283.9466607570648,16.053339242935124,0.04293102466117523
2024-01-29 05:00:00,300.99999999999994,354.5292055606842,53.52920556068426,0.1431517523701621
2024-01-29 06:00:00,351.99999999999983,296.98248624801636,55.01751375198347,0.14713189598372306
2024-01-29 07:00:00,417.0,410.584659576416,6.415340423583984,0.017156376861339057
2024-01-29 08:00:00,466.9999999999999,404.77251917123795,62.22748082876194,0.16641332209048515
2024-01-29 09:00:00,514.0,401.28254413604736,112.71745586395264,0.30143733987119836
2024-01-29 10:00:00,533.0,483.7630221247673,49.2369778752327,0.1316731602948968
2024-01-29 11:00:00,535.0,433.0926337838173,101.90736621618271,0.27252820026884644
2024-01-29 12:00:00,538.0,496.926394701004,41.07360529899597,0.10984206683295467
2024-01-29 13:00:00,513.0,442.1015650033951,70.89843499660492,0.18960182770805697
2024-01-29 14:00:00,494.0,495.4011404514313,1.4011404514312744,0.00374703320996836
2024-01-29 15:00:00,460.99999999999994,493.5233098268509,32.52330982685095,0.08697623560494164
2024-01-29 16:00:00,436.0,502.0933645963669,66.09336459636688,0.17675175379324284
2024-01-29 17:00:00,527.9999999999999,507.1017783880234,20.89822161197651,0.055887566681387335
2024-01-29 18:00:00,607.9999999999999,545.4516434669495,62.54835653305042,0.16727143158194457
2024-01-29 19:00:00,598.9999999999999,478.260440826416,120.73955917358387,0.322890640633645
2024-01-29 20:00:00,526.9999999999999,523.1531202793121,3.8468797206877525,0.010287609677849516
2024-01-29 21:00:00,505.99999999999983,514.8956340551376,8.895634055137805,0.023789361155248757
2024-01-29 22:00:00,509.9999999999999,521.5254271030426,11.525427103042716,0.03082214782255093
2024-01-29 23:00:00,499.99999999999994,481.0805207490921,18.91947925090784,0.05059586781328197
2024-01-30 00:00:00,491.99999999999983,394.3088784813881,97.69112151861174,0.26125280750789004
2024-01-30 01:00:00,491.99999999999983,388.5778158903122,103.42218410968763,0.2765792380846622
2024-01-30 02:00:00,491.99999999999983,413.98783296346664,78.01216703653319,0.2086258949764015
2024-01-30 03:00:00,491.99999999999983,409.9789363145828,82.021063685417,0.21934678228170626
2024-01-30 04:00:00,491.99999999999983,423.36028665304184,68.63971334695799,0.1835613875618489
2024-01-30 05:00:00,491.99999999999983,433.3361917734146,58.66380822658522,0.15688308579178278
2024-01-30 06:00:00,540.0,419.5769798755646,120.42302012443542,0.32204412854543896
2024-01-30 07:00:00,598.0,453.7974527478218,144.2025472521782,0.3856370950992036
2024-01-30 08:00:00,655.9999999999999,466.8953847885132,189.1046152114867,0.5057175193478342
2024-01-30 09:00:00,694.0,491.3459515571594,202.65404844284058,0.5419524137456583
2024-01-30 10:00:00,695.0,500.34458577632904,194.65541422367096,0.5205618757571203
2024-01-30 11:00:00,691.9999999999999,498.19236516952515,193.80763483047474,0.5182946815313109
2024-01-30 12:00:00,691.9999999999999,516.9142591953278,175.08574080467213,0.46822721071028767
2024-01-30 13:00:00,665.9999999999999,532.280216217041,133.71978378295887,0.3576033153226766
2024-01-30 14:00:00,634.0,523.001999258995,110.99800074100494,0.29683904607263323
2024-01-30 15:00:00,608.9999999999999,533.6873352527618,75.31266474723805,0.2014066867107049
2024-01-30 16:00:00,608.9999999999999,533.4319460391998,75.56805396080006,0.20208966739526585
2024-01-30 17:00:00,616.0,554.126615524292,61.87338447570801,0.1654663714881623
2024-01-30 18:00:00,638.9999999999999,541.4224183559418,97.57758164405811,0.2609491707952582
2024-01-30 19:00:00,616.0,508.06485772132874,107.93514227867126,0.28864812391056627
2024-01-30 20:00:00,536.9999999999999,501.39228343963623,35.607716560363656,0.09522478374422076
2024-01-30 21:00:00,503.99999999999994,498.35699915885925,5.64300084114069,0.015090929345473037
2024-01-30 22:00:00,498.99999999999994,471.9152757525444,27.08472424745554,0.0724319686398185
2024-01-30 23:00:00,492.99999999999983,465.1716846227646,27.828315377235242,0.07442053492171855
2024-01-31 00:00:00,487.99999999999983,411.641326546669,76.35867345333082,0.20420400039588324
2024-01-31 01:00:00,487.99999999999983,411.70635402202606,76.29364597797377,0.20403009912176445
2024-01-31 02:00:00,487.99999999999983,431.17450028657913,56.8254997134207,0.15196694548482165
2024-01-31 03:00:00,485.9999999999999,434.129621386528,51.87037861347187,0.13871559491396568
2024-01-31 04:00:00,485.9999999999999,446.43105536699295,39.568944633006936,0.10581819222464202
2024-01-31 05:00:00,487.99999999999983,457.2211021184921,30.778897881507703,0.08231120042992425
2024-01-31 06:00:00,555.0,451.5976417064667,103.40235829353333,0.27652621842380737
2024-01-31 07:00:00,638.9999999999999,483.6076819896698,155.3923180103301,0.41556160595027336
2024-01-31 08:00:00,691.9999999999999,501.142441034317,190.85755896568287,0.510405370915798
2024-01-31 09:00:00,705.0,518.883553147316,186.11644685268402,0.4977263389733237
2024-01-31 10:00:00,678.0,528.6226272583008,149.37737274169922,0.3994759953644973
2024-01-31 11:00:00,699.0,521.0841608047485,177.91583919525146,0.47579566870901735
2024-01-31 12:00:00,713.0,530.7364332675934,182.26356673240662,0.4874226825840167
2024-01-31 13:00:00,687.0,543.5611259937286,143.43887400627136,0.3835948237401445
2024-01-31 14:00:00,625.9999999999999,528.6906051635742,97.30939483642567,0.26023196584007496
2024-01-31 15:00:00,607.9999999999999,534.4881999492645,73.51180005073536,0.1965906814218974
2024-01-31 16:00:00,607.9999999999999,526.666551232338,81.33344876766193,0.21750791171746983
2024-01-31 17:00:00,582.9999999999999,543.4631717205048,39.536828279495126,0.1057323043016512
2024-01-31 18:00:00,605.9999999999999,528.824200630188,77.1757993698119,0.20638921883180292
2024-01-31 19:00:00,661.0,506.42553985118866,154.57446014881134,0.41337443009291086
2024-01-31 20:00:00,634.0,504.7355926036835,129.26440739631653,0.3456884189490802
2024-01-31 21:00:00,531.0,503.9855933189392,27.01440668106079,0.07224392021379802
2024-01-31 22:00:00,500.99999999999994,483.4336656332016,17.566334366798344,0.04697718789188098
2024-01-31 23:00:00,490.9999999999999,486.32154643535614,4.678453564643746,0.012511465827788807
2024-02-01 00:00:00,485.9999999999999,422.65905797481537,63.34094202518452,0.16939102220380683
2024-02-01 01:00:00,484.9999999999999,416.7086014151573,68.29139858484257,0.1826298985167389
2024-02-01 02:00:00,483.99999999999994,450.3567498922348,33.64325010776514,0.08997126256421618
2024-02-01 03:00:00,483.99999999999994,444.9503231048584,39.049676895141545,0.1044295281141603
2024-02-01 04:00:00,484.9999999999999,462.5655698776245,22.434430122375375,0.059995808863690006
2024-02-01 05:00:00,486.9999999999999,475.03213942050934,11.967860579490548,0.03200533608020084
2024-02-01 06:00:00,548.0,456.46809339523315,91.53190660476685,0.24478138038869288
2024-02-01 07:00:00,642.0,490.83325535058975,151.16674464941025,0.4042612657892635
2024-02-01 08:00:00,695.0,500.728200674057,194.271799325943,0.5195359844839386
2024-02-01 09:00:00,713.0,523.7565422058105,189.24345779418945,0.5060888224301294
2024-02-01 10:00:00,703.9999999999999,528.3030956983566,175.69690430164326,0.46986162924237124
2024-02-01 11:00:00,708.0,525.681756734848,182.31824326515198,0.48756890260342556
2024-02-01 12:00:00,708.0,541.7035353183746,166.29646468162537,0.4447222797870557
2024-02-01 13:00:00,631.0,557.4266123771667,73.57338762283325,0.1967553834528297
2024-02-01 14:00:00,463.9999999999999,545.7933032512665,81.7933032512666,0.21873768851826048
2024-02-01 15:00:00,436.0,554.7509855031967,118.75098550319672,0.3175726501525352
2024-02-01 16:00:00,437.99999999999994,557.0902633666992,119.09026336669928,0.31847997205638334
2024-02-01 17:00:00,406.9999999999999,577.5713807344437,170.57138073444378,0.4561545758166041
2024-02-01 18:00:00,413.0,563.1673228740692,150.1673228740692,0.4015885383127689
2024-02-01 19:00:00,426.9999999999999,521.6205489635468,94.62054896354687,0.253041255749683
2024-02-01 20:00:00,369.99999999999983,514.9136316776276,144.91363167762773,0.3875387295531435
2024-02-01 21:00:00,331.99999999999983,511.8356251716614,179.83562517166155,0.4809297020618421
2024-02-01 22:00:00,330.9999999999999,485.3731307387352,154.3731307387353,0.41283602012485404
2024-02-01 23:00:00,312.99999999999983,475.27814626693726,162.27814626693743,0.43397619610024
2024-02-02 00:00:00,307.9999999999999,312.1519151329994,4.151915132999534,0.011103357891371634
2024-02-02 01:00:00,307.9999999999999,309.21732902526855,1.2173290252686684,0.003255471127452384
2024-02-02 02:00:00,307.9999999999999,327.56528556346893,19.565285563469047,0.052322930719718046
2024-02-02 03:00:00,307.9999999999999,331.94481521844864,23.944815218448753,0.06403499216544038
2024-02-02 04:00:00,307.9999999999999,337.20298290252686,29.20298290252697,0.07809677227870257
2024-02-02 05:00:00,307.9999999999999,355.3198912739754,47.319891273975486,0.12654634581034016
2024-02-02 06:00:00,360.99999999999994,345.6917828321457,15.308217167854252,0.04093836421235547
2024-02-02 07:00:00,417.0,370.1974046230316,46.802595376968384,0.1251629549422184
2024-02-02 08:00:00,469.99999999999983,379.88891780376434,90.11108219623549,0.24098170688782272
2024-02-02 09:00:00,508.9999999999999,389.8358792066574,119.16412079334248,0.3186774870379486
2024-02-02 10:00:00,517.9999999999999,405.4728037118912,112.52719628810871,0.30092853367088246
2024-02-02 11:00:00,512.0,388.4837856888771,123.5162143111229,0.33031617674057845
2024-02-02 12:00:00,519.9999999999999,402.02283650636673,117.97716349363316,0.31550323822064985
2024-02-02 13:00:00,488.99999999999983,410.7206743955612,78.27932560443861,0.20934035013701485
2024-02-02 14:00:00,431.99999999999983,405.070778131485,26.929221868514844,0.07201611270080492
2024-02-02 15:00:00,416.0,411.0669958591461,4.933004140853882,0.01319220376644559
2024-02-02 16:00:00,423.99999999999994,403.87446731328964,20.1255326867103,0.053821184927160134
2024-02-02 17:00:00,427.9999999999999,422.61096596717834,5.389034032821542,0.014411752561996812
2024-02-02 18:00:00,427.9999999999999,406.54726177453995,21.45273822545994,0.05737049593668013
2024-02-02 19:00:00,416.0,384.3161264061928,31.68387359380722,0.08473135327380021
2024-02-02 20:00:00,346.9999999999999,380.93033105134964,33.930331051349754,0.09073899561229268
2024-02-02 21:00:00,320.0,375.1667547225952,55.166754722595215,0.1475310072024441
2024-02-02 22:00:00,310.9999999999999,360.2773806452751,49.27738064527523,0.13178120836457424
2024-02-02 23:00:00,303.99999999999994,363.8732761144638,59.87327611446386,0.16011753408541546
2024-02-03 00:00:00,303.99999999999994,263.2219558954239,40.778044104576054,0.10905165527218783
2024-02-03 01:00:00,307.9999999999999,270.388668179512,37.61133182048786,0.1005829995547883
2024-02-03 02:00:00,307.9999999999999,281.1837011575699,26.81629884243,0.07171412560987638
2024-02-03 03:00:00,306.9999999999999,300.29664516448975,6.70335483551014,0.017926606259351514
2024-02-03 04:00:00,307.9999999999999,301.6349011659622,6.365098834037667,0.017022017094365415
2024-02-03 05:00:00,306.9999999999999,309.62295413017273,2.622954130172843,0.007014497528739282
2024-02-03 06:00:00,307.9999999999999,310.20442485809326,2.2044248580933754,0.005895235658722127
2024-02-03 07:00:00,306.9999999999999,319.8976492881775,12.897649288177604,0.03449184567040297
2024-02-03 08:00:00,306.9999999999999,324.52389389276505,17.52389389276516,0.04686369044379382
2024-02-03 09:00:00,354.99999999999983,335.26620268821716,19.733797311782666,0.05277357727449845
2024-02-03 10:00:00,354.99999999999983,337.0890372991562,17.91096270084364,0.04789881841895961
2024-02-03 11:00:00,340.99999999999994,325.29628694057465,15.703713059425297,0.04199602851617951
2024-02-03 12:00:00,296.0,339.0696609020233,43.069660902023315,0.11518006605055398
2024-02-03 13:00:00,290.99999999999983,339.31802809238434,48.31802809238451,0.1292156369601676
2024-02-03 14:00:00,287.9999999999999,344.7878596186638,56.7878596186639,0.15186628556529966
2024-02-03 15:00:00,287.9999999999999,349.5347473025322,61.53474730253231,0.16456076296567407
2024-02-03 16:00:00,294.0,347.38149404525757,53.38149404525757,0.14275673133338226
2024-02-03 17:00:00,299.0,365.7088565826416,66.7088565826416,0.1783977478908973
2024-02-03 18:00:00,299.99999999999994,351.0112899541855,51.01128995418554,0.13641815661406878
2024-02-03 19:00:00,299.99999999999994,342.3860916495323,42.386091649532375,0.11335201470296755
2024-02-03 20:00:00,299.99999999999994,334.2611092329025,34.261109232902584,0.09162358703933006
2024-02-03 21:00:00,299.99999999999994,326.11615240573883,26.116152405738887,0.06984174233278041
2024-02-03 22:00:00,297.0,313.5261368751526,16.526136875152588,0.04419541498528839
2024-02-03 23:00:00,290.99999999999983,311.5981489419937,20.598148941993884,0.05508509019968972
2024-02-04 00:00:00,287.9999999999999,270.7092323899269,17.290767610072976,0.04624024693213747
2024-02-04 01:00:00,287.9999999999999,271.6045993566513,16.39540064334858,0.0438457905048765
2024-02-04 02:00:00,287.9999999999999,286.49060994386673,1.5093900561331566,0.0040365222925007795
2024-02-04 03:00:00,287.9999999999999,295.653435587883,7.653435587883109,0.020467382330484635
2024-02-04 04:00:00,287.9999999999999,299.6461933851242,11.64619338512432,0.03114510992755756
2024-02-04 05:00:00,287.9999999999999,313.8320079445839,25.832007944584007,0.0690818622427521
2024-02-04 06:00:00,287.9999999999999,307.4719136953354,19.471913695335502,0.05207322877840603
2024-02-04 07:00:00,287.9999999999999,320.541433095932,32.54143309593212,0.08702470218875269
2024-02-04 08:00:00,287.9999999999999,327.4456751346588,39.44567513465893,0.10548853583393951
2024-02-04 09:00:00,291.99999999999983,331.9777715206146,39.977771520614795,0.10691150726199593
2024-02-04 10:00:00,342.99999999999994,338.5853773355484,4.414622664451542,0.011805909761781155
2024-02-04 11:00:00,343.9999999999999,324.9654847383499,19.03451526164997,0.050903505603735265
2024-02-04 12:00:00,308.9999999999999,326.24653190374374,17.246531903743858,0.046121948541342814
2024-02-04 13:00:00,287.9999999999999,333.9028090238571,45.90280902385723,0.12275667986569788
2024-02-04 14:00:00,287.9999999999999,330.3231409192085,42.32314091920864,0.11318366721369633
2024-02-04 15:00:00,287.9999999999999,335.0024637579918,47.002463757991904,0.12569745771854804
2024-02-04 16:00:00,286.99999999999994,333.3886671066284,46.388667106628475,0.12405599741064188
2024-02-04 17:00:00,291.99999999999983,354.85623121261597,62.85623121261614,0.16809477277351656
2024-02-04 18:00:00,296.0,347.77519941329956,51.77519941329956,0.13846105967192085
2024-02-04 19:00:00,299.0,345.6856754422188,46.68567544221878,0.12485027902313652
2024-02-04 20:00:00,303.99999999999994,355.47443479299545,51.47443479299551,0.13765673272560253
2024-02-04 21:00:00,303.99999999999994,356.23393446207047,52.23393446207052,0.13968784279745647
2024-02-04 22:00:00,303.99999999999994,356.98490738868713,52.98490738868719,0.1416961500252903
2024-02-04 23:00:00,305.99999999999994,364.1127625107765,58.11276251077658,0.1554094386672304
2024-02-05 00:00:00,307.9999999999999,287.51390755176544,20.486092448234444,0.05478542045346241
2024-02-05 01:00:00,306.9999999999999,293.53077828884125,13.469221711158639,0.03602038683030186
2024-02-05 02:00:00,307.9999999999999,302.03338623046875,5.966613769531136,0.015956358923653758
2024-02-05 03:00:00,306.9999999999999,302.79630839824677,4.203691601753121,0.011241822345607038
2024-02-05 04:00:00,307.9999999999999,304.97815132141113,3.0218486785887535,0.008081250771544406
2024-02-05 05:00:00,309.99999999999983,341.5735137462616,31.573513746261767,0.08443622082410365
2024-02-05 06:00:00,318.0,327.1657383441925,9.165738344192505,0.02451169398077599
2024-02-05 07:00:00,322.99999999999994,365.2595356106758,42.25953561067587,0.11301356920306568
2024-02-05 08:00:00,323.99999999999994,385.09940654039383,61.099406540393886,0.1633965425681263
2024-02-05 09:00:00,360.99999999999994,373.07200849056244,12.072008490562496,0.032283856110892115
2024-02-05 10:00:00,410.99999999999983,393.5853150486946,17.41468495130522,0.046571635832096704
2024-02-05 11:00:00,463.9999999999999,370.5307736992836,93.46922630071629,0.24996230370843078
2024-02-05 12:00:00,472.0,404.7157824039459,67.28421759605408,0.17993642077895455
2024-02-05 13:00:00,470.99999999999983,412.445849776268,58.554150223731824,0.1565898302669632
2024-02-05 14:00:00,472.0,418.4818097949028,53.5181902050972,0.14312229429323473
2024-02-05 15:00:00,441.99999999999994,439.4064947962761,2.5935052037238506,0.006935743036076129
2024-02-05 16:00:00,426.9999999999999,458.1970453262329,31.197045326233024,0.0834294411890492
2024-02-05 17:00:00,402.99999999999994,490.0449299812317,87.04492998123175,0.23278197632926168
2024-02-05 18:00:00,382.99999999999994,499.67761158943176,116.67761158943182,0.31202788060168607
2024-02-05 19:00:00,345.99999999999994,491.09835147857666,145.09835147857672,0.38803272087855817
2024-02-05 20:00:00,331.99999999999983,470.80597311258316,138.80597311258333,0.3712051782271567
2024-02-05 21:00:00,331.99999999999983,471.80826365947723,139.8082636594774,0.37388557758427543
2024-02-05 22:00:00,321.99999999999994,486.37910932302475,164.3791093230248,0.4395947465717751
2024-02-05 23:00:00,308.9999999999999,455.1329058408737,146.13290584087383,0.390799402512141
2024-02-06 00:00:00,316.0,297.5879439711571,18.412056028842926,0.049238879181168635
2024-02-06 01:00:00,315.0,301.7387267947197,13.261273205280304,0.035464275587711244
2024-02-06 02:00:00,315.0,324.0400528907776,9.040052890777588,0.024175576664717813
2024-02-06 03:00:00,316.0,338.53185653686523,22.531856536865234,0.06025635377212423
2024-02-06 04:00:00,313.99999999999983,346.9833040237427,32.983304023742846,0.08820638603731691
2024-02-06 05:00:00,313.99999999999983,352.3845085501671,38.384508550167254,0.10265068583158089
2024-02-06 06:00:00,322.99999999999994,347.5274223089218,24.52742230892187,0.06559304304758844
2024-02-06 07:00:00,327.9999999999999,358.2129058241844,30.21290582418453,0.08079758269574075
2024-02-06 08:00:00,328.9999999999999,357.4937090277672,28.493709027767295,0.07619997973304977
2024-02-06 09:00:00,377.0,370.8239874243736,6.176012575626373,0.016516348666127525
2024-02-06 10:00:00,435.0,371.5012586116791,63.49874138832092,0.16981302090749137
2024-02-06 11:00:00,438.99999999999994,354.70564126968384,84.2943587303161,0.22542619567712435
2024-02-06 12:00:00,499.99999999999994,368.04713129997253,131.9528687000274,0.3528781005962192
2024-02-06 13:00:00,481.99999999999994,353.61398220062256,128.38601779937738,0.3433393646571571
2024-02-06 14:00:00,530.0,356.52472883462906,173.47527116537094,0.463920373936042
2024-02-06 15:00:00,515.0,351.49250507354736,163.50749492645264,0.4372638110207343
2024-02-06 16:00:00,458.0,343.41133654117584,114.58866345882416,0.3064414613306612
2024-02-06 17:00:00,406.9999999999999,355.359987616539,51.640012383460885,0.13809953253890214
2024-02-06 18:00:00,380.0,341.24362617731094,38.756373822689056,0.10364515538982522
2024-02-06 19:00:00,324.9999999999999,331.40515208244324,6.405152082443351,0.017129130447484226
2024-02-06 20:00:00,316.0,322.20246613025665,6.202466130256653,0.016587092714392005
2024-02-06 21:00:00,308.9999999999999,310.60497522354126,1.6049752235413735,0.004292143202091328
2024-02-06 22:00:00,304.99999999999994,305.3011643886566,0.30116438865667305,0.0008053960363528364
2024-02-06 23:00:00,300.99999999999994,307.37637877464294,6.376378774643001,0.017052182744077035
2024-02-07 00:00:00,299.0,304.2100068926811,5.210006892681122,0.013932984970277819
2024-02-07 01:00:00,299.99999999999994,288.51357221603394,11.486427783966008,0.030717852965031614
2024-02-07 02:00:00,299.99999999999994,298.6553505063057,1.3446494936942486,0.0035959609213285387
2024-02-07 03:00:00,299.99999999999994,292.5322052836418,7.467794716358128,0.019970927810153704
2024-02-07 04:00:00,299.99999999999994,282.1400535106659,17.85994648933405,0.04776238710075883
2024-02-07 05:00:00,299.99999999999994,300.8123508095741,0.812350809574184,0.00217244849259029
2024-02-07 06:00:00,301.99999999999994,284.6110385656357,17.388961434364262,0.0465028441045033
2024-02-07 07:00:00,322.99999999999994,305.6931585073471,17.306841492652836,0.0462832328953065
2024-02-07 08:00:00,325.9999999999999,317.4014085531235,8.598591446876412,0.02299498788824751
2024-02-07 09:00:00,351.99999999999983,341.07433050870895,10.925669491290876,0.02921823175056128
2024-02-07 10:00:00,404.99999999999994,368.25637578964233,36.74362421035761,0.09826251182040087
2024-02-07 11:00:00,454.0,359.3779715895653,94.62202841043472,0.2530452121957449
2024-02-07 12:00:00,480.99999999999994,384.9680829048157,96.03191709518427,0.2568156405769387
2024-02-07 13:00:00,481.99999999999994,379.8561680316925,102.14383196830744,0.2731605744361374
2024-02-07 14:00:00,519.9999999999999,378.3621883392334,141.6378116607665,0.3787782898837873
2024-02-07 15:00:00,487.99999999999983,379.6634754538536,108.33652454614622,0.28972152999529155
2024-02-07 16:00:00,442.99999999999994,367.2247874736786,75.77521252632135,0.20264366612105011
2024-02-07 17:00:00,380.0,386.3670587539673,6.367058753967285,0.017027258456898096
2024-02-07 18:00:00,335.0,372.8548273444176,37.85482734441757,0.10123417325669039
2024-02-07 19:00:00,311.9999999999999,354.04105693101883,42.04105693101894,0.11242929739254998
2024-02-07 20:00:00,311.9999999999999,352.808455824852,40.8084558248521,0.10913298453916476
2024-02-07 21:00:00,309.99999999999983,355.0916165113449,45.09161651134508,0.12058732897660196
2024-02-07 22:00:00,307.9999999999999,353.616578578949,45.61657857894909,0.12199122128395523
2024-02-07 23:00:00,298.0,351.68310284614563,53.68310284614563,0.14356331584972526
2024-02-08 00:00:00,291.99999999999983,286.40855848789215,5.591441512107679,0.014953045582304945
2024-02-08 01:00:00,291.99999999999983,282.08266764879227,9.917332351207563,0.02652166214765162
2024-02-08 02:00:00,291.99999999999983,289.33081179857254,2.669188201427289,0.007138140094511676
2024-02-08 03:00:00,291.99999999999983,297.5723657011986,5.572365701198748,0.014902031640833324
2024-02-08 04:00:00,291.99999999999983,288.6484068632126,3.351593136787244,0.008963077739291024
2024-02-08 05:00:00,291.99999999999983,300.31352162361145,8.31352162361162,0.022232633126566165
2024-02-08 06:00:00,291.99999999999983,293.9801287651062,1.9801287651063717,0.005295406492110076
2024-02-08 07:00:00,299.99999999999994,309.6285009384155,9.628500938415584,0.025749247865622944
2024-02-08 08:00:00,301.99999999999994,317.88424640893936,15.884246408939418,0.04247882412417528
2024-02-08 09:00:00,340.99999999999994,341.07433050870895,0.0743305087090107,0.00019878013254274158
2024-02-08 10:00:00,401.99999999999994,356.8165558576584,45.18344414234156,0.12083290120498565
2024-02-08 11:00:00,449.9999999999999,349.1381800174713,100.86181998252857,0.2697321233615975
2024-02-08 12:00:00,477.99999999999994,377.6742070913315,100.32579290866846,0.26829864019783306
2024-02-08 13:00:00,473.0,370.9068650007248,102.09313499927521,0.2730249968597321
2024-02-08 14:00:00,491.99999999999983,376.220323741436,115.77967625856382,0.30962655566546765
2024-02-08 15:00:00,473.0,378.4303432703018,94.56965672969818,0.2529051559816935
2024-02-08 16:00:00,430.9999999999999,369.63879972696304,61.36120027303684,0.1640966506903154
2024-02-08 17:00:00,375.0,386.1094272136688,11.109427213668823,0.029709650214452578
2024-02-08 18:00:00,318.99999999999994,366.93605840206146,47.93605840206152,0.12819414542205698
2024-02-08 19:00:00,294.0,345.62324434518814,51.62324434518814,0.13805469021334527
2024-02-08 20:00:00,294.0,331.1526542901993,37.15265429019928,0.09935637024942356
2024-02-08 21:00:00,294.99999999999983,325.34626722335815,30.346267223358325,0.08115422759249011
2024-02-08 22:00:00,296.0,311.071939766407,15.071939766407013,0.040306493746347975
2024-02-08 23:00:00,276.0,301.9955027103424,25.995502710342407,0.06951909201249212
2024-02-09 00:00:00,267.9999999999999,278.1442567706108,10.144256770610923,0.02712852017875664
2024-02-09 01:00:00,267.9999999999999,272.17636317014694,4.176363170147056,0.011168738636761382
2024-02-09 02:00:00,267.9999999999999,272.02069848775864,4.02069848775875,0.010752448653888977
2024-02-09 03:00:00,267.9999999999999,269.3413245677948,1.3413245677949135,0.003587069159083886
2024-02-09 04:00:00,267.9999999999999,254.20231461524963,13.797685384750253,0.03689878862932119
2024-02-09 05:00:00,278.0,280.33999621868134,2.3399962186813354,0.0062577905973970945
2024-02-09 06:00:00,284.9999999999999,271.1722433567047,13.827756643295174,0.036979207408408085
2024-02-09 07:00:00,290.99999999999983,285.27240693569183,5.727593064307996,0.015317152112212204
2024-02-09 08:00:00,294.99999999999983,300.4175537824631,5.417553782463244,0.01448802218146164
2024-02-09 09:00:00,349.9999999999999,324.8731952905655,25.126804709434396,0.06719595570198848
2024-02-09 10:00:00,406.9999999999999,352.6901140809059,54.30988591909397,0.1452395054047298
2024-02-09 11:00:00,454.0,339.0340492129326,114.96595078706741,0.3074504309505045
2024-02-09 12:00:00,459.99999999999994,382.7891904115677,77.21080958843226,0.2064828457424561
2024-02-09 13:00:00,445.9999999999999,378.74002039432526,67.25997960567463,0.17987160175613504
2024-02-09 14:00:00,419.99999999999994,385.287820994854,34.71217900514597,0.09282987111662032
2024-02-09 15:00:00,419.99999999999994,389.7919473052025,30.20805269479746,0.08078460409893623
2024-02-09 16:00:00,419.99999999999994,379.63034212589264,40.369657874107304,0.10795951867267915
2024-02-09 17:00:00,385.9999999999999,392.4807921051979,6.48079210519802,0.017331412579139897
2024-02-09 18:00:00,335.0,373.60113859176636,38.60113859176636,0.1032300138777589
2024-02-09 19:00:00,311.9999999999999,345.41488498449326,33.41488498449337,0.08936055169649143
2024-02-09 20:00:00,308.9999999999999,324.7812008857727,15.781200885772819,0.04220325218058505
2024-02-09 21:00:00,308.9999999999999,326.35956287384033,17.359562873840446,0.04642422430411464
2024-02-09 22:00:00,311.9999999999999,309.84880954027176,2.1511904597281273,0.005752872301512999
2024-02-09 23:00:00,286.99999999999994,302.8888338804245,15.888833880424556,0.04249109227901089
2024-02-10 00:00:00,266.9999999999999,283.10605376958847,16.106053769588584,0.04307199773908224
2024-02-10 01:00:00,267.9999999999999,281.9873097538948,13.98730975389492,0.0374058961129989
2024-02-10 02:00:00,267.9999999999999,291.6521215438843,23.65212154388439,0.06325224913791591
2024-02-10 03:00:00,267.9999999999999,297.10699439048767,29.106994390487785,0.07784007271513001
2024-02-10 04:00:00,267.9999999999999,293.94330739974976,25.94330739974987,0.0693795074604973
2024-02-10 05:00:00,267.9999999999999,301.1411762237549,33.141176223755,0.08862857952675049
2024-02-10 06:00:00,266.9999999999999,297.2503852844238,30.250385284423942,0.08089781303458031
2024-02-10 07:00:00,263.99999999999994,310.78462690114975,46.78462690114981,0.12511490231797512
2024-02-10 08:00:00,263.99999999999994,310.94102919101715,46.94102919101721,0.12553316486520913
2024-02-10 09:00:00,263.99999999999994,307.24051147699356,43.24051147699362,0.11563696726820276
2024-02-10 10:00:00,320.0,309.4484657049179,10.551534295082092,0.028217691794855705
2024-02-10 11:00:00,294.99999999999983,307.83505260944366,12.835052609443835,0.03432444501202532
2024-02-10 12:00:00,263.99999999999994,287.24234998226166,23.242349982261715,0.0621564077835875
2024-02-10 13:00:00,263.99999999999994,304.3934351205826,40.39343512058264,0.10802310554014392
2024-02-10 14:00:00,263.99999999999994,287.3204183578491,23.320418357849178,0.06236518399561942
2024-02-10 15:00:00,263.99999999999994,290.04407823085785,26.044078230857906,0.06964899625469506
2024-02-10 16:00:00,263.99999999999994,293.5500445961952,29.550044596195278,0.0790249102756854
2024-02-10 17:00:00,263.99999999999994,292.10226863622665,28.10226863622671,0.07515316094673374
2024-02-10 18:00:00,263.99999999999994,291.2321573495865,27.232157349586544,0.07282624512321402
2024-02-10 19:00:00,263.99999999999994,284.181190431118,20.18119043111807,0.05397002897521742
2024-02-10 20:00:00,263.99999999999994,295.14454543590546,31.144545435905513,0.08328904210744682
2024-02-10 21:00:00,263.99999999999994,297.2623345255852,33.26233452558523,0.08895258999990291
2024-02-10 22:00:00,263.99999999999994,296.400690972805,32.40069097280508,0.08664831921525437
2024-02-10 23:00:00,263.99999999999994,288.59942972660065,24.599429726600704,0.0657856105986366
2024-02-11 00:00:00,268.9999999999999,291.9266590476036,22.92665904760372,0.06131216378574909
2024-02-11 01:00:00,267.9999999999999,272.67820179462433,4.678201794624442,0.012510792525820656
2024-02-11 02:00:00,272.99999999999983,275.80869644880295,2.8086964488031185,0.007511223346406751
2024-02-11 03:00:00,267.9999999999999,271.24128341674805,3.2412834167481606,0.008668079344271785
2024-02-11 04:00:00,267.9999999999999,256.8484961986542,11.151503801345712,0.02982217453078817
2024-02-11 05:00:00,275.0,281.2100484967232,6.210048496723175,0.016607370038432708
2024-02-11 06:00:00,289.9999999999999,264.8538091778755,25.146190822124368,0.06724779947538559
2024-02-11 07:00:00,287.9999999999999,297.67946630716324,9.679466307163352,0.02588554321635748
2024-02-11 08:00:00,287.9999999999999,316.2690335512161,28.26903355121624,0.07559913599090937
2024-02-11 09:00:00,287.9999999999999,347.8906202316284,59.89062023162853,0.16016391700366409
2024-02-11 10:00:00,287.9999999999999,379.3559521436691,91.35595214366924,0.2443108299820571
2024-02-11 11:00:00,287.9999999999999,365.62792629003525,77.62792629003536,0.207598330012247
2024-02-11 12:00:00,287.9999999999999,395.95294654369354,107.95294654369366,0.2886957373901784
2024-02-11 13:00:00,287.9999999999999,376.2761753797531,88.27617537975323,0.2360746636492002
2024-02-11 14:00:00,287.9999999999999,369.74286139011383,81.74286139011394,0.2186027931701756
2024-02-11 15:00:00,287.9999999999999,377.1656709909439,89.16567099094402,0.23845341846414284
2024-02-11 16:00:00,287.9999999999999,350.2560093998909,62.25600939989101,0.1664896153010226
2024-02-11 17:00:00,291.99999999999983,374.1882446408272,82.18824464082735,0.21979386993188216
2024-02-11 18:00:00,289.9999999999999,366.3119834661484,76.31198346614849,0.20407913858608645
2024-02-11 19:00:00,287.9999999999999,359.01633739471436,71.01633739471447,0.18991713100316926
2024-02-11 20:00:00,287.9999999999999,360.8230331540108,72.82303315401089,0.19474873015047625
2024-02-11 21:00:00,287.9999999999999,368.7763300538063,80.77633005380642,0.21601802373330733
2024-02-11 22:00:00,287.9999999999999,364.6690660715103,76.66906607151043,0.20503407524473938
2024-02-11 23:00:00,287.9999999999999,366.02838814258575,78.02838814258587,0.20866927465544774
2024-02-12 00:00:00,287.9999999999999,317.11624950170517,29.116249501705283,0.07786482341664498
2024-02-12 01:00:00,287.9999999999999,301.02115273475647,13.021152734756583,0.034822127702731895
2024-02-12 02:00:00,294.0,310.03164768218994,16.03164768218994,0.0428730154884294
2024-02-12 03:00:00,294.99999999999983,302.1594285964966,7.159428596496753,0.01914627237267108
2024-02-12 04:00:00,297.0,292.85371363162994,4.146286368370056,0.01108830503355413
2024-02-12 05:00:00,301.99999999999994,307.4845415353775,5.484541535377559,0.014667165774507355
2024-02-12 06:00:00,303.99999999999994,292.15853333473206,11.841466665267887,0.03166732414596084
2024-02-12 07:00:00,345.99999999999994,315.5353206396103,30.464679360389653,0.08147089406904959
2024-02-12 08:00:00,377.0,329.42222714424133,47.57777285575867,0.12723599176995373
2024-02-12 09:00:00,448.9999999999999,357.9244127869606,91.07558721303928,0.24356105739151646
2024-02-12 10:00:00,504.99999999999994,383.81316661834717,121.18683338165278,0.32408677433307853
2024-02-12 11:00:00,552.0,380.25603979825974,171.74396020174026,0.4592903743732718
2024-02-12 12:00:00,541.0,407.5088953971863,133.49110460281372,0.3569917645808813
2024-02-12 13:00:00,518.9999999999999,404.5186346769333,114.4813653230666,0.30615451673660526
2024-02-12 14:00:00,513.0,402.857483625412,110.14251637458801,0.2945512466387517
2024-02-12 15:00:00,485.9999999999999,406.325743496418,79.67425650358189,0.21307077730394278
2024-02-12 16:00:00,407.9999999999999,395.65775603055954,12.342243969440347,0.033006539773927215
2024-02-12 17:00:00,331.99999999999983,415.7580614089966,83.75806140899675,0.22399198979765814
2024-02-12 18:00:00,310.9999999999999,404.7513645887375,93.7513645887376,0.2507168187421946
2024-02-12 19:00:00,307.9999999999999,387.11095064878464,79.11095064878475,0.21156434321081646
2024-02-12 20:00:00,307.9999999999999,385.87952971458435,77.87952971458446,0.2082711864604098
2024-02-12 21:00:00,307.9999999999999,389.56160724163055,81.56160724163067,0.21811806994837613
2024-02-12 22:00:00,299.99999999999994,385.3938299417496,85.39382994174963,0.22836648274002172
2024-02-12 23:00:00,299.99999999999994,381.719069480896,81.71906948089605,0.21853916709052248
2024-02-13 00:00:00,303.99999999999994,330.4084673523903,26.408467352390346,0.07062347253816723
2024-02-13 01:00:00,303.99999999999994,318.1235557794571,14.12355577945715,0.03777025529054343
2024-02-13 02:00:00,301.99999999999994,334.54706490039825,32.54706490039831,0.08703976317592589
2024-02-13 03:00:00,303.99999999999994,332.86301851272583,28.863018512725887,0.07718761441555615
2024-02-13 04:00:00,301.99999999999994,332.21734642982483,30.217346429824886,0.08080945809109444
2024-02-13 05:00:00,300.99999999999994,348.4694355726242,47.46943557262426,0.12694626821128574
2024-02-13 06:00:00,327.9999999999999,331.15241825580597,3.152418255806083,0.008430429571960232
2024-02-13 07:00:00,399.99999999999994,363.9626741409302,36.03732585906977,0.09637367663923256
2024-02-13 08:00:00,437.99999999999994,377.7401491999626,60.25985080003733,0.16115134064170836
2024-02-13 09:00:00,472.0,409.7360569238663,62.26394307613373,0.1665108321235961
2024-02-13 10:00:00,513.0,419.7233211994171,93.27667880058289,0.24944737897211383
2024-02-13 11:00:00,554.0,420.51135152578354,133.48864847421646,0.3569851962205056
2024-02-13 12:00:00,536.9999999999999,444.75293934345245,92.24706065654743,0.24669389813773648
2024-02-13 13:00:00,503.99999999999994,444.41198766231537,59.588012337684575,0.1593546606389304
2024-02-13 14:00:00,498.99999999999994,438.56774657964706,60.43225342035288,0.16161239245357206
2024-02-13 15:00:00,424.99999999999994,458.27104210853577,33.27104210853582,0.0889758764609148
2024-02-13 16:00:00,363.99999999999994,452.43863224983215,88.43863224983221,0.2365091178017098
2024-02-13 17:00:00,321.0,479.20746982097626,158.20746982097626,0.4230900927017752
2024-02-13 18:00:00,312.99999999999983,478.95836502313614,165.9583650231363,0.4438181087260151
2024-02-13 19:00:00,317.0,466.020405292511,149.020405292511,0.3985213666649835
2024-02-13 20:00:00,321.99999999999994,464.0508458018303,142.05084580183035,0.3798828562688603
2024-02-13 21:00:00,327.9999999999999,469.3057680130005,141.3057680130006,0.377890314253602
2024-02-13 22:00:00,321.0,454.6488878130913,133.64888781309128,0.35741372008739847
2024-02-13 23:00:00,310.9999999999999,441.2373250722885,130.23732507228863,0.3482902672068396
2024-02-14 00:00:00,303.99999999999994,275.8791822195053,28.120817780494633,0.07520276643740201
2024-02-14 01:00:00,303.99999999999994,270.04388093948364,33.9561190605163,0.09080795980975576
2024-02-14 02:00:00,303.99999999999994,285.15993654727936,18.840063452720585,0.05038348822428373
2024-02-14 03:00:00,306.9999999999999,289.2702394723892,17.729760527610665,0.047414234193210635
2024-02-14 04:00:00,307.9999999999999,287.69842743873596,20.301572561263924,0.05429196375276415
2024-02-14 05:00:00,304.99999999999994,305.9472495317459,0.9472495317459675,0.0025332046119669214
2024-02-14 06:00:00,320.0,294.7853896021843,25.214610397815704,0.06743077215458096
2024-02-14 07:00:00,360.99999999999994,311.335973739624,49.66402626037592,0.13281520460584398
2024-02-14 08:00:00,410.99999999999983,318.16297352313995,92.83702647685988,0.24827162827835073
2024-02-14 09:00:00,458.0,328.3848559856415,129.61514401435852,0.3466263847000603
2024-02-14 10:00:00,511.0,343.79108637571335,167.20891362428665,0.44716241809514595
2024-02-14 11:00:00,555.0,330.82403540611267,224.17596459388733,0.5995079103967962
2024-02-14 12:00:00,553.0,344.9449110031128,208.0550889968872,0.5563962750328872
2024-02-14 13:00:00,532.0,350.3888672590256,181.61113274097443,0.4856778954495711
2024-02-14 14:00:00,508.9999999999999,349.9002170562744,159.09978294372547,0.425476382314081
2024-02-14 15:00:00,463.9999999999999,356.74261808395386,107.25738191604603,0.28683560712499867
2024-02-14 16:00:00,384.9999999999999,352.3709660768509,32.629033923148995,0.08725897078649893
2024-02-14 17:00:00,334.0,372.1572867035866,38.15728670358658,0.10204303239876591
2024-02-14 18:00:00,300.99999999999994,360.3395462036133,59.33954620361334,0.15869019416451927
2024-02-14 19:00:00,302.99999999999994,346.24177247285843,43.241772472858486,0.1156403395164156
2024-02-14 20:00:00,306.9999999999999,345.3971529006958,38.397152900695914,0.10268450028701323
2024-02-14 21:00:00,303.99999999999994,342.08491176366806,38.08491176366812,0.10184948199261862
2024-02-14 22:00:00,301.99999999999994,337.34233170747757,35.342331707477626,0.09451507198322584
2024-02-14 23:00:00,301.99999999999994,337.4181282520294,35.418128252029476,0.09471777269702401
2024-02-15 00:00:00,299.99999999999994,272.87567406892776,27.12432593107218,0.07253787438504955
2024-02-15 01:00:00,299.99999999999994,274.50528502464294,25.494714975357,0.06817984848967588
2024-02-15 02:00:00,299.99999999999994,284.95851069688797,15.041489303111973,0.04022506086993014
2024-02-15 03:00:00,299.99999999999994,299.18085157871246,0.8191484212874798,0.002190627167549086
2024-02-15 04:00:00,299.99999999999994,296.15070104599,3.849298954009953,0.01029407937015744
2024-02-15 05:00:00,299.99999999999994,308.99994134902954,8.999941349029598,0.024068307419240514
2024-02-15 06:00:00,299.99999999999994,304.7441232204437,4.744123220443782,0.012687084468245992
2024-02-15 07:00:00,344.9999999999999,316.25310122966766,28.746898770332223,0.07687707842993274
2024-02-15 08:00:00,398.0,322.39524722099304,75.60475277900696,0.2021878100835648
2024-02-15 09:00:00,453.0,336.8888211250305,116.11117887496948,0.3105130844296572
2024-02-15 10:00:00,506.99999999999983,345.9093180298805,161.0906819701193,0.4308005914338527
2024-02-15 11:00:00,556.0,333.859024643898,222.140975356102,0.5940657919795307
2024-02-15 12:00:00,545.9999999999999,356.198912858963,189.80108714103687,0.5075800759867274
2024-02-15 13:00:00,519.9999999999999,355.8279848098755,164.1720151901244,0.43904092015646123
2024-02-15 14:00:00,476.0,363.5864943265915,112.41350567340851,0.3006244938378249
2024-02-15 15:00:00,435.0,370.62403678894043,64.37596321105957,0.17215895225145694
2024-02-15 16:00:00,389.9999999999999,366.45454823970795,23.54545176029194,0.06296698492959706
2024-02-15 17:00:00,322.99999999999994,387.5523054599762,64.55230545997625,0.17263053970890016
2024-02-15 18:00:00,309.99999999999983,370.6743121147156,60.67431211471575,0.16225972367979763
2024-02-15 19:00:00,310.9999999999999,356.3380551338196,45.338055133819694,0.12124637332985573
2024-02-15 20:00:00,310.9999999999999,345.6687989830971,34.66879898309719,0.09271386105988412
2024-02-15 21:00:00,311.9999999999999,337.82918214797974,25.82918214797985,0.06907430528890812
2024-02-15 22:00:00,310.9999999999999,324.86531764268875,13.865317642688865,0.03707965580527222
2024-02-15 23:00:00,310.9999999999999,320.98060458898544,9.980604588985557,0.0266908694358867
2024-02-16 00:00:00,309.99999999999983,265.52709728479385,44.472902715205976,0.11893271887721427
2024-02-16 01:00:00,311.9999999999999,261.5171679854393,50.482832014560586,0.1350049153877353
2024-02-16 02:00:00,309.99999999999983,273.96137326955795,36.03862673044188,0.09637715552546999
2024-02-16 03:00:00,309.99999999999983,279.97768342494965,30.022316575050183,0.0802878948587792
2024-02-16 04:00:00,308.9999999999999,278.58564108610153,30.414358913898354,0.08133632341701344
2024-02-16 05:00:00,310.9999999999999,295.55503875017166,15.444961249828225,0.041304055329116615
2024-02-16 06:00:00,309.99999999999983,287.36514687538147,22.63485312461836,0.060531794849019945
2024-02-16 07:00:00,359.99999999999994,304.03752475976944,55.9624752402305,0.1496589817408902
2024-02-16 08:00:00,407.9999999999999,312.1276330947876,95.87236690521229,0.25638895968290615
2024-02-16 09:00:00,457.0,321.155948638916,135.84405136108398,0.36328418846709476
2024-02-16 10:00:00,501.99999999999994,336.8218168616295,165.17818313837046,0.44173168874645696
2024-02-16 11:00:00,560.0,322.899711728096,237.100288271904,0.6340710906892782
2024-02-16 12:00:00,533.0,335.83531111478806,197.16468888521194,0.5272723632604407
2024-02-16 13:00:00,516.0,342.28928804397583,173.71071195602417,0.464550007075716
2024-02-16 14:00:00,481.99999999999994,341.86230182647705,140.1376981735229,0.37476657567649185
2024-02-16 15:00:00,429.99999999999983,349.27505046129227,80.72494953870756,0.21588061816755977
2024-02-16 16:00:00,380.99999999999994,344.1630470752716,36.83695292472834,0.09851209835673529
2024-02-16 17:00:00,328.9999999999999,364.07538056373596,35.075380563736076,0.09380117153162097
2024-02-16 18:00:00,307.9999999999999,352.91278302669525,44.912783026695365,0.12010907927268945
2024-02-16 19:00:00,307.9999999999999,342.75938004255295,34.75938004255306,0.09295609961464753
2024-02-16 20:00:00,307.9999999999999,342.82673835754395,34.82673835754406,0.09313623419214899
2024-02-16 21:00:00,307.9999999999999,339.2584294080734,31.25842940807354,0.0835935990313161
2024-02-16 22:00:00,308.9999999999999,333.848757147789,24.848757147789115,0.066452380390626
2024-02-16 23:00:00,307.9999999999999,336.77095144987106,28.770951449871177,0.07694140188082528
2024-02-17 00:00:00,307.9999999999999,297.3607608675957,10.639239132404214,0.02845223854410212
2024-02-17 01:00:00,307.9999999999999,290.3116822242737,17.688317775726205,0.04730340492733302
2024-02-17 02:00:00,306.9999999999999,302.96445339918137,4.03554660081852,0.010792156573736335
2024-02-17 03:00:00,305.99999999999994,304.2802566289902,1.7197433710097698,0.004599064652807663
2024-02-17 04:00:00,307.9999999999999,301.27019852399826,6.729801476001626,0.017997331817315713
2024-02-17 05:00:00,306.9999999999999,319.9295139312744,12.929513931274528,0.034577060450824156
2024-02-17 06:00:00,306.9999999999999,308.3131402730942,1.313140273094291,0.0035116966379816015
2024-02-17 07:00:00,307.9999999999999,326.03483855724335,18.03483855724346,0.04823009637711809
2024-02-17 08:00:00,324.9999999999999,336.21630012989044,11.216300129890556,0.02999545765504137
2024-02-17 09:00:00,367.9999999999999,348.47533643245697,19.524663567542916,0.05221429638000219
2024-02-17 10:00:00,402.99999999999994,367.43739545345306,35.56260454654688,0.0951041418672645
2024-02-17 11:00:00,404.99999999999994,351.01140797138214,53.9885920286178,0.14438027756890195
2024-02-17 12:00:00,408.9999999999999,361.2297794222832,47.770220577716714,0.12775064967210978
2024-02-17 13:00:00,385.9999999999999,357.9539465904236,28.046053409576302,0.0750028260385168
2024-02-17 14:00:00,340.99999999999994,351.83711528778076,10.837115287780819,0.028981413563565445
2024-02-17 15:00:00,298.0,348.8526964187622,50.85269641876221,0.1359940340762386
2024-02-17 16:00:00,287.9999999999999,337.021826505661,49.021826505661124,0.131097786622592
2024-02-17 17:00:00,287.9999999999999,356.56346797943115,68.56346797943127,0.1833574865725248
2024-02-17 18:00:00,290.99999999999983,343.9008128643036,52.90081286430376,0.1414712582413729
2024-02-17 19:00:00,290.99999999999983,333.1874477863312,42.18744778633135,0.11282078662257751
2024-02-17 20:00:00,287.9999999999999,341.6771328449249,53.67713284492504,0.14354735043182995
2024-02-17 21:00:00,287.9999999999999,345.441497862339,57.44149786233913,0.15361429319997655
2024-02-17 22:00:00,287.9999999999999,348.50643396377563,60.50643396377575,0.16181077153787804
2024-02-17 23:00:00,287.9999999999999,356.5058460831642,68.50584608316433,0.18320338984459647
2024-02-18 00:00:00,287.9999999999999,290.5558893084526,2.55588930845272,0.006835147832604815
2024-02-18 01:00:00,287.9999999999999,278.16402465105057,9.835975348949319,0.026304091247451214
2024-02-18 02:00:00,280.0,293.86382281780243,13.86382281780243,0.03707565823423154
2024-02-18 03:00:00,285.99999999999994,292.10961520671844,6.109615206718502,0.01633878392156664
2024-02-18 04:00:00,287.9999999999999,285.45503854751587,2.544961452484017,0.0068059237536149805
2024-02-18 05:00:00,287.9999999999999,307.06593453884125,19.06593453884136,0.0509875293537805
2024-02-18 06:00:00,287.9999999999999,290.43745905160904,2.437459051609153,0.0065184328987060594
2024-02-18 07:00:00,287.9999999999999,308.9273017644882,20.927301764488334,0.05596533497156941
2024-02-18 08:00:00,287.9999999999999,315.88158309459686,27.881583094596976,0.07456298738304727
2024-02-18 09:00:00,287.9999999999999,331.8617311120033,43.86173111200344,0.11729827866684836
2024-02-18 10:00:00,303.99999999999994,354.0952858328819,50.095285832881984,0.13396851078485428
2024-02-18 11:00:00,335.0,341.9655668735504,6.965566873550415,0.01862783304470822
2024-02-18 12:00:00,386.9999999999999,364.178763628006,22.821236371993905,0.0610302346856434
2024-02-18 13:00:00,363.99999999999994,364.17953073978424,0.17953073978429757,0.0004801143550561084
2024-02-18 14:00:00,318.0,364.221987426281,46.221987426280975,0.12361025030723694
2024-02-18 15:00:00,287.9999999999999,368.86501997709274,80.86501997709286,0.2162552048721463
2024-02-18 16:00:00,287.9999999999999,360.9958988428116,72.9958988428117,0.1952110203342612
2024-02-18 17:00:00,293.0,379.59747433662415,86.59747433662415,0.23158535741884495
2024-02-18 18:00:00,300.99999999999994,364.6194988489151,63.61949884891516,0.17013595942142537
2024-02-18 19:00:00,301.99999999999994,342.0992213487625,40.09922134876257,0.10723629735634356
2024-02-18 20:00:00,300.99999999999994,337.1846902370453,36.184690237045345,0.09676776933541928
2024-02-18 21:00:00,301.99999999999994,334.2811131477356,32.28111314773565,0.08632853536970682
2024-02-18 22:00:00,302.99999999999994,330.0861033797264,27.086103379726467,0.0724356568171278
2024-02-18 23:00:00,308.9999999999999,325.7371401786804,16.737140178680534,0.04475969559322074
2024-02-19 00:00:00,309.99999999999983,281.2169525027275,28.78304749727232,0.0769737500235651
2024-02-19 01:00:00,307.9999999999999,273.47130686044693,34.528693139552956,0.09233917967220838
2024-02-19 02:00:00,307.9999999999999,273.0637049674988,34.93629503250111,0.09342921873842942
2024-02-19 03:00:00,308.9999999999999,273.1348103284836,35.865189671516305,0.09591333734152598
2024-02-19 04:00:00,307.9999999999999,266.9091671705246,41.09083282947529,0.10988813796648436
2024-02-19 05:00:00,308.9999999999999,274.3343371152878,34.665662884712106,0.09270547427411496
2024-02-19 06:00:00,308.9999999999999,271.40290796756744,37.59709203243244,0.10054491846256657
2024-02-19 07:00:00,360.99999999999994,295.8600836992264,65.13991630077356,0.17420197198947973
2024-02-19 08:00:00,413.99999999999983,314.68925535678864,99.3107446432112,0.26558412320811664
2024-02-19 09:00:00,465.9999999999999,339.16071116924286,126.83928883075703,0.3392029878889892
2024-02-19 10:00:00,513.0,362.94698864221573,150.05301135778427,0.4012828380188662
2024-02-19 11:00:00,560.0,358.42097014188766,201.57902985811234,0.5390775197018848
2024-02-19 12:00:00,541.0,380.44253647327423,160.55746352672577,0.4293746193169801
2024-02-19 13:00:00,519.9999999999999,384.8194697499275,135.18053025007237,0.3615097513391566
2024-02-19 14:00:00,494.0,383.66298973560333,110.33701026439667,0.29507137655399646
2024-02-19 15:00:00,449.9999999999999,391.99639052152634,58.00360947847355,0.1551175335719272
2024-02-19 16:00:00,453.0,381.43842458724976,71.56157541275024,0.19137524675368547
2024-02-19 17:00:00,469.99999999999983,402.68128395080566,67.31871604919417,0.18002867908858824
2024-02-19 18:00:00,442.99999999999994,395.8456689119339,47.154331088066044,0.1261035925415886
2024-02-19 19:00:00,427.9999999999999,393.92744690179825,34.07255309820164,0.09111933630704552
2024-02-19 20:00:00,397.0,395.5963870882988,1.4036129117012024,0.0037536452457084487
2024-02-19 21:00:00,340.0,397.76315331459045,57.763153314590454,0.1544744879509895
2024-02-19 22:00:00,318.99999999999994,388.38066816329956,69.38066816329962,0.185542903619773
2024-02-19 23:00:00,316.0,394.14574921131134,78.14574921131134,0.20898313028756693
2024-02-20 00:00:00,317.0,374.81125742197037,57.81125742197037,0.1546031315053914
2024-02-20 01:00:00,317.0,372.3615449666977,55.36154496669769,0.1480519296502146
2024-02-20 02:00:00,317.0,392.8912264108658,75.89122641086578,0.20295391901379997
2024-02-20 03:00:00,316.0,390.87006390094757,74.87006390094757,0.20022305086026865
2024-02-20 04:00:00,318.0,403.84835600852966,85.84835600852966,0.22958200989526253
2024-02-20 05:00:00,317.0,405.41999101638794,88.41999101638794,0.23645926603936926
2024-02-20 06:00:00,365.9999999999999,395.0994461774826,29.09944617748272,0.07781988672679672
2024-02-20 07:00:00,419.99999999999994,418.4996008872986,1.5003991127013592,0.004012478047975916
2024-02-20 08:00:00,467.9999999999999,431.5033257007599,36.49667429924,0.09760210014132104
2024-02-20 09:00:00,514.0,455.64096987247467,58.35903012752533,0.15606802570435055
2024-02-20 10:00:00,517.9999999999999,453.21111381053925,64.78888618946064,0.17326322135713249
2024-02-20 11:00:00,564.9999999999999,459.40976053476334,105.59023946523655,0.2823772117353359
2024-02-20 12:00:00,536.9999999999999,462.9229259490967,74.0770740509032,0.19810237887463808
2024-02-20 13:00:00,512.0,474.99390184879303,37.00609815120697,0.09896443900558005
2024-02-20 14:00:00,477.0,464.92797911167145,12.072020888328552,0.03228388926591315
2024-02-20 15:00:00,430.9999999999999,471.2390372157097,40.2390372157098,0.10761020326720112
2024-02-20 16:00:00,443.9999999999999,476.62796795368195,32.62796795368206,0.08725612009227385
2024-02-20 17:00:00,472.0,501.5225154161453,29.522515416145325,0.07895128971053433
2024-02-20 18:00:00,449.9999999999999,501.70319974422455,51.70319974422466,0.13826851284276123
2024-02-20 19:00:00,443.9999999999999,493.79911601543427,49.79911601543438,0.13317647159946583
2024-02-20 20:00:00,420.99999999999994,507.5316560268402,86.53165602684027,0.23140934123693238
2024-02-20 21:00:00,362.99999999999994,517.4469888210297,154.44698882102972,0.4130335368598102
2024-02-20 22:00:00,325.9999999999999,510.983304977417,184.9833049774171,0.49469600733605373
2024-02-20 23:00:00,323.99999999999994,509.45315301418304,185.4531530141831,0.4959525096343081
2024-02-21 00:00:00,322.99999999999994,310.3664919734001,12.633508026599827,0.033785459613071
2024-02-21 01:00:00,321.0,323.83915811777115,2.8391581177711487,0.007592686189862363
2024-02-21 02:00:00,321.0,346.903937458992,25.903937458992004,0.06927422145912356
2024-02-21 03:00:00,321.0,372.1124991774559,51.1124991774559,0.13668881778894368
2024-02-21 04:00:00,321.99999999999994,386.585656106472,64.58565610647207,0.17271972846928896
2024-02-21 05:00:00,320.0,383.44890654087067,63.44890654087067,0.16967974888025167
2024-02-21 06:00:00,348.9999999999999,385.20907402038574,36.209074020385856,0.0968329782485359
2024-02-21 07:00:00,424.99999999999994,388.91133248806,36.088667511939946,0.09651097827673986
2024-02-21 08:00:00,467.9999999999999,385.63871562480927,82.36128437519062,0.2202566255611561
2024-02-21 09:00:00,513.0,402.2349429130554,110.76505708694458,0.29621609095994345
2024-02-21 10:00:00,556.0,393.5413831472397,162.45861685276031,0.43445882386094026
2024-02-21 11:00:00,530.0,372.19782561063766,157.80217438936234,0.42200622174468844
2024-02-21 12:00:00,519.9999999999999,393.57053339481354,126.42946660518635,0.3381070110453917
2024-02-21 13:00:00,519.9999999999999,368.0478984117508,151.9521015882491,0.4063615252803818
2024-02-21 14:00:00,490.0,382.3558312654495,107.64416873455048,0.2878699809828326
2024-02-21 15:00:00,437.0,377.7015870809555,59.298412919044495,0.1585801924989781
2024-02-21 16:00:00,453.0,367.63277292251587,85.36722707748413,0.22829533939691055
2024-02-21 17:00:00,461.99999999999994,383.29937875270844,78.70062124729151,0.21046701003993337
2024-02-21 18:00:00,428.99999999999983,368.5037988424301,60.496201157569715,0.16178340621226345
2024-02-21 19:00:00,417.0,369.1975039243698,47.80249607563019,0.12783696319080556
2024-02-21 20:00:00,381.99999999999994,353.32891166210175,28.671088337898198,0.07667434057613501
2024-02-21 21:00:00,328.9999999999999,334.2370927333832,5.237092733383292,0.014005419924623239
2024-02-21 22:00:00,307.9999999999999,326.5456759929657,18.545675992965812,0.049596215551388906
2024-02-21 23:00:00,284.9999999999999,334.6385282278061,49.638528227806205,0.1327470158851986
2024-02-22 00:00:00,270.9999999999999,304.6177563071251,33.617756307125205,0.08990308516090978
2024-02-22 01:00:00,263.99999999999994,302.8772681951523,38.87726819515234,0.10396846004358457
2024-02-22 02:00:00,267.9999999999999,321.1128133535385,53.11281335353863,0.14203820559692254
2024-02-22 03:00:00,267.9999999999999,327.45771288871765,59.457712888717765,0.1590062042354196
2024-02-22 04:00:00,267.9999999999999,327.84752368927,59.84752368927013,0.16004866504923884
2024-02-22 05:00:00,267.9999999999999,336.1620417237282,68.1620417237283,0.18228396285123347
2024-02-22 06:00:00,310.9999999999999,327.0455378293991,16.045537829399223,0.04291016154529427
2024-02-22 07:00:00,367.9999999999999,337.82989025115967,30.17010974884022,0.08068313427238132
2024-02-22 08:00:00,412.0,334.7756937146187,77.22430628538132,0.20651893960559548
2024-02-22 09:00:00,463.9999999999999,338.31240355968475,125.68759644031513,0.3361230470948701
2024-02-22 10:00:00,476.0,337.43686348199844,138.56313651800156,0.3705557666827508
2024-02-22 11:00:00,523.0,334.7472810745239,188.25271892547607,0.5034393154234026
2024-02-22 12:00:00,477.99999999999994,329.55930411815643,148.4406958818435,0.3969710649720424
2024-02-22 13:00:00,455.99999999999994,339.39084470272064,116.6091552972793,0.3118448097326203
2024-02-22 14:00:00,423.99999999999994,332.58337676525116,91.41662323474878,0.2444730810918069
2024-02-22 15:00:00,371.9999999999999,337.94407188892365,34.05592811107624,0.09107487653942513
2024-02-22 16:00:00,385.9999999999999,342.8079441189766,43.19205588102329,0.11550738373706985
2024-02-22 17:00:00,403.9999999999999,347.92466819286346,56.07533180713642,0.1499607911017773
2024-02-22 18:00:00,382.99999999999994,343.199200630188,39.800799369811955,0.10643823527443723
2024-02-22 19:00:00,363.99999999999994,329.4651263952255,34.53487360477442,0.09235570792846864
2024-02-22 20:00:00,331.99999999999983,330.07751762866974,1.9224823713300907,0.0051412442511341696
2024-02-22 21:00:00,279.0,326.30043625831604,47.30043625831604,0.12649431777153652
2024-02-22 22:00:00,256.0,322.57038474082947,66.57038474082947,0.17802743627125522
2024-02-22 23:00:00,253.99999999999983,310.53761690855026,56.53761690855043,0.15119706804011165
2024-02-23 00:00:00,251.99999999999986,286.51512801647186,34.515128016472005,0.09230290281885672
2024-02-23 01:00:00,251.99999999999986,286.73930168151855,34.7393016815187,0.0929024045796347
2024-02-23 02:00:00,251.99999999999986,308.3454179763794,56.34541797637954,0.150683075469967
2024-02-23 03:00:00,251.99999999999986,316.8303233385086,64.83032333850875,0.1733740356394916
2024-02-23 04:00:00,250.99999999999986,323.9343684911728,72.93436849117293,0.195046471326504
2024-02-23 05:00:00,250.99999999999986,327.9383969306946,76.93839693069472,0.2057543397070222
2024-02-23 06:00:00,285.99999999999994,321.76515340805054,35.765153408050594,0.09564581298233396
2024-02-23 07:00:00,351.99999999999983,336.59725964069366,15.402740359306165,0.04119114510746182
2024-02-23 08:00:00,396.0,336.2988531589508,59.701146841049194,0.15965721327800914
2024-02-23 09:00:00,447.9999999999999,348.1111353635788,99.88886463642109,0.2671301743635817
2024-02-23 10:00:00,459.0,347.8034645318985,111.1965354681015,0.2973699822931976
2024-02-23 11:00:00,498.0,341.76169216632843,156.23830783367157,0.4178240143762935
2024-02-23 12:00:00,481.99999999999994,344.2357751727104,137.76422482728952,0.3684192580737302
2024-02-23 13:00:00,496.0,341.91717982292175,154.08282017707825,0.412059650193758
2024-02-23 14:00:00,478.99999999999994,336.0046362876892,142.99536371231073,0.38240875577762456
2024-02-23 15:00:00,430.9999999999999,333.14189314842224,97.85810685157765,0.2616993720100866
2024-02-23 16:00:00,407.9999999999999,332.28184282779694,75.71815717220295,0.2024910844819505
2024-02-23 17:00:00,371.9999999999999,338.7578594684601,33.2421405315398,0.08889858573055731
2024-02-23 18:00:00,325.9999999999999,330.34400045871735,4.34400045871746,0.011617046646754742
2024-02-23 19:00:00,307.9999999999999,317.4800670146942,9.480067014694328,0.02535229491126258
2024-02-23 20:00:00,269.9999999999999,313.00656616687775,43.00656616687786,0.11501133345295987
2024-02-23 21:00:00,247.9999999999999,306.5792316198349,58.579231619835014,0.15665690478761884
2024-02-23 22:00:00,247.9999999999999,300.9411370754242,52.94113707542431,0.1415790962229829
2024-02-23 23:00:00,247.9999999999999,294.40428256988525,46.40428256988537,0.12409775743502262
2024-02-24 00:00:00,248.9999999999999,283.21126610040665,34.21126610040676,0.09149029285560999
2024-02-24 01:00:00,247.9999999999999,280.3905075788498,32.390507578849906,0.08662108603152804
2024-02-24 02:00:00,247.9999999999999,292.7148959040642,44.71489590406429,0.11957987492378475
2024-02-24 03:00:00,247.9999999999999,296.8029820919037,48.8029820919038,0.13051253673895108
2024-02-24 04:00:00,248.9999999999999,294.4679528474808,45.46795284748089,0.12159375538316114
2024-02-24 05:00:00,247.9999999999999,304.05522733926773,56.055227339267844,0.1499070262499415
2024-02-24 06:00:00,247.9999999999999,297.71614015102386,49.71614015102398,0.13295457141861386
2024-02-24 07:00:00,247.9999999999999,312.71252632141113,64.71252632141125,0.17305901416205965
2024-02-24 08:00:00,247.9999999999999,313.50471675395966,65.50471675395977,0.1751775482864198
2024-02-24 09:00:00,247.9999999999999,312.4235612154007,64.42356121540081,0.1722862423477586
2024-02-24 10:00:00,247.9999999999999,316.8152466416359,68.81524664163601,0.18403081165416013
2024-02-24 11:00:00,248.9999999999999,313.85357558727264,64.85357558727276,0.17343621851932794
2024-02-24 12:00:00,247.9999999999999,298.4872055053711,50.48720550537121,0.13501661129965772
2024-02-24 13:00:00,248.9999999999999,313.6070081591606,64.60700815916073,0.17277682970453176
2024-02-24 14:00:00,247.9999999999999,297.8919857740402,49.891985774040336,0.13342483076241968
2024-02-24 15:00:00,248.9999999999999,300.19650757312775,51.19650757312786,0.1369134792411039
2024-02-24 16:00:00,247.9999999999999,302.74724274873734,54.74724274873745,0.1464091173188006
2024-02-24 17:00:00,248.9999999999999,303.854096531868,54.854096531868095,0.14669487359226505
2024-02-24 18:00:00,247.9999999999999,300.6756868958473,52.675686895847434,0.14086920976052972
2024-02-24 19:00:00,248.9999999999999,289.7133645415306,40.71336454153072,0.1088786844108516
2024-02-24 20:00:00,247.9999999999999,298.24913531541824,50.24913531541836,0.13437994642630718
2024-02-24 21:00:00,247.9999999999999,299.61241096258163,51.61241096258175,0.13802571878199377
2024-02-24 22:00:00,247.9999999999999,297.9781973361969,49.97819733619701,0.1336553840850037
2024-02-24 23:00:00,247.9999999999999,289.9690192937851,41.96901929378521,0.11223664902613766
2024-02-25 00:00:00,248.9999999999999,249.80508238077164,0.8050823807717506,0.0021530107238218648
2024-02-25 01:00:00,247.9999999999999,239.08858984708786,8.911410152912026,0.023831550760311782
2024-02-25 02:00:00,247.9999999999999,244.36878249049187,3.6312175095080192,0.009710869875212172
2024-02-25 03:00:00,247.9999999999999,244.3315628170967,3.668437182903176,0.00981040547289859
2024-02-25 04:00:00,248.9999999999999,238.74359607696533,10.256403923034554,0.027428432371075027
2024-02-25 05:00:00,247.9999999999999,246.56314998865128,1.4368500113486107,0.003842530350734606
2024-02-25 06:00:00,247.9999999999999,242.1245674788952,5.875432521104699,0.015712515299246776
2024-02-25 07:00:00,247.9999999999999,264.584818482399,16.5848184823991,0.044352345670532964
2024-02-25 08:00:00,247.9999999999999,271.7899453639984,23.789945363998527,0.0636208277701043
2024-02-25 09:00:00,247.9999999999999,294.75101709365845,46.75101709365856,0.12502502049012432
2024-02-25 10:00:00,247.9999999999999,300.32600194215775,52.32600194215786,0.13993405644798163
2024-02-25 11:00:00,247.9999999999999,291.59311294555664,43.593112945556754,0.11657992014008656
2024-02-25 12:00:00,247.9999999999999,293.02088499069214,45.02088499069225,0.12039817352355156
2024-02-25 13:00:00,247.9999999999999,295.0681883096695,47.06818830966961,0.125873223165613
2024-02-25 14:00:00,247.9999999999999,276.0215699672699,28.02156996727001,0.0749373506100383
2024-02-25 15:00:00,247.9999999999999,266.1865773797035,18.186577379703635,0.048635887535612564
2024-02-25 16:00:00,247.9999999999999,267.1141630411148,19.11416304111492,0.05111650557418829
2024-02-25 17:00:00,248.9999999999999,256.8477585911751,7.847758591175193,0.020987055248394067
2024-02-25 18:00:00,247.9999999999999,254.70320910215378,6.703209102153892,0.01792621652845401
2024-02-25 19:00:00,247.9999999999999,245.14968752861023,2.850312471389657,0.007622515985584545
2024-02-25 20:00:00,247.9999999999999,252.00182497501373,4.001824975013847,0.010701975713098727
2024-02-25 21:00:00,247.9999999999999,252.48168289661407,4.481682896614188,0.011985247184182273
2024-02-25 22:00:00,247.9999999999999,242.92503386735916,5.074966132640725,0.013571849002749475
2024-02-25 23:00:00,247.9999999999999,261.1629983782768,13.162998378276939,0.035201461791914156
2024-02-26 00:00:00,247.9999999999999,258.2092049717903,10.209204971790427,0.0273022094520188
2024-02-26 01:00:00,247.9999999999999,244.02555897831917,3.9744410216807182,0.010628743523952636
2024-02-26 02:00:00,247.9999999999999,248.45688343048096,0.4568834304810707,0.0012218313912413753
2024-02-26 03:00:00,247.9999999999999,250.89054554700851,2.890545547008628,0.007730110245909737
2024-02-26 04:00:00,248.9999999999999,238.40997621417046,10.59002378582943,0.02832062323182744
2024-02-26 05:00:00,296.0,256.6331148147583,39.3668851852417,0.10527782993591443
2024-02-26 06:00:00,336.0,246.2532515823841,89.74674841761589,0.24000737860645283
2024-02-26 07:00:00,399.99999999999994,268.5442954301834,131.45570456981653,0.3515485475847404
2024-02-26 08:00:00,441.99999999999994,277.6200833916664,164.37991660833353,0.4395969054737314
2024-02-26 09:00:00,490.9999999999999,311.8653988838196,179.1346011161803,0.4790549717918027
2024-02-26 10:00:00,484.9999999999999,320.871202647686,164.12879735231388,0.43892534382478543
2024-02-26 11:00:00,455.99999999999994,306.62567138671875,149.3743286132812,0.39946785453160216
2024-02-26 12:00:00,455.99999999999994,332.89007395505905,123.10992604494089,0.329229650672011
2024-02-26 13:00:00,428.99999999999983,326.1974662542343,102.80253374576552,0.27492212334658345
2024-02-26 14:00:00,376.0,318.9447194337845,57.055280566215515,0.15258144240092847
2024-02-26 15:00:00,356.0,316.6979080438614,39.30209195613861,0.10510455510041714
2024-02-26 16:00:00,327.9999999999999,314.6922352910042,13.307764708995705,0.03558860659837119
2024-02-26 17:00:00,275.0,315.3260761499405,40.32607614994049,0.10784296920925177
2024-02-26 18:00:00,250.99999999999986,306.7068377137184,55.706837713718556,0.14897533699951118
2024-02-26 19:00:00,248.9999999999999,289.0062350034714,40.00623500347149,0.10698762640867136
2024-02-26 20:00:00,250.99999999999986,284.93788719177246,33.9378871917726,0.0907592028007117
2024-02-26 21:00:00,247.9999999999999,282.4768450856209,34.476845085620994,0.09220052377960544
2024-02-26 22:00:00,247.9999999999999,265.1777958869934,17.177795886993522,0.04593812961211173
2024-02-26 23:00:00,247.9999999999999,281.78316950798035,33.78316950798046,0.09034544535138081
2024-02-27 00:00:00,247.9999999999999,281.8567532300949,33.85675323009502,0.09054222837209419
2024-02-27 01:00:00,247.9999999999999,280.66802501678467,32.66802501678478,0.08736324364693702
2024-02-27 02:00:00,247.9999999999999,304.1247099637985,56.12470996379864,0.15009284181280438
2024-02-27 03:00:00,247.9999999999999,310.08676171302795,62.08676171302807,0.16603700064505578
2024-02-27 04:00:00,249.99999999999986,317.64900863170624,67.64900863170638,0.18091197189083033
2024-02-27 05:00:00,301.99999999999994,325.5749845504761,23.57498455047613,0.06304596369685066
2024-02-27 06:00:00,351.99999999999983,317.16372191905975,34.836278080940076,0.09316174602455828
2024-02-27 07:00:00,397.0,333.91118824481964,63.08881175518036,0.16871675682664297
2024-02-27 08:00:00,451.99999999999983,333.68309050798416,118.31690949201567,0.3164118120453458
2024-02-27 09:00:00,503.99999999999994,340.51861703395844,163.4813829660415,0.4371939804889429
2024-02-27 10:00:00,498.99999999999994,340.66994458436966,158.33005541563028,0.42341792014674207
2024-02-27 11:00:00,467.9999999999999,334.88052248954773,133.11947751045216,0.35599793198160096
2024-02-27 12:00:00,469.99999999999983,329.1617926955223,140.83820730447752,0.37663992889735687
2024-02-27 13:00:00,446.9999999999999,333.1565272808075,113.84347271919239,0.30444861725403144
2024-02-27 14:00:00,395.0,321.0728645324707,73.9271354675293,0.19770140204837933
2024-02-27 15:00:00,380.0,317.47286796569824,62.52713203430176,0.16721467146086255
2024-02-27 16:00:00,342.99999999999994,318.9018791913986,24.098120808601323,0.06444497328973715
2024-02-27 17:00:00,328.9999999999999,324.2905443906784,4.7094556093214806,0.01259437378385112
2024-02-27 18:00:00,288.9999999999999,316.5294975042343,27.529497504234428,0.07362141411072319
2024-02-27 19:00:00,271.99999999999983,300.3892296552658,28.38922965526598,0.07592057328373973
2024-02-27 20:00:00,271.99999999999983,301.3613963127136,29.361396312713794,0.07852041311233066
2024-02-27 21:00:00,271.99999999999983,298.3858287334442,26.385828733444384,0.07056293067248082
2024-02-27 22:00:00,271.99999999999983,294.7184443473816,22.718444347381762,0.0607553406665976
2024-02-27 23:00:00,271.99999999999983,287.4533647298813,15.453364729881457,0.041326528535715286
2024-02-28 00:00:00,271.99999999999983,301.3011485338211,29.301148533821276,0.07835929405527504
2024-02-28 01:00:00,271.99999999999983,296.5760350227356,24.576035022735766,0.0657230467548551
2024-02-28 02:00:00,271.99999999999983,319.2941093444824,47.29410934448259,0.12647739787158907
2024-02-28 03:00:00,271.99999999999983,322.66075640916824,50.660756409168414,0.13548073393596008
2024-02-28 04:00:00,271.99999999999983,324.27812308073044,52.27812308073061,0.13980601526293118
2024-02-28 05:00:00,324.9999999999999,341.9298666715622,16.92986667156231,0.045275099005156395
2024-02-28 06:00:00,382.99999999999994,326.77462935447693,56.225370645523014,0.1503620360373905
2024-02-28 07:00:00,435.0,338.539557158947,96.46044284105301,0.2579616357549784
2024-02-28 08:00:00,468.9999999999999,338.38997036218643,130.61002963781345,0.3492869812643788
2024-02-28 09:00:00,516.0,342.0384129881859,173.96158701181412,0.4652209156663839
2024-02-28 10:00:00,507.9999999999999,346.2379664182663,161.7620335817336,0.43259596946445256
2024-02-28 11:00:00,476.0,337.11842358112335,138.88157641887665,0.37140736216894144
2024-02-28 12:00:00,479.99999999999994,335.37424743175507,144.62575256824488,0.3867688619911787
2024-02-28 13:00:00,451.99999999999983,342.824584543705,109.17541545629484,0.29196495398369793
2024-02-28 14:00:00,429.99999999999983,335.848263502121,94.15173649787886,0.25178752285209177
2024-02-28 15:00:00,409.99999999999983,338.4395080804825,71.56049191951735,0.1913723491961121
2024-02-28 16:00:00,354.99999999999983,340.8110636472702,14.188936352729627,0.037945100845168944
2024-02-28 17:00:00,304.99999999999994,355.31461000442505,50.314610004425106,0.13455504367217574
2024-02-28 18:00:00,299.99999999999994,347.08769023418427,47.08769023418432,0.1259253766515396
2024-02-28 19:00:00,299.99999999999994,330.5978259444237,30.597825944423732,0.08182696449129735
2024-02-28 20:00:00,299.99999999999994,337.1566906571388,37.15669065713888,0.09936716459980782
2024-02-28 21:00:00,298.0,337.84001022577286,39.84001022577286,0.10654309583950528
2024-02-28 22:00:00,298.0,340.3518882393837,42.3518882393837,0.11326054541907787
2024-02-28 23:00:00,296.0,334.5245826244354,38.524582624435425,0.10302528225951377
2024-02-29 00:00:00,299.0,305.98171055316925,6.9817105531692505,0.01867100566427043
2024-02-29 01:00:00,278.0,304.693198800087,26.693198800086975,0.07138492239092951
2024-02-29 02:00:00,267.9999999999999,313.63193929195404,45.631939291954154,0.12203230003641005
2024-02-29 03:00:00,268.9999999999999,320.0289434194565,51.028943419456596,0.13646536681385574
2024-02-29 04:00:00,270.9999999999999,313.3984127640724,42.39841276407253,0.11338496473686217
2024-02-29 05:00:00,269.9999999999999,320.9376758337021,50.9376758337022,0.136221292299794
2024-02-29 06:00:00,341.99999999999994,315.0875633955002,26.91243660449976,0.07197122430889648
2024-02-29 07:00:00,423.99999999999994,323.22954028844833,100.77045971155161,0.2694878009818727
2024-02-29 08:00:00,462.9999999999999,320.29634088277817,142.70365911722172,0.38162865781943456
2024-02-29 09:00:00,508.9999999999999,316.5656107664108,192.43438923358906,0.5146222468002193
2024-02-29 10:00:00,495.0,316.5019404888153,178.4980595111847,0.47735268525014396
2024-02-29 11:00:00,473.0,316.50630712509155,156.49369287490845,0.41850698390291463
2024-02-29 12:00:00,472.0,300.9528797864914,171.0471202135086,0.457426833444687
2024-02-29 13:00:00,438.99999999999994,319.35459315776825,119.6454068422317,0.3199645777124347
2024-02-29 14:00:00,390.99999999999983,309.3872147798538,81.61278522014601,0.2182549338758433
2024-02-29 15:00:00,377.0,318.892585337162,58.10741466283798,0.15539513705756142
2024-02-29 16:00:00,354.0,325.21815955638885,28.781840443611145,0.0769705220315747
2024-02-29 17:00:00,300.99999999999994,325.90442955493927,24.904429554939327,0.06660126365087134
2024-02-29 18:00:00,276.0,326.0288491845131,50.02884918451309,0.13379084099625962
2024-02-29 19:00:00,276.0,319.1899001598358,43.189900159835815,0.11550161874836179
2024-02-29 20:00:00,276.0,326.92687153816223,50.92687153816223,0.13619239865522234
2024-02-29 21:00:00,276.0,326.66983008384705,50.669830083847046,0.1355049994264914
2024-02-29 22:00:00,276.0,325.2444478869438,49.24444788694382,0.131693137151558
2024-02-29 23:00:00,272.99999999999983,313.22371780872345,40.22371780872362,0.10756923497835072
2024-03-01 00:00:00,276.0,278.92092794179916,2.920927941799164,0.00781136108850886
2024-03-01 01:00:00,272.99999999999983,278.3604347705841,5.360434770584277,0.0143352703040803
2024-03-01 02:00:00,276.0,301.6971552371979,25.697155237197876,0.0687212291795115
2024-03-01 03:00:00,276.0,307.93731451034546,31.93731451034546,0.08540912367866114
2024-03-01 04:00:00,276.0,316.1710202693939,40.17102026939392,0.10742830732919871
2024-03-01 05:00:00,315.0,323.1988263130188,8.198826313018799,0.021925906461598404
2024-03-01 06:00:00,358.99999999999994,315.68832993507385,43.31167006492609,0.11582726481609316
2024-03-01 07:00:00,401.99999999999994,332.8425720334053,69.15742796659464,0.18494589820893145
2024-03-01 08:00:00,464.99999999999994,332.5292068719864,132.47079312801355,0.3542631723282754
2024-03-01 09:00:00,515.0,338.3688747882843,176.6311252117157,0.4723599917526481
2024-03-01 10:00:00,509.9999999999999,337.6088735461235,172.39112645387638,0.4610210741304929
2024-03-01 11:00:00,475.0,332.298601269722,142.70139873027802,0.3816226129258361
2024-03-01 12:00:00,455.99999999999994,323.7394630908966,132.26053690910334,0.3537008896291683
2024-03-01 13:00:00,455.99999999999994,328.5320234298706,127.46797657012934,0.34088427104352353
2024-03-01 14:00:00,425.9999999999999,314.70554172992706,111.29445827007282,0.2976318546776719
2024-03-01 15:00:00,377.0,310.23950546979904,66.76049453020096,0.17853584190153118
2024-03-01 16:00:00,322.99999999999994,312.03658282756805,10.963417172431889,0.029319179385532627
2024-03-01 17:00:00,266.9999999999999,315.9859102964401,48.98591029644024,0.1310017368450059
2024-03-01 18:00:00,247.9999999999999,308.8523903489113,60.8523903489114,0.1627359536372027
2024-03-01 19:00:00,247.9999999999999,293.3398559689522,45.33985596895229,0.12125118925608257
2024-03-01 20:00:00,247.9999999999999,295.3309831023216,47.33098310232174,0.12657600839636443
2024-03-01 21:00:00,247.9999999999999,292.77983486652374,44.779834866523856,0.11975353949018015
2024-03-01 22:00:00,247.9999999999999,289.19470846652985,41.19470846652996,0.11016592986190275
2024-03-01 23:00:00,251.99999999999986,282.0393553376198,30.039355337619924,0.0803334611752326
2024-03-02 00:00:00,249.99999999999986,243.82969468832016,6.170305311679698,0.01650108587964213
2024-03-02 01:00:00,247.9999999999999,237.75182381272316,10.248176187276727,0.027406429152842388
2024-03-02 02:00:00,247.9999999999999,247.44509249925613,0.5549075007437523,0.0014839745948547894
2024-03-02 03:00:00,247.9999999999999,248.82887363433838,0.8288736343384926,0.0022166350500843006
2024-03-02 04:00:00,247.9999999999999,248.7181144952774,0.7181144952775185,0.0019204347855462025
2024-03-02 05:00:00,247.9999999999999,256.6331148147583,8.633114814758414,0.023087312826722935
2024-03-02 06:00:00,247.9999999999999,253.52855443954468,5.528554439544791,0.01478486833131621
2024-03-02 07:00:00,247.9999999999999,277.3967358469963,29.39673584699642,0.07861492070323388
2024-03-02 08:00:00,290.99999999999983,284.0724965929985,6.927503407001325,0.018526040913091246
2024-03-02 09:00:00,339.0,294.00983959436417,44.990160405635834,0.12031600757048719
2024-03-02 10:00:00,400.99999999999994,300.3108662366867,100.68913376331324,0.26927031312862426
2024-03-02 11:00:00,387.9999999999999,293.2882824540138,94.71171754598606,0.25328506550177204
2024-03-02 12:00:00,324.9999999999999,279.3826702237129,45.617329776286965,0.12199323019132023
2024-03-02 13:00:00,306.9999999999999,287.522109746933,19.477890253066903,0.052089211730206454
2024-03-02 14:00:00,291.99999999999983,262.3461502790451,29.653849720954724,0.07930251360191955
2024-03-02 15:00:00,251.99999999999986,251.7736977338791,0.22630226612076854,0.0006051942228770987
2024-03-02 16:00:00,251.99999999999986,251.2777304649353,0.7222695350645552,0.0019315464996180233
2024-03-02 17:00:00,251.99999999999986,243.97217094898224,8.02782905101762,0.02146861296266504
2024-03-02 18:00:00,253.99999999999983,240.8063891530037,13.193610846996137,0.0352833279151945
2024-03-02 19:00:00,251.99999999999986,230.70644795894623,21.29355204105363,0.05694478849319773
2024-03-02 20:00:00,256.0,242.26744204759598,13.732557952404022,0.03672462004284436
2024-03-02 21:00:00,261.99999999999994,245.76752230525017,16.232477694749775,0.0434100899307891
2024-03-02 22:00:00,259.99999999999994,240.9763929247856,19.02360707521433,0.0508743341264625
2024-03-02 23:00:00,256.0,249.84370350837708,6.156296491622925,0.016463622459089552
2024-03-03 00:00:00,256.0,252.71975308656693,3.280246913433075,0.008772278402907004
2024-03-03 01:00:00,256.0,256.8881204724312,0.8881204724311829,0.0023750773173760306
2024-03-03 02:00:00,256.0,259.25106078386307,3.2510607838630676,0.00869422670105403
2024-03-03 03:00:00,256.0,273.53807508945465,17.53807508945465,0.04690161484666031
2024-03-03 04:00:00,256.0,271.12338423728943,15.123384237289429,0.040444070347372345
2024-03-03 05:00:00,256.0,284.7811308503151,28.781130850315094,0.07696862438480906
2024-03-03 06:00:00,256.0,273.9968079328537,17.9968079328537,0.04812839207442759
2024-03-03 07:00:00,256.0,302.2181421518326,46.21814215183258,0.12359996699049673
2024-03-03 08:00:00,256.0,309.02065336704254,53.02065336704254,0.14179174455893145
2024-03-03 09:00:00,256.0,300.3484547138214,44.34845471382141,0.11859991084670896
2024-03-03 10:00:00,256.0,309.02097791433334,53.02097791433334,0.14179261248725056
2024-03-03 11:00:00,256.0,300.1693046092987,44.169304609298706,0.11812081441456317
2024-03-03 12:00:00,256.0,283.6363345384598,27.636334538459778,0.0739071255930289
2024-03-03 13:00:00,256.0,290.68892419338226,34.68892419338226,0.09276768138262102
2024-03-03 14:00:00,256.0,274.0373173356056,18.03731733560562,0.04823672530916675
2024-03-03 15:00:00,256.0,253.2693886756897,2.7306113243103027,0.007302402343215947
2024-03-03 16:00:00,256.0,247.58532643318176,8.414673566818237,0.022503141118866907
2024-03-03 17:00:00,256.0,264.29511576890945,8.295115768909454,0.0221834108314305
2024-03-03 18:00:00,256.0,246.96899637579918,9.031003624200821,0.02415137644813398
2024-03-03 19:00:00,256.0,241.8732351064682,14.1267648935318,0.03777883734025873
2024-03-03 20:00:00,256.0,267.1106815338135,11.110681533813477,0.029713004609961714
2024-03-03 21:00:00,256.0,269.9471068382263,13.947106838226318,0.03729838250863902
2024-03-03 22:00:00,248.9999999999999,285.7826542854309,36.78265428543102,0.09836688892787661
2024-03-03 23:00:00,247.9999999999999,284.88929361104965,36.889293611049766,0.09865207168323413
2024-03-04 00:00:00,247.9999999999999,215.26835292577744,32.73164707422245,0.08753338644872535
2024-03-04 01:00:00,247.9999999999999,234.36709061264992,13.632909387349969,0.03645813249535987
2024-03-04 02:00:00,249.99999999999986,214.67428386211395,35.325716137885905,0.09447063740066909
2024-03-04 03:00:00,256.0,265.4089620709419,9.408962070941925,0.025162140822597864
2024-03-04 04:00:00,247.9999999999999,234.7229567170143,13.277043282985574,0.03550644909346155
2024-03-04 05:00:00,246.99999999999991,346.0982635617256,99.0982635617257,0.265015890617299
2024-03-04 06:00:00,246.99999999999991,274.727540910244,27.727540910244073,0.07415103640417375
2024-03-04 07:00:00,247.9999999999999,393.5147112607956,145.5147112607957,0.38914618093866565
2024-03-04 08:00:00,247.9999999999999,366.0995525121689,118.099552512169,0.31583053996725263
2024-03-04 09:00:00,287.9999999999999,384.338136613369,96.3381366133691,0.25763455541378244
2024-03-04 10:00:00,347.9999999999999,428.7276202440262,80.7276202440263,0.21588776036484136
2024-03-04 11:00:00,396.0,405.55984139442444,9.559841394424438,0.025565633445488758
2024-03-04 12:00:00,407.9999999999999,439.0393137931824,31.039313793182487,0.08300762388158665
2024-03-04 13:00:00,377.99999999999994,380.8925360441208,2.8925360441208454,0.007735433380200954
2024-03-04 14:00:00,363.99999999999994,402.46690571308136,38.46690571308142,0.10287103840617907
2024-03-04 15:00:00,326.9999999999999,412.7681252360344,85.7681252360345,0.22936745084181884
2024-03-04 16:00:00,311.9999999999999,396.21942937374115,84.21942937374126,0.2252258140614193
2024-03-04 17:00:00,270.9999999999999,410.6764769554138,139.67647695541393,0.37353314385341446
2024-03-04 18:00:00,250.99999999999986,443.29108983278275,192.2910898327829,0.514239024966005
2024-03-04 19:00:00,247.9999999999999,377.47664630413055,129.47664630413067,0.3462560039011916
2024-03-04 20:00:00,250.99999999999986,417.8040075302124,166.80400753021254,0.4460795883332442
2024-03-04 21:00:00,256.0,433.2692760229111,177.26927602291107,0.4740665817522978
2024-03-04 22:00:00,256.0,381.13435328006744,125.13435328006744,0.3346435234022108
2024-03-04 23:00:00,257.0,354.1152012348175,97.1152012348175,0.25971263897769953
2024-03-05 00:00:00,259.99999999999994,287.7628058195114,27.76280581951147,0.07424534442735335
2024-03-05 01:00:00,259.99999999999994,272.8822535276413,12.882253527641353,0.034450673191253486
2024-03-05 02:00:00,259.99999999999994,297.2856134176254,37.285613417625484,0.09971193936137482
2024-03-05 03:00:00,259.99999999999994,309.82305228710175,49.8230522871018,0.13324048374383654
2024-03-05 04:00:00,259.99999999999994,303.29032838344574,43.2903283834458,0.11577019131630123
2024-03-05 05:00:00,275.0,354.1704922914505,79.1704922914505,0.21172357386625626
2024-03-05 06:00:00,283.9999999999999,323.1077465415001,39.107746541500205,0.10458482224843124
2024-03-05 07:00:00,310.9999999999999,371.80161237716675,60.80161237716686,0.16260015943736553
2024-03-05 08:00:00,354.0,382.91234135627747,28.912341356277466,0.07731951720418026
2024-03-05 09:00:00,400.99999999999994,410.0725829601288,9.072582960128841,0.024262570977141813
2024-03-05 10:00:00,459.0,416.31480753421783,42.685192465782166,0.11415189218168266
2024-03-05 11:00:00,490.9999999999999,389.43993151187897,101.56006848812092,0.2715994310512675
2024-03-05 12:00:00,491.99999999999983,411.8220403790474,80.17795962095244,0.21441781735751061
2024-03-05 13:00:00,463.9999999999999,378.20575654506683,85.79424345493305,0.22943729811051922
2024-03-05 14:00:00,466.9999999999999,359.4699954986572,107.53000450134266,0.28756467456420537
2024-03-05 15:00:00,435.0,391.2331438064575,43.76685619354248,0.11704455715741431
2024-03-05 16:00:00,430.9999999999999,361.3264060020447,69.67359399795521,0.1863262675069486
2024-03-05 17:00:00,413.99999999999983,396.9090038537979,17.090996146201917,0.04570600333881018
2024-03-05 18:00:00,388.9999999999999,403.1244385242462,14.12443852424633,0.03777261599181189
2024-03-05 19:00:00,337.0,397.9566425085068,60.956642508506775,0.16301475245698965
2024-03-05 20:00:00,321.99999999999994,399.3633484840393,77.36334848403936,0.20689077651561155
2024-03-05 21:00:00,320.0,410.944139957428,90.94413995742798,0.24320953143876017
2024-03-05 22:00:00,320.0,399.08580154180527,79.08580154180527,0.21149708761273783
2024-03-05 23:00:00,313.99999999999983,381.64654791355133,67.6465479135515,0.18090539125672098
2024-03-06 00:00:00,311.9999999999999,273.19452702999115,38.805472970008736,0.10377645995347552
2024-03-06 01:00:00,311.9999999999999,267.9247346520424,44.0752653479575,0.11786932768107655
2024-03-06 02:00:00,311.9999999999999,300.8239459991455,11.176054000854379,0.029887828486304446
2024-03-06 03:00:00,311.9999999999999,319.8306155204773,7.830615520477409,0.020941209983445917
2024-03-06 04:00:00,311.9999999999999,321.7650353908539,9.765035390853996,0.026114378375607844
2024-03-06 05:00:00,311.9999999999999,373.7897005677223,61.789700567722434,0.16524257780492263
2024-03-06 06:00:00,315.0,346.80379986763,31.803799867630005,0.08505206896672216
2024-03-06 07:00:00,357.0,383.0923765897751,26.092376589775085,0.06977815929089516
2024-03-06 08:00:00,391.99999999999983,385.0492197275162,6.950780272483655,0.01858828962477262
2024-03-06 09:00:00,416.0,389.7691994905472,26.23080050945282,0.07014834275362843
2024-03-06 10:00:00,457.0,392.6101094484329,64.38989055156708,0.17219619777338507
2024-03-06 11:00:00,512.0,355.0352042913437,156.9647957086563,0.4197668418718714
2024-03-06 12:00:00,490.9999999999999,365.7929438352585,125.2070561647414,0.33483795082242807
2024-03-06 13:00:00,473.99999999999983,347.07996010780334,126.92003989219648,0.339418938337529
2024-03-06 14:00:00,472.0,331.8003621697426,140.19963783025742,0.37493221927814596
2024-03-06 15:00:00,435.0,355.3971630334854,79.60283696651459,0.212879781906616
2024-03-06 16:00:00,436.0,334.36154186725616,101.63845813274384,0.27180906642466607
2024-03-06 17:00:00,413.0,363.5414117574692,49.45858824253082,0.13226580709564484
2024-03-06 18:00:00,403.9999999999999,356.63179993629456,47.36820006370533,0.12667553674138934
2024-03-06 19:00:00,349.9999999999999,338.2661998271942,11.733800172805672,0.03137939446521783
2024-03-06 20:00:00,303.99999999999994,335.50790190696716,31.50790190696722,0.08426075680081274
2024-03-06 21:00:00,296.0,334.85848277807236,38.85848277807236,0.10391822269472357
2024-03-06 22:00:00,288.9999999999999,321.95752143859863,32.95752143859875,0.088137436345175
2024-03-06 23:00:00,268.9999999999999,311.23589515686035,42.235895156860465,0.11295034815662844
2024-03-07 00:00:00,259.99999999999994,257.11126148700714,2.888738512992802,0.007725277742171853
2024-03-07 01:00:00,259.99999999999994,248.72380882501602,11.276191174983921,0.03015562270824165
2024-03-07 02:00:00,259.99999999999994,260.70836663246155,0.7083666324616047,0.0018943663313379655
2024-03-07 03:00:00,259.99999999999994,259.99681144952774,0.003188550472202678,8.527057011878554e-06
2024-03-07 04:00:00,259.99999999999994,257.4239480495453,2.576051950454655,0.006889068258001697
2024-03-07 05:00:00,259.99999999999994,270.7816654443741,10.781665444374141,0.028833125499709945
2024-03-07 06:00:00,259.99999999999994,263.0887144804001,3.0887144804001423,0.008260068233949763
2024-03-07 07:00:00,259.99999999999994,287.7093440294266,27.70934402942663,0.07410237296242447
2024-03-07 08:00:00,259.99999999999994,295.3357923030853,35.335792303085384,0.09449758382534265
2024-03-07 09:00:00,269.9999999999999,303.912456035614,33.91245603561413,0.09069119292590126
2024-03-07 10:00:00,271.99999999999983,320.7554277777672,48.75542777776735,0.1303853634822197
2024-03-07 11:00:00,278.0,313.49551141262054,35.495511412620544,0.09492471645653852
2024-03-07 12:00:00,287.9999999999999,310.987468957901,22.987468957901115,0.06147478613609718
2024-03-07 13:00:00,281.99999999999994,319.00378704071045,37.003787040710506,0.09895825846331299
2024-03-07 14:00:00,278.0,301.5832096338272,23.58320963382721,0.06306795982182141
2024-03-07 15:00:00,278.0,298.04151356220245,20.041513562202454,0.0535964947831551
2024-03-07 16:00:00,279.0,292.5314971804619,13.531497180461884,0.03618692848671272
2024-03-07 17:00:00,276.0,295.44652193784714,19.446521937847137,0.05200532426642711
2024-03-07 18:00:00,279.0,286.08946949243546,7.089469492435455,0.018959182573079946
2024-03-07 19:00:00,277.0,268.1713020801544,8.828697919845581,0.02361035560185781
2024-03-07 20:00:00,277.0,271.50794327259064,5.492056727409363,0.014687263455716753
2024-03-07 21:00:00,280.0,272.36088305711746,7.639116942882538,0.020429090353199928
2024-03-07 22:00:00,280.0,266.73910439014435,13.260895609855652,0.03546326579415725
2024-03-07 23:00:00,277.0,264.05651450157166,12.943485498428345,0.034614424246914105
2024-03-08 00:00:00,268.9999999999999,191.88713997602463,77.11286002397526,0.20622090178776734
2024-03-08 01:00:00,267.9999999999999,188.0671003460884,79.93289965391148,0.2137624599063727
2024-03-08 02:00:00,270.9999999999999,217.39192485809326,53.608075141906625,0.1433626712254379
2024-03-08 03:00:00,271.99999999999983,239.75280538201332,32.24719461798651,0.08623782793400792
2024-03-08 04:00:00,271.99999999999983,220.91987192630768,51.08012807369215,0.13660224859402664
2024-03-08 05:00:00,267.9999999999999,266.16500973701477,1.8349902629851158,0.004907266397419444
2024-03-08 06:00:00,271.99999999999983,241.31828874349594,30.68171125650389,0.08205129678423188
2024-03-08 07:00:00,271.99999999999983,310.77663123607635,38.776631236076526,0.10369932925985614
2024-03-08 08:00:00,261.99999999999994,296.76279723644257,34.76279723644262,0.09296523812676172
2024-03-08 09:00:00,259.99999999999994,316.10773354768753,56.10773354768759,0.15004744222785246
2024-03-08 10:00:00,259.99999999999994,311.50724619627,51.507246196270046,0.13774447940196874
2024-03-08 11:00:00,311.9999999999999,297.9851898550987,14.014810144901162,0.03747943968836442
2024-03-08 12:00:00,372.99999999999983,281.5058881044388,91.49411189556105,0.24468030698779966
2024-03-08 13:00:00,385.9999999999999,280.7625272870064,105.23747271299351,0.28143381684963614
2024-03-08 14:00:00,371.0,259.4677993655205,111.53220063447952,0.2982676428557509
2024-03-08 15:00:00,394.0,262.0284479856491,131.9715520143509,0.3529280648943528
2024-03-08 16:00:00,424.99999999999994,258.8995760679245,166.10042393207544,0.44419801314532087
2024-03-08 17:00:00,413.99999999999983,244.0838447213173,169.91615527868254,0.45440232354221854
2024-03-08 18:00:00,377.0,255.82440197467804,121.17559802532196,0.3240567279139245
2024-03-08 19:00:00,287.9999999999999,250.327810049057,37.67218995094288,0.10074575085904092
2024-03-08 20:00:00,263.99999999999994,276.55843019485474,12.558430194854793,0.03358468093410724
2024-03-08 21:00:00,263.99999999999994,281.22362047433853,17.22362047433859,0.046060677105790655
2024-03-08 22:00:00,261.0,282.1748095750809,21.17480957508087,0.0566272386266023
2024-03-08 23:00:00,259.99999999999994,286.75603061914444,26.756030619144497,0.07155295187891608
2024-03-09 00:00:00,259.99999999999994,202.76418015360832,57.23581984639162,0.15306425386913824
2024-03-09 01:00:00,259.99999999999994,196.47755160927773,63.52244839072222,0.1698764199230688
2024-03-09 02:00:00,259.99999999999994,219.32734787464142,40.672652125358525,0.10876980826264002
2024-03-09 03:00:00,259.99999999999994,236.58205211162567,23.41794788837427,0.0626260046645658
2024-03-09 04:00:00,259.99999999999994,222.6701259613037,37.32987403869623,0.09983030438101044
2024-03-09 05:00:00,267.9999999999999,258.2398009300232,9.760199069976693,0.026101444729360743
2024-03-09 06:00:00,271.99999999999983,238.53709548711777,33.46290451288206,0.08948896906351246
2024-03-09 07:00:00,272.99999999999983,295.8459806442261,22.845980644226245,0.061096407644761354
2024-03-09 08:00:00,275.0,287.86028802394867,12.86028802394867,0.03439193142005839
2024-03-09 09:00:00,275.0,310.6865546107292,35.68655461072922,0.09543561827735209
2024-03-09 10:00:00,276.0,307.3258379101753,31.325837910175323,0.08377386782289341
2024-03-09 11:00:00,274.0,290.9413629770279,16.941362977027893,0.045305843273746656
2024-03-09 12:00:00,274.0,282.8822636604309,8.882263660430908,0.023753605058887434
2024-03-09 13:00:00,272.99999999999983,277.94076561927795,4.940765619278125,0.013212960084903445
2024-03-09 14:00:00,271.99999999999983,259.05234932899475,12.947650671005078,0.03462556305884001
2024-03-09 15:00:00,271.99999999999983,257.6297700405121,14.370229959487745,0.038429929589199344
2024-03-09 16:00:00,271.99999999999983,256.1012703180313,15.898729681968518,0.04251755636188467
2024-03-09 17:00:00,271.99999999999983,240.98745703697205,31.012542963027784,0.08293603135169743
2024-03-09 18:00:00,276.0,251.80686056613922,24.19313943386078,0.0646990791104984
2024-03-09 19:00:00,276.0,245.92028081417084,30.079719185829163,0.0804414051572707
2024-03-09 20:00:00,271.99999999999983,268.1488788127899,3.8511211872099125,0.010298952520675348
2024-03-09 21:00:00,271.99999999999983,270.89127391576767,1.1087260842321598,0.0029650371268150157
2024-03-09 22:00:00,271.99999999999983,267.2914543747902,4.708545625209638,0.012591940237175529
2024-03-09 23:00:00,271.99999999999983,280.7003617286682,8.700361728668383,0.023267149487231267
2024-03-10 00:00:00,271.99999999999983,239.26260620355606,32.73739379644377,0.08754875475744112
2024-03-10 01:00:00,271.99999999999983,236.06857404112816,35.93142595887167,0.09609047130991011
2024-03-10 02:00:00,275.0,239.26617622375488,35.73382377624512,0.09556202896859622
2024-03-10 03:00:00,276.0,245.1749874651432,30.825012534856796,0.0824345236395202
2024-03-10 04:00:00,274.0,242.78659969568253,31.213400304317474,0.08347317887856358
2024-03-10 05:00:00,271.99999999999983,248.86593103408813,23.134068965911695,0.061866834697707214
2024-03-10 06:00:00,271.99999999999983,245.79835429787636,26.20164570212347,0.07007037481602324
2024-03-10 07:00:00,275.0,272.353595495224,2.646404504776001,0.0070772102513178585
2024-03-10 08:00:00,272.99999999999983,278.786181807518,5.786181807518176,0.015473834453596751
2024-03-10 09:00:00,271.99999999999983,286.1770087480545,14.177008748054675,0.037913203164399854
2024-03-10 10:00:00,271.99999999999983,289.060198366642,17.06019836664217,0.0456236416436027
2024-03-10 11:00:00,271.99999999999983,283.0889117717743,11.088911771774463,0.029654786305544075
2024-03-10 12:00:00,308.9999999999999,266.0295554995537,42.970444500446206,0.11491473422653646
2024-03-10 13:00:00,291.99999999999983,274.38346177339554,17.61653822660429,0.047111446759198185
2024-03-10 14:00:00,271.99999999999983,248.6014249920845,23.398575007915326,0.06257419627777755
2024-03-10 15:00:00,271.99999999999983,231.83658063411713,40.1634193658827,0.1074079804320249
2024-03-10 16:00:00,271.99999999999983,232.5946493446827,39.405350655317136,0.10538069713503247
2024-03-10 17:00:00,274.0,224.85429972410202,49.14570027589798,0.1314290590017795
2024-03-10 18:00:00,275.0,220.12304931879044,54.876950681209564,0.1467559918452429
2024-03-10 19:00:00,272.99999999999983,213.95125150680542,59.04874849319441,0.15791252146424897
2024-03-10 20:00:00,272.99999999999983,231.12604334950447,41.87395665049536,0.11198242548911068
2024-03-10 21:00:00,271.99999999999983,233.8899913430214,38.11000865697844,0.10191659795704941
2024-03-10 22:00:00,276.0,232.90922418236732,43.090775817632675,0.11523653311631682
2024-03-10 23:00:00,275.0,243.79123583436012,31.208764165639877,0.08346078057432989
2024-03-11 00:00:00,271.99999999999983,242.64314979314804,29.35685020685179,0.07850825558049752
2024-03-11 01:00:00,270.9999999999999,232.3522862792015,38.64771372079838,0.10335456852541273
2024-03-11 02:00:00,271.99999999999983,244.03386443853378,27.966135561466047,0.07478910383055938
2024-03-11 03:00:00,276.0,258.7712323665619,17.22876763343811,0.046074442018553825
2024-03-11 04:00:00,276.0,252.06729501485825,23.932704985141754,0.0640026060857041
2024-03-11 05:00:00,275.0,301.54703736305237,26.547037363052368,0.07099404668819329
2024-03-11 06:00:00,276.0,274.5025706291199,1.497429370880127,0.004004536145208194
2024-03-11 07:00:00,276.0,332.80648827552795,56.806488275527954,0.15191610369442113
2024-03-11 08:00:00,275.0,342.8652709722519,67.86527097225189,0.18149031660371173
2024-03-11 09:00:00,274.0,363.12914818525314,89.12914818525314,0.2383557464815053
2024-03-11 10:00:00,269.9999999999999,388.0198895931244,118.0198895931245,0.3156174995094186
2024-03-11 11:00:00,276.0,354.2613950371742,78.26139503717422,0.20929239889062512
2024-03-11 12:00:00,276.0,377.38506495952606,101.38506495952606,0.27113142369851656
2024-03-11 13:00:00,276.0,339.4324457645416,63.432445764541626,0.1696357282572629
2024-03-11 14:00:00,276.0,331.7729526758194,55.7729526758194,0.14915214651094494
2024-03-11 15:00:00,275.0,354.2372605204582,79.23726052045822,0.21190213039226843
2024-03-11 16:00:00,276.0,320.8986121416092,44.89861214160919,0.12007118244587361
2024-03-11 17:00:00,276.0,345.04572719335556,69.04572719335556,0.18464717975677455
2024-03-11 18:00:00,293.0,355.3396001458168,62.3396001458168,0.16671315984340593
2024-03-11 19:00:00,316.0,350.0324258208275,34.032425820827484,0.09101202498019532
2024-03-11 20:00:00,310.9999999999999,365.7871609926224,54.78716099262249,0.14651586963286597
2024-03-11 21:00:00,308.9999999999999,371.9051134586334,62.90511345863354,0.16822549728369535
2024-03-11 22:00:00,299.99999999999994,361.3246947526932,61.32469475269323,0.1639990249334293
2024-03-11 23:00:00,296.0,355.63933432102203,59.639334321022034,0.15949190967472154
2024-03-12 00:00:00,299.0,234.30620849132538,64.69379150867462,0.17300891214306865
2024-03-12 01:00:00,299.99999999999994,232.17554077506065,67.82445922493929,0.18138117481683308
2024-03-12 02:00:00,299.0,259.920129776001,39.07987022399902,0.10451027334268674
2024-03-12 03:00:00,343.9999999999999,283.8012635707855,60.198736429214364,0.1609879040805513
2024-03-12 04:00:00,386.9999999999999,285.23717880249023,101.76282119750965,0.27214164731139656
2024-03-12 05:00:00,458.0,334.0934067964554,123.90659320354462,0.33136015678760417
2024-03-12 06:00:00,512.0,312.12539076805115,199.87460923194885,0.5345194322642793
2024-03-12 07:00:00,559.0,346.06545478105545,212.93454521894455,0.5694452770026461
2024-03-12 08:00:00,561.0,348.7935698032379,212.20643019676208,0.5674980980699362
2024-03-12 09:00:00,543.9999999999999,351.63896441459656,192.36103558540333,0.5144260790601877
2024-03-12 10:00:00,540.0,350.71769267320633,189.28230732679367,0.5061927167176086
2024-03-12 11:00:00,539.0,314.63697373867035,224.36302626132965,0.6000081645144347
2024-03-12 12:00:00,535.9999999999999,321.39115691185,214.6088430881499,0.573922807940307
2024-03-12 13:00:00,535.9999999999999,303.79588454961777,232.20411545038212,0.62097738395542
2024-03-12 14:00:00,535.9999999999999,290.3831121325493,245.6168878674506,0.6568468099170816
2024-03-12 15:00:00,540.0,319.074125289917,220.925874710083,0.5908162801483391
2024-03-12 16:00:00,515.0,299.5867422223091,215.4132577776909,0.576074033074959
2024-03-12 17:00:00,503.99999999999994,330.9088307619095,173.09116923809046,0.4628931802124845
2024-03-12 18:00:00,492.99999999999983,331.2430554628372,161.7569445371626,0.4325823599658509
2024-03-12 19:00:00,438.99999999999994,328.33319395780563,110.66680604219431,0.2959533407644029
2024-03-12 20:00:00,440.0,329.78908360004425,110.21091639995575,0.2947341670350287
2024-03-12 21:00:00,405.99999999999994,330.4108276963234,75.58917230367655,0.2021461436264794
2024-03-12 22:00:00,343.9999999999999,320.58250308036804,23.417496919631844,0.0626247986506699
2024-03-12 23:00:00,310.9999999999999,312.5833860039711,1.5833860039712135,0.004234407717669296
2024-03-13 00:00:00,301.99999999999994,264.86829578876495,37.13170421123499,0.09930034400198315
2024-03-13 01:00:00,299.99999999999994,263.12642097473145,36.8735790252685,0.09861004657808271
2024-03-13 02:00:00,299.99999999999994,286.9016048312187,13.098395168781224,0.03502869512087578
2024-03-13 03:00:00,345.99999999999994,313.5503304004669,32.449669599533024,0.08677930147384293
2024-03-13 04:00:00,389.9999999999999,306.11135244369507,83.88864755630482,0.2243412129110336
2024-03-13 05:00:00,453.0,359.96195018291473,93.03804981708527,0.24880921973182268
2024-03-13 06:00:00,505.99999999999983,335.39366126060486,170.60633873939497,0.45624806309360944
2024-03-13 07:00:00,561.0,368.9686980843544,192.0313019156456,0.5135442809436855
2024-03-13 08:00:00,563.9999999999999,373.7906152009964,190.2093847990035,0.5086719757191136
2024-03-13 09:00:00,541.0,385.0127524137497,155.9872475862503,0.4171526105324965
2024-03-13 10:00:00,535.9999999999999,380.2726212143898,155.72737878561009,0.4164576502055437
2024-03-13 11:00:00,535.9999999999999,353.1238567829132,182.87614321708668,0.4890608798321207
2024-03-13 12:00:00,535.9999999999999,369.7940808534622,166.20591914653767,0.4444801362341796
2024-03-13 13:00:00,535.9999999999999,354.69233483076096,181.30766516923893,0.4848663400710366
2024-03-13 14:00:00,535.9999999999999,343.83885383605957,192.16114616394032,0.5138915200159618
2024-03-13 15:00:00,535.9999999999999,375.9307390451431,160.06926095485676,0.4280690319662499
2024-03-13 16:00:00,519.9999999999999,361.4656072854996,158.5343927145003,0.4239643740330167
2024-03-13 17:00:00,490.0,398.4706664085388,91.52933359146118,0.24477449944660307
2024-03-13 18:00:00,484.9999999999999,389.93011593818665,95.06988406181324,0.25424290083379186
2024-03-13 19:00:00,445.9999999999999,367.4006626009941,78.59933739900578,0.2101961492973345
2024-03-13 20:00:00,383.99999999999994,360.9310483932495,23.06895160675043,0.0616926930496851
2024-03-13 21:00:00,337.0,366.3615506887436,29.36155068874359,0.07852082595610366
2024-03-13 22:00:00,336.0,344.16292905807495,8.162929058074951,0.02182990737293895
2024-03-13 23:00:00,315.0,317.53948867321014,2.539488673210144,0.006791288043348331
2024-03-14 00:00:00,301.99999999999994,238.50304752588272,63.49695247411722,0.16980823686109245
2024-03-14 01:00:00,293.0,238.11786890029907,54.88213109970093,0.14676984570272653
2024-03-14 02:00:00,296.0,261.0505869984627,34.94941300153732,0.0934642997794313
2024-03-14 03:00:00,340.0,291.2122714519501,48.78772854804993,0.13047174458615027
2024-03-14 04:00:00,393.0,285.58642119169235,107.41357880830765,0.2872533203827954
2024-03-14 05:00:00,449.9999999999999,341.4965960383415,108.50340396165836,0.29016781124521573
2024-03-14 06:00:00,507.9999999999999,318.9517414569855,189.0482585430144,0.5055668061854577
2024-03-14 07:00:00,538.0,355.78302025794983,182.21697974205017,0.4872980962159337
2024-03-14 08:00:00,561.0,360.9765440225601,200.02345597743988,0.5349174892170858
2024-03-14 09:00:00,559.0,368.1018617749214,190.89813822507858,0.5105138909663299
2024-03-14 10:00:00,538.0,363.850616812706,174.149383187294,0.4657231340596288
2024-03-14 11:00:00,527.9999999999999,329.39759105443954,198.60240894556034,0.5311172203604267
2024-03-14 12:00:00,527.9999999999999,341.81344270706177,186.18655729293812,0.49791383348733137
2024-03-14 13:00:00,527.9999999999999,322.26321548223495,205.73678451776493,0.5501964940864332
2024-03-14 14:00:00,527.9999999999999,308.83217990398407,219.16782009601582,0.586114760741688
2024-03-14 15:00:00,527.9999999999999,343.92890095710754,184.07109904289234,0.49225651889825794
2024-03-14 16:00:00,504.99999999999994,323.57211470603943,181.42788529396051,0.48518784160172046
2024-03-14 17:00:00,467.9999999999999,360.2736335992813,107.72636640071858,0.2880898000485081
2024-03-14 18:00:00,468.9999999999999,357.165709733963,111.83429026603687,0.2990755132449587
2024-03-14 19:00:00,431.99999999999983,346.85383915901184,85.14616084098799,0.2277041477509142
2024-03-14 20:00:00,395.0,343.8174042105675,51.182595789432526,0.1368762753223511
2024-03-14 21:00:00,365.9999999999999,348.2786902785301,17.721309721469765,0.0473916344236953
2024-03-14 22:00:00,347.9999999999999,328.69140565395355,19.308594346046334,0.051636468120335094
2024-03-14 23:00:00,311.9999999999999,309.39730525016785,2.6026947498320396,0.006960318398536578
2024-03-15 00:00:00,305.99999999999994,241.17646157741547,64.82353842258448,0.17335589091654885
2024-03-15 01:00:00,302.99999999999994,247.60491728782654,55.395082712173405,0.14814161876450474
2024-03-15 02:00:00,303.99999999999994,267.36660182476044,36.633398175239506,0.0979677372217739
2024-03-15 03:00:00,303.99999999999994,307.4664258956909,3.466425895690975,0.009270171978676542
2024-03-15 04:00:00,303.99999999999994,306.5347096323967,2.534709632396755,0.006778507579675849
2024-03-15 05:00:00,307.9999999999999,387.9485186934471,79.94851869344723,0.21380422949470232
2024-03-15 06:00:00,311.9999999999999,342.3407730460167,30.340773046016807,0.08113953465793163
2024-03-15 07:00:00,307.9999999999999,426.97606801986694,118.97606801986706,0.3181745824314053
2024-03-15 08:00:00,304.99999999999994,420.6143805384636,115.61438053846365,0.3091845096507028
2024-03-15 09:00:00,303.99999999999994,428.4216311573982,124.42163115739828,0.3327375092974917
2024-03-15 10:00:00,344.9999999999999,441.42337918281555,96.42337918281567,0.2578625173845421
2024-03-15 11:00:00,398.0,399.5038774609566,1.5038774609565735,0.004021780103608389
2024-03-15 12:00:00,447.9999999999999,420.2379646897316,27.76203531026829,0.07424328387466583
2024-03-15 13:00:00,427.9999999999999,371.3693743944168,56.63062560558308,0.15144579876246086
2024-03-15 14:00:00,375.0,376.804036796093,1.804036796092987,0.004824488351656805
2024-03-15 15:00:00,316.0,408.9632508158684,92.96325081586838,0.2486091867220371
2024-03-15 16:00:00,302.99999999999994,388.0169686675072,85.01696866750723,0.2273586525052335
2024-03-15 17:00:00,313.99999999999983,411.0831347107887,97.0831347107889,0.25962688431239045
2024-03-15 18:00:00,327.9999999999999,428.23404282331467,100.23404282331478,0.2680532753477308
2024-03-15 19:00:00,364.99999999999994,381.48548394441605,16.485483944416103,0.04408669791741946
2024-03-15 20:00:00,366.9999999999999,415.08365213871,48.083652138710136,0.12858885148613552
2024-03-15 21:00:00,338.0,420.89918553829193,82.89918553829193,0.22169512055269128
2024-03-15 22:00:00,321.0,387.8659951686859,66.86599516868591,0.17881797949571182
2024-03-15 23:00:00,315.0,349.1857409477234,34.18574094772339,0.091422031608355
2024-03-16 00:00:00,309.99999999999983,203.34832102060318,106.65167897939665,0.28521579162635813
2024-03-16 01:00:00,307.9999999999999,208.26534524559975,99.73465475440014,0.26671777491522697
2024-03-16 02:00:00,307.9999999999999,228.5366427898407,79.46335721015919,0.2125067748475106
2024-03-16 03:00:00,307.9999999999999,261.77530109882355,46.22469890117634,0.12361750153352945
2024-03-16 04:00:00,311.9999999999999,261.6930431127548,50.306956887245065,0.134534577141355
2024-03-16 05:00:00,300.99999999999994,310.7236710190773,9.723671019077358,0.026003758719599618
2024-03-16 06:00:00,294.99999999999983,296.51808857917786,1.518088579178027,0.0040597845248440895
2024-03-16 07:00:00,291.99999999999983,327.7775689959526,35.77756899595278,0.09567901566386616
2024-03-16 08:00:00,288.9999999999999,330.395632982254,41.39563298225414,0.1107032570315996
2024-03-16 09:00:00,272.99999999999983,323.10352742671967,50.103527426719836,0.13399055106338736
2024-03-16 10:00:00,283.9999999999999,319.1426342725754,35.14263427257549,0.09398102636363115
2024-03-16 11:00:00,313.99999999999983,276.0921147465706,37.90788525342924,0.10137606463304394
2024-03-16 12:00:00,299.99999999999994,272.37566471099854,27.624335289001408,0.07387503631449206
2024-03-16 13:00:00,270.9999999999999,255.19469171762466,15.805308282375222,0.04226772195988719
2024-03-16 14:00:00,263.99999999999994,240.1807799935341,23.819220006465855,0.06369911617968022
2024-03-16 15:00:00,263.99999999999994,271.46070688962936,7.460706889629421,0.019951973020780635
2024-03-16 16:00:00,277.0,248.61718028783798,28.382819712162018,0.07590343134078889
2024-03-16 17:00:00,290.99999999999983,278.3717939257622,12.628206074237653,0.033771280740739935
2024-03-16 18:00:00,297.0,282.4007534980774,14.599246501922607,0.03904238253012969
2024-03-16 19:00:00,299.99999999999994,294.198195040226,5.8018049597739605,0.015515615040465837
2024-03-16 20:00:00,299.99999999999994,301.48891389369965,1.4889138936997028,0.0039817634276257535
2024-03-16 21:00:00,297.0,302.0484334230423,5.048433423042297,0.013500893272426939
2024-03-16 22:00:00,299.0,293.9954710006714,5.004528999328613,0.013383480822053638
2024-03-16 23:00:00,304.99999999999994,293.72981429100037,11.270185708999577,0.030139562447857555
2024-03-17 00:00:00,301.99999999999994,141.65489047765732,160.34510952234263,0.42880672656512886
2024-03-17 01:00:00,299.99999999999994,162.31381550431252,137.68618449568743,0.3682105568589938
2024-03-17 02:00:00,299.99999999999994,206.14608094096184,93.8539190590381,0.2509910774759669
2024-03-17 03:00:00,299.99999999999994,247.94551491737366,52.054485082626286,0.13920794602222675
2024-03-17 04:00:00,299.99999999999994,184.9486729502678,115.05132704973215,0.3076787504535357
2024-03-17 05:00:00,299.99999999999994,277.9076912999153,22.09230870008463,0.05908088250505442
2024-03-17 06:00:00,299.0,223.6699676513672,75.33003234863281,0.201453132432215
2024-03-17 07:00:00,282.99999999999994,393.0540606379509,110.05406063795095,0.2943146917791352
2024-03-17 08:00:00,274.0,303.08344423770905,29.083444237709045,0.07777709315838992
2024-03-17 09:00:00,274.0,345.48020750284195,71.48020750284195,0.19115764668344223
2024-03-17 10:00:00,271.99999999999983,326.4579302072525,54.45793020725267,0.1456354163669107
2024-03-17 11:00:00,272.99999999999983,364.9857062101364,91.98570621013658,0.24599496478721194
2024-03-17 12:00:00,271.99999999999983,310.7863086462021,38.78630864620226,0.10372520930428035
2024-03-17 13:00:00,272.99999999999983,348.78507256507874,75.7850725650789,0.2026700345644409
2024-03-17 14:00:00,274.0,317.00168430805206,43.00168430805206,0.11499827802576985
2024-03-17 15:00:00,271.99999999999983,290.48540353775024,18.485403537750415,0.04943503050308934
2024-03-17 16:00:00,274.0,323.87022614479065,49.87022614479065,0.13336663955585515
2024-03-17 17:00:00,291.99999999999983,253.47515165805817,38.52484834194166,0.1030259928608809
2024-03-17 18:00:00,301.99999999999994,267.48320281505585,34.516797184944096,0.09230736663238204
2024-03-17 19:00:00,306.9999999999999,267.15930461883545,39.84069538116444,0.10654492813262309
2024-03-17 20:00:00,301.99999999999994,342.4869078397751,40.48690783977514,0.10827307718480138
2024-03-17 21:00:00,307.9999999999999,358.06913137435913,50.069131374359245,0.13389856660147614
2024-03-17 22:00:00,294.0,376.5854099392891,82.5854099392891,0.22085599868682812
2024-03-17 23:00:00,307.9999999999999,363.9454436302185,55.94544363021862,0.14961343455233495
2024-03-18 00:00:00,309.99999999999983,122.59658843278885,187.40341156721098,0.5011680350006306
2024-03-18 01:00:00,313.99999999999983,251.48195922374725,62.518040776252576,0.1671903589475839
2024-03-18 02:00:00,316.0,170.43869465589523,145.56130534410477,0.38927078627524614
2024-03-18 03:00:00,316.0,344.5414102077484,28.541410207748413,0.07632754574926275
2024-03-18 04:00:00,316.0,171.17985740303993,144.82014259696007,0.3872887141534216
2024-03-18 05:00:00,317.0,473.73294711112976,156.73294711112976,0.4191468152401878
2024-03-18 06:00:00,320.0,294.7540855407715,25.245914459228516,0.06751448778608733
2024-03-18 07:00:00,318.99999999999994,629.3473541736603,310.34735417366034,0.8299538005105958
2024-03-18 08:00:00,332.99999999999983,426.9529661536217,93.95296615362184,0.2512559565267266
2024-03-18 09:00:00,366.9999999999999,448.2334139943123,81.2334139943124,0.21724039134325648
2024-03-18 10:00:00,407.9999999999999,430.24210542440414,22.242105424404258,0.05948147996135993
2024-03-18 11:00:00,461.99999999999994,644.0231466293335,182.02314662933355,0.48677973339955877
2024-03-18 12:00:00,442.99999999999994,488.7359422445297,45.73594224452978,0.12231043240839143
2024-03-18 13:00:00,404.99999999999994,573.0568689107895,168.05686891078955,0.44943008270781837
2024-03-18 14:00:00,381.99999999999994,572.295480966568,190.29548096656805,0.5089022204449624
2024-03-18 15:00:00,371.9999999999999,550.0531339645386,178.0531339645387,0.4761628325144365
2024-03-18 16:00:00,377.99999999999994,599.9704545736313,221.97045457363134,0.5936097727173256
2024-03-18 17:00:00,367.9999999999999,484.8234951496124,116.82349514961254,0.31241801318563023
2024-03-18 18:00:00,358.0,514.4471096992493,156.44710969924927,0.4183824077363765
2024-03-18 19:00:00,373.99999999999983,396.48747593164444,22.48747593164461,0.060137667882019276
2024-03-18 20:00:00,351.99999999999983,643.5568606853485,291.5568606853487,0.7797028759437723
2024-03-18 21:00:00,336.0,679.4347965717316,343.43479657173157,0.9184386810747405
2024-03-18 22:00:00,336.0,700.399843454361,364.39984345436096,0.9745049568271176
2024-03-18 23:00:00,324.9999999999999,588.6078178882599,263.60781788826,0.704959482845286
2024-03-19 00:00:00,323.99999999999994,239.69673246145248,84.30326753854746,0.22545002026963398
2024-03-19 01:00:00,321.99999999999994,239.04105842113495,82.958941578865,0.22185492456683903
2024-03-19 02:00:00,320.0,258.838974237442,61.16102576255798,0.16356132924000163
2024-03-19 03:00:00,320.0,286.97846353054047,33.021536469459534,0.08830863006549582
2024-03-19 04:00:00,320.0,279.7638067603111,40.23619323968887,0.10760259769661905
2024-03-19 05:00:00,328.9999999999999,332.7048459649086,3.7048459649087135,0.009907772524980976
2024-03-19 06:00:00,331.99999999999983,312.22632497549057,19.77367502450926,0.05288022119714837
2024-03-19 07:00:00,339.0,346.89355194568634,7.89355194568634,0.021109519216923306
2024-03-19 08:00:00,364.99999999999994,353.56580168008804,11.4341983199119,0.030578177077329082
2024-03-19 09:00:00,372.99999999999983,361.5374207496643,11.462579250335523,0.030654075456195015
2024-03-19 10:00:00,402.99999999999994,361.2279796600342,41.77202033996576,0.11170981988382259
2024-03-19 11:00:00,447.9999999999999,328.246805369854,119.75319463014591,0.32025283177042796
2024-03-19 12:00:00,426.9999999999999,342.4376356601715,84.56236433982838,0.2261429160589208
2024-03-19 13:00:00,403.9999999999999,324.8322433233261,79.16775667667378,0.2117162580833113
2024-03-19 14:00:00,407.9999999999999,312.99774438142776,95.00225561857212,0.25406204385938647
2024-03-19 15:00:00,373.99999999999983,343.7845954298973,30.21540457010252,0.08080426502650097
2024-03-19 16:00:00,325.9999999999999,323.76690208911896,2.233097910880929,0.0059719152527745204
2024-03-19 17:00:00,311.9999999999999,359.230420589447,47.230420589447135,0.12630707670216196
2024-03-19 18:00:00,349.9999999999999,352.70165026187897,2.701650261879081,0.007224952532517167
2024-03-19 19:00:00,363.99999999999994,340.20858585834503,23.79141414165491,0.06362475568371989
2024-03-19 20:00:00,330.9999999999999,336.82373464107513,5.823734641075248,0.015574261012777897
2024-03-19 21:00:00,318.0,341.0937148332596,23.093714833259583,0.06175891669772907
2024-03-19 22:00:00,317.0,322.0095080137253,5.009508013725281,0.013396796069842086
2024-03-19 23:00:00,308.9999999999999,304.98971700668335,4.010282993316537,0.010724594769909432
2024-03-20 00:00:00,307.9999999999999,232.27138549089432,75.72861450910557,0.20251905026412592
2024-03-20 01:00:00,304.99999999999994,231.11576110124588,73.88423889875406,0.19758668487806974
2024-03-20 02:00:00,303.99999999999994,239.6587309241295,64.34126907587046,0.17206617063444493
2024-03-20 03:00:00,303.99999999999994,252.1497005224228,51.85029947757715,0.1386618978067641
2024-03-20 04:00:00,303.99999999999994,248.67191076278687,55.32808923721308,0.14796245986914125
2024-03-20 05:00:00,309.99999999999983,269.39673364162445,40.60326635837538,0.10858425172337988
2024-03-20 06:00:00,347.9999999999999,264.90948379039764,83.09051620960224,0.22220679115555836
2024-03-20 07:00:00,413.99999999999983,290.51549792289734,123.48450207710249,0.33023136954375865
2024-03-20 08:00:00,442.99999999999994,297.17225790023804,145.8277420997619,0.3899833111122699
2024-03-20 09:00:00,438.99999999999994,296.291908621788,142.70809137821192,0.38164051089890894
2024-03-20 10:00:00,476.0,305.11643797159195,170.88356202840805,0.45698943407426135
2024-03-20 11:00:00,530.0,287.81488090753555,242.18511909246445,0.6476693205685512
2024-03-20 12:00:00,504.99999999999994,275.8473175764084,229.15268242359156,0.6128170165363659
2024-03-20 13:00:00,440.0,278.1308028101921,161.8691971898079,0.4328825542946487
2024-03-20 14:00:00,429.99999999999983,258.2135421037674,171.78645789623243,0.4594040248445337
2024-03-20 15:00:00,409.99999999999983,265.3791332244873,144.62086677551252,0.3867557960436454
2024-03-20 16:00:00,357.0,253.60178411006927,103.39821588993073,0.2765151405023526
2024-03-20 17:00:00,357.0,261.35232746601105,95.64767253398895,0.25578806541123855
2024-03-20 18:00:00,365.9999999999999,259.8456609249115,106.15433907508839,0.28388576854681463
2024-03-20 19:00:00,368.99999999999983,259.712832570076,109.28716742992384,0.2922638093597165
2024-03-20 20:00:00,332.99999999999983,269.4409015774727,63.55909842252714,0.16997443214317076
2024-03-20 21:00:00,301.99999999999994,272.4032512307167,29.596748769283238,0.07914981002247803
2024-03-20 22:00:00,303.99999999999994,267.96365082263947,36.03634917736048,0.09637106472491909
2024-03-20 23:00:00,290.99999999999983,267.9327303171158,23.067269682884046,0.061688195124742926
2024-03-21 00:00:00,287.9999999999999,211.8016567826271,76.19834321737278,0.20377523344530155
2024-03-21 01:00:00,286.99999999999994,212.22427636384964,74.7757236361503,0.1999707591611235
2024-03-21 02:00:00,287.9999999999999,231.23165398836136,56.76834601163853,0.15181410083714078
2024-03-21 03:00:00,287.9999999999999,256.94816172122955,31.051838278770333,0.08304111778534734
2024-03-21 04:00:00,287.9999999999999,254.9020090699196,33.0979909300803,0.08851309022700468
2024-03-21 05:00:00,286.99999999999994,300.228431224823,13.228431224823055,0.035376447139586195
2024-03-21 06:00:00,288.9999999999999,285.28037309646606,3.719626903533822,0.009947300801997181
2024-03-21 07:00:00,335.0,317.2047033905983,17.795296609401703,0.04758949562019418
2024-03-21 08:00:00,387.9999999999999,322.9560059309006,65.04399406909931,0.17394544967775108
2024-03-21 09:00:00,432.99999999999983,323.3040091395378,109.69599086046202,0.29335711515191953
2024-03-21 10:00:00,470.99999999999983,327.3239994049072,143.6760005950926,0.38422896516570393
2024-03-21 11:00:00,521.0,290.54795265197754,230.45204734802246,0.616291874120227
2024-03-21 12:00:00,490.9999999999999,295.66072314977646,195.33927685022343,0.5223907116672754
2024-03-21 13:00:00,477.99999999999994,281.03818595409393,196.961814045906,0.5267298203914729
2024-03-21 14:00:00,444.9999999999999,268.00908744335175,176.99091255664814,0.4733221616254907
2024-03-21 15:00:00,387.9999999999999,292.5963771343231,95.40362286567677,0.25513540977552884
2024-03-21 16:00:00,340.99999999999994,271.404088139534,69.59591186046595,0.1861185242013462
2024-03-21 17:00:00,340.99999999999994,299.9444228410721,41.05557715892786,0.1097938546501716
2024-03-21 18:00:00,371.9999999999999,297.12626069784164,74.87373930215824,0.2002328798894586
2024-03-21 19:00:00,385.9999999999999,297.17134326696396,88.82865673303593,0.23755215006144664
2024-03-21 20:00:00,323.99999999999994,299.4903516769409,24.509648323059025,0.06554551054273958
2024-03-21 21:00:00,318.99999999999994,299.8714292049408,19.128570795059147,0.05115503585318703
2024-03-21 22:00:00,317.0,289.3891417980194,27.61085820198059,0.07383899489367014
2024-03-21 23:00:00,304.99999999999994,286.75225406885147,18.247745931148472,0.04879946899058757
2024-03-22 00:00:00,302.99999999999994,213.7571132183075,89.24288678169245,0.238659914630871
2024-03-22 01:00:00,302.99999999999994,213.51172596216202,89.48827403783793,0.2393161473426886
2024-03-22 02:00:00,303.99999999999994,227.35477432608604,76.6452256739139,0.20497031949388528
2024-03-22 03:00:00,302.99999999999994,251.12938284873962,51.87061715126032,0.13871623282932544
2024-03-22 04:00:00,301.99999999999994,246.26495003700256,55.73504996299738,0.14905078427880974
2024-03-22 05:00:00,302.99999999999994,290.4548370838165,12.545162916183415,0.03354920059825884
2024-03-22 06:00:00,306.9999999999999,275.34064024686813,31.659359753131753,0.08466579655175924
2024-03-22 07:00:00,343.9999999999999,309.9081426858902,34.09185731410969,0.0911709610660238
2024-03-22 08:00:00,385.9999999999999,316.4389193058014,69.5610806941985,0.18602537612571055
2024-03-22 09:00:00,421.99999999999994,319.43077325820923,102.56922674179071,0.2742981965367345
2024-03-22 10:00:00,476.0,330.88136225938797,145.11863774061203,0.38808697189777236
2024-03-22 11:00:00,523.0,296.05628728866577,226.94371271133423,0.6069096266931939
2024-03-22 12:00:00,495.0,306.6642040014267,188.3357959985733,0.5036614862639949
2024-03-22 13:00:00,436.0,291.05123698711395,144.94876301288605,0.38763268036284926
2024-03-22 14:00:00,426.9999999999999,283.2027393579483,143.79726064205158,0.3845532477331892
2024-03-22 15:00:00,384.9999999999999,304.4741588830948,80.5258411169051,0.21534814773026983
2024-03-22 16:00:00,335.0,283.3287227153778,51.67127728462219,0.1381831434451736
2024-03-22 17:00:00,343.9999999999999,309.25810396671295,34.741896033286935,0.09290934258661608
2024-03-22 18:00:00,357.0,305.2930212020874,51.7069787979126,0.1382786190670562
2024-03-22 19:00:00,309.99999999999983,299.70664769411087,10.293352305888959,0.027527242463574075
2024-03-22 20:00:00,299.99999999999994,303.89392733573914,3.8939273357391926,0.01041342788248951
2024-03-22 21:00:00,297.0,303.65742087364197,6.657420873641968,0.017803766268250233
2024-03-22 22:00:00,296.0,291.6338288784027,4.36617112159729,0.011676337069790403
2024-03-22 23:00:00,277.0,288.5264065861702,11.526406586170197,0.030824767228623696
2024-03-23 00:00:00,270.9999999999999,238.14669460058212,32.85330539941776,0.08785873412126617
2024-03-23 01:00:00,276.0,261.29213869571686,14.707861304283142,0.03933284825119523
2024-03-23 02:00:00,275.0,244.07460987567902,30.925390124320984,0.08270296079788977
2024-03-23 03:00:00,276.0,254.1162210702896,21.883778929710388,0.05852321680204714
2024-03-23 04:00:00,276.0,259.7260504961014,16.27394950389862,0.04352099690374777
2024-03-23 05:00:00,276.0,238.33742514252663,37.66257485747337,0.10072003746641822
2024-03-23 06:00:00,275.0,252.0891872048378,22.9108127951622,0.061269786567896826
2024-03-23 07:00:00,276.0,242.8464639186859,33.15353608131409,0.08866163317008587
2024-03-23 08:00:00,276.0,252.83821284770966,23.161787152290344,0.061940960717532564
2024-03-23 09:00:00,276.0,259.0604630112648,16.9395369887352,0.0453009600810826
2024-03-23 10:00:00,311.9999999999999,251.7235404253006,60.27645957469929,0.1611957570527624
2024-03-23 11:00:00,371.0,243.28799575567245,127.71200424432755,0.34153686786095033
2024-03-23 12:00:00,346.9999999999999,272.4509006738663,74.54909932613361,0.19936470370469067
2024-03-23 13:00:00,330.9999999999999,232.26132452487946,98.73867547512043,0.2640542536157818
2024-03-23 14:00:00,294.99999999999983,248.38675171136856,46.61324828863127,0.12465658898334168
2024-03-23 15:00:00,281.99999999999994,229.92039442062378,52.079605579376164,0.13927512510871773
2024-03-23 16:00:00,283.9999999999999,217.22165554761887,66.77834445238102,0.17858357748088421
2024-03-23 17:00:00,282.99999999999994,250.85446178913116,32.14553821086878,0.08596597086708282
2024-03-23 18:00:00,283.9999999999999,255.804044008255,28.19595599174488,0.07540370658769507
2024-03-23 19:00:00,283.9999999999999,273.58666867017746,10.413331329822427,0.027848099224735356
2024-03-23 20:00:00,282.99999999999994,276.0321915149689,6.967808485031071,0.018633827727577653
2024-03-23 21:00:00,283.9999999999999,270.89602410793304,13.103975892066842,0.03504361950298572
2024-03-23 22:00:00,283.9999999999999,286.1629056930542,2.162905693054313,0.005784202043146611
2024-03-23 23:00:00,282.99999999999994,282.0562908053398,0.9437091946601299,0.0025237367812283506
2024-03-24 00:00:00,283.9999999999999,234.9855449795723,49.01445502042759,0.13107807325270918
2024-03-24 01:00:00,283.9999999999999,239.53684866428375,44.463151335716134,0.11890664101845705
2024-03-24 02:00:00,282.99999999999994,246.57701700925827,36.42298299074167,0.09740502940515951
2024-03-24 03:00:00,283.9999999999999,267.47293531894684,16.527064681053048,0.044197896192306484
2024-03-24 04:00:00,282.99999999999994,264.45960223674774,18.5403977632522,0.04958210011991553
2024-03-24 05:00:00,283.9999999999999,289.6082702279091,5.608270227909202,0.014998050176187746
2024-03-24 06:00:00,283.9999999999999,283.0260381102562,0.9739618897436912,0.0026046407712982645
2024-03-24 07:00:00,283.9999999999999,303.74746799468994,19.747467994690055,0.052810136423729066
2024-03-24 08:00:00,283.9999999999999,310.56225299835205,26.562252998352164,0.07103473746314083
2024-03-24 09:00:00,283.9999999999999,304.8492765426636,20.849276542663688,0.05575667416451509
2024-03-24 10:00:00,280.99999999999994,309.557985663414,28.55798566341406,0.07637187305619766
2024-03-24 11:00:00,325.9999999999999,284.362730383873,41.6372696161269,0.11134945955251126
2024-03-24 12:00:00,296.0,273.34187150001526,22.65812849998474,0.06059403957572327
2024-03-24 13:00:00,281.99999999999994,268.3649978041649,13.635002195835057,0.03646372923827577
2024-03-24 14:00:00,283.9999999999999,255.0394105911255,28.960589408874398,0.07744854570750577
2024-03-24 15:00:00,283.9999999999999,259.28702652454376,24.712973475456124,0.06608925767221226
2024-03-24 16:00:00,283.9999999999999,244.75341528654099,39.2465847134589,0.10495611353518919
2024-03-24 17:00:00,283.9999999999999,265.7252186536789,18.274781346320992,0.04887176909325981
2024-03-24 18:00:00,283.9999999999999,262.4986284971237,21.501371502876168,0.05750055463664991
2024-03-24 19:00:00,303.99999999999994,274.46678191423416,29.533218085765782,0.07897991157957124
2024-03-24 20:00:00,311.9999999999999,294.37173932790756,17.628260672092324,0.04714279578812732
2024-03-24 21:00:00,310.9999999999999,299.5571494102478,11.442850589752084,0.030601315615938582
2024-03-24 22:00:00,311.9999999999999,306.97801172733307,5.0219882726668175,0.01343017169944094
2024-03-24 23:00:00,312.99999999999983,315.8652377128601,2.865237712860278,0.00766243016792086
2024-03-25 00:00:00,313.99999999999983,188.33786129951477,125.66213870048506,0.33605496612804303
2024-03-25 01:00:00,308.9999999999999,320.59929102659225,11.599291026592368,0.031019680178623006
2024-03-25 02:00:00,309.99999999999983,242.29932144284248,67.70067855715735,0.1810501514191022
2024-03-25 03:00:00,306.9999999999999,353.8551503419876,46.85515034198772,0.1253035013086266
2024-03-25 04:00:00,311.9999999999999,258.12166571617126,53.87833428382862,0.14408541816993217
2024-03-25 05:00:00,312.99999999999983,496.4117217063904,183.41172170639055,0.4904931633579559
2024-03-25 06:00:00,316.0,317.29920566082,1.2992056608200073,0.0034744316693580512
2024-03-25 07:00:00,353.0,674.1381257772446,321.13812577724457,0.8588112783733687
2024-03-25 08:00:00,405.99999999999994,469.10755813121796,63.10755813121801,0.16876688976906704
2024-03-25 09:00:00,451.99999999999983,457.7392566204071,5.739256620407275,0.015348343654791454
2024-03-25 10:00:00,482.99999999999994,496.40287041664124,13.402870416641292,0.035842945301276755
2024-03-25 11:00:00,525.9999999999999,678.0967766046524,152.09677660465252,0.40674842588735705
2024-03-25 12:00:00,512.0,541.4005261659622,29.40052616596222,0.07862505705396639
2024-03-25 13:00:00,444.9999999999999,627.3730444908142,182.37304449081432,0.4877154560858363
2024-03-25 14:00:00,400.99999999999994,655.4800200462341,254.4800200462342,0.6805492521556998
2024-03-25 15:00:00,351.99999999999983,616.0733699798584,264.07336997985857,0.7062044966099005
2024-03-25 16:00:00,301.99999999999994,716.4137148857117,414.4137148857117,1.1082557432103992
2024-03-25 17:00:00,283.9999999999999,536.6712820529938,252.6712820529939,0.6757121915156479
2024-03-25 18:00:00,299.0,600.0837510824203,301.08375108242035,0.8051803894001077
2024-03-25 19:00:00,309.99999999999983,477.808021903038,167.8080219030382,0.4487645976729005
2024-03-25 20:00:00,306.9999999999999,760.1186692714691,453.11866927146923,1.211763388946839
2024-03-25 21:00:00,305.99999999999994,760.4634565114975,454.46345651149755,1.215359718239581
2024-03-25 22:00:00,307.9999999999999,804.8162662982941,496.8162662982942,1.3286227281287677
2024-03-25 23:00:00,291.99999999999983,702.0342046022415,410.0342046022417,1.0965437335693977
2024-03-26 00:00:00,283.9999999999999,289.47659254074097,5.4765925407410805,0.014645907986354626
2024-03-26 01:00:00,282.99999999999994,290.4887670278549,7.488767027854976,0.02002701351347361
2024-03-26 02:00:00,283.9999999999999,299.668852686882,15.668852686882133,0.04190280233496572
2024-03-26 03:00:00,282.99999999999994,307.00232326984406,24.002323269844112,0.06418878444101052
2024-03-26 04:00:00,283.9999999999999,304.0035358071327,20.003535807132835,0.05349493186750268
2024-03-26 05:00:00,283.9999999999999,309.7699150443077,25.769915044307822,0.06891580882590838
2024-03-26 06:00:00,281.99999999999994,306.86583638191223,24.86583638191229,0.06649805493909469
2024-03-26 07:00:00,324.9999999999999,317.11905241012573,7.880947589874154,0.021075811718313672
2024-03-26 08:00:00,378.99999999999994,315.5049902200699,63.49500977993006,0.16980304156491163
2024-03-26 09:00:00,427.9999999999999,308.7762987613678,119.22370123863209,0.31883682146222914
2024-03-26 10:00:00,484.9999999999999,306.8311393260956,178.1688606739043,0.4764723174221275
2024-03-26 11:00:00,531.0,305.9827136993408,225.01728630065918,0.6017578350009436
2024-03-26 12:00:00,513.0,280.6738668680191,232.3261331319809,0.6213036926453782
2024-03-26 13:00:00,451.99999999999983,299.3944922089577,152.60550779104216,0.4081089123742052
2024-03-26 14:00:00,402.99999999999994,282.5539693236351,120.44603067636484,0.3221056650617612
2024-03-26 15:00:00,354.0,286.2942588329315,67.70574116706848,0.1810636902241854
2024-03-26 16:00:00,300.99999999999994,291.951767206192,9.048232793807927,0.024197451965140185
2024-03-26 17:00:00,281.99999999999994,290.0269067287445,8.026906728744564,0.021466146420368083
2024-03-26 18:00:00,281.99999999999994,291.41623467206955,9.416234672069606,0.025181589749306416
2024-03-26 19:00:00,276.0,288.1367728114128,12.136772811412811,0.032457053637806196
2024-03-26 20:00:00,275.0,302.0177784562111,27.01777845621109,0.07225293726376743
2024-03-26 21:00:00,275.0,304.8940050601959,29.894005060195923,0.07994475473539676
2024-03-26 22:00:00,275.0,306.12923204898834,31.129232048988342,0.08324808991790929
2024-03-26 23:00:00,276.0,298.3983090519905,22.39830905199051,0.05989921123125891
2024-03-27 00:00:00,276.0,213.08335304260254,62.91664695739746,0.16825634101734915
2024-03-27 01:00:00,276.0,211.6605819761753,64.33941802382469,0.17206122041444252
2024-03-27 02:00:00,276.0,226.7547158896923,49.24528411030769,0.13169537344179727
2024-03-27 03:00:00,276.0,247.31784045696259,28.682159543037415,0.0767039480100569
2024-03-27 04:00:00,276.0,244.49495762586594,31.505042374134064,0.08425310962705519
2024-03-27 05:00:00,276.0,284.02939081192017,8.029390811920166,0.021472789538940384
2024-03-27 06:00:00,276.0,270.79954504966736,5.200454950332642,0.013907440461044003
2024-03-27 07:00:00,315.0,304.47123795747757,10.52876204252243,0.028156792556296373
2024-03-27 08:00:00,369.99999999999983,311.26811385154724,58.73188614845259,0.15706514479510547
2024-03-27 09:00:00,418.99999999999994,313.37059020996094,105.629409790039,0.28248196390898855
2024-03-27 10:00:00,476.0,323.97461235523224,152.02538764476776,0.40655751226178866
2024-03-27 11:00:00,521.0,291.49772554636,229.50227445363998,0.6137519213456544
2024-03-27 12:00:00,507.9999999999999,296.40172362327576,211.59827637672413,0.5658717282380443
2024-03-27 13:00:00,440.99999999999994,283.90570878982544,157.0942912101745,0.42011314829977775
2024-03-27 14:00:00,398.0,271.17489874362946,126.82510125637054,0.33916504643041473
2024-03-27 15:00:00,339.0,289.7204750776291,49.27952492237091,0.13178694274864736
2024-03-27 16:00:00,288.9999999999999,269.2132169008255,19.786783099174386,0.052915275777892797
2024-03-27 17:00:00,270.9999999999999,291.41166150569916,20.41166150569927,0.054586371733368964
2024-03-27 18:00:00,272.99999999999983,288.6172503232956,15.617250323295764,0.041764803485618764
2024-03-27 19:00:00,271.99999999999983,286.0799691081047,14.079969108104876,0.037653692596987545
2024-03-27 20:00:00,271.99999999999983,290.5726182460785,18.57261824607866,0.04966826651320511
2024-03-27 21:00:00,274.0,290.6116819381714,16.611681938171387,0.0444241859066852
2024-03-27 22:00:00,276.0,280.98631739616394,4.98631739616394,0.013334778008716769
2024-03-27 23:00:00,274.0,280.04365503787994,6.043655037879944,0.016162388369699784
2024-03-28 00:00:00,275.0,234.3628567457199,40.63714325428009,0.10867484781877912
2024-03-28 01:00:00,274.0,232.276548743248,41.723451256752014,0.1115799328567271
2024-03-28 02:00:00,275.0,242.2634294629097,32.7365705370903,0.08754655313651531
2024-03-28 03:00:00,267.9999999999999,257.249017059803,10.750982940196877,0.028751072082438493
2024-03-28 04:00:00,266.9999999999999,251.92900836467743,15.070991635322457,0.04030395818422242
2024-03-28 05:00:00,267.9999999999999,278.98439168930054,10.98439168930065,0.029375270986620877
2024-03-28 06:00:00,267.9999999999999,271.0099697113037,3.0099697113038246,0.00804948316047352
2024-03-28 07:00:00,267.9999999999999,297.1182060241699,29.118206024170036,0.07787005569342635
2024-03-28 08:00:00,306.9999999999999,303.33420127630234,3.6657987236975487,0.00980334951055268
2024-03-28 09:00:00,358.0,304.4013127684593,53.59868723154068,0.1433375653826386
2024-03-28 10:00:00,413.99999999999983,313.9335912466049,100.06640875339491,0.26760497594529026
2024-03-28 11:00:00,460.99999999999994,292.04184383153915,168.9581561684608,0.45184037161409163
2024-03-28 12:00:00,449.9999999999999,289.2111423611641,160.7888576388358,0.4299934305302184
2024-03-28 13:00:00,393.0,286.7504543066025,106.24954569339752,0.28414037711246465
2024-03-28 14:00:00,343.9999999999999,272.0358046889305,71.96419531106937,0.19245196260216077
2024-03-28 15:00:00,290.99999999999983,286.0609093308449,4.93909066915495,0.01320848080966008
2024-03-28 16:00:00,270.9999999999999,271.50956600904465,0.5095660090447609,0.0013627190312087071
2024-03-28 17:00:00,276.0,285.38868337869644,9.388683378696442,0.0251079100470743
2024-03-28 18:00:00,276.0,283.3264508843422,7.326450884342194,0.019592935702334047
2024-03-28 19:00:00,277.0,282.985115647316,5.985115647315979,0.016005838010804345
2024-03-28 20:00:00,276.0,288.3536294102669,12.353629410266876,0.033036987560117075
2024-03-28 21:00:00,274.0,289.1934397816658,15.193439781665802,0.040631418054772085
2024-03-28 22:00:00,278.0,282.58940398693085,4.589403986930847,0.012273322874537373
2024-03-28 23:00:00,277.0,281.05007618665695,4.050076186656952,0.010831012664578674
2024-03-29 00:00:00,276.0,220.91429561376572,55.08570438623428,0.14731425641082055
2024-03-29 01:00:00,277.0,233.46614733338356,43.53385266661644,0.11642144192828807
2024-03-29 02:00:00,278.0,235.3677436709404,42.6322563290596,0.11401032645777236
2024-03-29 03:00:00,279.0,270.580829679966,8.419170320034027,0.02251516666821093
2024-03-29 04:00:00,278.0,264.57195460796356,13.428045392036438,0.03591027007858184
2024-03-29 05:00:00,277.0,322.1317148208618,45.131714820861816,0.1206945628354698
2024-03-29 06:00:00,280.0,293.3764708042145,13.376470804214478,0.035772345509234124
2024-03-29 07:00:00,279.0,354.1592216491699,75.15922164916992,0.20099633785259124
2024-03-29 08:00:00,278.0,349.03978317976,71.03978317975998,0.18997983145201403
2024-03-29 09:00:00,276.0,349.38595712184906,73.38595712184906,0.19625414297331076
2024-03-29 10:00:00,276.0,375.66649854183197,99.66649854183197,0.2665355065411337
2024-03-29 11:00:00,276.0,346.83837890625,70.83837890625,0.18944122127863666
2024-03-29 12:00:00,276.0,362.3739856481552,86.37398564815521,0.23098768747298767
2024-03-29 13:00:00,276.0,338.47662448883057,62.476624488830566,0.16707960045492506
2024-03-29 14:00:00,276.0,354.2169615626335,78.21696156263351,0.2091735716134822
2024-03-29 15:00:00,275.0,364.3958267569542,89.3958267569542,0.23906891800084157
2024-03-29 16:00:00,276.0,354.02350187301636,78.02350187301636,0.20865620743272134
2024-03-29 17:00:00,278.0,365.00036984682083,87.00036984682083,0.23266281032894542
2024-03-29 18:00:00,277.0,370.13084292411804,93.13084292411804,0.2490573739074821
2024-03-29 19:00:00,276.0,332.33011186122894,56.33011186122894,0.15064214272712434
2024-03-29 20:00:00,276.0,370.6120580434799,94.61205804347992,0.25301854870454593
2024-03-29 21:00:00,276.0,370.742290019989,94.74229001998901,0.2533668246682303
2024-03-29 22:00:00,277.0,350.0149592757225,73.0149592757225,0.1952619931507552
2024-03-29 23:00:00,279.0,335.44552981853485,56.44552981853485,0.15095080194726904
2024-03-30 00:00:00,278.0,143.95399823784828,134.04600176215172,0.35847571151998553
2024-03-30 01:00:00,277.0,193.36264997720718,83.63735002279282,0.2236691744992593
2024-03-30 02:00:00,280.0,193.4207881987095,86.57921180129051,0.23153651839894268
2024-03-30 03:00:00,279.0,275.61063408851624,3.3893659114837646,0.009064092481300603
2024-03-30 04:00:00,279.0,178.7411454319954,100.25885456800461,0.26811962874667455
2024-03-30 05:00:00,278.0,324.7230479121208,46.72304791212082,0.12495022324051917
2024-03-30 06:00:00,279.0,231.22088491916656,47.779115080833435,0.12777443600882601
2024-03-30 07:00:00,278.0,431.4685696363449,153.4685696363449,0.4104169760613984
2024-03-30 08:00:00,278.0,330.5239176750183,52.52391767501831,0.14046333730847338
2024-03-30 09:00:00,274.0,373.43390822410583,99.43390822410583,0.2659134963465479
2024-03-30 10:00:00,317.0,351.3053888082504,34.30538880825043,0.09174200274789246
2024-03-30 11:00:00,371.9999999999999,422.6184010505676,50.61840105056774,0.1353674641098447
2024-03-30 12:00:00,347.9999999999999,351.102694272995,3.102694272995109,0.008297454027121532
2024-03-30 13:00:00,290.99999999999983,387.32196539640427,96.32196539640444,0.25759130915181755
2024-03-30 14:00:00,276.0,365.0576376914978,89.0576376914978,0.23816450784109006
2024-03-30 15:00:00,278.0,354.7452360391617,76.74523603916168,0.20523777459415143
2024-03-30 16:00:00,278.0,374.5218497514725,96.52184975147247,0.258125854647116
2024-03-30 17:00:00,278.0,313.4366798400879,35.43667984008789,0.09476738472305718
2024-03-30 18:00:00,279.0,333.6061728000641,54.60617280006409,0.14603185765003032
2024-03-30 19:00:00,275.0,292.9550904035568,17.955090403556824,0.048016827978513046
2024-03-30 20:00:00,275.0,392.756185233593,117.75618523359299,0.31491228184778536
2024-03-30 21:00:00,275.0,421.8788757920265,146.87887579202652,0.3927943304137317
2024-03-30 22:00:00,276.0,427.0316246151924,151.0316246151924,0.40389991782087886
2024-03-30 23:00:00,278.0,393.24344873428345,115.24344873428345,0.3081925364423946
2024-03-31 00:00:00,280.0,200.49670100212097,79.50329899787903,0.2126135901242367
2024-03-31 01:00:00,280.0,201.88192784786224,78.11807215213776,0.20890911425314887
2024-03-31 02:00:00,278.0,206.12430676817894,71.87569323182106,0.19221528380971284
2024-03-31 03:00:00,280.0,233.4291046857834,46.570895314216614,0.12454332553319253
2024-03-31 04:00:00,278.0,224.07398477196693,53.926015228033066,0.1442129300701376
2024-03-31 05:00:00,272.99999999999983,265.4319754242897,7.568024575710126,0.02023896989775367
2024-03-31 06:00:00,271.99999999999983,256.0315811634064,15.968418836593457,0.04270392424276879
2024-03-31 07:00:00,271.99999999999983,290.72816491127014,18.728164911270312,0.05008424088577966
2024-03-31 08:00:00,271.99999999999983,297.85079777240753,25.850797772407702,0.06913211138714948
2024-03-31 09:00:00,271.99999999999983,296.6942882537842,24.69428825378435,0.06603928827330707
2024-03-31 10:00:00,271.99999999999983,309.61014926433563,37.6101492643358,0.10057983707584489
2024-03-31 11:00:00,271.99999999999983,271.6399160027504,0.36008399724943274,0.0009629632023638426
2024-03-31 12:00:00,271.99999999999983,276.9540533423424,4.954053342342547,0.013248495094656674
2024-03-31 13:00:00,270.9999999999999,259.11253809928894,11.887461900710946,0.03179032799937853
2024-03-31 14:00:00,268.9999999999999,250.6610906124115,18.338909387588387,0.04904326503435101
2024-03-31 15:00:00,270.9999999999999,277.75140702724457,6.751407027244682,0.018055110977102804
2024-03-31 16:00:00,271.99999999999983,250.6734824180603,21.326517581939527,0.057032947375740765
2024-03-31 17:00:00,271.99999999999983,272.58423060178757,0.5842306017877377,0.0015623925959330064
2024-03-31 18:00:00,271.99999999999983,277.0764371752739,5.076437175274066,0.013575782973533615
2024-03-31 19:00:00,271.99999999999983,289.42767441272736,17.427674412727526,0.046606373208552626
2024-03-31 20:00:00,271.99999999999983,297.97831535339355,25.978315353393725,0.06947312831398317
2024-03-31 21:00:00,271.99999999999983,297.30213582515717,25.302135825157336,0.06766483911241573
2024-03-31 22:00:00,271.99999999999983,287.8315803408623,15.831580340862445,0.042337980637770126
2024-03-31 23:00:00,271.99999999999983,291.11425817012787,19.11425817012804,0.051116759975216405
2024-04-01 00:00:00,271.99999999999983,220.57228177785873,51.427718222141095,0.13753179982378777
2024-04-01 01:00:00,271.99999999999983,219.14303451776505,52.856965482234784,0.14135399833597598
2024-04-01 02:00:00,271.99999999999983,239.12977784872055,32.87022215127928,0.08790397414767832
2024-04-01 03:00:00,271.99999999999983,260.22546976804733,11.774530231952497,0.03148831779557434
2024-04-01 04:00:00,270.9999999999999,259.5012277364731,11.498772263526803,0.030750865483388946
2024-04-01 05:00:00,305.99999999999994,300.3200715780258,5.679928421974125,0.01518968380767226
2024-04-01 06:00:00,361.99999999999994,285.2838546037674,76.71614539623255,0.2051599782497211
2024-04-01 07:00:00,412.0,316.01060539484024,95.98939460515976,0.2567019237956341
2024-04-01 08:00:00,461.99999999999994,321.24894618988037,140.75105381011957,0.37640685659015855
2024-04-01 09:00:00,517.0,322.4154281616211,194.5845718383789,0.520372423821669
2024-04-01 10:00:00,533.0,328.255450129509,204.74454987049103,0.5475429869582801
2024-04-01 11:00:00,532.0,294.9020791053772,237.0979208946228,0.6340647596742226
2024-04-01 12:00:00,492.99999999999983,298.98441195487976,194.01558804512007,0.5188508053664337
2024-04-01 13:00:00,443.9999999999999,286.8936091661453,157.10639083385456,0.42014550600646655
2024-04-01 14:00:00,394.0,273.7013518810272,120.29864811897278,0.3217115237488371
2024-04-01 15:00:00,345.99999999999994,294.58231151103973,51.41768848896021,0.13750497757104538
2024-04-01 16:00:00,321.99999999999994,275.4868045449257,46.51319545507425,0.1243890203111885
2024-04-01 17:00:00,329.9999999999999,300.7093217968941,29.290678203105813,0.07833129352408623
2024-04-01 18:00:00,335.0,297.9676938056946,37.03230619430542,0.0990345264887855
2024-04-01 19:00:00,288.9999999999999,296.6225337982178,7.622533798217887,0.02038474248377636
2024-04-01 20:00:00,275.0,299.4751864671707,24.475186467170715,0.06545335010417774
2024-04-01 21:00:00,276.0,299.24635112285614,23.24635112285614,0.062167107929079514
2024-04-01 22:00:00,276.0,291.0989159345627,15.098915934562683,0.040378635406274885
2024-04-01 23:00:00,274.0,289.47570741176605,15.475707411766052,0.04138627898466979
2024-04-02 00:00:00,274.0,261.667315363884,12.332684636116028,0.0329809754992003
2024-04-02 01:00:00,272.99999999999983,278.8881781697273,5.888178169727496,0.01574660065351902
2024-04-02 02:00:00,275.0,291.3825112581253,16.382511258125305,0.04381132075957841
2024-04-02 03:00:00,276.0,342.9623696208,66.96236962080002,0.17907571116871804
2024-04-02 04:00:00,312.99999999999983,336.2845140695572,23.28451406955736,0.062269166097861706
2024-04-02 05:00:00,371.0,422.3464894294739,51.34648942947388,0.1373145717911385
2024-04-02 06:00:00,421.99999999999994,373.41172099113464,48.5882790088653,0.1299383619075799
2024-04-02 07:00:00,473.0,457.4839559197426,15.516044080257416,0.04149415028070027
2024-04-02 08:00:00,483.99999999999994,446.57807528972626,37.421924710273686,0.10007647308097786
2024-04-02 09:00:00,515.0,454.3341064453125,60.6658935546875,0.16223721014521675
2024-04-02 10:00:00,538.0,461.3386631011963,76.66133689880371,0.20501340532061574
2024-04-02 11:00:00,533.0,433.3306449651718,99.66935503482819,0.266543145585535
2024-04-02 12:00:00,533.0,454.39311504364014,78.60688495635986,0.21021633353227753
2024-04-02 13:00:00,497.0,413.66425931453705,83.33574068546295,0.22286258854832403
2024-04-02 14:00:00,443.9999999999999,428.7873074412346,15.212692558765298,0.04068290525229196
2024-04-02 15:00:00,391.99999999999983,457.74533450603485,65.74533450603502,0.1758210260384274
2024-04-02 16:00:00,373.99999999999983,451.3755923509598,77.37559235095995,0.20692351996822045
2024-04-02 17:00:00,377.99999999999994,473.57279777526855,95.57279777526861,0.25558782980514577
2024-04-02 18:00:00,384.9999999999999,487.5950700044632,102.59507000446331,0.2743673084972016
2024-04-02 19:00:00,351.99999999999983,422.9322677850723,70.9322677850725,0.18969230584809235
2024-04-02 20:00:00,290.99999999999983,467.03396648168564,176.0339664816858,0.4707630258019764
2024-04-02 21:00:00,276.0,478.073855638504,202.07385563850403,0.5404008193256892
2024-04-02 22:00:00,276.0,437.3026317358017,161.3026317358017,0.4313674031407345
2024-04-02 23:00:00,274.0,385.3199511766434,111.31995117664337,0.297700029689992
2024-04-03 00:00:00,277.0,236.67496114969254,40.325038850307465,0.10784019518601258
2024-04-03 01:00:00,275.0,240.4501837491989,34.549816250801086,0.09239566865535333
2024-04-03 02:00:00,275.0,254.6510750055313,20.34892499446869,0.05441859712460764
2024-04-03 03:00:00,276.0,289.1252553462982,13.125255346298218,0.03510052659007575
2024-04-03 04:00:00,313.99999999999983,283.0442127585411,30.955787241458722,0.08278425101207641
2024-04-03 05:00:00,371.9999999999999,351.71431839466095,20.285681605338937,0.054249466985556945
2024-04-03 06:00:00,419.99999999999994,316.3294583559036,103.67054164409632,0.2772434141338403
2024-04-03 07:00:00,470.99999999999983,383.85217130184174,87.1478286981581,0.2330571556727688
2024-04-03 08:00:00,473.99999999999983,382.9495167732239,91.05048322677595,0.24349392245858723
2024-04-03 09:00:00,516.0,393.0750972032547,122.9249027967453,0.3287348478455728
2024-04-03 10:00:00,530.0,406.3551592826843,123.64484071731567,0.3306601589696197
2024-04-03 11:00:00,531.0,371.2271636724472,159.7728363275528,0.42727631134953664
2024-04-03 12:00:00,532.0,393.3569812774658,138.64301872253418,0.37076939357002214
2024-04-03 13:00:00,495.0,356.6905725002289,138.30942749977112,0.3698772793005567
2024-04-03 14:00:00,440.99999999999994,360.54106056690216,80.45893943309778,0.21516923430958262
2024-04-03 15:00:00,389.9999999999999,390.08805245161057,0.08805245161067887,0.00023547636503343719
2024-04-03 16:00:00,341.99999999999994,371.06297224760056,29.062972247600612,0.07772234545145441
2024-04-03 17:00:00,363.99999999999994,396.54828429222107,32.548284292221126,0.0870430241635388
2024-04-03 18:00:00,380.99999999999994,404.6335244178772,23.633524417877254,0.06320251533093922
2024-04-03 19:00:00,347.9999999999999,366.8831276893616,18.883127689361686,0.05049865378437537
2024-04-03 20:00:00,285.99999999999994,388.5165649652481,102.51656496524816,0.27415736452706746
2024-04-03 21:00:00,265.9999999999999,393.5623902082443,127.56239020824444,0.3411367589630107
2024-04-03 22:00:00,267.9999999999999,364.2589858174324,96.25898581743252,0.2574228845133621
2024-04-03 23:00:00,267.9999999999999,332.0141798257828,64.01417982578289,0.17119144442020295
2024-04-04 00:00:00,267.9999999999999,236.95112138986588,31.04887861013401,0.08303320282103417
2024-04-04 01:00:00,265.9999999999999,234.07260820269585,31.92739179730404,0.0853825876270746
2024-04-04 02:00:00,267.9999999999999,255.55213630199432,12.447863698005563,0.033288995847590236
2024-04-04 03:00:00,265.9999999999999,270.46251744031906,4.462517440319175,0.011933993506402679
2024-04-04 04:00:00,305.99999999999994,271.47221356630325,34.52778643369669,0.09233675489248581
2024-04-04 05:00:00,362.99999999999994,304.7321444749832,58.26785552501673,0.15582419985294757
2024-04-04 06:00:00,413.0,290.2398097515106,122.76019024848938,0.32829436139199636
2024-04-04 07:00:00,460.99999999999994,318.43771755695343,142.5622824430465,0.3812505778826886
2024-04-04 08:00:00,470.99999999999983,322.24029064178467,148.75970935821516,0.3978241943561601
2024-04-04 09:00:00,523.0,323.7695574760437,199.2304425239563,0.532796754109396
2024-04-04 10:00:00,527.9999999999999,329.42187309265137,198.57812690734852,0.5310522835416428
2024-04-04 11:00:00,527.9999999999999,304.6655237674713,223.33447623252857,0.5972575401126522
2024-04-04 12:00:00,527.9999999999999,304.27293956279755,223.72706043720234,0.598307417768471
2024-04-04 13:00:00,492.99999999999983,299.91875410079956,193.08124589920027,0.5163521186383058
2024-04-04 14:00:00,437.99999999999994,284.8800292611122,153.11997073888773,0.4094847271605861
2024-04-04 15:00:00,386.9999999999999,299.21708285808563,87.78291714191425,0.23475555606338674
2024-04-04 16:00:00,346.9999999999999,286.9101905822754,60.089809417724496,0.1606966034267887
2024-04-04 17:00:00,372.99999999999983,305.5500331521034,67.4499668478964,0.1803796796617783
2024-04-04 18:00:00,372.99999999999983,301.1605900526047,71.83940994739515,0.1921182523725206
2024-04-04 19:00:00,354.0,292.46369630098343,61.53630369901657,0.1645649251960261
2024-04-04 20:00:00,268.9999999999999,295.3312486410141,26.331248641014213,0.0704169685608809
2024-04-04 21:00:00,267.9999999999999,295.04939407110214,27.049394071102256,0.07233748607458061
2024-04-04 22:00:00,271.99999999999983,287.675561606884,15.675561606884173,0.04192074382400415
2024-04-04 23:00:00,276.0,282.83128023147583,6.83128023147583,0.018268713795103652
2024-04-05 00:00:00,276.0,259.0647116303444,16.93528836965561,0.04528959811035978
2024-04-05 01:00:00,276.0,263.1705003976822,12.82949960231781,0.034309594750515024
2024-04-05 02:00:00,276.0,278.767446577549,2.7674465775489807,0.007400909896146797
2024-04-05 03:00:00,276.0,286.1341980099678,10.134198009967804,0.027101620298632282
2024-04-05 04:00:00,315.0,293.3217403292656,21.678259670734406,0.057973602030819575
2024-04-05 05:00:00,371.0,297.1471792459488,73.85282075405121,0.19750266415660894
2024-04-05 06:00:00,419.99999999999994,296.9050669670105,123.09493303298945,0.3291895552528529
2024-04-05 07:00:00,470.99999999999983,313.7234026193619,157.27659738063795,0.4206006849164038
2024-04-05 08:00:00,486.9999999999999,313.02792727947235,173.97207272052754,0.4652489573225499
2024-04-05 09:00:00,523.9999999999999,300.91939240694046,223.08060759305943,0.5965786258595602
2024-04-05 10:00:00,538.0,293.907695710659,244.09230428934097,0.6527696559867147
2024-04-05 11:00:00,498.0,292.8001928329468,205.19980716705322,0.5487604696221746
2024-04-05 12:00:00,448.9999999999999,248.7192651629448,200.2807348370551,0.5356055233325924
2024-04-05 13:00:00,391.99999999999983,270.00921338796616,121.99078661203367,0.32623676539958535
2024-04-05 14:00:00,341.99999999999994,237.9757024347782,104.02429756522173,0.2781894543279735
2024-04-05 15:00:00,286.99999999999994,230.30753508210182,56.69246491789812,0.1516111740156622
2024-04-05 16:00:00,269.9999999999999,237.35984444618225,32.640155553817635,0.08728871307209338
2024-04-05 17:00:00,274.0,229.29136276245117,44.70863723754883,0.11956313753585222
2024-04-05 18:00:00,276.0,231.6934847831726,44.30651521682739,0.11848775314839582
2024-04-05 19:00:00,276.0,227.4251125752926,48.57488742470741,0.1299025491448248
2024-04-05 20:00:00,276.0,249.86069798469543,26.139302015304565,0.06990365072729703
2024-04-05 21:00:00,276.0,257.2985252737999,18.701474726200104,0.05001286402292761
2024-04-05 22:00:00,275.0,260.90383261442184,14.096167385578156,0.03769701122616184
2024-04-05 23:00:00,270.9999999999999,256.7650580406189,14.23494195938099,0.03806813243403736
2024-04-06 00:00:00,277.0,256.5872061252594,20.4127938747406,0.05458939999823668
2024-04-06 01:00:00,271.99999999999983,262.50488340854645,9.495116591453382,0.025392541600204106
2024-04-06 02:00:00,279.0,284.236835539341,5.236835539340973,0.014004732117332405
2024-04-06 03:00:00,281.99999999999994,294.28001046180725,12.280010461807308,0.03284011033451191
2024-04-06 04:00:00,283.9999999999999,307.5304502248764,23.530450224876517,0.0629268667163625
2024-04-06 05:00:00,281.99999999999994,313.6622107028961,31.662210702896175,0.08467342077204089
2024-04-06 06:00:00,283.9999999999999,306.63505375385284,22.635053753852958,0.06053233138652706
2024-04-06 07:00:00,283.9999999999999,328.85834097862244,44.85834097862255,0.11996348632949867
2024-04-06 08:00:00,283.9999999999999,327.4224257469177,43.42242574691784,0.11612345583548157
2024-04-06 09:00:00,283.9999999999999,308.9167392253876,24.916739225387687,0.06663418308013103
2024-04-06 10:00:00,283.9999999999999,299.68865007162094,15.688650071621055,0.0419557459624311
2024-04-06 11:00:00,283.9999999999999,298.4306162595749,14.430616259575004,0.03859141908985785
2024-04-06 12:00:00,282.99999999999994,256.1701628565788,26.829837143421116,0.07175033073361571
2024-04-06 13:00:00,283.9999999999999,277.60016798973083,6.399832010269051,0.017114903117814193
2024-04-06 14:00:00,283.9999999999999,242.7993455529213,41.20065444707859,0.11018183104194419
2024-04-06 15:00:00,299.99999999999994,224.0701049566269,75.92989504337305,0.2030573295248881
2024-04-06 16:00:00,307.9999999999999,232.8695261478424,75.13047385215748,0.20091945837201594
2024-04-06 17:00:00,307.9999999999999,233.36121529340744,74.63878470659245,0.19960454696857233
2024-04-06 18:00:00,324.9999999999999,227.48142153024673,97.51857846975315,0.2607913801516518
2024-04-06 19:00:00,291.99999999999983,214.88273173570633,77.1172682642935,0.20623269062938782
2024-04-06 20:00:00,274.0,238.21150079369545,35.78849920630455,0.09570824603912098
2024-04-06 21:00:00,276.0,244.0035192668438,31.996480733156204,0.08556735035861589
2024-04-06 22:00:00,274.0,253.28166246414185,20.718337535858154,0.05540650740822779
2024-04-06 23:00:00,274.0,246.54488682746887,27.455113172531128,0.07342249004075657
2024-04-07 00:00:00,283.9999999999999,207.40610629320145,76.59389370679844,0.20483304375873812
2024-04-07 01:00:00,282.99999999999994,207.28248327970505,75.7175167202949,0.20248937173818776
2024-04-07 02:00:00,282.99999999999994,223.17937016487122,59.82062983512873,0.15997674351952426
2024-04-07 03:00:00,282.99999999999994,246.8167394399643,36.18326056003565,0.09676394598763899
2024-04-07 04:00:00,283.9999999999999,244.82904955744743,39.17095044255245,0.10475384678555057
2024-04-07 05:00:00,281.99999999999994,287.2269782423973,5.226978242397365,0.013978371006302824
2024-04-07 06:00:00,283.9999999999999,273.2331481575966,10.766851842403298,0.028793509871963777
2024-04-07 07:00:00,283.9999999999999,308.23625206947327,24.23625206947338,0.06481437410269184
2024-04-07 08:00:00,283.9999999999999,313.68239164352417,29.682391643524284,0.07937884251786459
2024-04-07 09:00:00,322.99999999999994,313.3738651871681,9.626134812831822,0.025742920197948903
2024-04-07 10:00:00,318.99999999999994,322.1348422765732,3.134842276573238,0.008383426591055705
2024-04-07 11:00:00,323.99999999999994,286.01060450077057,37.989395499229374,0.1015940453484346
2024-04-07 12:00:00,346.9999999999999,289.53955471515656,57.46044528484333,0.15366496379570022
2024-04-07 13:00:00,283.9999999999999,274.3737843632698,9.62621563673008,0.02574313634318304
2024-04-07 14:00:00,274.0,262.0567721128464,11.943227887153625,0.03193946151627465
2024-04-07 15:00:00,271.99999999999983,284.2408776283264,12.240877628326587,0.03273545842291901
2024-04-07 16:00:00,275.0,262.1365812420845,12.863418757915497,0.0344003038599043
2024-04-07 17:00:00,275.0,285.343217253685,10.343217253684998,0.027660594987380115
2024-04-07 18:00:00,276.0,285.82354724407196,9.82354724407196,0.026270855092100146
2024-04-07 19:00:00,275.0,287.64257580041885,12.642575800418854,0.03380970932308806
2024-04-07 20:00:00,276.0,293.9161044359207,17.916104435920715,0.04791256882640162
2024-04-07 21:00:00,276.0,293.33799719810486,17.33799719810486,0.04636655178235274
2024-04-07 22:00:00,272.99999999999983,284.2367470264435,11.236747026443652,0.0300501382549391
2024-04-07 23:00:00,275.0,284.2435625195503,9.243562519550323,0.02471981713452997
2024-04-08 00:00:00,276.0,204.74416941404343,71.25583058595657,0.19055760137159575
2024-04-08 01:00:00,274.0,202.09730923175812,71.90269076824188,0.19228748261423156
2024-04-08 02:00:00,275.0,219.76997137069702,55.23002862930298,0.14770021895385435
2024-04-08 03:00:00,275.0,238.53749379515648,36.46250620484352,0.09751072530142246
2024-04-08 04:00:00,275.0,232.10288643836975,42.89711356163025,0.11471862721757753
2024-04-08 05:00:00,276.0,267.4099141359329,8.590085864067078,0.02297224163092252
2024-04-08 06:00:00,276.0,253.32184731960297,22.678152680397034,0.06064758971691762
2024-04-08 07:00:00,313.99999999999983,297.3082432150841,16.691756784915754,0.044638327971977636
2024-04-08 08:00:00,365.9999999999999,297.8718638420105,68.12813615798939,0.18219329008484758
2024-04-08 09:00:00,418.99999999999994,306.72067523002625,112.2793247699737,0.3002656573622951
2024-04-08 10:00:00,473.99999999999983,310.8066076040268,163.19339239597304,0.436423814850586
2024-04-08 11:00:00,459.99999999999994,286.33827924728394,173.661720752716,0.4644189911839084
2024-04-08 12:00:00,434.0,280.1605215668678,153.83947843313217,0.41140888774163825
2024-04-08 13:00:00,402.99999999999994,272.59467512369156,130.40532487630838,0.348739544682404
2024-04-08 14:00:00,342.99999999999994,254.26837474107742,88.73162525892252,0.2372926613317167
2024-04-08 15:00:00,318.0,262.09518671035767,55.904813289642334,0.14950477789673974
2024-04-08 16:00:00,286.99999999999994,250.02999365329742,36.97000634670252,0.0988679196381264
2024-04-08 17:00:00,318.99999999999994,253.5463160276413,65.45368397235865,0.17504107265525723
2024-04-08 18:00:00,307.9999999999999,257.9416599869728,50.05834001302708,0.13386970754651767
2024-04-08 19:00:00,282.99999999999994,256.23156130313873,26.76843869686121,0.071586134476156
2024-04-08 20:00:00,282.99999999999994,271.00209206342697,11.997907936572972,0.03208569094023262
2024-04-08 21:00:00,283.9999999999999,273.1607446074486,10.839255392551308,0.02898713678969859
2024-04-08 22:00:00,283.9999999999999,267.62615114450455,16.37384885549534,0.0437881551231146
2024-04-08 23:00:00,283.9999999999999,273.9478898048401,10.052110195159798,0.026882095005571812
2024-04-09 00:00:00,283.9999999999999,289.55837845802307,5.558378458023185,0.014864625922769013
2024-04-09 01:00:00,283.9999999999999,300.39743185043335,16.397431850433463,0.043851222508781325
2024-04-09 02:00:00,280.0,332.3302298784256,52.3302298784256,0.13994536310720246
2024-04-09 03:00:00,280.99999999999994,348.4406393766403,67.44063937664038,0.1803547354497076
2024-04-09 04:00:00,283.9999999999999,369.46885496377945,85.46885496377956,0.22856712019134762
2024-04-09 05:00:00,283.9999999999999,365.34725189208984,81.34725189208996,0.21754482505159012
2024-04-09 06:00:00,321.99999999999994,363.07297199964523,41.07297199964529,0.1098403732170888
2024-04-09 07:00:00,376.0,372.1452194452286,3.8547805547714233,0.010308738671497314
2024-04-09 08:00:00,424.99999999999994,364.46280151605606,60.53719848394388,0.16189304428836568
2024-04-09 09:00:00,476.0,366.20526641607285,109.79473358392715,0.293621180230969
2024-04-09 10:00:00,527.9999999999999,343.84743958711624,184.15256041288364,0.49247436890635327
2024-04-09 11:00:00,506.99999999999983,340.2279406785965,166.77205932140333,0.4459941500752274
2024-04-09 12:00:00,486.9999999999999,317.92428374290466,169.07571625709522,0.4521547594799405
2024-04-09 13:00:00,455.99999999999994,317.90486991405487,138.09513008594507,0.3693041893397349
2024-04-09 14:00:00,399.99999999999994,303.99421244859695,96.00578755140299,0.25674576302240104
2024-04-09 15:00:00,366.9999999999999,294.1882520914078,72.81174790859211,0.19471855031424098
2024-04-09 16:00:00,280.99999999999994,302.79453814029694,21.794538140296993,0.05828456249635337
2024-04-09 17:00:00,280.0,304.1265097260475,24.126509726047516,0.06452089302808835
2024-04-09 18:00:00,283.9999999999999,301.99423402547836,17.994234025478477,0.04812150874135096
2024-04-09 19:00:00,280.0,296.73240780830383,16.732407808303833,0.04474703993907468
2024-04-09 20:00:00,281.99999999999994,302.3465448617935,20.346544861793575,0.05441223199813608
2024-04-09 21:00:00,280.0,298.1611829996109,18.1611829996109,0.04856797601007147
2024-04-09 22:00:00,282.99999999999994,298.7231808900833,15.72318089008337,0.04204809082579831
2024-04-09 23:00:00,283.9999999999999,292.668397128582,8.668397128582114,0.02318166739445159
2024-04-10 00:00:00,283.9999999999999,284.0063774585724,0.006377458572501382,1.7055070419207156e-05
2024-04-10 01:00:00,283.9999999999999,288.5047799348831,4.504779934883231,0.012047014988657269
2024-04-10 02:00:00,283.9999999999999,315.50797015428543,31.507970154285545,0.08426093931282858
2024-04-10 03:00:00,283.9999999999999,325.2564561367035,41.256456136703605,0.11033106003892568
2024-04-10 04:00:00,283.9999999999999,338.61836314201355,54.61836314201366,0.1460644579622112
2024-04-10 05:00:00,283.9999999999999,341.92998468875885,57.929984688758964,0.15492064072520675
2024-04-10 06:00:00,283.9999999999999,336.3054621219635,52.305462121963615,0.13987912734482427
2024-04-10 07:00:00,321.99999999999994,349.6534135937691,27.65341359376913,0.07395279966330047
2024-04-10 08:00:00,377.99999999999994,345.02935230731964,32.9706476926803,0.08817253954265661
2024-04-10 09:00:00,425.9999999999999,343.8138046860695,82.1861953139304,0.2197883894706385
2024-04-10 10:00:00,475.0,331.82608991861343,143.17391008138657,0.3828862376558781
2024-04-10 11:00:00,459.0,328.85187953710556,130.14812046289444,0.34805170965642357
2024-04-10 12:00:00,437.99999999999994,305.661441385746,132.33855861425394,0.3539095410316733
2024-04-10 13:00:00,403.9999999999999,314.6010375022888,89.39896249771107,0.23907730383021497
2024-04-10 14:00:00,350.99999999999983,296.3862928748131,54.61370712518675,0.14605200649836347
2024-04-10 15:00:00,300.99999999999994,290.4190483689308,10.580951631069127,0.028296361805973873
2024-04-10 16:00:00,282.99999999999994,298.2162380218506,15.216238021850643,0.04069238679135675
2024-04-10 17:00:00,280.0,298.5768395662308,18.576839566230774,0.04967955547912121
2024-04-10 18:00:00,280.0,295.7436302304268,15.743630230426788,0.04210277796106049
2024-04-10 19:00:00,280.0,284.38893020153046,4.3889302015304565,0.01173720108113972
2024-04-10 20:00:00,281.99999999999994,292.53022849559784,10.530228495597896,0.0281607142533461
2024-04-10 21:00:00,280.0,291.6145920753479,11.6145920753479,0.031060599372538047
2024-04-10 22:00:00,280.99999999999994,291.29833549261093,10.298335492610988,0.027540568869302954
2024-04-10 23:00:00,281.99999999999994,283.0282214283943,1.0282214283943745,0.0027497456343218017
2024-04-11 00:00:00,280.99999999999994,247.68947660923004,33.3105233907699,0.08908146021988207
2024-04-11 01:00:00,280.0,246.18056774139404,33.81943225860596,0.09044242187556847
2024-04-11 02:00:00,282.99999999999994,270.99250316619873,12.007496833801213,0.03211133427693344
2024-04-11 03:00:00,281.99999999999994,282.9964452981949,0.9964452981949421,0.002664767561624004
2024-04-11 04:00:00,283.9999999999999,288.3797997236252,4.379799723625297,0.011712783683227491
2024-04-11 05:00:00,280.99999999999994,315.1614421606064,34.16144216060644,0.0913570499984128
2024-04-11 06:00:00,318.99999999999994,301.8069997429848,17.19300025701517,0.045978790260621
2024-04-11 07:00:00,375.0,327.05438911914825,47.945610880851746,0.1282196913658829
2024-04-11 08:00:00,422.99999999999994,328.2940122485161,94.70598775148386,0.25326974246241213
2024-04-11 09:00:00,464.99999999999994,326.3829302787781,138.61706972122187,0.37069999883548044
2024-04-11 10:00:00,540.0,326.8561202287674,213.1438797712326,0.5700050949128463
2024-04-11 11:00:00,504.99999999999994,308.58977258205414,196.4102274179458,0.5252547267197214
2024-04-11 12:00:00,449.9999999999999,297.0210188627243,152.97898113727558,0.40910768236185713
2024-04-11 13:00:00,400.99999999999994,299.9357485771179,101.06425142288202,0.27027348046036037
2024-04-11 14:00:00,354.99999999999983,280.33158749341965,74.66841250658018,0.199683779818055
2024-04-11 15:00:00,294.0,288.18386167287827,5.816138327121735,0.015553946389338054
2024-04-11 16:00:00,280.0,283.15157890319824,3.151578903198242,0.00842818491326578
2024-04-11 17:00:00,283.9999999999999,295.7952332496643,11.79523324966442,0.03154368333357868
2024-04-11 18:00:00,297.0,292.0814976096153,4.918502390384674,0.01315342211500209
2024-04-11 19:00:00,307.9999999999999,280.18129259347916,27.81870740652073,0.07439484057729297
2024-04-11 20:00:00,306.9999999999999,287.2482803463936,19.7517196536063,0.05282150652380744
2024-04-11 21:00:00,306.9999999999999,288.51014971733093,18.489850282668954,0.049446922316553864
2024-04-11 22:00:00,299.0,284.0004175901413,14.999582409858704,0.04011299036294692
2024-04-11 23:00:00,296.0,277.429279088974,18.570720911026,0.049663192519769625
2024-04-12 00:00:00,296.0,227.5153809785843,68.48461902141571,0.18314662286935077
2024-04-12 01:00:00,294.0,226.7469710111618,67.2530289888382,0.179853013903583
2024-04-12 02:00:00,294.99999999999983,250.59957414865494,44.40042585134489,0.11873889589853684
2024-04-12 03:00:00,294.99999999999983,270.86339235305786,24.136607646941968,0.06454789763344715
2024-04-12 04:00:00,304.99999999999994,273.0842989683151,31.91570103168482,0.08535132331878885
2024-04-12 05:00:00,307.9999999999999,312.30607509613037,4.306075096130485,0.01151562384294637
2024-04-12 06:00:00,307.9999999999999,296.38502418994904,11.61497581005085,0.0310616255842032
2024-04-12 07:00:00,326.9999999999999,326.00067257881165,0.9993274211882408,0.0026724751476551348
2024-04-12 08:00:00,380.0,328.8393697142601,51.1606302857399,0.13681753355115617
2024-04-12 09:00:00,426.9999999999999,327.8947600722313,99.1052399277686,0.2650345473302795
2024-04-12 10:00:00,486.9999999999999,329.60739612579346,157.39260387420643,0.42091091804366026
2024-04-12 11:00:00,455.99999999999994,299.05374705791473,156.9462529420852,0.41971725343691074
2024-04-12 12:00:00,440.0,298.03933024406433,141.96066975593567,0.3796417008312553
2024-04-12 13:00:00,405.99999999999994,289.61874425411224,116.3812557458877,0.3112353439315802
2024-04-12 14:00:00,353.0,274.39936459064484,78.60063540935516,0.21019962053241378
2024-04-12 15:00:00,296.0,293.8713464140892,2.128653585910797,0.005692602530159141
2024-04-12 16:00:00,280.99999999999994,279.1783529520035,1.8216470479964642,0.0048715829870667185
2024-04-12 17:00:00,280.99999999999994,302.101511657238,21.101511657238063,0.05643121992476696
2024-04-12 18:00:00,290.99999999999983,299.82392728328705,8.823927283287219,0.02359759761346442
2024-04-12 19:00:00,301.99999999999994,295.2519705891609,6.748029410839024,0.018046078306017187
2024-04-12 20:00:00,299.99999999999994,298.88108789920807,1.1189121007918743,0.0029922773241039813
2024-04-12 21:00:00,289.9999999999999,298.6447584629059,8.644758462905997,0.023118451129988404
2024-04-12 22:00:00,284.9999999999999,290.8702576160431,5.8702576160432045,0.01569867618618424
2024-04-12 23:00:00,280.0,286.3810309767723,6.381030976772308,0.01706462400637889
2024-04-13 00:00:00,283.9999999999999,239.87145692110062,44.12854307889927,0.1180118069214601
2024-04-13 01:00:00,283.9999999999999,242.0680519938469,41.93194800615299,0.11213751025261048
2024-04-13 02:00:00,282.99999999999994,251.24220728874207,31.757792711257878,0.08492903323347609
2024-04-13 03:00:00,281.99999999999994,259.7690972685814,22.230902731418553,0.059451520892934186
2024-04-13 04:00:00,282.99999999999994,263.03247928619385,19.967520713806096,0.053398617646742336
2024-04-13 05:00:00,283.9999999999999,271.70152097940445,12.298479020595437,0.03288950031754229
2024-04-13 06:00:00,283.9999999999999,266.34368777275085,17.656312227249032,0.047217813327344094
2024-04-13 07:00:00,283.9999999999999,295.9013307094574,11.901330709457511,0.031827416991351457
2024-04-13 08:00:00,283.9999999999999,300.8991229534149,16.89912295341503,0.045192881884968276
2024-04-13 09:00:00,283.9999999999999,291.99856102466583,7.998561024665946,0.021390342246393933
2024-04-13 10:00:00,283.9999999999999,296.8350827693939,12.835082769394035,0.03432452566799017
2024-04-13 11:00:00,282.99999999999994,293.16731482744217,10.167314827442226,0.027190183736193706
2024-04-13 12:00:00,283.9999999999999,262.67760157585144,21.322398424148446,0.057021931619950894
2024-04-13 13:00:00,281.99999999999994,278.0707025527954,3.929297447204533,0.010508017245151567
2024-04-13 14:00:00,283.9999999999999,248.68046700954437,35.319532990455514,0.09445410197144774
2024-04-13 15:00:00,283.9999999999999,231.10273495316505,52.89726504683483,0.14146177040604177
2024-04-13 16:00:00,280.99999999999994,230.3044518828392,50.69554811716074,0.13557377648936406
2024-04-13 17:00:00,281.99999999999994,230.84889471530914,51.1511052846908,0.13679206109033362
2024-04-13 18:00:00,283.9999999999999,221.0818800330162,62.91811996698368,0.16826028024830386
2024-04-13 19:00:00,283.9999999999999,210.31393200159073,73.68606799840916,0.1970567216298578
2024-04-13 20:00:00,283.9999999999999,231.31256952881813,52.687430471181756,0.14090061529645334
2024-04-13 21:00:00,282.99999999999994,235.53582966327667,47.46417033672327,0.12693218752882512
2024-04-13 22:00:00,283.9999999999999,241.30371361970901,42.69628638029087,0.11418156034667655
2024-04-13 23:00:00,283.9999999999999,236.5327651798725,47.46723482012737,0.1269403827965264
2024-04-14 00:00:00,281.99999999999994,250.5828157067299,31.417184293270054,0.08401815306261853
2024-04-14 01:00:00,283.9999999999999,252.54440903663635,31.455590963363534,0.08412086301448492
2024-04-14 02:00:00,283.9999999999999,271.92177057266235,12.078229427337533,0.03230049259916805
2024-04-14 03:00:00,283.9999999999999,278.0544751882553,5.945524811744576,0.01589996127621653
2024-04-14 04:00:00,283.9999999999999,287.42828607559204,3.4282860755921547,0.00916817565676141
2024-04-14 05:00:00,283.9999999999999,295.89029610157013,11.890296101570243,0.0317979074285019
2024-04-14 06:00:00,276.0,290.31578332185745,14.315783321857452,0.03828432437227522
2024-04-14 07:00:00,250.99999999999986,314.2266869544983,63.22668695449843,0.1690854728608907
2024-04-14 08:00:00,251.99999999999986,315.4635661840439,63.463566184044026,0.16971895278001828
2024-04-14 09:00:00,240.99999999999997,306.27315402030945,65.27315402030948,0.174558286133013
2024-04-14 10:00:00,250.99999999999986,303.82214337587357,52.82214337587371,0.14126087448901067
2024-04-14 11:00:00,251.99999999999986,300.59404850006104,48.59404850006118,0.12995379110676797
2024-04-14 12:00:00,251.99999999999986,264.0758693218231,12.075869321823262,0.032294181030808174
2024-04-14 13:00:00,248.9999999999999,281.9810253381729,32.981025338173026,0.08820029220818189
2024-04-14 14:00:00,236.0,250.06463170051575,14.064631700515747,0.03761267616959614
2024-04-14 15:00:00,246.99999999999991,236.82622969150543,10.173770308494483,0.027207447460086926
2024-04-14 16:00:00,265.9999999999999,241.51490539312363,24.48509460687626,0.06547984718267387
2024-04-14 17:00:00,281.99999999999994,238.6843366920948,43.31566330790514,0.11583794384119923
2024-04-14 18:00:00,281.99999999999994,234.0764732658863,47.923526734113636,0.12816063231069896
2024-04-14 19:00:00,283.9999999999999,221.09282612800598,62.907173871993905,0.1682310073931777
2024-04-14 20:00:00,284.9999999999999,241.10029622912407,43.89970377087582,0.11739982795387398
2024-04-14 21:00:00,285.99999999999994,246.8591371178627,39.14086288213724,0.10467338441079893
2024-04-14 22:00:00,283.9999999999999,250.5491217970848,33.45087820291508,0.08945680741776621
2024-04-14 23:00:00,283.9999999999999,245.08269801735878,38.917301982641106,0.104075521352883
2024-04-15 00:00:00,282.99999999999994,250.1701095700264,32.829890429973545,0.0877961160817768
2024-04-15 01:00:00,282.99999999999994,243.27055871486664,39.729441285133305,0.10624740421762383
2024-04-15 02:00:00,280.99999999999994,254.78219211101532,26.217807888984623,0.07011359692901882
2024-04-15 03:00:00,281.99999999999994,255.1639187335968,26.83608126640314,0.0717670292281577
2024-04-15 04:00:00,283.9999999999999,254.41931873559952,29.58068126440037,0.07910684111501702
2024-04-15 05:00:00,321.99999999999994,265.2378371357918,56.762162864208165,0.15179756540791953
2024-04-15 06:00:00,377.0,259.7549057006836,117.2450942993164,0.31354548474897076
2024-04-15 07:00:00,423.99999999999994,284.19387727975845,139.8061227202415,0.3738798521265532
2024-04-15 08:00:00,482.99999999999994,291.2752631306648,191.72473686933512,0.5127244420700255
2024-04-15 09:00:00,519.9999999999999,299.42393749952316,220.57606250047672,0.5898807865186261
2024-04-15 10:00:00,546.9999999999999,311.1475592851639,235.852440714836,0.6307340046515899
2024-04-15 11:00:00,541.0,304.1200777888298,236.8799222111702,0.6334817715049839
2024-04-15 12:00:00,543.9999999999999,294.78772044181824,249.21227955818165,0.6664618717435042
2024-04-15 13:00:00,506.99999999999983,303.3693999052048,203.63060009479506,0.5445639802502047
2024-04-15 14:00:00,454.0,281.6095072031021,172.3904927968979,0.46101937955823236
2024-04-15 15:00:00,402.99999999999994,274.5196831226349,128.48031687736506,0.3435915462114961
2024-04-15 16:00:00,368.99999999999983,271.3875952363014,97.61240476369841,0.26104229735200957
2024-04-15 17:00:00,380.99999999999994,269.6557813882828,111.34421861171717,0.2977649274559864
2024-04-15 18:00:00,354.0,263.14583480358124,90.85416519641876,0.2429689142920522
2024-04-15 19:00:00,299.0,248.74912351369858,50.25087648630142,0.13438460279399425
2024-04-15 20:00:00,287.9999999999999,256.44077628850937,31.559223711490517,0.08439800535840586
2024-04-15 21:00:00,282.99999999999994,258.82493019104004,24.175069808959904,0.06465075598591365
2024-04-15 22:00:00,282.99999999999994,254.00463581085205,28.995364189147892,0.07754154299155465
2024-04-15 23:00:00,281.99999999999994,256.07147097587585,25.92852902412409,0.06933998603764306
2024-04-16 00:00:00,275.0,300.1202979683876,25.120297968387604,0.06717855489483451
2024-04-16 01:00:00,276.0,310.59872031211853,34.59872031211853,0.09252645150561763
2024-04-16 02:00:00,281.99999999999994,335.91004550457,53.910045504570064,0.1441702226569666
2024-04-16 03:00:00,283.9999999999999,355.4598891735077,71.4598891735078,0.19110330990749066
2024-04-16 04:00:00,280.99999999999994,371.5089002251625,90.50890022516256,0.24204558122275555
2024-04-16 05:00:00,313.99999999999983,361.34617388248444,47.34617388248461,0.12661663270187032
2024-04-16 06:00:00,397.0,362.36082673072815,34.63917326927185,0.0926346337893709
2024-04-16 07:00:00,486.9999999999999,368.86386930942535,118.13613069057453,0.3159283600316906
2024-04-16 08:00:00,535.9999999999999,363.6409592628479,172.359040737152,0.46093526813866026
2024-04-16 09:00:00,535.9999999999999,381.7869883775711,154.21301162242878,0.41240781776602664
2024-04-16 10:00:00,535.9999999999999,365.94188153743744,170.05811846256245,0.4547819719665057
2024-04-16 11:00:00,538.0,360.06173372268677,177.93826627731323,0.47585564486715504
2024-04-16 12:00:00,540.0,367.7288979291916,172.2711020708084,0.4607000960665863
2024-04-16 13:00:00,540.0,350.270437002182,189.729562997818,0.5073888008439094
2024-04-16 14:00:00,507.9999999999999,354.72635328769684,153.27364671230305,0.4098956987911412
2024-04-16 15:00:00,455.99999999999994,348.5093253850937,107.49067461490625,0.2874594956790544
2024-04-16 16:00:00,447.9999999999999,348.0060410499573,99.99395895004261,0.2674112253338227
2024-04-16 17:00:00,443.9999999999999,355.1015889644623,88.8984110355376,0.23773869216559115
2024-04-16 18:00:00,437.99999999999994,348.4637117385864,89.53628826141352,0.2394445505231869
2024-04-16 19:00:00,363.99999999999994,347.7888894081116,16.21111059188837,0.04335294844726351
2024-04-16 20:00:00,280.0,336.3289475440979,56.3289475440979,0.1506390290243171
2024-04-16 21:00:00,277.0,322.86061853170395,45.86061853170395,0.1226438509376045
2024-04-16 22:00:00,279.0,316.81250274181366,37.81250274181366,0.10112098568053157
2024-04-16 23:00:00,278.0,312.8628212213516,34.86282122135162,0.09323272964973113
2024-04-17 00:00:00,280.0,291.91707015037537,11.917070150375366,0.03186950856594364
2024-04-17 01:00:00,280.0,297.47680127620697,17.47680127620697,0.04673775189280303
2024-04-17 02:00:00,280.0,321.4783716201782,41.47837162017822,0.11092452280387273
2024-04-17 03:00:00,277.0,335.4202741384506,58.42027413845062,0.15623180895863767
2024-04-17 04:00:00,278.0,347.63340175151825,69.63340175151825,0.18621878243503545
2024-04-17 05:00:00,317.0,344.66255486011505,27.66255486011505,0.07397724591245726
2024-04-17 06:00:00,376.0,342.080397605896,33.919602394104004,0.09071030424523013
2024-04-17 07:00:00,423.99999999999994,353.013953268528,70.98604673147196,0.18983612547584633
2024-04-17 08:00:00,472.0,350.11686712503433,121.88313287496567,0.32594886983025895
2024-04-17 09:00:00,526.9999999999999,364.13612991571426,162.86387008428562,0.4355425819634354
2024-04-17 10:00:00,538.0,355.4369643330574,182.5630356669426,0.48822354451182265
2024-04-17 11:00:00,540.0,349.5954966545105,190.4045033454895,0.5091937761373493
2024-04-17 12:00:00,540.0,352.57103472948074,187.42896527051926,0.5012363726000739
2024-04-17 13:00:00,497.0,343.5349890589714,153.4650109410286,0.4104074591357249
2024-04-17 14:00:00,437.0,341.4722549915314,95.52774500846863,0.2554673463709347
2024-04-17 15:00:00,397.0,336.3661229610443,60.63387703895569,0.162151589215786
2024-04-17 16:00:00,337.0,336.19393587112427,0.8060641288757324,0.00215563618706196
2024-04-17 17:00:00,332.99999999999983,342.4752241373062,9.475224137306384,0.025339343731110804
2024-04-17 18:00:00,335.0,335.23781955242157,0.23781955242156982,0.0006359945999654429
2024-04-17 19:00:00,304.99999999999994,328.32835525274277,23.328355252742824,0.06238640942574681
2024-04-17 20:00:00,276.0,321.446093916893,45.446093916893005,0.1215352986176288
2024-04-17 21:00:00,280.0,312.0559376478195,32.05593764781952,0.08572635442817801
2024-04-17 22:00:00,280.0,306.61546289920807,26.61546289920807,0.07117703530730238
2024-04-17 23:00:00,279.0,301.399102807045,22.399102807044983,0.059901333949610704
2024-04-18 00:00:00,278.0,280.2289420366287,2.228942036628723,0.005960801307114356
2024-04-18 01:00:00,278.0,275.32904505729675,2.670954942703247,0.007142864844430696
2024-04-18 02:00:00,277.0,294.5539578795433,17.553957879543304,0.04694408977618529
2024-04-18 03:00:00,274.0,298.06476294994354,24.064762949943542,0.06435576524205254
2024-04-18 04:00:00,278.0,300.4834073781967,22.483407378196716,0.06012678745609894
2024-04-18 05:00:00,317.0,310.63899368047714,6.361006319522858,0.01701107258999142
2024-04-18 06:00:00,373.99999999999983,301.34269058704376,72.65730941295607,0.19430553949048332
2024-04-18 07:00:00,420.99999999999994,320.2371847629547,100.76281523704523,0.26946735756392776
2024-04-18 08:00:00,468.9999999999999,322.9261475801468,146.0738524198531,0.39064147749505873
2024-04-18 09:00:00,519.9999999999999,334.45377230644226,185.54622769355763,0.496201416811506
2024-04-18 10:00:00,533.0,342.91560530662537,190.08439469337463,0.5083377179534267
2024-04-18 11:00:00,532.0,336.15906178951263,195.84093821048737,0.5237322915032916
2024-04-18 12:00:00,532.0,340.9154498577118,191.0845501422882,0.5110124074739397
2024-04-18 13:00:00,502.99999999999994,342.8783708810806,160.12162911891932,0.4282090787757521
2024-04-18 14:00:00,453.0,334.49203938245773,118.50796061754227,0.3169227350662455
2024-04-18 15:00:00,401.99999999999994,333.2798257470131,68.72017425298685,0.18377656205537402
2024-04-18 16:00:00,349.9999999999999,330.5977964401245,19.402203559875375,0.0518868047890239
2024-04-18 17:00:00,336.0,337.869573533535,1.8695735335350037,0.004999751532030595
2024-04-18 18:00:00,339.0,327.6034051179886,11.396594882011414,0.030477615188277792
2024-04-18 19:00:00,291.99999999999983,309.1800355911255,17.18003559112566,0.04594411919420898
2024-04-18 20:00:00,278.0,305.4754167795181,27.475416779518127,0.0734767874451208
2024-04-18 21:00:00,281.99999999999994,301.11550748348236,19.115507483482418,0.05112010098119745
2024-04-18 22:00:00,286.99999999999994,294.6987944841385,7.698794484138546,0.02058868443868015
2024-04-18 23:00:00,302.99999999999994,287.5377470254898,15.462252974510136,0.0413502981355209
2024-04-19 00:00:00,303.99999999999994,236.59323424100876,67.40676575899118,0.18026414812126124
2024-04-19 01:00:00,303.99999999999994,236.58718585968018,67.41281414031977,0.18028032314902637
2024-04-19 02:00:00,303.99999999999994,256.2587642669678,47.74123573303217,0.12767313626115384
2024-04-19 03:00:00,303.99999999999994,285.80495953559875,18.19504046440119,0.048658520141350345
2024-04-19 04:00:00,303.99999999999994,278.43673288822174,25.563267111778202,0.06836317567255903
2024-04-19 05:00:00,348.9999999999999,332.3254206776619,16.67457932233799,0.044592390733725666
2024-04-19 06:00:00,406.9999999999999,311.90348893404007,95.09651106595982,0.25431410873355476
2024-04-19 07:00:00,430.9999999999999,346.87404960393906,84.12595039606083,0.2249758256798515
2024-04-19 08:00:00,473.0,353.5471844673157,119.45281553268433,0.31944953581774943
2024-04-19 09:00:00,526.9999999999999,361.3004717230797,165.6995282769202,0.4431259083951766
2024-04-19 10:00:00,542.0,359.63330179452896,182.36669820547104,0.4876984843811675
2024-04-19 11:00:00,540.0,326.3759082555771,213.6240917444229,0.5712893132148235
2024-04-19 12:00:00,540.0,340.10706156492233,199.89293843507767,0.5345684495721201
2024-04-19 13:00:00,503.99999999999994,322.09377229213715,181.9062277078628,0.4864670601902619
2024-04-19 14:00:00,448.9999999999999,310.0111126899719,138.98888731002796,0.3716943408744128
2024-04-19 15:00:00,399.0,342.11249828338623,56.88750171661377,0.15213275581797683
2024-04-19 16:00:00,356.0,322.08471447229385,33.915285527706146,0.09069875976249163
2024-04-19 17:00:00,282.99999999999994,358.4420657157898,75.44206571578985,0.20175274033157523
2024-04-19 18:00:00,281.99999999999994,352.54926055669785,70.5492605566979,0.18866803964914597
2024-04-19 19:00:00,289.9999999999999,340.9312641620636,50.93126416206371,0.13620414573426853
2024-04-19 20:00:00,289.9999999999999,337.7900889515877,47.79008895158779,0.12780378314395188
2024-04-19 21:00:00,299.99999999999994,342.5770729780197,42.57707297801977,0.11386275106747343
2024-04-19 22:00:00,293.0,322.9796093702316,29.97960937023163,0.08017368409953905
2024-04-19 23:00:00,279.0,305.13918578624725,26.139185786247253,0.06990333989897338
2024-04-20 00:00:00,270.9999999999999,272.7134299278259,1.7134299278260414,0.0045821807770659315
2024-04-20 01:00:00,272.99999999999983,275.2718362212181,2.2718362212182797,0.006075512101458633
2024-04-20 02:00:00,274.0,281.25645875930786,7.256458759307861,0.019405757595619622
2024-04-20 03:00:00,271.99999999999983,289.12726163864136,17.127261638641528,0.04580298719535952
2024-04-20 04:00:00,274.0,286.90125077962875,12.901250779628754,0.03450147704465891
2024-04-20 05:00:00,276.0,289.7463798522949,13.746379852294922,0.036761583587693235
2024-04-20 06:00:00,272.99999999999983,291.0551315546036,18.055131554603747,0.04828436540843548
2024-04-20 07:00:00,267.9999999999999,303.91862243413925,35.918622434139365,0.09605623117907412
2024-04-20 08:00:00,267.9999999999999,304.1099873185158,36.10998731851589,0.09656799327704804
2024-04-20 09:00:00,267.9999999999999,295.10663241147995,27.106632411480064,0.07249055706904091
2024-04-20 10:00:00,267.9999999999999,293.3885380625725,25.388538062572593,0.0678959023528495
2024-04-20 11:00:00,267.9999999999999,293.0649644136429,25.064964413642997,0.0670305778187021
2024-04-20 12:00:00,267.9999999999999,259.5830136537552,8.416986346244698,0.022509326124309743
2024-04-20 13:00:00,267.9999999999999,279.6224516630173,11.622451663017387,0.03108161806198074
2024-04-20 14:00:00,267.9999999999999,256.57705664634705,11.42294335365284,0.030548078215857564
2024-04-20 15:00:00,267.9999999999999,256.38274133205414,11.617258667945748,0.03106773057127789
2024-04-20 16:00:00,267.9999999999999,260.6428375840187,7.357162415981179,0.01967506674698608
2024-04-20 17:00:00,267.9999999999999,254.12961602210999,13.870383977889901,0.037093204572800645
2024-04-20 18:00:00,266.9999999999999,257.1536296606064,9.846370339393502,0.026331890298125875
2024-04-20 19:00:00,271.99999999999983,257.6925256848335,14.307474315166303,0.03826210381331428
2024-04-20 20:00:00,271.99999999999983,275.65896213054657,3.6589621305467404,0.009785066588556563
2024-04-20 21:00:00,271.99999999999983,280.7063215970993,8.706321597099475,0.02328308780727301
2024-04-20 22:00:00,268.9999999999999,282.4838376045227,13.483837604522819,0.0360594737310997
2024-04-20 23:00:00,267.9999999999999,277.66147792339325,9.661477923393363,0.025837437352801154
2024-04-21 00:00:00,267.9999999999999,246.14224165678024,21.857758343219643,0.05845363062913773
2024-04-21 01:00:00,267.9999999999999,248.61299067735672,19.387009322643166,0.05184617123836804
2024-04-21 02:00:00,267.9999999999999,259.2911571264267,8.70884287357319,0.02328983039090827
2024-04-21 03:00:00,267.9999999999999,266.98953688144684,1.010463118553048,0.002702255051446697
2024-04-21 04:00:00,267.9999999999999,270.969135761261,2.9691357612611,0.007940281997415253
2024-04-21 05:00:00,267.9999999999999,277.6629826426506,9.662982642650718,0.025841461384098822
2024-04-21 06:00:00,267.9999999999999,274.8052552342415,6.805255234241599,0.01819911582665846
2024-04-21 07:00:00,267.9999999999999,299.4799366593361,31.479936659336204,0.08418597007155133
2024-04-21 08:00:00,267.9999999999999,302.90411710739136,34.90411710739147,0.09334316615612727
2024-04-21 09:00:00,267.9999999999999,293.63416135311127,25.63416135311138,0.06855276628526283
2024-04-21 10:00:00,267.9999999999999,295.1862645149231,27.18626451492321,0.07270351511751941
2024-04-21 11:00:00,267.9999999999999,292.2774061560631,24.277406156063194,0.06492443139853282
2024-04-21 12:00:00,267.9999999999999,257.76165425777435,10.238345742225533,0.027380139851125373
2024-04-21 13:00:00,267.9999999999999,274.9330973625183,6.933097362518424,0.018541000681811252
2024-04-21 14:00:00,268.9999999999999,244.8762859404087,24.12371405959118,0.06451341665050951
2024-04-21 15:00:00,271.99999999999983,231.57652974128723,40.4234702587126,0.10810342772335117
2024-04-21 16:00:00,271.99999999999983,232.93260633945465,39.06739366054518,0.10447690759583383
2024-04-21 17:00:00,269.9999999999999,229.98158633708954,40.01841366291035,0.10702019547861984
2024-04-21 18:00:00,274.0,225.0032079219818,48.99679207801819,0.13103083770845936
2024-04-21 19:00:00,270.9999999999999,217.21386641263962,53.78613358736027,0.1438388482623285
2024-04-21 20:00:00,270.9999999999999,238.18856120109558,32.811438798904305,0.08774677136810166
2024-04-21 21:00:00,272.99999999999983,243.6696781218052,29.33032187819464,0.0784373115660115
2024-04-21 22:00:00,271.99999999999983,248.08849275112152,23.91150724887831,0.06394591753483532
2024-04-21 23:00:00,271.99999999999983,244.19703796505928,27.80296203494055,0.07435273314248587
2024-04-22 00:00:00,271.99999999999983,271.5070876479149,0.492912352084943,0.001318182592601061
2024-04-22 01:00:00,271.99999999999983,264.9598181247711,7.040181875228711,0.018827373989347154
2024-04-22 02:00:00,271.99999999999983,282.27235078811646,10.272350788116626,0.027471078654676625
2024-04-22 03:00:00,271.99999999999983,283.210971057415,11.210971057415179,0.02998120625610191
2024-04-22 04:00:00,268.9999999999999,283.6044108867645,14.60441088676464,0.03905619350924487
2024-04-22 05:00:00,267.9999999999999,299.0873819589615,31.0873819589616,0.08313617131830695
2024-04-22 06:00:00,305.99999999999994,288.37681978940964,17.623180210590306,0.047129209243002186
2024-04-22 07:00:00,362.99999999999994,308.5174575448036,54.482542455196324,0.1457012362569315
2024-04-22 08:00:00,409.99999999999983,313.4754779934883,96.52452200651152,0.25813300098877406
2024-04-22 09:00:00,463.9999999999999,319.362116754055,144.63788324594486,0.38680130274481966
2024-04-22 10:00:00,515.0,331.40308678150177,183.59691321849823,0.49098841616816696
2024-04-22 11:00:00,498.0,322.7433979511261,175.2566020488739,0.4686841404603827
2024-04-22 12:00:00,440.0,319.20683562755585,120.79316437244415,0.3230339956129058
2024-04-22 13:00:00,422.99999999999994,326.6330087184906,96.36699128150934,0.2577117206970156
2024-04-22 14:00:00,394.0,312.26385444402695,81.73614555597305,0.21858483319083674
2024-04-22 15:00:00,339.0,309.8538547754288,29.146145224571228,0.07794477276526329
2024-04-22 16:00:00,343.9999999999999,306.89362943172455,37.10637056827534,0.09923259490416621
2024-04-22 17:00:00,371.9999999999999,315.20646572113037,56.793534278869515,0.1518814611604543
2024-04-22 18:00:00,376.0,305.8405914902687,70.15940850973129,0.18762546853112147
2024-04-22 19:00:00,372.99999999999983,288.44727605581284,84.552723944187,0.2261171350013626
2024-04-22 20:00:00,343.9999999999999,294.1645011305809,49.835498869418984,0.13327376931292095
2024-04-22 21:00:00,279.0,295.6662994623184,16.66629946231842,0.044570248120945115
2024-04-22 22:00:00,269.9999999999999,294.24560844898224,24.245608448982352,0.06483939562334623
2024-04-22 23:00:00,270.9999999999999,290.8161172270775,19.816117227077598,0.05299372326781182
2024-04-23 00:00:00,274.0,308.31724137067795,34.31724137067795,0.09177369974514478
2024-04-23 01:00:00,267.9999999999999,310.65920412540436,42.65920412540447,0.11408239224370877
2024-04-23 02:00:00,271.99999999999983,342.4348032474518,70.43480324745195,0.1883619494649463
2024-04-23 03:00:00,270.9999999999999,352.57566690444946,81.57566690444958,0.21815566933639577
2024-04-23 04:00:00,269.9999999999999,365.323146879673,95.32314687967312,0.25492019495402213
2024-04-23 05:00:00,271.99999999999983,373.2171991467476,101.21719914674776,0.27068250455221965
2024-04-23 06:00:00,312.99999999999983,361.2568348646164,48.256834864616565,0.12905198951394806
2024-04-23 07:00:00,368.99999999999983,369.93658661842346,0.9365866184236324,0.002504689062156772
2024-04-23 08:00:00,418.0,364.6269044280052,53.37309557199478,0.14273427151631213
2024-04-23 09:00:00,468.9999999999999,372.28722363710403,96.71277636289585,0.2586364446832108
2024-04-23 10:00:00,517.9999999999999,362.4833580851555,155.5166419148444,0.4158940821117689
2024-04-23 11:00:00,500.99999999999994,354.8955899477005,146.10441005229944,0.3907231969711309
2024-04-23 12:00:00,440.99999999999994,353.6814880371094,87.31851196289057,0.23351360945703084
2024-04-23 13:00:00,426.9999999999999,352.25277185440063,74.74722814559925,0.1998945544171094
2024-04-23 14:00:00,393.0,348.7984675168991,44.20153248310089,0.11820700057334553
2024-04-23 15:00:00,359.99999999999994,346.9519704580307,13.048029541969242,0.03489400364429141
2024-04-23 16:00:00,371.0,352.44478583335876,18.555214166641235,0.049621723239420996
2024-04-23 17:00:00,412.0,365.18308997154236,46.81691002845764,0.12520123623976043
2024-04-23 18:00:00,429.99999999999983,357.35329806804657,72.64670193195326,0.19427717218187338
2024-04-23 19:00:00,390.99999999999983,342.8824719786644,48.11752802133543,0.12867944487174818
2024-04-23 20:00:00,342.99999999999994,342.6733750104904,0.3266249895095257,0.0008734846543382312
2024-04-23 21:00:00,285.99999999999994,337.46318131685257,51.463181316852626,0.13762663784910967
2024-04-23 22:00:00,280.0,337.52540588378906,57.52540588378906,0.15383868622398386
2024-04-23 23:00:00,283.9999999999999,329.78825747966766,45.78825747966778,0.12245033767145705
2024-04-24 00:00:00,283.9999999999999,301.6277316212654,17.627731621265525,0.04714138096135835
2024-04-24 01:00:00,276.0,299.2119491100311,23.211949110031128,0.06207510752725442
2024-04-24 02:00:00,274.0,328.2320237159729,54.2320237159729,0.1450312805543246
2024-04-24 03:00:00,276.0,333.3395719528198,57.339571952819824,0.15334171540983785
2024-04-24 04:00:00,271.99999999999983,340.5925843119621,68.5925843119623,0.18343535161798458
2024-04-24 05:00:00,279.0,360.29372602701187,81.29372602701187,0.21740168223258508
2024-04-24 06:00:00,321.99999999999994,343.2107073068619,21.210707306861934,0.056723238990455026
2024-04-24 07:00:00,371.9999999999999,352.99433290958405,19.00566709041584,0.05082635769500796
2024-04-24 08:00:00,410.99999999999983,351.65265440940857,59.34734559059126,0.1587110518608293
2024-04-24 09:00:00,469.99999999999983,353.0736994743347,116.92630052566511,0.3126929429100835
2024-04-24 10:00:00,517.9999999999999,352.35485672950745,165.64514327049244,0.44298046799696317
2024-04-24 11:00:00,498.99999999999994,340.16893208026886,158.83106791973108,0.42475776476371635
2024-04-24 12:00:00,440.0,334.9955892562866,105.00441074371338,0.2808105453296531
2024-04-24 13:00:00,426.9999999999999,340.88824689388275,86.11175310611713,0.2302864058543267
2024-04-24 14:00:00,393.0,333.4556418657303,59.544358134269714,0.15923791734614837
2024-04-24 15:00:00,359.99999999999994,333.26672583818436,26.733274161815586,0.07149209488112863
2024-04-24 16:00:00,371.9999999999999,337.4177151918411,34.58228480815876,0.09248249846786405
2024-04-24 17:00:00,422.99999999999994,356.352895796299,66.64710420370096,0.17823260512134215
2024-04-24 18:00:00,445.9999999999999,347.7819558978081,98.21804410219181,0.2626619427717674
2024-04-24 19:00:00,405.99999999999994,332.25868195295334,73.7413180470466,0.19720447538779504
2024-04-24 20:00:00,364.99999999999994,343.2302686572075,21.769731342792454,0.058218222327537664
2024-04-24 21:00:00,294.0,345.57234942913055,51.572349429130554,0.13791858327239473
2024-04-24 22:00:00,298.0,352.46337354183197,54.46337354183197,0.1456499733340019
2024-04-24 23:00:00,310.9999999999999,349.9536198377609,38.95361983776104,0.10417264524157681
2024-04-25 00:00:00,311.9999999999999,273.8115504384041,38.1884495615958,0.10212637041370855
2024-04-25 01:00:00,308.9999999999999,269.38897401094437,39.61102598905552,0.10593072929290914
2024-04-25 02:00:00,307.9999999999999,288.1801736354828,19.8198263645171,0.0530036425169149
2024-04-25 03:00:00,304.99999999999994,306.03821128606796,1.0382112860680195,0.0027764612490396323
2024-04-25 04:00:00,307.9999999999999,307.5259065628052,0.47409343719471053,0.0012678556614235067
2024-04-25 05:00:00,315.0,351.8720483779907,36.87204837799072,0.09860595320815915
2024-04-25 06:00:00,349.9999999999999,327.19170212745667,22.80829787254322,0.06099563359545337
2024-04-25 07:00:00,404.99999999999994,382.8592926263809,22.140707373619023,0.05921031381000785
2024-04-25 08:00:00,451.99999999999983,391.3350221514702,60.664977848529645,0.16223476129622338
2024-04-25 09:00:00,486.9999999999999,409.96675103902817,77.03324896097172,0.20600800000718536
2024-04-25 10:00:00,530.0,422.0881202816963,107.91187971830368,0.28858591345467854
2024-04-25 11:00:00,518.9999999999999,396.1977142095566,122.8022857904433,0.3284069363972586
2024-04-25 12:00:00,453.0,417.45691895484924,35.54308104515076,0.0950519306788491
2024-04-25 13:00:00,438.99999999999994,396.4839354157448,42.51606458425516,0.11369959791798774
2024-04-25 14:00:00,412.0,389.3916329741478,22.608367025852203,0.0604609637688253
2024-04-25 15:00:00,377.99999999999994,418.6187982559204,40.61879825592047,0.10862578827016633
2024-04-25 16:00:00,404.99999999999994,398.3369529247284,6.66304707527155,0.017818812271904245
2024-04-25 17:00:00,459.0,424.7572857141495,34.242714285850525,0.09157439391423738
2024-04-25 18:00:00,479.99999999999994,431.580066382885,48.419933617114964,0.12948816023579943
2024-04-25 19:00:00,445.9999999999999,415.7541373372078,30.245862662792092,0.08088571830600877
2024-04-25 20:00:00,399.0,422.88535594940186,23.885355949401855,0.06387598179961192
2024-04-25 21:00:00,334.0,424.7942841053009,90.7942841053009,0.2428087758585079
2024-04-25 22:00:00,324.9999999999999,401.0852783918381,76.08527839183819,0.20347286714381863
2024-04-25 23:00:00,322.99999999999994,386.8359410762787,63.83594107627874,0.17071478520091268
2024-04-26 00:00:00,320.0,284.497092962265,35.502907037734985,0.09494449438307258
2024-04-26 01:00:00,320.0,283.84705424308777,36.15294575691223,0.09668287590366484
2024-04-26 02:00:00,320.0,295.2188962697983,24.78110373020172,0.06627145662798045
2024-04-26 03:00:00,320.0,304.7916251420975,15.208374857902527,0.040671358537965795
2024-04-26 04:00:00,323.99999999999994,300.8784404397011,23.121559560298863,0.06183338112192874
2024-04-26 05:00:00,327.9999999999999,325.61339914798737,2.3866008520125206,0.006382424147625384
2024-04-26 06:00:00,364.99999999999994,318.29940140247345,46.70059859752649,0.12489018762650202
2024-04-26 07:00:00,414.99999999999983,332.982274889946,82.01772511005385,0.21933785401705802
2024-04-26 08:00:00,460.99999999999994,338.10200840234756,122.89799159765238,0.3286628799307087
2024-04-26 09:00:00,509.9999999999999,332.3724800348282,177.6275199651717,0.47502462414380064
2024-04-26 10:00:00,571.0,352.0874297618866,218.9125702381134,0.5854321527323175
2024-04-26 11:00:00,544.9999999999999,321.39466792345047,223.60533207654942,0.5979818828019403
2024-04-26 12:00:00,487.99999999999983,320.32776296138763,167.6722370386122,0.4484014717665037
2024-04-26 13:00:00,470.99999999999983,319.6957218647003,151.3042781352995,0.4046290679882389
2024-04-26 14:00:00,438.99999999999994,310.34362614154816,128.6563738584518,0.34406237078465357
2024-04-26 15:00:00,399.0,305.4619038105011,93.5380961894989,0.25014648064813133
2024-04-26 16:00:00,414.99999999999983,289.1356408596039,125.86435914039595,0.3365957589538489
2024-04-26 17:00:00,461.99999999999994,300.366747379303,161.63325262069696,0.43225157391344055
2024-04-26 18:00:00,482.99999999999994,281.90508127212524,201.0949187278747,0.5377828739863444
2024-04-26 19:00:00,447.9999999999999,268.79785537719727,179.20214462280262,0.47923560162243317
2024-04-26 20:00:00,397.0,276.0055786371231,120.99442136287689,0.32357221191100743
2024-04-26 21:00:00,328.9999999999999,272.88024723529816,56.11975276470173,0.1500795849051007
2024-04-26 22:00:00,318.0,273.6533188819885,44.346681118011475,0.11859516776588926
2024-04-26 23:00:00,318.99999999999994,287.6167890429497,31.383210957050267,0.0839272990594107
2024-04-27 00:00:00,316.0,264.57180708646774,51.42819291353226,0.13753306927854184
2024-04-27 01:00:00,320.0,268.33363473415375,51.66636526584625,0.1381700073620189
2024-04-27 02:00:00,318.99999999999994,275.8746975660324,43.12530243396753,0.11532886674204462
2024-04-27 03:00:00,312.99999999999983,284.05476450920105,28.94523549079878,0.0774074851265528
2024-04-27 04:00:00,320.0,284.67164039611816,35.328359603881836,0.09447770675254316
2024-04-27 05:00:00,357.0,286.74641221761703,70.25358778238297,0.18787732969318843
2024-04-27 06:00:00,414.99999999999983,289.0601098537445,125.93989014625532,0.33679774954447694
2024-04-27 07:00:00,383.99999999999994,303.32644164562225,80.67355835437769,0.21574318406936716
2024-04-27 08:00:00,315.0,303.6632627248764,11.336737275123596,0.03031753955799478
2024-04-27 09:00:00,301.99999999999994,292.7472621202469,9.252737879753056,0.024744354559995015
2024-04-27 10:00:00,299.99999999999994,289.1535794734955,10.84642052650446,0.029006298319757127
2024-04-27 11:00:00,299.99999999999994,288.7465676665306,11.253432333469334,0.030094759334488897
2024-04-27 12:00:00,299.0,249.31091487407684,49.68908512592316,0.132882218873624
2024-04-27 13:00:00,299.0,270.1476475596428,28.85235244035721,0.0771590904175911
2024-04-27 14:00:00,291.99999999999983,242.83312797546387,49.16687202453596,0.1314856780546222
2024-04-27 15:00:00,293.0,239.44448545575142,53.55551454424858,0.14322210979581157
2024-04-27 16:00:00,300.99999999999994,244.2187088727951,56.78129112720484,0.15184871962063554
2024-04-27 17:00:00,303.99999999999994,235.9703542292118,68.02964577078814,0.18192989982205932
2024-04-27 18:00:00,304.99999999999994,239.59746524691582,65.40253475308413,0.1749042856378745
2024-04-27 19:00:00,307.9999999999999,240.6501343846321,67.34986561536778,0.18011198155752303
2024-04-27 20:00:00,307.9999999999999,261.59924894571304,46.40075105428684,0.12408831319535651
2024-04-27 21:00:00,307.9999999999999,268.13424468040466,39.86575531959522,0.10661194526958748
2024-04-27 22:00:00,309.99999999999983,270.9963682293892,39.00363177061064,0.1043063908436617
2024-04-27 23:00:00,309.99999999999983,267.47423350811005,42.52576649188978,0.11372554347545832
2024-04-28 00:00:00,307.9999999999999,283.4454122185707,24.554587781429177,0.06566569095918458
2024-04-28 01:00:00,310.9999999999999,282.2336411476135,28.76635885238636,0.076929120017663
2024-04-28 02:00:00,310.9999999999999,299.275324344635,11.724675655364877,0.03135499300721933
2024-04-28 03:00:00,310.9999999999999,304.8674511909485,6.1325488090514,0.016400114653598395
2024-04-28 04:00:00,309.99999999999983,306.8493729829788,3.1506270170210087,0.008425639308994232
2024-04-28 05:00:00,309.99999999999983,319.79827880859375,9.79827880859392,0.026203280376943333
2024-04-28 06:00:00,307.9999999999999,311.17033660411835,3.170336604118461,0.00847834814152667
2024-04-28 07:00:00,302.99999999999994,323.6499470472336,20.64994704723364,0.05522361251581337
2024-04-28 08:00:00,298.0,325.2579018473625,27.25790184736252,0.07289509295930496
2024-04-28 09:00:00,339.0,324.3101352453232,14.689864754676819,0.03928472054995667
2024-04-28 10:00:00,393.0,326.84644281864166,66.15355718135834,0.17691272524669452
2024-04-28 11:00:00,375.0,318.2189726829529,56.78102731704712,0.1518480141200406
2024-04-28 12:00:00,306.9999999999999,303.7080502510071,3.2919497489928062,0.008803574989518517
2024-04-28 13:00:00,301.99999999999994,312.9201775789261,10.920177578926143,0.02920354487317089
2024-04-28 14:00:00,302.99999999999994,298.8950139284134,4.104986071586552,0.010977856731621759
2024-04-28 15:00:00,303.99999999999994,297.045094370842,6.954905629157963,0.018599321958073543
2024-04-28 16:00:00,303.99999999999994,298.06730031967163,5.932699680328312,0.015865663363191566
2024-04-28 17:00:00,306.9999999999999,307.16796040534973,0.16796040534984513,0.00044917211273340124
2024-04-28 18:00:00,305.99999999999994,302.54384011030197,3.4561598896979717,0.009242717867741251
2024-04-28 19:00:00,306.9999999999999,295.1152476668358,11.884752333164101,0.031783081873858206
2024-04-28 20:00:00,307.9999999999999,309.4687056541443,1.4687056541444008,0.0039277210618862135
2024-04-28 21:00:00,306.9999999999999,313.78547966480255,6.785479664802665,0.018146230539278434
2024-04-28 22:00:00,315.0,319.11501824855804,4.115018248558044,0.011004685519729378
2024-04-28 23:00:00,316.0,318.48867148160934,2.4886714816093445,0.006655388958876813
2024-04-29 00:00:00,316.0,244.82620239257812,71.17379760742188,0.1903382227257447
2024-04-29 01:00:00,316.0,267.60900914669037,48.39099085330963,0.12941075936063656
2024-04-29 02:00:00,317.0,258.5256090760231,58.4743909239769,0.15637653206071966
2024-04-29 03:00:00,320.0,315.624777674675,4.375222325325012,0.011700542466846294
2024-04-29 04:00:00,320.0,309.7161877155304,10.283812284469604,0.02750172983416878
2024-04-29 05:00:00,315.0,399.6170264482498,84.61702644824982,0.226289097503738
2024-04-29 06:00:00,311.9999999999999,351.95389330387115,39.95389330387127,0.1068476503723876
2024-04-29 07:00:00,343.9999999999999,457.0118576288223,113.01185762882244,0.30222465079988764
2024-04-29 08:00:00,408.9999999999999,453.1379136443138,44.137913644313926,0.11803686637911048
2024-04-29 09:00:00,459.99999999999994,446.38204872608185,13.617951273918095,0.03641813040439857
2024-04-29 10:00:00,516.0,483.3009847998619,32.69901520013809,0.08744611988257012
2024-04-29 11:00:00,491.99999999999983,479.38703298568726,12.612967014312574,0.033730527321930534
2024-04-29 12:00:00,473.0,509.02652084827423,36.02652084827423,0.09634478108187171
2024-04-29 13:00:00,476.0,466.08094811439514,9.919051885604858,0.0265262606534515
2024-04-29 14:00:00,441.99999999999994,522.3490691184998,80.34906911849981,0.21487541100502544
2024-04-29 15:00:00,399.0,532.6771080493927,133.6771080493927,0.35748918872618235
2024-04-29 16:00:00,416.0,536.6164630651474,120.6164630651474,0.3225614479350414
2024-04-29 17:00:00,426.9999999999999,540.5678558349609,113.56785583496105,0.30371154223961166
2024-04-29 18:00:00,428.99999999999983,575.3311783075333,146.33117830753343,0.3913296373764881
2024-04-29 19:00:00,412.0,477.7130475640297,65.7130475640297,0.17573468191509647
2024-04-29 20:00:00,325.9999999999999,559.5950603485107,233.59506034851086,0.6246971514642379
2024-04-29 21:00:00,321.0,566.5310490131378,245.53104901313782,0.6566172533173223
2024-04-29 22:00:00,320.0,524.5643699169159,204.5643699169159,0.5470611364277876
2024-04-29 23:00:00,320.0,468.0108833312988,148.01088333129883,0.39582162852596237
2024-04-30 00:00:00,320.0,295.0531116127968,24.946888387203217,0.06671481019389404
2024-04-30 01:00:00,320.0,301.0935562849045,18.90644371509552,0.050561007221291636
2024-04-30 02:00:00,318.99999999999994,327.19276428222656,8.19276428222662,0.021909694931430287
2024-04-30 03:00:00,318.0,338.9618521928787,20.961852192878723,0.05605773227725363
2024-04-30 04:00:00,322.99999999999994,351.4353847503662,28.435384750366268,0.07604400464565164
2024-04-30 05:00:00,327.9999999999999,352.67432928085327,24.674329280853385,0.0659859125147721
2024-04-30 06:00:00,327.9999999999999,347.7838146686554,19.78381466865551,0.052907337381906616
2024-04-30 07:00:00,365.9999999999999,357.4525800347328,8.547419965267068,0.022858141335285864
2024-04-30 08:00:00,413.99999999999983,350.88654577732086,63.11345422267897,0.168782657532028
2024-04-30 09:00:00,463.9999999999999,349.56283539533615,114.43716460466374,0.3060363119131054
2024-04-30 10:00:00,473.99999999999983,334.4165378808975,139.5834621191023,0.37328439671295227
2024-04-30 11:00:00,468.9999999999999,332.46506452560425,136.53493547439564,0.3651318017553799
2024-04-30 12:00:00,472.0,310.4730615019798,161.52693849802017,0.4319672608397928
2024-04-30 13:00:00,437.0,318.846293091774,118.15370690822601,0.31597536365019185
2024-04-30 14:00:00,418.99999999999994,304.42745357751846,114.57254642248148,0.3063983599625145
2024-04-30 15:00:00,386.9999999999999,301.1103442311287,85.8896557688712,0.2296924567626022
2024-04-30 16:00:00,353.0,310.30367732048035,42.69632267951965,0.11418165742075331
2024-04-30 17:00:00,367.9999999999999,310.9652227163315,57.034777283668404,0.15252661100944384
2024-04-30 18:00:00,340.99999999999994,309.4500884413719,31.549911558628025,0.08437310211191375
2024-04-30 19:00:00,322.99999999999994,300.89103877544403,22.108961224555912,0.05912541591507764
2024-04-30 20:00:00,327.9999999999999,307.7594920992851,20.24050790071476,0.05412866013049029
2024-04-30 21:00:00,321.0,305.3753972053528,15.624602794647217,0.04178446600717475
2024-04-30 22:00:00,311.9999999999999,305.1161724328995,6.883827567100411,0.018409239758421268
2024-04-30 23:00:00,307.9999999999999,295.58286130428314,12.417138695716744,0.033206828778732184
2024-05-01 00:00:00,305.99999999999994,320.89277029037476,14.892770290374813,0.03982734550948172
2024-05-01 01:00:00,303.99999999999994,327.9208713769913,23.92087137699133,0.06397095977737856
2024-05-01 02:00:00,303.99999999999994,343.66094291210175,39.6609429121018,0.10606422081276555
2024-05-01 03:00:00,303.99999999999994,347.1613919734955,43.16139197349554,0.11542538005233109
2024-05-01 04:00:00,303.99999999999994,358.5533559322357,54.553355932235775,0.14589061088379998
2024-05-01 05:00:00,303.99999999999994,366.41400933265686,62.41400933265692,0.1669121503828139
2024-05-01 06:00:00,285.99999999999994,369.25527334213257,83.25527334213263,0.2226473968396922
2024-05-01 07:00:00,278.0,353.9555534720421,75.95555347204208,0.20312594718862073
2024-05-01 08:00:00,277.0,360.1316884160042,83.13168841600418,0.2223168969087383
2024-05-01 09:00:00,276.0,333.31396222114563,57.31396222114563,0.15327322797520304
2024-05-01 10:00:00,276.0,290.5930057168007,14.59300571680069,0.03902569296193957
2024-05-01 11:00:00,276.0,300.19007563591003,24.190075635910034,0.06469088567588709
2024-05-01 12:00:00,274.0,235.23158133029938,38.76841866970062,0.10367736660870426
2024-05-01 13:00:00,277.0,255.48244714736938,21.517552852630615,0.05754382799646911
2024-05-01 14:00:00,276.0,223.64381209015846,52.35618790984154,0.1400147819907138
2024-05-01 15:00:00,276.0,242.6045286655426,33.3954713344574,0.0893086342806912
2024-05-01 16:00:00,277.0,261.13092720508575,15.869072794914246,0.04243824572562181
2024-05-01 17:00:00,277.0,235.449441075325,41.55055892467499,0.11111757142152642
2024-05-01 18:00:00,298.0,269.912468791008,28.087531208992004,0.07511374903108922
2024-05-01 19:00:00,306.9999999999999,262.9244640469551,44.07553595304478,0.11787005135317366
2024-05-01 20:00:00,307.9999999999999,295.97084283828735,12.029157161712533,0.032169259924529736
2024-05-01 21:00:00,305.99999999999994,326.0161328315735,20.016132831573543,0.0535286197600176
2024-05-01 22:00:00,303.99999999999994,313.60762774944305,9.607627749443111,0.025693427243073715
2024-05-01 23:00:00,303.99999999999994,320.77215671539307,16.772156715393123,0.044853339400182504
2024-05-02 00:00:00,303.99999999999994,306.52644842863083,2.5264484286308857,0.006756414858825911
2024-05-02 01:00:00,303.99999999999994,298.87146949768066,5.128530502319279,0.013715094793599022
2024-05-02 02:00:00,303.99999999999994,327.5626891851425,23.562689185142574,0.0630130825233848
2024-05-02 03:00:00,303.99999999999994,328.4466379880905,24.446637988090572,0.06537700365432818
2024-05-02 04:00:00,301.99999999999994,331.83367252349854,29.833672523498592,0.07978340901276373
2024-05-02 05:00:00,306.9999999999999,353.22901010513306,46.22901010513317,0.12362903087335023
2024-05-02 06:00:00,311.9999999999999,333.1689190864563,21.168919086456413,0.056611485847160206
2024-05-02 07:00:00,305.99999999999994,347.05883502960205,41.05883502960211,0.10980256708838412
2024-05-02 08:00:00,302.99999999999994,346.33078694343567,43.330786943435726,0.11587838858357369
2024-05-02 09:00:00,342.99999999999994,353.54712545871735,10.547125458717403,0.02820590135924382
2024-05-02 10:00:00,399.0,359.50953125953674,39.49046874046326,0.10560832620068797
2024-05-02 11:00:00,389.9999999999999,349.8163068294525,40.18369317054737,0.1074621981368191
2024-05-02 12:00:00,402.99999999999994,355.7936418056488,47.20635819435114,0.1262427272692097
2024-05-02 13:00:00,409.99999999999983,361.99606508016586,48.003934919833966,0.12837566581568388
2024-05-02 14:00:00,376.0,357.1659457683563,18.834054231643677,0.05036741792175394
2024-05-02 15:00:00,323.99999999999994,360.5313831567764,36.531383156776485,0.09769492112992101
2024-05-02 16:00:00,325.9999999999999,363.5453063249588,37.545306324958915,0.1004064293014644
2024-05-02 17:00:00,362.99999999999994,380.9589207172394,17.958920717239437,0.04802707128606918
2024-05-02 18:00:00,323.99999999999994,369.309384226799,45.30938422679907,0.12116969947417162
2024-05-02 19:00:00,310.9999999999999,343.9357164502144,32.9357164502145,0.08807912383586497
2024-05-02 20:00:00,311.9999999999999,344.9596041440964,32.95960414409649,0.08814300606993646
2024-05-02 21:00:00,310.9999999999999,343.3999478816986,32.39994788169872,0.08664633198617201
2024-05-02 22:00:00,309.99999999999983,343.2459354400635,33.24593544006365,0.0889087343550247
2024-05-02 23:00:00,299.99999999999994,333.8463968038559,33.84639680385595,0.09051453245266317
2024-05-03 00:00:00,296.0,293.49920868873596,2.500791311264038,0.006687800701874387
2024-05-03 01:00:00,299.0,302.0431226491928,3.04312264919281,0.008138143193913528
2024-05-03 02:00:00,299.99999999999994,328.0138099193573,28.013809919357357,0.07491659811716012
2024-05-03 03:00:00,299.99999999999994,344.4769138097763,44.47691380977636,0.11894344564236348
2024-05-03 04:00:00,299.99999999999994,359.9831932783127,59.98319327831274,0.16041148267769723
2024-05-03 05:00:00,294.0,353.92705231904984,59.927052319049835,0.16026134638080944
2024-05-03 06:00:00,296.0,352.9759222269058,56.97592222690582,0.1523692164727015
2024-05-03 07:00:00,296.0,362.0829552412033,66.08295524120331,0.17672391632737536
2024-05-03 08:00:00,331.99999999999983,357.397141456604,25.397141456604174,0.06791891018416422
2024-05-03 09:00:00,358.0,370.2139565348625,12.213956534862518,0.03266346404779731
2024-05-03 10:00:00,385.9999999999999,356.02005779743195,29.97994220256794,0.08017457418433836
2024-05-03 11:00:00,382.99999999999994,350.74327290058136,32.25672709941858,0.08626332039942271
2024-05-03 12:00:00,389.9999999999999,349.63060677051544,40.369393229484444,0.10795881094049593
2024-05-03 13:00:00,403.9999999999999,339.56084847450256,64.43915152549732,0.17232793510570138
2024-05-03 14:00:00,363.99999999999994,337.0069268345833,26.99307316541666,0.07218686855168786
2024-05-03 15:00:00,304.99999999999994,330.323406457901,25.323406457901058,0.06772172260843239
2024-05-03 16:00:00,287.9999999999999,331.84588730335236,43.84588730335247,0.11725590798436115
2024-05-03 17:00:00,335.0,337.0158666372299,2.0158666372299194,0.005390979347467827
2024-05-03 18:00:00,354.99999999999983,331.1766707897186,23.8233292102812,0.0637101053158135
2024-05-03 19:00:00,311.9999999999999,327.021019756794,15.02101975679409,0.04017031969835969
2024-05-03 20:00:00,298.0,321.2288537621498,23.22885376214981,0.06212031519564124
2024-05-03 21:00:00,299.99999999999994,311.51240944862366,11.512409448623714,0.030787335050302393
2024-05-03 22:00:00,299.0,307.0412689447403,8.041268944740295,0.021504554918423915
2024-05-03 23:00:00,299.99999999999994,302.1517279744148,2.1517279744148823,0.0057543097629609635
2024-05-04 00:00:00,298.0,293.1194293498993,4.880570650100708,0.013051982255485704
2024-05-04 01:00:00,293.0,296.1336475610733,3.1336475610733032,0.00838023159468675
2024-05-04 02:00:00,287.9999999999999,316.96881651878357,28.968816518783683,0.07747054725204805
2024-05-04 03:00:00,286.99999999999994,324.5343679189682,37.53436791896826,0.10037717700882719
2024-05-04 04:00:00,291.99999999999983,330.502792596817,38.50279259681719,0.10296700975938841
2024-05-04 05:00:00,291.99999999999983,337.2467967867851,45.246796786785296,0.12100232352266088
2024-05-04 06:00:00,291.99999999999983,330.8625680208206,38.86256802082079,0.10392914775240321
2024-05-04 07:00:00,277.0,341.37433022260666,64.37433022260666,0.17215458519320928
2024-05-04 08:00:00,267.9999999999999,335.3100460767746,67.31004607677471,0.18000549320843467
2024-05-04 09:00:00,267.9999999999999,323.9023858308792,55.902385830879325,0.14949828620735092
2024-05-04 10:00:00,269.9999999999999,312.3396509885788,42.33965098857891,0.11322781965977415
2024-05-04 11:00:00,308.9999999999999,312.8533208370209,3.8533208370209877,0.0103048349865509
2024-05-04 12:00:00,288.9999999999999,277.07980066537857,11.920199334621316,0.031877876861411594
2024-05-04 13:00:00,266.9999999999999,299.7298675775528,32.72986757755291,0.08752862758739136
2024-05-04 14:00:00,267.9999999999999,277.09393322467804,9.093933224678153,0.02431966743041041
2024-05-04 15:00:00,267.9999999999999,277.74040192365646,9.740401923656577,0.026048501739492524
2024-05-04 16:00:00,267.9999999999999,290.3411865234375,22.341186523437614,0.059746449949328595
2024-05-04 17:00:00,266.9999999999999,287.0841774344444,20.08417743444454,0.053710589659220986
2024-05-04 18:00:00,280.0,289.06896114349365,9.068961143493652,0.02425288524777856
2024-05-04 19:00:00,290.99999999999983,279.4486418366432,11.55135816335661,0.03089149457795051
2024-05-04 20:00:00,291.99999999999983,295.950602889061,3.9506028890611447,0.01056499383026709
2024-05-04 21:00:00,293.0,299.53679144382477,6.536791443824768,0.01748117014366981
2024-05-04 22:00:00,294.99999999999983,302.01423794031143,7.014237940311602,0.01875799280373342
2024-05-04 23:00:00,298.0,290.218448638916,7.781551361083984,0.020809998987090385
2024-05-05 00:00:00,299.0,284.75059390068054,14.249406099319458,0.03810681350462362
2024-05-05 01:00:00,291.99999999999983,288.67142021656036,3.3285797834394657,0.008901533731209053
2024-05-05 02:00:00,291.99999999999983,298.48723500967026,6.487235009670428,0.017348642669815038
2024-05-05 03:00:00,293.0,308.1893402338028,15.189340233802795,0.040620454741299224
2024-05-05 04:00:00,293.0,308.0294269323349,15.0294269323349,0.040192802787704
2024-05-05 05:00:00,291.99999999999983,314.0050506591797,22.005050659179858,0.05884753061176423
2024-05-05 06:00:00,291.99999999999983,312.2840943932533,20.284094393253497,0.05424522234584982
2024-05-05 07:00:00,275.0,320.1244783401489,45.124478340148926,0.12067521050464043
2024-05-05 08:00:00,265.9999999999999,319.412362575531,53.41236257553112,0.1428392822353705
2024-05-05 09:00:00,265.9999999999999,310.4609942436218,44.46099424362194,0.11890087236356907
2024-05-05 10:00:00,264.99999999999994,305.8573204278946,40.85732042789465,0.109263661867198
2024-05-05 11:00:00,267.9999999999999,301.37915790081024,33.379157900810355,0.08926500769237762
2024-05-05 12:00:00,267.9999999999999,271.1494070291519,3.14940702915203,0.008422376727390688
2024-05-05 13:00:00,264.99999999999994,286.6509658098221,21.65096580982214,0.05790061077347485
2024-05-05 14:00:00,264.99999999999994,268.72530430555344,3.725304305553493,0.009962483729513347
2024-05-05 15:00:00,270.9999999999999,268.34691166877747,2.6530883312224205,0.007095084633317761
2024-05-05 16:00:00,276.0,272.7569192647934,3.243080735206604,0.008672885865949035
2024-05-05 17:00:00,276.0,274.3826061487198,1.6173938512802124,0.0043253540129790805
2024-05-05 18:00:00,289.9999999999999,276.66753709316254,13.33246290683735,0.0356546563419529
2024-05-05 19:00:00,301.99999999999994,280.4465362429619,21.55346375703806,0.05763986358753155
2024-05-05 20:00:00,303.99999999999994,301.9294720888138,2.0705279111861614,0.00553715856069659
2024-05-05 21:00:00,299.99999999999994,308.3735355734825,8.37353557348257,0.02239312686079396
2024-05-05 22:00:00,304.99999999999994,316.032350063324,11.032350063324031,0.029503524810124526
2024-05-05 23:00:00,302.99999999999994,315.5409264564514,12.540926456451473,0.03353787114496095
2024-05-06 00:00:00,303.99999999999994,273.55527609586716,30.444723904132786,0.08141752771506405
2024-05-06 01:00:00,303.99999999999994,257.4454861879349,46.55451381206507,0.12449951691106023
2024-05-06 02:00:00,303.99999999999994,277.2910809516907,26.70891904830927,0.07142696263899866
2024-05-06 03:00:00,303.99999999999994,287.61811673641205,16.381883263587895,0.043809641330235724
2024-05-06 04:00:00,303.99999999999994,277.8893691301346,26.11063086986536,0.06982697623401636
2024-05-06 05:00:00,310.9999999999999,325.60159742832184,14.601597428321952,0.03904866955102295
2024-05-06 06:00:00,312.99999999999983,297.9003944993019,15.099605500697919,0.04038047949492892
2024-05-06 07:00:00,347.9999999999999,344.72982466220856,3.270175337791329,0.008745344251967477
2024-05-06 08:00:00,403.9999999999999,356.5242862701416,47.475713729858285,0.1269630577227364
2024-05-06 09:00:00,419.99999999999994,383.4529781341553,36.54702186584467,0.09773674331996603
2024-05-06 10:00:00,448.9999999999999,398.2865300774574,50.71346992254246,0.1356217043040805
2024-05-06 11:00:00,427.9999999999999,372.46540009975433,55.53459990024555,0.1485147259262698
2024-05-06 12:00:00,408.9999999999999,402.51936435699463,6.480635643005257,0.01733099415639592
2024-05-06 13:00:00,412.0,375.2260288596153,36.773971140384674,0.09834366782051196
2024-05-06 14:00:00,377.0,362.2044539451599,14.795546054840088,0.039567341282931656
2024-05-06 15:00:00,340.99999999999994,393.5652521252632,52.56525212526327,0.14057387694611315
2024-05-06 16:00:00,353.0,364.7236195206642,11.723619520664215,0.031352168613852094
2024-05-06 17:00:00,399.99999999999994,396.67500525712967,3.324994742870274,0.008891946351115843
2024-05-06 18:00:00,427.9999999999999,397.042835354805,30.957164645194894,0.08278793456681048
2024-05-06 19:00:00,391.99999999999983,385.7482060790062,6.251793920993634,0.016719008733144466
2024-05-06 20:00:00,331.99999999999983,378.52263271808624,46.52263271808641,0.12441425813647693
2024-05-06 21:00:00,316.0,383.3277028799057,67.3277028799057,0.18005271233457304
2024-05-06 22:00:00,320.0,366.24612987041473,46.246129870414734,0.1236748138132342
2024-05-06 23:00:00,318.99999999999994,349.25354182720184,30.2535418272019,0.08090625449425383
2024-05-07 00:00:00,313.99999999999983,294.5947328209877,19.405267179012128,0.05189499774543765
2024-05-07 01:00:00,307.9999999999999,308.33703875541687,0.3370387554169838,0.0009013339157425551
2024-05-07 02:00:00,308.9999999999999,338.31225603818893,29.312256038189048,0.07838899856327307
2024-05-07 03:00:00,318.0,358.7360465526581,40.73604655265808,0.10893934231911216
2024-05-07 04:00:00,318.0,380.4508566856384,62.45085668563843,0.16701069029377008
2024-05-07 05:00:00,320.0,369.64549720287323,49.64549720287323,0.13276565283268585
2024-05-07 06:00:00,320.0,371.2659913301468,51.26599133014679,0.13709929783255015
2024-05-07 07:00:00,356.0,377.6125431060791,21.6125431060791,0.057797857943239404
2024-05-07 08:00:00,407.9999999999999,369.6263489127159,38.373651087283974,0.10262165000297563
2024-05-07 09:00:00,447.9999999999999,378.5359686613083,69.4640313386916,0.18576583957623838
2024-05-07 10:00:00,501.99999999999994,354.20412719249725,147.7958728075027,0.39524663151382566
2024-05-07 11:00:00,475.0,350.1986235380173,124.80137646198273,0.33375305221908386
2024-05-07 12:00:00,437.99999999999994,338.5733985900879,99.42660140991205,0.26589395592473275
2024-05-07 13:00:00,450.99999999999983,328.69648039340973,122.3035196065901,0.3270730990556858
2024-05-07 14:00:00,424.99999999999994,323.11258524656296,101.88741475343699,0.2724748445946032
2024-05-07 15:00:00,390.99999999999983,313.23970913887024,77.76029086112959,0.20795230911777254
2024-05-07 16:00:00,400.99999999999994,318.6411792039871,82.35882079601282,0.22025003727588807
2024-05-07 17:00:00,449.9999999999999,321.0900950431824,128.9099049568175,0.34474038236041366
2024-05-07 18:00:00,473.99999999999983,318.19241881370544,155.80758118629439,0.41667213338499676
2024-05-07 19:00:00,436.0,318.3305284380913,117.66947156190872,0.3146803857468432
2024-05-07 20:00:00,385.9999999999999,316.32845520973206,69.67154479026783,0.18632078736450403
2024-05-07 21:00:00,324.9999999999999,307.094170153141,17.905829846858865,0.04788509176199012
2024-05-07 22:00:00,307.9999999999999,304.965700507164,3.034299492835885,0.008114547657968242
2024-05-07 23:00:00,307.9999999999999,300.4294440150261,7.570555984973794,0.020245739579243697
2024-05-08 00:00:00,304.99999999999994,318.78852367401123,13.788523674011287,0.03687428770625958
2024-05-08 01:00:00,303.99999999999994,319.19125735759735,15.191257357597408,0.040625581655249
2024-05-08 02:00:00,302.99999999999994,350.44775784015656,47.44775784015661,0.1268882960191403
2024-05-08 03:00:00,303.99999999999994,360.23967415094376,56.23967415094381,0.1504002875272936
2024-05-08 04:00:00,344.9999999999999,370.2840292453766,25.2840292453767,0.06761641716036397
2024-05-08 05:00:00,399.0,380.0627866387367,18.937213361263275,0.0506432936801058
2024-05-08 06:00:00,454.0,365.81336081027985,88.18663918972015,0.2358352193613665
2024-05-08 07:00:00,462.9999999999999,372.8707891702652,90.12921082973469,0.24103018781755642
2024-05-08 08:00:00,479.99999999999994,368.1391257047653,111.86087429523462,0.2991466062179415
2024-05-08 09:00:00,482.99999999999994,381.09399139881134,101.9060086011886,0.272524569634627
2024-05-08 10:00:00,531.0,374.91310626268387,156.08689373731613,0.41741909162431556
2024-05-08 11:00:00,502.99999999999994,365.5525133013725,137.44748669862742,0.36757221359239517
2024-05-08 12:00:00,483.99999999999994,377.1186116337776,106.88138836622232,0.2858300974228955
2024-05-08 13:00:00,487.99999999999983,370.8328092098236,117.16719079017622,0.31333714943496055
2024-05-08 14:00:00,487.99999999999983,375.24151861667633,112.7584813833235,0.30154705334309323
2024-05-08 15:00:00,487.99999999999983,376.52418851852417,111.47581148147566,0.2981168428208425
2024-05-08 16:00:00,451.99999999999983,379.6563059091568,72.34369409084303,0.19346684624890853
2024-05-08 17:00:00,447.9999999999999,397.58595049381256,50.414049506187325,0.13482097212717475
2024-05-08 18:00:00,463.9999999999999,387.22973495721817,76.77026504278172,0.2053047090029617
2024-05-08 19:00:00,436.0,371.49898678064346,64.50101321935654,0.17249337021328004
2024-05-08 20:00:00,386.9999999999999,365.8309453725815,21.169054627418404,0.056611848320804715
2024-05-08 21:00:00,317.0,358.03853541612625,41.03853541612625,0.10974828036376215
2024-05-08 22:00:00,308.9999999999999,356.9512724876404,47.951272487640495,0.12823483205262673
2024-05-08 23:00:00,307.9999999999999,349.1712838411331,41.17128384113323,0.1101032859997525
2024-05-09 00:00:00,308.9999999999999,315.43751388788223,6.437513887882346,0.01721567477613492
2024-05-09 01:00:00,308.9999999999999,338.0727696418762,29.072769641876334,0.07774854636634826
2024-05-09 02:00:00,309.99999999999983,368.33627343177795,58.336273431778125,0.1560071680689673
2024-05-09 03:00:00,310.9999999999999,400.4594922065735,89.4594922065736,0.23923917684520496
2024-05-09 04:00:00,307.9999999999999,427.39945471286774,119.39945471286785,0.3193068343749646
2024-05-09 05:00:00,308.9999999999999,401.3280987739563,92.32809877395641,0.24691061625253688
2024-05-09 06:00:00,304.99999999999994,410.4276376962662,105.42763769626623,0.28194237008351647
2024-05-09 07:00:00,323.99999999999994,407.23828196525574,83.2382819652558,0.2226019572455562
2024-05-09 08:00:00,372.99999999999983,395.7156729698181,22.715672969818286,0.060747929244168754
2024-05-09 09:00:00,413.99999999999983,418.6490696668625,4.649069666862658,0.012432885239588971
2024-05-09 10:00:00,476.0,383.4500277042389,92.54997229576111,0.24750396680048917
2024-05-09 11:00:00,448.9999999999999,378.3332446217537,70.6667553782462,0.1889822529729359
2024-05-09 12:00:00,395.0,387.46975243091583,7.5302475690841675,0.020137943838406037
2024-05-09 13:00:00,381.99999999999994,355.1473206281662,26.852679371833744,0.07181141710676579
2024-05-09 14:00:00,365.9999999999999,369.2220515012741,3.2220515012742226,0.008616647936450722
2024-05-09 15:00:00,359.99999999999994,358.94027531147003,1.0597246885299114,0.002833993977754858
2024-05-09 16:00:00,390.99999999999983,360.3865760564804,30.61342394351942,0.08186867781172921
2024-05-09 17:00:00,412.0,367.1503186225891,44.84968137741089,0.11994032818479446
2024-05-09 18:00:00,455.99999999999994,363.5047084093094,92.49529159069056,0.24735773562314034
2024-05-09 19:00:00,444.9999999999999,376.7370620369911,68.26293796300877,0.18255378702122205
2024-05-09 20:00:00,390.99999999999983,359.61014091968536,31.389859080314466,0.08394507796132554
2024-05-09 21:00:00,336.0,339.19897824525833,3.1989782452583313,0.008554943732232414
2024-05-09 22:00:00,305.99999999999994,333.6027207970619,27.602720797061977,0.07381723324483483
2024-05-09 23:00:00,303.99999999999994,332.1387764811516,28.138776481151638,0.07525079292018676
2024-05-10 00:00:00,304.99999999999994,302.0412343740463,2.9587656259536175,0.007912549416181653
2024-05-10 01:00:00,307.9999999999999,312.8928565979004,4.892856597900504,0.013084838243887686
2024-05-10 02:00:00,307.9999999999999,337.8543198108673,29.854319810867423,0.07983862551257126
2024-05-10 03:00:00,307.9999999999999,358.16673159599304,50.166731595993156,0.13415957631780326
2024-05-10 04:00:00,307.9999999999999,374.1374087333679,66.13740873336803,0.1768695398752014
2024-05-10 05:00:00,310.9999999999999,362.9401731491089,51.940173149109,0.13890224461253053
2024-05-10 06:00:00,310.9999999999999,364.43857848644257,53.43857848644268,0.1429093907592625
2024-05-10 07:00:00,346.9999999999999,370.2758565545082,23.275856554508323,0.06224601353212755
2024-05-10 08:00:00,383.99999999999994,365.020934343338,18.97906565666193,0.050755218177476476
2024-05-10 09:00:00,423.99999999999994,384.8976266384125,39.10237336158747,0.10457045289412732
2024-05-10 10:00:00,448.9999999999999,368.95368039608,80.04631960391987,0.21406577590793432
2024-05-10 11:00:00,459.99999999999994,362.845641374588,97.15435862541193,0.2598173565617384
2024-05-10 12:00:00,396.0,373.52115243673325,22.478847563266754,0.06011459326246444
2024-05-10 13:00:00,385.9999999999999,353.86459171772003,32.135408282279855,0.08593888066438506
2024-05-10 14:00:00,353.0,360.5156868696213,7.515686869621277,0.020099004541212752
2024-05-10 15:00:00,313.99999999999983,354.5598605275154,40.55986052751558,0.10846817264681637
2024-05-10 16:00:00,330.9999999999999,353.3064293861389,22.30642938613903,0.0596534998474254
2024-05-10 17:00:00,382.99999999999994,361.07771426439285,21.92228573560709,0.058626194544469296
2024-05-10 18:00:00,451.99999999999983,354.08970952033997,97.91029047965986,0.26183892531985004
2024-05-10 19:00:00,423.99999999999994,354.2815464735031,69.71845352649683,0.18644623416914674
2024-05-10 20:00:00,387.9999999999999,340.9949344396591,47.00506556034077,0.12570441565042204
2024-05-10 21:00:00,313.99999999999983,326.3956171274185,12.395617127418689,0.03314927421233519
2024-05-10 22:00:00,303.99999999999994,319.78963404893875,15.789634048938808,0.04222580476795469
2024-05-10 23:00:00,304.99999999999994,316.1049896478653,11.104989647865352,0.029697782948455053
2024-05-11 00:00:00,307.9999999999999,289.3512287735939,18.648771226405984,0.04987192043386172
2024-05-11 01:00:00,307.9999999999999,298.89699071645737,9.10300928354252,0.02434393929690721
2024-05-11 02:00:00,307.9999999999999,328.293097615242,20.293097615242118,0.05426929942659759
2024-05-11 03:00:00,307.9999999999999,343.01559537649155,35.01559537649166,0.09364128957129346
2024-05-11 04:00:00,307.9999999999999,361.18510991334915,53.185109913349265,0.14223154639320046
2024-05-11 05:00:00,304.99999999999994,358.2439148426056,53.24391484260565,0.14238880687526592
2024-05-11 06:00:00,301.99999999999994,355.82704067230225,53.8270406723023,0.14394824500813244
2024-05-11 07:00:00,354.99999999999983,365.4095059633255,10.409505963325671,0.027837869147308784
2024-05-11 08:00:00,390.99999999999983,358.07597637176514,32.92402362823469,0.08804785402830796
2024-05-11 09:00:00,418.0,357.8342181444168,60.16578185558319,0.1608997745274503
2024-05-11 10:00:00,472.0,337.49808490276337,134.50191509723663,0.3596949486105181
2024-05-11 11:00:00,523.0,334.9945271015167,188.00547289848328,0.5027781118493937
2024-05-11 12:00:00,502.99999999999994,310.49628138542175,192.5037186145782,0.5148076525478925
2024-05-11 13:00:00,473.0,314.3750935792923,158.6249064207077,0.4242064324667518
2024-05-11 14:00:00,503.99999999999994,298.9074057340622,205.09259426593775,0.5484737529688896
2024-05-11 15:00:00,401.99999999999994,290.9759420156479,111.02405798435205,0.2969087302760135
2024-05-11 16:00:00,344.9999999999999,300.0943046808243,44.90569531917561,0.12009012480211374
2024-05-11 17:00:00,282.99999999999994,299.8721668124199,16.872166812419948,0.04512079378315237
2024-05-11 18:00:00,288.9999999999999,298.5578387975693,9.557838797569389,0.025560277953172207
2024-05-11 19:00:00,296.0,292.68491953611374,3.315080463886261,0.008865432854508104
2024-05-11 20:00:00,303.99999999999994,299.5428693294525,4.4571306705474285,0.01191958780909477
2024-05-11 21:00:00,303.99999999999994,296.3411217927933,7.658878207206669,0.020481937384786122
2024-05-11 22:00:00,303.99999999999994,296.5807557106018,7.4192442893981365,0.01984109067498899
2024-05-11 23:00:00,303.99999999999994,289.2350113391876,14.764988660812321,0.03948562244445606
2024-05-12 00:00:00,303.99999999999994,290.3778603672981,13.622139632701817,0.036429331222590525
2024-05-12 01:00:00,303.99999999999994,295.76803028583527,8.231969714164677,0.022014540991176113
2024-05-12 02:00:00,306.9999999999999,320.1589983701706,13.158998370170707,0.03519076467500565
2024-05-12 03:00:00,307.9999999999999,333.5814481973648,25.58144819736492,0.06841179687353652
2024-05-12 04:00:00,306.9999999999999,346.0196641087532,39.01966410875332,0.10434926570563052
2024-05-12 05:00:00,307.9999999999999,343.76978427171707,35.769784271717185,0.09565819717974389
2024-05-12 06:00:00,302.99999999999994,340.859657227993,37.85965722799307,0.10124708968782989
2024-05-12 07:00:00,283.9999999999999,352.2648096084595,68.26480960845959,0.18255879231362818
2024-05-12 08:00:00,296.0,349.30818378925323,53.308183789253235,0.14256067963592473
2024-05-12 09:00:00,326.9999999999999,361.8136990070343,34.813699007034415,0.09310136339861352
2024-05-12 10:00:00,365.9999999999999,352.93196082115173,13.068039178848153,0.03494751489209537
2024-05-12 11:00:00,353.0,347.30941504240036,5.69058495759964,0.015218182301774848
2024-05-12 12:00:00,281.99999999999994,347.55707412958145,65.55707412958151,0.17531756624467731
2024-05-12 13:00:00,275.0,340.3199055790901,65.31990557909012,0.17468331260212241
2024-05-12 14:00:00,271.99999999999983,336.38704150915146,64.38704150915163,0.17218857865387682
2024-05-12 15:00:00,337.0,330.984922349453,6.015077650547028,0.016085964611267014
2024-05-12 16:00:00,343.9999999999999,331.52558863162994,12.474411368369942,0.0333599915870973
2024-05-12 17:00:00,318.99999999999994,337.1847787499428,18.184778749942836,0.04863107750715377
2024-05-12 18:00:00,327.9999999999999,330.309539437294,2.30953943729412,0.0061763408246708375
2024-05-12 19:00:00,294.99999999999983,322.80426532030106,27.804265320301226,0.0743562184843897
2024-05-12 20:00:00,291.99999999999983,317.5110760331154,25.511076033115557,0.06822360243790349
2024-05-12 21:00:00,291.99999999999983,309.0564125776291,17.05641257762926,0.04561351740720455
2024-05-12 22:00:00,291.99999999999983,304.131997525692,12.131997525692157,0.03244428321627986
2024-05-12 23:00:00,291.99999999999983,298.70848774909973,6.708487749099902,0.017940333075721057
2024-05-13 00:00:00,291.99999999999983,286.06273859739304,5.937261402606794,0.015877862657598246
2024-05-13 01:00:00,291.99999999999983,285.6477016210556,6.352298378944226,0.01698778517258424
2024-05-13 02:00:00,291.99999999999983,306.6362929344177,14.636292934417895,0.039141454834215196
2024-05-13 03:00:00,290.99999999999983,314.83317732810974,23.83317732810991,0.06373644187937653
2024-05-13 04:00:00,283.9999999999999,321.2176126241684,37.21761262416851,0.09953008662053987
2024-05-13 05:00:00,283.9999999999999,325.4353702068329,41.435370206833,0.11080952525047576
2024-05-13 06:00:00,321.99999999999994,319.15139704942703,2.8486029505729107,0.007617944258840851
2024-05-13 07:00:00,377.99999999999994,334.4237959384918,43.57620406150812,0.11653470115436032
2024-05-13 08:00:00,408.9999999999999,334.80897456407547,74.19102543592442,0.1984071160789349
2024-05-13 09:00:00,437.0,348.3025002479553,88.69749975204468,0.23720140038250376
2024-05-13 10:00:00,453.0,349.686723947525,103.31327605247498,0.27628798811982674
2024-05-13 11:00:00,467.9999999999999,343.18008184432983,124.81991815567005,0.3338026377848596
2024-05-13 12:00:00,470.99999999999983,348.8522243499756,122.14777565002424,0.32665659707195677
2024-05-13 13:00:00,473.0,345.1118463277817,127.88815367221832,0.3420079396621744
2024-05-13 14:00:00,438.99999999999994,340.5136603116989,98.48633968830103,0.2633794386303819
2024-05-13 15:00:00,420.99999999999994,337.85054326057434,83.1494567394256,0.22236441427066836
2024-05-13 16:00:00,423.99999999999994,335.7856848835945,88.21431511640543,0.23590923236720074
2024-05-13 17:00:00,443.9999999999999,343.0214962363243,100.97850376367558,0.2700441677412854
2024-05-13 18:00:00,416.0,333.80355656147003,82.19644343852997,0.21981579576183172
2024-05-13 19:00:00,363.99999999999994,320.5662167072296,43.43378329277033,0.116153829022873
2024-05-13 20:00:00,305.99999999999994,314.5625638961792,8.562563896179256,0.02289864035306775
2024-05-13 21:00:00,293.0,307.52570003271103,14.525700032711029,0.03884569913387902
2024-05-13 22:00:00,276.0,301.20348930358887,25.203489303588867,0.06740103130357877
2024-05-13 23:00:00,265.9999999999999,294.983274936676,28.98327493667614,0.07750921302031652
2024-05-14 00:00:00,263.99999999999994,302.75774627923965,38.75774627923971,0.10364882571443064
2024-05-14 01:00:00,263.99999999999994,317.8571319580078,53.85713195800787,0.1440287173453305
2024-05-14 02:00:00,263.99999999999994,346.15269899368286,82.15269899368292,0.2196988111387512
2024-05-14 03:00:00,266.9999999999999,369.65511560440063,102.65511560440075,0.27452788687237323
2024-05-14 04:00:00,263.99999999999994,390.74998140335083,126.74998140335089,0.33896415537505686
2024-05-14 05:00:00,300.99999999999994,375.7391971349716,74.73919713497168,0.1998730772957399
2024-05-14 06:00:00,360.99999999999994,379.3099844455719,18.309984445571956,0.04896591181953142
2024-05-14 07:00:00,413.99999999999983,382.9369479417801,31.06305205821974,0.08307110650201258
2024-05-14 08:00:00,461.99999999999994,374.96524035930634,87.03475964069361,0.23275477805394662
2024-05-14 09:00:00,521.0,391.4541310071945,129.54586899280548,0.3464411243244032
2024-05-14 10:00:00,528.9999999999999,367.1649232506752,161.83507674932468,0.4327913068943623
2024-05-14 11:00:00,503.99999999999994,362.1266806125641,141.87331938743586,0.379408102028696
2024-05-14 12:00:00,523.9999999999999,363.84681075811386,160.15318924188603,0.4282934791859652
2024-05-14 13:00:00,490.0,344.56241726875305,145.43758273124695,0.3889399181322782
2024-05-14 14:00:00,436.0,348.5035425424576,87.49645745754242,0.2339894844325507
2024-05-14 15:00:00,418.99999999999994,339.89398151636124,79.1060184836387,0.21155115325075186
2024-05-14 16:00:00,420.99999999999994,341.9100397825241,79.08996021747583,0.21150820905015774
2024-05-14 17:00:00,387.9999999999999,347.37329185009,40.62670814990986,0.1086469414924827
2024-05-14 18:00:00,388.9999999999999,342.8434082865715,46.156591713428384,0.12343536426522886
2024-05-14 19:00:00,363.99999999999994,346.489697098732,17.51030290126795,0.046827344411214125
2024-05-14 20:00:00,300.99999999999994,336.5037900209427,35.503790020942745,0.09494685572193759
2024-05-14 21:00:00,291.99999999999983,322.41147458553314,30.411474585533313,0.08132860993321443
2024-05-14 22:00:00,287.9999999999999,317.7902752161026,29.790275216102714,0.07966735273027653
2024-05-14 23:00:00,287.9999999999999,314.371080994606,26.37108099460613,0.07052349118078502
2024-05-15 00:00:00,287.9999999999999,300.65544694662094,12.655446946621055,0.033844130292249815
2024-05-15 01:00:00,287.9999999999999,315.83697259426117,27.836972594261283,0.0744436866904576
2024-05-15 02:00:00,287.9999999999999,344.92912620306015,56.929126203060264,0.1522440710918336
2024-05-15 03:00:00,287.9999999999999,367.9439842700958,79.94398427009594,0.2137921032051016
2024-05-15 04:00:00,291.99999999999983,389.7399312257767,97.73993122577684,0.26138333802931607
2024-05-15 05:00:00,329.9999999999999,375.45206129550934,45.45206129550945,0.12155125702196252
2024-05-15 06:00:00,385.9999999999999,378.71930837631226,7.2806916236876305,0.01947056291011247
2024-05-15 07:00:00,437.0,382.8406459093094,54.15935409069061,0.14483694207882733
2024-05-15 08:00:00,487.99999999999983,374.58091735839844,113.41908264160139,0.30331368198534364
2024-05-15 09:00:00,540.0,388.6941808462143,151.3058191537857,0.4046331890936135
2024-05-15 10:00:00,550.0,363.5210832953453,186.4789167046547,0.49869568260447716
2024-05-15 11:00:00,530.0,358.8701140880585,171.12988591194153,0.45764817158417015
2024-05-15 12:00:00,540.0,356.0945561528206,183.9054438471794,0.4918135115472775
2024-05-15 13:00:00,511.0,339.35821294784546,171.64178705215454,0.4590171353954993
2024-05-15 14:00:00,455.0,340.47554075717926,114.52445924282074,0.3062697616774686
2024-05-15 15:00:00,443.9999999999999,331.2516412138939,112.748358786106,0.30151998274649
2024-05-15 16:00:00,447.9999999999999,334.51242685317993,113.48757314681995,0.30349684434951585
2024-05-15 17:00:00,410.99999999999983,338.9304596185684,72.06954038143141,0.192733684164585
2024-05-15 18:00:00,397.0,335.09283542633057,61.907164573669434,0.16555670871935718
2024-05-15 19:00:00,367.9999999999999,338.1646165251732,29.8353834748267,0.0797879845650865
2024-05-15 20:00:00,303.99999999999994,330.65320551395416,26.65320551395422,0.07127796939334664
2024-05-15 21:00:00,293.0,317.90953159332275,24.909531593322754,0.06661490789848529
2024-05-15 22:00:00,290.99999999999983,314.1607743501663,23.16077435016649,0.061938252207340505
2024-05-15 23:00:00,291.99999999999983,310.4713797569275,18.47137975692766,0.049397527073352154
2024-05-16 00:00:00,291.99999999999983,309.07567888498306,17.075678884983233,0.045665040788329586
2024-05-16 01:00:00,291.99999999999983,306.6898137331009,14.689813733101062,0.03928458410429301
2024-05-16 02:00:00,291.99999999999983,342.0295912027359,50.02959120273607,0.13379282535615805
2024-05-16 03:00:00,291.99999999999983,346.2281119823456,54.22811198234575,0.14502081950754336
2024-05-16 04:00:00,288.9999999999999,357.29499757289886,68.29499757289898,0.18263952319623186
2024-05-16 05:00:00,331.99999999999983,375.7877907156944,43.7877907156946,0.11710054180167939
2024-05-16 06:00:00,387.9999999999999,356.668444275856,31.33155572414387,0.08378915882302596
2024-05-16 07:00:00,436.0,367.59300112724304,68.40699887275696,0.18293904533885416
2024-05-16 08:00:00,491.99999999999983,362.4078565835953,129.59214341640455,0.3465648748033939
2024-05-16 09:00:00,542.9999999999999,362.2799849510193,180.7200150489806,0.48329480274642317
2024-05-16 10:00:00,564.9999999999999,355.9085315465927,209.09146845340717,0.5591678374681466
2024-05-16 11:00:00,538.0,347.82715648412704,190.17284351587296,0.5085742543227432
2024-05-16 12:00:00,550.0,337.7215504646301,212.27844953536987,0.5676906975008125
2024-05-16 13:00:00,522.0,347.65989661216736,174.34010338783264,0.4662331720965009
2024-05-16 14:00:00,465.9999999999999,336.8666338920593,129.13336610794056,0.3453379786638681
2024-05-16 15:00:00,443.9999999999999,336.8121689558029,107.18783104419697,0.2866496090501201
2024-05-16 16:00:00,457.0,346.30706548690796,110.69293451309204,0.2960232154497561
2024-05-16 17:00:00,451.99999999999983,360.75307846069336,91.24692153930647,0.24401925229258786
2024-05-16 18:00:00,416.0,352.82300144433975,63.17699855566025,0.1689525924773384
2024-05-16 19:00:00,373.99999999999983,330.1059302687645,43.894069731235334,0.1173847609892327
2024-05-16 20:00:00,308.9999999999999,338.2170456647873,29.217045664787406,0.07813437995547753
2024-05-16 21:00:00,294.0,338.8473165035248,44.84731650352478,0.11993400386450266
2024-05-16 22:00:00,296.0,342.70287930965424,46.702879309654236,0.1248962868752078
2024-05-16 23:00:00,296.0,332.68546164035797,36.68546164035797,0.09810696918287076
2024-05-17 00:00:00,294.99999999999983,292.828693985939,2.1713060140608036,0.005806666801589323
2024-05-17 01:00:00,291.99999999999983,299.6567264199257,7.65672641992586,0.020476182916421625
2024-05-17 02:00:00,291.99999999999983,324.95388954877853,32.953889548778704,0.08812772367735733
2024-05-17 03:00:00,291.99999999999983,339.3807837367058,47.38078373670595,0.12670918892849775
2024-05-17 04:00:00,288.9999999999999,353.032688498497,64.03268849849712,0.17124094167885523
2024-05-17 05:00:00,328.9999999999999,349.78960543870926,20.789605438709373,0.05559709729414218
2024-05-17 06:00:00,386.9999999999999,347.34703302383423,39.65296697616566,0.10604289097620079
2024-05-17 07:00:00,438.99999999999994,357.39687591791153,81.60312408208841,0.21822909734738472
2024-05-17 08:00:00,487.99999999999983,353.04457873106,134.9554212689398,0.3609077482870684
2024-05-17 09:00:00,540.0,363.24713587760925,176.75286412239075,0.47268555493282666
2024-05-17 10:00:00,555.0,351.0181939601898,203.98180603981018,0.5455032011100162
2024-05-17 11:00:00,539.0,346.2131828069687,192.7868171930313,0.5155647356612058
2024-05-17 12:00:00,551.0,342.0530766248703,208.9469233751297,0.5587812843512981
2024-05-17 13:00:00,556.0,336.3915556669235,219.60844433307648,0.5872931105978333
2024-05-17 14:00:00,518.9999999999999,331.3041293621063,187.69587063789356,0.5019501506331389
2024-05-17 15:00:00,461.99999999999994,325.84011018276215,136.1598898172378,0.36412882697780546
2024-05-17 16:00:00,436.0,328.3409535884857,107.65904641151428,0.2879097679646542
2024-05-17 17:00:00,455.0,332.9366022348404,122.0633977651596,0.3264309475045264
2024-05-17 18:00:00,416.0,327.4635547399521,88.53644526004791,0.23677069657296776
2024-05-17 19:00:00,360.99999999999994,321.21855676174164,39.781443238258305,0.10638647167880771
2024-05-17 20:00:00,320.0,317.8137016296387,2.186298370361328,0.005846760467357347
2024-05-17 21:00:00,294.0,309.865066409111,15.865066409111023,0.0424275315530053
2024-05-17 22:00:00,294.99999999999983,305.94338446855545,10.943384468555621,0.02926560645026182
2024-05-17 23:00:00,294.0,299.97209787368774,5.972097873687744,0.015971024919757677
2024-05-18 00:00:00,291.99999999999983,281.5801504254341,10.419849574565717,0.02786553079592357
2024-05-18 01:00:00,291.99999999999983,284.1135370731354,7.8864629268644535,0.02109056123956667
2024-05-18 02:00:00,291.99999999999983,303.5537427663803,11.55374276638048,0.03089787165935866
2024-05-18 03:00:00,291.99999999999983,310.43691873550415,18.43691873550432,0.04930536886637813
2024-05-18 04:00:00,291.99999999999983,316.5691512823105,24.569151282310656,0.06570463774813823
2024-05-18 05:00:00,291.99999999999983,323.16519141197205,31.165191411972216,0.08334425510047341
2024-05-18 06:00:00,330.9999999999999,318.07794213294983,12.922057867050057,0.03455712089356121
2024-05-18 07:00:00,386.9999999999999,331.359361410141,55.640638589858895,0.1487983024164902
2024-05-18 08:00:00,400.99999999999994,327.5524216890335,73.44757831096643,0.19641893490535775
2024-05-18 09:00:00,399.99999999999994,317.2156494855881,82.78435051441187,0.22138802025613888
2024-05-18 10:00:00,434.0,308.61178278923035,125.38821721076965,0.33532242506277066
2024-05-18 11:00:00,454.0,308.1308627128601,145.8691372871399,0.3900940131776337
2024-05-18 12:00:00,446.9999999999999,272.2228619456291,174.77713805437077,0.4674019224582173
2024-05-18 13:00:00,448.9999999999999,293.56314450502396,155.43685549497593,0.4156807113789161
2024-05-18 14:00:00,447.9999999999999,268.583300113678,179.4166998863219,0.47980938114393584
2024-05-18 15:00:00,413.99999999999983,266.55765295028687,147.44234704971296,0.39430120683947256
2024-05-18 16:00:00,361.99999999999994,276.60504698753357,85.39495301246637,0.22836948613862354
2024-05-18 17:00:00,307.9999999999999,272.61394143104553,35.386058568954354,0.09463200958355963
2024-05-18 18:00:00,287.9999999999999,273.8064166903496,14.193583309650307,0.037957528080346754
2024-05-18 19:00:00,290.99999999999983,264.5918405056,26.408159494399854,0.0706226492416068
2024-05-18 20:00:00,289.9999999999999,281.7789798974991,8.221020102500802,0.021985258731500514
2024-05-18 21:00:00,291.99999999999983,286.2207931280136,5.779206871986219,0.015455181566194253
2024-05-18 22:00:00,291.99999999999983,288.48911315202713,3.5108868479726993,0.009389072738822508
2024-05-18 23:00:00,291.99999999999983,279.1558116674423,12.844188332557508,0.03434887643706128
2024-05-19 00:00:00,291.99999999999983,294.4859504699707,2.4859504699708737,0.006648112228721998
2024-05-19 01:00:00,291.99999999999983,295.3164079785347,3.316407978534869,0.008868982992162022
2024-05-19 02:00:00,291.99999999999983,318.59574258327484,26.595742583275012,0.0711242977829259
2024-05-19 03:00:00,291.99999999999983,324.8829907178879,32.88299071788805,0.08793812079092019
2024-05-19 04:00:00,291.99999999999983,331.25550627708435,39.25550627708452,0.10497997223911562
2024-05-19 05:00:00,291.99999999999983,339.92684930562973,47.9268493056299,0.12816951777667865
2024-05-19 06:00:00,291.99999999999983,331.0380005836487,39.03800058364885,0.10439830246016654
2024-05-19 07:00:00,291.99999999999983,343.2199716567993,51.21997165679949,0.13697622862548522
2024-05-19 08:00:00,330.9999999999999,338.18512201309204,7.185122013092155,0.019214983603698763
2024-05-19 09:00:00,349.9999999999999,332.2835835814476,17.716416418552285,0.047378548391870653
2024-05-19 10:00:00,383.99999999999994,324.2330700159073,59.766929984092656,0.1598331354144289
2024-05-19 11:00:00,406.9999999999999,323.0472332239151,83.95276677608479,0.22451268526105203
2024-05-19 12:00:00,394.0,297.70082741975784,96.29917258024216,0.25753035492055437
2024-05-19 13:00:00,399.0,315.6758791208267,83.32412087917328,0.2228315140047147
2024-05-19 14:00:00,395.0,297.0289260149002,97.97107398509979,0.26200147705637944
2024-05-19 15:00:00,399.0,297.6827412843704,101.31725871562958,0.2709500912364755
2024-05-19 16:00:00,364.99999999999994,307.99930304288864,57.0006969571113,0.15243547088477927
2024-05-19 17:00:00,342.99999999999994,308.26490074396133,34.73509925603861,0.0928911661432451
2024-05-19 18:00:00,316.0,306.80163502693176,9.198364973068237,0.024598946519807176
2024-05-19 19:00:00,287.9999999999999,292.62880235910416,4.62880235910427,0.012378684909301059
2024-05-19 20:00:00,293.0,303.45431327819824,10.454313278198242,0.027957696175859366
2024-05-19 21:00:00,287.9999999999999,304.65596437454224,16.65596437454235,0.04454260926640678
2024-05-19 22:00:00,290.99999999999983,304.89497870206833,13.8949787020685,0.03715897759947551
2024-05-19 23:00:00,291.99999999999983,292.72357016801834,0.7235701680185116,0.0019350247482600319
2024-05-20 00:00:00,291.99999999999983,284.2146483063698,7.785351693630048,0.02082016211687832
2024-05-20 01:00:00,291.99999999999983,285.9430396556854,6.056960344314405,0.016197970402198957
2024-05-20 02:00:00,291.99999999999983,309.37848150730133,17.3784815073015,0.04647481791005428
2024-05-20 03:00:00,291.99999999999983,318.6114978790283,26.61149787902849,0.0711664317576897
2024-05-20 04:00:00,291.99999999999983,328.21024954319,36.21024954319017,0.09683612191838167
2024-05-20 05:00:00,291.99999999999983,331.3354629278183,39.33546292781847,0.10519379821591324
2024-05-20 06:00:00,293.0,325.7384678721428,32.73846787214279,0.08755162712995034
2024-05-20 07:00:00,296.0,340.4562744498253,44.45627444982529,0.11888825034264161
2024-05-20 08:00:00,293.0,339.22482401132584,46.224824011325836,0.12361783611232531
2024-05-20 09:00:00,330.9999999999999,348.5966286063194,17.59662860631954,0.04705820298315232
2024-05-20 10:00:00,354.99999999999983,345.0154262781143,9.98457372188551,0.02670148398403975
2024-05-20 11:00:00,380.99999999999994,339.43144261837006,41.56855738162989,0.11116570422353732
2024-05-20 12:00:00,437.99999999999994,336.0712864995003,101.92871350049967,0.27258528875215776
2024-05-20 13:00:00,449.9999999999999,335.17178893089294,114.82821106910694,0.3070820772305028
2024-05-20 14:00:00,414.99999999999983,326.3122969865799,88.68770301341993,0.23717520122100014
2024-05-20 15:00:00,363.99999999999994,321.722195148468,42.277804851531926,0.11306242615537095
2024-05-20 16:00:00,303.99999999999994,322.5408214330673,18.54082143306738,0.04958323312900532
2024-05-20 17:00:00,296.0,327.56723284721375,31.567232847213745,0.08441942398029163
2024-05-20 18:00:00,296.0,320.2627944946289,24.262794494628906,0.06488535581507425
2024-05-20 19:00:00,296.0,308.09902757406235,12.099027574062347,0.03235611253819991
2024-05-20 20:00:00,296.0,306.27796322107315,10.27796322107315,0.027486087837128918
2024-05-20 21:00:00,294.99999999999983,300.89493334293365,5.894933342933825,0.015764665836290204
2024-05-20 22:00:00,291.99999999999983,296.44518345594406,4.445183455944232,0.011887637686008203
2024-05-20 23:00:00,291.99999999999983,290.07139921188354,1.9286007881162845,0.005157606572889192
2024-05-21 00:00:00,291.99999999999983,299.8336046934128,7.833604693412951,0.020949203850333692
2024-05-21 01:00:00,291.99999999999983,317.009237408638,25.00923740863817,0.06688154854884422
2024-05-21 02:00:00,291.99999999999983,348.0672624707222,56.06726247072237,0.14993921148676084
2024-05-21 03:00:00,291.99999999999983,372.2790214419365,80.27902144193666,0.21468808433831255
2024-05-21 04:00:00,285.99999999999994,396.81004643440247,110.81004643440252,0.29633640479346923
2024-05-21 05:00:00,291.99999999999983,381.1679881811142,89.16798818111437,0.2384596152651225
2024-05-21 06:00:00,294.0,385.2200496196747,91.22004961967468,0.24394738942175787
2024-05-21 07:00:00,296.0,388.5976427793503,92.59764277935028,0.24763145072614517
2024-05-21 08:00:00,296.0,378.9337456226349,82.93374562263489,0.22178754368103654
2024-05-21 09:00:00,322.99999999999994,390.1921436190605,67.19214361906057,0.1796901897539234
2024-05-21 10:00:00,340.99999999999994,360.70587158203125,19.705871582031307,0.05269889622686753
2024-05-21 11:00:00,369.99999999999983,356.75778329372406,13.24221670627577,0.03541331329155972
2024-05-21 12:00:00,424.99999999999994,347.41226702928543,77.58773297071451,0.20749084207114857
2024-05-21 13:00:00,440.99999999999994,332.24130392074585,108.7586960792541,0.29085053226857727
2024-05-21 14:00:00,405.99999999999994,330.56961983442307,75.43038016557688,0.20172148997071382
2024-05-21 15:00:00,361.99999999999994,319.7916993498802,42.208300650119725,0.11287655289001927
2024-05-21 16:00:00,303.99999999999994,325.2340918779373,21.234091877937374,0.05678577573638298
2024-05-21 17:00:00,296.0,328.0209204554558,32.02092045545578,0.08563270886782555
2024-05-21 18:00:00,296.0,325.69013983011246,29.690139830112457,0.07939956329031339
2024-05-21 19:00:00,296.0,330.03267109394073,34.032671093940735,0.0910126809076578
2024-05-21 20:00:00,296.0,325.3901106119156,29.39011061191559,0.07859720301058831
2024-05-21 21:00:00,296.0,313.6173051595688,17.617305159568787,0.047113497747937286
2024-05-21 22:00:00,296.0,311.25678420066833,15.256784200668335,0.04080081837536534
2024-05-21 23:00:00,296.0,307.54133731126785,11.541337311267853,0.03086469607568016
2024-05-22 00:00:00,296.0,292.3581299185753,3.641870081424713,0.009739357769272082
2024-05-22 01:00:00,296.0,305.5479973554611,9.54799735546112,0.025533959242313498
2024-05-22 02:00:00,296.0,335.8312100172043,39.831210017204285,0.10651956167222933
2024-05-22 03:00:00,296.0,355.283807516098,59.28380751609802,0.15854113365242956
2024-05-22 04:00:00,294.99999999999983,376.94211691617966,81.94211691617983,0.21913565700454418
2024-05-22 05:00:00,296.0,367.4395787715912,71.43957877159119,0.19104899433162414
2024-05-22 06:00:00,296.0,368.442547917366,72.44254791736603,0.19373120844795555
2024-05-22 07:00:00,297.0,375.6205013394356,78.62050133943558,0.21025274746889056
2024-05-22 08:00:00,296.0,367.7491968870163,71.7491968870163,0.19187699794805002
2024-05-22 09:00:00,323.99999999999994,374.7594478726387,50.75944787263876,0.13574466193174808
2024-05-22 10:00:00,339.0,350.7808318734169,11.7808318734169,0.031505170110287195
2024-05-22 11:00:00,371.9999999999999,347.00755655765533,24.992443442344552,0.06683663688466022
2024-05-22 12:00:00,424.99999999999994,332.1686053276062,92.83139467239374,0.24825656729117768
2024-05-22 13:00:00,440.99999999999994,324.81696009635925,116.18303990364069,0.31070526049641656
2024-05-22 14:00:00,406.9999999999999,316.77824825048447,90.22175174951542,0.24127766757545308
2024-05-22 15:00:00,365.9999999999999,306.6801953315735,59.3198046684264,0.1586373998940479
2024-05-22 16:00:00,308.9999999999999,312.8532323241234,3.8532323241234963,0.010304598278827508
2024-05-22 17:00:00,296.0,314.58876371383667,18.58876371383667,0.049711443914741076
2024-05-22 18:00:00,299.0,312.0244860649109,13.024486064910889,0.034831041940255485
2024-05-22 19:00:00,299.99999999999994,311.0637965798378,11.063796579837856,0.029587621405576293
2024-05-22 20:00:00,299.99999999999994,311.0743001103401,11.074300110340175,0.0296157107220855
2024-05-22 21:00:00,299.0,303.13023805618286,4.130238056182861,0.01104538745261645
2024-05-22 22:00:00,296.0,301.5884318947792,5.588431894779205,0.014944997041512647
2024-05-22 23:00:00,296.0,296.7387807369232,0.7387807369232178,0.001975701974279897
2024-05-23 00:00:00,296.0,286.42764776945114,9.572352230548859,0.025599090846846907
2024-05-23 01:00:00,296.0,291.72039449214935,4.279605507850647,0.011444836916312838
2024-05-23 02:00:00,296.0,317.3958322405815,21.395832240581512,0.057218313751826635
2024-05-23 03:00:00,296.0,329.72402662038803,33.72402662038803,0.09018728107618922
2024-05-23 04:00:00,296.0,343.1638839840889,47.1638839840889,0.1261291396012088
2024-05-23 05:00:00,296.0,342.4824231863022,46.482423186302185,0.12430672683881232
2024-05-23 06:00:00,296.0,338.8860261440277,42.88602614402771,0.11468897642708964
2024-05-23 07:00:00,296.0,351.34017437696457,55.34017437696457,0.14799477884183931
2024-05-23 08:00:00,296.0,348.00834238529205,52.00834238529205,0.13908454781533588
2024-05-23 09:00:00,296.0,356.29698514938354,60.296985149383545,0.16125064805952552
2024-05-23 10:00:00,332.99999999999983,346.26351714134216,13.263517141342334,0.03547027648714776
2024-05-23 11:00:00,390.99999999999983,341.29794359207153,49.702056407928296,0.13291690763334074
2024-05-23 12:00:00,402.99999999999994,333.7155747413635,69.28442525863642,0.1852855237406692
2024-05-23 13:00:00,371.9999999999999,331.19313418865204,40.80686581134785,0.10912873240769666
2024-05-23 14:00:00,302.99999999999994,322.1705424785614,19.170542478561458,0.05126727962703624
2024-05-23 15:00:00,293.0,315.7825666666031,22.78256666660309,0.060926821305370873
2024-05-23 16:00:00,294.99999999999983,318.4446805715561,23.444680571556262,0.06269749517900507
2024-05-23 17:00:00,298.0,322.29658484458923,24.296584844589233,0.06497572046292127
2024-05-23 18:00:00,294.99999999999983,316.563663482666,21.563663482666186,0.05766714044662309
2024-05-23 19:00:00,299.99999999999994,307.7869901061058,7.786990106105861,0.02082454368044836
2024-05-23 20:00:00,299.99999999999994,306.8994417786598,6.899441778659877,0.01845099643542037
2024-05-23 21:00:00,297.0,300.92210680246353,3.9221068024635315,0.010488787492261275
2024-05-23 22:00:00,296.0,297.5025290250778,1.5025290250778198,0.004018174016856672
2024-05-23 23:00:00,296.0,291.5611597895622,4.438840210437775,0.011870674110695393
2024-05-24 00:00:00,296.0,281.7534291744232,14.246570825576782,0.03809923120631633
2024-05-24 01:00:00,296.0,282.43037581443787,13.569624185562134,0.03628889053781283
2024-05-24 02:00:00,296.0,305.8306485414505,9.8306485414505,0.026289845905679236
2024-05-24 03:00:00,296.0,313.6812114715576,17.681211471557617,0.047284400724226454
2024-05-24 04:00:00,296.0,322.661257982254,26.66125798225403,0.07129950389840699
2024-05-24 05:00:00,296.0,327.5903642177582,31.59036421775818,0.08448128359867146
2024-05-24 06:00:00,294.0,321.1095678806305,27.109567880630493,0.07249840731730278
2024-05-24 07:00:00,294.99999999999983,336.95402562618256,41.95402562618273,0.11219655185358916
2024-05-24 08:00:00,293.0,336.1410641670227,43.141064167022705,0.11537101793191575
2024-05-24 09:00:00,299.99999999999994,343.8581496477127,43.858149647712764,0.11728870085070311
2024-05-24 10:00:00,335.0,341.5628331899643,6.562833189964294,0.01755081290327374
2024-05-24 11:00:00,393.0,336.1096715927124,56.8903284072876,0.1521403151628079
2024-05-24 12:00:00,402.99999999999994,330.301071703434,72.69892829656595,0.19441683978082092
2024-05-24 13:00:00,364.99999999999994,332.05170929431915,32.94829070568079,0.08811275083790797
2024-05-24 14:00:00,312.99999999999983,320.8719402551651,7.871940255165271,0.021051723639025823
2024-05-24 15:00:00,294.99999999999983,316.33099257946014,21.330992579460315,0.05704491474439948
2024-05-24 16:00:00,296.0,317.6155212521553,21.615521252155304,0.05780582232128606
2024-05-24 17:00:00,296.0,322.13324904441833,26.133249044418335,0.06988746342579809
2024-05-24 18:00:00,296.0,314.9163204431534,18.91632044315338,0.05058742029644112
2024-05-24 19:00:00,294.99999999999983,301.20528906583786,6.205289065838031,0.0165946420170777
2024-05-24 20:00:00,296.0,301.1690282821655,5.169028282165527,0.013823396945505969
2024-05-24 21:00:00,291.99999999999983,297.1054896712303,5.105489671230487,0.013653477302513966
2024-05-24 22:00:00,291.99999999999983,293.06449234485626,1.0644923448564327,0.002846743996192297
2024-05-24 23:00:00,291.99999999999983,286.32789373397827,5.672106266021558,0.015168765220889698
2024-05-25 00:00:00,291.99999999999983,284.0247291326523,7.975270867347547,0.021328057988703502
2024-05-25 01:00:00,291.99999999999983,291.2137171626091,0.7862828373907291,0.002102735597364006
2024-05-25 02:00:00,293.0,319.31960105895996,26.31960105895996,0.07038581973727186
2024-05-25 03:00:00,296.0,332.36510396003723,36.36510396003723,0.09725024502933995
2024-05-25 04:00:00,296.0,348.8671240210533,52.867124021053314,0.1413811650502614
2024-05-25 05:00:00,291.99999999999983,347.508362531662,55.50836253166216,0.14844456001868805
2024-05-25 06:00:00,289.9999999999999,344.3949508666992,54.39495086669933,0.14546699236605184
2024-05-25 07:00:00,291.99999999999983,356.55334800481796,64.55334800481813,0.172633327759264
2024-05-25 08:00:00,291.99999999999983,351.70576214790344,59.70576214790361,0.15966955587224374
2024-05-25 09:00:00,291.99999999999983,355.50957441329956,63.50957441329973,0.1698419913824488
2024-05-25 10:00:00,291.99999999999983,340.8209475874901,48.82094758749025,0.13056058139323767
2024-05-25 11:00:00,291.99999999999983,336.8046748638153,44.80467486381548,0.11981996844431687
2024-05-25 12:00:00,291.99999999999983,319.6626180410385,27.662618041038684,0.07397741487554646
2024-05-25 13:00:00,291.99999999999983,320.57565808296204,28.575658082962207,0.0764191339449114
2024-05-25 14:00:00,328.9999999999999,306.77735298871994,22.222647011279946,0.059429442836805
2024-05-25 15:00:00,318.0,298.48021298646927,19.51978701353073,0.052201255139336274
2024-05-25 16:00:00,290.99999999999983,304.12217259407043,13.122172594070605,0.03509228246653827
2024-05-25 17:00:00,294.99999999999983,305.65618962049484,10.656189620495013,0.028497568790428616
2024-05-25 18:00:00,296.0,301.8501940369606,5.850194036960602,0.015645020682157826
2024-05-25 19:00:00,296.0,293.79056364297867,2.209436357021332,0.00590863777904175
2024-05-25 20:00:00,296.0,297.4783354997635,1.4783354997634888,0.0039534739057961385
2024-05-25 21:00:00,296.0,293.4499955177307,2.550004482269287,0.006819410196080447
2024-05-25 22:00:00,296.0,291.98965072631836,4.010349273681641,0.010724772021753785
2024-05-25 23:00:00,294.0,285.8125126361847,8.187487363815308,0.02189558300673831
2024-05-26 00:00:00,296.0,281.0318720340729,14.968127965927124,0.040028872567409494
2024-05-26 01:00:00,296.0,285.9227406978607,10.077259302139282,0.026949350603650443
2024-05-26 02:00:00,296.0,313.12611758708954,17.12611758708954,0.045799927688259544
2024-05-26 03:00:00,296.0,323.7695574760437,27.7695574760437,0.0742634002055751
2024-05-26 04:00:00,296.0,338.24047207832336,42.240472078323364,0.1129625880978159
2024-05-26 05:00:00,296.0,339.9256691336632,43.92566913366318,0.11746926644347988
2024-05-26 06:00:00,294.0,335.268149971962,41.268149971961975,0.110362332556267
2024-05-26 07:00:00,291.99999999999983,349.28345918655396,57.283459186554126,0.15319165450874403
2024-05-26 08:00:00,291.99999999999983,345.6159567832947,53.61595678329485,0.14338374889256297
2024-05-26 09:00:00,291.99999999999983,348.40842068195343,56.4084206819536,0.15085156195528882
2024-05-26 10:00:00,291.99999999999983,337.3451641201973,45.34516412019747,0.12126538470592407
2024-05-26 11:00:00,291.99999999999983,333.2014328241348,41.201432824135,0.11018391263531853
2024-05-26 12:00:00,291.99999999999983,315.5827930569649,23.582793056965045,0.06306684578123009
2024-05-26 13:00:00,291.99999999999983,319.42263007164,27.422630071640185,0.07333562133485576
2024-05-26 14:00:00,291.99999999999983,303.6784279346466,11.678427934646777,0.031231313939043798
2024-05-26 15:00:00,291.99999999999983,296.12373411655426,4.123734116554431,0.011027994137222219
2024-05-26 16:00:00,291.99999999999983,301.4515319466591,9.451531946659259,0.025275984326219598
2024-05-26 17:00:00,291.99999999999983,303.0022484064102,11.002248406410388,0.029423024737476367
2024-05-26 18:00:00,296.0,298.66027772426605,2.6602777242660522,0.007114311038826563
2024-05-26 19:00:00,296.0,287.94219195842743,8.05780804157257,0.021548784991883084
2024-05-26 20:00:00,296.0,292.81205356121063,3.1879464387893677,0.00852544166114245
2024-05-26 21:00:00,296.0,290.15784680843353,5.842153191566467,0.015623517259929694
2024-05-26 22:00:00,296.0,288.6504131555557,7.349586844444275,0.01965480759444768
2024-05-26 23:00:00,296.0,281.99070274829865,14.009297251701355,0.037464696702476326
2024-05-27 00:00:00,296.0,285.64236134290695,10.357638657093048,0.027699161768782447
2024-05-27 01:00:00,296.0,282.01451271772385,13.985487282276154,0.03740102232488382
2024-05-27 02:00:00,296.0,298.3356714248657,2.3356714248657227,0.006246224914572925
2024-05-27 03:00:00,296.0,304.70570862293243,8.705708622932434,0.023281448546513383
2024-05-27 04:00:00,296.0,305.0799411535263,9.079941153526306,0.02428224880101558
2024-05-27 05:00:00,296.0,313.0155944824219,17.015594482421875,0.04550435864431716
2024-05-27 06:00:00,296.0,305.5294096469879,9.529409646987915,0.025484250620401137
2024-05-27 07:00:00,297.0,322.15664595365524,25.156645953655243,0.06727575935979316
2024-05-27 08:00:00,299.99999999999994,325.6816130876541,25.68161308765417,0.06867966521607367
2024-05-27 09:00:00,337.0,342.9869467020035,5.986946702003479,0.01601073475239533
2024-05-27 10:00:00,359.99999999999994,352.0149376988411,7.985062301158848,0.021354242963683476
2024-05-27 11:00:00,390.99999999999983,344.6754777431488,46.324522256851026,0.1238844565189925
2024-05-27 12:00:00,371.0,359.92996752262115,11.070032477378845,0.029604297903036758
2024-05-27 13:00:00,325.9999999999999,355.46115785837173,29.46115785837185,0.07878720280088519
2024-05-27 14:00:00,294.99999999999983,354.3148863315582,59.3148863315584,0.15862424691458507
2024-05-27 15:00:00,299.99999999999994,354.13195967674255,54.13195967674261,0.14476368191513286
2024-05-27 16:00:00,299.99999999999994,348.88332188129425,48.88332188129431,0.1307273873334226
2024-05-27 17:00:00,299.99999999999994,359.27426397800446,59.27426397800451,0.1585156116184747
2024-05-27 18:00:00,299.99999999999994,346.65500968694687,46.655009686946926,0.12476827039702411
2024-05-27 19:00:00,299.99999999999994,329.7821205854416,29.782120585441646,0.07964554501508936
2024-05-27 20:00:00,299.99999999999994,320.2707016468048,20.270701646804866,0.05420940647481102
2024-05-27 21:00:00,298.0,313.2488849759102,15.248884975910187,0.04077969368549464
2024-05-27 22:00:00,296.0,304.21021342277527,8.210213422775269,0.021956358710963884
2024-05-27 23:00:00,296.0,297.2461661696434,1.246166169643402,0.0033325895473384146
2024-05-28 00:00:00,296.0,301.96585088968277,5.96585088968277,0.01595431877405696
2024-05-28 01:00:00,296.0,316.0193681716919,20.019368171691895,0.05353727194535464
2024-05-28 02:00:00,296.0,343.7069696187973,47.7069696187973,0.12758149928936885
2024-05-28 03:00:00,296.0,366.2642455101013,70.26424551010132,0.18790583137527367
2024-05-28 04:00:00,296.0,386.2726154923439,90.2726154923439,0.24141369115065348
2024-05-28 05:00:00,298.0,372.4324733018875,74.43247330188751,0.19905281378277004
2024-05-28 06:00:00,299.0,375.3930526971817,76.3930526971817,0.20429593990723718
2024-05-28 07:00:00,299.99999999999994,379.7204777598381,79.72047775983816,0.21319438559890122
2024-05-28 08:00:00,297.0,372.34918266534805,75.34918266534805,0.20150434562261293
2024-05-28 09:00:00,331.99999999999983,389.0001994371414,57.00019943714159,0.15243414038015551
2024-05-28 10:00:00,353.0,366.55548244714737,13.55548244714737,0.036251071657176934
2024-05-28 11:00:00,383.99999999999994,361.36051297187805,22.63948702812189,0.06054418717578618
2024-05-28 12:00:00,371.9999999999999,364.0282326936722,7.971767306327706,0.02131868850723497
2024-05-28 13:00:00,306.9999999999999,345.39125204086304,38.39125204086315,0.10266871977212041
2024-05-28 14:00:00,294.99999999999983,349.19344156980515,54.193441569805316,0.14492810133138936
2024-05-28 15:00:00,297.0,341.0734748840332,44.0734748840332,0.11786453949030044
2024-05-28 16:00:00,297.0,342.62826293706894,45.62826293706894,0.12202246845683325
2024-05-28 17:00:00,296.0,348.3688259124756,52.368825912475586,0.14004857947013782
2024-05-28 18:00:00,299.99999999999994,343.42113196849823,43.42113196849829,0.11611999591774139
2024-05-28 19:00:00,299.99999999999994,346.03037416934967,46.03037416934973,0.1230978239930454
2024-05-28 20:00:00,299.99999999999994,335.9330293536186,35.93302935361868,0.09609475922648521
2024-05-28 21:00:00,299.0,322.1053084731102,23.1053084731102,0.0617899212651158
2024-05-28 22:00:00,296.0,317.23801374435425,21.238013744354248,0.056796263881018355
2024-05-28 23:00:00,296.0,313.67342233657837,17.67342233657837,0.047263570444567936
2024-05-29 00:00:00,296.0,295.3110086917877,0.6889913082122803,0.001842551409185113
2024-05-29 01:00:00,296.0,304.33076798915863,8.33076798915863,0.02227875463022405
2024-05-29 02:00:00,296.0,330.07580637931824,34.07580637931824,0.09112803647152426
2024-05-29 03:00:00,296.0,347.34570533037186,51.34570533037186,0.13731247489544746
2024-05-29 04:00:00,296.0,362.9332101345062,66.93321013450623,0.1789977307182808
2024-05-29 05:00:00,296.0,355.7980674505234,59.79806745052338,0.1599164055253382
2024-05-29 06:00:00,296.0,355.360164642334,59.360164642333984,0.15874533351514256
2024-05-29 07:00:00,299.0,363.7802195549011,64.78021955490112,0.17324004440333032
2024-05-29 08:00:00,299.0,358.9827024936676,59.9827024936676,0.1604101701851756
2024-05-29 09:00:00,334.0,373.3104622364044,39.31046223640442,0.10512693952169389
2024-05-29 10:00:00,354.99999999999983,358.77316296100616,3.773162961006335,0.010090470878255679
2024-05-29 11:00:00,385.9999999999999,353.3162248134613,32.68377518653858,0.08740536391337417
2024-05-29 12:00:00,377.0,354.7376239299774,22.262376070022583,0.059535689217999246
2024-05-29 13:00:00,297.0,342.6304167509079,45.6304167509079,0.12202822834476912
2024-05-29 14:00:00,289.9999999999999,342.040773332119,52.0407733321191,0.13917127704698967
2024-05-29 15:00:00,290.99999999999983,335.5208247900009,44.520824790001086,0.11906087562664251
2024-05-29 16:00:00,291.99999999999983,336.44265711307526,44.44265711307543,0.11885183385564281
2024-05-29 17:00:00,294.99999999999983,342.17292308807373,47.1729230880739,0.12615331264023968
2024-05-29 18:00:00,296.0,336.0813769698143,40.0813769698143,0.10718857660111013
2024-05-29 19:00:00,298.0,332.83740878105164,34.837408781051636,0.09316476982625081
2024-05-29 20:00:00,296.0,325.4422742128372,29.44227421283722,0.07873670276224078
2024-05-29 21:00:00,299.0,314.6870130300522,15.687013030052185,0.04195136806504159
2024-05-29 22:00:00,296.0,309.75569397211075,13.755693972110748,0.03678649209435713
2024-05-29 23:00:00,296.0,305.1211881637573,9.121188163757324,0.02439255460011634
2024-05-30 00:00:00,296.0,285.73777824640274,10.26222175359726,0.027443990842965664
2024-05-30 01:00:00,296.0,293.68393510580063,2.3160648941993713,0.00619379168315488
2024-05-30 02:00:00,296.0,321.83566868305206,25.835668683052063,0.06909165205975354
2024-05-30 03:00:00,296.0,335.86139291524887,39.86139291524887,0.10660027900590606
2024-05-30 04:00:00,296.0,352.8258338570595,56.82583385705948,0.1519678390764028
2024-05-30 05:00:00,296.0,350.19042134284973,54.19042134284973,0.14492002441754917
2024-05-30 06:00:00,294.99999999999983,347.70385801792145,52.70385801792162,0.14094454705442214
2024-05-30 07:00:00,294.99999999999983,359.06590461730957,64.06590461730974,0.17132977067538446
2024-05-30 08:00:00,275.0,353.9104413986206,78.9104413986206,0.21102812657493
2024-05-30 09:00:00,303.99999999999994,358.8409048318863,54.84090483188635,0.14665959537452675
2024-05-30 10:00:00,327.9999999999999,343.2058981060982,15.205898106098289,0.040664735025487904
2024-05-30 11:00:00,358.0,339.1057151556015,18.8942848443985,0.05052849107185715
2024-05-30 12:00:00,348.9999999999999,323.6054250597954,25.394574940204507,0.06791204661657994
2024-05-30 13:00:00,280.0,322.6814094185829,42.681409418582916,0.11414177527764496
2024-05-30 14:00:00,269.9999999999999,310.4761004447937,40.476100444793815,0.10824417525147491
2024-05-30 15:00:00,267.9999999999999,302.12774097919464,34.127740979194755,0.09126692381167988
2024-05-30 16:00:00,262.99999999999994,307.46737003326416,44.46737003326422,0.11891792297081188
2024-05-30 17:00:00,259.99999999999994,309.33965384960175,49.3396538496018,0.1319477439638173
2024-05-30 18:00:00,268.9999999999999,305.4887527227402,36.48875272274029,0.09758091567677331
2024-05-30 19:00:00,271.99999999999983,298.5253545641899,26.52535456419008,0.07093606094712139
2024-05-30 20:00:00,272.99999999999983,300.9955430030823,27.995543003082446,0.07486774738142132
2024-05-30 21:00:00,271.99999999999983,296.0546940565109,24.054694056511096,0.06432883826407508
2024-05-30 22:00:00,263.99999999999994,294.3232932686806,30.32329326868063,0.08109278894723959
2024-05-30 23:00:00,259.99999999999994,288.39971512556076,28.399715125560817,0.07594861430230912
2024-05-31 00:00:00,259.99999999999994,279.87134993076324,19.8713499307633,0.053141430640598945
2024-05-31 01:00:00,259.99999999999994,286.47438257932663,26.474382579326686,0.07079974790308212
2024-05-31 02:00:00,259.99999999999994,315.5645003914833,55.564500391483364,0.1485946880268201
2024-05-31 03:00:00,259.99999999999994,327.0679610967636,67.06796109676367,0.1793580916871887
2024-05-31 04:00:00,259.99999999999994,344.0249079465866,84.02490794658667,0.22470561050377155
2024-05-31 05:00:00,259.99999999999994,344.8048835992813,84.80488359928137,0.22679147896230356
2024-05-31 06:00:00,259.99999999999994,340.70201575756073,80.70201575756079,0.21581928695733074
2024-05-31 07:00:00,259.99999999999994,354.1906437277794,94.19064372777945,0.25189157143793944
2024-05-31 08:00:00,259.99999999999994,349.21170473098755,89.2117047309876,0.23857652528940518
2024-05-31 09:00:00,299.0,348.78368586301804,49.783685863018036,0.1331352071470122
2024-05-31 10:00:00,321.0,333.7641978263855,12.764197826385498,0.03413495992155242
2024-05-31 11:00:00,354.0,330.36683678627014,23.63316321372986,0.06320154937214867
2024-05-31 12:00:00,338.0,305.7278850674629,32.27211493253708,0.08630447167848652
2024-05-31 13:00:00,280.0,311.771457195282,31.771457195281982,0.08496557580519551
2024-05-31 14:00:00,261.99999999999994,292.7976259589195,30.797625958919582,0.08236128443681269
2024-05-31 15:00:00,262.99999999999994,283.80663335323334,20.806633353233394,0.05564263459995105
2024-05-31 16:00:00,263.99999999999994,291.42104387283325,27.42104387283331,0.07333137940493296
2024-05-31 17:00:00,258.99999999999994,291.2547281384468,32.254728138446865,0.08625797463045372
2024-05-31 18:00:00,259.99999999999994,288.44016551971436,28.440165519714412,0.07605678973189935
2024-05-31 19:00:00,259.99999999999994,278.63104820251465,18.631048202514705,0.0498245242152786
2024-05-31 20:00:00,259.99999999999994,286.7337253689766,26.73372536897665,0.07149330153262125
2024-05-31 21:00:00,259.99999999999994,285.3332743048668,25.333274304866848,0.06774811193310996
2024-05-31 22:00:00,259.99999999999994,285.2888998389244,25.288899838924465,0.067629442461116
2024-05-31 23:00:00,259.99999999999994,278.47691774368286,18.476917743682918,0.049412337166278325
2024-06-01 00:00:00,259.99999999999994,241.62120938301086,18.37879061698908,0.04914991836155037
2024-06-01 01:00:00,259.99999999999994,243.97242173552513,16.027578264474812,0.04286213275122183
2024-06-01 02:00:00,259.99999999999994,253.74110341072083,6.258896589279118,0.016738003212904088
2024-06-01 03:00:00,259.99999999999994,262.1298837661743,2.1298837661743732,0.005695892369016594
2024-06-01 04:00:00,259.99999999999994,265.749913752079,5.749913752079067,0.01537684374288499
2024-06-01 05:00:00,259.99999999999994,273.96063566207886,13.960635662078914,0.03733456228791504
2024-06-01 06:00:00,259.99999999999994,269.1074734926224,9.107473492622432,0.02435587781432107
2024-06-01 07:00:00,259.99999999999994,297.46181309223175,37.46181309223181,0.10018314553607421
2024-06-01 08:00:00,259.99999999999994,301.9474697113037,41.94746971130377,0.11217901954214379
2024-06-01 09:00:00,259.99999999999994,292.789246737957,32.78924673795706,0.08768742372077477
2024-06-01 10:00:00,259.99999999999994,296.55650317668915,36.556503176689205,0.09776209894121886
2024-06-01 11:00:00,259.99999999999994,293.1160658597946,33.11606585979467,0.08856142753811322
2024-06-01 12:00:00,259.99999999999994,261.38699501752853,1.3869950175285908,0.0037092044465859134
2024-06-01 13:00:00,259.99999999999994,277.3145663738251,17.31456637382513,0.04630389134269204
2024-06-01 14:00:00,258.99999999999994,247.67555058002472,11.324449419975224,0.03028467846882046
2024-06-01 15:00:00,259.99999999999994,231.0538610816002,28.946138918399754,0.07740990113932311
2024-06-01 16:00:00,259.99999999999994,230.9640794992447,29.035920500755253,0.07765000167341726
2024-06-01 17:00:00,259.99999999999994,230.6798940896988,29.32010591030115,0.07840999127065512
2024-06-01 18:00:00,259.99999999999994,222.07275241613388,37.92724758386606,0.10142784480618434
2024-06-01 19:00:00,258.99999999999994,211.9247192144394,47.07528078556055,0.12589219038811886
2024-06-01 20:00:00,256.0,233.02896738052368,22.97103261947632,0.06143083086675563
2024-06-01 21:00:00,258.99999999999994,237.5623619556427,21.437638044357243,0.05733011391786785
2024-06-01 22:00:00,259.99999999999994,243.09530317783356,16.904696822166386,0.045207787936176774
2024-06-01 23:00:00,259.99999999999994,238.41707199811935,21.58292800188059,0.05771865904577331
2024-06-02 00:00:00,259.99999999999994,259.61738616228104,0.3826138377189068,0.0010232141646197483
2024-06-02 01:00:00,259.99999999999994,265.16162753105164,5.161627531051693,0.013803605310646007
2024-06-02 02:00:00,259.99999999999994,284.6341109275818,24.634110927581844,0.06587835762603503
2024-06-02 03:00:00,259.99999999999994,293.51390182971954,33.5139018297196,0.08962534985218666
2024-06-02 04:00:00,259.99999999999994,304.02005821466446,44.020058214664516,0.11772168869052094
2024-06-02 05:00:00,259.99999999999994,309.4229444861412,49.42294448614126,0.13217048593152936
2024-06-02 06:00:00,259.99999999999994,305.7984298467636,45.79842984676367,0.12247754136634242
2024-06-02 07:00:00,259.99999999999994,325.04715263843536,65.04715263843542,0.17395389655699597
2024-06-02 08:00:00,259.99999999999994,322.7672964334488,62.76729643344885,0.16785693682300878
2024-06-02 09:00:00,259.99999999999994,307.78424620628357,47.784246206283626,0.12778815804322075
2024-06-02 10:00:00,259.99999999999994,297.41779267787933,37.41779267787939,0.10006542289497383
2024-06-02 11:00:00,259.99999999999994,296.63463056087494,36.634630560874996,0.09797103295839969
2024-06-02 12:00:00,259.99999999999994,249.77914810180664,10.220851898193303,0.027333356522236528
2024-06-02 13:00:00,259.99999999999994,271.9880077242851,11.988007724285183,0.032059215061822154
2024-06-02 14:00:00,259.99999999999994,238.5023394227028,21.497660577297154,0.05749063060557216
2024-06-02 15:00:00,259.99999999999994,226.83403819799423,33.16596180200571,0.08869486294947147
2024-06-02 16:00:00,262.99999999999994,236.23397514224052,26.76602485775942,0.07157967920947042
2024-06-02 17:00:00,267.9999999999999,230.44052571058273,37.55947428941715,0.10044431831772144
2024-06-02 18:00:00,263.99999999999994,230.14183893799782,33.858161062002125,0.09054599330008879
2024-06-02 19:00:00,263.99999999999994,222.03357070684433,41.96642929315561,0.11222972265529238
2024-06-02 20:00:00,263.99999999999994,246.52898401021957,17.47101598978037,0.046722280452843164
2024-06-02 21:00:00,265.9999999999999,253.4128975868225,12.587102413177377,0.03366135829657182
2024-06-02 22:00:00,263.99999999999994,259.4348135590553,4.565186440944615,0.012208558525623135
2024-06-02 23:00:00,263.99999999999994,252.57521152496338,11.424788475036564,0.030553012575645817
2024-06-03 00:00:00,263.99999999999994,302.44202077388763,38.44202077388769,0.10280448926509068
2024-06-03 01:00:00,263.99999999999994,288.88621151447296,24.88621151447302,0.06655254362242732
2024-06-03 02:00:00,263.99999999999994,308.5255417227745,44.52554172277456,0.11907348999641063
2024-06-03 03:00:00,263.99999999999994,305.3576946258545,41.35769462585455,0.11060179947877848
2024-06-03 04:00:00,267.9999999999999,299.99941885471344,31.999418854713554,0.08557520770014011
2024-06-03 05:00:00,275.0,322.20164000988007,47.201640009880066,0.12623010955205952
2024-06-03 06:00:00,279.0,302.690269947052,23.690269947052002,0.0633542684133071
2024-06-03 07:00:00,288.9999999999999,321.3446581363678,32.34465813636791,0.08649847206840744
2024-06-03 08:00:00,286.99999999999994,326.49498760700226,39.494987607002315,0.1056204108871132
2024-06-03 09:00:00,325.9999999999999,343.5970366001129,17.59703660011303,0.04705929407026788
2024-06-03 10:00:00,349.9999999999999,363.75074476003647,13.750744760036582,0.03677325654613915
2024-06-03 11:00:00,347.9999999999999,353.88822466135025,5.888224661350364,0.015746724984848328
2024-06-03 12:00:00,344.9999999999999,377.62180745601654,32.621807456016654,0.08723964523472574
2024-06-03 13:00:00,287.9999999999999,379.1434621810913,91.14346218109142,0.24374257364076693
2024-06-03 14:00:00,280.0,379.827076792717,99.82707679271698,0.2669649367515385
2024-06-03 15:00:00,280.0,386.16454124450684,106.16454124450684,0.28391305194127064
2024-06-03 16:00:00,282.99999999999994,381.200914978981,98.20091497898107,0.26261613480621854
2024-06-03 17:00:00,290.99999999999983,399.99668776988983,108.99668776989,0.29148698721326055
2024-06-03 18:00:00,299.0,384.81091350317,85.81091350317001,0.22948187838388998
2024-06-03 19:00:00,307.9999999999999,357.2672340273857,49.267234027385825,0.13175407353011734
2024-06-03 20:00:00,307.9999999999999,349.7577702999115,41.75777029991161,0.11167171137494916
2024-06-03 21:00:00,307.9999999999999,345.8323708176613,37.8323708176614,0.1011741183553777
2024-06-03 22:00:00,307.9999999999999,339.94109988212585,31.941099882125968,0.08541924679926562
2024-06-03 23:00:00,307.9999999999999,330.9572768211365,22.95727682113659,0.061394044095553685
2024-06-04 00:00:00,307.9999999999999,306.2507012486458,1.7492987513541038,0.004678103832334839
2024-06-04 01:00:00,307.9999999999999,319.2782360315323,11.278236031532401,0.03016109121454946
2024-06-04 02:00:00,307.9999999999999,348.261017203331,40.26101720333111,0.10766898377238718
2024-06-04 03:00:00,307.9999999999999,369.9015945196152,61.90159451961529,0.1655418128696935
2024-06-04 04:00:00,307.9999999999999,389.48578119277954,81.48578119277965,0.21791529033200346
2024-06-04 05:00:00,326.9999999999999,378.12397062778473,51.12397062778484,0.13671949558809302
2024-06-04 06:00:00,307.9999999999999,378.9277857542038,70.92778575420391,0.18968031967033583
2024-06-04 07:00:00,304.99999999999994,382.74145245552063,77.74145245552069,0.20790193006307656
2024-06-04 08:00:00,342.99999999999994,375.089807510376,32.08980751037603,0.08581693171447839
2024-06-04 09:00:00,362.99999999999994,391.2450635433197,28.24506354331976,0.07553503362662492
2024-06-04 10:00:00,359.99999999999994,369.3603676557541,9.360367655754146,0.02503218605086774
2024-06-04 11:00:00,358.99999999999994,363.58531415462494,4.585314154624996,0.012262385543124543
2024-06-04 12:00:00,361.99999999999994,367.24815487861633,5.24815487861639,0.014035003129875481
2024-06-04 13:00:00,311.9999999999999,349.5321214199066,37.53212141990673,0.10037116925522825
2024-06-04 14:00:00,298.0,354.0494656562805,56.04946565628052,0.1498916179320411
2024-06-04 15:00:00,304.99999999999994,347.0221611857414,42.02216118574148,0.11237876499588023
2024-06-04 16:00:00,309.99999999999983,349.26552057266235,39.265520572662524,0.10500675320748099
2024-06-04 17:00:00,311.9999999999999,356.9270199537277,44.927019953727836,0.12014715271375245
2024-06-04 18:00:00,315.0,351.47710382938385,36.47710382938385,0.09754976334638318
2024-06-04 19:00:00,347.9999999999999,352.33119428157806,4.331194281578178,0.011582799422656252
2024-06-04 20:00:00,353.0,342.7761974930763,10.223802506923676,0.027341247257880508
2024-06-04 21:00:00,340.99999999999994,329.4503742456436,11.549625754356327,0.030886861641937078
2024-06-04 22:00:00,322.99999999999994,325.43106257915497,2.431062579155025,0.006501326979961239
2024-06-04 23:00:00,316.0,321.3625967502594,5.362596750259399,0.014341052029697945
2024-06-05 00:00:00,316.0,297.66707450151443,18.332925498485565,0.049027262476456016
2024-06-05 01:00:00,316.0,309.06110376119614,6.9388962388038635,0.018556508464774652
2024-06-05 02:00:00,316.0,337.47459948062897,21.474599480628967,0.05742895891877894
2024-06-05 03:00:00,316.0,355.26061713695526,39.26061713695526,0.10499364007780203
2024-06-05 04:00:00,318.0,373.4491914510727,55.44919145107269,0.14828632034770292
2024-06-05 05:00:00,316.0,366.5353900194168,50.53539001941681,0.13514546988349965
2024-06-05 06:00:00,317.0,365.9524440765381,48.952444076538086,0.1309122390096837
2024-06-05 07:00:00,316.0,372.5130495429039,56.5130495429039,0.1511313681776425
2024-06-05 08:00:00,354.99999999999983,364.44023072719574,9.44023072719591,0.025245761771015337
2024-06-05 09:00:00,383.99999999999994,369.25087720155716,14.749122798442784,0.039443192784286936
2024-06-05 10:00:00,375.0,347.22512125968933,27.77487874031067,0.07427763072322734
2024-06-05 11:00:00,365.9999999999999,344.31998044252396,21.68001955747593,0.057978308449836695
2024-06-05 12:00:00,367.9999999999999,328.62463742494583,39.375362575054055,0.10530050079744604
2024-06-05 13:00:00,329.9999999999999,325.5976438522339,4.402356147766,0.011773105737499073
2024-06-05 14:00:00,307.9999999999999,317.49307841062546,9.493078410625571,0.025387090946601232
2024-06-05 15:00:00,311.9999999999999,310.6910392642021,1.3089607357977684,0.0035005194108618126
2024-06-05 16:00:00,311.9999999999999,318.0565220117569,6.056522011757011,0.01619679818092172
2024-06-05 17:00:00,315.0,319.7926139831543,4.792613983154297,0.012816762044871083
2024-06-05 18:00:00,329.9999999999999,317.8795552253723,12.120444774627572,0.03241338799670264
2024-06-05 19:00:00,360.99999999999994,315.5769217014313,45.42307829856867,0.12147374855237934
2024-06-05 20:00:00,323.99999999999994,316.7906105518341,7.209389448165837,0.01927988136969285
2024-06-05 21:00:00,315.0,309.818951189518,5.181048810482025,0.013855543129535752
2024-06-05 22:00:00,316.0,308.5124123096466,7.4875876903533936,0.02002385964208286
2024-06-05 23:00:00,318.99999999999994,301.7499679327011,17.250032067298832,0.046131308937060043
2024-06-06 00:00:00,316.0,302.4783405661583,13.521659433841705,0.03616061965860101
2024-06-06 01:00:00,316.0,317.4205273389816,1.4205273389816284,0.0037988790555542845
2024-06-06 02:00:00,318.0,345.68015813827515,27.680158138275146,0.0740243218981679
2024-06-06 03:00:00,320.0,368.998880982399,48.99888098239899,0.13103642401073143
2024-06-06 04:00:00,320.0,389.9759951233864,69.97599512338638,0.18713497091606432
2024-06-06 05:00:00,320.0,375.20162880420685,55.20162880420685,0.14762427004546064
2024-06-06 06:00:00,323.99999999999994,378.65463495254517,54.65463495254522,0.14616145871506836
2024-06-06 07:00:00,327.9999999999999,382.4276152253151,54.42761522531521,0.14555434580473886
2024-06-06 08:00:00,365.9999999999999,374.5282816886902,8.5282816886903,0.02280696034351487
2024-06-06 09:00:00,388.9999999999999,390.8664348721504,1.8664348721505348,0.004991357892099326
2024-06-06 10:00:00,375.0,366.7998370528221,8.200162947177887,0.021929480987320338
2024-06-06 11:00:00,380.0,361.76578402519226,18.23421597480774,0.04876328618272818
2024-06-06 12:00:00,380.0,363.30080419778824,16.69919580221176,0.0446582219410863
2024-06-06 13:00:00,341.99999999999994,344.3062609434128,2.3062609434128376,0.006167573234355895
2024-06-06 14:00:00,322.99999999999994,348.0165445804596,25.01654458045965,0.06690108992705371
2024-06-06 15:00:00,318.99999999999994,339.43787455558777,20.437874555587825,0.054656472606102055
2024-06-06 16:00:00,317.0,341.47414326667786,24.474143266677856,0.06545056030042366
2024-06-06 17:00:00,307.9999999999999,346.9033473730087,38.90334737300884,0.10403820290584878
2024-06-06 18:00:00,305.99999999999994,342.3594197630882,36.35941976308828,0.0972350439303224
2024-06-06 19:00:00,306.9999999999999,345.80124378204346,38.80124378204357,0.10376514994687305
2024-06-06 20:00:00,307.9999999999999,335.98120987415314,27.98120987415325,0.07482941667014567
2024-06-06 21:00:00,307.9999999999999,322.03016102313995,14.030161023140067,0.037520492139961684
2024-06-06 22:00:00,307.9999999999999,317.4351614713669,9.435161471366996,0.025232205192928275
2024-06-06 23:00:00,307.9999999999999,313.9732450246811,5.973245024681205,0.0159740927156128
2024-06-07 00:00:00,307.9999999999999,296.70541137456894,11.294588625430947,0.030204822528097922
2024-06-07 01:00:00,307.9999999999999,306.5433543920517,1.4566456079481895,0.0038954691962257834
2024-06-07 02:00:00,307.9999999999999,333.87678623199463,25.876786231994743,0.0692016116439218
2024-06-07 03:00:00,307.9999999999999,350.4332712292671,42.433271229267234,0.11347818581730393
2024-06-07 04:00:00,307.9999999999999,366.92375510931015,58.923755109310264,0.15757825493160993
2024-06-07 05:00:00,307.9999999999999,361.4602965116501,53.4602965116502,0.14296747070522678
2024-06-07 06:00:00,307.9999999999999,360.1148119568825,52.11481195688259,0.13936927660194207
2024-06-07 07:00:00,302.99999999999994,367.67118752002716,64.67118752002722,0.17294846288828264
2024-06-07 08:00:00,337.0,360.649990439415,23.649990439414978,0.0632465499810522
2024-06-07 09:00:00,358.99999999999994,366.60115510225296,7.601155102253017,0.020327569997117826
2024-06-07 10:00:00,359.99999999999994,347.6309233903885,12.369076609611454,0.03307829760072436
2024-06-07 11:00:00,358.99999999999994,344.2992389202118,14.700761079788151,0.039313860306800515
2024-06-07 12:00:00,360.99999999999994,331.55037224292755,29.449627757072392,0.07875636815298159
2024-06-07 13:00:00,323.99999999999994,328.46431106328964,4.464311063289699,0.011938790145333382
2024-06-07 14:00:00,299.0,321.01834058761597,22.018340587615967,0.0588830715192852
2024-06-07 15:00:00,303.99999999999994,314.9560922384262,10.956092238426265,0.02929959050637932
2024-06-07 16:00:00,304.99999999999994,321.12656235694885,16.12656235694891,0.04312684331708991
2024-06-07 17:00:00,306.9999999999999,323.6241012811661,16.62410128116619,0.04445739863036324
2024-06-07 18:00:00,303.99999999999994,320.79263269901276,16.792632699012813,0.044908097786860564
2024-06-07 19:00:00,303.99999999999994,317.12008506059647,13.120085060596523,0.035086699830446134
2024-06-07 20:00:00,303.99999999999994,317.31035828590393,13.310358285903988,0.03559554253316489
2024-06-07 21:00:00,305.99999999999994,310.27358293533325,4.273582935333309,0.01142873090837562
2024-06-07 22:00:00,307.9999999999999,308.2923102378845,0.29231023788463517,0.0007817176128550332
2024-06-07 23:00:00,306.9999999999999,301.5135794878006,5.486420512199288,0.014672190673006708
2024-06-08 00:00:00,307.9999999999999,292.3219871520996,15.678012847900277,0.04192729911364952
2024-06-08 01:00:00,307.9999999999999,292.839138507843,15.160861492156869,0.0405442947884434
2024-06-08 02:00:00,306.9999999999999,316.3656011223793,9.365601122379417,0.02504618177358641
2024-06-08 03:00:00,304.99999999999994,322.1538430452347,17.153843045234737,0.045874073154779704
2024-06-08 04:00:00,301.99999999999994,328.7020272016525,26.702027201652584,0.071408531953999
2024-06-08 05:00:00,299.99999999999994,337.95457541942596,37.95457541942602,0.10150092692103951
2024-06-08 06:00:00,299.0,328.82978081703186,29.82978081703186,0.07977300152409307
2024-06-08 07:00:00,299.99999999999994,341.7309781908989,41.73097819089895,0.11160006193956745
2024-06-08 08:00:00,299.0,336.9779831171036,37.97798311710358,0.10156352551383377
2024-06-08 09:00:00,291.99999999999983,330.5846670269966,38.58466702699678,0.10318596440352619
2024-06-08 10:00:00,287.9999999999999,322.98816561698914,34.98816561698925,0.09356793488390863
2024-06-08 11:00:00,287.9999999999999,321.7219001054764,33.72190010547649,0.09018159419305992
2024-06-08 12:00:00,287.9999999999999,295.30357360839844,7.303573608398551,0.019531755602489757
2024-06-08 13:00:00,287.9999999999999,313.9887937903404,25.988793790340537,0.06950115052345414
2024-06-08 14:00:00,287.9999999999999,294.1481852531433,6.148185253143424,0.01644193078647699
2024-06-08 15:00:00,287.9999999999999,294.32698130607605,6.3269813060761635,0.01692008038772922
2024-06-08 16:00:00,287.9999999999999,304.6667629480362,16.666762948036308,0.044571487608660636
2024-06-08 17:00:00,287.9999999999999,304.6855866909027,16.685586690902824,0.04462182745116871
2024-06-08 18:00:00,291.99999999999983,303.13962042331696,11.139620423317126,0.02979039512418105
2024-06-08 19:00:00,287.9999999999999,288.3256298303604,0.3256298303605263,0.0008708233262917134
2024-06-08 20:00:00,283.9999999999999,299.87237334251404,15.872373342514152,0.04244707229361883
2024-06-08 21:00:00,287.9999999999999,301.6134810447693,13.6134810447694,0.036406175787672454
2024-06-08 22:00:00,283.9999999999999,302.0117300748825,18.01173007488262,0.04816829796800815
2024-06-08 23:00:00,283.9999999999999,289.9514937400818,5.951493740081901,0.015915923824928208
2024-06-09 00:00:00,281.99999999999994,277.6831930875778,4.316806912422123,0.01154432365816259
2024-06-09 01:00:00,283.9999999999999,274.5448502898216,9.455149710178262,0.025285659216440395
2024-06-09 02:00:00,283.9999999999999,294.8440146446228,10.844014644622916,0.028999864332857242
2024-06-09 03:00:00,282.99999999999994,298.6288556456566,15.628855645656643,0.04179583929523669
2024-06-09 04:00:00,283.9999999999999,302.4571269750595,18.457126975059623,0.04935941123211767
2024-06-09 05:00:00,283.9999999999999,318.14698219299316,34.14698219299328,0.09131838008576683
2024-06-09 06:00:00,266.9999999999999,307.16418385505676,40.164183855056876,0.10741002488539955
2024-06-09 07:00:00,259.99999999999994,322.67975717782974,62.6797571778298,0.1676228328845739
2024-06-09 08:00:00,259.99999999999994,325.8715322613716,65.87153226137167,0.17615851339009642
2024-06-09 09:00:00,259.99999999999994,328.02201211452484,68.0220121145249,0.18190948533505868
2024-06-09 10:00:00,259.99999999999994,333.73324781656265,73.73324781656271,0.19718289338179104
2024-06-09 11:00:00,259.99999999999994,323.0139523744583,63.01395237445837,0.16851656234552836
2024-06-09 12:00:00,259.99999999999994,313.3994749188423,53.39947491884237,0.14280481711264706
2024-06-09 13:00:00,259.99999999999994,319.7926139831543,59.792613983154354,0.15990182146039286
2024-06-09 14:00:00,259.99999999999994,305.60806810855865,45.60806810855871,0.12196846195590028
2024-06-09 15:00:00,261.99999999999994,301.49044811725616,39.49044811725622,0.10560827104858556
2024-06-09 16:00:00,261.0,300.5921012163162,39.59210121631622,0.10588011926885851
2024-06-09 17:00:00,275.0,312.26695239543915,37.26695239543915,0.0996620346785197
2024-06-09 18:00:00,280.0,304.6730178594589,24.673017859458923,0.06598240541488622
2024-06-09 19:00:00,286.99999999999994,292.7570280432701,5.757028043270168,0.015395869305476671
2024-06-09 20:00:00,287.9999999999999,305.1892840862274,17.18928408622753,0.04596885220241922
2024-06-09 21:00:00,288.9999999999999,309.28070425987244,20.28070425987255,0.05423615620094503
2024-06-09 22:00:00,298.0,313.9644232392311,15.96442323923111,0.04269323892139713
2024-06-09 23:00:00,299.99999999999994,314.3389508128166,14.338950812816677,0.03834628058653424
2024-06-10 00:00:00,299.99999999999994,282.91247606277466,17.087523937225285,0.04569671770128962
2024-06-10 01:00:00,299.99999999999994,272.57405161857605,27.425948381423893,0.07334449540379569
2024-06-10 02:00:00,299.99999999999994,288.4513771533966,11.548622846603337,0.030884179592001862
2024-06-10 03:00:00,338.0,292.4731081724167,45.52689182758331,0.12175137435389305
2024-06-10 04:00:00,394.0,287.0231920480728,106.97680795192719,0.2860852755216738
2024-06-10 05:00:00,442.99999999999994,310.94397962093353,132.0560203790664,0.3531539564296785
2024-06-10 06:00:00,442.99999999999994,295.1849663257599,147.81503367424006,0.39529787291787144
2024-06-10 07:00:00,440.99999999999994,318.44665735960007,122.55334264039988,0.3277411942515272
2024-06-10 08:00:00,441.99999999999994,327.92553305625916,114.07446694374079,0.30506635905843765
2024-06-10 09:00:00,440.0,344.987456202507,95.01254379749298,0.25408955726680194
2024-06-10 10:00:00,441.99999999999994,363.78508776426315,78.21491223573679,0.2091680911522392
2024-06-10 11:00:00,440.0,350.3234562277794,89.67654377222061,0.23981963216210356
2024-06-10 12:00:00,440.0,374.31384444236755,65.68615555763245,0.17566276532675573
2024-06-10 13:00:00,440.0,373.64834547042847,66.35165452957153,0.17744249179636717
2024-06-10 14:00:00,451.99999999999983,372.18575835227966,79.81424164772017,0.2134451359083586
2024-06-10 15:00:00,416.0,384.8184370994568,31.181562900543213,0.08338803694354952
2024-06-10 16:00:00,366.9999999999999,374.9730885028839,7.973088502884025,0.02132222174858017
2024-06-10 17:00:00,303.99999999999994,396.3927376270294,92.39273762702948,0.24708347824426058
2024-06-10 18:00:00,299.99999999999994,386.3842302560806,86.38423025608068,0.23101508435963145
2024-06-10 19:00:00,305.99999999999994,370.2192083001137,64.21920830011373,0.17173974669890887
2024-06-10 20:00:00,307.9999999999999,364.15507167577744,56.15507167577755,0.1501740373439021
2024-06-10 21:00:00,307.9999999999999,361.63148045539856,53.63148045539867,0.1434252634422673
2024-06-10 22:00:00,303.99999999999994,351.71838998794556,47.71838998794561,0.12761204048345479
2024-06-10 23:00:00,305.99999999999994,347.64145642519,41.64145642519003,0.11136065622632602
2024-06-11 00:00:00,307.9999999999999,307.77840435504913,0.221595644950753,0.0005926074291600426
2024-06-11 01:00:00,296.0,323.41267347335815,27.412673473358154,0.07330899466485778
2024-06-11 02:00:00,296.0,350.42238414287567,54.42238414287567,0.14554035645798566
2024-06-11 03:00:00,334.0,375.60642778873444,41.606427788734436,0.11126698006133845
2024-06-11 04:00:00,390.99999999999983,395.9439182281494,4.943918228149585,0.013221391024233857
2024-06-11 05:00:00,437.0,378.5966885089874,58.40331149101257,0.1561864461948873
2024-06-11 06:00:00,455.99999999999994,383.22892248630524,72.7710775136947,0.19460978654242392
2024-06-11 07:00:00,459.0,385.3264421224594,73.67355787754059,0.19702326614128962
2024-06-11 08:00:00,464.99999999999994,377.5609105825424,87.43908941745752,0.2338360665855609
2024-06-11 09:00:00,459.99999999999994,399.0056973695755,60.99430263042444,0.1631154659346234
2024-06-11 10:00:00,460.99999999999994,375.34897327423096,85.65102672576899,0.22905429736291205
2024-06-11 11:00:00,466.9999999999999,369.59126830101013,97.40873169898975,0.2604976198097548
2024-06-11 12:00:00,467.9999999999999,380.254830121994,87.74516987800587,0.2346546095442097
2024-06-11 13:00:00,459.99999999999994,355.0973108410835,104.90268915891642,0.2805385139597676
2024-06-11 14:00:00,455.99999999999994,365.1542937755585,90.84570622444147,0.2429462926848545
2024-06-11 15:00:00,427.9999999999999,357.5224757194519,70.47752428054798,0.1884761972047867
2024-06-11 16:00:00,383.99999999999994,357.1973678469658,26.802632153034153,0.07167757714038907
2024-06-11 17:00:00,313.99999999999983,364.7015208005905,50.701520800590686,0.1355897490802216
2024-06-11 18:00:00,306.9999999999999,358.97874891757965,51.978748917579765,0.1390054067797582
2024-06-11 19:00:00,307.9999999999999,364.55429434776306,56.554294347763175,0.15124166807897538
2024-06-11 20:00:00,310.9999999999999,349.36736941337585,38.36736941337597,0.10260485108697585
2024-06-11 21:00:00,311.9999999999999,332.21935272216797,20.219352722168082,0.05407208539060875
2024-06-11 22:00:00,311.9999999999999,325.9049901366234,13.904990136623496,0.037185750916681984
2024-06-11 23:00:00,311.9999999999999,323.16070675849915,11.16070675849926,0.029846785758055952
2024-06-12 00:00:00,311.9999999999999,319.12894427776337,7.12894427776348,0.019064748957541535
2024-06-12 01:00:00,311.9999999999999,324.8319482803345,12.831948280334586,0.034316143185998425
2024-06-12 02:00:00,311.9999999999999,358.49968761205673,46.499687612056846,0.12435289664041048
2024-06-12 03:00:00,349.9999999999999,372.82281517982483,22.822815179824943,0.0610344568500731
2024-06-12 04:00:00,405.99999999999994,388.3095923066139,17.69040769338602,0.047308993939390614
2024-06-12 05:00:00,457.0,391.81461453437805,65.18538546562195,0.17432356898608517
2024-06-12 06:00:00,468.9999999999999,381.329140663147,87.67085933685291,0.2344558828103791
2024-06-12 07:00:00,467.9999999999999,385.7244551181793,82.27554488182057,0.22002733467976354
2024-06-12 08:00:00,459.99999999999994,378.30418288707733,81.69581711292261,0.2184769838918875
2024-06-12 09:00:00,455.99999999999994,389.72004532814026,66.27995467185968,0.17725074674488295
2024-06-12 10:00:00,455.99999999999994,374.5232364535332,81.47676354646677,0.21789117467666314
2024-06-12 11:00:00,455.99999999999994,366.3532894849777,89.64671051502222,0.23973984986378385
2024-06-12 12:00:00,455.99999999999994,371.0872247815132,84.91277521848673,0.22708001069359915
2024-06-12 13:00:00,455.99999999999994,362.54053741693497,93.45946258306498,0.2499361928540515
2024-06-12 14:00:00,455.0,365.92052042484283,89.07947957515717,0.23822291901846795
2024-06-12 15:00:00,418.0,364.1358643770218,53.86413562297821,0.14404744706311756
2024-06-12 16:00:00,371.9999999999999,369.54329431056976,2.456705689430123,0.006569903678114176
2024-06-12 17:00:00,318.99999999999994,384.7279769182205,65.72797691822058,0.17577460709597287
2024-06-12 18:00:00,307.9999999999999,376.8351048231125,68.8351048231126,0.18408391786874867
2024-06-12 19:00:00,310.9999999999999,366.4573511481285,55.45735114812862,0.14830814161181718
2024-06-12 20:00:00,311.9999999999999,362.11954057216644,50.11954057216656,0.1340333745988321
2024-06-12 21:00:00,311.9999999999999,353.4749284386635,41.474928438663596,0.11091531479373351
2024-06-12 22:00:00,311.9999999999999,353.43940526247025,41.43940526247036,0.11082031609407877
2024-06-12 23:00:00,311.9999999999999,346.46184504032135,34.461845040321464,0.09216040955134877
2024-06-13 00:00:00,316.0,318.9363107085228,2.9363107085227966,0.007852498818645599
2024-06-13 01:00:00,316.0,338.49594980478287,22.495949804782867,0.060160329339001464
2024-06-13 02:00:00,316.0,368.5730454325676,52.573045432567596,0.14059471838371132
2024-06-13 03:00:00,354.0,397.51201272010803,43.51201272010803,0.11636303593138224
2024-06-13 04:00:00,409.99999999999983,419.4237345457077,9.423734545707873,0.025201646464937204
2024-06-13 05:00:00,458.0,410.5591678619385,47.44083213806152,0.1268697747954285
2024-06-13 06:00:00,475.0,413.571320772171,61.42867922782898,0.16427710789167718
2024-06-13 07:00:00,472.0,411.50885224342346,60.49114775657654,0.16176989203434833
2024-06-13 08:00:00,443.9999999999999,400.9833115339279,43.01668846607197,0.11503840325256691
2024-06-13 09:00:00,431.99999999999983,408.644397854805,23.355602145194837,0.062459275076568496
2024-06-13 10:00:00,426.9999999999999,383.0161964893341,43.98380351066578,0.11762473368521646
2024-06-13 11:00:00,420.99999999999994,366.2603509426117,54.73964905738825,0.1463888097089228
2024-06-13 12:00:00,419.99999999999994,365.55201172828674,54.4479882717132,0.14560882890910112
2024-06-13 13:00:00,419.99999999999994,343.31444442272186,76.68555557727808,0.20507817269811332
2024-06-13 14:00:00,419.99999999999994,349.9976697564125,70.00233024358744,0.18720539823823681
2024-06-13 15:00:00,391.99999999999983,340.3071892261505,51.69281077384932,0.138240729891399
2024-06-13 16:00:00,337.0,338.92627000808716,1.9262700080871582,0.0051513734289061275
2024-06-13 17:00:00,291.99999999999983,347.9490387439728,55.94903874397295,0.14962304887088332
2024-06-13 18:00:00,305.99999999999994,339.4764071702957,33.47640717029577,0.08952507886656633
2024-06-13 19:00:00,308.9999999999999,344.8599976301193,35.85999763011944,0.09589945240121059
2024-06-13 20:00:00,317.0,338.3276867866516,21.32768678665161,0.057036074149277964
2024-06-13 21:00:00,310.9999999999999,322.6573634147644,11.657363414764518,0.031174981645253952
2024-06-13 22:00:00,316.0,321.9414710998535,5.941471099853516,0.01588912054068289
2024-06-13 23:00:00,316.0,326.75120294094086,10.751202940940857,0.028751660424665763
2024-06-14 00:00:00,318.99999999999994,316.9815328717232,2.018467128276768,0.005397933772561196
2024-06-14 01:00:00,316.0,327.6975828409195,11.697582840919495,0.031282539403175096
2024-06-14 02:00:00,320.0,352.6837706565857,32.68377065658569,0.0874053517990398
2024-06-14 03:00:00,348.9999999999999,371.3680762052536,22.368076205253715,0.05981836032110288
2024-06-14 04:00:00,405.99999999999994,383.61908733844757,22.380912661552372,0.059852688519964205
2024-06-14 05:00:00,448.9999999999999,381.2811076641083,67.71889233589161,0.18109886005050782
2024-06-14 06:00:00,467.9999999999999,378.832191824913,89.16780817508686,0.23845913387971793
2024-06-14 07:00:00,463.9999999999999,380.82202076911926,83.17797923088062,0.22244069122249274
2024-06-14 08:00:00,440.99999999999994,371.5800055861473,69.41999441385263,0.18564807278157627
2024-06-14 09:00:00,429.99999999999983,373.6093407869339,56.39065921306593,0.15080406292425882
2024-06-14 10:00:00,427.9999999999999,354.7226947546005,73.27730524539936,0.19596357810597964
2024-06-14 11:00:00,427.9999999999999,348.015718460083,79.98428153991688,0.21389986913829973
2024-06-14 12:00:00,427.9999999999999,337.6392334699631,90.36076653003681,0.24164943116186444
2024-06-14 13:00:00,427.9999999999999,335.4116293787956,92.58837062120426,0.24760665443647575
2024-06-14 14:00:00,427.9999999999999,333.5389029979706,94.4610970020293,0.25261483754543335
2024-06-14 15:00:00,394.0,332.49498188495636,61.50501811504364,0.16448125897825325
2024-06-14 16:00:00,341.99999999999994,338.46482276916504,3.535177230834904,0.009454031873486384
2024-06-14 17:00:00,281.99999999999994,343.3457484841347,61.34574848413473,0.1640553283759746
2024-06-14 18:00:00,278.0,339.92977023124695,61.92977023124695,0.16561716243731928
2024-06-14 19:00:00,303.99999999999994,337.8166428208351,33.81664282083517,0.09043496215520026
2024-06-14 20:00:00,306.9999999999999,337.87166833877563,30.87166833877575,0.08255929403391107
2024-06-14 21:00:00,307.9999999999999,329.22561049461365,21.22561049461376,0.05676309419510881
2024-06-14 22:00:00,299.99999999999994,328.3849149942398,28.384914994239864,0.07590903469876911
2024-06-14 23:00:00,296.0,322.32821345329285,26.328213453292847,0.07040885163785662
2024-06-15 00:00:00,296.0,286.4648526906967,9.535147309303284,0.02549959470044772
2024-06-15 01:00:00,296.0,295.0762724876404,0.9237275123596191,0.0024703002916212106
2024-06-15 02:00:00,296.0,323.5375651717186,27.537565171718597,0.07364298926256417
2024-06-15 03:00:00,296.0,338.2224154472351,42.22241544723511,0.1129142997222439
2024-06-15 04:00:00,296.0,355.81456035375595,59.81456035375595,0.15996051206446363
2024-06-15 05:00:00,296.0,352.35037207603455,56.350372076034546,0.1506963240889144
2024-06-15 06:00:00,279.0,350.2882280945778,71.28822809457779,0.1906442411803315
2024-06-15 07:00:00,271.99999999999983,361.14808201789856,89.14808201789873,0.23840638073422601
2024-06-15 08:00:00,271.99999999999983,355.6354397535324,83.63543975353258,0.22366406591621127
2024-06-15 09:00:00,271.99999999999983,360.7066386938095,88.70663869380968,0.23722584041509467
2024-06-15 10:00:00,271.99999999999983,343.9744555950165,71.97445559501665,0.19247940141077904
2024-06-15 11:00:00,271.99999999999983,339.9352875351906,67.93528753519075,0.18167756006407415
2024-06-15 12:00:00,269.9999999999999,324.2883610725403,54.2883610725404,0.14518194207137994
2024-06-15 13:00:00,267.9999999999999,322.68433034420013,54.68433034420025,0.14624087232317648
2024-06-15 14:00:00,267.9999999999999,310.85989236831665,42.859892368316764,0.11461908755521334
2024-06-15 15:00:00,270.9999999999999,302.2594776749611,31.259477674961204,0.0835964023839971
2024-06-15 16:00:00,268.9999999999999,307.7679008245468,38.76790082454693,0.10367598174897337
2024-06-15 17:00:00,271.99999999999983,309.56937432289124,37.569374322891406,0.10047079371793555
2024-06-15 18:00:00,278.0,305.9161815047264,27.91618150472641,0.07465551300503946
2024-06-15 19:00:00,283.9999999999999,299.6801823377609,15.680182337761039,0.04193310092355992
2024-06-15 20:00:00,283.9999999999999,301.9668245315552,17.96682453155529,0.048048208249673846
2024-06-15 21:00:00,283.9999999999999,296.7163574695587,12.71635746955883,0.034007021708346775
2024-06-15 22:00:00,276.0,295.0535246729851,19.053524672985077,0.05095434197456577
2024-06-15 23:00:00,271.99999999999983,289.25153374671936,17.25153374671953,0.04613532483900216
2024-06-16 00:00:00,271.99999999999983,279.2462423443794,7.246242344379596,0.019378436104769848
2024-06-16 01:00:00,271.99999999999983,277.55408227443695,5.554082274437121,0.014853136751532355
2024-06-16 02:00:00,271.99999999999983,304.2158192396164,32.215819239616565,0.08615392158143105
2024-06-16 03:00:00,271.99999999999983,308.16874623298645,36.16874623298662,0.09672513070297747
2024-06-16 04:00:00,271.99999999999983,317.4004054069519,45.400405406952075,0.12141311503218756
2024-06-16 05:00:00,271.99999999999983,329.15075808763504,57.15075808763521,0.15283677543567142
2024-06-16 06:00:00,271.99999999999983,318.3024698495865,46.30246984958666,0.12382548234385186
2024-06-16 07:00:00,271.99999999999983,336.0154938697815,64.01549386978166,0.17119495853365085
2024-06-16 08:00:00,269.9999999999999,334.7562798857689,64.756279885769,0.17317602317320877
2024-06-16 09:00:00,267.9999999999999,334.610056579113,66.61005657911312,0.17813352962927476
2024-06-16 10:00:00,271.99999999999983,332.65937983989716,60.659379839897326,0.1622197906883635
2024-06-16 11:00:00,271.99999999999983,327.51804918050766,55.51804918050783,0.14847046476997902
2024-06-16 12:00:00,271.99999999999983,310.01199781894684,38.01199781894701,0.10165449014004545
2024-06-16 13:00:00,271.99999999999983,321.75798386335373,49.7579838633539,0.13306647296250865
2024-06-16 14:00:00,271.99999999999983,302.36339181661606,30.36339181661623,0.08120002344370475
2024-06-16 15:00:00,271.99999999999983,297.856108546257,25.85610854625719,0.069146313850553
2024-06-16 16:00:00,271.99999999999983,303.27728748321533,31.277287483215503,0.08364403068772915
2024-06-16 17:00:00,271.99999999999983,307.1879053115845,35.18790531158464,0.09410209351749411
2024-06-16 18:00:00,271.99999999999983,300.99026173353195,28.990261733532122,0.07752789762814719
2024-06-16 19:00:00,274.0,281.97479993104935,7.974799931049347,0.0213267985760962
2024-06-16 20:00:00,283.9999999999999,290.2366232872009,6.236623287201041,0.016678438304548928
2024-06-16 21:00:00,276.0,291.37725949287415,15.377259492874146,0.04112300229376887
2024-06-16 22:00:00,276.0,290.7785287499428,14.77852874994278,0.03952183235016961
2024-06-16 23:00:00,276.0,282.39019095897675,6.390190958976746,0.017089120306865886
2024-06-17 00:00:00,276.0,305.4778656363487,29.477865636348724,0.0788318839739112
2024-06-17 01:00:00,276.0,296.4029332995415,20.402933299541473,0.05456303012025423
2024-06-17 02:00:00,276.0,318.0766439437866,42.07664394378662,0.1125244668086837
2024-06-17 03:00:00,276.0,317.90472239255905,41.90472239255905,0.1120647015072816
2024-06-17 04:00:00,276.0,318.43190521001816,42.43190521001816,0.11347453270780551
2024-06-17 05:00:00,276.0,336.2275117635727,60.22751176357269,0.16106485720352942
2024-06-17 06:00:00,276.0,319.5587334036827,43.55873340368271,0.11648797983173706
2024-06-17 07:00:00,276.0,337.8199177980423,61.8199177980423,0.1653233869525039
2024-06-17 08:00:00,263.99999999999994,342.50024378299713,78.50024378299719,0.2099311458355468
2024-06-17 09:00:00,298.0,357.84501671791077,59.84501671791077,0.1600419607213962
2024-06-17 10:00:00,322.99999999999994,369.87828612327576,46.878286123275814,0.12536537272254267
2024-06-17 11:00:00,326.9999999999999,363.6863958835602,36.686395883560294,0.09810946760499663
2024-06-17 12:00:00,327.9999999999999,382.18857139348984,54.18857139348995,0.144915077146431
2024-06-17 13:00:00,290.99999999999983,390.51022946834564,99.51022946834581,0.2661176002509788
2024-06-17 14:00:00,254.99999999999983,390.9226995706558,135.922699570656,0.36349451531396426
2024-06-17 15:00:00,253.99999999999983,401.2839013338089,147.28390133380907,0.3938774796115115
2024-06-17 16:00:00,257.0,402.40087509155273,145.40087509155273,0.3888417518529068
2024-06-17 17:00:00,277.0,422.67115473747253,145.67115473747253,0.38956455363070536
2024-06-17 18:00:00,287.9999999999999,411.28562271595,123.28562271595013,0.3296995116773656
2024-06-17 19:00:00,299.99999999999994,387.6161527633667,87.61615276336676,0.23430958245380398
2024-06-17 20:00:00,312.99999999999983,381.77235424518585,68.77235424518602,0.18391610564179067
2024-06-17 21:00:00,303.99999999999994,377.5312292575836,73.53122925758368,0.1966426404408734
2024-06-17 22:00:00,299.99999999999994,368.71593475341797,68.71593475341803,0.18376522447271998
2024-06-17 23:00:00,303.99999999999994,359.07652616500854,55.0765261650086,0.14728971133419677
2024-06-18 00:00:00,303.99999999999994,334.7785261273384,30.778526127338466,0.08231020625748661
2024-06-18 01:00:00,302.99999999999994,332.4783119559288,29.47831195592886,0.07883307755467414
2024-06-18 02:00:00,303.99999999999994,370.9969711303711,66.99697113037115,0.17916824507946597
2024-06-18 03:00:00,303.99999999999994,374.8441842198372,70.84418421983725,0.18945674627670767
2024-06-18 04:00:00,303.99999999999994,387.4922052025795,83.49220520257956,0.2232810175082607
2024-06-18 05:00:00,303.99999999999994,407.18381702899933,103.18381702899939,0.27594177924419433
2024-06-18 06:00:00,302.99999999999994,384.45877969264984,81.4587796926499,0.21784308092744178
2024-06-18 07:00:00,302.99999999999994,391.67476415634155,88.67476415634161,0.23714059917441588
2024-06-18 08:00:00,300.99999999999994,386.3006740808487,85.30067408084875,0.22811735846119427
2024-06-18 09:00:00,324.9999999999999,388.9074969291687,63.907496929168815,0.17090614514407385
2024-06-18 10:00:00,338.0,378.9611256122589,40.96112561225891,0.10954126535283176
2024-06-18 11:00:00,324.9999999999999,371.3516718149185,46.35167181491863,0.12395706187101939
2024-06-18 12:00:00,321.99999999999994,365.2708947658539,43.27089476585394,0.11571822050178929
2024-06-18 13:00:00,286.99999999999994,373.6829835176468,86.68298351764685,0.23181403238195944
2024-06-18 14:00:00,263.99999999999994,367.7135556936264,103.71355569362646,0.27735844547985566
2024-06-18 15:00:00,263.99999999999994,370.1100718975067,106.11007189750677,0.2837673859932737
2024-06-18 16:00:00,270.9999999999999,381.91668927669525,110.91668927669537,0.29662159695337614
2024-06-18 17:00:00,316.0,404.38200026750565,88.38200026750565,0.23635766837470396
2024-06-18 18:00:00,329.9999999999999,397.61433362960815,67.61433362960827,0.18081924144094244
2024-06-18 19:00:00,330.9999999999999,377.1087571978569,46.10875719785702,0.12330744167313927
2024-06-18 20:00:00,309.99999999999983,388.40604186058044,78.40604186058061,0.20967922410180684
2024-06-18 21:00:00,303.99999999999994,391.43206179142,87.43206179142004,0.23381727278931955
2024-06-18 22:00:00,299.99999999999994,399.1188168525696,99.11881685256964,0.26507085574466205
2024-06-18 23:00:00,299.99999999999994,390.1164650917053,90.11646509170538,0.24099610222418666
2024-06-19 00:00:00,299.99999999999994,304.60881650447845,4.608816504478511,0.012325237261753793
2024-06-19 01:00:00,299.99999999999994,313.73729914426804,13.737299144268093,0.03673729928806303
2024-06-19 02:00:00,299.99999999999994,344.93246018886566,44.93246018886572,0.12016170139208864
2024-06-19 03:00:00,299.99999999999994,361.62463545799255,61.62463545799261,0.16480114850543098
2024-06-19 04:00:00,299.99999999999994,379.60414230823517,79.60414230823523,0.2128832727477894
2024-06-19 05:00:00,299.99999999999994,376.49427115917206,76.49427115917211,0.20456662578897916
2024-06-19 06:00:00,302.99999999999994,372.01345324516296,69.01345324516302,0.18456087038245686
2024-06-19 07:00:00,310.9999999999999,378.2190924882889,67.219092488289,0.1797622584090442
2024-06-19 08:00:00,316.0,371.0121953487396,55.012195348739624,0.14711767311723
2024-06-19 09:00:00,354.0,380.83370447158813,26.833704471588135,0.07176067302803799
2024-06-19 10:00:00,361.99999999999994,362.24121630191803,0.24121630191808663,0.0006450784381748032
2024-06-19 11:00:00,361.99999999999994,356.2648844718933,5.735115528106633,0.015337269240117178
2024-06-19 12:00:00,373.99999999999983,352.22615897655487,21.77384102344496,0.058229212738864077
2024-06-19 13:00:00,321.0,343.96666646003723,22.96666646003723,0.06141915456092807
2024-06-19 14:00:00,307.9999999999999,341.859410405159,33.85941040515911,0.09054933438577016
2024-06-19 15:00:00,316.0,336.0114812850952,20.011481285095215,0.05351618025110598
2024-06-19 16:00:00,320.0,341.17520570755005,21.17520570755005,0.05662829799328894
2024-06-19 17:00:00,310.9999999999999,349.4817280769348,38.48172807693493,0.10291067746559857
2024-06-19 18:00:00,316.0,344.03856843709946,28.038568437099457,0.0749828091726717
2024-06-19 19:00:00,316.0,338.3473366498947,22.347336649894714,0.05976289707142597
2024-06-19 20:00:00,316.0,335.57410955429077,19.57410955429077,0.05234652848725069
2024-06-19 21:00:00,315.0,327.07014441490173,12.070144414901733,0.032278871062177236
2024-06-19 22:00:00,311.9999999999999,325.7929918169975,13.792991816997642,0.0368862367440164
2024-06-19 23:00:00,311.9999999999999,319.9721771478653,7.972177147865409,0.0213197845357245
2024-06-20 00:00:00,311.9999999999999,308.0919760465622,3.9080239534376915,0.01045112609797572
2024-06-20 01:00:00,311.9999999999999,298.7483185529709,13.251681447029,0.035438624599851386
2024-06-20 02:00:00,311.9999999999999,325.8776396512985,13.877639651298637,0.0371126082301538
2024-06-20 03:00:00,311.9999999999999,325.84011018276215,13.84011018276226,0.03701224415543551
2024-06-20 04:00:00,311.9999999999999,326.9055104255676,14.90551042556774,0.03986141611933288
2024-06-20 05:00:00,311.9999999999999,349.37748938798904,37.37748938798916,0.09995764086246209
2024-06-20 06:00:00,311.9999999999999,328.57144117355347,16.57144117355358,0.04431657108387182
2024-06-20 07:00:00,313.99999999999983,342.9242205619812,28.92422056198137,0.07735128545284878
2024-06-20 08:00:00,316.0,343.3029967546463,27.3029967546463,0.0730156890887081
2024-06-20 09:00:00,354.0,353.30067604780197,0.6993239521980286,0.00187018372835899
2024-06-20 10:00:00,380.0,362.87372946739197,17.126270532608032,0.04580033670645363
2024-06-20 11:00:00,375.0,352.5514143705368,22.448585629463196,0.060033664565527625
2024-06-20 12:00:00,378.99999999999994,364.84966188669205,14.150338113307896,0.03784187858446568
2024-06-20 13:00:00,322.99999999999994,369.343786239624,46.34378623962408,0.12393597368355166
2024-06-20 14:00:00,311.9999999999999,367.41627037525177,55.416270375251884,0.14819828037691882
2024-06-20 15:00:00,317.0,372.2660690546036,55.26606905460358,0.14779660091924887
2024-06-20 16:00:00,316.0,373.38333785533905,57.38333785533905,0.15345875741660903
2024-06-20 17:00:00,320.0,392.41614818573,72.41614818572998,0.1936606083371148
2024-06-20 18:00:00,322.99999999999994,379.3678718805313,56.36787188053137,0.15074312335771758
2024-06-20 19:00:00,323.99999999999994,352.85740345716476,28.85740345716482,0.07717259821954123
2024-06-20 20:00:00,343.9999999999999,350.97795009613037,6.977950096130485,0.018660949172507223
2024-06-20 21:00:00,328.9999999999999,348.31976026296616,19.31976026296627,0.05166632883949141
2024-06-20 22:00:00,318.99999999999994,346.8447223305702,27.844722330570278,0.0744644116072842
2024-06-20 23:00:00,320.0,337.3625421524048,17.362542152404785,0.04643219171074467
2024-06-21 00:00:00,320.0,323.59362334012985,3.5936233401298523,0.009610332772727357
2024-06-21 01:00:00,320.0,332.3601472377777,12.36014723777771,0.033054418015511455
2024-06-21 02:00:00,318.0,361.7867320775986,43.78673207759857,0.1170977107135475
2024-06-21 03:00:00,320.0,381.05899930000305,61.05899930000305,0.1632884825435135
2024-06-21 04:00:00,320.0,395.07306933403015,75.07306933403015,0.20076594297275271
2024-06-21 05:00:00,320.0,402.45687425136566,82.45687425136566,0.22051225906327845
2024-06-21 06:00:00,320.0,395.72918593883514,75.72918593883514,0.2025205784236846
2024-06-21 07:00:00,320.0,401.0499322414398,81.04993224143982,0.21674971089738507
2024-06-21 08:00:00,320.0,396.7148655653,76.71486556529999,0.20515655563138005
2024-06-21 09:00:00,358.99999999999994,407.2619739174843,48.26197391748434,0.129065732748428
2024-06-21 10:00:00,381.99999999999994,401.3770464062691,19.37704640626913,0.05181952767206209
2024-06-21 11:00:00,375.0,376.9669300317764,1.9669300317764282,0.005260109465272905
2024-06-21 12:00:00,382.99999999999994,390.40843963623047,7.408439636230526,0.019812196074023132
2024-06-21 13:00:00,325.9999999999999,368.7703111767769,42.770311176777,0.11437952292102899
2024-06-21 14:00:00,310.9999999999999,375.27984470129013,64.27984470129024,0.17190190503835961
2024-06-21 15:00:00,308.9999999999999,366.86147153377533,57.86147153377544,0.15473741778936137
2024-06-21 16:00:00,315.0,357.6875227689743,42.687522768974304,0.11415812405047306
2024-06-21 17:00:00,311.9999999999999,374.0441456437111,62.044145643711204,0.16592303360710073
2024-06-21 18:00:00,315.0,356.91020250320435,41.910202503204346,0.11207935682364281
2024-06-21 19:00:00,318.0,347.53547698259354,29.535476982593536,0.07898595248819167
2024-06-21 20:00:00,327.9999999999999,339.58687126636505,11.586871266365165,0.030986466339151284
2024-06-21 21:00:00,318.0,326.29577457904816,8.295774579048157,0.022185172670128584
2024-06-21 22:00:00,315.0,324.7875738143921,9.78757381439209,0.02617465229133935
2024-06-21 23:00:00,315.0,331.9309186935425,16.93091869354248,0.04527791239998294
2024-06-22 00:00:00,316.0,295.9414565563202,20.05854344367981,0.05364203734913576
2024-06-22 01:00:00,316.0,306.1888012290001,9.811198770999908,0.026237831894000262
2024-06-22 02:00:00,316.0,333.75903457403183,17.75903457403183,0.047492521008795904
2024-06-22 03:00:00,316.0,350.8531469106674,34.85314691066742,0.09320685789406222
2024-06-22 04:00:00,316.0,368.00063252449036,52.000632524490356,0.13906392953653401
2024-06-22 05:00:00,316.0,361.70618534088135,45.70618534088135,0.12223085430037049
2024-06-22 06:00:00,303.99999999999994,360.83291709423065,56.83291709423071,0.1519867815920425
2024-06-22 07:00:00,299.99999999999994,368.4198296070099,68.41982960700994,0.18297335823539862
2024-06-22 08:00:00,272.99999999999983,361.540784239769,88.54078423976915,0.23678230019278776
2024-06-22 09:00:00,263.99999999999994,368.7110370397568,104.71103703975683,0.2800259837173367
2024-06-22 10:00:00,261.99999999999994,349.53046917915344,87.5304691791535,0.23408044108880505
2024-06-22 11:00:00,256.0,345.86948722600937,89.86948722600937,0.24033561578691
2024-06-22 12:00:00,256.0,334.6076372265816,78.60763722658157,0.21021834530882766
2024-06-22 13:00:00,256.0,329.73503172397614,73.73503172397614,0.19718766403866186
2024-06-22 14:00:00,254.99999999999983,323.0906930565834,68.09069305658358,0.1820931569794844
2024-06-22 15:00:00,254.99999999999983,316.37982219457626,61.379822194576434,0.16414645080733506
2024-06-22 16:00:00,254.99999999999983,321.8944412469864,66.89444124698656,0.1788940520978389
2024-06-22 17:00:00,277.0,324.6884983778,47.68849837779999,0.1275321021333767
2024-06-22 18:00:00,294.99999999999983,321.4923566579819,26.492356657982043,0.07084781551084507
2024-06-22 19:00:00,299.0,318.29833924770355,19.298339247703552,0.05160904317944309
2024-06-22 20:00:00,299.99999999999994,317.49363899230957,17.493638992309627,0.04678278055595541
2024-06-22 21:00:00,299.99999999999994,309.8408728837967,9.840872883796749,0.026317188596615283
2024-06-22 22:00:00,283.9999999999999,307.55251944065094,23.552519440651054,0.0629858858420616
2024-06-22 23:00:00,276.0,301.3276433944702,25.327643394470215,0.06773305333692356
2024-06-23 00:00:00,272.99999999999983,279.4395250082016,6.43952500820177,0.017221053062528996
2024-06-23 01:00:00,271.99999999999983,278.02762627601624,6.027626276016406,0.01611952307168059
2024-06-23 02:00:00,271.99999999999983,303.31446290016174,31.314462900161914,0.08374344793155387
2024-06-23 03:00:00,271.99999999999983,307.58945882320404,35.58945882320421,0.09517595755595004
2024-06-23 04:00:00,271.99999999999983,315.74828267097473,43.7482826709749,0.1169948864724978
2024-06-23 05:00:00,262.99999999999994,330.27543246746063,67.27543246746069,0.17991292693966124
2024-06-23 06:00:00,257.0,318.7829178571701,61.782917857170105,0.1652244389797483
2024-06-23 07:00:00,256.0,334.3240123987198,78.32401239871979,0.2094598548605046
2024-06-23 08:00:00,256.0,334.39954340457916,78.39954340457916,0.20966184545113262
2024-06-23 09:00:00,256.0,332.43644535541534,76.43644535541534,0.20441198375659161
2024-06-23 10:00:00,256.0,331.6344004869461,75.6344004869461,0.2022670961723605
2024-06-23 11:00:00,256.0,323.4119948744774,67.41199487447739,0.18027813220784267
2024-06-23 12:00:00,256.0,304.7083640098572,48.70836400985718,0.1302595020804127
2024-06-23 13:00:00,256.0,315.53756296634674,59.53756296634674,0.15921974520655402
2024-06-23 14:00:00,256.0,296.74674689769745,40.74674689769745,0.10896795797158275
2024-06-23 15:00:00,256.0,291.6039115190506,35.6039115190506,0.09521460802190058
2024-06-23 16:00:00,256.0,295.6305107474327,39.63051074743271,0.1059828368718838
2024-06-23 17:00:00,256.0,303.7626922130585,47.76269221305847,0.12773051676369052
2024-06-23 18:00:00,262.99999999999994,297.87369310855865,34.87369310855871,0.09326180405292774
2024-06-23 19:00:00,272.99999999999983,283.2714253664017,10.271425366401843,0.02746860382362384
2024-06-23 20:00:00,275.0,297.4145767092705,22.414576709270477,0.05994271540103301
2024-06-23 21:00:00,276.0,301.7826586961746,25.78265869617462,0.06894988884030837
2024-06-23 22:00:00,271.99999999999983,306.2987932562828,34.29879325628298,0.09172436443601953
2024-06-23 23:00:00,270.9999999999999,302.98354268074036,31.98354268074047,0.08553275046391971
2024-06-24 00:00:00,277.0,280.90630173683167,3.906301736831665,0.010446520419215287
2024-06-24 01:00:00,272.99999999999983,274.2593076825142,1.2593076825143612,0.003367733551000867
2024-06-24 02:00:00,270.9999999999999,287.9273808002472,16.927380800247306,0.04526845110460973
2024-06-24 03:00:00,272.99999999999983,290.77920734882355,17.779207348823718,0.04754646853204755
2024-06-24 04:00:00,276.0,288.2702797651291,12.27027976512909,0.03281408778725609
2024-06-24 05:00:00,283.9999999999999,305.6700271368027,21.670027136802787,0.05795158598095644
2024-06-24 06:00:00,280.99999999999994,294.52433556318283,13.524335563182888,0.03616777636120377
2024-06-24 07:00:00,274.0,311.4096459746361,37.40964597463608,0.10004363637987232
2024-06-24 08:00:00,271.99999999999983,319.5238593220711,47.523859322071246,0.12709181221894075
2024-06-24 09:00:00,261.0,331.678686439991,70.678686439991,0.18901415989885634
2024-06-24 10:00:00,259.99999999999994,348.06534469127655,88.06534469127661,0.23551084466117841
2024-06-24 11:00:00,259.99999999999994,335.85251212120056,75.85251212120062,0.20285038640297032
2024-06-24 12:00:00,259.99999999999994,349.8610943555832,89.86109435558325,0.24031317095335925
2024-06-24 13:00:00,259.99999999999994,353.24565052986145,93.2456505298615,0.24936440088042994
2024-06-24 14:00:00,259.99999999999994,351.8303292989731,91.83032929897314,0.24557944438338875
2024-06-24 15:00:00,259.99999999999994,356.8494236469269,96.84942364692694,0.25900187693576865
2024-06-24 16:00:00,265.9999999999999,351.03666365146637,85.03666365146648,0.22741132228497593
2024-06-24 17:00:00,274.0,371.03736251592636,97.03736251592636,0.2595044769305553
2024-06-24 18:00:00,297.0,359.87508952617645,62.87508952617645,0.16814520506752556
2024-06-24 19:00:00,308.9999999999999,347.5326445698738,38.53264456987392,0.10304684210903788
2024-06-24 20:00:00,310.9999999999999,349.0092462301254,38.00924623012554,0.10164713163813104
2024-06-24 21:00:00,311.9999999999999,347.94833064079285,35.94833064079296,0.09613567905799726
2024-06-24 22:00:00,307.9999999999999,345.2043718099594,37.204371809959525,0.09949467705791008
2024-06-24 23:00:00,307.9999999999999,346.5541344881058,38.55413448810589,0.10310431203449211
2024-06-25 00:00:00,307.9999999999999,322.9733544588089,14.973354458809013,0.040042849640428896
2024-06-25 01:00:00,307.9999999999999,320.8185964822769,12.81859648227703,0.03428043682216934
2024-06-25 02:00:00,307.9999999999999,357.9390174150467,49.939017415046806,0.13355060624808962
2024-06-25 03:00:00,307.9999999999999,363.62095534801483,55.620955348014945,0.14874566403837916
2024-06-25 04:00:00,307.9999999999999,374.6781635284424,66.6781635284425,0.17831566625997877
2024-06-25 05:00:00,307.9999999999999,393.4247821569443,85.42478215694439,0.22844925743840286
2024-06-25 06:00:00,307.9999999999999,372.4910098314285,64.49100983142864,0.17246661841495767
2024-06-25 07:00:00,310.9999999999999,379.92526710033417,68.92526710033428,0.1843250364851521
2024-06-25 08:00:00,346.9999999999999,373.61949026584625,26.619490265846366,0.07118780558841659
2024-06-25 09:00:00,364.99999999999994,377.5879955291748,12.587995529174862,0.033663746733291006
2024-06-25 10:00:00,362.99999999999994,370.26750683784485,7.2675068378449055,0.01943530318267505
2024-06-25 11:00:00,358.0,360.6344711780548,2.6344711780548096,0.0070452972682303805
2024-06-25 12:00:00,316.0,360.3165328502655,44.3165328502655,0.11851454304311305
2024-06-25 13:00:00,294.0,364.8044317960739,70.80443179607391,0.18935043741105057
2024-06-25 14:00:00,291.99999999999983,361.87238305807114,69.8723830580713,0.18685788388364555
2024-06-25 15:00:00,299.0,364.0716925263405,65.07169252634048,0.17401952293646084
2024-06-25 16:00:00,299.99999999999994,372.9702776670456,72.97027766704565,0.19514250229499128
2024-06-25 17:00:00,302.99999999999994,392.53711581230164,89.53711581230169,0.23944676362085157
2024-06-25 18:00:00,303.99999999999994,383.0627837777138,79.06278377771383,0.21143553180911961
2024-06-25 19:00:00,303.99999999999994,360.74632197618484,56.7463219761849,0.1517552025359905
2024-06-25 20:00:00,294.99999999999983,364.51452255249023,69.5145225524904,0.18590086690681218
2024-06-25 21:00:00,302.99999999999994,362.45060831308365,59.450608313083706,0.15898720465488766
2024-06-25 22:00:00,297.0,366.36574029922485,69.36574029922485,0.1855029824238751
2024-06-25 23:00:00,305.99999999999994,356.3760566711426,50.376056671142635,0.13471936888354
2024-06-26 00:00:00,302.99999999999994,328.05502742528915,25.05502742528921,0.0670040035910216
2024-06-26 01:00:00,303.99999999999994,330.1408928632736,26.140892863273677,0.06990790509035262
2024-06-26 02:00:00,272.99999999999983,359.2662388086319,86.26623880863207,0.2306995429222041
2024-06-26 03:00:00,317.0,369.3072894215584,52.30728942155838,0.1398840140442691
2024-06-26 04:00:00,302.99999999999994,381.6781470179558,78.67814701795584,0.21040690779707602
2024-06-26 05:00:00,299.99999999999994,392.9281657934189,92.92816579341894,0.2485153597654631
2024-06-26 06:00:00,300.99999999999994,381.34961664676666,80.34961664676672,0.21487687524552854
2024-06-26 07:00:00,303.99999999999994,394.7024953365326,90.70249533653265,0.24256330755836325
2024-06-26 08:00:00,337.0,394.61126804351807,57.611268043518066,0.15406830514880723
2024-06-26 09:00:00,362.99999999999994,405.9487670660019,42.94876706600195,0.1148567628313872
2024-06-26 10:00:00,359.99999999999994,403.7107774615288,43.710777461528835,0.11689458727322932
2024-06-26 11:00:00,359.99999999999994,390.8040627837181,30.804062783718166,0.08237849826877537
2024-06-26 12:00:00,328.9999999999999,402.4582904577255,73.45829045772564,0.19644758211885857
2024-06-26 13:00:00,310.9999999999999,402.33236610889435,91.33236610889446,0.24424775446703484
2024-06-26 14:00:00,311.9999999999999,403.66236090660095,91.66236090660107,0.245130250911171
2024-06-26 15:00:00,311.9999999999999,407.40046709775925,95.40046709775936,0.2551269703880446
2024-06-26 16:00:00,309.99999999999983,408.02094250917435,98.02094250917452,0.2621348391441339
2024-06-26 17:00:00,303.99999999999994,427.289816737175,123.28981673717504,0.32971072763847575
2024-06-26 18:00:00,303.99999999999994,414.6817150712013,110.68171507120138,0.29599321159017256
2024-06-26 19:00:00,303.99999999999994,396.5606465935707,92.56064659357077,0.24753251279553556
2024-06-26 20:00:00,303.99999999999994,390.9205162525177,86.92051625251776,0.2324492599532616
2024-06-26 21:00:00,300.99999999999994,382.3207801580429,81.32078015804296,0.2174740323865877
2024-06-26 22:00:00,291.99999999999983,373.81194680929184,81.81194680929201,0.21878754649716747
2024-06-26 23:00:00,291.99999999999983,371.08524799346924,79.08524799346941,0.21149560727292202
2024-06-27 00:00:00,291.99999999999983,311.93671077489853,19.9367107748987,0.05331622343410992
2024-06-27 01:00:00,291.99999999999983,329.7981709241867,37.79817092418688,0.10108265847603762
2024-06-27 02:00:00,291.99999999999983,358.62882792949677,66.62882792949694,0.17818372935993862
2024-06-27 03:00:00,290.99999999999983,386.5379771590233,95.53797715902346,0.2554947099431584
2024-06-27 04:00:00,290.99999999999983,408.1228503584862,117.12285035848635,0.3132185709798766
2024-06-27 05:00:00,294.0,396.24397695064545,102.24397695064545,0.273428389539362
2024-06-27 06:00:00,297.0,400.1501101255417,103.15011012554169,0.2758516377551436
2024-06-27 07:00:00,296.0,400.62253296375275,104.62253296375275,0.27978929958501714
2024-06-27 08:00:00,337.0,392.4437937140465,55.44379371404648,0.14827188532095364
2024-06-27 09:00:00,357.0,408.36806058883667,51.36806058883667,0.13737225897762104
2024-06-27 10:00:00,354.0,386.0021495819092,32.00214958190918,0.08558251041235496
2024-06-27 11:00:00,351.99999999999983,371.0255017876625,19.025501787662677,0.05087940110633596
2024-06-27 12:00:00,316.0,380.2669858932495,64.26698589324951,0.17186751706481992
2024-06-27 13:00:00,290.99999999999983,352.4976870417595,61.49768704175966,0.16446165368098864
2024-06-27 14:00:00,290.99999999999983,362.5968611240387,71.59686112403887,0.1914696104071656
2024-06-27 15:00:00,290.99999999999983,352.31384575366974,61.31384575366991,0.16397001173950304
2024-06-27 16:00:00,294.0,348.23145389556885,54.23145389556885,0.145029756698543
2024-06-27 17:00:00,294.99999999999983,358.32280933856964,63.32280933856981,0.16934253043493253
2024-06-27 18:00:00,294.99999999999983,348.6737233400345,53.673723340034655,0.14353823248220487
2024-06-27 19:00:00,296.0,353.8014230132103,57.8014230132103,0.15457683160363156
2024-06-27 20:00:00,296.0,341.28177523612976,45.28177523612976,0.12109586547357168
2024-06-27 21:00:00,296.0,323.62542897462845,27.62542897462845,0.07387796112931815
2024-06-27 22:00:00,296.0,319.837401509285,23.837401509284973,0.06374773849645136
2024-06-27 23:00:00,296.0,324.023914039135,28.02391403913498,0.07494361930002981
2024-06-28 00:00:00,296.0,308.04993242025375,12.049932420253754,0.032224818654291706
2024-06-28 01:00:00,296.0,306.69058084487915,10.69058084487915,0.02858954034100886
2024-06-28 02:00:00,296.0,337.3327723145485,41.33277231454849,0.11053515039442896
2024-06-28 03:00:00,296.0,344.7171378135681,48.717137813568115,0.13028296563386949
2024-06-28 04:00:00,296.0,353.68013083934784,57.68013083934784,0.1542524631200098
2024-06-28 05:00:00,296.0,369.99718844890594,73.99718844890594,0.19788874290161604
2024-06-28 06:00:00,296.0,353.75719606876373,57.75719606876373,0.15445855664450994
2024-06-28 07:00:00,296.0,363.5527414083481,67.55274140834808,0.1806545269768772
2024-06-28 08:00:00,332.99999999999983,360.91700434684753,27.917004346847705,0.07465771351017218
2024-06-28 09:00:00,349.9999999999999,367.8142538666725,17.81425386667263,0.047640192516776904
2024-06-28 10:00:00,349.9999999999999,365.19506871700287,15.195068717002982,0.0406357742738785
2024-06-28 11:00:00,359.99999999999994,355.3192126750946,4.680787324905339,0.012517706941729496
2024-06-28 12:00:00,311.9999999999999,362.213659286499,50.21365928649914,0.13428507381137245
2024-06-28 13:00:00,307.9999999999999,367.963103055954,59.96310305595409,0.16035775592225554
2024-06-28 14:00:00,306.9999999999999,368.8112336397171,61.811233639717216,0.16530016313535448
2024-06-28 15:00:00,307.9999999999999,375.3890401124954,67.38904011249554,0.18021674488911593
2024-06-28 16:00:00,307.9999999999999,381.70222252607346,73.70222252607357,0.19709992326006415
2024-06-28 17:00:00,309.99999999999983,402.32788145542145,92.32788145542162,0.2469100350832714
2024-06-28 18:00:00,311.9999999999999,392.4896728992462,80.48967289924633,0.21525142401311906
2024-06-28 19:00:00,310.9999999999999,373.7724110484123,62.77241104841244,0.16787061470384163
2024-06-28 20:00:00,311.9999999999999,372.6695993542671,60.669599354267234,0.16224712046796888
2024-06-28 21:00:00,310.9999999999999,367.42526918649673,56.42526918649685,0.1508966194696853
2024-06-28 22:00:00,297.0,365.2512449026108,68.25124490261078,0.18252251657606955
2024-06-28 23:00:00,307.9999999999999,357.6220232248306,49.62202322483074,0.1327028769880477
2024-06-29 00:00:00,309.99999999999983,295.8390471339226,14.160952866077253,0.03787026533977044
2024-06-29 01:00:00,307.9999999999999,291.02114260196686,16.97885739803303,0.045406113621770126
2024-06-29 02:00:00,307.9999999999999,318.9719223976135,10.971922397613639,0.02934192468646354
2024-06-29 03:00:00,307.9999999999999,321.37292325496674,13.37292325496685,0.035762858391200185
2024-06-29 04:00:00,307.9999999999999,327.2938460111618,19.293846011161918,0.05159702703464865
2024-06-29 05:00:00,307.9999999999999,345.7592886686325,37.75928866863262,0.10097867667843022
2024-06-29 06:00:00,307.9999999999999,329.13042962551117,21.130429625511283,0.05650855448988774
2024-06-29 07:00:00,299.0,343.5716038942337,44.571603894233704,0.1191966728550629
2024-06-29 08:00:00,338.0,342.7687919139862,4.768791913986206,0.012753055309253096
2024-06-29 09:00:00,358.99999999999994,345.66891700029373,13.331082999706211,0.035650966092455244
2024-06-29 10:00:00,354.99999999999983,347.95712292194366,7.042877078056165,0.01883458169967466
2024-06-29 11:00:00,362.99999999999994,339.09261524677277,23.907384753227177,0.06393489285269373
2024-06-29 12:00:00,306.9999999999999,333.79700660705566,26.797006607055778,0.0716625328901259
2024-06-29 13:00:00,297.0,342.3649075627327,45.3649075627327,0.121318184077167
2024-06-29 14:00:00,296.0,331.31749480962753,35.31749480962753,0.09444865131784441
2024-06-29 15:00:00,299.99999999999994,331.0473534464836,31.04735344648367,0.08302912411583184
2024-06-29 16:00:00,299.99999999999994,335.0913602113724,35.09136021137243,0.09384390548474884
2024-06-29 17:00:00,299.0,348.4047621488571,49.40476214885712,0.13212186138317025
2024-06-29 18:00:00,300.99999999999994,339.3484765291214,38.348476529121456,0.10255432634146484
2024-06-29 19:00:00,300.99999999999994,318.2136619091034,17.21366190910345,0.0460340451756215
2024-06-29 20:00:00,303.99999999999994,324.96896624565125,20.968966245651302,0.056076757202248896
2024-06-29 21:00:00,303.99999999999994,325.93039333820343,21.930393338203487,0.0586478764937349
2024-06-29 22:00:00,300.99999999999994,327.8289359807968,26.82893598079687,0.07174792077801334
2024-06-29 23:00:00,299.0,320.5956619977951,21.595661997795105,0.05775271323751301
2024-06-30 00:00:00,296.0,307.70939379930496,11.709393799304962,0.031314125139827474
2024-06-30 01:00:00,296.0,302.9373389482498,6.937338948249817,0.018552343843435213
2024-06-30 02:00:00,296.0,332.9789113998413,36.97891139984131,0.09889173418849034
2024-06-30 03:00:00,296.0,336.13475024700165,40.13475024700165,0.10733131135831561
2024-06-30 04:00:00,296.0,342.0981591939926,46.098159193992615,0.12327909970899234
2024-06-30 05:00:00,296.0,362.9702380299568,66.97023802995682,0.17909675344923318
2024-06-30 06:00:00,296.0,343.6781734228134,47.678173422813416,0.12750449037669193
2024-06-30 07:00:00,296.0,354.59376096725464,58.59376096725464,0.156695760240864
2024-06-30 08:00:00,296.0,352.9477161169052,56.94771611690521,0.15229378561151385
2024-06-30 09:00:00,286.99999999999994,356.89480125904083,69.89480125904089,0.186917836291311
2024-06-30 10:00:00,280.99999999999994,358.2340604066849,77.23406040668493,0.20654502479671347
2024-06-30 11:00:00,280.0,347.1369034051895,67.13690340518951,0.17954246229684429
2024-06-30 12:00:00,280.0,346.9008395075798,66.9008395075798,0.17891116279855732
2024-06-30 13:00:00,280.0,352.61431753635406,72.61431753635406,0.19419056744094895
2024-06-30 14:00:00,280.0,346.70289516448975,66.70289516448975,0.1783818054264779
2024-06-30 15:00:00,283.9999999999999,348.0559918284416,64.05599182844173,0.1713032611637549
2024-06-30 16:00:00,293.0,352.26923525333405,59.269235253334045,0.15850216343180304
2024-06-30 17:00:00,303.99999999999994,371.2008458375931,67.20084583759314,0.17971346186901266
2024-06-30 18:00:00,303.99999999999994,361.2687546014786,57.26875460147863,0.1531523304220257
2024-06-30 19:00:00,301.99999999999994,340.9548380970955,38.954838097095546,0.1041759032006059
2024-06-30 20:00:00,299.99999999999994,347.853621840477,47.85362184047705,0.12797368748462673
2024-06-30 21:00:00,299.99999999999994,348.67741137742996,48.67741137743002,0.13017672626623789
2024-06-30 22:00:00,302.99999999999994,353.1938999891281,50.19389998912817,0.1342322320399576
2024-06-30 23:00:00,303.99999999999994,347.27451145648956,43.27451145648962,0.11572789252282632
2024-07-01 00:00:00,303.99999999999994,324.5035654306412,20.50356543064123,0.05483214799265274
2024-07-01 01:00:00,305.99999999999994,314.08335506916046,8.083355069160518,0.021617104738622415
2024-07-01 02:00:00,302.99999999999994,337.0194071531296,34.019407153129634,0.09097720949816171
2024-07-01 03:00:00,302.99999999999994,334.16820019483566,31.16820019483572,0.0833523014096779
2024-07-01 04:00:00,303.99999999999994,336.4275214076042,32.427521407604274,0.08672007114428318
2024-07-01 05:00:00,303.99999999999994,350.6217151880264,46.621715188026485,0.12467923179062551
2024-07-01 06:00:00,305.99999999999994,333.07005017995834,27.0700501799584,0.07239272616546061
2024-07-01 07:00:00,304.99999999999994,354.2406830191612,49.24068301916128,0.13168306886425826
2024-07-01 08:00:00,341.99999999999994,359.9851405620575,17.985140562057552,0.04809719033030442
2024-07-01 09:00:00,388.9999999999999,381.1367431282997,7.863256871700173,0.021028501894064158
2024-07-01 10:00:00,395.0,391.1006399989128,3.8993600010871887,0.010427956317134867
2024-07-01 11:00:00,308.9999999999999,391.8704956769943,82.87049567699444,0.221618396008081
2024-07-01 12:00:00,302.99999999999994,414.21150505542755,111.21150505542761,0.29741001506849374
2024-07-01 13:00:00,300.99999999999994,426.326265335083,125.32626533508306,0.33515674878429313
2024-07-01 14:00:00,294.99999999999983,427.47241884469986,132.47241884470003,0.3542675199398286
2024-07-01 15:00:00,299.0,442.0389863848686,143.03898638486862,0.3825254147482617
2024-07-01 16:00:00,299.99999999999994,446.92799627780914,146.9279962778092,0.3929256920422747
2024-07-01 17:00:00,299.99999999999994,468.0926102399826,168.09261023998266,0.44952566480832673
2024-07-01 18:00:00,307.9999999999999,458.75821709632874,150.75821709632885,0.40316875125439344
2024-07-01 19:00:00,311.9999999999999,432.0917594432831,120.0917594432832,0.3211582467823607
2024-07-01 20:00:00,311.9999999999999,423.05447459220886,111.05447459220898,0.2969900726137199
2024-07-01 21:00:00,313.99999999999983,418.633668422699,104.63366842269915,0.2798190788512126
2024-07-01 22:00:00,312.99999999999983,404.60062712430954,91.60062712430971,0.24496515787414794
2024-07-01 23:00:00,300.99999999999994,389.49604868888855,88.4960486888886,0.2366626650808014
2024-07-02 00:00:00,299.99999999999994,366.9411036372185,66.94110363721853,0.17901884010583416
2024-07-02 01:00:00,299.99999999999994,355.31443297863007,55.31443297863012,0.14792593929450365
2024-07-02 02:00:00,299.99999999999994,397.13565587997437,97.13565587997442,0.2597673402994855
2024-07-02 03:00:00,299.99999999999994,391.9296222925186,91.92962229251867,0.24584498103530128
2024-07-02 04:00:00,301.99999999999994,399.94284242391586,97.94284242391592,0.261925978131759
2024-07-02 05:00:00,303.99999999999994,421.9759154319763,117.97591543197638,0.3154999005620509
2024-07-02 06:00:00,303.99999999999994,390.9228175878525,86.92281758785253,0.2324554143540698
2024-07-02 07:00:00,284.9999999999999,402.68284767866135,117.68284767866146,0.31471615714552187
2024-07-02 08:00:00,310.9999999999999,397.0874163508415,86.08741635084164,0.23022132270713255
2024-07-02 09:00:00,324.9999999999999,410.7907176017761,85.79071760177624,0.22942786901377266
2024-07-02 10:00:00,348.9999999999999,407.42755204439163,58.427552044391746,0.15625127207186987
2024-07-02 11:00:00,363.99999999999994,405.98116278648376,41.98116278648382,0.11226912405059379
2024-07-02 12:00:00,361.99999999999994,414.4465363025665,52.446536302566585,0.14025639833093306
2024-07-02 13:00:00,324.9999999999999,419.983549118042,94.9835491180421,0.25401201755498803
2024-07-02 14:00:00,310.9999999999999,416.39145970344543,105.39145970344555,0.2818456202249062
2024-07-02 15:00:00,311.9999999999999,420.75898110866547,108.75898110866558,0.29085129451526676
2024-07-02 16:00:00,326.9999999999999,432.1456342935562,105.14563429355633,0.281188215770008
2024-07-02 17:00:00,272.99999999999983,453.65285217761993,180.6528521776201,0.48311519083870363
2024-07-02 18:00:00,280.99999999999994,443.6305072903633,162.63050729036337,0.4349185059559913
2024-07-02 19:00:00,305.99999999999994,407.6057580113411,101.60575801134115,0.271721617346495
2024-07-02 20:00:00,300.99999999999994,408.5736760497093,107.57367604970938,0.2876814642421378
2024-07-02 21:00:00,299.99999999999994,409.9708816409111,109.97088164091116,0.294092248366013
2024-07-02 22:00:00,301.99999999999994,412.49875098466873,110.49875098466879,0.29550391552583527
2024-07-02 23:00:00,307.9999999999999,391.7974430322647,83.79744303226482,0.22409730704126293
2024-07-03 00:00:00,299.0,333.90921145677567,34.909211456775665,0.09335678984125195
2024-07-03 01:00:00,307.9999999999999,329.0705358982086,21.070535898208732,0.05634838226372569
2024-07-03 02:00:00,301.99999999999994,364.74309235811234,62.74309235811239,0.1677922084983004
2024-07-03 03:00:00,299.99999999999994,367.0002007484436,67.00020074844366,0.17917688196248568
2024-07-03 04:00:00,303.99999999999994,376.64137959480286,72.64137959480291,0.19426293879503723
2024-07-03 05:00:00,307.9999999999999,398.4781605005264,90.47816050052654,0.24196337478230998
2024-07-03 06:00:00,318.99999999999994,376.1488348245621,57.14883482456213,0.15283163210361006
2024-07-03 07:00:00,308.9999999999999,388.64709198474884,79.64709198474895,0.21299813194273304
2024-07-03 08:00:00,351.99999999999983,385.79520642757416,33.79520642757433,0.09037763537017433
2024-07-03 09:00:00,354.0,391.24305725097656,37.24305725097656,0.09959813251955567
2024-07-03 10:00:00,377.0,389.8982807993889,12.898280799388885,0.034493534504294474
2024-07-03 11:00:00,371.9999999999999,379.62641805410385,7.626418054103965,0.020395130047554336
2024-07-03 12:00:00,368.99999999999983,382.69755005836487,13.697550058365039,0.03663099934875825
2024-07-03 13:00:00,340.0,390.8338326215744,50.8338326215744,0.13594358711750823
2024-07-03 14:00:00,321.0,386.01194500923157,65.01194500923157,0.17385974171639001
2024-07-03 15:00:00,324.9999999999999,390.1950055360794,65.19500553607952,0.1743492956885367
2024-07-03 16:00:00,327.9999999999999,397.1060335636139,69.106033563614,0.18480845550318542
2024-07-03 17:00:00,283.9999999999999,417.8588855266571,133.85888552665722,0.3579753114724343
2024-07-03 18:00:00,298.0,406.36589884757996,108.36589884757996,0.289800084920231
2024-07-03 19:00:00,311.9999999999999,378.78893852233887,66.78893852233898,0.1786119089246882
2024-07-03 20:00:00,318.0,381.7544451355934,63.754445135593414,0.17049684274131585
2024-07-03 21:00:00,316.0,380.3346687555313,64.33466875553131,0.17204851957064046
2024-07-03 22:00:00,316.0,380.0612524151802,64.0612524151802,0.171317329413082
2024-07-03 23:00:00,312.99999999999983,370.52682012319565,57.52682012319582,0.15384246828738696
2024-07-04 00:00:00,316.0,321.43603295087814,5.436032950878143,0.014537440537539002
2024-07-04 01:00:00,316.0,326.4464235305786,10.446423530578613,0.027936596830451976
2024-07-04 02:00:00,316.0,358.5613811016083,42.561381101608276,0.11382078669339478
2024-07-04 03:00:00,316.0,373.05454194545746,57.05454194545746,0.15257946712678147
2024-07-04 04:00:00,316.0,386.9187596440315,70.91875964403152,0.18965618138031773
2024-07-04 05:00:00,313.99999999999983,389.981689453125,75.98168945312517,0.20319584195826598
2024-07-04 06:00:00,307.9999999999999,379.66320991516113,71.66320991516125,0.19164704524142712
2024-07-04 07:00:00,293.0,383.7998306751251,90.79983067512512,0.2428236089049106
2024-07-04 08:00:00,310.9999999999999,377.15926855802536,66.15926855802547,0.17692799903172052
2024-07-04 09:00:00,326.9999999999999,392.0630407333374,65.06304073333752,0.1739963856730446
2024-07-04 10:00:00,358.99999999999994,379.1939440369606,20.19394403696066,0.05400413560927413
2024-07-04 11:00:00,377.0,370.40856689214706,6.591433107852936,0.017627296914581553
2024-07-04 12:00:00,372.99999999999983,382.0348244905472,9.03482449054735,0.024161594490926672
2024-07-04 13:00:00,338.0,370.21923780441284,32.21923780441284,0.08616306375972516
2024-07-04 14:00:00,321.0,377.486087679863,56.486087679862976,0.15105926477350928
2024-07-04 15:00:00,327.9999999999999,376.81344866752625,48.81344866752636,0.13054052722799328
2024-07-04 16:00:00,337.0,380.14864414930344,43.148644149303436,0.11539128887999084
2024-07-04 17:00:00,280.0,396.8906816840172,116.89068168401718,0.312597688374809
2024-07-04 18:00:00,302.99999999999994,387.7906411886215,84.79064118862158,0.22675339085651966
2024-07-04 19:00:00,311.9999999999999,377.6904934644699,65.69049346447002,0.17567436607739106
2024-07-04 20:00:00,302.99999999999994,369.7527453303337,66.75274533033377,0.17851511841929685
2024-07-04 21:00:00,296.0,359.3305876851082,63.330587685108185,0.16936333186334618
2024-07-04 22:00:00,299.99999999999994,357.8718066215515,57.87180662155157,0.15476505664389983
2024-07-04 23:00:00,312.99999999999983,351.21404349803925,38.214043498039416,0.10219481560757192
2024-07-05 00:00:00,320.0,293.5999068617821,26.400093138217926,0.07060107759654706
2024-07-05 01:00:00,320.0,292.6853621006012,27.314637899398804,0.07304682069720968
2024-07-05 02:00:00,318.99999999999994,320.0454658269882,1.045465826988277,0.0027958618778085127
2024-07-05 03:00:00,312.99999999999983,328.67402762174606,15.674027621746234,0.04191664152772858
2024-07-05 04:00:00,311.9999999999999,335.8011156320572,23.801115632057304,0.06365070012539725
2024-07-05 05:00:00,309.99999999999983,352.8413826227188,42.84138262271898,0.11456958742737668
2024-07-05 06:00:00,316.0,338.70504677295685,22.705046772956848,0.060719511884228285
2024-07-05 07:00:00,294.0,348.8040143251419,54.80401432514191,0.14656094005859266
2024-07-05 08:00:00,318.99999999999994,347.37913370132446,28.37913370132452,0.07589357393855181
2024-07-05 09:00:00,330.9999999999999,352.9320788383484,21.932078838348502,0.05865238398262535
2024-07-05 10:00:00,356.0,353.57264667749405,2.427353322505951,0.006491407412059121
2024-07-05 11:00:00,372.99999999999983,341.0119879245758,31.988012075424024,0.08554470284905756
2024-07-05 12:00:00,371.9999999999999,348.6436879634857,23.35631203651417,0.06246117352032999
2024-07-05 13:00:00,337.0,353.8412243127823,16.841224312782288,0.045038045066831095
2024-07-05 14:00:00,321.0,355.08081793785095,34.08081793785095,0.09114143875124332
2024-07-05 15:00:00,323.99999999999994,361.47425204515457,37.47425204515463,0.10021641070206912
2024-07-05 16:00:00,337.0,365.15349715948105,28.15349715948105,0.07529016004467254
2024-07-05 17:00:00,308.9999999999999,385.29133200645447,76.29133200645458,0.20402391092833927
2024-07-05 18:00:00,299.0,374.4771212339401,75.47712123394012,0.20184648838557478
2024-07-05 19:00:00,331.99999999999983,357.85254031419754,25.85254031419771,0.06913677142101707
2024-07-05 20:00:00,377.0,356.3508599996567,20.649140000343323,0.055221454251453125
2024-07-05 21:00:00,409.99999999999983,350.23149132728577,59.76850867271406,0.15983735726005943
2024-07-05 22:00:00,446.9999999999999,347.687571644783,99.31242835521687,0.2655886259150329
2024-07-05 23:00:00,461.99999999999994,342.9491811990738,119.05081880092615,0.3183744864872859
2024-07-06 00:00:00,325.9999999999999,331.46979600191116,5.469796001911277,0.014627732180580052
2024-07-06 01:00:00,232.99999999999986,337.01745986938477,104.01745986938491,0.278171168457093
2024-07-06 02:00:00,239.99999999999997,354.4202756881714,114.42027568817142,0.305991146326092
2024-07-06 03:00:00,240.99999999999997,365.6986480951309,124.69864809513095,0.33347832843831926
2024-07-06 04:00:00,239.99999999999997,366.0071450471878,126.00714504718783,0.3369776075644705
2024-07-06 05:00:00,240.99999999999997,370.28308510780334,129.28308510780337,0.34573836826369453
2024-07-06 06:00:00,218.99999999999997,363.6065277457237,144.60652774572375,0.38671744955185555
2024-07-06 07:00:00,230.99999999999986,362.8061056137085,131.80610561370864,0.352485615918561
2024-07-06 08:00:00,231.99999999999986,350.30407190322876,118.3040719032289,0.31637748081790124
2024-07-06 09:00:00,230.99999999999986,334.59934651851654,103.59934651851668,0.2770530188742771
2024-07-06 10:00:00,223.99999999999994,314.94806706905365,90.9480670690537,0.2432200336105202
2024-07-06 11:00:00,225.99999999999991,319.7046911716461,93.7046911716462,0.25059200124535796
2024-07-06 12:00:00,266.9999999999999,283.79618883132935,16.79618883132946,0.04491760785837117
2024-07-06 13:00:00,268.9999999999999,311.30098164081573,42.30098164081585,0.11312440723589616
2024-07-06 14:00:00,267.9999999999999,298.1168085336685,30.11680853366863,0.08054059222873708
2024-07-06 15:00:00,242.99999999999994,309.96119141578674,66.9611914157868,0.17907256032591126
2024-07-06 16:00:00,207.99999999999991,329.1952505707741,121.19525057077416,0.3241092842014791
2024-07-06 17:00:00,199.99999999999997,326.4261245727539,126.42612457275393,0.3380980735355937
2024-07-06 18:00:00,199.99999999999997,333.32844883203506,133.3284488320351,0.3565567785134403
2024-07-06 19:00:00,205.99999999999991,329.415323138237,123.41532313823708,0.33004636611951643
2024-07-06 20:00:00,214.99999999999983,344.870383143425,129.87038314342516,0.3473089640175863
2024-07-06 21:00:00,215.99999999999983,345.9436905384064,129.94369053840654,0.3475050080638851
2024-07-06 22:00:00,215.99999999999983,349.38728481531143,133.3872848153116,0.35671412204245845
2024-07-06 23:00:00,215.99999999999983,331.1554276943207,115.15542769432085,0.30795714408070884
2024-07-07 00:00:00,215.99999999999983,267.4372351169586,51.43723511695879,0.13755725060632798
2024-07-07 01:00:00,215.99999999999983,263.2167926430702,47.21679264307039,0.12627063184211587
2024-07-07 02:00:00,215.99999999999983,274.61102843284607,58.61102843284624,0.1567419381718185
2024-07-07 03:00:00,215.99999999999983,278.51143777370453,62.5114377737047,0.16717270071081888
2024-07-07 04:00:00,215.99999999999983,276.70683681964874,60.70683681964891,0.16234670364629886
2024-07-07 05:00:00,215.99999999999983,292.3742687702179,76.37426877021807,0.20424570654335533
2024-07-07 06:00:00,204.99999999999991,284.54282462596893,79.54282462596902,0.21271929247616492
2024-07-07 07:00:00,199.99999999999997,300.5137673020363,100.51376730203631,0.2688013351945078
2024-07-07 08:00:00,199.99999999999997,308.9073568582535,108.90735685825351,0.2912480918960661
2024-07-07 09:00:00,199.99999999999997,315.1459228992462,115.14592289924624,0.3079317256561947
2024-07-07 10:00:00,199.99999999999997,329.45294111967087,129.4529411196709,0.3461926097472876
2024-07-07 11:00:00,199.99999999999997,315.1766663789749,115.17666637897494,0.30801394213878625
2024-07-07 12:00:00,199.99999999999997,313.37407171726227,113.3740717172623,0.30319331044932973
2024-07-07 13:00:00,199.99999999999997,313.9709436893463,113.97094368934634,0.30478950953073775
2024-07-07 14:00:00,203.99999999999994,303.31691175699234,99.3169117569924,0.2656006157589699
2024-07-07 15:00:00,207.99999999999991,298.52963268756866,90.52963268756875,0.24210102550393453
2024-07-07 16:00:00,215.99999999999983,290.0398886203766,74.03988862037676,0.19800293485175854
2024-07-07 17:00:00,225.99999999999991,304.79522466659546,78.79522466659554,0.2107200054862833
2024-07-07 18:00:00,236.0,296.03805363178253,60.03805363178253,0.16055819428405468
2024-07-07 19:00:00,236.0,291.2854126095772,55.28541260957718,0.1478483308816598
2024-07-07 20:00:00,236.0,304.50271904468536,68.50271904468536,0.18319502728749695
2024-07-07 21:00:00,238.0,309.744216799736,71.74421679973602,0.19186367983107705
2024-07-07 22:00:00,247.9999999999999,315.9081369638443,67.90813696384441,0.18160495200226248
2024-07-07 23:00:00,258.99999999999994,323.78321796655655,64.7832179665566,0.17324806297708487
2024-07-08 00:00:00,285.99999999999994,292.39501029253006,6.395010292530117,0.01710200852435754
2024-07-08 01:00:00,363.99999999999994,281.9720560312271,82.02794396877283,0.2193651820432733
2024-07-08 02:00:00,451.99999999999983,297.30246037244797,154.69753962755186,0.41370357831915416
2024-07-08 03:00:00,490.0,297.30785965919495,192.69214034080505,0.5153115438351153
2024-07-08 04:00:00,449.9999999999999,292.2320580482483,157.7679419517516,0.4219146748334173
2024-07-08 05:00:00,350.99999999999983,311.522558927536,39.47744107246382,0.10557348664938354
2024-07-08 06:00:00,362.99999999999994,296.81280702352524,66.1871929764747,0.17700267657257052
2024-07-08 07:00:00,341.99999999999994,316.54129922389984,25.458700776100102,0.06808353665990309
2024-07-08 08:00:00,342.99999999999994,324.10744071006775,18.892559289932194,0.0505238764667444
2024-07-08 09:00:00,308.9999999999999,341.4995464682579,32.49954646825802,0.08691268587747704
2024-07-08 10:00:00,280.99999999999994,360.6265640258789,79.62656402587896,0.21294323456000444
2024-07-08 11:00:00,271.99999999999983,352.5793844461441,80.57938444614427,0.21549133725322347
2024-07-08 12:00:00,268.9999999999999,377.0241978764534,108.02419787645351,0.28888628296313146
2024-07-08 13:00:00,271.99999999999983,383.1836038827896,111.18360388278978,0.2973353996933083
2024-07-08 14:00:00,271.99999999999983,385.1005867123604,113.10058671236055,0.302461936663962
2024-07-08 15:00:00,271.99999999999983,395.2264031767845,123.22640317678469,0.32954114241488
2024-07-08 16:00:00,310.9999999999999,391.6688632965088,80.6688632965089,0.21573062819908373
2024-07-08 17:00:00,340.0,411.5332227945328,71.53322279453278,0.19129942408941092
2024-07-08 18:00:00,340.99999999999994,396.89903140068054,55.8990314006806,0.1494893155425312
2024-07-08 19:00:00,343.9999999999999,372.16407269239426,28.16407269239437,0.07531844191534356
2024-07-08 20:00:00,343.9999999999999,363.0018961429596,19.00189614295971,0.050816273148996366
2024-07-08 21:00:00,343.9999999999999,358.0389779806137,14.038977980613822,0.037544071098396074
2024-07-08 22:00:00,307.9999999999999,346.55283629894257,38.55283629894268,0.10310084032121569
2024-07-08 23:00:00,284.9999999999999,337.8726124763489,52.87261247634899,0.14139584268250258
2024-07-09 00:00:00,287.9999999999999,347.7139484882355,59.71394848823559,0.15969144838777327
2024-07-09 01:00:00,287.9999999999999,347.7369913458824,59.73699134588253,0.1597530712984297
2024-07-09 02:00:00,282.99999999999994,382.3367714881897,99.33677148818975,0.2656537261179361
2024-07-09 03:00:00,280.0,385.85864067077637,105.85864067077637,0.2830949900492272
2024-07-09 04:00:00,287.9999999999999,402.5888764858246,114.5888764858247,0.306442031023189
2024-07-09 05:00:00,287.9999999999999,412.20370799303055,124.20370799303066,0.3321547230869639
2024-07-09 06:00:00,288.9999999999999,394.98319923877716,105.98319923877727,0.2834280937651386
2024-07-09 07:00:00,283.9999999999999,407.12339222431183,123.12339222431194,0.32926566292279086
2024-07-09 08:00:00,279.0,406.7562112212181,127.75621122121811,0.34165508942135997
2024-07-09 09:00:00,311.9999999999999,416.8540871143341,104.85408711433422,0.2804085387849478
2024-07-09 10:00:00,336.0,402.5993800163269,66.5993800163269,0.17810497757706084
2024-07-09 11:00:00,338.0,405.4844284057617,67.48442840576172,0.18047183930334507
2024-07-09 12:00:00,328.9999999999999,401.4424869418144,72.44248694181454,0.1937310453826353
2024-07-09 13:00:00,330.9999999999999,418.34092676639557,87.34092676639568,0.23357355277894606
2024-07-09 14:00:00,328.9999999999999,412.92913019657135,83.92913019657146,0.22444947457555936
2024-07-09 15:00:00,332.99999999999983,422.94226974248886,89.94226974248903,0.2405302561643795
2024-07-09 16:00:00,337.0,439.8481446504593,102.84814465045929,0.2750440993943449
2024-07-09 17:00:00,312.99999999999983,464.53297555446625,151.53297555446642,0.4052406675061724
2024-07-09 18:00:00,291.99999999999983,463.8349038362503,171.83490383625048,0.4595335825530063
2024-07-09 19:00:00,291.99999999999983,449.0056300163269,157.00563001632707,0.419876043991325
2024-07-09 20:00:00,293.0,459.24232363700867,166.24232363700867,0.44457749180952355
2024-07-09 21:00:00,299.99999999999994,462.9315412044525,162.93154120445257,0.4357235530676258
2024-07-09 22:00:00,294.0,461.6490778326988,167.64907783269882,0.44833953770872575
2024-07-09 23:00:00,291.99999999999983,450.61072289943695,158.61072289943712,0.424168501847319
2024-07-10 00:00:00,291.99999999999983,305.3923326730728,13.392332673072985,0.035814764489661303
2024-07-10 01:00:00,291.99999999999983,310.0543364882469,18.05433648824709,0.04828223918330261
2024-07-10 02:00:00,291.99999999999983,337.7583718299866,45.75837182998674,0.1223704152612933
2024-07-10 03:00:00,291.99999999999983,347.7248650789261,55.72486507892626,0.14902354711010538
2024-07-10 04:00:00,291.99999999999983,363.80588829517365,71.80588829517382,0.1920286062959991
2024-07-10 05:00:00,294.99999999999983,372.6523393392563,77.65233933925646,0.20766361719034152
2024-07-10 06:00:00,296.0,363.4048953652382,67.40489536523819,0.18025914617623778
2024-07-10 07:00:00,296.0,376.42381489276886,80.42381489276886,0.21507530167137856
2024-07-10 08:00:00,330.9999999999999,378.20451736450195,47.20451736450207,0.12623780438616017
2024-07-10 09:00:00,364.99999999999994,383.00516188144684,18.005161881446895,0.048150732820340034
2024-07-10 10:00:00,367.9999999999999,372.17313051223755,4.1731305122376625,0.011160093624385506
2024-07-10 11:00:00,359.99999999999994,369.9585673213005,9.958567321300563,0.026631935748126646
2024-07-10 12:00:00,356.0,366.7946147918701,10.794614791870117,0.02886775560054336
2024-07-10 13:00:00,345.99999999999994,388.4094348549843,42.40943485498434,0.11341444082589211
2024-07-10 14:00:00,337.0,385.658483505249,48.65848350524902,0.1301261079534315
2024-07-10 15:00:00,336.0,400.3285816311836,64.32858163118362,0.17203224093343414
2024-07-10 16:00:00,340.99999999999994,415.07270604372025,74.0727060437203,0.1980906976274376
2024-07-10 17:00:00,315.0,439.0337669849396,124.03376698493958,0.3317002543001964
2024-07-10 18:00:00,296.0,437.2935739159584,141.2935739159584,0.37785770389927525
2024-07-10 19:00:00,296.0,428.5839343070984,132.5839343070984,0.35456574282005787
2024-07-10 20:00:00,296.0,434.7166094183922,138.71660941839218,0.37096619524043495
2024-07-10 21:00:00,296.0,432.7368414402008,136.7368414402008,0.36567175359132176
2024-07-10 22:00:00,291.99999999999983,425.0303775072098,133.03037750720995,0.35575965417667726
2024-07-10 23:00:00,291.99999999999983,419.60317969322205,127.60317969322222,0.34124584121431045
2024-07-11 00:00:00,291.99999999999983,297.09593027830124,5.0959302783014095,0.013627912868387609
2024-07-11 01:00:00,290.99999999999983,310.3646922111511,19.364692211151294,0.051786489171645037
2024-07-11 02:00:00,288.9999999999999,326.5443778038025,37.544377803802604,0.10040394618165632
2024-07-11 03:00:00,291.99999999999983,352.39138305187225,60.391383051872424,0.16150309389763967
2024-07-11 04:00:00,291.99999999999983,361.9153708219528,69.91537082195299,0.1869728449346397
2024-07-11 05:00:00,291.99999999999983,358.86728167533875,66.86728167533892,0.17882141996675718
2024-07-11 06:00:00,298.0,363.1201493740082,65.12014937400818,0.17414910981497522
2024-07-11 07:00:00,299.0,368.14620673656464,69.14620673656464,0.18491588956737368
2024-07-11 08:00:00,340.99999999999994,368.8656395673752,27.86563956737524,0.07452035002579814
2024-07-11 09:00:00,351.99999999999983,388.7042713165283,36.70427131652849,0.09815727140718217
2024-07-11 10:00:00,345.99999999999994,382.68256187438965,36.682561874389705,0.09809921441469378
2024-07-11 11:00:00,348.9999999999999,365.83870500326157,16.83870500326168,0.04503130774336701
2024-07-11 12:00:00,348.9999999999999,391.6144573688507,42.61445736885082,0.11396272716468431
2024-07-11 13:00:00,342.99999999999994,370.994433760643,27.994433760643062,0.07486478096341945
2024-07-11 14:00:00,340.99999999999994,386.8570366501808,45.85703665018087,0.12263427200566558
2024-07-11 15:00:00,339.0,386.1044704914093,47.1044704914093,0.12597025165392042
2024-07-11 16:00:00,350.99999999999983,377.56660491228104,26.566604912281207,0.071046375672574
2024-07-11 17:00:00,317.0,395.88142812252045,78.88142812252045,0.21095053713058398
2024-07-11 18:00:00,304.99999999999994,379.87862080335617,74.87862080335623,0.2002459343602539
2024-07-11 19:00:00,343.9999999999999,378.9906594157219,34.99065941572201,0.09357460398454097
2024-07-11 20:00:00,380.0,361.1277535557747,18.87224644422531,0.05046955435551358
2024-07-11 21:00:00,423.99999999999994,343.9236491918564,80.07635080814356,0.2141460875707991
2024-07-11 22:00:00,459.99999999999994,330.8619484305382,129.13805156946177,0.3453505088708906
2024-07-11 23:00:00,443.9999999999999,335.1172649860382,108.88273501396168,0.2911822463427827
2024-07-12 00:00:00,427.9999999999999,335.9238240122795,92.07617598772038,0.2462369057437796
2024-07-12 01:00:00,463.9999999999999,342.3904287815094,121.60957121849049,0.32521729105759606
2024-07-12 02:00:00,469.99999999999983,363.8843107223511,106.11568927764876,0.28378240840585456
2024-07-12 03:00:00,418.0,374.68170404434204,43.31829595565796,0.11584498426212912
2024-07-12 04:00:00,253.99999999999983,385.8958750963211,131.89587509632128,0.35272568409462973
2024-07-12 05:00:00,231.99999999999986,393.9204543828964,161.92045438289657,0.4330196300635746
2024-07-12 06:00:00,250.99999999999986,389.88225996494293,138.88225996494307,0.37140919015828316
2024-07-12 07:00:00,270.9999999999999,403.08266043663025,132.08266043663036,0.35322519923785356
2024-07-12 08:00:00,267.9999999999999,407.31257379055023,139.31257379055035,0.37255996715113343
2024-07-12 09:00:00,285.99999999999994,426.61888897418976,140.61888897418982,0.3760534116311518
2024-07-12 10:00:00,287.9999999999999,437.5258022546768,149.52580225467693,0.39987293652332173
2024-07-12 11:00:00,287.9999999999999,410.0687474012375,122.0687474012376,0.32644525389616974
2024-07-12 12:00:00,287.9999999999999,442.2427135705948,154.2427135705949,0.41248724890804067
2024-07-12 13:00:00,287.9999999999999,414.6127635240555,126.6127635240556,0.33859719719452924
2024-07-12 14:00:00,287.9999999999999,422.6582908630371,134.65829086303722,0.36011314022513496
2024-07-12 15:00:00,287.9999999999999,414.3789419531822,126.37894195318233,0.3379718942919015
2024-07-12 16:00:00,286.99999999999994,393.43142062425613,106.43142062425619,0.28462676047631086
2024-07-12 17:00:00,261.99999999999994,405.09762704372406,143.09762704372412,0.3826822359262967
2024-07-12 18:00:00,236.0,385.5013436079025,149.50134360790253,0.3998075274048847
2024-07-12 19:00:00,232.99999999999986,372.0454064011574,139.04540640115752,0.37184548839944737
2024-07-12 20:00:00,231.99999999999986,351.2348145246506,119.23481452465072,0.3188665414319446
2024-07-12 21:00:00,231.99999999999986,336.8413782119751,104.84137821197524,0.28037455170024644
2024-07-12 22:00:00,231.99999999999986,326.7172434926033,94.71724349260344,0.25329984339607287
2024-07-12 23:00:00,232.99999999999986,335.1240509748459,102.12405097484603,0.27310767464343616
2024-07-13 00:00:00,236.0,277.04392343759537,41.04392343759537,0.10976268940845156
2024-07-13 01:00:00,230.99999999999986,279.7724515199661,48.77245151996627,0.13043088963008886
2024-07-13 02:00:00,232.99999999999986,306.53205424547195,73.5320542454721,0.19664484668437496
2024-07-13 03:00:00,236.0,314.6110689640045,78.61106896400452,0.21022752271433223
2024-07-13 04:00:00,236.9999999999998,327.50421166419983,90.50421166420003,0.24203304272697831
2024-07-13 05:00:00,239.99999999999997,332.49474585056305,92.49474585056308,0.2473562761646117
2024-07-13 06:00:00,239.99999999999997,326.1940437555313,86.19404375553134,0.2305064735826618
2024-07-13 07:00:00,232.99999999999986,342.2539418935776,109.25394189357772,0.29217495517812414
2024-07-13 08:00:00,254.99999999999983,339.56648379564285,84.56648379564302,0.2261539326117073
2024-07-13 09:00:00,289.9999999999999,340.1281866431236,50.12818664312374,0.13405649655993115
2024-07-13 10:00:00,321.0,332.07610934972763,11.07610934972763,0.029620549123590967
2024-07-13 11:00:00,395.0,328.0155211687088,66.9844788312912,0.17913483725124033
2024-07-13 12:00:00,481.99999999999994,307.5548207759857,174.44517922401423,0.46651417365300824
2024-07-13 13:00:00,533.0,315.55550158023834,217.44449841976166,0.5815061267208899
2024-07-13 14:00:00,523.9999999999999,296.44583255052567,227.55416744947422,0.6085421498100996
2024-07-13 15:00:00,479.99999999999994,289.27796959877014,190.7220304012298,0.5100429304257056
2024-07-13 16:00:00,316.0,294.9643921852112,21.03560781478882,0.05625497500508772
2024-07-13 17:00:00,267.9999999999999,295.9767436981201,27.97674369812023,0.07481747289256063
2024-07-13 18:00:00,278.0,291.487458050251,13.487458050251007,0.03606915579428227
2024-07-13 19:00:00,276.0,277.91279554367065,1.9127955436706543,0.0051153390216462395
2024-07-13 20:00:00,275.0,285.22989124059677,10.229891240596771,0.027357530198863646
2024-07-13 21:00:00,276.0,284.6099469065666,8.60994690656662,0.023025355496669783
2024-07-13 22:00:00,276.0,283.52005809545517,7.52005809545517,0.020110694395967237
2024-07-13 23:00:00,276.0,276.25385731458664,0.2538573145866394,0.000678883967255284
2024-07-14 00:00:00,276.0,293.6564075946808,17.656407594680786,0.047218068365968924
2024-07-14 01:00:00,276.0,287.12273955345154,11.122739553451538,0.029745251056050765
2024-07-14 02:00:00,276.0,312.1212896704674,36.12128967046738,0.09659821886083567
2024-07-14 03:00:00,276.0,313.52224230766296,37.522242307662964,0.10034474980411284
2024-07-14 04:00:00,276.0,316.59086644649506,40.590866446495056,0.10855109096382234
2024-07-14 05:00:00,276.0,335.56932985782623,59.56932985782623,0.15930469857238505
2024-07-14 06:00:00,276.0,319.16393637657166,43.163936376571655,0.1154321844828334
2024-07-14 07:00:00,261.99999999999994,334.80906307697296,72.80906307697302,0.19471137033936434
2024-07-14 08:00:00,259.99999999999994,335.8354586362839,75.83545863628393,0.2028047807149301
2024-07-14 09:00:00,259.99999999999994,341.6099810600281,81.60998106002813,0.2182474347838879
2024-07-14 10:00:00,259.99999999999994,348.4938356280327,88.49383562803274,0.23665674675012002
2024-07-14 11:00:00,259.99999999999994,339.0692773461342,79.06927734613424,0.2114528973890639
2024-07-14 12:00:00,259.99999999999994,339.5833897590637,79.58338975906378,0.21282777474910022
2024-07-14 13:00:00,259.99999999999994,346.44131004810333,86.44131004810339,0.23116773135237845
2024-07-14 14:00:00,259.99999999999994,337.48286068439484,77.4828606843949,0.2072103848627056
2024-07-14 15:00:00,259.99999999999994,338.18804293870926,78.18804293870932,0.2090962352949712
2024-07-14 16:00:00,259.99999999999994,339.5157068967819,79.51570689678198,0.21264677224327966
2024-07-14 17:00:00,263.99999999999994,353.56766045093536,89.56766045093542,0.23952844834791098
2024-07-14 18:00:00,274.0,343.2441946864128,69.24419468641281,0.18517793617510864
2024-07-14 19:00:00,271.99999999999983,321.7407828569412,49.740782856941394,0.1330204727615961
2024-07-14 20:00:00,267.9999999999999,325.8504366874695,57.850436687469596,0.15470790758891523
2024-07-14 21:00:00,269.9999999999999,325.95222651958466,55.95222651958477,0.14963157385570638
2024-07-14 22:00:00,278.0,326.262611746788,48.262611746788025,0.12906743847862853
2024-07-14 23:00:00,279.0,319.585080742836,40.585080742836,0.10853561840806865
2024-07-15 00:00:00,281.99999999999994,308.71150732040405,26.71150732040411,0.07143388438726872
2024-07-15 01:00:00,283.9999999999999,301.35697066783905,17.356970667839164,0.04641729203550163
2024-07-15 02:00:00,281.99999999999994,315.90312123298645,33.90312123298651,0.09066622910773552
2024-07-15 03:00:00,281.99999999999994,315.53853660821915,33.538536608219204,0.08969122999508307
2024-07-15 04:00:00,280.99999999999994,317.3250514268875,36.32505142688757,0.09714313358901158
2024-07-15 05:00:00,274.0,326.3564059138298,52.3564059138298,0.14001536499306955
2024-07-15 06:00:00,276.0,316.14098489284515,40.140984892845154,0.10734798450839429
2024-07-15 07:00:00,277.0,339.11161601543427,62.111616015434265,0.1661034678549857
2024-07-15 08:00:00,306.9999999999999,350.0073766708374,43.007376670837516,0.1150135009624701
2024-07-15 09:00:00,356.0,372.30548679828644,16.305486798286438,0.04360533626409026
2024-07-15 10:00:00,361.99999999999994,384.08130168914795,22.081301689148006,0.05905144674400714
2024-07-15 11:00:00,360.99999999999994,385.26867270469666,24.268672704696712,0.06490107575829389
2024-07-15 12:00:00,361.99999999999994,406.32553696632385,44.32553696632391,0.11853862251484823
2024-07-15 13:00:00,361.99999999999994,419.71163749694824,57.7116374969483,0.1543367205491943
2024-07-15 14:00:00,363.99999999999994,420.37713646888733,56.377136468887386,0.15076789940369587
2024-07-15 15:00:00,363.99999999999994,435.7361599802971,71.73615998029715,0.19184213368987948
2024-07-15 16:00:00,371.0,437.91272163391113,66.91272163391113,0.17894293885778326
2024-07-15 17:00:00,343.9999999999999,459.8082160949707,115.80821609497082,0.30970287900244275
2024-07-15 18:00:00,288.9999999999999,453.2525968551636,164.2525968551637,0.43925641759264494
2024-07-15 19:00:00,286.99999999999994,437.4062803387642,150.40628033876425,0.4022275760017226
2024-07-15 20:00:00,307.9999999999999,431.8151566386223,123.8151566386224,0.3311156303769799
2024-07-15 21:00:00,293.0,428.9830094575882,135.9830094575882,0.36365580046492363
2024-07-15 22:00:00,287.9999999999999,413.57969999313354,125.57969999313366,0.3358345024522445
2024-07-15 23:00:00,287.9999999999999,405.4323533177376,117.4323533177377,0.31404626663716323
2024-07-16 00:00:00,287.9999999999999,336.16873919963837,48.16873919963848,0.12881639758453803
2024-07-16 01:00:00,287.9999999999999,337.52221941947937,49.522219419479484,0.13243597428550252
2024-07-16 02:00:00,287.9999999999999,374.2697650194168,86.26976501941692,0.23070897297534596
2024-07-16 03:00:00,287.9999999999999,381.79159104824066,93.79159104824078,0.2508243953092146
2024-07-16 04:00:00,287.9999999999999,398.0810621380806,110.08106213808071,0.2943869011836969
2024-07-16 05:00:00,284.9999999999999,411.1522042751312,126.15220427513134,0.3373655356583039
2024-07-16 06:00:00,323.99999999999994,394.1430938243866,70.14309382438665,0.18758183859542582
2024-07-16 07:00:00,384.9999999999999,405.04446029663086,20.044460296630973,0.053604375157855114
2024-07-16 08:00:00,424.99999999999994,401.2947589159012,23.70524108409876,0.06339430533298056
2024-07-16 09:00:00,477.99999999999994,408.3518922328949,69.64810776710505,0.18625811034733272
2024-07-16 10:00:00,459.0,396.84341579675674,62.156584203243256,0.16622372510181652
2024-07-16 11:00:00,443.9999999999999,391.49145394563675,52.50854605436314,0.14042222938597557
2024-07-16 12:00:00,443.9999999999999,393.42587381601334,50.57412618398655,0.13524906099381365
2024-07-16 13:00:00,444.9999999999999,404.8378711938858,40.16212880611408,0.1074045291218386
2024-07-16 14:00:00,443.9999999999999,403.4115743637085,40.58842563629139,0.10854456356902546
2024-07-16 15:00:00,443.9999999999999,412.1518099308014,31.848190069198495,0.08517078052008885
2024-07-16 16:00:00,409.99999999999983,424.7925728559494,14.792572855949572,0.0395593901350141
2024-07-16 17:00:00,358.0,446.75250470638275,88.75250470638275,0.23734849869117583
2024-07-16 18:00:00,307.9999999999999,439.56422477960587,131.56422477960598,0.3518387603393707
2024-07-16 19:00:00,287.9999999999999,418.8566029071808,130.8566029071809,0.34994638570029135
2024-07-16 20:00:00,289.9999999999999,419.5203021168709,129.520302116871,0.3463727514977506
2024-07-16 21:00:00,290.99999999999983,415.14847308397293,124.1484730839731,0.33200700981640857
2024-07-16 22:00:00,287.9999999999999,410.0171148777008,122.01711487770092,0.3263071743908576
2024-07-16 23:00:00,287.9999999999999,399.44159388542175,111.44159388542187,0.2980253355999583
2024-07-17 00:00:00,287.9999999999999,351.54608488082886,63.54608488082897,0.16993963036946383
2024-07-17 01:00:00,287.9999999999999,356.04746729135513,68.04746729135525,0.18197755944772276
2024-07-17 02:00:00,287.9999999999999,396.1355486512184,108.13554865121853,0.2891840654235365
2024-07-17 03:00:00,287.9999999999999,403.50539803504944,115.50539803504955,0.3088930605963407
2024-07-17 04:00:00,287.9999999999999,427.24246233701706,139.24246233701717,0.3723724699273401
2024-07-17 05:00:00,287.9999999999999,436.41520142555237,148.41520142555248,0.39690288581534544
2024-07-17 06:00:00,325.9999999999999,420.5788868665695,94.57888686656963,0.252929839894969
2024-07-17 07:00:00,384.9999999999999,434.3481597304344,49.34815973043453,0.13197049101813846
2024-07-17 08:00:00,431.99999999999983,431.73174798488617,0.26825201511366004,0.0007173793378422926
2024-07-17 09:00:00,448.9999999999999,437.26114869117737,11.738851308822518,0.031392902585966075
2024-07-17 10:00:00,440.99999999999994,416.8316048383713,24.168395161628666,0.06463290615138105
2024-07-17 11:00:00,443.9999999999999,419.2899030447006,24.710096955299264,0.06608156506969987
2024-07-17 12:00:00,443.9999999999999,413.2112503051758,30.788749694824105,0.08233754687623322
2024-07-17 13:00:00,443.9999999999999,439.001961350441,4.998038649558907,0.013366123849662643
2024-07-17 14:00:00,443.9999999999999,433.9997434616089,10.000256538391,0.02674342412944907
2024-07-17 15:00:00,443.9999999999999,449.9207943677902,5.920794367790336,0.0158338252977005
2024-07-17 16:00:00,413.0,472.4346399307251,59.4346399307251,0.158944500828197
2024-07-17 17:00:00,358.99999999999994,497.1082001924515,138.10820019245153,0.36933914238322707
2024-07-17 18:00:00,327.9999999999999,495.6461441516876,167.64614415168774,0.4483316922424381
2024-07-17 19:00:00,356.0,475.79700887203217,119.79700887203217,0.32037000304990226
2024-07-17 20:00:00,363.99999999999994,480.69876462221146,116.69876462221151,0.3120844496031992
2024-07-17 21:00:00,324.9999999999999,478.6312508583069,153.631250858307,0.4108520301922726
2024-07-17 22:00:00,293.0,468.2851552963257,175.28515529632568,0.46876049966216365
2024-07-17 23:00:00,287.9999999999999,454.4645154476166,166.4645154476167,0.4451716935488858
2024-07-18 00:00:00,287.9999999999999,336.69887244701385,48.69887244701397,0.13023411904250834
2024-07-18 01:00:00,287.9999999999999,341.7481791973114,53.748179197311515,0.14373734783113942
2024-07-18 02:00:00,269.9999999999999,375.56833773851395,105.56833773851406,0.28231864052122174
2024-07-18 03:00:00,287.9999999999999,384.32488918304443,96.32488918304455,0.2575991281578481
2024-07-18 04:00:00,287.9999999999999,405.6840839982033,117.68408399820339,0.31471946340249063
2024-07-18 05:00:00,308.9999999999999,415.10288894176483,106.10288894176495,0.28374817680287256
2024-07-18 06:00:00,339.0,403.75158190727234,64.75158190727234,0.1731634594923667
2024-07-18 07:00:00,381.99999999999994,421.73377364873886,39.73377364873892,0.10625899014413911
2024-07-18 08:00:00,440.0,423.05922478437424,16.940775215625763,0.045304271438823845
2024-07-18 09:00:00,451.99999999999983,428.86227786540985,23.13772213458998,0.061876604271018126
2024-07-18 10:00:00,447.9999999999999,416.056025326252,31.943974673747903,0.08542693477920234
2024-07-18 11:00:00,448.9999999999999,414.2188811302185,34.78111886978138,0.09301423519091118
2024-07-18 12:00:00,449.9999999999999,413.09051871299744,36.90948128700245,0.09870605905626981
2024-07-18 13:00:00,409.99999999999983,439.04716193675995,29.04716193676012,0.07768006435128437
2024-07-18 14:00:00,393.0,434.50999081134796,41.50999081134796,0.11100908117863403
2024-07-18 15:00:00,396.0,451.4854073524475,55.48540735244751,0.1483831715841666
2024-07-18 16:00:00,395.0,468.1741601228714,73.1741601228714,0.19568773980642606
2024-07-18 17:00:00,358.99999999999994,491.5737247467041,132.57372474670416,0.35453843966010895
2024-07-18 18:00:00,334.0,487.04331010580063,153.04331010580063,0.4092797156374507
2024-07-18 19:00:00,364.99999999999994,467.6029273867607,102.60292738676077,0.27438832128887564
2024-07-18 20:00:00,346.9999999999999,468.2094767689705,121.2094767689706,0.3241473289506969
2024-07-18 21:00:00,309.99999999999983,462.86096692085266,152.86096692085283,0.40879208003395867
2024-07-18 22:00:00,283.9999999999999,446.34805977344513,162.34805977344524,0.43416316395948823
2024-07-18 23:00:00,283.9999999999999,437.16950833797455,153.16950833797466,0.4096172042643135
2024-07-19 00:00:00,286.99999999999994,301.1819216609001,14.181921660900173,0.03792634163854137
2024-07-19 01:00:00,287.9999999999999,326.41930907964706,38.41930907964718,0.10274375197605809
2024-07-19 02:00:00,287.9999999999999,346.4438474178314,58.443847417831535,0.15629485036224422
2024-07-19 03:00:00,287.9999999999999,383.6682415008545,95.6682415008546,0.25584307246057586
2024-07-19 04:00:00,287.9999999999999,405.3185847401619,117.31858474016201,0.3137420183100298
2024-07-19 05:00:00,291.99999999999983,403.6902719736099,111.6902719736101,0.29869036889771294
2024-07-19 06:00:00,329.9999999999999,416.34437084198,86.3443708419801,0.23090848937251773
2024-07-19 07:00:00,382.99999999999994,420.933056473732,37.93305647373205,0.10144337936820394
2024-07-19 08:00:00,432.99999999999983,423.82996559143066,9.170034408569165,0.024523182833214065
2024-07-19 09:00:00,447.9999999999999,427.5634691119194,20.436530888080483,0.05465287927128111
2024-07-19 10:00:00,443.9999999999999,410.71731090545654,33.28268909454334,0.08900702369053166
2024-07-19 11:00:00,443.9999999999999,385.38609981536865,58.613900184631234,0.1567496180223989
2024-07-19 12:00:00,406.9999999999999,392.94067561626434,14.059324383735543,0.037598482951342445
2024-07-19 13:00:00,390.99999999999983,380.58964490890503,10.4103550910948,0.027840139947461033
2024-07-19 14:00:00,381.99999999999994,388.7383782863617,6.738378286361751,0.018020268556614163
2024-07-19 15:00:00,384.9999999999999,386.66103959083557,1.661039590835685,0.004442074671083645
2024-07-19 16:00:00,386.9999999999999,378.04820358753204,8.951796412467843,0.02393955467642702
2024-07-19 17:00:00,359.99999999999994,397.8038692474365,37.80386924743658,0.10109789735265129
2024-07-19 18:00:00,303.99999999999994,381.7915615439415,77.79156154394155,0.20803593548576094
2024-07-19 19:00:00,294.99999999999983,386.88311845064163,91.8831184506418,0.24572061702901932
2024-07-19 20:00:00,326.9999999999999,376.5411239862442,49.541123986244315,0.1324865302732449
2024-07-19 21:00:00,289.9999999999999,358.25618863105774,68.25618863105785,0.18253573745956722
2024-07-19 22:00:00,289.9999999999999,343.06908667087555,53.06908667087566,0.1419212684747857
2024-07-19 23:00:00,288.9999999999999,359.7910612821579,70.79106128215801,0.18931468099589172
2024-07-20 00:00:00,299.0,254.4186696410179,44.581330358982086,0.11922268408497962
2024-07-20 01:00:00,294.99999999999983,251.639866232872,43.36013376712782,0.11595687002550839
2024-07-20 02:00:00,285.99999999999994,253.56764763593674,32.432352364063206,0.08673299044460674
2024-07-20 03:00:00,284.9999999999999,257.44002789258957,27.559972107410317,0.0737029115437921
2024-07-20 04:00:00,280.0,251.39380037784576,28.606199622154236,0.07650081038321506
2024-07-20 05:00:00,283.9999999999999,257.4924275279045,26.507572472095376,0.07088850676398899
2024-07-20 06:00:00,277.0,258.2443445920944,18.75565540790558,0.05015775800088803
2024-07-20 07:00:00,272.99999999999983,278.18352699279785,5.183526992798022,0.013862170467593768
2024-07-20 08:00:00,301.99999999999994,285.0957942008972,16.904205799102726,0.04520647480605872
2024-07-20 09:00:00,318.0,285.1818287372589,32.81817126274109,0.08776477581980069
2024-07-20 10:00:00,316.0,297.4516636133194,18.548336386680603,0.04960333017261815
2024-07-20 11:00:00,318.0,293.38482052087784,24.615179479122162,0.06582772974928022
2024-07-20 12:00:00,316.0,275.3048810362816,40.695118963718414,0.10882989074000445
2024-07-20 13:00:00,316.0,288.48389089107513,27.516109108924866,0.07358560987582163
2024-07-20 14:00:00,316.0,267.5553998351097,48.44460016489029,0.12955412533843777
2024-07-20 15:00:00,316.0,265.1644304394722,50.8355695605278,0.13594823216785662
2024-07-20 16:00:00,316.0,260.43745815753937,55.56254184246063,0.1485894503304678
2024-07-20 17:00:00,316.0,257.0884841680527,58.91151583194733,0.15754552375273484
2024-07-20 18:00:00,283.9999999999999,254.47493433952332,29.52506566047657,0.07895810976215226
2024-07-20 19:00:00,267.9999999999999,250.88682800531387,17.113171994686013,0.04576530762957151
2024-07-20 20:00:00,271.99999999999983,262.6970449090004,9.302955090999433,0.024878649132719654
2024-07-20 21:00:00,271.99999999999983,266.60105377435684,5.398946225642987,0.014438260479634637
2024-07-20 22:00:00,268.9999999999999,264.6750721335411,4.324927866458779,0.011566041312835177
2024-07-20 23:00:00,267.9999999999999,263.8614910840988,4.13850891590107,0.011067505996126818
2024-07-21 00:00:00,267.9999999999999,286.88127636909485,18.881276369094962,0.050493702847076674
2024-07-21 01:00:00,267.9999999999999,278.1826713681221,10.182671368122215,0.027231251330708854
2024-07-21 02:00:00,267.9999999999999,288.1451225280762,20.145122528076286,0.053873573526819346
2024-07-21 03:00:00,263.99999999999994,288.5034227371216,24.50342273712164,0.06552886162133055
2024-07-21 04:00:00,262.99999999999994,282.4045890569687,19.404589056968746,0.05189318426141871
2024-07-21 05:00:00,263.99999999999994,300.04163950681686,36.04163950681692,0.0963852125144178
2024-07-21 06:00:00,261.99999999999994,288.43349754810333,26.43349754810339,0.0706904101349606
2024-07-21 07:00:00,259.99999999999994,304.5523452758789,44.55234527587896,0.11914517003642712
2024-07-21 08:00:00,299.99999999999994,315.08001029491425,15.080010294914302,0.04032807654934815
2024-07-21 09:00:00,322.99999999999994,329.52407598495483,6.524075984954891,0.017447165525063053
2024-07-21 10:00:00,317.0,349.6964603662491,32.696460366249084,0.08743928755721808
2024-07-21 11:00:00,318.0,335.85383981466293,17.853839814662933,0.047746056180634606
2024-07-21 12:00:00,315.0,347.89109230041504,32.89109230041504,0.08795978664087185
2024-07-21 13:00:00,316.0,343.2923752069473,27.292375206947327,0.07298728416190103
2024-07-21 14:00:00,316.0,339.003689289093,23.003689289093018,0.06151816374295355
2024-07-21 15:00:00,316.0,336.61847323179245,20.61847323179245,0.05513944291555518
2024-07-21 16:00:00,316.0,325.04057317972183,9.040573179721832,0.024176968059813765
2024-07-21 17:00:00,317.0,345.0473204255104,28.047320425510406,0.07500621438604312
2024-07-21 18:00:00,284.9999999999999,334.207706451416,49.20770645141613,0.13159488049287435
2024-07-21 19:00:00,265.9999999999999,326.84874415397644,60.848744153976554,0.1627262027135912
2024-07-21 20:00:00,271.99999999999983,335.9200179576874,63.92001795768755,0.17093962980268515
2024-07-21 21:00:00,267.9999999999999,340.99750131368637,72.99750131368648,0.195215305780149
2024-07-21 22:00:00,267.9999999999999,346.6983810067177,78.6983810067178,0.2104610190232445
2024-07-21 23:00:00,267.9999999999999,353.554265499115,85.5542654991151,0.2287955313488847
2024-07-22 00:00:00,270.9999999999999,288.14547657966614,17.14547657966625,0.0458516989350481
2024-07-22 01:00:00,271.99999999999983,290.935255587101,18.935255587101153,0.05063805805594293
2024-07-22 02:00:00,271.99999999999983,301.3385009765625,29.33850097656267,0.07845918471454655
2024-07-22 03:00:00,277.0,315.2729094028473,38.27290940284729,0.10235223915495764
2024-07-22 04:00:00,280.99999999999994,316.83834850788116,35.83834850788122,0.09584155672065238
2024-07-22 05:00:00,280.99999999999994,328.50629568099976,47.50629568099981,0.1270448422336581
2024-07-22 06:00:00,287.9999999999999,326.75952315330505,38.75952315330517,0.10365357756220321
2024-07-22 07:00:00,282.99999999999994,341.58056527376175,58.580565273761806,0.15666047134338362
2024-07-22 08:00:00,322.99999999999994,354.7124272584915,31.712427258491573,0.08480771359137529
2024-07-22 09:00:00,380.99999999999994,366.7737552523613,14.226244747638646,0.03804487370847605
2024-07-22 10:00:00,387.9999999999999,366.2856951355934,21.714304864406472,0.058069996748145024
2024-07-22 11:00:00,387.9999999999999,369.9452608823776,18.054739117622262,0.04828331592449478
2024-07-22 12:00:00,387.9999999999999,383.05579125881195,4.944208741187936,0.013222167935643072
2024-07-22 13:00:00,387.9999999999999,405.9955608844757,17.99556088447582,0.04812505712561388
2024-07-22 14:00:00,386.9999999999999,408.10435116291046,21.104351162910575,0.056438813540413364
2024-07-22 15:00:00,387.9999999999999,428.0375146865845,40.037514686584586,0.10707127684592935
2024-07-22 16:00:00,387.9999999999999,436.2564092874527,48.25640928745281,0.12905085140408595
2024-07-22 17:00:00,362.99999999999994,463.8801634311676,100.88016343116766,0.26978117876583324
2024-07-22 18:00:00,300.99999999999994,455.6144455075264,154.61444550752645,0.41348136189040835
2024-07-22 19:00:00,287.9999999999999,441.9498538970947,153.94985389709484,0.41170406195391035
2024-07-22 20:00:00,288.9999999999999,436.6926008462906,147.6926008462907,0.3949704540129016
2024-07-22 21:00:00,287.9999999999999,434.72672939300537,146.72672939300548,0.39238744928391595
2024-07-22 22:00:00,289.9999999999999,415.0183296203613,125.01832962036144,0.3343332443680024
2024-07-22 23:00:00,291.99999999999983,404.19851303100586,112.19851303100603,0.30004954464543093
2024-07-23 00:00:00,287.9999999999999,342.0450809597969,54.04508095979702,0.1445313444379713
2024-07-23 01:00:00,286.99999999999994,343.20061683654785,56.20061683654791,0.15029583757441117
2024-07-23 02:00:00,286.99999999999994,377.50249207019806,90.50249207019812,0.24202844406177937
2024-07-23 03:00:00,287.9999999999999,383.2451793551445,95.24517935514461,0.25471168844533565
2024-07-23 04:00:00,287.9999999999999,400.4187762737274,112.41877627372753,0.30063858886620815
2024-07-23 05:00:00,285.99999999999994,414.54932928085327,128.54932928085333,0.3437761042745412
2024-07-23 06:00:00,287.9999999999999,399.13734555244446,111.13734555244457,0.2972116922520849
2024-07-23 07:00:00,288.9999999999999,416.416420340538,127.41642034053814,0.34074639556911146
2024-07-23 08:00:00,324.9999999999999,417.07339257001877,92.07339257001888,0.246229462122725
2024-07-23 09:00:00,376.0,423.46865594387054,47.468655943870544,0.12694418327053006
2024-07-23 10:00:00,389.9999999999999,416.0276126861572,26.02761268615734,0.06960496287977522
2024-07-23 11:00:00,396.0,410.3732317686081,14.373231768608093,0.03843795724870517
2024-07-23 12:00:00,399.99999999999994,411.21675968170166,11.216759681701717,0.029996686622413175
2024-07-23 13:00:00,395.0,429.8281306028366,34.82813060283661,0.09313995743726855
2024-07-23 14:00:00,395.0,424.19953644275665,29.199536442756653,0.07808755550161003
2024-07-23 15:00:00,396.0,435.43456703424454,39.43456703424454,0.10545882973194962
2024-07-23 16:00:00,397.0,447.0799434185028,50.07994341850281,0.13392748096793541
2024-07-23 17:00:00,356.0,469.27172005176544,113.27172005176544,0.3029195940711319
2024-07-23 18:00:00,294.99999999999983,461.3863715529442,166.38637155294435,0.44496271537814325
2024-07-23 19:00:00,309.99999999999983,437.9308667778969,127.93086677789705,0.34212216620193037
2024-07-23 20:00:00,294.0,439.5371103286743,145.53711032867432,0.3892060821792071
2024-07-23 21:00:00,287.9999999999999,435.9626644849777,147.96266448497784,0.39569267812821557
2024-07-23 22:00:00,287.9999999999999,424.79115664958954,136.79115664958965,0.3658170073331422
2024-07-23 23:00:00,287.9999999999999,416.44533455371857,128.44533455371868,0.3434979938996412
2024-07-24 00:00:00,287.9999999999999,329.50929433107376,41.509294331073875,0.11100721859967956
2024-07-24 01:00:00,287.9999999999999,338.1826436519623,50.182643651962394,0.13420212951230615
2024-07-24 02:00:00,287.9999999999999,363.38689774274826,75.38689774274837,0.2016052060662545
2024-07-24 03:00:00,287.9999999999999,380.4536300897598,92.45363008975994,0.24724632136241817
2024-07-24 04:00:00,287.9999999999999,396.3952749967575,108.39527499675762,0.2898786447865437
2024-07-24 05:00:00,287.9999999999999,395.46580106019974,107.46580106019985,0.2873929769832022
2024-07-24 06:00:00,287.9999999999999,392.5487995147705,104.54879951477062,0.2795921161536636
2024-07-24 07:00:00,286.99999999999994,404.4860914349556,117.48609143495565,0.31418997707650653
2024-07-24 08:00:00,327.9999999999999,405.32212525606155,77.32212525606167,0.20678053431676793
2024-07-24 09:00:00,385.9999999999999,424.32731956243515,38.327319562435264,0.10249774681960865
2024-07-24 10:00:00,399.99999999999994,415.5480498075485,15.54804980754858,0.04157974235888678
2024-07-24 11:00:00,397.0,406.3445082306862,9.344508230686188,0.024989773605805617
2024-07-24 12:00:00,396.0,425.6761085987091,29.676108598709106,0.07936203993568366
2024-07-24 13:00:00,396.0,420.3645086288452,24.364508628845215,0.06515736726006706
2024-07-24 14:00:00,396.0,429.1091698408127,33.10916984081268,0.08854298569517328
2024-07-24 15:00:00,393.0,435.1236507296562,42.12365072965622,0.11265017582491212
2024-07-24 16:00:00,391.99999999999983,435.6662052869797,43.666205286979846,0.1167753890742872
2024-07-24 17:00:00,367.9999999999999,455.1394557952881,87.1394557952882,0.23303476423793065
2024-07-24 18:00:00,282.99999999999994,444.15913581848145,161.1591358184815,0.43098365576755404
2024-07-24 19:00:00,315.0,434.6395146846771,119.63951468467712,0.3199488204698165
2024-07-24 20:00:00,290.99999999999983,420.9024015069008,129.90240150690096,0.34739458988839045
2024-07-24 21:00:00,286.99999999999994,406.79677963256836,119.79677963256842,0.32036939000080866
2024-07-24 22:00:00,287.9999999999999,390.7341080904007,102.73410809040081,0.2747391344086768
2024-07-24 23:00:00,287.9999999999999,388.5724166035652,100.57241660356533,0.2689581794854182
2024-07-25 00:00:00,287.9999999999999,285.9468752145767,2.053124785423165,0.005490617837299024
2024-07-25 01:00:00,286.99999999999994,296.0447806119919,9.04478061199194,0.024188219885730774
2024-07-25 02:00:00,287.9999999999999,320.47020971775055,32.47020971775066,0.08683423137399644
2024-07-25 03:00:00,287.9999999999999,340.863256752491,52.86325675249111,0.14137082291523873
2024-07-25 04:00:00,287.9999999999999,355.1310932636261,67.13109326362621,0.1795269243874434
2024-07-25 05:00:00,288.9999999999999,357.3956072330475,68.3956072330476,0.1829085809751543
2024-07-25 06:00:00,290.99999999999983,355.2362760901451,64.23627609014528,0.1717853906427431
2024-07-25 07:00:00,281.99999999999994,361.0838806629181,79.08388066291815,0.2114919506566425
2024-07-25 08:00:00,320.0,358.7400886416435,38.740088641643524,0.10360160435670386
2024-07-25 09:00:00,375.0,368.67713660001755,6.322863399982452,0.01690906797932084
2024-07-25 10:00:00,380.0,358.60976815223694,21.39023184776306,0.05720333676800023
2024-07-25 11:00:00,389.9999999999999,346.1481848359108,43.85181516408909,0.11727176070706394
2024-07-25 12:00:00,396.0,358.1820148229599,37.8179851770401,0.10113564721345926
2024-07-25 13:00:00,387.9999999999999,355.3546768426895,32.64532315731037,0.08730253265876183
2024-07-25 14:00:00,383.99999999999994,365.2860599756241,18.71394002437586,0.05004619964334239
2024-07-25 15:00:00,383.99999999999994,372.33590573072433,11.664094269275608,0.031192981793175423
2024-07-25 16:00:00,398.0,375.30495285987854,22.69504714012146,0.060692770128051445
2024-07-25 17:00:00,354.0,394.9771213531494,40.977121353149414,0.10958404234372766
2024-07-25 18:00:00,290.99999999999983,386.58072888851166,95.58072888851183,0.25560903977355687
2024-07-25 19:00:00,287.9999999999999,384.7637951374054,96.76379513740551,0.2587728828555755
2024-07-25 20:00:00,287.9999999999999,375.8342009782791,87.83420097827923,0.23489270308372853
2024-07-25 21:00:00,287.9999999999999,361.8278020620346,73.82780206203472,0.19743575732384996
2024-07-25 22:00:00,287.9999999999999,353.40367555618286,65.40367555618298,0.17490733645772133
2024-07-25 23:00:00,287.9999999999999,353.80162954330444,65.80162954330456,0.17597157438209263
2024-07-26 00:00:00,287.9999999999999,293.5697829723358,5.569782972335929,0.01489512471668347
2024-07-26 01:00:00,287.9999999999999,303.5415869951248,15.54158699512493,0.04156245902889907
2024-07-26 02:00:00,287.9999999999999,320.5133154988289,32.513315498829,0.08694950803528843
2024-07-26 03:00:00,287.9999999999999,339.84739422798157,51.84739422798168,0.13865412837386654
2024-07-26 04:00:00,287.9999999999999,349.8172804713249,61.817280471325034,0.16531633401874196
2024-07-26 05:00:00,287.9999999999999,360.15071868896484,72.15071868896496,0.1929507771861636
2024-07-26 06:00:00,287.9999999999999,360.15880286693573,72.15880286693584,0.19297239649156675
2024-07-26 07:00:00,290.99999999999983,374.72835034132004,83.72835034132021,0.22391253426757626
2024-07-26 08:00:00,331.99999999999983,380.4894483089447,48.48944830894487,0.1296740615554004
2024-07-26 09:00:00,377.99999999999994,386.829332113266,8.829332113266048,0.023612051608711087
2024-07-26 10:00:00,388.9999999999999,388.0037507414818,0.9962492585181053,0.002664243297850998
2024-07-26 11:00:00,380.0,368.7025988101959,11.297401189804077,0.030212344095333046
2024-07-26 12:00:00,380.0,379.0093946456909,0.990605354309082,0.002649149952652458
2024-07-26 13:00:00,383.99999999999994,382.42144882678986,1.5785511732100872,0.004221478056400855
2024-07-26 14:00:00,386.9999999999999,383.96478921175003,3.035210788249856,0.008116984711424769
2024-07-26 15:00:00,387.9999999999999,388.611096739769,0.6110967397690956,0.0016342400050467088
2024-07-26 16:00:00,384.9999999999999,384.30335104465485,0.6966489553450401,0.001863030054339751
2024-07-26 17:00:00,359.99999999999994,404.3873995542526,44.38739955425268,0.11870406001341371
2024-07-26 18:00:00,294.99999999999983,387.8668212890625,92.86682128906267,0.24835130776422568
2024-07-26 19:00:00,289.9999999999999,376.5019717812538,86.50197178125393,0.2313299574364638
2024-07-26 20:00:00,291.99999999999983,370.6708601117134,78.67086011171358,0.21038742061457424
2024-07-26 21:00:00,289.9999999999999,360.57864904403687,70.57864904403698,0.1887466325110805
2024-07-26 22:00:00,284.9999999999999,344.50110733509064,59.50110733509075,0.15912225286674825
2024-07-26 23:00:00,281.99999999999994,350.61280488967896,68.61280488967901,0.183489426979346
2024-07-27 00:00:00,280.99999999999994,296.3451638817787,15.345163881778774,0.041037169841679044
2024-07-27 01:00:00,282.99999999999994,296.19298070669174,13.192980706691799,0.03528164274748352
2024-07-27 02:00:00,283.9999999999999,315.9694468975067,31.969446897506828,0.08549505448002101
2024-07-27 03:00:00,282.99999999999994,324.8556697368622,41.85566973686224,0.1119335212749606
2024-07-27 04:00:00,282.99999999999994,326.0197028517723,43.019702851772365,0.11504646454529134
2024-07-27 05:00:00,282.99999999999994,347.9166430234909,64.91664302349096,0.17360487811211592
2024-07-27 06:00:00,318.0,337.00182259082794,19.001822590827942,0.05081607645045689
2024-07-27 07:00:00,336.0,349.01656329631805,13.016563296318054,0.034809854287724346
2024-07-27 08:00:00,325.9999999999999,348.578542470932,22.57854247093212,0.06038120474278054
2024-07-27 09:00:00,322.99999999999994,342.1178385615349,19.11783856153494,0.05112633492217667
2024-07-27 10:00:00,317.0,350.18095046281815,33.180950462818146,0.08873494673249249
2024-07-27 11:00:00,316.0,328.7705361843109,12.770536184310913,0.03415191042613527
2024-07-27 12:00:00,316.0,322.3648577928543,6.364857792854309,0.017021372484242216
2024-07-27 13:00:00,316.0,329.35076773166656,13.350767731666565,0.03570360845554556
2024-07-27 14:00:00,317.0,320.07585525512695,3.075855255126953,0.008225679144616225
2024-07-27 15:00:00,269.9999999999999,320.06192922592163,50.061929225921745,0.13387930608455162
2024-07-27 16:00:00,259.99999999999994,315.5337569117546,55.533756911754665,0.14851247154422856
2024-07-27 17:00:00,263.99999999999994,326.2503969669342,62.25039696693426,0.1664746061185697
2024-07-27 18:00:00,261.99999999999994,312.54916101694107,50.54916101694113,0.13518229730148282
2024-07-27 19:00:00,261.0,295.59956073760986,34.59956073760986,0.0925286990334963
2024-07-27 20:00:00,259.99999999999994,301.81623458862305,41.816234588623104,0.11182806089092764
2024-07-27 21:00:00,261.0,298.35399359464645,37.353993594646454,0.09989480667773797
2024-07-27 22:00:00,263.99999999999994,298.2598748803139,34.25987488031393,0.09162028604253293
2024-07-27 23:00:00,263.99999999999994,301.070955991745,37.07095599174505,0.09913788662974561
2024-07-28 00:00:00,263.99999999999994,268.5293662548065,4.529366254806575,0.012112765540052434
2024-07-28 01:00:00,263.99999999999994,270.1300039887428,6.130003988742885,0.016393309107302398
2024-07-28 02:00:00,263.99999999999994,284.3126320838928,20.31263208389288,0.05432153994445482
2024-07-28 03:00:00,263.99999999999994,294.07067745923996,30.070677459240017,0.08041722510467827
2024-07-28 04:00:00,263.99999999999994,298.54603707790375,34.546037077903804,0.0923855621122599
2024-07-28 05:00:00,263.99999999999994,311.7969489097595,47.79694890975958,0.12782212855041164
2024-07-28 06:00:00,263.99999999999994,306.5382796525955,42.53827965259558,0.11375900709338355
2024-07-28 07:00:00,263.99999999999994,319.98492300510406,55.98492300510412,0.14971901321052988
2024-07-28 08:00:00,261.0,327.37365514039993,66.37365514039993,0.17750132745365577
2024-07-28 09:00:00,297.0,331.9344887137413,34.9344887137413,0.093424388147482
2024-07-28 10:00:00,318.99999999999994,338.1531688570976,19.153168857097683,0.05122081780621329
2024-07-28 11:00:00,313.99999999999983,325.01446187496185,11.014461874962024,0.029455686896523402
2024-07-28 12:00:00,278.0,326.2551176548004,48.255117654800415,0.12904739722471464
2024-07-28 13:00:00,258.0,335.1249361038208,77.1249361038208,0.20625319653179622
2024-07-28 14:00:00,258.99999999999994,331.763511300087,72.76351130008703,0.19458955241555057
2024-07-28 15:00:00,256.0,337.46875762939453,81.46875762939453,0.21786976466233138
2024-07-28 16:00:00,262.99999999999994,336.29401445388794,73.294014453888,0.19600826310458577
2024-07-28 17:00:00,259.99999999999994,357.9230260848999,97.92302608489996,0.261872983815367
2024-07-28 18:00:00,261.0,351.34468853473663,90.34468853473663,0.24160643420015515
2024-07-28 19:00:00,263.99999999999994,350.29038190841675,86.2903819084168,0.23076410818159163
2024-07-28 20:00:00,262.99999999999994,359.7949853539467,96.79498535394674,0.2588562940347237
2024-07-28 21:00:00,263.99999999999994,360.17314195632935,96.1731419563294,0.2571933145240747
2024-07-28 22:00:00,279.0,359.7265648841858,80.72656488418579,0.21588493804366235
2024-07-28 23:00:00,280.0,367.1285444498062,87.12854444980621,0.23300558431250298
2024-07-29 00:00:00,280.0,340.1104545593262,60.11045455932617,0.16075181418822734
2024-07-29 01:00:00,280.0,339.94452238082886,59.94452238082886,0.16030806610944143
2024-07-29 02:00:00,280.0,354.106467962265,74.10646796226501,0.19818098624189454
2024-07-29 03:00:00,280.0,353.1366616487503,73.1366616487503,0.19558745861926075
2024-07-29 04:00:00,280.0,354.0141785144806,74.01417851448059,0.19793417898897095
2024-07-29 05:00:00,308.9999999999999,404.29369390010834,95.29369390010845,0.2548414296222179
2024-07-29 06:00:00,380.99999999999994,383.8576000928879,2.8576000928879353,0.007642005080876766
2024-07-29 07:00:00,382.99999999999994,424.37021881341934,41.3702188134194,0.11063529258554405
2024-07-29 08:00:00,430.9999999999999,449.1848686337471,18.184868633747215,0.04863131788105754
2024-07-29 09:00:00,442.99999999999994,437.796533703804,5.203466296195927,0.013915493624411676
2024-07-29 10:00:00,441.99999999999994,461.8513888120651,19.85138881206518,0.05308804914369507
2024-07-29 11:00:00,443.9999999999999,432.2818851470947,11.71811485290516,0.03133744762504476
2024-07-29 12:00:00,443.9999999999999,474.47787165641785,30.47787165641796,0.0815061738807796
2024-07-29 13:00:00,443.9999999999999,473.0669170618057,29.06691706180584,0.07773289496475912
2024-07-29 14:00:00,440.99999999999994,476.9844979047775,35.984497904777584,0.09623240022476226
2024-07-29 15:00:00,437.99999999999994,494.9639457464218,56.96394574642187,0.1523371880846366
2024-07-29 16:00:00,400.99999999999994,505.5858474969864,104.58584749698645,0.2796911926021261
2024-07-29 17:00:00,347.9999999999999,545.9624809026718,197.96248090267193,0.5294058775566103
2024-07-29 18:00:00,311.9999999999999,549.6987283229828,237.6987283229829,0.6356714832432705
2024-07-29 19:00:00,286.99999999999994,527.8297287225723,240.82972872257238,0.6440446356033367
2024-07-29 20:00:00,279.0,502.97129452228546,223.97129452228546,0.598960566585121
2024-07-29 21:00:00,279.0,504.7734171152115,225.7734171152115,0.603779935833386
2024-07-29 22:00:00,276.0,519.3074119091034,243.3074119091034,0.6506706388524958
2024-07-29 23:00:00,274.0,486.2050634622574,212.20506346225739,0.5674944430476485
2024-07-30 00:00:00,276.0,330.9049952030182,54.90499520301819,0.14683099057536111
2024-07-30 01:00:00,276.0,337.51684963703156,61.516849637031555,0.16451289970760904
2024-07-30 02:00:00,271.99999999999983,368.99590104818344,96.99590104818361,0.25939359761334807
2024-07-30 03:00:00,276.0,378.84481966495514,102.84481966495514,0.2750352074727006
2024-07-30 04:00:00,272.99999999999983,400.3470513224602,127.34705132246035,0.34056088382101024
2024-07-30 05:00:00,316.0,407.42362797260284,91.42362797260284,0.2444918136787788
2024-07-30 06:00:00,371.0,398.1906706094742,27.190670609474182,0.07271529822077069
2024-07-30 07:00:00,384.9999999999999,414.2895144224167,29.2895144224168,0.07832818125587188
2024-07-30 08:00:00,421.99999999999994,416.5491306781769,5.450869321823063,0.014577117055756171
2024-07-30 09:00:00,432.99999999999983,421.86073064804077,11.139269351959058,0.029789456263243586
2024-07-30 10:00:00,427.9999999999999,407.0161145925522,20.9838854074477,0.05611665512587168
2024-07-30 11:00:00,421.99999999999994,406.0586705803871,15.941329419612828,0.04263147972447556
2024-07-30 12:00:00,430.9999999999999,400.7397535443306,30.26024645566929,0.08092418450655356
2024-07-30 13:00:00,428.99999999999983,425.8364349603653,3.163565039634534,0.008460239123991136
2024-07-30 14:00:00,423.99999999999994,420.4825848340988,3.5174151659011272,0.009406531248465895
2024-07-30 15:00:00,423.99999999999994,435.90595722198486,11.90595722198492,0.031839789552623836
2024-07-30 16:00:00,399.99999999999994,452.7304297685623,52.730429768562374,0.14101560719118159
2024-07-30 17:00:00,344.9999999999999,477.0258039236069,132.025803923607,0.35307314935428624
2024-07-30 18:00:00,336.0,475.32039642333984,139.32039642333984,0.37258088701310854
2024-07-30 19:00:00,336.0,463.1294560432434,127.12945604324341,0.3399789744651528
2024-07-30 20:00:00,329.9999999999999,469.2377606034279,139.237760603428,0.37235989620435245
2024-07-30 21:00:00,283.9999999999999,467.05099046230316,183.05099046230328,0.48952846924032656
2024-07-30 22:00:00,278.0,454.81281369924545,176.81281369924545,0.4728458765159832
2024-07-30 23:00:00,280.0,448.8749849796295,168.87498497962952,0.45161794908225694
2024-07-31 00:00:00,279.0,346.19527369737625,67.19527369737625,0.17969856044037863
2024-07-31 01:00:00,280.0,354.4168531894684,74.41685318946838,0.19901104132525652
2024-07-31 02:00:00,280.0,385.2931612730026,105.29316127300262,0.28158274330704897
2024-07-31 03:00:00,277.0,397.6013517379761,120.60135173797607,0.32252103610858973
2024-07-31 04:00:00,321.0,419.71219807863235,98.71219807863235,0.2639834458078615
2024-07-31 05:00:00,371.9999999999999,428.4515190124512,56.451519012451286,0.15096681869168813
2024-07-31 06:00:00,424.99999999999994,421.6124224662781,3.387577533721867,0.009059309869493947
2024-07-31 07:00:00,440.0,442.1823477745056,2.1823477745056152,0.0058361954923361785
2024-07-31 08:00:00,479.99999999999994,445.933258831501,34.066741168498936,0.09110379361567024
2024-07-31 09:00:00,496.0,452.3635733127594,43.6364266872406,0.11669575294497887
2024-07-31 10:00:00,491.99999999999983,444.69015419483185,47.30984580516798,0.12651948147622363
2024-07-31 11:00:00,487.99999999999983,432.51588374376297,55.48411625623686,0.14837971883938741
2024-07-31 12:00:00,487.99999999999983,434.8918354511261,53.10816454887373,0.14202577342037076
2024-07-31 13:00:00,453.0,449.83328461647034,3.166715383529663,0.008468664006154671
2024-07-31 14:00:00,436.0,444.4350305199623,8.43503051996231,0.022557581185461723
2024-07-31 15:00:00,437.99999999999994,453.5076320171356,15.507632017135677,0.041471654120626304
2024-07-31 16:00:00,438.99999999999994,458.79238307476044,19.792383074760494,0.05293025164592567
2024-07-31 17:00:00,403.9999999999999,479.4752508401871,75.47525084018719,0.20184148644055147
2024-07-31 18:00:00,350.99999999999983,468.64717304706573,117.6471730470659,0.3146207534126517
2024-07-31 19:00:00,340.0,449.74937438964844,109.74937438964844,0.2934998773257776
2024-07-31 20:00:00,339.0,447.64828473329544,108.64828473329544,0.2905552620980231
2024-07-31 21:00:00,335.0,439.11655604839325,104.11655604839325,0.27843617877304383
2024-07-31 22:00:00,270.9999999999999,420.22412717342377,149.22412717342388,0.3990661747551347
2024-07-31 23:00:00,263.99999999999994,421.1086070537567,157.10860705375677,0.4201514327853028
2024-08-01 00:00:00,263.99999999999994,317.4265757203102,53.42657572031027,0.1428772920761764
2024-08-01 01:00:00,264.99999999999994,338.0178326368332,73.01783263683325,0.19526967730511333
2024-08-01 02:00:00,267.9999999999999,346.02010667324066,78.02010667324078,0.2086471277388901
2024-08-01 03:00:00,305.99999999999994,383.7350392341614,77.73503923416143,0.20788477935317345
2024-08-01 04:00:00,363.99999999999994,390.4720804095268,26.472080409526882,0.07079359127068596
2024-08-01 05:00:00,410.99999999999983,390.2963823080063,20.703617691993543,0.055367142515329364
2024-08-01 06:00:00,463.9999999999999,404.3967819213867,59.60321807861317,0.1593953249536202
2024-08-01 07:00:00,481.99999999999994,407.2192516922951,74.78074830770487,0.19998419650865346
2024-08-01 08:00:00,481.99999999999994,418.18086594343185,63.81913405656809,0.17066983862831742
2024-08-01 09:00:00,479.99999999999994,435.7956701517105,44.20432984828943,0.11821448149379941
2024-08-01 10:00:00,479.99999999999994,423.9948946237564,56.005105376243534,0.14977298639704237
2024-08-01 11:00:00,479.99999999999994,410.1612138748169,69.83878612518305,0.18676803648600832
2024-08-01 12:00:00,479.99999999999994,435.90489506721497,44.09510493278498,0.11792238416313344
2024-08-01 13:00:00,480.99999999999994,417.69844114780426,63.30155885219568,0.1692857008158244
2024-08-01 14:00:00,479.99999999999994,431.7585378885269,48.24146211147303,0.12901087856286628
2024-08-01 15:00:00,479.99999999999994,430.71473479270935,49.28526520729059,0.13180229384225597
2024-08-01 16:00:00,479.99999999999994,418.281210064888,61.71878993511194,0.16505294335745524
2024-08-01 17:00:00,479.99999999999994,442.5993025302887,37.40069746971125,0.10001970562753507
2024-08-01 18:00:00,479.99999999999994,420.5615383386612,59.43846166133875,0.15895472118227663
2024-08-01 19:00:00,479.99999999999994,416.4382240176201,63.56177598237986,0.16998159267135304
2024-08-01 20:00:00,479.99999999999994,395.8394730091095,84.16052699089045,0.2250682929617588
2024-08-01 21:00:00,478.99999999999994,381.51466369628906,97.48533630371088,0.2607024814976986
2024-08-01 22:00:00,477.99999999999994,359.8232504725456,118.17674952745432,0.3160369859232516
2024-08-01 23:00:00,479.99999999999994,364.1401129961014,115.85988700389856,0.3098410611608008
2024-08-02 00:00:00,479.99999999999994,407.2751623392105,72.72483766078943,0.19448612851493416
2024-08-02 01:00:00,479.99999999999994,416.1495244503021,63.85047554969782,0.1707536543624839
2024-08-02 02:00:00,479.99999999999994,444.1628238558769,35.83717614412302,0.0958384214989609
2024-08-02 03:00:00,482.99999999999994,456.0911464691162,26.908853530883732,0.07196164218897459
2024-08-02 04:00:00,481.99999999999994,473.91357243061066,8.086427569389286,0.021625321445507915
2024-08-02 05:00:00,482.99999999999994,481.4031797647476,1.5968202352523235,0.0042703345305090045
2024-08-02 06:00:00,482.99999999999994,474.44523990154266,8.55476009845728,0.022877770861220413
2024-08-02 07:00:00,481.99999999999994,493.0092269182205,11.009226918220577,0.029441687188826067
2024-08-02 08:00:00,479.99999999999994,493.96619886159897,13.966198861599025,0.037349439806677875
2024-08-02 09:00:00,475.0,497.7831995487213,22.783199548721313,0.06092851380544291
2024-08-02 10:00:00,472.0,489.6963956952095,17.696395695209503,0.04732500749582674
2024-08-02 11:00:00,472.0,475.0436756014824,3.0436756014823914,0.008139621939738384
2024-08-02 12:00:00,472.0,472.96495020389557,0.9649502038955688,0.0025805410558727175
2024-08-02 13:00:00,472.0,483.2998341321945,11.299834132194519,0.030218850449443096
2024-08-02 14:00:00,472.0,474.99390184879303,2.99390184879303,0.008006513296617506
2024-08-02 15:00:00,473.0,480.389087498188,7.389087498188019,0.01976044315813587
2024-08-02 16:00:00,482.99999999999994,480.55640637874603,2.4435936212539104,0.006534838417627656
2024-08-02 17:00:00,483.99999999999994,493.5319250822067,9.531925082206783,0.025490977582921556
2024-08-02 18:00:00,483.99999999999994,481.0109496116638,2.989050388336125,0.007993539162989217
2024-08-02 19:00:00,484.9999999999999,459.06978249549866,25.93021750450123,0.06934450149649023
2024-08-02 20:00:00,484.9999999999999,457.98133939504623,27.018660604953652,0.07225529637104403
2024-08-02 21:00:00,481.99999999999994,449.55446898937225,32.44553101062769,0.08676823375393315
2024-08-02 22:00:00,430.9999999999999,430.88237822055817,0.11762177944171981,0.00031455284395899525
2024-08-02 23:00:00,354.0,431.74042224884033,77.74042224884033,0.2078991750083349
2024-08-03 00:00:00,287.9999999999999,371.04975432157516,83.04975432157528,0.22209778270606134
2024-08-03 01:00:00,268.9999999999999,387.0566037297249,118.056603729725,0.31571568316329623
2024-08-03 02:00:00,275.0,408.6876806616783,133.6876806616783,0.3575174627862952
2024-08-03 03:00:00,275.0,432.13696002960205,157.13696002960205,0.4202272564059721
2024-08-03 04:00:00,276.0,444.98209923505783,168.98209923505783,0.4519044019299646
2024-08-03 05:00:00,272.99999999999983,444.90453243255615,171.90453243255632,0.45971978848436384
2024-08-03 06:00:00,268.9999999999999,445.29186487197876,176.29186487197887,0.4714527167121477
2024-08-03 07:00:00,304.99999999999994,447.3972326517105,142.39723265171057,0.38080918954877646
2024-08-03 08:00:00,356.0,440.17900586128235,84.17900586128235,0.22511771052084106
2024-08-03 09:00:00,367.9999999999999,438.4679040312767,70.46790403127682,0.18845047002413867
2024-08-03 10:00:00,363.99999999999994,421.2668091058731,57.266809105873165,0.15314712763408528
2024-08-03 11:00:00,369.99999999999983,405.043221116066,35.04322111606615,0.09371516836305185
2024-08-03 12:00:00,326.9999999999999,400.01492142677307,73.01492142677318,0.19526189193230142
2024-08-03 13:00:00,317.0,400.0548702478409,83.05487024784088,0.22211146409367483
2024-08-03 14:00:00,321.0,402.7733963727951,81.7733963727951,0.218684452074574
2024-08-03 15:00:00,267.9999999999999,407.8427070379257,139.84270703792583,0.37397768860910374
2024-08-03 16:00:00,258.99999999999994,408.6495316028595,149.64953160285955,0.4002038226783924
2024-08-03 17:00:00,259.99999999999994,417.70977079868317,157.70977079868322,0.4217591092424113
2024-08-03 18:00:00,262.99999999999994,409.7293299436569,146.72932994365698,0.39239440386840846
2024-08-03 19:00:00,259.99999999999994,407.0379477739334,147.03794777393347,0.3932197324484613
2024-08-03 20:00:00,261.0,404.72221434116364,143.72221434116364,0.3843525533763707
2024-08-03 21:00:00,259.99999999999994,391.4587926864624,131.45879268646246,0.3515568060542013
2024-08-03 22:00:00,258.0,382.2688230872154,124.26882308721542,0.3323288586778187
2024-08-03 23:00:00,256.0,384.5016199350357,128.5016199350357,0.3436485164206456
2024-08-04 00:00:00,256.0,256.54607713222504,0.5460771322250366,0.0014603597716141305
2024-08-04 01:00:00,256.0,257.5314322113991,1.5314322113990784,0.004095469050990493
2024-08-04 02:00:00,256.0,271.03463530540466,15.034635305404663,0.04020673140338444
2024-08-04 03:00:00,258.99999999999994,281.4948830008507,22.494883000850734,0.060157476413187964
2024-08-04 04:00:00,259.99999999999994,284.13271486759186,24.132714867591915,0.0645374872755927
2024-08-04 05:00:00,259.99999999999994,299.8318934440613,39.831893444061336,0.10652138934277251
2024-08-04 06:00:00,259.99999999999994,294.54251021146774,34.5425102114678,0.09237613030572735
2024-08-04 07:00:00,259.99999999999994,308.205951154232,48.20595115423208,0.12891591254003562
2024-08-04 08:00:00,259.99999999999994,315.0519222021103,55.05192220211035,0.1472239136006559
2024-08-04 09:00:00,304.99999999999994,318.1189236044884,13.11892360448843,0.035083593778797634
2024-08-04 10:00:00,361.99999999999994,327.6149708032608,34.38502919673914,0.09195498295285132
2024-08-04 11:00:00,375.0,311.68554067611694,63.31445932388306,0.16932020020936303
2024-08-04 12:00:00,335.0,315.85420310497284,19.14579689502716,0.05120110316113781
2024-08-04 13:00:00,279.0,324.56027269363403,45.56027269363403,0.121840643929646
2024-08-04 14:00:00,261.99999999999994,322.6879298686981,60.68792986869818,0.16229614128259057
2024-08-04 15:00:00,263.99999999999994,329.3088126182556,65.30881261825567,0.17465364698751462
2024-08-04 16:00:00,263.99999999999994,326.55623853206635,62.5562385320664,0.1672925102054642
2024-08-04 17:00:00,263.99999999999994,347.2429418563843,83.24294185638433,0.22261441907034732
2024-08-04 18:00:00,263.99999999999994,338.2631903886795,74.26319038867956,0.19860010492191144
2024-08-04 19:00:00,304.99999999999994,334.6265199780464,29.626519978046474,0.07922942638629281
2024-08-04 20:00:00,325.9999999999999,340.2896046638489,14.28960466384899,0.038214315472846254
2024-08-04 21:00:00,285.99999999999994,337.74361968040466,51.74361968040472,0.1383766068193906
2024-08-04 22:00:00,272.99999999999983,335.3419107198715,62.34191071987169,0.16671933895108132
2024-08-04 23:00:00,276.0,342.4455723166466,66.44557231664658,0.17769365367440548
2024-08-05 00:00:00,276.0,284.0686905384064,8.068690538406372,0.021577887768126518
2024-08-05 01:00:00,276.0,285.16825675964355,9.168256759643555,0.024518428913253273
2024-08-05 02:00:00,276.0,291.8610414862633,15.861041486263275,0.04241676780725613
2024-08-05 03:00:00,276.0,317.2306966781616,41.23069667816162,0.11026217219365005
2024-08-05 04:00:00,315.0,309.2107790708542,5.789220929145813,0.015481961896963515
2024-08-05 05:00:00,358.99999999999994,340.3133261203766,18.686673879623356,0.04997328250659777
2024-08-05 06:00:00,377.99999999999994,343.16155314445496,34.83844685554499,0.09316754592167868
2024-08-05 07:00:00,387.9999999999999,347.375091612339,40.62490838766087,0.1086421284354404
2024-08-05 08:00:00,387.9999999999999,373.75199407339096,14.248005926608926,0.038103069059417786
2024-08-05 09:00:00,385.9999999999999,370.3317081928253,15.668291807174569,0.04190130238905459
2024-08-05 10:00:00,386.9999999999999,367.62551486492157,19.374485135078316,0.05181267813160245
2024-08-05 11:00:00,387.9999999999999,373.1375965476036,14.86240345239628,0.039746136270057464
2024-08-05 12:00:00,385.9999999999999,386.09738945961,0.09738945961009904,0.0002604460809672175
2024-08-05 13:00:00,384.9999999999999,406.47860527038574,21.478605270385856,0.05743967149740436
2024-08-05 14:00:00,387.9999999999999,406.0735112428665,18.07351124286663,0.04833351772734794
2024-08-05 15:00:00,385.9999999999999,426.6282123327255,40.62821233272564,0.10865096408918871
2024-08-05 16:00:00,389.9999999999999,425.71593940258026,35.715939402580375,0.09551420125654009
2024-08-05 17:00:00,395.0,461.76216781139374,66.76216781139374,0.1785403167135977
2024-08-05 18:00:00,394.0,452.3733687400818,58.37336874008179,0.15610637108034697
2024-08-05 19:00:00,410.99999999999983,439.46034014225006,28.46034014225023,0.0761107421965242
2024-08-05 20:00:00,398.0,428.0634194612503,30.063419461250305,0.0803978152307591
2024-08-05 21:00:00,393.0,428.4696936607361,35.469693660736084,0.09485567271890397
2024-08-05 22:00:00,388.9999999999999,419.91353541612625,30.913535416126365,0.0826712580622687
2024-08-05 23:00:00,391.99999999999983,407.3629081249237,15.362908124923877,0.04108462280635688
2024-08-06 00:00:00,391.99999999999983,358.6337551474571,33.36624485254271,0.08923047466561976
2024-08-06 01:00:00,391.99999999999983,373.40322375297546,18.596776247024366,0.04973287162237709
2024-08-06 02:00:00,389.9999999999999,406.5474683046341,16.547468304634208,0.04425246106842879
2024-08-06 03:00:00,388.9999999999999,426.22789800167084,37.22789800167095,0.09955759253619548
2024-08-06 04:00:00,389.9999999999999,453.27681988477707,63.27681988477718,0.16921954204323114
2024-08-06 05:00:00,427.9999999999999,453.70501577854156,25.70501577854168,0.06874225041934043
2024-08-06 06:00:00,480.99999999999994,451.4000219106674,29.599978089332524,0.07915844610850205
2024-08-06 07:00:00,497.0,466.2921988964081,30.70780110359192,0.08212106817894252
2024-08-06 08:00:00,496.0,466.4759811758995,29.524018824100494,0.07895531023505091
2024-08-06 09:00:00,498.0,476.60660684108734,21.39339315891266,0.05721179097960514
2024-08-06 10:00:00,459.99999999999994,460.52723586559296,0.5272358655930134,0.0014099730657589518
2024-08-06 11:00:00,403.9999999999999,445.1959463953972,41.1959463953973,0.11016924042264829
2024-08-06 12:00:00,390.99999999999983,450.7024222612381,59.70242226123827,0.1596606241008144
2024-08-06 13:00:00,391.99999999999983,450.93143463134766,58.93143463134783,0.15759879207624952
2024-08-06 14:00:00,391.99999999999983,451.23046070337296,59.230460703373126,0.15839846966844282
2024-08-06 15:00:00,391.99999999999983,453.9810875058174,61.981087505817584,0.16575439888057864
2024-08-06 16:00:00,391.99999999999983,455.8348721265793,63.834872126579455,0.17071192653673029
2024-08-06 17:00:00,391.99999999999983,475.14490485191345,83.14490485191362,0.22235224127712014
2024-08-06 18:00:00,391.99999999999983,463.4247350692749,71.42473506927507,0.19100929820731302
2024-08-06 19:00:00,391.99999999999983,451.72512978315353,59.725129783153704,0.15972135023190734
2024-08-06 20:00:00,391.99999999999983,445.3622916340828,53.362291634082965,0.1427053788281361
2024-08-06 21:00:00,391.99999999999983,432.2626483440399,40.26264834404009,0.10767334588926164
2024-08-06 22:00:00,391.99999999999983,414.96498584747314,22.964985847473315,0.061414660142767745
2024-08-06 23:00:00,389.9999999999999,419.73347067832947,29.73347067832958,0.07951544184275958
2024-08-07 00:00:00,390.99999999999983,372.3380595445633,18.661940455436536,0.049907138558123815
2024-08-07 01:00:00,387.9999999999999,382.88764625787735,5.1123537421225365,0.013671833707513775
2024-08-07 02:00:00,387.9999999999999,418.5290461778641,30.52904617786419,0.08164302856309741
2024-08-07 03:00:00,388.9999999999999,432.50588178634644,43.50588178634655,0.11634664013580805
2024-08-07 04:00:00,387.9999999999999,458.97300839424133,70.97300839424145,0.18980125739209672
2024-08-07 05:00:00,388.9999999999999,463.44892859458923,74.44892859458935,0.1990968197410382
2024-08-07 06:00:00,390.99999999999983,456.1982470750809,65.19824707508104,0.17435796445138463
2024-08-07 07:00:00,388.9999999999999,474.6011111140251,85.60111111402523,0.22892080934983763
2024-08-07 08:00:00,387.9999999999999,475.7554668188095,87.75546681880962,0.2346821463832991
2024-08-07 09:00:00,390.99999999999983,485.7105714082718,94.71057140827196,0.25328200041570337
2024-08-07 10:00:00,391.99999999999983,471.44187927246094,79.44187927246111,0.21244933696128435
2024-08-07 11:00:00,387.9999999999999,459.8953717947006,71.89537179470074,0.1922679096749923
2024-08-07 12:00:00,384.9999999999999,463.3175164461136,78.3175164461137,0.20944248290459502
2024-08-07 13:00:00,383.99999999999994,471.168315410614,87.16831541061407,0.23311194275129274
2024-08-07 14:00:00,383.99999999999994,467.35458970069885,83.35458970069891,0.22291299597606776
2024-08-07 15:00:00,386.9999999999999,472.76747792959213,85.76747792959225,0.22936571976715484
2024-08-07 16:00:00,387.9999999999999,478.1841427087784,90.1841427087785,0.24117709070288304
2024-08-07 17:00:00,387.9999999999999,498.4954333305359,110.495433330536,0.2954950432102854
2024-08-07 18:00:00,386.9999999999999,487.48802840709686,100.48802840709698,0.2687325023419361
2024-08-07 19:00:00,387.9999999999999,468.5413411259651,80.54134112596523,0.21538959899851623
2024-08-07 20:00:00,387.9999999999999,464.77588444948196,76.77588444948208,0.20531973683511445
2024-08-07 21:00:00,387.9999999999999,455.126473903656,67.12647390365612,0.1795145709540677
2024-08-07 22:00:00,387.9999999999999,437.02526181936264,49.025261819362754,0.131106973592045
2024-08-07 23:00:00,387.9999999999999,437.1781826019287,49.178182601928825,0.13151592563549225
2024-08-08 00:00:00,387.9999999999999,355.43522357940674,32.56477642059315,0.08708712863047494
2024-08-08 01:00:00,387.9999999999999,367.8881621360779,20.111837863922005,0.05378456122127829
2024-08-08 02:00:00,326.9999999999999,401.8763181567192,74.87631815671932,0.20023977645266477
2024-08-08 03:00:00,387.9999999999999,417.2264313697815,29.226431369781608,0.07815947990050896
2024-08-08 04:00:00,387.9999999999999,445.1367312669754,57.13673126697552,0.15279926387657794
2024-08-08 05:00:00,387.9999999999999,449.22738432884216,61.22738432884228,0.16373879021572263
2024-08-08 06:00:00,387.9999999999999,444.4586044549942,56.458604454994315,0.15098576710509587
2024-08-08 07:00:00,380.99999999999994,463.79106044769287,82.79106044769293,0.22140596445496286
2024-08-08 08:00:00,380.0,466.1366817355156,86.1366817355156,0.23035307183498524
2024-08-08 09:00:00,380.0,472.1848565340042,92.18485653400421,0.24652754728209722
2024-08-08 10:00:00,385.9999999999999,456.18308186531067,70.18308186531078,0.18768877756588465
2024-08-08 11:00:00,387.9999999999999,446.82726860046387,58.82726860046398,0.1573202235882199
2024-08-08 12:00:00,386.9999999999999,445.72398483753204,58.72398483753216,0.15704401452626562
2024-08-08 13:00:00,387.9999999999999,463.4379529953003,75.4379529953004,0.20174174179089252
2024-08-08 14:00:00,385.9999999999999,458.63474160432816,72.63474160432827,0.1942451869909761
2024-08-08 15:00:00,387.9999999999999,469.6781122684479,81.67811226844799,0.21842963629004217
2024-08-08 16:00:00,380.99999999999994,479.65327978134155,98.65327978134161,0.26382588214863106
2024-08-08 17:00:00,380.0,501.28022611141205,121.28022611141205,0.3243365320640898
2024-08-08 18:00:00,380.0,493.19244861602783,113.19244861602783,0.30270760054685153
2024-08-08 19:00:00,376.0,477.25145280361176,101.25145280361176,0.270774108209584
2024-08-08 20:00:00,377.99999999999994,475.5593517422676,97.55935174226767,0.2609004190463857
2024-08-08 21:00:00,380.0,466.1274468898773,86.12744688987732,0.230328375329178
2024-08-08 22:00:00,386.9999999999999,445.26153445243835,58.26153445243847,0.15580729557411588
2024-08-08 23:00:00,387.9999999999999,445.327388048172,57.32738804817211,0.15330913231276472
2024-08-09 00:00:00,387.9999999999999,336.40498012304306,51.595019876956826,0.13797921025722207
2024-08-09 01:00:00,387.9999999999999,362.63480365276337,25.36519634723652,0.06783348021490283
2024-08-09 02:00:00,387.9999999999999,380.74938118457794,7.250618815421944,0.019390139986647924
2024-08-09 03:00:00,387.9999999999999,416.6762351989746,28.676235198974723,0.0766881046919031
2024-08-09 04:00:00,391.99999999999983,438.81924122571945,46.81924122571962,0.12520747049953837
2024-08-09 05:00:00,388.9999999999999,430.26526629924774,41.265266299247855,0.11035462082585806
2024-08-09 06:00:00,387.9999999999999,443.9763271808624,55.97632718086254,0.1496960256229063
2024-08-09 07:00:00,386.9999999999999,452.6571115851402,65.65711158514034,0.17558509379185275
2024-08-09 08:00:00,388.9999999999999,456.9233447313309,67.92334473133099,0.1816456217365232
2024-08-09 09:00:00,390.99999999999983,472.5369608402252,81.53696084022539,0.2180521587226475
2024-08-09 10:00:00,389.9999999999999,455.80920338630676,65.80920338630688,0.17599182891205625
2024-08-09 11:00:00,391.99999999999983,433.35834950208664,41.35834950208681,0.1106035507971336
2024-08-09 12:00:00,386.9999999999999,450.44650197029114,63.44650197029125,0.16967331840013272
2024-08-09 13:00:00,378.99999999999994,432.0447885990143,53.04478859901434,0.14185628877763287
2024-08-09 14:00:00,383.99999999999994,442.4146056175232,58.41460561752325,0.15621664978159402
2024-08-09 15:00:00,380.0,438.08508574962616,58.08508574962616,0.15533542342980786
2024-08-09 16:00:00,380.0,427.66404926776886,47.66404926776886,0.12746671851880242
2024-08-09 17:00:00,380.0,446.8895226716995,66.88952267169952,0.1788808984807783
2024-08-09 18:00:00,380.0,427.42087483406067,47.42087483406067,0.1268164035000696
2024-08-09 19:00:00,380.0,427.4444782733917,47.444478273391724,0.12687952555964085
2024-08-09 20:00:00,378.99999999999994,411.43668472766876,32.43668472766882,0.08674457637112203
2024-08-09 21:00:00,380.0,392.6967340707779,12.696734070777893,0.033954543366971714
2024-08-09 22:00:00,339.0,369.31611120700836,30.316111207008362,0.0810735821478252
2024-08-09 23:00:00,280.99999999999994,383.030948638916,102.03094863891607,0.2728586935050365
2024-08-10 00:00:00,266.9999999999999,290.67824363708496,23.678243637085075,0.063322106767561
2024-08-10 01:00:00,267.9999999999999,308.625944852829,40.62594485282909,0.10864490022709222
2024-08-10 02:00:00,267.9999999999999,332.3893564939499,64.38935649395,0.172194769557088
2024-08-10 03:00:00,267.9999999999999,361.3074052333832,93.30740523338329,0.24952954986655157
2024-08-10 04:00:00,276.0,379.19668793678284,103.19668793678284,0.2759761995757591
2024-08-10 05:00:00,280.0,379.0734189748764,99.0734189748764,0.26494944938942844
2024-08-10 06:00:00,270.9999999999999,383.09532701969147,112.09532701969158,0.2997735969980666
2024-08-10 07:00:00,261.99999999999994,385.5308184027672,123.53081840276724,0.33035523208034606
2024-08-10 08:00:00,259.99999999999994,381.57803893089294,121.578038930893,0.3251329650867818
2024-08-10 09:00:00,259.99999999999994,386.5821450948715,126.58214509487158,0.3385153151313339
2024-08-10 10:00:00,299.0,373.7289807200432,74.72898072004318,0.1998457558048895
2024-08-10 11:00:00,318.0,349.4241061806679,31.424106180667877,0.08403666408478537
2024-08-10 12:00:00,316.0,357.662798166275,41.662798166275024,0.11141772988551724
2024-08-10 13:00:00,316.0,343.0053573846817,27.0053573846817,0.07221971991751462
2024-08-10 14:00:00,316.0,353.0509811639786,37.05098116397858,0.09908446847103931
2024-08-10 15:00:00,277.0,351.1012190580368,74.1012190580368,0.1981669492347987
2024-08-10 16:00:00,258.0,345.5890488624573,87.58904886245728,0.2342370992015192
2024-08-10 17:00:00,259.99999999999994,362.15550631284714,102.1555063128472,0.2731917948299605
2024-08-10 18:00:00,259.99999999999994,349.5241552591324,89.52415525913244,0.23941210355297962
2024-08-10 19:00:00,259.99999999999994,354.11555528640747,94.11555528640753,0.2516907643859284
2024-08-10 20:00:00,259.99999999999994,345.84381848573685,85.8438184857369,0.22956987531690667
2024-08-10 21:00:00,259.99999999999994,328.26860904693604,68.26860904693609,0.18256895305242932
2024-08-10 22:00:00,259.99999999999994,321.9239455461502,61.923945546150264,0.16560158563452795
2024-08-10 23:00:00,259.99999999999994,333.8566052913666,73.85660529136663,0.19751278504562528
2024-08-11 00:00:00,259.99999999999994,266.5754145383835,6.575414538383541,0.017584458873815052
2024-08-11 01:00:00,259.99999999999994,264.9601721763611,4.960172176361141,0.013264858532205376
2024-08-11 02:00:00,238.99999999999997,278.2027933001518,39.20279330015185,0.10483900330558635
2024-08-11 03:00:00,259.99999999999994,285.8541136980057,25.854113698005733,0.0691409790801241
2024-08-11 04:00:00,259.99999999999994,286.6322600841522,26.63226008415228,0.07122195557903933
2024-08-11 05:00:00,300.99999999999994,302.6788517832756,1.678851783275661,0.004489709350781001
2024-08-11 06:00:00,353.0,295.41268050670624,57.58731949329376,0.15400426016821345
2024-08-11 07:00:00,403.9999999999999,309.88046765327454,94.11953234672535,0.2517014001341674
2024-08-11 08:00:00,419.99999999999994,317.43958711624146,102.56041288375849,0.2742746258670554
2024-08-11 09:00:00,417.0,323.76374512910843,93.23625487089157,0.2493392743157419
2024-08-11 10:00:00,416.0,335.47692239284515,80.52307760715485,0.2153407573485278
2024-08-11 11:00:00,416.0,320.76696395874023,95.23303604125977,0.2546792138990765
2024-08-11 12:00:00,416.0,327.29535073041916,88.70464926958084,0.23722052014998737
2024-08-11 13:00:00,416.0,333.20205241441727,82.79794758558273,0.22142438254743058
2024-08-11 14:00:00,416.0,330.87020963430405,85.12979036569595,0.22766036861762345
2024-08-11 15:00:00,416.0,335.7829114794731,80.21708852052689,0.214522458748761
2024-08-11 16:00:00,378.99999999999994,331.49142265319824,47.5085773468017,0.1270509440327497
2024-08-11 17:00:00,327.9999999999999,352.07253009080887,24.072530090808982,0.06437653670342858
2024-08-11 18:00:00,275.0,342.7202868461609,67.72028684616089,0.18110258935279533
2024-08-11 19:00:00,254.99999999999983,337.2954788804054,82.2954788804056,0.22008064365005933
2024-08-11 20:00:00,261.99999999999994,343.2177883386612,81.21778833866125,0.21719860406162272
2024-08-11 21:00:00,259.99999999999994,342.35850512981415,82.3585051298142,0.2202491930980412
2024-08-11 22:00:00,266.9999999999999,341.36674761772156,74.36674761772167,0.19887704530712172
2024-08-11 23:00:00,267.9999999999999,347.4475836753845,79.44758367538464,0.21246459209661048
2024-08-12 00:00:00,267.9999999999999,319.0555375814438,51.0555375814439,0.13653648688469225
2024-08-12 01:00:00,259.99999999999994,314.85731184482574,54.8573118448258,0.14670347221949093
2024-08-12 02:00:00,267.9999999999999,323.93841058015823,55.93841058015835,0.14959462625077155
2024-08-12 03:00:00,267.9999999999999,347.2737443447113,79.27374434471142,0.2119996981278682
2024-08-12 04:00:00,267.9999999999999,332.7413722872734,64.74137228727352,0.17313615617301875
2024-08-12 05:00:00,267.9999999999999,381.6959971189499,113.69599711895,0.3040542271190498
2024-08-12 06:00:00,305.99999999999994,377.02865302562714,71.0286530256272,0.18995006637234266
2024-08-12 07:00:00,364.99999999999994,381.5392407774925,16.53924077749258,0.04423045840809299
2024-08-12 08:00:00,416.0,413.1497633457184,2.850236654281616,0.007622313229878348
2024-08-12 09:00:00,434.0,407.427079975605,26.57292002439499,0.07106326401149167
2024-08-12 10:00:00,426.9999999999999,408.27795445919037,18.722045540809518,0.05006787601363763
2024-08-12 11:00:00,428.99999999999983,406.86127603054047,22.138723969459363,0.05920500964421388
2024-08-12 12:00:00,427.9999999999999,433.4042876958847,5.404287695884818,0.0144525450335962
2024-08-12 13:00:00,399.0,444.27467465400696,45.27467465400696,0.12107687657278227
2024-08-12 14:00:00,336.0,445.30083417892456,109.30083417892456,0.2923003579886036
2024-08-12 15:00:00,327.9999999999999,466.55838668346405,138.55838668346416,0.3705430643246572
2024-08-12 16:00:00,287.9999999999999,463.7973743677139,175.79737436771404,0.4701303137085076
2024-08-12 17:00:00,270.9999999999999,512.226203083992,241.22620308399212,0.6451049166034485
2024-08-12 18:00:00,271.99999999999983,499.1217505931854,227.1217505931856,0.6073857487373816
2024-08-12 19:00:00,299.0,475.2781757712364,176.27817577123642,0.47141610830858316
2024-08-12 20:00:00,276.0,453.37663292884827,177.37663292884827,0.4743536835139058
2024-08-12 21:00:00,270.9999999999999,456.9345563650131,185.93455636501324,0.49723991400630235
2024-08-12 22:00:00,267.9999999999999,454.8188325762749,186.81883257627499,0.4996047107167235
2024-08-12 23:00:00,270.9999999999999,430.1644206047058,159.16442060470592,0.42564924111782265
2024-08-13 00:00:00,271.99999999999983,297.1151375770569,25.115137577057055,0.06716475459546249
2024-08-13 01:00:00,271.99999999999983,300.81019699573517,28.81019699573534,0.077046355216193
2024-08-13 02:00:00,291.99999999999983,326.35637640953064,34.35637640953081,0.09187835755450664
2024-08-13 03:00:00,288.9999999999999,337.3975342512131,48.39753425121319,0.12942825819826245
2024-08-13 04:00:00,276.0,350.0379431247711,74.03794312477112,0.19799773206381766
2024-08-13 05:00:00,293.0,364.70565140247345,71.70565140247345,0.19176054539929982
2024-08-13 06:00:00,321.0,356.01917266845703,35.01917266845703,0.09365085622949842
2024-08-13 07:00:00,365.9999999999999,372.05136626958847,6.051366269588584,0.016183010314682188
2024-08-13 08:00:00,416.0,374.7508031129837,41.249196887016296,0.1103116468176244
2024-08-13 09:00:00,432.99999999999983,377.3393628001213,55.66063719987852,0.1488517841754532
2024-08-13 10:00:00,429.99999999999983,376.7332264780998,53.26677352190001,0.14244993724257812
2024-08-13 11:00:00,431.99999999999983,363.67966890335083,68.320331096649,0.1827072719752496
2024-08-13 12:00:00,431.99999999999983,366.8874943256378,65.11250567436201,0.17412866846921865
2024-08-13 13:00:00,393.0,382.32653349637985,10.673466503620148,0.02854377190644635
2024-08-13 14:00:00,340.99999999999994,379.7335481643677,38.73354816436773,0.10358411332963631
2024-08-13 15:00:00,330.9999999999999,390.49081563949585,59.49081563949596,0.15909473005478378
2024-08-13 16:00:00,283.9999999999999,395.48984706401825,111.48984706401836,0.2981543778116102
2024-08-13 17:00:00,271.99999999999983,416.28494918346405,144.28494918346422,0.3858574604257337
2024-08-13 18:00:00,300.99999999999994,406.20982110500336,105.20982110500341,0.28135986887865144
2024-08-13 19:00:00,280.0,390.7221293449402,110.72212934494019,0.2961012904238836
2024-08-13 20:00:00,275.0,390.2030897140503,115.2030897140503,0.30808460537168647
2024-08-13 21:00:00,271.99999999999983,383.00156235694885,111.00156235694902,0.296848570808865
2024-08-13 22:00:00,271.99999999999983,371.4799565076828,99.47995650768297,0.26603664206520106
2024-08-13 23:00:00,271.99999999999983,370.9560191631317,98.95601916313188,0.2646354901478682
2024-08-14 00:00:00,271.99999999999983,309.9523401260376,37.95234012603777,0.10149494913447911
2024-08-14 01:00:00,271.99999999999983,310.6787359714508,38.678735971450976,0.10343753051778437
2024-08-14 02:00:00,268.9999999999999,330.15841841697693,61.15841841697704,0.1635543564840073
2024-08-14 03:00:00,267.9999999999999,342.7596750855446,74.7596750855447,0.19992784094258972
2024-08-14 04:00:00,267.9999999999999,346.53059005737305,78.53059005737316,0.21001230008226734
2024-08-14 05:00:00,269.9999999999999,355.9228706359863,85.92287063598644,0.22978128241174992
2024-08-14 06:00:00,306.9999999999999,349.027361869812,42.027361869812125,0.11239267304907173
2024-08-14 07:00:00,366.9999999999999,361.4329460263252,5.5670539736746605,0.014887826627042786
2024-08-14 08:00:00,406.9999999999999,363.5862582921982,43.413741707801705,0.11610023233712952
2024-08-14 09:00:00,420.99999999999994,382.4411576986313,38.55884230136866,0.1031169020161916
2024-08-14 10:00:00,418.99999999999994,392.59441316127777,26.405586838722172,0.07061576925591212
2024-08-14 11:00:00,419.99999999999994,370.73745131492615,49.262548685073796,0.13174154364189283
2024-08-14 12:00:00,418.99999999999994,398.16051721572876,20.839482784271183,0.055730482972968495
2024-08-14 13:00:00,383.99999999999994,377.12427645921707,6.875723540782872,0.018387567373104537
2024-08-14 14:00:00,330.9999999999999,385.3659188747406,54.365918874740714,0.14538935287037577
2024-08-14 15:00:00,326.9999999999999,380.8601698279381,53.86016982793819,0.1440368414413159
2024-08-14 16:00:00,274.0,365.52339255809784,91.52339255809784,0.24475861149668965
2024-08-14 17:00:00,271.99999999999983,381.01952254772186,109.01952254772203,0.2915480536615181
2024-08-14 18:00:00,272.99999999999983,361.54048919677734,88.54048919677751,0.23678151116704313
2024-08-14 19:00:00,271.99999999999983,347.6801070570946,75.68010705709474,0.20238932805574217
2024-08-14 20:00:00,272.99999999999983,332.6927787065506,59.69277870655077,0.1596348345951019
2024-08-14 21:00:00,271.99999999999983,318.73338013887405,46.733380138874224,0.12497785444389953
2024-08-14 22:00:00,262.99999999999994,310.97071051597595,47.97071051597601,0.12828681466267491
2024-08-14 23:00:00,259.99999999999994,315.7881724834442,55.78817248344427,0.14919284844383218
2024-08-15 00:00:00,259.99999999999994,286.09941244125366,26.09941244125372,0.06979697508421832
2024-08-15 01:00:00,259.99999999999994,282.08830296993256,22.088302969932613,0.05907017008582875
2024-08-15 02:00:00,259.99999999999994,305.81934839487076,45.819348394870815,0.12253348329163745
2024-08-15 03:00:00,259.99999999999994,309.4117623567581,49.411762356758175,0.1321405818558075
2024-08-15 04:00:00,259.99999999999994,314.5826858282089,54.58268582820898,0.14596904705637942
2024-08-15 05:00:00,259.99999999999994,326.9274026155472,66.92740261554724,0.17898219982244187
2024-08-15 06:00:00,258.0,315.21201252937317,57.21201252937317,0.15300058658480764
2024-08-15 07:00:00,256.0,332.3253321647644,76.3253321647644,0.20411483666115995
2024-08-15 08:00:00,256.0,332.8062817454338,76.80628174543381,0.20540102752749867
2024-08-15 09:00:00,256.0,340.049911737442,84.04991173744202,0.22477247748674561
2024-08-15 10:00:00,256.0,343.98767352104187,87.98767352104187,0.23530313068501751
2024-08-15 11:00:00,256.0,337.17991054058075,81.17991054058075,0.2170973084583282
2024-08-15 12:00:00,256.0,335.42393267154694,79.42393267154694,0.21240134283652493
2024-08-15 13:00:00,256.0,340.7066774368286,84.70667743682861,0.22652884879431567
2024-08-15 14:00:00,256.0,330.06536185741425,74.06536185741425,0.19807105726236152
2024-08-15 15:00:00,256.0,328.65299105644226,72.65299105644226,0.19429399102276676
2024-08-15 16:00:00,256.0,329.7645065188408,73.76450651884079,0.19726648771055147
2024-08-15 17:00:00,258.99999999999994,338.0755430459976,79.07554304599768,0.21146965358609468
2024-08-15 18:00:00,268.9999999999999,328.8840687274933,59.8840687274934,0.16014639648775542
2024-08-15 19:00:00,269.9999999999999,309.30770069360733,39.307700693607444,0.1051195544001235
2024-08-15 20:00:00,271.99999999999983,309.97405529022217,37.97405529022234,0.10155302142928466
2024-08-15 21:00:00,271.99999999999983,307.57429361343384,35.57429361343401,0.0951354016326755
2024-08-15 22:00:00,266.9999999999999,304.21871066093445,37.21871066093456,0.09953302307150307
2024-08-15 23:00:00,267.9999999999999,296.23726665973663,28.237266659736747,0.07551418262507832
2024-08-16 00:00:00,267.9999999999999,274.29072976112366,6.290729761123771,0.016823133830579637
2024-08-16 01:00:00,267.9999999999999,282.2761273384094,14.276127338409538,0.03817827341442763
2024-08-16 02:00:00,267.9999999999999,295.6290355324745,27.62903553247463,0.07388760605250162
2024-08-16 03:00:00,267.9999999999999,314.3219858407974,46.32198584079754,0.1238776734479756
2024-08-16 04:00:00,267.9999999999999,318.96758526563644,50.96758526563656,0.13630127831021488
2024-08-16 05:00:00,267.9999999999999,331.5386885404587,63.53868854045879,0.16991985053014008
2024-08-16 06:00:00,304.99999999999994,330.8121156692505,25.812115669250545,0.06902866485185516
2024-08-16 07:00:00,358.99999999999994,343.3770525455475,15.622947454452458,0.041780039174249314
2024-08-16 08:00:00,400.99999999999994,349.50397431850433,51.49602568149561,0.13771447267320017
2024-08-16 09:00:00,414.99999999999983,355.64178317785263,59.3582168221472,0.1587401245106352
2024-08-16 10:00:00,412.0,358.736931681633,53.263068318367004,0.14244002851381815
2024-08-16 11:00:00,412.0,342.54255294799805,69.45744705200195,0.18574823139080282
2024-08-16 12:00:00,412.0,353.8700205087662,58.129979491233826,0.1554554815871124
2024-08-16 13:00:00,377.99999999999994,360.4524591565132,17.54754084348673,0.04692692886473706
2024-08-16 14:00:00,323.99999999999994,363.5937523841858,39.59375238418585,0.10588453494384413
2024-08-16 15:00:00,311.9999999999999,370.9694731235504,58.96947312355053,0.1577005174196261
2024-08-16 16:00:00,288.9999999999999,369.04945135116577,80.04945135116589,0.21407415105756622
2024-08-16 17:00:00,267.9999999999999,390.51725149154663,122.51725149154674,0.3276446766374647
2024-08-16 18:00:00,267.9999999999999,374.55489456653595,106.55489456653606,0.2849569636060655
2024-08-16 19:00:00,267.9999999999999,363.1623700261116,95.16237002611172,0.25449023362568174
2024-08-16 20:00:00,267.9999999999999,357.8084608912468,89.80846089124691,0.24017241465828368
2024-08-16 21:00:00,267.9999999999999,349.7297117114067,81.72971171140682,0.2185676273288314
2024-08-16 22:00:00,267.9999999999999,334.93823289871216,66.93823289871227,0.17901116296503852
2024-08-16 23:00:00,267.9999999999999,337.092961370945,69.09296137094509,0.18477349688072364
2024-08-17 00:00:00,267.9999999999999,286.55640453100204,18.55640453100216,0.04962490659965286
2024-08-17 01:00:00,267.9999999999999,283.78288239240646,15.782882392406577,0.04220774898973294
2024-08-17 02:00:00,267.9999999999999,302.19973146915436,34.19973146915447,0.09145944609337218
2024-08-17 03:00:00,267.9999999999999,310.67731976509094,42.677319765091056,0.11413083842442971
2024-08-17 04:00:00,267.9999999999999,311.08642637729645,43.08642637729656,0.11522490152194842
2024-08-17 05:00:00,267.9999999999999,332.66135662794113,64.66135662794125,0.17292217239107222
2024-08-17 06:00:00,267.9999999999999,322.07689583301544,54.076895833015556,0.1446164261201103
2024-08-17 07:00:00,259.99999999999994,338.0803817510605,78.08038175106054,0.20880831980075185
2024-08-17 08:00:00,259.99999999999994,342.5033712387085,82.50337123870855,0.22063660473865976
2024-08-17 09:00:00,257.0,349.3093639612198,92.30936396121979,0.24686051423354588
2024-08-17 10:00:00,256.0,366.94641441106796,110.94641441106796,0.29670109010165485
2024-08-17 11:00:00,256.0,341.06934428215027,85.06934428215027,0.22749871923962797
2024-08-17 12:00:00,256.0,357.1874248981476,101.18742489814758,0.27060288005904853
2024-08-17 13:00:00,256.0,350.717633664608,94.717633664608,0.2533008868228451
2024-08-17 14:00:00,256.0,350.1729252934456,94.17292529344559,0.2518441874930895
2024-08-17 15:00:00,256.0,348.2358795404434,92.23587954044342,0.24666399677180031
2024-08-17 16:00:00,259.99999999999994,334.6240121126175,74.62401211261755,0.1995650410074356
2024-08-17 17:00:00,259.99999999999994,351.03448033332825,91.0344803333283,0.24345112633979507
2024-08-17 18:00:00,259.99999999999994,330.8414429426193,70.84144294261938,0.18944941535084467
2024-08-17 19:00:00,259.99999999999994,311.767680644989,51.76768064498907,0.13844095242676302
2024-08-17 20:00:00,259.99999999999994,306.4074870944023,46.40748709440237,0.1241063272110041
2024-08-17 21:00:00,259.99999999999994,297.7893403172493,37.789340317249355,0.10105904301519979
2024-08-17 22:00:00,259.99999999999994,292.666774392128,32.66677439212805,0.08735989913417444
2024-08-17 23:00:00,259.99999999999994,299.5936757326126,39.59367573261267,0.10588432995654966
2024-08-18 00:00:00,259.99999999999994,283.1844171881676,23.18441718816763,0.062001479629743214
2024-08-18 01:00:00,259.99999999999994,273.7745815515518,13.774581551551876,0.03683700265334465
2024-08-18 02:00:00,238.99999999999997,293.2857155799866,54.2857155799866,0.14517486729993523
2024-08-18 03:00:00,259.99999999999994,292.4451380968094,32.445138096809444,0.0867671829948004
2024-08-18 04:00:00,259.99999999999994,291.18562906980515,31.185629069805202,0.08339891099350394
2024-08-18 05:00:00,259.99999999999994,309.4625097513199,49.46250975131994,0.13227629428388568
2024-08-18 06:00:00,257.0,294.8503875732422,37.85038757324219,0.10122230009292453
2024-08-18 07:00:00,256.0,314.8578429222107,58.85784292221069,0.1574019876960509
2024-08-18 08:00:00,256.0,319.0205454826355,63.0205454826355,0.16853419412203682
2024-08-18 09:00:00,256.0,328.6147829890251,72.61478298902512,0.1941918121888358
2024-08-18 10:00:00,256.0,343.10806185007095,87.10806185007095,0.23295080823252035
2024-08-18 11:00:00,256.0,334.59084928035736,78.59084928035736,0.2101734497439576
2024-08-18 12:00:00,256.0,340.92949390411377,84.92949390411377,0.2271247210366683
2024-08-18 13:00:00,256.0,347.3689252138138,91.36892521381378,0.24434552352374822
2024-08-18 14:00:00,256.0,338.2305586338043,82.23055863380432,0.21990702913499352
2024-08-18 15:00:00,256.0,339.62445974349976,83.62445974349976,0.22363470236297378
2024-08-18 16:00:00,256.0,336.99568569660187,80.99568569660187,0.21660464078337457
2024-08-18 17:00:00,258.99999999999994,348.26405614614487,89.26405614614492,0.2387165273077488
2024-08-18 18:00:00,259.99999999999994,336.4585894346237,76.45858943462378,0.20447120308761113
2024-08-18 19:00:00,258.0,312.9698333144188,54.96983331441879,0.14700438543841107
2024-08-18 20:00:00,258.99999999999994,312.3206502199173,53.320650219917354,0.14259401828492346
2024-08-18 21:00:00,259.99999999999994,310.89748084545135,50.89748084545141,0.13611379989551992
2024-08-18 22:00:00,261.99999999999994,306.56371235847473,44.56371235847479,0.11917556872768145
2024-08-18 23:00:00,259.99999999999994,299.1354739665985,39.13547396659857,0.10465897297512274
2024-08-19 00:00:00,261.99999999999994,258.88803988695145,3.1119601130484966,0.008322233420481301
2024-08-19 01:00:00,263.99999999999994,260.235855281353,3.7641447186469463,0.010066353628923783
2024-08-19 02:00:00,261.99999999999994,260.432530939579,1.5674690604209331,0.004191841452436451
2024-08-19 03:00:00,261.0,283.672034740448,22.672034740447998,0.06063122867035572
2024-08-19 04:00:00,270.9999999999999,265.6682163476944,5.331783652305489,0.014258649368910178
2024-08-19 05:00:00,271.99999999999983,308.4319245815277,36.43192458152788,0.09742894166719694
2024-08-19 06:00:00,291.99999999999983,308.2710671424866,16.271067142486743,0.04351328868012008
2024-08-19 07:00:00,357.0,313.01683366298676,43.983166337013245,0.11762302970840662
2024-08-19 08:00:00,344.9999999999999,342.40116834640503,2.598831653594857,0.006949987421453416
2024-08-19 09:00:00,399.0,330.8718913793564,68.12810862064362,0.18219321644244504
2024-08-19 10:00:00,369.99999999999983,336.2688472867012,33.73115271329863,0.09020633819981022
2024-08-19 11:00:00,377.99999999999994,333.75900506973267,44.24099493026728,0.11831253396218462
2024-08-19 12:00:00,376.0,357.40858912467957,18.591410875320435,0.049718523149361475
2024-08-19 13:00:00,375.0,372.05145478248596,2.948545217514038,0.007885217245589172
2024-08-19 14:00:00,338.0,374.21600818634033,36.21600818634033,0.0968515221069252
2024-08-19 15:00:00,322.99999999999994,395.5866801738739,72.58668017387396,0.19411665756635849
2024-08-19 16:00:00,286.99999999999994,397.55511850118637,110.55511850118643,0.2956546576988553
2024-08-19 17:00:00,274.0,436.68658196926117,162.68658196926117,0.43506846500103474
2024-08-19 18:00:00,276.0,427.82950937747955,151.82950937747955,0.40603368014211055
2024-08-19 19:00:00,300.99999999999994,416.2328740954399,115.23287409543997,0.3081642569627111
2024-08-19 20:00:00,286.99999999999994,394.04071390628815,107.0407139062882,0.28625617754156824
2024-08-19 21:00:00,274.0,397.66366481781006,123.66366481781006,0.3307104997685226
2024-08-19 22:00:00,271.99999999999983,402.49375462532043,130.4937546253206,0.348976030043996
2024-08-19 23:00:00,271.99999999999983,378.01866978406906,106.01866978406923,0.2835229517153526
2024-08-20 00:00:00,271.99999999999983,310.5452290177345,38.5452290177347,0.10308049636833448
2024-08-20 01:00:00,271.99999999999983,320.14058768749237,48.14058768749254,0.1287411127329631
2024-08-20 02:00:00,271.99999999999983,344.6246713399887,72.62467133998888,0.1942182563468181
2024-08-20 03:00:00,271.99999999999983,364.28078949451447,92.28078949451464,0.24678409828567144
2024-08-20 04:00:00,271.99999999999983,376.1253198981285,104.12531989812868,0.27845961570684463
2024-08-20 05:00:00,287.9999999999999,377.9473578929901,89.94735789299023,0.24054386327199376
2024-08-20 06:00:00,321.0,375.20080268383026,54.20080268383026,0.1449477869658207
2024-08-20 07:00:00,334.0,379.973860681057,45.973860681056976,0.12294669145153053
2024-08-20 08:00:00,358.0,374.96040165424347,16.96040165424347,0.04535675790955476
2024-08-20 09:00:00,380.0,383.7372815608978,3.737281560897827,0.009994514189767097
2024-08-20 10:00:00,375.0,374.8641586303711,0.13584136962890625,0.00036327701678097294
2024-08-20 11:00:00,363.99999999999994,357.7239015698433,6.276098430156651,0.016784005645404602
2024-08-20 12:00:00,363.99999999999994,364.292414188385,0.2924141883850666,0.0007819956049556192
2024-08-20 13:00:00,367.9999999999999,349.3898221850395,18.610177814960366,0.04976871108448851
2024-08-20 14:00:00,335.0,353.73981803655624,18.739818036556244,0.05011540453350798
2024-08-20 15:00:00,316.0,348.7311977148056,32.7311977148056,0.08753218473860669
2024-08-20 16:00:00,280.99999999999994,343.92122983932495,62.92122983932501,0.1682685968984511
2024-08-20 17:00:00,262.99999999999994,354.88355219364166,91.88355219364172,0.2457217769765632
2024-08-20 18:00:00,275.0,343.18627774715424,68.18627774715424,0.18234877661388074
2024-08-20 19:00:00,269.9999999999999,338.72207075357437,68.72207075357449,0.18378163381722154
2024-08-20 20:00:00,271.99999999999983,331.8334364891052,59.833436489105395,0.1600109920188165
2024-08-20 21:00:00,271.99999999999983,319.19597804546356,47.19597804546373,0.1262149679089216
2024-08-20 22:00:00,271.99999999999983,316.2704202532768,44.270420253276995,0.11839122533278836
2024-08-20 23:00:00,271.99999999999983,318.89273285865784,46.89273285865801,0.12540400724857995
2024-08-21 00:00:00,271.99999999999983,303.8284868001938,31.828486800193957,0.08511808858386681
2024-08-21 01:00:00,268.9999999999999,308.72749865055084,39.727498650550956,0.1062422090808426
2024-08-21 02:00:00,268.9999999999999,329.2955356836319,60.29553568363201,0.16124677179123126
2024-08-21 03:00:00,261.0,338.568913936615,77.56891393661499,0.20744051482117273
2024-08-21 04:00:00,259.99999999999994,353.1110814213753,93.11108142137533,0.24900452623829933
2024-08-21 05:00:00,259.99999999999994,357.0473089814186,97.04730898141867,0.25953107650269913
2024-08-21 06:00:00,298.0,352.32092678546906,54.320926785469055,0.1452690317044894
2024-08-21 07:00:00,320.0,368.1996390223503,48.19963902235031,0.12889903217107437
2024-08-21 08:00:00,351.99999999999983,375.19584596157074,23.19584596157091,0.06203204329910809
2024-08-21 09:00:00,367.9999999999999,384.859536588192,16.8595365881921,0.04508701710531629
2024-08-21 10:00:00,366.9999999999999,376.96486473083496,9.964864730835075,0.026648776745500237
2024-08-21 11:00:00,367.9999999999999,377.59643375873566,9.59643375873577,0.02566349144692306
2024-08-21 12:00:00,367.9999999999999,376.17633283138275,8.176332831382865,0.021865752732818707
2024-08-21 13:00:00,368.99999999999983,397.52723693847656,28.527236938476733,0.07628964254648207
2024-08-21 14:00:00,341.99999999999994,394.2124879360199,52.212487936019954,0.13963048891457638
2024-08-21 15:00:00,323.99999999999994,409.2016750574112,85.20167505741125,0.22785260796584184
2024-08-21 16:00:00,340.0,421.2172418832779,81.2172418832779,0.21719714269030402
2024-08-21 17:00:00,285.99999999999994,445.89929938316345,159.8992993831635,0.42761450818677976
2024-08-21 18:00:00,275.0,446.648088991642,171.648088991642,0.45903398850720745
2024-08-21 19:00:00,310.9999999999999,445.03573805093765,134.03573805093777,0.35844826354591774
2024-08-21 20:00:00,335.0,453.481048643589,118.48104864358902,0.31685076507919274
2024-08-21 21:00:00,294.99999999999983,454.0751177072525,159.07511770725267,0.42541042071822466
2024-08-21 22:00:00,275.0,445.052732527256,170.052732527256,0.45476756850078653
2024-08-21 23:00:00,270.9999999999999,443.51606011390686,172.51606011390697,0.46135518094519473
2024-08-22 00:00:00,271.99999999999983,287.5570133328438,15.557013332843951,0.04160371327980754
2024-08-22 01:00:00,272.99999999999983,302.1321961283684,29.132196128368548,0.0779074690626494
2024-08-22 02:00:00,268.9999999999999,319.82111513614655,50.82111513614666,0.13590957707933085
2024-08-22 03:00:00,271.99999999999983,351.84030175209045,79.84030175209062,0.21351482776289865
2024-08-22 04:00:00,271.99999999999983,363.2696771621704,91.26967716217058,0.24408010705878797
2024-08-22 05:00:00,271.99999999999983,373.74140202999115,101.74140202999132,0.27208436659272267
2024-08-22 06:00:00,310.9999999999999,381.5414535999298,70.54145359992992,0.18864716170914464
2024-08-22 07:00:00,335.0,384.3877923488617,49.387792348861694,0.13207647949152304
2024-08-22 08:00:00,367.9999999999999,392.0639258623123,24.06392586231243,0.06435352664052603
2024-08-22 09:00:00,386.9999999999999,389.78595793247223,2.7859579324723427,0.007450414327760697
2024-08-22 10:00:00,378.99999999999994,379.7967463731766,0.7967463731766316,0.0021307179570506586
2024-08-22 11:00:00,383.99999999999994,362.4362987279892,21.563701272010746,0.05766724150567746
2024-08-22 12:00:00,371.9999999999999,369.7496473789215,2.2503526210783775,0.006018059072312509
2024-08-22 13:00:00,395.0,367.68251717090607,27.317482829093933,0.0730544288181777
2024-08-22 14:00:00,347.9999999999999,373.3789712190628,25.37897121906292,0.0678703179938306
2024-08-22 15:00:00,328.9999999999999,379.61387872695923,50.61387872695934,0.13535537017826949
2024-08-22 16:00:00,305.99999999999994,371.6183611750603,65.61836117506033,0.17548146458514374
2024-08-22 17:00:00,283.9999999999999,393.3093023300171,109.3093023300172,0.29232300414326906
2024-08-22 18:00:00,280.0,381.2985447049141,101.2985447049141,0.2709000448477848
2024-08-22 19:00:00,320.0,382.45732605457306,62.45732605457306,0.16702799115766337
2024-08-22 20:00:00,286.99999999999994,371.91844940185547,84.91844940185553,0.2270951850135616
2024-08-22 21:00:00,281.99999999999994,356.49661123752594,74.496611237526,0.1992243361841187
2024-08-22 22:00:00,278.0,346.6293999552727,68.62939995527267,0.18353380672859781
2024-08-22 23:00:00,278.0,356.08644247055054,78.08644247055054,0.20882452782413888
2024-08-23 00:00:00,278.0,269.24180656671524,8.75819343328476,0.023421807300133095
2024-08-23 01:00:00,276.0,284.6279150247574,8.627915024757385,0.023073407164518396
2024-08-23 02:00:00,277.0,302.7319300174713,25.731930017471313,0.06881422646356024
2024-08-23 03:00:00,276.0,335.65430223941803,59.65430223941803,0.15953193798684157
2024-08-23 04:00:00,278.0,346.7525213956833,68.75252139568329,0.18386306717183634
2024-08-23 05:00:00,276.0,363.16576302051544,87.16576302051544,0.23310511696130531
2024-08-23 06:00:00,316.0,370.0208508968353,54.02085089683533,0.14446654661523745
2024-08-23 07:00:00,343.9999999999999,372.6369085907936,28.636908590793723,0.07658293457370467
2024-08-23 08:00:00,373.99999999999983,380.7230043411255,6.723004341125659,0.0179791544175505
2024-08-23 09:00:00,390.99999999999983,372.47711330652237,18.52288669347746,0.04953527072467468
2024-08-23 10:00:00,391.99999999999983,363.960844874382,28.03915512561781,0.07498437813840952
2024-08-23 11:00:00,390.99999999999983,342.0212709903717,48.978729009628125,0.13098253211777974
2024-08-23 12:00:00,393.0,343.56747329235077,49.43252670764923,0.1321961114155263
2024-08-23 13:00:00,387.9999999999999,344.3748879432678,43.625112056732064,0.11666549452496773
2024-08-23 14:00:00,354.0,346.67182713747025,7.328172862529755,0.01959754074349822
2024-08-23 15:00:00,346.9999999999999,350.5427026748657,3.5427026748658363,0.009474156971348527
2024-08-23 16:00:00,294.0,342.6472932100296,48.6472932100296,0.13009618204002737
2024-08-23 17:00:00,280.0,366.1627507209778,86.16275072097778,0.2304227874399963
2024-08-23 18:00:00,280.0,351.7208978533745,71.72089785337448,0.1918013185836026
2024-08-23 19:00:00,280.0,351.1735635995865,71.17356359958649,0.19033759692471974
2024-08-23 20:00:00,302.99999999999994,346.0399630665779,43.03996306657797,0.1151006459070814
2024-08-23 21:00:00,290.99999999999983,333.6077070236206,42.607707023620776,0.11394467489324364
2024-08-23 22:00:00,275.0,326.63713932037354,51.637139320373535,0.1380918491815402
2024-08-23 23:00:00,271.99999999999983,338.9701724052429,66.97017240524309,0.17909657795078013
2024-08-24 00:00:00,275.0,273.1787422299385,1.821257770061493,0.004870541951281366
2024-08-24 01:00:00,276.0,270.399466753006,5.6005332469940186,0.01497735937077672
2024-08-24 02:00:00,276.0,290.8247619867325,14.824761986732483,0.039645472684354796
2024-08-24 03:00:00,276.0,293.6452254652977,17.6452254652977,0.047188164290247046
2024-08-24 04:00:00,276.0,298.2905298471451,22.29052984714508,0.05961098012674168
2024-08-24 05:00:00,276.0,309.627143740654,33.62714374065399,0.08992818972851598
2024-08-24 06:00:00,270.9999999999999,300.9986999630928,29.998699963092918,0.0802247375719987
2024-08-24 07:00:00,262.99999999999994,319.9472165107727,56.94721651077276,0.15229244952791976
2024-08-24 08:00:00,258.99999999999994,320.38329005241394,61.383290052414,0.16415572480871837
2024-08-24 09:00:00,256.0,318.4777843952179,62.477784395217896,0.1670827023621959
2024-08-24 10:00:00,258.99999999999994,320.3852963447571,61.38529634475714,0.16416109018378194
2024-08-24 11:00:00,259.99999999999994,316.5957051515579,56.59570515155798,0.15135241190691362
2024-08-24 12:00:00,258.99999999999994,296.29149556159973,37.29149556159979,0.09972766982493757
2024-08-24 13:00:00,258.0,311.7145138978958,53.71451389789581,0.1436473176026885
2024-08-24 14:00:00,259.99999999999994,290.0029197335243,30.00291973352438,0.08023602239353746
2024-08-24 15:00:00,259.99999999999994,286.94878220558167,26.948782205581722,0.07206842239788981
2024-08-24 16:00:00,259.99999999999994,291.1363273859024,31.13632738590246,0.08326706479157449
2024-08-24 17:00:00,259.99999999999994,291.8112677335739,31.81126773357397,0.08507204008501443
2024-08-24 18:00:00,259.99999999999994,287.01608151197433,27.01608151197439,0.07224839917024234
2024-08-24 19:00:00,259.99999999999994,270.04093050956726,10.040930509567318,0.026852197465215142
2024-08-24 20:00:00,259.99999999999994,279.98924911022186,19.98924911022192,0.053456725328157345
2024-08-24 21:00:00,259.99999999999994,282.4277204275131,22.42772042751318,0.05997786530246335
2024-08-24 22:00:00,259.99999999999994,281.0842126607895,21.084212660789547,0.05638495767166771
2024-08-24 23:00:00,259.99999999999994,272.8188192844391,12.818819284439144,0.034281032656155744
2024-08-25 00:00:00,259.99999999999994,275.9882891178131,15.988289117813167,0.04275706281538341
2024-08-25 01:00:00,259.99999999999994,266.7515552043915,6.751555204391536,0.018055507243365517
2024-08-25 02:00:00,259.99999999999994,280.1624393463135,20.162439346313533,0.053919883440261406
2024-08-25 03:00:00,259.99999999999994,280.16562581062317,20.165625810623226,0.05392840491830352
2024-08-25 04:00:00,259.99999999999994,275.63305735588074,15.633057355880794,0.041807075818836074
2024-08-25 05:00:00,259.99999999999994,293.7042635679245,33.704263567924556,0.09013442926262881
2024-08-25 06:00:00,259.99999999999994,281.68008148670197,21.680081486702022,0.057978474065543954
2024-08-25 07:00:00,259.99999999999994,301.0427498817444,41.04274988174444,0.10975955099877772
2024-08-25 08:00:00,258.0,308.72342705726624,50.723427057266235,0.13564833240867058
2024-08-25 09:00:00,259.99999999999994,320.21709233522415,60.21709233522421,0.16103699279920736
2024-08-25 10:00:00,259.99999999999994,339.4778233766556,79.47782337665564,0.2125454613376678
2024-08-25 11:00:00,259.99999999999994,327.8884166479111,67.88841664791113,0.1815522144778854
2024-08-25 12:00:00,258.99999999999994,337.8511333465576,78.85113334655767,0.210869520604721
2024-08-25 13:00:00,258.0,339.88386154174805,81.88386154174805,0.21897986618255197
2024-08-25 14:00:00,259.99999999999994,332.94740080833435,72.94740080833441,0.19508132331094066
2024-08-25 15:00:00,259.99999999999994,333.1644344329834,73.16443443298346,0.19566173064869832
2024-08-25 16:00:00,259.99999999999994,325.36045879125595,65.36045879125601,0.1747917629952299
2024-08-25 17:00:00,259.99999999999994,339.3703982234001,79.37039822340017,0.21225817706404412
2024-08-25 18:00:00,259.99999999999994,327.29210525751114,67.2921052575112,0.1799575145453922
2024-08-25 19:00:00,280.99999999999994,310.76072841882706,29.760728418827114,0.07958833650422525
2024-08-25 20:00:00,267.9999999999999,312.66065776348114,44.660657763481254,0.11943482728505304
2024-08-25 21:00:00,261.0,312.88359224796295,51.88359224796295,0.13875093179058778
2024-08-25 22:00:00,265.9999999999999,311.191343665123,45.1913436651231,0.12085402669185251
2024-08-25 23:00:00,275.0,310.43503046035767,35.435030460357666,0.09476297383004594
2024-08-26 00:00:00,277.0,318.61335664987564,41.61335664987564,0.11128550973320456
2024-08-26 01:00:00,280.0,317.35128074884415,37.35128074884415,0.09988755178526493
2024-08-26 02:00:00,280.0,327.6420557498932,47.64205574989319,0.12740790183001152
2024-08-26 03:00:00,280.0,334.3757039308548,54.3757039308548,0.14541552078964712
2024-08-26 04:00:00,280.0,325.97783625125885,45.97783625125885,0.1229573232147915
2024-08-26 05:00:00,280.0,376.9089835882187,96.90898358821869,0.25916115652674465
2024-08-26 06:00:00,280.0,359.0806567668915,79.08065676689148,0.2114833290759401
2024-08-26 07:00:00,280.0,384.4499284029007,104.4499284029007,0.279327707728866
2024-08-26 08:00:00,310.9999999999999,409.2563170194626,98.2563170194627,0.26276429503196364
2024-08-26 09:00:00,369.99999999999983,401.4792197942734,31.479219794273547,0.08418405297809071
2024-08-26 10:00:00,388.9999999999999,414.5105016231537,25.5105016231538,0.06822206630838797
2024-08-26 11:00:00,391.99999999999983,398.30647498369217,6.30647498369234,0.016865240866888884
2024-08-26 12:00:00,391.99999999999983,441.5979266166687,49.59792661666887,0.1326384360599895
2024-08-26 13:00:00,391.99999999999983,445.19981145858765,53.19981145858782,0.1422708623505625
2024-08-26 14:00:00,358.0,455.2883344888687,97.28833448886871,0.2601756447042254
2024-08-26 15:00:00,294.99999999999983,480.427089035511,185.4270890355112,0.4958828074188251
2024-08-26 16:00:00,283.9999999999999,496.79451048374176,212.79451048374187,0.5690707857781457
2024-08-26 17:00:00,281.99999999999994,545.8615761995316,263.8615761995316,0.705638102050569
2024-08-26 18:00:00,306.9999999999999,547.7751660346985,240.7751660346986,0.643898720036286
2024-08-26 19:00:00,328.9999999999999,526.6325622797012,197.63256227970135,0.5285235848245755
2024-08-26 20:00:00,297.0,499.1663610935211,202.16636109352112,0.5406482042410974
2024-08-26 21:00:00,283.9999999999999,503.8835084438324,219.8835084438325,0.5880287073446265
2024-08-26 22:00:00,280.0,515.9945511817932,235.9945511817932,0.631114046951153
2024-08-26 23:00:00,281.99999999999994,472.75352239608765,190.7535223960877,0.5101271486427018
2024-08-27 00:00:00,280.0,315.2761548757553,35.27615487575531,0.09433809701548387
2024-08-27 01:00:00,280.0,324.8131835460663,44.813183546066284,0.11984272299039701
2024-08-27 02:00:00,280.0,349.6633565425873,69.66335654258728,0.18629888974820213
2024-08-27 03:00:00,280.0,365.6861677765846,85.68616777658463,0.22914827415467828
2024-08-27 04:00:00,280.0,382.6064997911453,102.60649979114532,0.27439787487635126
2024-08-27 05:00:00,277.0,388.3644703030586,111.36447030305862,0.2978190860236995
2024-08-27 06:00:00,281.99999999999994,384.68979835510254,102.6897983551026,0.2746206380441491
2024-08-27 07:00:00,281.99999999999994,399.5917707681656,117.59177076816565,0.31447259254930987
2024-08-27 08:00:00,324.9999999999999,402.864328622818,77.8643286228181,0.2082305345788528
2024-08-27 09:00:00,380.99999999999994,411.3363406062126,30.336340606212673,0.08112768110025986
2024-08-27 10:00:00,391.99999999999983,400.9573772549629,8.957377254963092,0.023954479377336153
2024-08-27 11:00:00,388.9999999999999,394.77177143096924,5.771771430969352,0.015435297161035226
2024-08-27 12:00:00,391.99999999999983,400.58429539203644,8.584295392036609,0.022956756323238056
2024-08-27 13:00:00,391.99999999999983,416.88022792339325,24.88022792339342,0.06653654186152803
2024-08-27 14:00:00,358.99999999999994,418.0208346247673,59.02083462476736,0.15783787213704698
2024-08-27 15:00:00,293.0,431.70649230480194,138.70649230480194,0.3709391393085525
2024-08-27 16:00:00,305.99999999999994,441.45323753356934,135.4532375335694,0.36223904528454215
2024-08-27 17:00:00,287.9999999999999,464.3311071395874,176.33110713958752,0.47155766128056253
2024-08-27 18:00:00,326.9999999999999,455.8246636390686,128.82466363906872,0.34451242373703655
2024-08-27 19:00:00,341.99999999999994,442.83288806676865,100.8328880667687,0.2696547514970785
2024-08-27 20:00:00,291.99999999999983,438.3964741230011,146.39647412300127,0.3915042562655367
2024-08-27 21:00:00,283.9999999999999,430.00669062137604,146.00669062137615,0.3904618684565236
2024-08-27 22:00:00,318.99999999999994,411.29742443561554,92.2974244356156,0.24682858467294796
2024-08-27 23:00:00,291.99999999999983,406.86723589897156,114.86723589897173,0.30718644031085446
2024-08-28 00:00:00,277.0,280.4492801427841,3.4492801427841187,0.009224319540766928
2024-08-28 01:00:00,280.0,296.1773729324341,16.177372932434082,0.0432627247082567
2024-08-28 02:00:00,280.0,312.3736399412155,32.373639941215515,0.08657597735000706
2024-08-28 03:00:00,280.0,339.93661522865295,59.936615228652954,0.16028692021948507
2024-08-28 04:00:00,280.0,351.4080047607422,71.40800476074219,0.1909645567814112
2024-08-28 05:00:00,315.0,352.52798795700073,37.52798795700073,0.10036011524364424
2024-08-28 06:00:00,338.0,357.9865488409996,19.986548840999603,0.05344950406890276
2024-08-28 07:00:00,376.0,363.72596114873886,12.274038851261139,0.03282414061283937
2024-08-28 08:00:00,430.9999999999999,365.0926887989044,65.90731120109547,0.17625419607146184
2024-08-28 09:00:00,440.99999999999994,375.49330830574036,65.50669169425959,0.17518282981753508
2024-08-28 10:00:00,440.0,368.69368851184845,71.30631148815155,0.19069260112611752
2024-08-28 11:00:00,443.9999999999999,348.77194315195084,95.22805684804905,0.2546658981730903
2024-08-28 12:00:00,443.9999999999999,364.36275243759155,79.63724756240833,0.212971805261917
2024-08-28 13:00:00,404.99999999999994,353.5657426714897,51.43425732851023,0.13754928718467557
2024-08-28 14:00:00,350.99999999999983,364.72294092178345,13.722940921783618,0.03669890146974976
2024-08-28 15:00:00,340.0,366.05520755052567,26.055207550525665,0.06967875910277846
2024-08-28 16:00:00,294.99999999999983,360.2263677120209,65.22636771202104,0.17443316673420503
2024-08-28 17:00:00,277.0,379.43673491477966,102.43673491477966,0.2739438771140438
2024-08-28 18:00:00,283.9999999999999,364.24213886260986,80.24213886260998,0.21458945022246412
2024-08-28 19:00:00,279.0,364.5748883485794,85.5748883485794,0.22885068249504423
2024-08-28 20:00:00,280.0,353.1559869647026,73.1559869647026,0.1956391398055347
2024-08-28 21:00:00,280.0,337.79947131872177,57.79947131872177,0.15457161223818056
2024-08-28 22:00:00,280.0,325.16540586948395,45.16540586948395,0.12078466192434902
2024-08-28 23:00:00,289.9999999999999,332.94079184532166,42.94079184532177,0.11483543490761271
2024-08-29 00:00:00,278.0,332.0847836136818,54.08478361368179,0.14463752020534576
2024-08-29 01:00:00,280.0,343.3047080039978,63.3047080039978,0.1692941225100048
2024-08-29 02:00:00,280.0,361.7137974500656,81.71379745006561,0.21852506823656
2024-08-29 03:00:00,280.0,384.6044719219208,104.60447192192078,0.2797409994139088
2024-08-29 04:00:00,318.99999999999994,395.9003698825836,76.90036988258368,0.20565264496828017
2024-08-29 05:00:00,340.0,405.16247749328613,65.16247749328613,0.1742623067956833
2024-08-29 06:00:00,366.9999999999999,406.8160754442215,39.81607544422161,0.10647908768011323
2024-08-29 07:00:00,387.9999999999999,419.06637847423553,31.06637847423565,0.08308000224923696
2024-08-29 08:00:00,420.99999999999994,430.32902508974075,9.32902508974081,0.02494836744751671
2024-08-29 09:00:00,444.9999999999999,440.27929097414017,4.720709025859719,0.012624468500944837
2024-08-29 10:00:00,437.0,428.7338751554489,8.266124844551086,0.02210588116176211
2024-08-29 11:00:00,437.0,425.98504811525345,11.014951884746552,0.02945699731685561
2024-08-29 12:00:00,436.0,437.178418636322,1.1784186363220215,0.003151414093450591
2024-08-29 13:00:00,403.9999999999999,450.1904046535492,46.19040465354931,0.12352578932535067
2024-08-29 14:00:00,345.99999999999994,451.86332792043686,105.86332792043692,0.2831075250382239
2024-08-29 15:00:00,332.99999999999983,464.30750370025635,131.30750370025652,0.3511522178810192
2024-08-29 16:00:00,351.99999999999983,468.33826303482056,116.33826303482073,0.31112036965045803
2024-08-29 17:00:00,348.9999999999999,495.35027503967285,146.35027503967297,0.39138070726705876
2024-08-29 18:00:00,350.99999999999983,481.85332685709,130.85332685709017,0.34993762464534145
2024-08-29 19:00:00,356.0,465.09588807821274,109.09588807821274,0.2917522759995094
2024-08-29 20:00:00,336.0,455.5582693219185,119.55826932191849,0.3197315481242058
2024-08-29 21:00:00,291.99999999999983,448.85285675525665,156.85285675525682,0.41946748646075005
2024-08-29 22:00:00,281.99999999999994,426.05957597494125,144.0595759749413,0.3852547507572563
2024-08-29 23:00:00,297.0,419.7584018111229,122.7584018111229,0.3282895786207907
2024-08-30 00:00:00,294.0,314.1361677646637,20.136167764663696,0.05384962603757221
2024-08-30 01:00:00,290.99999999999983,332.3063313961029,41.306331396103076,0.11046444013878268
2024-08-30 02:00:00,293.0,352.4758243560791,59.4758243560791,0.15905463925820043
2024-08-30 03:00:00,294.99999999999983,385.2776125073433,90.27761250734346,0.24142705453698277
2024-08-30 04:00:00,294.99999999999983,401.10528230667114,106.10528230667131,0.28375457731595355
2024-08-30 05:00:00,289.9999999999999,407.85498082637787,117.85498082637798,0.3151764883138722
2024-08-30 06:00:00,324.9999999999999,415.3932112455368,90.39321124553692,0.24173619721471992
2024-08-30 07:00:00,381.99999999999994,419.60742831230164,37.60742831230169,0.10057256050508845
2024-08-30 08:00:00,429.99999999999983,428.6756631731987,1.3243368268011295,0.003541639288294682
2024-08-30 09:00:00,448.9999999999999,431.63140386343,17.368596136569863,0.04644838172202869
2024-08-30 10:00:00,440.99999999999994,410.75212597846985,30.247874021530095,0.0808910972299994
2024-08-30 11:00:00,435.0,404.5715653896332,30.42843461036682,0.08137396568340216
2024-08-30 12:00:00,436.0,410.1746678352356,25.825332164764404,0.06906400937963553
2024-08-30 13:00:00,399.99999999999994,418.4084326028824,18.408432602882442,0.0492291891480289
2024-08-30 14:00:00,344.9999999999999,423.1633749604225,78.16337496042263,0.2090302663667538
2024-08-30 15:00:00,337.0,433.96306961774826,96.96306961774826,0.2593057973788703
2024-08-30 16:00:00,302.99999999999994,437.3577457666397,134.35774576663977,0.3593094003458502
2024-08-30 17:00:00,280.0,464.85752284526825,184.85752284526825,0.4943596314745896
2024-08-30 18:00:00,300.99999999999994,453.6554190516472,152.65541905164724,0.40824238875114344
2024-08-30 19:00:00,329.9999999999999,448.18425983190536,118.18425983190548,0.31605707053373205
2024-08-30 20:00:00,347.9999999999999,438.9274334907532,90.92743349075329,0.24316485377251526
2024-08-30 21:00:00,300.99999999999994,428.55755746364594,127.55755746364599,0.34112383488071246
2024-08-30 22:00:00,280.0,410.7418289780617,130.74182897806168,0.34963944878785763
2024-08-30 23:00:00,284.9999999999999,410.18015563488007,125.18015563488018,0.33476601144001084
2024-08-31 00:00:00,283.9999999999999,274.3875628709793,9.612437129020577,0.025706288840908323
2024-08-31 01:00:00,280.99999999999994,288.29509288072586,7.295092880725917,0.019509075814605828
2024-08-31 02:00:00,280.99999999999994,306.7120009660721,25.71200096607214,0.06876093072339401
2024-08-31 03:00:00,280.0,340.2811959385872,60.28119593858719,0.16120842338665087
2024-08-31 04:00:00,278.0,349.23005640506744,71.23005640506744,0.19048867415473278
2024-08-31 05:00:00,280.0,367.1530920267105,87.15309202671051,0.23307123125445708
2024-08-31 06:00:00,280.0,372.8180944919586,92.81809449195862,0.24822099896700428
2024-08-31 07:00:00,280.0,371.45334362983704,91.45334362983704,0.2445712814825945
2024-08-31 08:00:00,280.0,382.3308116197586,102.3308116197586,0.273660609220559
2024-08-31 09:00:00,280.0,374.26466077566147,94.26466077566147,0.2520895132904029
2024-08-31 10:00:00,280.0,355.5886459350586,75.5886459350586,0.2021447359726713
2024-08-31 11:00:00,280.0,351.2951213121414,71.29512131214142,0.1906626755315117
2024-08-31 12:00:00,274.0,350.53060591220856,76.53060591220856,0.2046637948673285
2024-08-31 13:00:00,271.99999999999983,367.0537805557251,95.05378055572527,0.254199835649251
2024-08-31 14:00:00,271.99999999999983,370.1819443702698,98.18194437026995,0.26256540220422897
2024-08-31 15:00:00,271.99999999999983,385.5653089284897,113.56530892848986,0.3037047311143454
2024-08-31 16:00:00,270.9999999999999,390.9209883213043,119.92098832130443,0.32070155804376616
2024-08-31 17:00:00,270.9999999999999,421.3806366920471,150.38063669204723,0.4021589978689771
2024-08-31 18:00:00,280.0,412.9154106974602,132.91541069746017,0.35545220144862527
2024-08-31 19:00:00,336.0,409.20211762189865,73.20211762189865,0.1957625058137994
2024-08-31 20:00:00,321.99999999999994,404.15278136730194,82.152781367302,0.21969903142836314
2024-08-31 21:00:00,290.99999999999983,396.7849087715149,105.78490877151506,0.28289781076225146
2024-08-31 22:00:00,287.9999999999999,387.35368251800537,99.35368251800548,0.2656989508420311
2024-08-31 23:00:00,299.0,384.7279769182205,85.72797691822052,0.2292600832470715
2024-09-01 00:00:00,296.0,248.30927342176437,47.690726578235626,0.1275380609514397
2024-09-01 01:00:00,296.0,255.03297865390778,40.967021346092224,0.1095570321593985
2024-09-01 02:00:00,296.0,264.4888114929199,31.511188507080078,0.08426954606941046
2024-09-01 03:00:00,299.99999999999994,283.96937906742096,16.030620932578984,0.042870269678837905
2024-09-01 04:00:00,299.0,287.2672516107559,11.73274838924408,0.03137658170798784
2024-09-01 05:00:00,299.0,304.1039389371872,5.103938937187195,0.013649330215079507
2024-09-01 06:00:00,294.99999999999983,307.57323145866394,12.573231458664111,0.03362426356623121
2024-09-01 07:00:00,312.99999999999983,318.5936772823334,5.5936772823335446,0.01495902464405969
2024-09-01 08:00:00,357.0,334.8561519384384,22.143848061561584,0.05921871286951035
2024-09-01 09:00:00,409.99999999999983,330.11764347553253,79.8823565244673,0.21362729373914827
2024-09-01 10:00:00,461.99999999999994,329.225315451622,132.77468454837793,0.35507586119409656
2024-09-01 11:00:00,473.0,325.48741579055786,147.51258420944214,0.39448904023605336
2024-09-01 12:00:00,437.99999999999994,329.95805472135544,108.0419452786445,0.288933744375963
2024-09-01 13:00:00,418.99999999999994,352.8992110490799,66.10078895092005,0.17677160855016238
2024-09-01 14:00:00,387.9999999999999,351.9255691766739,36.074430823326,0.09647290547327327
2024-09-01 15:00:00,332.99999999999983,371.62529468536377,38.62529468536394,0.10329461388615976
2024-09-01 16:00:00,299.0,376.85192227363586,77.85192227363586,0.20819735660418734
2024-09-01 17:00:00,291.99999999999983,403.1671017408371,111.16710174083727,0.2972912684473161
2024-09-01 18:00:00,288.9999999999999,401.05046331882477,112.05046331882488,0.2996536191779288
2024-09-01 19:00:00,287.9999999999999,403.25995177030563,115.25995177030575,0.30823667007937416
2024-09-01 20:00:00,291.99999999999983,399.0353786945343,107.03537869453447,0.28624190972451746
2024-09-01 21:00:00,300.99999999999994,395.52035450935364,94.5203545093537,0.2527733083451719
2024-09-01 22:00:00,300.99999999999994,389.6874725818634,88.68747258186346,0.23717458498392424
2024-09-01 23:00:00,307.9999999999999,387.30665266513824,79.30665266513836,0.2120877039872366
2024-09-02 00:00:00,354.0,327.28818118572235,26.71181881427765,0.07143471740717594
2024-09-02 01:00:00,435.0,325.4744929075241,109.52550709247589,0.29290119487658095
2024-09-02 02:00:00,444.9999999999999,335.96365481615067,109.03634518384922,0.29159304199668706
2024-09-02 03:00:00,457.0,363.10640037059784,93.89359962940216,0.2510971941859603
2024-09-02 04:00:00,469.99999999999983,348.4252381324768,121.57476186752302,0.3251242013220458
2024-09-02 05:00:00,502.99999999999994,407.1022081375122,95.89779186248774,0.2564569529802061
2024-09-02 06:00:00,549.0,403.8277620077133,145.17223799228668,0.38823031364690425
2024-09-02 07:00:00,599.9999999999999,407.72654861211777,192.27345138788212,0.5141918549348009
2024-09-02 08:00:00,653.0,444.8557913303375,208.14420866966248,0.5566346054395279
2024-09-02 09:00:00,679.0,426.6227835416794,252.37721645832062,0.6749257795981101
2024-09-02 10:00:00,670.0,427.1051788330078,242.8948211669922,0.6495672582376282
2024-09-02 11:00:00,668.0,421.2531191110611,246.7468808889389,0.6598687206571676
2024-09-02 12:00:00,668.0,444.3134433031082,223.68655669689178,0.5981990996766505
2024-09-02 13:00:00,668.0,455.22560834884644,212.77439165115356,0.5690169825111162
2024-09-02 14:00:00,668.0,450.3161224722862,217.68387752771378,0.5821462919993621
2024-09-02 15:00:00,668.0,469.0813288092613,198.91867119073868,0.5319629921990257
2024-09-02 16:00:00,668.0,462.64056980609894,205.35943019390106,0.5491873453019565
2024-09-02 17:00:00,631.0,510.631200671196,120.36879932880402,0.3218991272918571
2024-09-02 18:00:00,626.9999999999999,496.15910589694977,130.84089410305012,0.34990437605685637
2024-09-02 19:00:00,615.0,470.62381356954575,144.37618643045425,0.3861014538056326
2024-09-02 20:00:00,574.0,444.57535296678543,129.42464703321457,0.34611694361296874
2024-09-02 21:00:00,556.0,448.6899930238724,107.31000697612762,0.28697634094479585
2024-09-02 22:00:00,557.0,453.3351203799248,103.66487962007523,0.2772282723313029
2024-09-02 23:00:00,553.0,429.01900470256805,123.98099529743195,0.3315591283585143
2024-09-03 00:00:00,555.0,502.6762515306473,52.32374846935272,0.1399280300446828
2024-09-03 01:00:00,556.0,512.4515569210052,43.54844307899475,0.11646046068595281
2024-09-03 02:00:00,557.0,547.023868560791,9.976131439208984,0.026678907008601944
2024-09-03 03:00:00,556.0,549.9399554729462,6.060044527053833,0.016206218351316724
2024-09-03 04:00:00,553.0,583.8947421312332,30.894742131233215,0.08262099967272103
2024-09-03 05:00:00,592.0,583.4501123428345,8.549887657165527,0.02286474061909503
2024-09-03 06:00:00,627.9999999999999,576.535307765007,51.46469223499287,0.13763067845791746
2024-09-03 07:00:00,615.0,615.8747470378876,0.8747470378875732,0.002339313091659005
2024-09-03 08:00:00,646.9999999999999,627.6192873716354,19.38071262836445,0.05182933215378428
2024-09-03 09:00:00,668.0,641.7965161800385,26.203483819961548,0.07007529044641281
2024-09-03 10:00:00,668.0,627.4879342317581,40.51206576824188,0.10834035637395231
2024-09-03 11:00:00,668.0,627.2876590490341,40.71234095096588,0.10887594704941439
2024-09-03 12:00:00,668.0,621.7937225103378,46.20627748966217,0.12356823763521892
2024-09-03 13:00:00,667.0,655.2217394113541,11.778260588645935,0.03149829379077244
2024-09-03 14:00:00,668.0,633.6540377140045,34.34596228599548,0.09185050733670747
2024-09-03 15:00:00,665.9999999999999,648.154456615448,17.84554338455189,0.04772386925489243
2024-09-03 16:00:00,663.9999999999999,657.2263795137405,6.773620486259347,0.018114515848720918
2024-09-03 17:00:00,624.0,674.4497501850128,50.44975018501282,0.1349164455174697
2024-09-03 18:00:00,609.9999999999999,665.9480273723602,55.94802737236034,0.14962034418627004
2024-09-03 19:00:00,612.0,630.5577385425568,18.557738542556763,0.049628474111812315
2024-09-03 20:00:00,576.0,631.891804933548,55.891804933547974,0.14946998999075725
2024-09-03 21:00:00,557.0,628.6590778827667,71.65907788276672,0.19163599505542248
2024-09-03 22:00:00,560.0,587.8716266155243,27.871626615524292,0.07453636103184771
2024-09-03 23:00:00,560.0,584.4212168455124,24.42121684551239,0.06530902055857322
2024-09-04 00:00:00,560.0,512.7768123149872,47.22318768501282,0.12628773393528073
2024-09-04 01:00:00,560.0,526.997766494751,33.00223350524902,0.08825700865389947
2024-09-04 02:00:00,560.0,565.3986740112305,5.398674011230469,0.0144375325037612
2024-09-04 03:00:00,560.0,577.6293271780014,17.629327178001404,0.04714564791694558
2024-09-04 04:00:00,560.0,609.1449934244156,49.14499342441559,0.1314271686873743
2024-09-04 05:00:00,596.0,615.0508689880371,19.05086898803711,0.050947239945868306
2024-09-04 06:00:00,616.0,608.9688527584076,7.031147241592407,0.018803212905252734
2024-09-04 07:00:00,613.0,636.7113322019577,23.711332201957703,0.06341059464992946
2024-09-04 08:00:00,658.0,641.9474601745605,16.052539825439453,0.04292888679990526
2024-09-04 09:00:00,668.0,645.961874127388,22.038125872612,0.0589359827887251
2024-09-04 10:00:00,662.9999999999999,628.6073273420334,34.3926726579665,0.0919754236610107
2024-09-04 11:00:00,661.9999999999999,617.3252964019775,44.67470359802235,0.11947238969247155
2024-09-04 12:00:00,657.0,606.9340592622757,50.065940737724304,0.1338900339654939
2024-09-04 13:00:00,652.0,626.4919871091843,25.508012890815735,0.06821541075668226
2024-09-04 14:00:00,652.0,606.226487159729,45.773512840270996,0.12241090646851639
2024-09-04 15:00:00,652.0,611.643476486206,40.356523513793945,0.10792439379691415
2024-09-04 16:00:00,655.9999999999999,613.8716411590576,42.12835884094227,0.11266276660360745
2024-09-04 17:00:00,626.9999999999999,624.8971027135849,2.1028972864149864,0.0056237231330379545
2024-09-04 18:00:00,607.9999999999999,609.5776444673538,1.5776444673539345,0.00421905327667859
2024-09-04 19:00:00,608.9999999999999,577.0157557725906,31.98424422740925,0.0855346265918008
2024-09-04 20:00:00,574.0,575.6157177686691,1.6157177686691284,0.00432087170915296
2024-09-04 21:00:00,555.0,568.3845090866089,13.384509086608887,0.03579384207729922
2024-09-04 22:00:00,525.9999999999999,539.6971249580383,13.697124958038444,0.03662986251408925
2024-09-04 23:00:00,503.99999999999994,539.2746233940125,35.27462339401251,0.09433400141397234
2024-09-05 00:00:00,512.0,483.82088005542755,28.17911994457245,0.07535868238771908
2024-09-05 01:00:00,508.9999999999999,501.6179323196411,7.382067680358773,0.01974167024318131
2024-09-05 02:00:00,507.9999999999999,541.2440943717957,33.24409437179577,0.08890381083437798
2024-09-05 03:00:00,507.9999999999999,553.3511245250702,45.351124525070304,0.12128132446055793
2024-09-05 04:00:00,507.9999999999999,590.5617105960846,82.56171059608471,0.2207926201540404
2024-09-05 05:00:00,523.9999999999999,591.0392081737518,67.03920817375194,0.1792811984982878
2024-09-05 06:00:00,552.0,585.1487338542938,33.14873385429382,0.08864879070014764
2024-09-05 07:00:00,597.0,610.7479619979858,13.74796199798584,0.036765814678474194
2024-09-05 08:00:00,654.0,612.1346640586853,41.8653359413147,0.11195937135234628
2024-09-05 09:00:00,665.9999999999999,609.1779792308807,56.82202076911915,0.15195764183519808
2024-09-05 10:00:00,660.0,579.1743493080139,80.82565069198608,0.2161499206241631
2024-09-05 11:00:00,660.0,576.4667987823486,83.53320121765137,0.22339065207758138
2024-09-05 12:00:00,660.0,552.0283287763596,107.97167122364044,0.28874581231131496
2024-09-05 13:00:00,657.0,590.955120921135,66.04487907886505,0.17662209024374195
2024-09-05 14:00:00,657.0,570.516784787178,86.48321521282196,0.2312797972367866
2024-09-05 15:00:00,662.9999999999999,586.7027842998505,76.29721570014942,0.20403964553627904
2024-09-05 16:00:00,663.9999999999999,605.4721802473068,58.52781975269306,0.15651941537792363
2024-09-05 17:00:00,663.9999999999999,621.1379009485245,42.86209905147541,0.11462498883018608
2024-09-05 18:00:00,646.9999999999999,617.600748538971,29.39925146102894,0.07862164814395096
2024-09-05 19:00:00,618.9999999999999,591.352071762085,27.647928237914925,0.07393813031981446
2024-09-05 20:00:00,577.0,600.7304263114929,23.73042631149292,0.06346165752693807
2024-09-05 21:00:00,517.0,596.9082623720169,79.9082623720169,0.2136965730687127
2024-09-05 22:00:00,499.99999999999994,566.0137796401978,66.01377964019781,0.1765389218294845
2024-09-05 23:00:00,499.99999999999994,561.8830597400665,61.883059740066585,0.16549224579421762
2024-09-06 00:00:00,502.99999999999994,470.4881528019905,32.511847198009434,0.08694558139686506
2024-09-06 01:00:00,503.99999999999994,488.18509697914124,15.814903020858708,0.04229338091770392
2024-09-06 02:00:00,504.99999999999994,521.856347322464,16.856347322464046,0.04507848813551442
2024-09-06 03:00:00,506.99999999999983,537.1499598026276,30.149959802627734,0.08062924779900162
2024-09-06 04:00:00,506.99999999999983,567.3371064662933,60.337106466293505,0.16135794344646245
2024-09-06 05:00:00,506.99999999999983,570.9275436401367,63.92754364013689,0.17095975553814338
2024-09-06 06:00:00,542.9999999999999,567.4613785743713,24.46137857437145,0.06541642401812714
2024-09-06 07:00:00,598.9999999999999,590.4934966564178,8.50650334358204,0.02274871908561996
2024-09-06 08:00:00,649.0,591.4928072690964,57.507192730903625,0.15378997926626933
2024-09-06 09:00:00,661.0,587.2471976280212,73.75280237197876,0.19723518761715855
2024-09-06 10:00:00,652.0,566.9209778308868,85.07902216911316,0.2275246005592453
2024-09-06 11:00:00,654.9999999999999,551.8563187122345,103.14368128776539,0.27583444528266543
2024-09-06 12:00:00,650.0,533.385683298111,116.61431670188904,0.3118586127417783
2024-09-06 13:00:00,647.9999999999999,556.4295440912247,91.57045590877522,0.24488447178270195
2024-09-06 14:00:00,649.0,538.6034595966339,110.39654040336609,0.29523057644540246
2024-09-06 15:00:00,612.0,545.8295345306396,66.17046546936035,0.1769579426384289
2024-09-06 16:00:00,563.9999999999999,551.0165673494339,12.983432650565987,0.034721253869562214
2024-09-06 17:00:00,488.99999999999983,562.1523749828339,73.15237498283403,0.1956294803770302
2024-09-06 18:00:00,300.99999999999994,551.3627707958221,250.3627707958222,0.6695386003261479
2024-09-06 19:00:00,278.0,526.7046117782593,248.70461177825928,0.6651042290967183
2024-09-06 20:00:00,280.99999999999994,532.2190243005753,251.2190243005753,0.6718284566465362
2024-09-06 21:00:00,280.0,524.6729457378387,244.67294573783875,0.6543224502040129
2024-09-06 22:00:00,280.99999999999994,497.5664019584656,216.56640195846563,0.5791578563539392
2024-09-06 23:00:00,300.99999999999994,501.7245018482208,200.72450184822088,0.5367922778272101
2024-09-07 00:00:00,284.9999999999999,314.354145526886,29.3541455268861,0.07850102252570747
2024-09-07 01:00:00,275.0,331.29489451646805,56.29489451646805,0.15054796190445865
2024-09-07 02:00:00,276.0,364.05460953712463,88.05460953712463,0.23548213591960973
2024-09-07 03:00:00,276.0,387.4801969528198,111.48019695281982,0.29812857077199195
2024-09-07 04:00:00,276.0,411.8443751335144,135.8443751335144,0.363285054323225
2024-09-07 05:00:00,276.0,423.98279786109924,147.98279786109924,0.3957465202886347
2024-09-07 06:00:00,294.0,420.946569442749,126.94656944274902,0.3394898856196979
2024-09-07 07:00:00,277.0,430.12346863746643,153.12346863746643,0.40949408149913663
2024-09-07 08:00:00,262.99999999999994,427.33802676200867,164.33802676200872,0.4394848805549025
2024-09-07 09:00:00,257.0,418.30740988254547,161.30740988254547,0.43138018121342003
2024-09-07 10:00:00,256.0,404.12546038627625,148.12546038627625,0.3961280389430352
2024-09-07 11:00:00,256.0,377.0463556051254,121.04635560512543,0.3237110982947679
2024-09-07 12:00:00,256.0,365.2852928638458,109.28529286384583,0.29225879625675355
2024-09-07 13:00:00,256.0,370.52561044692993,114.52561044692993,0.306272840312465
2024-09-07 14:00:00,256.0,365.0356274843216,109.0356274843216,0.29159112267163867
2024-09-07 15:00:00,256.0,364.0956500172615,108.0956500172615,0.28907736555178803
2024-09-07 16:00:00,259.99999999999994,365.2209734916687,105.22097349166876,0.2813896934142023
2024-09-07 17:00:00,259.99999999999994,383.9099997282028,123.90999972820288,0.3313692667672725
2024-09-07 18:00:00,296.0,370.87786227464676,74.87786227464676,0.2002439058467939
2024-09-07 19:00:00,321.0,363.17343413829803,42.173434138298035,0.11278331029069373
2024-09-07 20:00:00,262.99999999999994,369.3762409687042,106.37624096870428,0.28447919496875845
2024-09-07 21:00:00,259.99999999999994,359.82021152973175,99.82021152973181,0.2669465771585553
2024-09-07 22:00:00,259.99999999999994,354.10514026880264,94.1051402688027,0.2516629117771426
2024-09-07 23:00:00,259.99999999999994,367.1278068423271,107.12780684232717,0.2864890878992403
2024-09-08 00:00:00,259.99999999999994,266.116239130497,6.116239130497036,0.016356498107430815
2024-09-08 01:00:00,259.99999999999994,262.71657675504684,2.7165767550469013,0.0072648700622345175
2024-09-08 02:00:00,259.99999999999994,281.8329727649689,21.83297276496893,0.05838734720641674
2024-09-08 03:00:00,259.99999999999994,284.0604293346405,24.06042933464056,0.06434417596815575
2024-09-08 04:00:00,259.99999999999994,288.2871562242508,28.28715622425085,0.0756476009807287
2024-09-08 05:00:00,259.99999999999994,299.6958786249161,39.69587862491613,0.10615764847449317
2024-09-08 06:00:00,259.99999999999994,291.80837631225586,31.808376312255916,0.08506430763271695
2024-09-08 07:00:00,259.99999999999994,312.58368104696274,52.583681046962795,0.14062316092871566
2024-09-08 08:00:00,257.0,314.6906715631485,57.6906715631485,0.15428065190158258
2024-09-08 09:00:00,256.0,313.99717301130295,57.99717301130295,0.15510032069635968
2024-09-08 10:00:00,256.0,318.51802825927734,62.518028259277344,0.1671903254737649
2024-09-08 11:00:00,256.0,313.98422062397003,57.98422062397003,0.15506568246616995
2024-09-08 12:00:00,256.0,294.81088131666183,38.810881316661835,0.10379092335327209
2024-09-08 13:00:00,256.0,309.07296448946,53.07296448945999,0.14193163882345622
2024-09-08 14:00:00,256.0,286.45201832056046,30.452018320560455,0.08143703498185796
2024-09-08 15:00:00,256.0,282.0125949382782,26.0125949382782,0.06956480130997357
2024-09-08 16:00:00,256.0,284.1756436228752,28.175643622875214,0.07534938575165753
2024-09-08 17:00:00,259.99999999999994,284.66895550489426,24.668955504894313,0.06597154156647708
2024-09-08 18:00:00,264.99999999999994,279.1297298669815,14.129729866981563,0.037786766491095525
2024-09-08 19:00:00,259.99999999999994,262.29578644037247,2.295786440372524,0.006139561545228029
2024-09-08 20:00:00,259.99999999999994,272.13753551244736,12.137535512447414,0.03245909330920603
2024-09-08 21:00:00,261.99999999999994,274.91456866264343,12.91456866264349,0.0345370927103773
2024-09-08 22:00:00,272.99999999999983,273.18670839071274,0.18670839071290857,0.0004993093589342652
2024-09-08 23:00:00,276.0,266.5037190914154,9.496280908584595,0.0253956553030118
2024-09-09 00:00:00,274.0,247.78489351272583,26.21510648727417,0.07010637264118087
2024-09-09 01:00:00,276.0,250.94164699316025,25.058353006839752,0.06701289710665709
2024-09-09 02:00:00,276.0,258.595829308033,17.40417069196701,0.04654351782374269
2024-09-09 03:00:00,276.0,287.5263583660126,11.526358366012573,0.030824638274719166
2024-09-09 04:00:00,276.0,280.12609004974365,4.126090049743652,0.011034294547642504
2024-09-09 05:00:00,313.99999999999983,309.8041105270386,4.195889472961255,0.011220957316935782
2024-09-09 06:00:00,371.0,313.41812163591385,57.58187836408615,0.15398970909889
2024-09-09 07:00:00,424.99999999999994,311.7408612370491,113.25913876295084,0.3028859482599897
2024-09-09 08:00:00,440.0,331.63192212581635,108.36807787418365,0.28980591223400326
2024-09-09 09:00:00,428.99999999999983,323.752681016922,105.24731898307783,0.28146014847182477
2024-09-09 10:00:00,425.9999999999999,318.86753618717194,107.13246381282795,0.2865015419134731
2024-09-09 11:00:00,426.9999999999999,320.64611434936523,106.35388565063465,0.2844194107271853
2024-09-09 12:00:00,424.99999999999994,326.7337363958359,98.26626360416407,0.26279089492290514
2024-09-09 13:00:00,423.99999999999994,346.94713175296783,77.05286824703211,0.2060604673500196
2024-09-09 14:00:00,423.99999999999994,349.16815638542175,74.83184361457819,0.20012083934951375
2024-09-09 15:00:00,432.99999999999983,368.4209507703781,64.57904922962172,0.1727020598715783
2024-09-09 16:00:00,435.0,368.6115485429764,66.38845145702362,0.17754089685565078
2024-09-09 17:00:00,401.99999999999994,402.4785304069519,0.47853040695196114,0.0012797213334302354
2024-09-09 18:00:00,348.9999999999999,393.2182815670967,44.218281567096824,0.11825179220997639
2024-09-09 19:00:00,334.0,385.7760286331177,51.776028633117676,0.13846327723276114
2024-09-09 20:00:00,336.0,379.923614859581,43.923614859580994,0.11746377275210836
2024-09-09 21:00:00,336.0,378.15117359161377,42.15117359161377,0.11272377949375414
2024-09-09 22:00:00,331.99999999999983,372.61141687631607,40.61141687631624,0.10860604844002714
2024-09-09 23:00:00,331.99999999999983,365.1295691728592,33.12956917285936,0.08859753909455734
2024-09-10 00:00:00,331.99999999999983,327.7252873778343,4.274712622165509,0.011431752000281714
2024-09-10 01:00:00,331.99999999999983,340.947904586792,8.947904586792163,0.02392914686895898
2024-09-10 02:00:00,354.0,373.8111501932144,19.811150193214417,0.05298044005925028
2024-09-10 03:00:00,444.9999999999999,394.4452768564224,50.55472314357746,0.13519717195106068
2024-09-10 04:00:00,488.99999999999983,416.74495071172714,72.25504928827269,0.19322978577521877
2024-09-10 05:00:00,532.0,420.9208416938782,111.07915830612183,0.2970560836233102
2024-09-10 06:00:00,589.9999999999999,416.3158106803894,173.68418931961048,0.46447907828384755
2024-09-10 07:00:00,606.9999999999999,424.1195207834244,182.8804792165755,0.48907247548198324
2024-09-10 08:00:00,635.0,420.4331061244011,214.5668938755989,0.5738106242599343
2024-09-10 09:00:00,647.9999999999999,426.2699416279793,221.7300583720206,0.5929668874519224
2024-09-10 10:00:00,643.9999999999999,410.33576130867004,233.66423869132984,0.6248821532944887
2024-09-10 11:00:00,644.9999999999999,393.41315746307373,251.58684253692616,0.6728121033219504
2024-09-10 12:00:00,643.9999999999999,396.61915361881256,247.38084638118733,0.6615641179679812
2024-09-10 13:00:00,643.9999999999999,393.54881823062897,250.45118176937092,0.6697750354770097
2024-09-10 14:00:00,643.9999999999999,396.56141370534897,247.43858629465092,0.6617185303062074
2024-09-10 15:00:00,643.9999999999999,397.80596405267715,246.19403594732273,0.6583902619101643
2024-09-10 16:00:00,615.0,400.63265293836594,214.36734706163406,0.5732769814419671
2024-09-10 17:00:00,572.9999999999999,420.00632643699646,152.99367356300343,0.40914697393115057
2024-09-10 18:00:00,522.0,409.20545160770416,112.79454839229584,0.3016435064005048
2024-09-10 19:00:00,511.0,401.3954570889473,109.6045429110527,0.2931125582960596
2024-09-10 20:00:00,512.0,397.7655726671219,114.23442733287811,0.30549413693735394
2024-09-10 21:00:00,512.0,385.7904562354088,126.20954376459122,0.337518877153105
2024-09-10 22:00:00,507.9999999999999,377.8851628303528,130.1148371696471,0.34796270101706306
2024-09-10 23:00:00,509.9999999999999,381.6659617424011,128.33403825759876,0.3432003571300498
2024-09-11 00:00:00,509.9999999999999,448.24019998311996,61.75980001687992,0.16516261554497305
2024-09-11 01:00:00,508.9999999999999,458.18919718265533,50.81080281734455,0.13588199911526322
2024-09-11 02:00:00,509.9999999999999,493.5489195585251,16.4510804414748,0.0439946935306154
2024-09-11 03:00:00,512.0,502.0741277933121,9.925872206687927,0.026544500059483066
2024-09-11 04:00:00,505.99999999999983,527.1949142217636,21.19491422176378,0.05668100395663655
2024-09-11 05:00:00,546.9999999999999,534.9751389026642,12.024861097335702,0.03215777107209121
2024-09-11 06:00:00,598.9999999999999,524.3069154024124,74.69308459758747,0.1997497597448134
2024-09-11 07:00:00,613.0,545.9141528606415,67.08584713935852,0.1794059238624209
2024-09-11 08:00:00,646.9999999999999,545.9407067298889,101.05929327011097,0.2702602210022709
2024-09-11 09:00:00,662.9999999999999,544.780125617981,118.21987438201893,0.3161523135922683
2024-09-11 10:00:00,655.9999999999999,526.7498713731766,129.2501286268233,0.3456502336098204
2024-09-11 11:00:00,654.0,520.1545983552933,133.84540164470673,0.35793925188010994
2024-09-11 12:00:00,653.0,504.7597271203995,148.24027287960052,0.39643507898671243
2024-09-11 13:00:00,654.0,532.9287207126617,121.07127928733826,0.3237777510452975
2024-09-11 14:00:00,653.0,516.9140231609344,136.08597683906555,0.36393116343624105
2024-09-11 15:00:00,654.9999999999999,528.9282917976379,126.07170820236195,0.3371502671192857
2024-09-11 16:00:00,627.9999999999999,541.0134297609329,86.98657023906696,0.23262590639937472
2024-09-11 17:00:00,579.9999999999999,555.4566103219986,24.54338967800129,0.0656357441644931
2024-09-11 18:00:00,517.0,548.1611412763596,31.161141276359558,0.08333342392888744
2024-09-11 19:00:00,507.9999999999999,520.216144323349,12.216144323349113,0.03266931479324348
2024-09-11 20:00:00,506.99999999999983,526.6767007112503,19.676700711250476,0.05262088533119478
2024-09-11 21:00:00,505.99999999999983,523.0212950706482,17.021295070648364,0.04551960357809891
2024-09-11 22:00:00,500.99999999999994,500.897673368454,0.10232663154596366,0.00027364943055869557
2024-09-11 23:00:00,499.99999999999994,495.3356999158859,4.664300084114018,0.012473615545522416
2024-09-12 00:00:00,499.99999999999994,485.0111424922943,14.988857507705632,0.04008430903803037
2024-09-12 01:00:00,500.99999999999994,500.40483355522156,0.5951664447783855,0.0015916380344064293
2024-09-12 02:00:00,499.99999999999994,528.8250267505646,28.825026750564632,0.07708601404110545
2024-09-12 03:00:00,499.99999999999994,543.4699577093124,43.469957709312496,0.11625056931753529
2024-09-12 04:00:00,535.9999999999999,566.249577999115,30.249577999115104,0.08089565413262366
2024-09-12 05:00:00,588.9999999999999,565.9066790342331,23.093320965766793,0.06175786338820946
2024-09-12 06:00:00,642.9999999999999,562.7176183462143,80.28238165378559,0.21469707046484796
2024-09-12 07:00:00,661.0,581.614944934845,79.38505506515503,0.21229737347205063
2024-09-12 08:00:00,661.0,580.4426801204681,80.55731987953186,0.21543233056065683
2024-09-12 09:00:00,654.9999999999999,581.3058578968048,73.69414210319508,0.19707831399680623
2024-09-12 10:00:00,647.9999999999999,562.6802659034729,85.31973409652699,0.22816833016189417
2024-09-12 11:00:00,646.9999999999999,550.7651317119598,96.23486828804005,0.2573583876362049
2024-09-12 12:00:00,643.9999999999999,539.0855008363724,104.91449916362751,0.2805700971460336
2024-09-12 13:00:00,642.9999999999999,554.4590109586716,88.54098904132832,0.2367828478882332
2024-09-12 14:00:00,643.9999999999999,541.9643533229828,102.0356466770171,0.27287125734527695
2024-09-12 15:00:00,611.0,549.2933392524719,61.706660747528076,0.1650205065887928
2024-09-12 16:00:00,526.9999999999999,551.6877311468124,24.687731146812553,0.06602175277387906
2024-09-12 17:00:00,617.9999999999999,558.7920123338699,59.20798766612995,0.1583383706135672
2024-09-12 18:00:00,599.9999999999999,548.667140007019,51.33285999298084,0.13727812294611347
2024-09-12 19:00:00,618.9999999999999,526.0269570350647,92.97304296493519,0.24863537360980614
2024-09-12 20:00:00,571.9999999999999,526.4478063583374,45.552193641662484,0.1218190383325686
2024-09-12 21:00:00,495.0,517.0804274082184,22.080427408218384,0.059049108677416605
2024-09-12 22:00:00,397.0,491.18978530168533,94.18978530168533,0.25188927577152026
2024-09-12 23:00:00,504.99999999999994,491.01892590522766,13.981074094772282,0.03738922025313439
2024-09-13 00:00:00,507.9999999999999,448.05641770362854,59.943582296371346,0.1603055520661998
2024-09-13 01:00:00,507.9999999999999,467.64553159475327,40.35446840524662,0.10791889787395437
2024-09-13 02:00:00,501.99999999999994,494.2552524805069,7.744747519493046,0.020711575437506336
2024-09-13 03:00:00,499.99999999999994,516.6200423240662,16.62004232406622,0.0444465438677048
2024-09-13 04:00:00,535.9999999999999,537.2804868221283,1.2804868221284096,0.0034243723693372654
2024-09-13 05:00:00,595.0,534.680626988411,60.31937301158905,0.16131051933302887
2024-09-13 06:00:00,645.9999999999999,535.0317281484604,110.9682718515395,0.29675954288220807
2024-09-13 07:00:00,660.0,543.2883882522583,116.7116117477417,0.3121188063345069
2024-09-13 08:00:00,645.9999999999999,536.9923478364944,109.00765216350544,0.29151630900392206
2024-09-13 09:00:00,636.9999999999999,534.393373131752,102.60662686824787,0.2743982147153181
2024-09-13 10:00:00,640.0,511.6706371307373,128.3293628692627,0.34318785386148254
2024-09-13 11:00:00,636.0,494.7458204627037,141.2541795372963,0.37775235254425427
2024-09-13 12:00:00,636.0,482.5569158792496,153.44308412075043,0.410348820814572
2024-09-13 13:00:00,636.9999999999999,486.4363771677017,150.56362283229817,0.4026483529109957
2024-09-13 14:00:00,636.0,480.9799110889435,155.02008891105652,0.4145661634196763
2024-09-13 15:00:00,640.0,483.9406970143318,156.05930298566818,0.4173453063998527
2024-09-13 16:00:00,589.9999999999999,484.1800653934479,105.81993460655201,0.2829914794354785
2024-09-13 17:00:00,438.99999999999994,490.294064283371,51.29406428337103,0.13717437259605844
2024-09-13 18:00:00,421.99999999999994,480.66271036863327,58.66271036863333,0.15688014981901763
2024-09-13 19:00:00,421.99999999999994,469.75405633449554,47.7540563344956,0.1277074220598446
2024-09-13 20:00:00,391.99999999999983,469.81905430555344,77.8190543055536,0.2081094586580374
2024-09-13 21:00:00,339.0,457.5000947713852,118.50009477138519,0.3169016996398934
2024-09-13 22:00:00,280.0,440.6974259018898,160.6974259018898,0.4297489170309245
2024-09-13 23:00:00,262.99999999999994,444.40531969070435,181.4053196907044,0.485127494999981
2024-09-14 00:00:00,263.99999999999994,332.9350680112839,68.93506801128393,0.18435124680459494
2024-09-14 01:00:00,263.99999999999994,353.03242295980453,89.03242295980459,0.23809707674455838
2024-09-14 02:00:00,242.99999999999994,367.4024623632431,124.40246236324316,0.3326862466933603
2024-09-14 03:00:00,263.99999999999994,404.09276962280273,140.0927696228028,0.37464642443008966
2024-09-14 04:00:00,261.0,416.79304271936417,155.79304271936417,0.41663325354368325
2024-09-14 05:00:00,259.99999999999994,421.5974932909012,161.59749329090124,0.43215594367439214
2024-09-14 06:00:00,259.99999999999994,434.285227060318,174.28522706031805,0.4660864177711738
2024-09-14 07:00:00,259.99999999999994,440.6048119068146,180.60481190681463,0.4829867180007807
2024-09-14 08:00:00,257.0,452.60890156030655,195.60890156030655,0.5231117619673202
2024-09-14 09:00:00,256.0,462.69650995731354,206.69650995731354,0.5527630626918622
2024-09-14 10:00:00,256.0,452.3747554421425,196.3747554421425,0.5251598649439283
2024-09-14 11:00:00,296.0,431.3766932487488,135.37669324874878,0.36203434490852837
2024-09-14 12:00:00,317.0,450.11729300022125,133.11729300022125,0.3559920900031081
2024-09-14 13:00:00,267.9999999999999,432.5536787509918,164.55367875099193,0.44006159302058745
2024-09-14 14:00:00,256.0,439.73092406988144,183.73092406988144,0.4913467978779492
2024-09-14 15:00:00,256.0,435.55506259202957,179.55506259202957,0.4801794009037523
2024-09-14 16:00:00,258.99999999999994,418.3070558309555,159.30705583095556,0.42603068676741673
2024-09-14 17:00:00,259.99999999999994,440.9140169620514,180.91401696205145,0.4838136169811641
2024-09-14 18:00:00,259.99999999999994,418.4419494867325,158.44194948673254,0.42371715553031153
2024-09-14 19:00:00,259.99999999999994,412.63140231370926,152.63140231370932,0.4081781614179331
2024-09-14 20:00:00,259.99999999999994,395.27074813842773,135.2707481384278,0.36175101867495846
2024-09-14 21:00:00,259.99999999999994,379.5933437347412,119.59334373474127,0.3198253467077331
2024-09-14 22:00:00,259.99999999999994,360.271597802639,100.27159780263906,0.268153707645281
2024-09-14 23:00:00,259.99999999999994,372.55426704883575,112.55426704883581,0.3010009282972455
2024-09-15 00:00:00,259.99999999999994,274.2715519666672,14.271551966667232,0.03816603761761735
2024-09-15 01:00:00,259.99999999999994,264.3967580795288,4.396758079528865,0.011758134970239599
2024-09-15 02:00:00,257.0,281.4875954389572,24.487595438957214,0.06548653509240507
2024-09-15 03:00:00,256.0,279.93372201919556,23.933722019195557,0.06400532591323559
2024-09-15 04:00:00,256.0,277.8070816397667,21.807081639766693,0.058318107248440276
2024-09-15 05:00:00,256.0,294.3558955192566,38.35589551925659,0.10257416675246174
2024-09-15 06:00:00,256.0,281.8014621734619,25.801462173461914,0.06900017448710873
2024-09-15 07:00:00,256.0,304.5835018157959,48.5835018157959,0.1299255863852808
2024-09-15 08:00:00,256.0,309.88501131534576,53.885011315345764,0.1441032743804307
2024-09-15 09:00:00,252.99999999999986,319.7928500175476,66.79285001754775,0.17862236933387338
2024-09-15 10:00:00,294.99999999999983,336.28097355365753,41.2809735536577,0.11039662632491491
2024-09-15 11:00:00,315.0,329.1581931710243,14.158193171024323,0.03786288515957355
2024-09-15 12:00:00,266.9999999999999,333.94818663597107,66.94818663597118,0.17903778198387732
2024-09-15 13:00:00,252.99999999999986,341.6206616163254,88.62066161632552,0.23699591416872867
2024-09-15 14:00:00,256.0,329.705114364624,73.70511436462402,0.19710765682815531
2024-09-15 15:00:00,256.0,330.23896515369415,74.23896515369415,0.19853532001050808
2024-09-15 16:00:00,256.0,326.5855658054352,70.58556580543518,0.18876512982492083
2024-09-15 17:00:00,256.0,334.14008259773254,78.14008259773254,0.20896797621129562
2024-09-15 18:00:00,256.0,322.5546884536743,66.55468845367432,0.17798546010164035
2024-09-15 19:00:00,256.0,298.53444188833237,42.53444188833237,0.11374874386093488
2024-09-15 20:00:00,256.0,296.7947208881378,40.79472088813782,0.10909625355766131
2024-09-15 21:00:00,256.0,295.0793704390526,39.07937043905258,0.10450893678089507
2024-09-15 22:00:00,256.0,288.3552521467209,32.355252146720886,0.08652680335281138
2024-09-15 23:00:00,256.0,280.21740585565567,24.21740585565567,0.06476397416670757
2024-09-16 00:00:00,256.0,247.2385624051094,8.761437594890594,0.023430483076543055
2024-09-16 01:00:00,256.0,249.074644446373,6.925355553627014,0.018520296965069856
2024-09-16 02:00:00,256.0,256.52527660131454,0.5252766013145447,0.001404733456616965
2024-09-16 03:00:00,256.0,277.9697388410568,21.969738841056824,0.05875309714146066
2024-09-16 04:00:00,258.99999999999994,269.7873705625534,10.787370562553463,0.028848382547825912
2024-09-16 05:00:00,298.0,296.55257910490036,1.44742089509964,0.0038707997882726918
2024-09-16 06:00:00,354.99999999999983,295.2046751976013,59.79532480239851,0.15990907093329454
2024-09-16 07:00:00,407.9999999999999,300.3270050883293,107.67299491167057,0.2879470700732768
2024-09-16 08:00:00,418.0,313.61270248889923,104.38729751110077,0.2791602155753816
2024-09-16 09:00:00,416.0,312.1411755681038,103.85882443189621,0.277746933861667
2024-09-16 10:00:00,416.0,317.74365842342377,98.25634157657623,0.2627643607044092
2024-09-16 11:00:00,416.0,309.2586940526962,106.74130594730377,0.2854554786790827
2024-09-16 12:00:00,416.0,320.4385221004486,95.56147789955139,0.25555755735801045
2024-09-16 13:00:00,416.0,333.7756749987602,82.22432500123978,0.21989035869470025
2024-09-16 14:00:00,416.0,336.5320551395416,79.46794486045837,0.21251904348054396
2024-09-16 15:00:00,416.0,349.29260551929474,66.70739448070526,0.17839383782998497
2024-09-16 16:00:00,416.0,346.9027277827263,69.09727221727371,0.18478502526414867
2024-09-16 17:00:00,388.9999999999999,374.56631273031235,14.433687269687539,0.03859963181176455
2024-09-16 18:00:00,377.0,358.93862307071686,18.061376929283142,0.04830106725035896
2024-09-16 19:00:00,339.0,344.8450094461441,5.845009446144104,0.015631155666734377
2024-09-16 20:00:00,326.9999999999999,339.14595901966095,12.145959019661063,0.032481620073915245
2024-09-16 21:00:00,327.9999999999999,335.99398523569107,7.993985235691184,0.021378105333789827
2024-09-16 22:00:00,315.0,327.46367275714874,12.463672757148743,0.03333127360037893
2024-09-16 23:00:00,311.9999999999999,322.4030953645706,10.403095364570731,0.027820725450967705
2024-09-17 00:00:00,311.9999999999999,301.33330821990967,10.666691780090218,0.028525654440756835
2024-09-17 01:00:00,310.9999999999999,309.0955647826195,1.90443521738041,0.005092981220025627
2024-09-17 02:00:00,311.9999999999999,338.2004642486572,26.20046424865734,0.07006721528596391
2024-09-17 03:00:00,311.9999999999999,355.7789486646652,43.778948664665336,0.11707689573620678
2024-09-17 04:00:00,311.9999999999999,370.1121962070465,58.11219620704662,0.15540792421599825
2024-09-17 05:00:00,348.9999999999999,373.5747617483139,24.574761748314017,0.06571964167041919
2024-09-17 06:00:00,402.99999999999994,366.90932750701904,36.0906724929809,0.09651634014502233
2024-09-17 07:00:00,418.99999999999994,371.2045043706894,47.79549562931055,0.12781824208057177
2024-09-17 08:00:00,451.99999999999983,365.92612624168396,86.07387375831587,0.23018510610665452
2024-09-17 09:00:00,468.9999999999999,376.448155939579,92.55184406042088,0.24750897241169267
2024-09-17 10:00:00,467.9999999999999,364.1653686761856,103.83463132381428,0.27768223486640015
2024-09-17 11:00:00,467.9999999999999,352.9455918073654,115.05440819263447,0.3076869902732967
2024-09-17 12:00:00,467.9999999999999,361.88622057437897,106.11377942562092,0.2837773009386002
2024-09-17 13:00:00,467.9999999999999,354.745472073555,113.2545279264449,0.3028736176206909
2024-09-17 14:00:00,467.9999999999999,362.03179478645325,105.96820521354664,0.2833879956361945
2024-09-17 15:00:00,467.9999999999999,364.0328058600426,103.96719413995731,0.2780367441334672
2024-09-17 16:00:00,431.99999999999983,367.5790750980377,64.42092490196211,0.17227919212378098
2024-09-17 17:00:00,386.9999999999999,385.1658207178116,1.8341792821883018,0.004905097612716095
2024-09-17 18:00:00,344.9999999999999,376.5761160850525,31.576116085052604,0.08444318019057037
2024-09-17 19:00:00,338.0,370.6801834702492,32.680183470249176,0.08739575868057724
2024-09-17 20:00:00,336.0,363.99831533432007,27.99831533432007,0.07487516135423596
2024-09-17 21:00:00,331.99999999999983,352.5569021701813,20.556902170181445,0.054974785038185515
2024-09-17 22:00:00,330.9999999999999,349.37911212444305,18.379112124443168,0.04915077816051377
2024-09-17 23:00:00,336.0,346.48255705833435,10.48255705833435,0.0280332277773037
2024-09-18 00:00:00,336.0,331.479856967926,4.520143032073975,0.012088100117077394
2024-09-18 01:00:00,336.0,350.49596786499023,14.495967864990234,0.038766187176501474
2024-09-18 02:00:00,336.0,359.73801255226135,23.738012552261353,0.0634819452119229
2024-09-18 03:00:00,336.0,406.67356967926025,70.67356967926025,0.1890004762796546
2024-09-18 04:00:00,336.0,409.52347844839096,73.52347844839096,0.19662191265486198
2024-09-18 05:00:00,369.99999999999983,422.9037666320801,52.90376663208025,0.14147915742517117
2024-09-18 06:00:00,422.99999999999994,439.7087663412094,16.70876634120947,0.04468381618285205
2024-09-18 07:00:00,437.0,433.1592544913292,3.840745508670807,0.01027120511532261
2024-09-18 08:00:00,475.0,454.76023703813553,20.23976296186447,0.05412666796003473
2024-09-18 09:00:00,482.99999999999994,461.13475888967514,21.865241110324803,0.05847364159721509
2024-09-18 10:00:00,477.0,438.7011355161667,38.29886448383331,0.10242165014821153
2024-09-18 11:00:00,477.99999999999994,437.4081686139107,40.59183138608927,0.10855367147650502
2024-09-18 12:00:00,476.0,457.6890993118286,18.310900688171387,0.04896836210311644
2024-09-18 13:00:00,469.99999999999983,448.88000071048737,21.119999289512464,0.0564806609155221
2024-09-18 14:00:00,477.99999999999994,459.53925490379333,18.460745096206608,0.04936908707873361
2024-09-18 15:00:00,490.9999999999999,465.2474516630173,25.752548336982613,0.0688693654953851
2024-09-18 16:00:00,454.0,453.6782258749008,0.32177412509918213,0.000860512114701649
2024-09-18 17:00:00,437.0,487.58126199245453,50.58126199245453,0.13526814409949528
2024-09-18 18:00:00,386.9999999999999,468.2044315338135,81.20443153381359,0.217162884308266
2024-09-18 19:00:00,371.9999999999999,461.13346070051193,89.13346070051205,0.23836727932810686
2024-09-18 20:00:00,342.99999999999994,438.65322053432465,95.6532205343247,0.2558029022832208
2024-09-18 21:00:00,332.99999999999983,428.15594494342804,95.15594494342821,0.2544730511953499
2024-09-18 22:00:00,336.0,410.35541117191315,74.35541117191315,0.1988467285470252
2024-09-18 23:00:00,336.0,407.4405634403229,71.44056344032288,0.1910516276054224
2024-09-19 00:00:00,336.0,344.45525765419006,8.455257654190063,0.0226116740807289
2024-09-19 01:00:00,336.0,361.4409711956978,25.440971195697784,0.06803612290741423
2024-09-19 02:00:00,336.0,382.1906366944313,46.190636694431305,0.12352640986620368
2024-09-19 03:00:00,331.99999999999983,410.65045416355133,78.6504541635515,0.21033284952188605
2024-09-19 04:00:00,371.9999999999999,428.03589195013046,56.035891950130576,0.14985531812521286
2024-09-19 05:00:00,425.9999999999999,431.78550481796265,5.78550481796276,0.015472023998160713
2024-09-19 06:00:00,475.0,437.73363053798676,37.266369462013245,0.09966047575492726
2024-09-19 07:00:00,494.0,448.2364824414253,45.76351755857468,0.1223841763484768
2024-09-19 08:00:00,486.9999999999999,458.22994261980057,28.77005738019932,0.0769390108937197
2024-09-19 09:00:00,484.9999999999999,468.4748089313507,16.52519106864918,0.044192885639729305
2024-09-19 10:00:00,491.99999999999983,450.8026483654976,41.19735163450224,0.11017299841678
2024-09-19 11:00:00,487.99999999999983,444.56278413534164,43.437215864658185,0.11616300865996523
2024-09-19 12:00:00,487.99999999999983,455.19557297229767,32.80442702770216,0.0877280199720312
2024-09-19 13:00:00,488.99999999999983,461.1948001384735,27.80519986152632,0.07435871770351005
2024-09-19 14:00:00,487.99999999999983,464.4787761569023,23.521223843097516,0.06290219284523241
2024-09-19 15:00:00,487.99999999999983,473.25689524412155,14.743104755878278,0.03942709889068393
2024-09-19 16:00:00,487.99999999999983,474.7032845020294,13.29671549797041,0.035559057982732095
2024-09-19 17:00:00,473.99999999999983,500.69179236888885,26.691792368889026,0.07138116120881471
2024-09-19 18:00:00,472.0,486.7899566888809,14.78995668888092,0.03955239378794621
2024-09-19 19:00:00,450.99999999999983,474.9984160065651,23.998416006565265,0.06417833534916467
2024-09-19 20:00:00,402.99999999999994,463.54750245809555,60.54750245809561,0.16192059993655336
2024-09-19 21:00:00,351.99999999999983,453.2520067691803,101.25200676918047,0.2707755896651947
2024-09-19 22:00:00,334.0,429.5836579799652,95.58365797996521,0.2556168729661106
2024-09-19 23:00:00,336.0,428.4086787700653,92.40867877006531,0.2471261092255438
2024-09-20 00:00:00,336.0,362.0667573809624,26.066757380962372,0.06970964651179705
2024-09-20 01:00:00,336.0,387.3494929075241,51.34949290752411,0.1373226039138198
2024-09-20 02:00:00,336.0,419.2681288719177,83.26812887191772,0.22268177604627876
2024-09-20 03:00:00,336.0,460.0221812725067,124.02218127250671,0.33166927093289533
2024-09-20 04:00:00,368.99999999999983,492.3272940516472,123.32729405164736,0.3298109522389465
2024-09-20 05:00:00,426.9999999999999,494.51967000961304,67.51967000961315,0.18056608500146118
2024-09-20 06:00:00,473.99999999999983,507.9849600791931,33.984960079193286,0.09088508859058682
2024-09-20 07:00:00,492.99999999999983,510.86640894412994,17.866408944130114,0.04777966947435246
2024-09-20 08:00:00,486.9999999999999,519.1164600849152,32.116460084915275,0.08588820799647258
2024-09-20 09:00:00,491.99999999999983,511.69418156147003,19.694181561470202,0.05266763391107119
2024-09-20 10:00:00,490.9999999999999,478.7706881761551,12.229311823844796,0.032704528294930056
2024-09-20 11:00:00,491.99999999999983,465.27152717113495,26.72847282886488,0.0714792548021772
2024-09-20 12:00:00,488.99999999999983,460.42432487010956,28.57567512989027,0.07641917953306462
2024-09-20 13:00:00,487.99999999999983,462.853826880455,25.146173119544812,0.06724775213384075
2024-09-20 14:00:00,487.99999999999983,463.32545310258865,24.674546897411176,0.06598649448103269
2024-09-20 15:00:00,487.99999999999983,471.1042910814285,16.8957089185713,0.04518375182100761
2024-09-20 16:00:00,487.99999999999983,467.4695384502411,20.53046154975874,0.05490407557953358
2024-09-20 17:00:00,470.99999999999983,490.3270500898361,19.32705008983629,0.05168582383255152
2024-09-20 18:00:00,466.9999999999999,483.9355927705765,16.93559277057659,0.04529041216176975
2024-09-20 19:00:00,444.9999999999999,488.158395588398,43.15839558839809,0.11541736689814765
2024-09-20 20:00:00,402.99999999999994,477.3136478662491,74.31364786624914,0.19873504203257106
2024-09-20 21:00:00,346.9999999999999,457.5174432992935,110.51744329929363,0.29555390389323904
2024-09-20 22:00:00,294.99999999999983,441.6025587916374,146.6025587916376,0.39205538309700944
2024-09-20 23:00:00,276.0,454.80647027492523,178.80647027492523,0.47817746007758327
2024-09-21 00:00:00,276.0,295.30428171157837,19.30428171157837,0.05162493495493586
2024-09-21 01:00:00,276.0,313.9450979232788,37.94509792327881,0.10147558150133182
2024-09-21 02:00:00,276.0,336.60746812820435,60.607468128204346,0.16208096455747764
2024-09-21 03:00:00,276.0,365.68543016910553,89.68543016910553,0.23984339682053643
2024-09-21 04:00:00,276.0,383.64847362041473,107.64847362041473,0.2878814934263439
2024-09-21 05:00:00,276.0,382.7954453229904,106.79544532299042,0.28560026219343887
2024-09-21 06:00:00,276.0,387.77193546295166,111.77193546295166,0.29890875942829265
2024-09-21 07:00:00,276.0,390.76113402843475,114.76113402843475,0.30690269485754484
2024-09-21 08:00:00,276.0,387.1167039871216,111.11670398712158,0.2971564910545947
2024-09-21 09:00:00,276.0,390.8360454440117,114.83604544401169,0.30710302849410914
2024-09-21 10:00:00,272.99999999999983,377.1935820579529,104.19358205795305,0.2786421674129101
2024-09-21 11:00:00,304.99999999999994,354.10505175590515,49.10505175590521,0.13132035372944695
2024-09-21 12:00:00,321.99999999999994,360.35270512104034,38.3527051210404,0.10256563475407651
2024-09-21 13:00:00,283.9999999999999,349.4313642382622,65.43136423826229,0.17498138357497175
2024-09-21 14:00:00,261.99999999999994,358.6536115407944,96.65361154079443,0.2584782217491363
2024-09-21 15:00:00,263.99999999999994,358.8872855901718,94.88728559017187,0.2537545825237818
2024-09-21 16:00:00,266.9999999999999,354.7131058573723,87.7131058573724,0.2345688615736647
2024-09-21 17:00:00,266.9999999999999,370.7166212797165,103.7166212797166,0.2773666436964413
2024-09-21 18:00:00,264.99999999999994,359.16981875896454,94.1698187589646,0.2518358797692947
2024-09-21 19:00:00,288.9999999999999,364.137162566185,75.13716256618511,0.20093734582474626
2024-09-21 20:00:00,276.0,356.466723382473,80.46672338247299,0.21519005072151606
2024-09-21 21:00:00,267.9999999999999,338.9679005742073,70.96790057420742,0.189787597682766
2024-09-21 22:00:00,267.9999999999999,330.8181345462799,62.81813454628002,0.1679928918565787
2024-09-21 23:00:00,267.9999999999999,342.2128129005432,74.21281290054333,0.19846538172489828
2024-09-22 00:00:00,267.9999999999999,276.14244908094406,8.142449080944175,0.021775138306518792
2024-09-22 01:00:00,267.9999999999999,274.65664207935333,6.656642079353446,0.017801683559082966
2024-09-22 02:00:00,267.9999999999999,299.34997022151947,31.349970221519584,0.08383840423103713
2024-09-22 03:00:00,267.9999999999999,305.6271278858185,37.627127885818595,0.10062524255856471
2024-09-22 04:00:00,267.9999999999999,312.3464074730873,44.346407473087424,0.11859443596443629
2024-09-22 05:00:00,266.9999999999999,329.5031279325485,62.50312793254864,0.1671504779202703
2024-09-22 06:00:00,306.9999999999999,317.4706846475601,10.470684647560233,0.028001477700137948
2024-09-22 07:00:00,360.99999999999994,331.91324561834335,29.08675438165659,0.07778594538964807
2024-09-22 08:00:00,407.9999999999999,332.2610718011856,75.73892819881428,0.2025466318943732
2024-09-22 09:00:00,422.99999999999994,332.20386296510696,90.79613703489298,0.24281373109958324
2024-09-22 10:00:00,419.99999999999994,334.4871121644974,85.51288783550257,0.22868487614686786
2024-09-22 11:00:00,419.99999999999994,323.56270283460617,96.43729716539377,0.2578997378808047
2024-09-22 12:00:00,419.99999999999994,317.3324865102768,102.66751348972315,0.27456104221235994
2024-09-22 13:00:00,419.99999999999994,328.9776858687401,91.02231413125986,0.24341859058426601
2024-09-22 14:00:00,419.99999999999994,319.1704273223877,100.82957267761225,0.26964588523869554
2024-09-22 15:00:00,419.99999999999994,321.5234836935997,98.47651630640024,0.263353168217463
2024-09-22 16:00:00,386.9999999999999,325.3848883509636,61.615111649036294,0.16477567923259095
2024-09-22 17:00:00,371.0,339.0156090259552,31.9843909740448,0.0855350190324846
2024-09-22 18:00:00,340.0,330.3714394569397,9.628560543060303,0.025749407264763127
2024-09-22 19:00:00,321.99999999999994,313.98622691631317,8.013773083686772,0.021431023457392305
2024-09-22 20:00:00,323.99999999999994,319.98769640922546,4.012303590774479,0.01072999840076682
2024-09-22 21:00:00,323.99999999999994,318.65067958831787,5.349320411682072,0.014305547465180368
2024-09-22 22:00:00,332.99999999999983,317.69043266773224,15.30956733226759,0.04094197492168196
2024-09-22 23:00:00,336.0,313.89685839414597,22.103141605854034,0.059109852661213255
2024-09-23 00:00:00,336.0,316.20149821043015,19.798501789569855,0.05294661476467624
2024-09-23 01:00:00,336.0,330.9026348590851,5.097365140914917,0.013631750083892353
2024-09-23 02:00:00,340.99999999999994,353.60353767871857,12.603537678718624,0.03370531069672899
2024-09-23 03:00:00,427.9999999999999,382.31039464473724,45.68960535526264,0.12218651487910075
2024-09-23 04:00:00,482.99999999999994,398.2164868712425,84.78351312875742,0.22673432847272626
2024-09-23 05:00:00,501.99999999999994,409.5677053928375,92.43229460716242,0.24718926444013609
2024-09-23 06:00:00,536.9999999999999,413.3966553211212,123.60334467887867,0.33054918720091037
2024-09-23 07:00:00,598.0,419.86364364624023,178.13635635375977,0.4763853919701325
2024-09-23 08:00:00,611.0,429.8813858628273,181.1186141371727,0.4843607658476906
2024-09-23 09:00:00,601.9999999999999,429.5140868425369,172.48591315746296,0.461274559729199
2024-09-23 10:00:00,597.0,409.6246486902237,187.3753513097763,0.5010929941891398
2024-09-23 11:00:00,595.0,406.5110009908676,188.48899900913239,0.5040711930623716
2024-09-23 12:00:00,592.0,407.8437691926956,184.15623080730438,0.492484184546016
2024-09-23 13:00:00,592.0,425.16698241233826,166.83301758766174,0.4461571691700362
2024-09-23 14:00:00,594.0,425.9321469068527,168.06785309314728,0.44945945741899507
2024-09-23 15:00:00,593.0,440.5861946940422,152.4138053059578,0.4075962474395009
2024-09-23 16:00:00,605.0,447.7884006500244,157.2115993499756,0.42042686238546073
2024-09-23 17:00:00,571.0,476.42899096012115,94.57100903987885,0.25290877242938936
2024-09-23 18:00:00,533.0,467.36901730298996,65.63098269701004,0.17551521799070535
2024-09-23 19:00:00,523.0,457.821190059185,65.17880994081497,0.17430598423232296
2024-09-23 20:00:00,504.99999999999994,451.7726907134056,53.227309286594334,0.142344399071765
2024-09-23 21:00:00,502.99999999999994,443.93283784389496,59.067162156104985,0.15796176464067185
2024-09-23 22:00:00,499.99999999999994,426.666656434536,73.33334356546396,0.1961134399175478
2024-09-23 23:00:00,499.99999999999994,423.13690960407257,76.86309039592737,0.20555294941355615
2024-09-24 00:00:00,499.99999999999994,471.6153645515442,28.384635448455754,0.07590828711680066
2024-09-24 01:00:00,499.99999999999994,485.68800061941147,14.311999380588475,0.03827420507725027
2024-09-24 02:00:00,499.99999999999994,526.5846472978592,26.58464729785925,0.07109462595175117
2024-09-24 03:00:00,499.99999999999994,536.665912270546,36.665912270546016,0.09805468881522844
2024-09-24 04:00:00,499.99999999999994,569.543319940567,69.54331994056707,0.18597787900747162
2024-09-24 05:00:00,533.0,574.6105653047562,41.610565304756165,0.1112780449120637
2024-09-24 06:00:00,593.0,564.2690134048462,28.73098659515381,0.07683452491663188
2024-09-24 07:00:00,636.0,586.0541617870331,49.94583821296692,0.133568846929314
2024-09-24 08:00:00,657.0,585.1404136419296,71.85958635807037,0.1921722096191198
2024-09-24 09:00:00,660.0,581.8510973453522,78.14890265464783,0.2089915634584853
2024-09-24 10:00:00,659.0,554.793176651001,104.20682334899902,0.2786775782507325
2024-09-24 11:00:00,660.0,549.8881459236145,110.1118540763855,0.2944692472577893
2024-09-24 12:00:00,657.0,526.4971965551376,130.50280344486237,0.3490002290650859
2024-09-24 13:00:00,655.9999999999999,558.6263161897659,97.37368381023396,0.2604038921588451
2024-09-24 14:00:00,655.9999999999999,539.1503512859344,116.84964871406544,0.31248795497802084
2024-09-24 15:00:00,655.9999999999999,550.7915675640106,105.20843243598927,0.28135615519747953
2024-09-24 16:00:00,619.9999999999999,567.5254029035568,52.47459709644306,0.14033144057701613
2024-09-24 17:00:00,627.9999999999999,583.2925593852997,44.707440614700204,0.11955993743871063
2024-09-24 18:00:00,607.9999999999999,578.3458685874939,29.65413141250599,0.07930326692225691
2024-09-24 19:00:00,598.0,551.1250841617584,46.87491583824158,0.1253563596575516
2024-09-24 20:00:00,574.0,562.337366938591,11.662633061408997,0.031189074123250348
2024-09-24 21:00:00,517.9999999999999,560.5572545528412,42.5572545528413,0.11380975117211166
2024-09-24 22:00:00,502.99999999999994,538.0636489391327,35.06364893913275,0.09376979795522422
2024-09-24 23:00:00,506.99999999999983,533.219810128212,26.219810128212146,0.07011895146494145
2024-09-25 00:00:00,507.9999999999999,465.2186259627342,42.781374037265664,0.11440910803907045
2024-09-25 01:00:00,522.0,486.03995740413666,35.96004259586334,0.09616700003267725
2024-09-25 02:00:00,526.9999999999999,510.2526605129242,16.747339487075692,0.04478697133651709
2024-09-25 03:00:00,523.0,531.8343472480774,8.834347248077393,0.023625463452378426
2024-09-25 04:00:00,517.9999999999999,551.9137930870056,33.91379308700573,0.09069476856741718
2024-09-25 05:00:00,552.0,541.1218875646591,10.878112435340881,0.029091051161469785
2024-09-25 06:00:00,617.9999999999999,544.6831744909286,73.31682550907124,0.196069266111985
2024-09-25 07:00:00,624.9999999999999,549.544243812561,75.45575618743885,0.20178935240131923
2024-09-25 08:00:00,642.0,543.9451539516449,98.0548460483551,0.26222550649094795
2024-09-25 09:00:00,659.0,558.2951009273529,100.7048990726471,0.2693124738824438
2024-09-25 10:00:00,652.0,541.4142751693726,110.58572483062744,0.2957365074040248
2024-09-25 11:00:00,653.0,520.0558179616928,132.9441820383072,0.3555291438918607
2024-09-25 12:00:00,652.0,533.7618041038513,118.23819589614868,0.3162013103376203
2024-09-25 13:00:00,652.0,506.967710852623,145.032289147377,0.38785605211656476
2024-09-25 14:00:00,652.0,513.5010248422623,138.49897515773773,0.37038418163754017
2024-09-25 15:00:00,644.9999999999999,506.33838415145874,138.66161584854115,0.3708191273769984
2024-09-25 16:00:00,609.9999999999999,491.91503047943115,118.08496952056873,0.31579154105478024
2024-09-25 17:00:00,556.0,493.31123292446136,62.688767075538635,0.1676469278180254
2024-09-25 18:00:00,516.0,479.8311907052994,36.16880929470062,0.0967252993472675
2024-09-25 19:00:00,494.0,472.6120787858963,21.3879212141037,0.057197157500926146
2024-09-25 20:00:00,491.99999999999983,454.5778414607048,37.422158539295026,0.10007709840380508
2024-09-25 21:00:00,492.99999999999983,436.33748710155487,56.66251289844496,0.15153107411455524
2024-09-25 22:00:00,484.9999999999999,419.8825263977051,65.11747360229481,0.17414195406876715
2024-09-25 23:00:00,483.99999999999994,425.2294725179672,58.77052748203272,0.1571684823013878
2024-09-26 00:00:00,503.99999999999994,449.0684446692467,54.93155533075327,0.14690201962928834
2024-09-26 01:00:00,479.99999999999994,463.6202010512352,16.379798948764744,0.043804067301697475
2024-09-26 02:00:00,481.99999999999994,493.69523137807846,11.695231378078518,0.03127625094769003
2024-09-26 03:00:00,484.9999999999999,510.26133477687836,25.26133477687847,0.06755572593768278
2024-09-26 04:00:00,516.0,532.3450076580048,16.34500765800476,0.043711025864087025
2024-09-26 05:00:00,572.9999999999999,529.2185550928116,43.7814449071883,0.11708357137220324
2024-09-26 06:00:00,630.0,525.4063636064529,104.59363639354706,0.2797120222441879
2024-09-26 07:00:00,642.0,538.4493291378021,103.55067086219788,0.2769228468415182
2024-09-26 08:00:00,634.0,534.652715921402,99.34728407859802,0.2656818396631145
2024-09-26 09:00:00,634.0,541.4126229286194,92.58737707138062,0.24760399741220587
2024-09-26 10:00:00,635.0,520.3315651416779,114.66843485832214,0.3066547918949306
2024-09-26 11:00:00,636.0,510.9729194641113,125.02708053588867,0.33435664671218895
2024-09-26 12:00:00,634.0,507.3938709497452,126.60612905025482,0.3385794547950169
2024-09-26 13:00:00,632.0,513.569238781929,118.43076121807098,0.3167162827342805
2024-09-26 14:00:00,632.0,509.3206197023392,122.67938029766083,0.3280782534571058
2024-09-26 15:00:00,632.0,515.4952204227448,116.50477957725525,0.31156568047841526
2024-09-26 16:00:00,632.0,519.4407123327255,112.55928766727448,0.30101435480563377
2024-09-26 17:00:00,602.9999999999999,529.5707774162292,73.42922258377064,0.1963698466648994
2024-09-26 18:00:00,588.0,520.8709037303925,67.12909626960754,0.17952158387864542
2024-09-26 19:00:00,596.0,504.01202917099,91.98797082901001,0.24600102099814924
2024-09-26 20:00:00,557.0,500.12684404850006,56.87315595149994,0.15209439131408356
2024-09-26 21:00:00,506.99999999999983,488.8851749897003,18.114825010299512,0.04844400205348511
2024-09-26 22:00:00,479.99999999999994,468.5714650154114,11.428534984588566,0.03056303176801049
2024-09-26 23:00:00,479.99999999999994,465.71202635765076,14.287973642349186,0.038209953674769766
2024-09-27 00:00:00,479.99999999999994,412.24049985408783,67.75950014591211,0.18120745645322783
2024-09-27 01:00:00,479.99999999999994,415.5501741170883,64.44982588291163,0.1723564812601469
2024-09-27 02:00:00,479.99999999999994,450.5318874120712,29.468112587928715,0.07880580165197774
2024-09-27 03:00:00,479.99999999999994,454.95469987392426,25.045300126075688,0.06697799012951662
2024-09-27 04:00:00,515.0,474.47527527809143,40.52472472190857,0.1083742098821742
2024-09-27 05:00:00,571.0,482.0678526163101,88.93214738368988,0.23782891239781734
2024-09-27 06:00:00,618.9999999999999,467.09341764450073,151.90658235549915,0.4062397943884986
2024-09-27 07:00:00,637.9999999999999,485.4723536968231,152.52764630317677,0.4079006894365895
2024-09-27 08:00:00,636.0,484.41078901290894,151.58921098709106,0.405391056450697
2024-09-27 09:00:00,636.0,491.33792638778687,144.66207361221313,0.38686599440772607
2024-09-27 10:00:00,636.0,475.4976287484169,160.5023712515831,0.4292272874885675
2024-09-27 11:00:00,636.0,477.7491018176079,158.25089818239212,0.4232062320312147
2024-09-27 12:00:00,581.9999999999999,472.83725559711456,109.16274440288532,0.29193106811745073
2024-09-27 13:00:00,473.99999999999983,499.3069785833359,25.306978583336047,0.06767778997376939
2024-09-27 14:00:00,464.99999999999994,490.73574364185333,25.73574364185339,0.06882442513935708
2024-09-27 15:00:00,466.9999999999999,507.140429019928,40.14042901992809,0.10734649795201186
2024-09-27 16:00:00,464.99999999999994,524.0926551818848,59.09265518188482,0.1580299399717902
2024-09-27 17:00:00,444.9999999999999,542.027433514595,97.02743351459515,0.25947792406236003
2024-09-27 18:00:00,436.0,538.0349707603455,102.03497076034546,0.2728694497590259
2024-09-27 19:00:00,443.9999999999999,511.17661714553833,67.17661714553844,0.1796486677124595
2024-09-27 20:00:00,402.99999999999994,512.9975044727325,109.9975044727326,0.29416344510783604
2024-09-27 21:00:00,351.99999999999983,509.8197144269943,157.8197144269945,0.42205312860791167
2024-09-27 22:00:00,294.0,491.70333713293076,197.70333713293076,0.5287128561608004
2024-09-27 23:00:00,266.9999999999999,476.7986798286438,209.7986798286439,0.561059114325347
2024-09-28 00:00:00,262.99999999999994,319.9989965558052,56.99899655580526,0.15243092354610419
2024-09-28 01:00:00,258.0,335.65713465213776,77.65713465213776,0.20767644116997902
2024-09-28 02:00:00,259.99999999999994,358.60079884529114,98.6007988452912,0.2636855337559555
2024-09-28 03:00:00,258.0,384.4623202085495,126.4623202085495,0.33819487057634956
2024-09-28 04:00:00,258.0,402.79579013586044,144.79579013586044,0.38722358900455334
2024-09-28 05:00:00,258.0,398.6315533518791,140.63155335187912,0.3760872796446953
2024-09-28 06:00:00,299.0,402.9362601041794,103.93626010417938,0.2779540180518243
2024-09-28 07:00:00,353.0,411.54115945100784,58.54115945100784,0.15655508938372753
2024-09-28 08:00:00,399.0,411.32757782936096,12.327577829360962,0.032967318499654986
2024-09-28 09:00:00,413.99999999999983,427.8719660639763,13.871966063976458,0.03709743550418322
2024-09-28 10:00:00,412.0,419.69948172569275,7.699481725692749,0.02059052231076802
2024-09-28 11:00:00,412.0,396.7958253622055,15.204174637794495,0.04066012599934492
2024-09-28 12:00:00,412.0,417.3573124408722,5.357312440872192,0.014326920339512722
2024-09-28 13:00:00,412.0,395.20043939352036,16.799560606479645,0.044926624908340276
2024-09-28 14:00:00,412.0,406.63426995277405,5.365730047225952,0.014349431323706889
2024-09-28 15:00:00,412.0,402.46162444353104,9.538375556468964,0.025508227917287213
2024-09-28 16:00:00,375.0,391.1231517791748,16.123151779174805,0.04311772249827999
2024-09-28 17:00:00,361.99999999999994,407.14994609355927,45.14994609355932,0.12074331825052312
2024-09-28 18:00:00,342.99999999999994,391.18198335170746,48.181983351707515,0.12885181607351953
2024-09-28 19:00:00,294.0,390.44629365205765,96.44629365205765,0.25792379694944995
2024-09-28 20:00:00,261.99999999999994,374.37999308109283,112.37999308109289,0.300534871989972
2024-09-28 21:00:00,259.99999999999994,354.5946756005287,94.59467560052877,0.2529720632926504
2024-09-28 22:00:00,259.99999999999994,341.14469826221466,81.14469826221472,0.21700314118458958
2024-09-28 23:00:00,259.99999999999994,352.62818455696106,92.62818455696112,0.247713127802046
2024-09-29 00:00:00,259.99999999999994,302.30568140745163,42.30568140745169,0.113136975698712
2024-09-29 01:00:00,259.99999999999994,297.5456938147545,37.54569381475454,0.10040746555527555
2024-09-29 02:00:00,257.0,322.39589631557465,65.39589631557465,0.1748865326383198
2024-09-29 03:00:00,257.0,325.92514157295227,68.92514157295227,0.18432470079056226
2024-09-29 04:00:00,256.0,330.5280777812004,74.52807778120041,0.19930848633768145
2024-09-29 05:00:00,259.99999999999994,348.49534034729004,88.4953403472901,0.23666077078141767
2024-09-29 06:00:00,259.99999999999994,332.6463979482651,72.64639794826513,0.1942763592462583
2024-09-29 07:00:00,257.0,346.64745658636093,89.64745658636093,0.23974184506282353
2024-09-29 08:00:00,294.0,348.77129405736923,54.77129405736923,0.14647343710351202
2024-09-29 09:00:00,313.99999999999983,357.4525800347328,43.45258003473299,0.1162040966575711
2024-09-29 10:00:00,311.9999999999999,362.467425763607,50.46742576360714,0.1349637148543379
2024-09-29 11:00:00,311.9999999999999,353.581645488739,41.58164548873913,0.11120070540557003
2024-09-29 12:00:00,311.9999999999999,361.77590399980545,49.775903999805564,0.13311439631404914
2024-09-29 13:00:00,311.9999999999999,370.44299840927124,58.442998409271354,0.15629257988088935
2024-09-29 14:00:00,311.9999999999999,368.6056771874428,56.60567718744289,0.15137907986128865
2024-09-29 15:00:00,277.0,376.03305995464325,99.03305995464325,0.2648415183187203
2024-09-29 16:00:00,256.0,379.52064514160156,123.52064514160156,0.33032802599447325
2024-09-29 17:00:00,258.99999999999994,400.4928320646286,141.49283206462866,0.378390574747206
2024-09-29 18:00:00,264.99999999999994,390.90564608573914,125.90564608573919,0.33670617155037436
2024-09-29 19:00:00,267.9999999999999,372.46864557266235,104.46864557266247,0.27937776256571145
2024-09-29 20:00:00,267.9999999999999,373.89854192733765,105.89854192733776,0.2832016969345379
2024-09-29 21:00:00,267.9999999999999,371.87844157218933,103.87844157218944,0.2777993954661323
2024-09-29 22:00:00,315.0,369.04121965169907,54.041219651699066,0.14452101824286204
2024-09-29 23:00:00,338.0,363.2196968793869,25.219696879386902,0.06744437479901942
2024-09-30 00:00:00,336.0,275.3611162304878,60.63888376951218,0.1621649785841747
2024-09-30 01:00:00,336.0,282.74890422821045,53.25109577178955,0.14240801064609634
2024-09-30 02:00:00,336.0,291.86481803655624,44.135181963443756,0.1180295611165088
2024-09-30 03:00:00,336.0,329.43674325942993,6.563256740570068,0.017551945593564933
2024-09-30 04:00:00,336.0,320.5924755334854,15.407524466514587,0.041203939120061844
2024-09-30 05:00:00,358.99999999999994,361.11580431461334,2.115804314613399,0.005658240060482342
2024-09-30 06:00:00,404.99999999999994,367.679802775383,37.32019722461695,0.09980442593057763
2024-09-30 07:00:00,431.99999999999983,360.0669854879379,71.9330145120619,0.19236857660807646
2024-09-30 08:00:00,442.99999999999994,389.9769687652588,53.023031234741154,0.14179810362823567
2024-09-30 09:00:00,443.9999999999999,369.78337079286575,74.21662920713413,0.1984755875736557
2024-09-30 10:00:00,436.0,351.7542967200279,84.24570327997208,0.22529607768067453
2024-09-30 11:00:00,438.99999999999994,364.4829824566841,74.51701754331583,0.1992789082332014
2024-09-30 12:00:00,434.0,368.14213514328003,65.85786485671997,0.1761219630078191
2024-09-30 13:00:00,434.0,397.3906910419464,36.60930895805359,0.0979033160592091
2024-09-30 14:00:00,435.0,395.6385487318039,39.361451268196106,0.10526329815388698
2024-09-30 15:00:00,435.0,420.9138786792755,14.086121320724487,0.03767014529805468
2024-09-30 16:00:00,446.9999999999999,427.50454902648926,19.49545097351063,0.05213617390493091
2024-09-30 17:00:00,447.9999999999999,468.41231882572174,20.412318825721854,0.054588129587088544
2024-09-30 18:00:00,416.0,461.69227212667465,45.69227212667465,0.12219364655603862
2024-09-30 19:00:00,378.99999999999994,449.9496200680733,70.94962006807333,0.18973871060402275
2024-09-30 20:00:00,354.99999999999983,435.15666604042053,80.1566660404207,0.21436087249282554
2024-09-30 21:00:00,345.99999999999994,437.58457481861115,91.5845748186112,0.24492222961346755
2024-09-30 22:00:00,343.9999999999999,436.5669420361519,92.566942036152,0.24754934853273752
2024-09-30 23:00:00,343.9999999999999,414.81852650642395,70.81852650642406,0.18938813052576503
2024-10-01 00:00:00,343.9999999999999,318.5969817638397,25.403018236160165,0.0679346263018036
2024-10-01 01:00:00,343.9999999999999,334.11951810121536,9.880481898784524,0.02642311394794014
2024-10-01 02:00:00,343.9999999999999,362.58505940437317,18.585059404373283,0.04970153757696806
2024-10-01 03:00:00,343.9999999999999,384.9254196882248,40.925419688224906,0.10944577793541307
2024-10-01 04:00:00,343.9999999999999,408.3303540945053,64.33035409450542,0.17203698098567047
2024-10-01 05:00:00,378.99999999999994,410.7812172174454,31.78121721744543,0.08499167677682837
2024-10-01 06:00:00,434.0,411.061035990715,22.938964009284973,0.06134507062247623
2024-10-01 07:00:00,486.9999999999999,423.07259023189545,63.92740976810444,0.17095939752767345
2024-10-01 08:00:00,504.99999999999994,423.2071003317833,81.79289966821665,0.21873660922668084
2024-10-01 09:00:00,500.99999999999994,428.1483328342438,72.85166716575617,0.19482530533809186
2024-10-01 10:00:00,494.0,414.6084263920784,79.3915736079216,0.21231480584023468
2024-10-01 11:00:00,491.99999999999983,396.9855970144272,95.01440298557264,0.2540945292447867
2024-10-01 12:00:00,490.0,400.2795749902725,89.72042500972748,0.23993698260621127
2024-10-01 13:00:00,490.0,403.03698778152466,86.96301221847534,0.23256290580194872
2024-10-01 14:00:00,490.0,405.0107368826866,84.98926311731339,0.22728456027802618
2024-10-01 15:00:00,498.99999999999994,409.83415871858597,89.16584128141398,0.2384538738674863
2024-10-01 16:00:00,464.99999999999994,411.7136415839195,53.28635841608042,0.14250231261210855
2024-10-01 17:00:00,431.99999999999983,431.2067484855652,0.7932515144346439,0.0021213717478558566
2024-10-01 18:00:00,407.9999999999999,420.5191406607628,12.5191406607629,0.03347960996217426
2024-10-01 19:00:00,367.9999999999999,414.8872125148773,46.88721251487743,0.12538924433779886
2024-10-01 20:00:00,348.9999999999999,410.1460191607475,61.14601916074764,0.16352119747783983
2024-10-01 21:00:00,346.9999999999999,396.5757232904434,49.575723290443534,0.1325790582862245
2024-10-01 22:00:00,343.9999999999999,382.02024936676025,38.02024936676037,0.1016765570382345
2024-10-01 23:00:00,343.9999999999999,389.2076736688614,45.2076736688615,0.1208976975931274
2024-10-02 00:00:00,343.9999999999999,336.17764949798584,7.8223505020140465,0.02091910706105039
2024-10-02 01:00:00,343.9999999999999,369.42132353782654,25.42132353782665,0.06798357969058967
2024-10-02 02:00:00,343.9999999999999,376.9390484690666,32.939048469066734,0.08808803456660777
2024-10-02 03:00:00,343.9999999999999,437.0528483390808,93.05284833908092,0.24884879503158622
2024-10-02 04:00:00,343.9999999999999,447.7945965528488,103.79459655284893,0.27757517092701606
2024-10-02 05:00:00,377.99999999999994,441.2874233722687,63.287423372268734,0.16924789867209852
2024-10-02 06:00:00,432.99999999999983,469.23348248004913,36.233482480049304,0.09689825315289662
2024-10-02 07:00:00,451.99999999999983,455.04161953926086,3.041619539261035,0.008134123466393106
2024-10-02 08:00:00,483.99999999999994,470.7998067140579,13.20019328594202,0.03530093115925731
2024-10-02 09:00:00,506.99999999999983,486.7264339327812,20.27356606721861,0.05421706671929732
2024-10-02 10:00:00,502.99999999999994,448.7985098361969,54.201490163803044,0.14494962547550513
2024-10-02 11:00:00,501.99999999999994,446.7219087481499,55.27809125185007,0.14782875156645445
2024-10-02 12:00:00,500.99999999999994,473.10840010643005,27.89159989356989,0.07458977504617607
2024-10-02 13:00:00,500.99999999999994,447.6908004283905,53.30919957160944,0.1425633961160741
2024-10-02 14:00:00,499.99999999999994,470.44661074876785,29.55338925123209,0.07903385479904565
2024-10-02 15:00:00,500.99999999999994,471.3672924041748,29.63270759582514,0.07924597377044945
2024-10-02 16:00:00,466.9999999999999,460.5518424510956,6.448157548904305,0.01724413884002244
2024-10-02 17:00:00,413.0,493.190501332283,80.19050133228302,0.2144513573276239
2024-10-02 18:00:00,360.99999999999994,473.9556160569191,112.95561605691915,0.302074245437251
2024-10-02 19:00:00,346.9999999999999,481.5092182159424,134.5092182159425,0.35971447914958665
2024-10-02 20:00:00,347.9999999999999,451.8370395898819,103.83703958988201,0.2776886752292667
2024-10-02 21:00:00,346.9999999999999,434.3031656742096,87.30316567420971,0.23347256927916843
2024-10-02 22:00:00,338.0,411.99012637138367,73.99012637138367,0.1978698569726713
2024-10-02 23:00:00,335.0,412.22881615161896,77.22881615161896,0.2065310002227504
2024-10-03 00:00:00,336.0,354.60264176130295,18.602641761302948,0.04974855761358015
2024-10-03 01:00:00,332.99999999999983,362.03521728515625,29.03521728515642,0.07764812108236023
2024-10-03 02:00:00,331.99999999999983,395.98970890045166,63.98970890045183,0.17112600246554346
2024-10-03 03:00:00,331.99999999999983,405.2813798189163,73.28137981891649,0.19597447463121345
2024-10-03 04:00:00,375.0,430.40936529636383,55.40936529636383,0.14817981430530938
2024-10-03 05:00:00,430.9999999999999,438.08467268943787,7.08467268943798,0.018946354608463795
2024-10-03 06:00:00,480.99999999999994,428.8857042789459,52.11429572105402,0.13936789604598718
2024-10-03 07:00:00,506.99999999999983,450.3621196746826,56.63788032531721,0.15146519986942703
2024-10-03 08:00:00,499.99999999999994,454.12140995264053,45.87859004735941,0.12269191169120397
2024-10-03 09:00:00,492.99999999999983,459.9899625778198,33.010037422180005,0.08827787846454434
2024-10-03 10:00:00,487.99999999999983,446.25158071517944,41.748419284820386,0.11164670420021665
2024-10-03 11:00:00,485.9999999999999,443.03705781698227,42.96294218301762,0.11489467097554122
2024-10-03 12:00:00,484.9999999999999,439.26171720027924,45.73828279972065,0.12231669169383351
2024-10-03 13:00:00,484.9999999999999,466.3477259874344,18.6522740125655,0.049881287843141574
2024-10-03 14:00:00,483.99999999999994,458.3552473783493,25.64475262165064,0.06858109023730616
2024-10-03 15:00:00,487.99999999999983,473.8334387540817,14.166561245918103,0.03788526368308164
2024-10-03 16:00:00,499.99999999999994,488.8947343826294,11.105265617370549,0.029698520966474486
2024-10-03 17:00:00,465.9999999999999,512.3007899522781,46.30078995227825,0.12382098983848061
2024-10-03 18:00:00,483.99999999999994,507.25160121917725,23.251601219177303,0.06218114812415834
2024-10-03 19:00:00,469.99999999999983,487.81396239995956,17.813962399959735,0.04763941305498084
2024-10-03 20:00:00,413.99999999999983,490.4859012365341,76.48590123653429,0.20454424232409757
2024-10-03 21:00:00,359.99999999999994,485.9640723466873,125.96407234668737,0.3368624193697014
2024-10-03 22:00:00,342.99999999999994,466.4116618037224,123.41166180372244,0.3300365747085232
2024-10-03 23:00:00,343.9999999999999,461.1738520860672,117.17385208606731,0.31335496356408643
2024-10-04 00:00:00,343.9999999999999,345.6704217195511,1.6704217195512001,0.004467165052166656
2024-10-04 01:00:00,343.9999999999999,371.19875103235245,27.19875103235256,0.07273690748402831
2024-10-04 02:00:00,343.9999999999999,389.67422515153885,45.67422515153896,0.12214538400312765
2024-10-04 03:00:00,343.9999999999999,432.07358479499817,88.07358479499828,0.23553288095473282
2024-10-04 04:00:00,378.99999999999994,451.4193767309189,72.41937673091894,0.19366924235095012
2024-10-04 05:00:00,434.0,451.01493179798126,17.014931797981262,0.045502586444674954
2024-10-04 06:00:00,484.9999999999999,466.8636381626129,18.13636183738697,0.04850159742606294
2024-10-04 07:00:00,504.99999999999994,468.94935607910156,36.05064392089838,0.09640929278314822
2024-10-04 08:00:00,502.99999999999994,480.1635271310806,22.836472868919316,0.06107098125028992
2024-10-04 09:00:00,503.99999999999994,489.21588867902756,14.784111320972386,0.0395367616736529
2024-10-04 10:00:00,503.99999999999994,464.83542412519455,39.164575874805394,0.10473679944599013
2024-10-04 11:00:00,496.0,451.46068274974823,44.53931725025177,0.11911032952872817
2024-10-04 12:00:00,491.99999999999983,465.63773453235626,26.362265467643567,0.07049991604792924
2024-10-04 13:00:00,491.99999999999983,453.18402886390686,38.81597113609297,0.10380453492406194
2024-10-04 14:00:00,492.99999999999983,462.0416620373726,30.95833796262724,0.08279107233888776
2024-10-04 15:00:00,506.99999999999983,462.41084933280945,44.58915066719038,0.11924359773038806
2024-10-04 16:00:00,507.9999999999999,453.0346190929413,54.9653809070586,0.14699247848202715
2024-10-04 17:00:00,473.0,478.8014906644821,5.801490664482117,0.015514774528799022
2024-10-04 18:00:00,455.99999999999994,461.1508682370186,5.150868237018642,0.01377483201242564
2024-10-04 19:00:00,459.99999999999994,459.4985094666481,0.5014905333518413,0.0013411229980795857
2024-10-04 20:00:00,447.9999999999999,441.76937609910965,6.230623900890237,0.01666239430287654
2024-10-04 21:00:00,432.99999999999983,425.56540846824646,7.4345915317533695,0.019882133403237787
2024-10-04 22:00:00,380.0,404.32821393013,24.328213930130005,0.06506030529793987
2024-10-04 23:00:00,293.0,412.5375786423683,119.53757864236832,0.31967621558182424
2024-10-05 00:00:00,299.99999999999994,355.56575059890747,55.56575059890753,0.14859803142378855
2024-10-05 01:00:00,348.9999999999999,354.26024436950684,5.26024436950695,0.014067333738710778
2024-10-05 02:00:00,418.0,372.8439402580261,45.15605974197388,0.12075966782034676
2024-10-05 03:00:00,477.0,380.1437759399414,96.8562240600586,0.25902006310248715
2024-10-05 04:00:00,444.9999999999999,376.5964150428772,68.40358495712269,0.18292991559369223
2024-10-05 05:00:00,349.9999999999999,400.80020785331726,50.800207853317374,0.13585366528047335
2024-10-05 06:00:00,250.99999999999986,386.72978460788727,135.7297846078874,0.3629786078819468
2024-10-05 07:00:00,251.99999999999986,396.2215831875801,144.22158318758025,0.3856880024026516
2024-10-05 08:00:00,243.99999999999991,393.5879999399185,149.5879999399186,0.4000392701638541
2024-10-05 09:00:00,244.99999999999994,385.86094200611115,140.8609420061112,0.37670072771445845
2024-10-05 10:00:00,241.99999999999997,395.2157521247864,153.2157521247864,0.4097408728121463
2024-10-05 11:00:00,239.99999999999997,370.79722702503204,130.79722702503207,0.34978759833386025
2024-10-05 12:00:00,242.99999999999994,365.165918469429,122.16591846942907,0.3267051159386863
2024-10-05 13:00:00,243.99999999999991,368.5903939604759,124.590393960476,0.33318882724145205
2024-10-05 14:00:00,243.99999999999991,359.7397828102112,115.73978281021127,0.30951986966144535
2024-10-05 15:00:00,243.99999999999991,359.0770572423935,115.07705724239358,0.3077475600338335
2024-10-05 16:00:00,246.99999999999991,350.61339497566223,103.61339497566232,0.27709058829525823
2024-10-05 17:00:00,247.9999999999999,358.8722088932991,110.87220889329922,0.2965026442291098
2024-10-05 18:00:00,247.9999999999999,342.7126747369766,94.71267473697674,0.25328762529256726
2024-10-05 19:00:00,244.99999999999994,321.1016312241554,76.10163122415548,0.2035165990949641
2024-10-05 20:00:00,238.0,327.7041918039322,89.70419180393219,0.23989357056914026
2024-10-05 21:00:00,236.0,324.49559926986694,88.49559926986694,0.23666146321128315
2024-10-05 22:00:00,249.99999999999986,325.17608642578125,75.17608642578139,0.20104143888295356
2024-10-05 23:00:00,261.0,327.5374925136566,66.53749251365662,0.17793947344965472
2024-10-06 00:00:00,262.99999999999994,252.56627172231674,10.433728277683201,0.027902646248153487
2024-10-06 01:00:00,259.99999999999994,246.20769694447517,13.79230305552477,0.036884394807249844
2024-10-06 02:00:00,259.99999999999994,252.73586243391037,7.264137566089573,0.01942629282746923
2024-10-06 03:00:00,259.99999999999994,254.4348379969597,5.565162003040257,0.014882766979530537
2024-10-06 04:00:00,259.99999999999994,249.7260108590126,10.27398914098734,0.027475460058846306
2024-10-06 05:00:00,259.99999999999994,263.30819696187973,3.308196961879787,0.008847024485387938
2024-10-06 06:00:00,259.99999999999994,258.32677960395813,1.6732203960418133,0.004474649479401322
2024-10-06 07:00:00,259.99999999999994,279.85872209072113,19.858722090721187,0.053107660338728324
2024-10-06 08:00:00,259.99999999999994,290.7982671260834,30.79826712608343,0.08236299909336524
2024-10-06 09:00:00,259.99999999999994,298.96535217761993,38.96535217761999,0.10420402073076294
2024-10-06 10:00:00,259.99999999999994,319.03933972120285,59.03933972120291,0.15788735983175084
2024-10-06 11:00:00,259.99999999999994,307.15751588344574,47.1575158834458,0.1261121095564551
2024-10-06 12:00:00,259.99999999999994,305.9441515803337,45.94415158033377,0.12286724118162044
2024-10-06 13:00:00,259.99999999999994,308.49347054958344,48.49347054958349,0.12968481812818794
2024-10-06 14:00:00,259.99999999999994,294.1269126534462,34.126912653446254,0.09126470864182654
2024-10-06 15:00:00,259.99999999999994,288.8657945394516,28.865794539451656,0.07719503827111794
2024-10-06 16:00:00,259.99999999999994,277.817762196064,17.817762196064052,0.047649574750176664
2024-10-06 17:00:00,263.99999999999994,286.60133957862854,22.601339578628597,0.060442170450781235
2024-10-06 18:00:00,263.99999999999994,277.3677331209183,13.36773312091833,0.03574897855165653
2024-10-06 19:00:00,263.99999999999994,270.04453003406525,6.044530034065303,0.016164728349080004
2024-10-06 20:00:00,263.99999999999994,279.48988884687424,15.489888846874294,0.0414242040251333
2024-10-06 21:00:00,280.99999999999994,283.5747295618057,2.574729561805782,0.0068855318286746075
2024-10-06 22:00:00,330.9999999999999,284.4056886434555,46.59431135654438,0.12460594644186626
2024-10-06 23:00:00,375.0,290.30666649341583,84.69333350658417,0.22649316347117313
2024-10-07 00:00:00,443.9999999999999,267.2824555635452,176.71754443645466,0.4725911004218367
2024-10-07 01:00:00,497.0,269.8508343100548,227.14916568994522,0.6074590642125774
2024-10-07 02:00:00,482.99999999999994,256.2104067206383,226.78959327936167,0.6064974691330345
2024-10-07 03:00:00,464.99999999999994,295.3220137953758,169.67798620462412,0.4537653942256945
2024-10-07 04:00:00,462.9999999999999,255.19593089818954,207.80406910181034,0.555724979102308
2024-10-07 05:00:00,472.0,326.99248909950256,145.00751090049744,0.3877897882999376
2024-10-07 06:00:00,476.0,323.038204908371,152.96179509162903,0.4090617221701291
2024-10-07 07:00:00,477.0,318.3985358476639,158.60146415233612,0.42414374142245603
2024-10-07 08:00:00,468.9999999999999,355.59472382068634,113.40527617931355,0.3032767597248722
2024-10-07 09:00:00,466.9999999999999,330.110886991024,136.88911300897587,0.3660789694593322
2024-10-07 10:00:00,466.9999999999999,348.44356030225754,118.55643969774235,0.3170523814006389
2024-10-07 11:00:00,463.9999999999999,347.41052627563477,116.58947372436512,0.3117921758176844
2024-10-07 12:00:00,460.99999999999994,394.4962012767792,66.50379872322077,0.1778493670284149
2024-10-07 13:00:00,459.99999999999994,385.1703643798828,74.82963562011713,0.2001149345677593
2024-10-07 14:00:00,459.0,410.47608375549316,48.523916244506836,0.12976623825267425
2024-10-07 15:00:00,459.99999999999994,415.90534687042236,44.09465312957758,0.11792117591764974
2024-10-07 16:00:00,469.99999999999983,413.044875562191,56.95512443780882,0.15231359749006435
2024-10-07 17:00:00,469.99999999999983,454.7148299217224,15.285170078277417,0.04087672998435977
2024-10-07 18:00:00,481.99999999999994,439.3901789188385,42.60982108116144,0.11395032846195231
2024-10-07 19:00:00,346.9999999999999,400.2712547779083,53.27125477790844,0.14246192134814642
2024-10-07 20:00:00,340.0,373.3886781334877,33.3886781334877,0.08929046740126849
2024-10-07 21:00:00,335.0,377.5672245025635,42.56722450256348,0.11383641354751632
2024-10-07 22:00:00,326.9999999999999,397.68145591020584,70.68145591020595,0.189021566220513
2024-10-07 23:00:00,323.99999999999994,354.6182495355606,30.618249535560665,0.08188158276613106
2024-10-08 00:00:00,323.99999999999994,285.2494525909424,38.75054740905756,0.10362957396445853
2024-10-08 01:00:00,323.99999999999994,297.88242638111115,26.117573618888798,0.06984554304588217
2024-10-08 02:00:00,323.99999999999994,320.74468821287155,3.2553117871283916,0.008705595047742317
2024-10-08 03:00:00,323.99999999999994,342.42937445640564,18.429374456405696,0.04928519339838779
2024-10-08 04:00:00,328.9999999999999,356.8223977088928,27.822397708892936,0.07440470945626891
2024-10-08 05:00:00,363.99999999999994,353.9072549343109,10.09274506568903,0.026990763775501525
2024-10-08 06:00:00,420.99999999999994,355.29649436473846,65.70350563526148,0.17570916418491808
2024-10-08 07:00:00,431.99999999999983,359.6220901608467,72.37790983915312,0.19355834852842008
2024-10-08 08:00:00,462.9999999999999,354.13904070854187,108.86095929145802,0.2911240120984506
2024-10-08 09:00:00,482.99999999999994,358.5824176669121,124.41758233308786,0.332726681632687
2024-10-08 10:00:00,476.0,342.87297159433365,133.12702840566635,0.3560181251428958
2024-10-08 11:00:00,477.99999999999994,333.31083476543427,144.68916523456568,0.38693844482378764
2024-10-08 12:00:00,477.99999999999994,330.1521635055542,147.84783649444574,0.39538559664076145
2024-10-08 13:00:00,476.0,327.77606427669525,148.22393572330475,0.3963913889575407
2024-10-08 14:00:00,476.0,329.92256104946136,146.07743895053864,0.39065106886013107
2024-10-08 15:00:00,476.0,331.27067148685455,144.72932851314545,0.38704585242771905
2024-10-08 16:00:00,446.9999999999999,335.3634488582611,111.63655114173878,0.2985467046841194
2024-10-08 17:00:00,401.99999999999994,344.96069580316544,57.03930419683451,0.152538717214753
2024-10-08 18:00:00,353.0,340.1352971792221,12.864702820777893,0.034403737795584456
2024-10-08 19:00:00,338.0,341.9194221496582,3.919422149658203,0.010481607995581605
2024-10-08 20:00:00,328.9999999999999,338.2240676879883,9.224067687988395,0.024667682617101207
2024-10-08 21:00:00,326.9999999999999,326.51139199733734,0.488608002662545,0.0013066715836821778
2024-10-08 22:00:00,327.9999999999999,321.5336036682129,6.466396331786996,0.017292914339367298
2024-10-08 23:00:00,416.0,320.4542773962021,95.54572260379791,0.2555154233832466
2024-10-09 00:00:00,421.99999999999994,292.58885353803635,129.4111464619636,0.34608083938888523
2024-10-09 01:00:00,476.0,295.6626409292221,180.3373590707779,0.4822714758866114
2024-10-09 02:00:00,473.0,304.1322335600853,168.8677664399147,0.4515986447305688
2024-10-09 03:00:00,473.0,320.65546721220016,152.34453278779984,0.4074109937586077
2024-10-09 04:00:00,476.0,316.8632501363754,159.13674986362457,0.4255752419797132
2024-10-09 05:00:00,476.0,319.97377038002014,156.02622961997986,0.4172568591642647
2024-10-09 06:00:00,481.99999999999994,318.96684765815735,163.0331523418426,0.4359952890709038
2024-10-09 07:00:00,482.99999999999994,328.5303121805191,154.46968781948084,0.4130942401968258
2024-10-09 08:00:00,476.0,333.9674824476242,142.0325175523758,0.3798338415114057
2024-10-09 09:00:00,479.99999999999994,360.4853564500809,119.51464354991907,0.3196148808648134
2024-10-09 10:00:00,476.0,366.30785286426544,109.69214713573456,0.2933468359795574
2024-10-09 11:00:00,473.0,358.09485912323,114.90514087677002,0.3072878086001564
2024-10-09 12:00:00,472.0,390.59054017066956,81.40945982933044,0.21771118610877438
2024-10-09 13:00:00,472.0,375.05151093006134,96.94848906993866,0.25926680500176325
2024-10-09 14:00:00,472.0,388.19181114435196,83.80818885564804,0.22412604431527727
2024-10-09 15:00:00,472.0,389.5097681879997,82.49023181200027,0.22060146631396751
2024-10-09 16:00:00,475.0,381.1241152882576,93.8758847117424,0.2510498196456598
2024-10-09 17:00:00,476.0,399.20160591602325,76.79839408397675,0.20537993376106117
2024-10-09 18:00:00,476.0,380.8065605163574,95.19343948364258,0.25457332186217146
2024-10-09 19:00:00,476.0,368.06710571050644,107.93289428949356,0.28864211217198865
2024-10-09 20:00:00,476.0,349.0299582481384,126.97004175186157,0.3395526570011604
2024-10-09 21:00:00,473.0,338.48553478717804,134.51446521282196,0.35972851105590975
2024-10-09 22:00:00,463.9999999999999,323.33537220954895,140.66462779045094,0.3761757297494675
2024-10-09 23:00:00,477.0,316.44948184490204,160.55051815509796,0.42935604549155215
2024-10-10 00:00:00,483.99999999999994,375.49991726875305,108.50008273124689,0.29015892936571747
2024-10-10 01:00:00,483.99999999999994,387.47807264328003,96.52192735671991,0.25812606218479656
2024-10-10 02:00:00,484.9999999999999,426.25937908887863,58.740620911121255,0.1570885039421255
2024-10-10 03:00:00,484.9999999999999,437.6367384195328,47.36326158046711,0.12666232988501633
2024-10-10 04:00:00,483.99999999999994,470.7087269425392,13.291273057460728,0.035544503406627875
2024-10-10 05:00:00,483.99999999999994,474.9517697095871,9.048230290412846,0.024197445270376292
2024-10-10 06:00:00,492.99999999999983,467.09796130657196,25.90203869342787,0.0692691436401087
2024-10-10 07:00:00,498.0,489.6109512448311,8.389048755168915,0.022434613356249595
2024-10-10 08:00:00,494.0,492.77549386024475,1.224506139755249,0.0032746646967376698
2024-10-10 09:00:00,487.99999999999983,496.7285978794098,8.72859787940996,0.02334266068558564
2024-10-10 10:00:00,487.99999999999983,474.16848957538605,13.831510424613782,0.03698924604746773
2024-10-10 11:00:00,490.0,473.2757779955864,16.724222004413605,0.04472514885813726
2024-10-10 12:00:00,487.99999999999983,462.8751289844513,25.124871015548536,0.0671907844750777
2024-10-10 13:00:00,487.99999999999983,495.92844128608704,7.928441286087207,0.02120282286612021
2024-10-10 14:00:00,490.9999999999999,485.3057724237442,5.694227576255685,0.01522792366143762
2024-10-10 15:00:00,498.99999999999994,502.5866174697876,3.5866174697876545,0.009591597157172092
2024-10-10 16:00:00,518.9999999999999,522.9209804534912,3.9209804534913246,0.010485775326706736
2024-10-10 17:00:00,542.9999999999999,547.4991828203201,4.499182820320243,0.012032046771783584
2024-10-10 18:00:00,527.9999999999999,544.8287487030029,16.828748703003043,0.04500468187036519
2024-10-10 19:00:00,515.0,525.7213515043259,10.721351504325867,0.028671829509608407
2024-10-10 20:00:00,517.9999999999999,530.965268611908,12.965268611908073,0.03467267825673994
2024-10-10 21:00:00,499.99999999999994,526.776956319809,26.776956319809017,0.07160891293210794
2024-10-10 22:00:00,483.99999999999994,503.9669466018677,19.966946601867733,0.053397082314222966
2024-10-10 23:00:00,483.99999999999994,498.65398943424225,14.653989434242305,0.03918878012018101
2024-10-11 00:00:00,486.9999999999999,387.9037606716156,99.09623932838429,0.26501047726309374
2024-10-11 01:00:00,487.99999999999983,392.50041246414185,95.49958753585798,0.2553920455794451
2024-10-11 02:00:00,487.99999999999983,402.08650678396225,85.91349321603758,0.22975620462319823
2024-10-11 03:00:00,487.99999999999983,416.0580611228943,71.94193887710554,0.19239244280376172
2024-10-11 04:00:00,487.99999999999983,412.16668009757996,75.83331990241987,0.20279906115497612
2024-10-11 05:00:00,508.9999999999999,427.88668870925903,81.11331129074085,0.21691920382887855
2024-10-11 06:00:00,522.0,422.4024885892868,99.5975114107132,0.26635101606332445
2024-10-11 07:00:00,500.99999999999994,437.2008714079857,63.799128592014256,0.17061633853845312
2024-10-11 08:00:00,490.9999999999999,438.61849397420883,52.381506025791055,0.1400824895650542
2024-10-11 09:00:00,491.99999999999983,432.04024493694305,59.959755063056775,0.16034880247254235
2024-10-11 10:00:00,494.0,434.74216014146805,59.25783985853195,0.15847168902595707
2024-10-11 11:00:00,494.0,417.2206485271454,76.77935147285461,0.2053290086049098
2024-10-11 12:00:00,491.99999999999983,410.03705978393555,81.96294021606428,0.21919134421001205
2024-10-11 13:00:00,491.99999999999983,423.89994978904724,68.10005021095259,0.1821181805723267
2024-10-11 14:00:00,498.99999999999994,413.8883149623871,85.11168503761286,0.22761195001295365
2024-10-11 15:00:00,462.9999999999999,428.84761422872543,34.15238577127445,0.09133283073363124
2024-10-11 16:00:00,448.9999999999999,421.97255194187164,27.027448058128243,0.07227879642690395
2024-10-11 17:00:00,414.99999999999983,427.4651312828064,12.465131282806567,0.033335174097343295
2024-10-11 18:00:00,362.99999999999994,420.7079976797104,57.707997679710445,0.15432698668129083
2024-10-11 19:00:00,308.9999999999999,409.6127584576607,100.61275845766079,0.2690660646491739
2024-10-11 20:00:00,291.99999999999983,413.42695623636246,121.42695623636263,0.3247289285940244
2024-10-11 21:00:00,291.99999999999983,408.6141559481621,116.61415594816225,0.31185818284229727
2024-10-11 22:00:00,280.0,393.87354254722595,113.87354254722595,0.3045290322075393
2024-10-11 23:00:00,276.0,394.1930150985718,118.19301509857178,0.3160804845140559
2024-10-12 00:00:00,276.0,248.32576632499695,27.67423367500305,0.07400847826121552
2024-10-12 01:00:00,276.0,250.6474006175995,25.352599382400513,0.0677997924817872
2024-10-12 02:00:00,276.0,265.98621368408203,10.013786315917969,0.02677960645911149
2024-10-12 03:00:00,276.0,277.5038069486618,1.5038069486618042,0.004021591534425378
2024-10-12 04:00:00,276.0,281.0636776685715,5.063677668571472,0.013541660558961546
2024-10-12 05:00:00,276.0,295.6241673231125,19.624167323112488,0.05248039666727524
2024-10-12 06:00:00,276.0,291.56968653202057,15.569686532020569,0.041637604884423494
2024-10-12 07:00:00,276.0,307.3849940299988,31.38499402999878,0.08393206748469385
2024-10-12 08:00:00,276.0,311.63824528455734,35.63824528455734,0.09530642591171001
2024-10-12 09:00:00,276.0,311.47703379392624,35.47703379392624,0.09487530224483835
2024-10-12 10:00:00,276.0,316.9451540708542,40.94515407085419,0.10949855307798682
2024-10-12 11:00:00,276.0,305.0344455242157,29.0344455242157,0.07764605718229077
2024-10-12 12:00:00,276.0,301.73450767993927,25.73450767993927,0.068821119838783
2024-10-12 13:00:00,276.0,315.6773543357849,39.67735433578491,0.10610810945326597
2024-10-12 14:00:00,276.0,307.8487426042557,31.848742604255676,0.08517225815012003
2024-10-12 15:00:00,276.0,312.6618379354477,36.66183793544769,0.0980437929275918
2024-10-12 16:00:00,276.0,313.97525131702423,37.97525131702423,0.10155621993243409
2024-10-12 17:00:00,276.0,327.0582836866379,51.05828368663788,0.1365438307218853
2024-10-12 18:00:00,276.0,316.52344912290573,40.52344912290573,0.10837079858117196
2024-10-12 19:00:00,276.0,304.0358430147171,28.035843014717102,0.07497552064698004
2024-10-12 20:00:00,276.0,306.1079004406929,30.1079004406929,0.08051676954901682
2024-10-12 21:00:00,276.0,302.3583760857582,26.35837608575821,0.07048951477582566
2024-10-12 22:00:00,270.9999999999999,294.192795753479,23.192795753479118,0.062023886207500614
2024-10-12 23:00:00,267.9999999999999,292.8407907485962,24.840790748596305,0.06643107605792414
2024-10-13 00:00:00,267.9999999999999,242.3571941256523,25.642805874347573,0.06857588410198363
2024-10-13 01:00:00,267.9999999999999,242.0960220694542,25.903977930545693,0.06927432969113953
2024-10-13 02:00:00,267.9999999999999,255.74040323495865,12.259596765041238,0.03278551851993504
2024-10-13 03:00:00,267.9999999999999,261.7863357067108,6.213664293289071,0.016617039668482332
2024-10-13 04:00:00,267.9999999999999,265.9290638566017,2.0709361433981712,0.005538250285408568
2024-10-13 05:00:00,305.99999999999994,276.7452809214592,29.254719078540745,0.07823512897911927
2024-10-13 06:00:00,360.99999999999994,274.0544003248215,86.94559967517847,0.23251633989348697
2024-10-13 07:00:00,373.99999999999983,294.7255548834801,79.27444511651976,0.2120015721835603
2024-10-13 08:00:00,371.9999999999999,300.5916291475296,71.40837085247028,0.19096553581093081
2024-10-13 09:00:00,368.99999999999983,298.7347760796547,70.26522392034514,0.18790844791216174
2024-10-13 10:00:00,367.9999999999999,306.23391330242157,61.76608669757832,0.16517942785050121
2024-10-13 11:00:00,367.9999999999999,296.76940619945526,71.23059380054463,0.1904901112973817
2024-10-13 12:00:00,367.9999999999999,278.55073750019073,89.44926249980915,0.23921181980834583
2024-10-13 13:00:00,367.9999999999999,291.19852244853973,76.80147755146015,0.2053881797973885
2024-10-13 14:00:00,367.9999999999999,270.25489568710327,97.74510431289661,0.2613971722807047
2024-10-13 15:00:00,368.99999999999983,265.4006418585777,103.5993581414221,0.2770530499571086
2024-10-13 16:00:00,347.9999999999999,263.44282507896423,84.55717492103565,0.226129038132167
2024-10-13 17:00:00,272.99999999999983,267.1485650539398,5.85143494606001,0.015648339212859932
2024-10-13 18:00:00,267.9999999999999,261.3487869501114,6.651213049888497,0.01778716484778441
2024-10-13 19:00:00,267.9999999999999,253.4001812338829,14.599818766116982,0.03904391292127571
2024-10-13 20:00:00,267.9999999999999,265.83777755498886,2.1622224450110252,0.005782374850800384
2024-10-13 21:00:00,268.9999999999999,268.71412217617035,0.2858778238295372,0.0007645155764281365
2024-10-13 22:00:00,321.99999999999994,267.76901096105576,54.23098903894419,0.14502851354464744
2024-10-13 23:00:00,345.99999999999994,270.11758267879486,75.88241732120508,0.20293036109605195
2024-10-14 00:00:00,342.99999999999994,299.4996750354767,43.50032496452326,0.11633177967275277
2024-10-14 01:00:00,343.9999999999999,298.0518990755081,45.94810092449177,0.12287780280925921
2024-10-14 02:00:00,343.9999999999999,296.86694741249084,47.13305258750904,0.12604668800488497
2024-10-14 03:00:00,343.9999999999999,330.86115181446075,13.138848185539132,0.035136877564028036
2024-10-14 04:00:00,343.9999999999999,300.62552958726883,43.37447041273106,0.11599521014133332
2024-10-14 05:00:00,376.0,389.5993432402611,13.599343240261078,0.03636836742737951
2024-10-14 06:00:00,430.9999999999999,378.85485112667084,52.14514887332905,0.1394504058229968
2024-10-14 07:00:00,445.9999999999999,389.45480167865753,56.545198321342355,0.15121734281376537
2024-10-14 08:00:00,440.99999999999994,430.39240032434464,10.607599675655308,0.028367625973633254
2024-10-14 09:00:00,440.99999999999994,390.80338418483734,50.1966158151626,0.13423949490238735
2024-10-14 10:00:00,437.99999999999994,415.46201527118683,22.537984728813115,0.060272742235338114
2024-10-14 11:00:00,477.99999999999994,397.9693293571472,80.03067064285273,0.214023926301237
2024-10-14 12:00:00,542.9999999999999,434.13522720336914,108.86477279663075,0.291134210455449
2024-10-14 13:00:00,582.9999999999999,423.488010764122,159.51198923587788,0.42657873480449354
2024-10-14 14:00:00,600.9999999999999,431.8886813521385,169.11131864786137,0.4522499700210527
2024-10-14 15:00:00,677.0,435.6329834461212,241.36701655387878,0.6454814903777174
2024-10-14 16:00:00,717.9999999999999,420.7888984680176,297.2111015319823,0.7948238641415318
2024-10-14 17:00:00,690.0,460.8153748512268,229.1846251487732,0.6129024401296611
2024-10-14 18:00:00,624.9999999999999,446.0077276825905,178.9922723174094,0.4786743456131889
2024-10-14 19:00:00,580.9999999999999,399.42763835191727,181.57236164808262,0.4855742109313603
2024-10-14 20:00:00,543.9999999999999,376.33494794368744,167.66505205631245,0.44838225715653174
2024-10-14 21:00:00,533.0,379.3704092502594,153.6295907497406,0.4108475906074158
2024-10-14 22:00:00,532.0,403.1002449989319,128.89975500106812,0.3447132385996052
2024-10-14 23:00:00,532.0,369.0352302789688,162.9647697210312,0.4358124152191759
2024-10-15 00:00:00,532.0,386.5435829758644,145.4564170241356,0.3889902861884341
2024-10-15 01:00:00,534.0,404.16989386081696,129.83010613918304,0.34720125228009485
2024-10-15 02:00:00,532.0,427.20227748155594,104.79772251844406,0.2802578044224853
2024-10-15 03:00:00,531.0,450.6677842140198,80.33221578598022,0.21483034057929828
2024-10-15 04:00:00,532.0,474.1266229748726,57.87337702512741,0.15476925633305
2024-10-15 05:00:00,524.9999999999999,468.53747606277466,56.46252393722523,0.1509962488737652
2024-10-15 06:00:00,558.0,474.886919260025,83.11308073997498,0.22226713488811392
2024-10-15 07:00:00,612.0,489.64075058698654,122.35924941301346,0.3272221358173039
2024-10-15 08:00:00,624.9999999999999,493.9388483762741,131.06115162372578,0.3504934049753163
2024-10-15 09:00:00,625.9999999999999,500.1245427131653,125.8754572868346,0.33662543843618226
2024-10-15 10:00:00,627.9999999999999,479.9363440275192,148.06365597248066,0.3959627570180304
2024-10-15 11:00:00,621.9999999999999,474.748957157135,147.25104284286488,0.3937896070098237
2024-10-15 12:00:00,643.9999999999999,476.4564299583435,167.54357004165638,0.448057380986648
2024-10-15 13:00:00,643.9999999999999,491.7126899957657,152.2873100042342,0.4072579643673227
2024-10-15 14:00:00,634.0,492.00776249170303,141.99223750829697,0.37972612164455855
2024-10-15 15:00:00,635.0,508.33924770355225,126.66075229644775,0.3387255323115943
2024-10-15 16:00:00,619.9999999999999,513.4475040435791,106.55249595642078,0.28495054906585965
2024-10-15 17:00:00,584.9999999999999,529.3032914400101,55.696708559989816,0.1489482488690017
2024-10-15 18:00:00,535.9999999999999,524.4397437572479,11.560256242751962,0.030915290478615038
2024-10-15 19:00:00,512.0,518.4241712093353,6.424171209335327,0.017179992800374
2024-10-15 20:00:00,512.0,508.5022294521332,3.4977705478668213,0.009353996160997328
2024-10-15 21:00:00,512.0,492.7258676290512,19.27413237094879,0.05154430736297513
2024-10-15 22:00:00,500.99999999999994,464.999763071537,36.000236928462925,0.09627449068356046
2024-10-15 23:00:00,496.0,465.4490840435028,30.550915956497192,0.08170151433927268
2024-10-16 00:00:00,496.0,380.2312561869621,115.76874381303787,0.30959731931274503
2024-10-16 01:00:00,496.0,389.4961667060852,106.5038332939148,0.284820411782114
2024-10-16 02:00:00,496.0,423.50951939821243,72.49048060178757,0.19385939357042986
2024-10-16 03:00:00,496.0,434.3144363164902,61.68556368350983,0.1649640872630725
2024-10-16 04:00:00,530.0,457.32106268405914,72.67893731594086,0.19436337842494789
2024-10-16 05:00:00,587.0,462.46442914009094,124.53557085990906,0.3330422152595569
2024-10-16 06:00:00,638.9999999999999,452.571519613266,186.4284803867339,0.49856080208051207
2024-10-16 07:00:00,654.9999999999999,466.797194480896,188.2028055191039,0.5033058333080956
2024-10-16 08:00:00,651.0,464.5632469654083,186.43675303459167,0.49858292540599725
2024-10-16 09:00:00,652.0,464.9475994706154,187.0524005293846,0.5002293353760089
2024-10-16 10:00:00,652.0,442.6102191209793,209.3897808790207,0.559965606574433
2024-10-16 11:00:00,652.0,444.0195509791374,207.98044902086258,0.556196667300008
2024-10-16 12:00:00,651.0,431.50025725364685,219.49974274635315,0.5870024127916194
2024-10-16 13:00:00,647.9999999999999,462.6276469230652,185.3723530769347,0.49573642847847266
2024-10-16 14:00:00,647.9999999999999,455.28219759464264,192.71780240535725,0.515380171222195
2024-10-16 15:00:00,649.0,474.1784620285034,174.82153797149658,0.4675206599936445
2024-10-16 16:00:00,634.0,495.34171879291534,138.65828120708466,0.3708102096326937
2024-10-16 17:00:00,628.9999999999999,514.9043083190918,114.09569168090809,0.30512311981711643
2024-10-16 18:00:00,672.0,514.5649498701096,157.43505012989044,0.42102443095346476
2024-10-16 19:00:00,679.0,497.8809177875519,181.11908221244812,0.4843620176091396
2024-10-16 20:00:00,637.9999999999999,503.6591577529907,134.34084224700916,0.35926419570604656
2024-10-16 21:00:00,616.0,499.8878002166748,116.1121997833252,0.3105158146181328
2024-10-16 22:00:00,618.9999999999999,483.74030381441116,135.25969618558872,0.3617214627269586
2024-10-16 23:00:00,613.0,472.55348324775696,140.44651675224304,0.3755924411128495
2024-10-17 00:00:00,612.0,504.41039621829987,107.58960378170013,0.28772405935861445
2024-10-17 01:00:00,607.9999999999999,517.6550531387329,90.34494686126698,0.24160712503602905
2024-10-17 02:00:00,611.0,533.8545656204224,77.14543437957764,0.20630801453375278
2024-10-17 03:00:00,612.0,538.4785974025726,73.52140259742737,0.19661636126100165
2024-10-17 04:00:00,612.0,547.6215076446533,64.37849235534668,0.17216571587577947
2024-10-17 05:00:00,611.0,551.6199892759323,59.38001072406769,0.15879840737170559
2024-10-17 06:00:00,643.9999999999999,548.2074630260468,95.79253697395313,0.2561754725886809
2024-10-17 07:00:00,661.9999999999999,558.1155967712402,103.88440322875965,0.27781533856814766
2024-10-17 08:00:00,652.0,556.0627466440201,95.93725335597992,0.25656248381865926
2024-10-17 09:00:00,646.9999999999999,554.6709108352661,92.32908916473377,0.24691326482865203
2024-10-17 10:00:00,641.0,551.2619841098785,89.73801589012146,0.23998402543690073
2024-10-17 11:00:00,642.9999999999999,534.9970901012421,108.00290989875782,0.28882935308196406
2024-10-17 12:00:00,643.9999999999999,535.5318850278854,108.46811497211445,0.29007343882478337
2024-10-17 13:00:00,642.9999999999999,538.9268267154694,104.07317328453053,0.2783201613839464
2024-10-17 14:00:00,643.9999999999999,532.228524684906,111.77147531509388,0.29890752886692895
2024-10-17 15:00:00,646.9999999999999,538.8861107826233,108.1138892173766,0.28912614216692656
2024-10-17 16:00:00,650.0,529.8346638679504,120.16533613204956,0.32135501099397523
2024-10-17 17:00:00,616.0,522.6390963792801,93.36090362071991,0.2496726192025523
2024-10-17 18:00:00,605.9999999999999,515.5645555257797,90.43544447422016,0.241849140431996
2024-10-17 19:00:00,665.9999999999999,495.99205255508423,170.00794744491566,0.4546478009281145
2024-10-17 20:00:00,683.9999999999999,485.73986917734146,198.26013082265843,0.530201874941451
2024-10-17 21:00:00,671.0,478.25648725032806,192.74351274967194,0.5154489277225791
2024-10-17 22:00:00,427.9999999999999,459.60782289505005,31.607822895050163,0.08452797288206797
2024-10-17 23:00:00,427.9999999999999,454.20841813087463,26.208418130874747,0.07008848614484631
2024-10-18 00:00:00,422.99999999999994,453.8126474618912,30.81264746189123,0.08240145604875988
2024-10-18 01:00:00,419.99999999999994,462.8244996070862,42.82449960708624,0.1145244376208775
2024-10-18 02:00:00,419.99999999999994,498.22588205337524,78.2258820533753,0.20919742744822353
2024-10-18 03:00:00,422.99999999999994,507.4908220767975,84.49082207679754,0.22595159245876426
2024-10-18 04:00:00,423.99999999999994,533.4237438440323,109.42374384403234,0.29262905208669665
2024-10-18 05:00:00,432.99999999999983,535.8354252576828,102.83542525768297,0.27501008425539514
2024-10-18 06:00:00,469.99999999999983,526.8420428037643,56.842042803764514,0.15201118623802415
2024-10-18 07:00:00,490.9999999999999,550.925635099411,59.925635099411124,0.16025755634745006
2024-10-18 08:00:00,482.99999999999994,553.3034455776215,70.30344557762152,0.1880106630890973
2024-10-18 09:00:00,473.99999999999983,567.1315795183182,93.13157951831835,0.24905934376205877
2024-10-18 10:00:00,472.0,554.3147349357605,82.3147349357605,0.22013213961453176
2024-10-18 11:00:00,472.0,543.9828014373779,71.98280143737793,0.1925017204784078
2024-10-18 12:00:00,472.0,547.8099220991135,75.80992209911346,0.20273648902243946
2024-10-18 13:00:00,472.0,554.776064157486,82.77606415748596,0.22136586026885188
2024-10-18 14:00:00,472.0,545.5520761013031,73.5520761013031,0.19669839060900246
2024-10-18 15:00:00,440.99999999999994,549.0428477525711,108.04284775257116,0.28893615783834703
2024-10-18 16:00:00,431.99999999999983,550.0977444648743,118.09774446487444,0.31582570475372995
2024-10-18 17:00:00,436.0,564.8763889074326,128.87638890743256,0.34465075126741074
2024-10-18 18:00:00,436.0,551.2965631484985,115.29656314849854,0.30833457892913363
2024-10-18 19:00:00,436.0,522.260320186615,86.26032018661499,0.23068371490636702
2024-10-18 20:00:00,436.0,516.8927210569382,80.89272105693817,0.21632928514441763
2024-10-18 21:00:00,436.0,507.93403565883636,71.93403565883636,0.19237130743414907
2024-10-18 22:00:00,399.0,482.9033553600311,83.90335536003113,0.22438054560530551
2024-10-18 23:00:00,340.99999999999994,480.95725178718567,139.95725178718573,0.3742840126318424
2024-10-19 00:00:00,279.0,300.5520638823509,21.55206388235092,0.05763611993932188
2024-10-19 01:00:00,264.99999999999994,307.9173105955124,42.91731059551245,0.114772639616279
2024-10-19 02:00:00,263.99999999999994,329.522305727005,65.52230572700506,0.1752245860163366
2024-10-19 03:00:00,263.99999999999994,347.5995308160782,83.59953081607824,0.22356803558532
2024-10-19 04:00:00,263.99999999999994,356.04572653770447,92.04572653770452,0.24615547557714776
2024-10-19 05:00:00,263.99999999999994,367.76188373565674,103.7618837356568,0.27748768789682776
2024-10-19 06:00:00,263.99999999999994,363.31310749053955,99.31310749053961,0.26559044210883825
2024-10-19 07:00:00,265.9999999999999,371.6838902235031,105.68389022350323,0.28262765950522617
2024-10-19 08:00:00,264.99999999999994,370.7605826854706,105.76058268547064,0.2828327561475025
2024-10-19 09:00:00,263.99999999999994,374.5897686481476,110.58976864814764,0.29574732167930157
2024-10-19 10:00:00,261.99999999999994,376.11959606409073,114.11959606409079,0.30518704668294766
2024-10-19 11:00:00,256.0,350.9480032324791,94.9480032324791,0.2539169581242605
2024-10-19 12:00:00,256.0,360.0470995903015,104.04709959030151,0.2782504331864035
2024-10-19 13:00:00,256.0,350.463690161705,94.46369016170502,0.2526217723644329
2024-10-19 14:00:00,256.0,353.7152999639511,97.71529996395111,0.2613174672909685
2024-10-19 15:00:00,253.99999999999983,351.4359748363495,97.43597483634966,0.260570475418432
2024-10-19 16:00:00,256.0,342.3540794849396,86.35407948493958,0.2309344529420912
2024-10-19 17:00:00,256.0,357.6021373271942,101.60213732719421,0.27171193464571547
2024-10-19 18:00:00,258.99999999999994,341.3882267475128,82.38822674751287,0.2203286768417709
2024-10-19 19:00:00,259.99999999999994,332.86422818899155,72.8642281889916,0.19485889695352648
2024-10-19 20:00:00,258.99999999999994,327.8763198852539,68.87631988525396,0.18419413822991007
2024-10-19 21:00:00,256.0,315.7656607031822,59.76566070318222,0.1598297410097357
2024-10-19 22:00:00,256.0,311.2444218993187,55.244421899318695,0.14773871049886245
2024-10-19 23:00:00,256.0,319.8660206794739,63.86602067947388,0.17079522629587907
2024-10-20 00:00:00,254.99999999999983,261.0969087481499,6.096908748150042,0.01630480337223023
2024-10-20 01:00:00,240.99999999999997,257.32891470193863,16.328914701938658,0.043667988893193316
2024-10-20 02:00:00,151.9999999999999,273.0402785539627,121.04027855396282,0.32369484659601655
2024-10-20 03:00:00,193.99999999999986,275.6756615638733,81.67566156387343,0.21842308243498837
2024-10-20 04:00:00,256.0,277.93309450149536,21.93309450149536,0.05865510014397629
2024-10-20 05:00:00,256.0,290.793693959713,34.79369395971298,0.09304786442454291
2024-10-20 06:00:00,256.0,283.5936713218689,27.593671321868896,0.07379303247035386
2024-10-20 07:00:00,256.0,303.78806591033936,47.788065910339355,0.1277983729777296
2024-10-20 08:00:00,256.0,309.22157764434814,53.221577644348145,0.1423290710910317
2024-10-20 09:00:00,253.99999999999983,311.3851574063301,57.38515740633028,0.15346362339416636
2024-10-20 10:00:00,256.0,320.63566982746124,64.63566982746124,0.17285347885334865
2024-10-20 11:00:00,254.99999999999983,311.99327051639557,56.99327051639574,0.15241561054889027
2024-10-20 12:00:00,294.0,298.7310880422592,4.731088042259216,0.012652224832650195
2024-10-20 13:00:00,312.99999999999983,307.3556077480316,5.644392251968213,0.01509465035900463
2024-10-20 14:00:00,310.9999999999999,287.9007089138031,23.099291086196786,0.06177382912490333
2024-10-20 15:00:00,272.99999999999983,281.9301599264145,8.93015992641466,0.023881692788487466
2024-10-20 16:00:00,254.99999999999983,279.04968470335007,24.049684703350238,0.06431544188212421
2024-10-20 17:00:00,257.0,284.47089314460754,27.470893144607544,0.07346469000676448
2024-10-20 18:00:00,283.9999999999999,277.47318148612976,6.526818513870126,0.01745449979830753
2024-10-20 19:00:00,272.99999999999983,265.5183345079422,7.48166549205763,0.02000802206229735
2024-10-20 20:00:00,263.99999999999994,277.25210577249527,13.252105772495327,0.03543975936233186
2024-10-20 21:00:00,263.99999999999994,281.47443652153015,17.474436521530208,0.04673142789130967
2024-10-20 22:00:00,269.9999999999999,282.7845749258995,12.78457492589962,0.03418945386505697
2024-10-20 23:00:00,274.0,282.7886760234833,8.788676023483276,0.02350332609268742
2024-10-21 00:00:00,272.99999999999983,259.4800731539726,13.519926846027204,0.036155986244389406
2024-10-21 01:00:00,274.0,255.58040142059326,18.41959857940674,0.0492590500265836
2024-10-21 02:00:00,257.0,248.46290230751038,8.537097692489624,0.02283053675156271
2024-10-21 03:00:00,276.0,286.27024233341217,10.27024233341217,0.027465440069486084
2024-10-21 04:00:00,321.0,253.95017087459564,67.04982912540436,0.17930960183110314
2024-10-21 05:00:00,464.99999999999994,301.7256563901901,163.27434360980982,0.4366403005614395
2024-10-21 06:00:00,518.9999999999999,307.9657566547394,211.0342433452605,0.5643633494754053
2024-10-21 07:00:00,544.9999999999999,295.8986163139343,249.10138368606556,0.6661653058173382
2024-10-21 08:00:00,597.0,330.1621949672699,266.8378050327301,0.7135973528644816
2024-10-21 09:00:00,646.9999999999999,326.6520094871521,320.3479905128478,0.8566982403313669
2024-10-21 10:00:00,654.9999999999999,330.04113882780075,324.95886117219914,0.8690289709656938
2024-10-21 11:00:00,645.9999999999999,337.67829716205597,308.3217028379439,0.8245366542002507
2024-10-21 12:00:00,644.9999999999999,364.61185723543167,280.3881427645682,0.7498346661442596
2024-10-21 13:00:00,645.9999999999999,369.47148084640503,276.52851915359486,0.7395129758144129
2024-10-21 14:00:00,620.9999999999999,377.2234109044075,243.77658909559239,0.6519253471134256
2024-10-21 15:00:00,571.9999999999999,392.0843428373337,179.9156571626662,0.48114372951915235
2024-10-21 16:00:00,560.0,376.3593775033951,183.64062249660492,0.4911053067457548
2024-10-21 17:00:00,567.0,419.1282784938812,147.87172150611877,0.3954494717018718
2024-10-21 18:00:00,607.9999999999999,396.0420495271683,211.9579504728316,0.5668335952525205
2024-10-21 19:00:00,578.0,373.93565833568573,204.06434166431427,0.5457239239688176
2024-10-21 20:00:00,511.0,353.3124777674675,157.6875222325325,0.4216996104846988
2024-10-21 21:00:00,468.9999999999999,355.80267012119293,113.19732987880695,0.3027206543800495
2024-10-21 22:00:00,449.9999999999999,350.8556252717972,99.1443747282027,0.2651392045020443
2024-10-21 23:00:00,451.99999999999983,332.5020629167557,119.49793708324415,0.3195702031985679
2024-10-22 00:00:00,451.99999999999983,407.505059838295,44.49494016170485,0.11899165304317158
2024-10-22 01:00:00,451.99999999999983,426.1358740925789,25.86412590742094,0.06916775446951894
2024-10-22 02:00:00,445.9999999999999,457.7433282136917,11.743328213691825,0.03140487505539698
2024-10-22 03:00:00,445.9999999999999,480.1830589771271,34.18305897712719,0.09141485928463695
2024-10-22 04:00:00,481.99999999999994,510.0562798976898,28.056279897689876,0.07503017446782219
2024-10-22 05:00:00,561.9999999999999,497.8676998615265,64.1323001384734,0.1715073304785714
2024-10-22 06:00:00,641.0,500.4188185930252,140.5811814069748,0.37595257127180204
2024-10-22 07:00:00,634.0,515.1375102996826,118.86248970031738,0.31787084290632744
2024-10-22 08:00:00,425.9999999999999,514.704977273941,88.70497727394115,0.23722139732345693
2024-10-22 09:00:00,418.99999999999994,534.8367047309875,115.8367047309876,0.30977906541555544
2024-10-22 10:00:00,416.0,512.1444761753082,96.14447617530823,0.25711665437671666
2024-10-22 11:00:00,535.9999999999999,502.13154315948486,33.86845684051502,0.09057352703089422
2024-10-22 12:00:00,680.0,515.3334778547287,164.6665221452713,0.44036336715426433
2024-10-22 13:00:00,699.9999999999999,508.06314647197723,191.93685352802265,0.5132917000944998
2024-10-22 14:00:00,665.9999999999999,513.4047228097916,152.59527719020832,0.4080815529463597
2024-10-22 15:00:00,654.0,516.7306244373322,137.26937556266785,0.3670958956466646
2024-10-22 16:00:00,624.0,517.1811550855637,106.81884491443634,0.2856628391079502
2024-10-22 17:00:00,571.0,533.2293105125427,37.770689487457275,0.10100916558959767
2024-10-22 18:00:00,527.9999999999999,522.7754652500153,5.2245347499846275,0.01397183643854448
2024-10-22 19:00:00,507.9999999999999,513.6617642641068,5.661764264106864,0.01514110787605155
2024-10-22 20:00:00,507.9999999999999,498.8155549764633,9.184445023536568,0.02456172076337215
2024-10-22 21:00:00,507.9999999999999,480.97943902015686,27.020560979843026,0.07226037849383522
2024-10-22 22:00:00,467.9999999999999,455.9094884991646,12.090511500835305,0.03233333822662561
2024-10-22 23:00:00,447.9999999999999,458.0789691209793,10.078969120979423,0.026953923127390294
2024-10-23 00:00:00,447.9999999999999,407.2571352124214,40.74286478757847,0.10895757614617352
2024-10-23 01:00:00,442.99999999999994,419.76763665676117,23.232363343238774,0.06212970077642294
2024-10-23 02:00:00,446.9999999999999,452.07118570804596,5.071185708046073,0.013561739112274561
2024-10-23 03:00:00,447.9999999999999,469.9346226453781,21.934622645378226,0.058659186819136414
2024-10-23 04:00:00,447.9999999999999,498.28465461730957,50.284654617309684,0.1344749347650178
2024-10-23 05:00:00,447.9999999999999,506.6436356306076,58.64363563060772,0.15682913874672977
2024-10-23 06:00:00,500.99999999999994,506.0577982664108,5.0577982664108845,0.013525937427759404
2024-10-23 07:00:00,571.9999999999999,529.7507536411285,42.249246358871346,0.1129860529264655
2024-10-23 08:00:00,601.9999999999999,540.7010972499847,61.298902750015145,0.1639300500562229
2024-10-23 09:00:00,632.0,542.9876214265823,89.01237857341766,0.2380434725670553
2024-10-23 10:00:00,649.0,528.9670014381409,120.03299856185913,0.32100110409625954
2024-10-23 11:00:00,638.9999999999999,518.279128074646,120.72087192535389,0.32284066581516824
2024-10-23 12:00:00,673.0,516.4751172065735,156.5248827934265,0.4185903942850672
2024-10-23 13:00:00,657.0,535.0686675310135,121.93133246898651,0.3260777687420837
2024-10-23 14:00:00,598.9999999999999,523.538328409195,75.46167159080494,0.20180517180960228
2024-10-23 15:00:00,550.0,533.9896953105927,16.01030468940735,0.04281593848185608
2024-10-23 16:00:00,499.99999999999994,534.1274803876877,34.12748038768774,0.09126622691863819
2024-10-23 17:00:00,512.0,554.5975631475449,42.59756314754486,0.11391754739114673
2024-10-23 18:00:00,523.0,543.5491472482681,20.549147248268127,0.0549540462536331
2024-10-23 19:00:00,506.99999999999983,522.1684437990189,15.16844379901903,0.04056457195308572
2024-10-23 20:00:00,479.99999999999994,516.9390428066254,36.93904280662542,0.09878511465390905
2024-10-23 21:00:00,455.99999999999994,506.0571491718292,50.05714917182928,0.13386652291109344
2024-10-23 22:00:00,437.99999999999994,478.9853024482727,40.98530244827276,0.10960592083213315
2024-10-23 23:00:00,440.0,483.82235527038574,43.82235527038574,0.11719297688495972
2024-10-24 00:00:00,440.0,368.85106444358826,71.14893555641174,0.1902717347939262
2024-10-24 01:00:00,440.0,394.42282408475876,45.57717591524124,0.12188584777245345
2024-10-24 02:00:00,440.0,416.99473410844803,23.00526589155197,0.06152238000961446
2024-10-24 03:00:00,440.0,454.4593816995621,14.459381699562073,0.03866834575257807
2024-10-24 04:00:00,475.0,481.6024813055992,6.602481305599213,0.01765684282043511
2024-10-24 05:00:00,499.99999999999994,469.28027629852295,30.719723701476994,0.08215295247018457
2024-10-24 06:00:00,531.0,485.3459572792053,45.65404272079468,0.12209141065721542
2024-10-24 07:00:00,551.0,493.2877179980278,57.7122820019722,0.15433844413209855
2024-10-24 08:00:00,583.9999999999999,498.2188010215759,85.78119897842396,0.22940241360865768
2024-10-24 09:00:00,638.9999999999999,513.0578112602234,125.9421887397765,0.3368038966129248
2024-10-24 10:00:00,644.9999999999999,492.94242918491364,152.05757081508625,0.40664357887121544
2024-10-24 11:00:00,640.0,471.27470791339874,168.72529208660126,0.45121762929925435
2024-10-24 12:00:00,640.0,489.99347448349,150.00652551651,0.4011585221511243
2024-10-24 13:00:00,611.0,466.0676121711731,144.9323878288269,0.387588888637026
2024-10-24 14:00:00,556.0,477.1180048584938,78.8819951415062,0.21095205349460597
2024-10-24 15:00:00,503.99999999999994,474.0448370575905,29.95516294240946,0.08010830765792595
2024-10-24 16:00:00,496.0,458.04981887340546,37.95018112659454,0.10148917537881756
2024-10-24 17:00:00,466.9999999999999,473.54565382003784,6.5456538200379555,0.017504870564249434
2024-10-24 18:00:00,445.9999999999999,458.6283391714096,12.62833917140972,0.033771636679021055
2024-10-24 19:00:00,447.9999999999999,463.9821597933769,15.982159793377036,0.04274067132358586
2024-10-24 20:00:00,447.9999999999999,441.61654382944107,6.383456170558816,0.017071109638600392
2024-10-24 21:00:00,443.9999999999999,415.81223130226135,28.187768697738534,0.07538181152177915
2024-10-24 22:00:00,443.9999999999999,393.01437735557556,50.985622644424325,0.13634951519986394
2024-10-24 23:00:00,440.99999999999994,410.41176438331604,30.588235616683903,0.08180131732901685
2024-10-25 00:00:00,437.99999999999994,357.32609510421753,80.67390489578241,0.21574411081596906
2024-10-25 01:00:00,437.99999999999994,373.3548367023468,64.64516329765314,0.17287886699202565
2024-10-25 02:00:00,440.0,382.778804898262,57.221195101737976,0.15302514329756883
2024-10-25 03:00:00,440.0,436.1447650194168,3.855234980583191,0.0103099539305432
2024-10-25 04:00:00,440.99999999999994,432.5267708301544,8.473229169845524,0.022659734834328364
2024-10-25 05:00:00,450.99999999999983,465.17439901828766,14.17439901828783,0.03790622403243958
2024-10-25 06:00:00,490.0,478.5371321439743,11.462867856025696,0.030654847266832954
2024-10-25 07:00:00,553.0,477.3490235209465,75.6509764790535,0.2023114249138875
2024-10-25 08:00:00,618.9999999999999,508.5143852233887,110.48561477661121,0.2954687857086963
2024-10-25 09:00:00,661.0,512.7274811267853,148.27251887321472,0.39652131360283344
2024-10-25 10:00:00,672.0,486.925587952137,185.074412047863,0.49493965258823025
2024-10-25 11:00:00,667.0,487.41131722927094,179.58868277072906,0.4802693104670537
2024-10-25 12:00:00,665.9999999999999,508.8118475675583,157.1881524324416,0.4203641589080317
2024-10-25 13:00:00,670.0,499.0025532245636,170.9974467754364,0.4572939930703193
2024-10-25 14:00:00,631.0,501.13335371017456,129.86664628982544,0.34729897064788195
2024-10-25 15:00:00,576.0,514.2696118354797,61.730388164520264,0.16508396019857594
2024-10-25 16:00:00,523.0,495.45017659664154,27.54982340335846,0.0736757711303656
2024-10-25 17:00:00,508.9999999999999,538.5508239269257,29.550823926925773,0.07902699441944537
2024-10-25 18:00:00,490.9999999999999,517.4124097824097,26.41240978240978,0.07063401567550633
2024-10-25 19:00:00,460.99999999999994,499.41348910331726,38.41348910331732,0.10272818776579855
2024-10-25 20:00:00,451.99999999999983,474.6370178461075,22.637017846107653,0.06053758390699941
2024-10-25 21:00:00,453.0,471.07785522937775,18.077855229377747,0.04834513473669499
2024-10-25 22:00:00,444.9999999999999,447.48356223106384,2.4835622310639565,0.006641725423967046
2024-10-25 23:00:00,321.99999999999994,434.89750027656555,112.89750027656561,0.30191882792804586
2024-10-26 00:00:00,263.99999999999994,327.8831943869591,63.88319438695913,0.1708411534919855
2024-10-26 01:00:00,258.0,335.1411044597626,77.14110445976257,0.20629643514260254
2024-10-26 02:00:00,256.0,359.27060544490814,103.27060544490814,0.2761738752316583
2024-10-26 03:00:00,256.0,373.6881762742996,117.68817627429962,0.31473040726926804
2024-10-26 04:00:00,256.0,389.1643613576889,133.1643613576889,0.35611796367864845
2024-10-26 05:00:00,256.0,398.06666404008865,142.06666404008865,0.3799251585691162
2024-10-26 06:00:00,256.0,394.17649269104004,138.17649269104004,0.3695217752234548
2024-10-26 07:00:00,256.0,413.1757861375809,157.17578613758087,0.4203310880495892
2024-10-26 08:00:00,256.0,418.0098885297775,162.00988852977753,0.43325880146007933
2024-10-26 09:00:00,253.99999999999983,427.7944877743721,173.79448777437227,0.4647740465524308
2024-10-26 10:00:00,251.99999999999986,429.23296988010406,177.2329698801042,0.47396948918553605
2024-10-26 11:00:00,254.99999999999983,409.3573397397995,154.35733973979967,0.4127937906700053
2024-10-26 12:00:00,256.0,421.25013917684555,165.25013917684555,0.4419241188954463
2024-10-26 13:00:00,256.0,421.35762333869934,165.35762333869934,0.4422115609742189
2024-10-26 14:00:00,256.0,420.3950160741806,164.3950160741806,0.43963728557975434
2024-10-26 15:00:00,256.0,422.932208776474,166.932208776474,0.4464224335682171
2024-10-26 16:00:00,256.0,416.71388268470764,160.71388268470764,0.4297929269741709
2024-10-26 17:00:00,256.0,434.6693140268326,178.66931402683258,0.4778106667157666
2024-10-26 18:00:00,256.0,418.73864471912384,162.73864471912384,0.43520769504934176
2024-10-26 19:00:00,256.0,403.2267889380455,147.2267889380455,0.3937247454274343
2024-10-26 20:00:00,256.0,395.85393011569977,139.85393011569977,0.3740077021920347
2024-10-26 21:00:00,256.0,383.97538125514984,127.97538125514984,0.3422412101025045
2024-10-26 22:00:00,256.0,367.3780918121338,111.37809181213379,0.2978555136686386
2024-10-26 23:00:00,256.0,374.385421872139,118.38542187213898,0.3165950329090028
2024-10-27 00:00:00,256.0,216.2814125418663,39.7185874581337,0.10621837811236705
2024-10-27 01:00:00,256.0,216.1035606265068,39.896439373493195,0.10669400283123642
2024-10-27 02:00:00,256.0,221.39922827482224,34.600771725177765,0.0925319375458304
2024-10-27 03:00:00,256.0,226.9837872684002,29.016212731599808,0.0775972977025595
2024-10-27 04:00:00,256.0,224.7089320421219,31.291067957878113,0.08368088345017505
2024-10-27 05:00:00,256.0,242.53265619277954,13.467343807220459,0.03601536480098688
2024-10-27 06:00:00,256.0,240.9649157524109,15.035084247589111,0.04020793199770942
2024-10-27 07:00:00,256.0,262.9898750782013,6.989875078201294,0.01869283983971475
2024-10-27 08:00:00,256.0,275.64716041088104,19.647160410881042,0.052541886479649504
2024-10-27 09:00:00,256.0,277.5210964679718,21.5210964679718,0.057553304594160096
2024-10-27 10:00:00,294.0,281.0137563943863,12.986243605613708,0.03472877113302055
2024-10-27 11:00:00,313.99999999999983,262.1597421169281,51.84025788307173,0.13863504383359215
2024-10-27 12:00:00,310.9999999999999,268.3259046077728,42.67409539222706,0.11412221556853373
2024-10-27 13:00:00,311.9999999999999,275.863279402256,36.136720597743874,0.0966394853854775
2024-10-27 14:00:00,311.9999999999999,258.9692062139511,53.030793786048775,0.14181886281587744
2024-10-27 15:00:00,311.9999999999999,256.8199950456619,55.18000495433796,0.14756644195013777
2024-10-27 16:00:00,282.99999999999994,266.2549978494644,16.745002150535527,0.04478072065862828
2024-10-27 17:00:00,254.99999999999983,259.35813188552856,4.358131885528735,0.011654837951339515
2024-10-27 18:00:00,256.0,263.7811803817749,7.781180381774902,0.02080900688684096
2024-10-27 19:00:00,259.99999999999994,266.94058924913406,6.940589249134121,0.01856103603795678
2024-10-27 20:00:00,262.99999999999994,260.2455621957779,2.75443780422205,0.007366120874370167
2024-10-27 21:00:00,263.99999999999994,258.0924564599991,5.907543540000859,0.015798388956014677
2024-10-27 22:00:00,267.9999999999999,263.7543314695358,4.245668530464059,0.0113540801465803
2024-10-27 23:00:00,267.9999999999999,278.9611718058586,10.961171805858726,0.02931317466051766
2024-10-28 00:00:00,267.9999999999999,226.22577756643295,41.77422243356693,0.11171570888506198
2024-10-28 01:00:00,268.9999999999999,253.56437265872955,15.435627341270333,0.04127909390193813
2024-10-28 02:00:00,306.9999999999999,236.58125549554825,70.41874450445164,0.1883190039891583
2024-10-28 03:00:00,440.0,251.322340965271,188.677659034729,0.5045757216273572
2024-10-28 04:00:00,438.99999999999994,255.4900887608528,183.50991123914713,0.4907557490535829
2024-10-28 05:00:00,444.9999999999999,359.01586532592773,85.98413467407215,0.22994511922414756
2024-10-28 06:00:00,487.99999999999983,289.34093177318573,198.6590682268141,0.5312687427922385
2024-10-28 07:00:00,543.9999999999999,431.1718448996544,112.8281551003455,0.30173337993960014
2024-10-28 08:00:00,593.0,421.03803277015686,171.96196722984314,0.45987338485839024
2024-10-28 09:00:00,642.9999999999999,365.42310744524,277.57689255475987,0.7423166133416859
2024-10-28 10:00:00,663.9999999999999,472.1428719162941,191.8571280837058,0.5130784924269675
2024-10-28 11:00:00,653.0,421.6761812567711,231.3238187432289,0.6186232295286033
2024-10-28 12:00:00,647.9999999999999,483.1544369459152,164.84556305408466,0.44084217156718475
2024-10-28 13:00:00,654.9999999999999,422.64749228954315,232.35250771045673,0.6213742254897814
2024-10-28 14:00:00,658.0,503.5448580980301,154.4551419019699,0.4130553404306194
2024-10-28 15:00:00,626.9999999999999,477.87493765354156,149.12506234645832,0.39880124828313074
2024-10-28 16:00:00,576.0,511.66644752025604,64.33355247974396,0.17204553434354034
2024-10-28 17:00:00,519.9999999999999,477.64067351818085,42.35932648181904,0.11328043731599695
2024-10-28 18:00:00,508.9999999999999,542.3627203702927,33.36272037029278,0.08922104923505358
2024-10-28 19:00:00,476.0,438.05493235588074,37.94506764411926,0.10147550052656854
2024-10-28 20:00:00,457.0,516.6601091623306,59.66010916233063,0.1595474672886892
2024-10-28 21:00:00,459.99999999999994,509.35838520526886,49.35838520526892,0.13199783673765786
2024-10-28 22:00:00,454.0,543.2593560218811,89.2593560218811,0.23870395788853782
2024-10-28 23:00:00,454.0,478.45735251903534,24.45735251903534,0.065405657243794
2024-10-29 00:00:00,455.99999999999994,389.4675475358963,66.53245246410364,0.17792599497714642
2024-10-29 01:00:00,450.99999999999983,388.86138170957565,62.138618290424176,0.16617567933173563
2024-10-29 02:00:00,443.9999999999999,415.44797122478485,28.552028775215035,0.07635594270611248
2024-10-29 03:00:00,443.9999999999999,432.50936329364777,11.49063670635212,0.030729108775926824
2024-10-29 04:00:00,443.9999999999999,440.3577724099159,3.6422275900839622,0.009740313845315486
2024-10-29 05:00:00,446.9999999999999,470.3234302997589,23.323430299759025,0.062373238752978795
2024-10-29 06:00:00,446.9999999999999,451.9472676515579,4.947267651558036,0.013230348299525489
2024-10-29 07:00:00,485.9999999999999,497.75168895721436,11.75168895721447,0.03142723397281127
2024-10-29 08:00:00,541.0,512.4253571033478,28.57464289665222,0.07641641905875282
2024-10-29 09:00:00,593.0,535.6918573379517,57.30814266204834,0.15325766488073764
2024-10-29 10:00:00,642.9999999999999,529.7022485733032,113.29775142669666,0.3029892090952851
2024-10-29 11:00:00,662.9999999999999,518.3186638355255,144.68133616447437,0.38691750774670497
2024-10-29 12:00:00,665.9999999999999,537.6706516742706,128.32934832572926,0.343187814968092
2024-10-29 13:00:00,675.0,541.0966908931732,133.90330910682678,0.3580941122893196
2024-10-29 14:00:00,665.9999999999999,524.1143703460693,141.88562965393055,0.37944102305194677
2024-10-29 15:00:00,640.0,559.3404972553253,80.65950274467468,0.2157055955204892
2024-10-29 16:00:00,575.0,549.509841799736,25.490158200263977,0.0681676624253977
2024-10-29 17:00:00,522.0,578.6572569608688,56.657256960868835,0.15151701829836126
2024-10-29 18:00:00,508.9999999999999,578.0927217006683,69.09272170066845,0.18477285593678036
2024-10-29 19:00:00,469.99999999999983,555.9298592805862,85.92985928058641,0.22979997196095392
2024-10-29 20:00:00,451.99999999999983,547.5128138065338,95.51281380653398,0.2554274162486856
2024-10-29 21:00:00,451.99999999999983,550.3170204162598,98.31702041625994,0.2629266325360481
2024-10-29 22:00:00,450.99999999999983,510.2727234363556,59.27272343635576,0.158511491788294
2024-10-29 23:00:00,441.99999999999994,492.96526551246643,50.96526551246649,0.13629507465507215
2024-10-30 00:00:00,436.0,351.8404492735863,84.15955072641373,0.22506568216323947
2024-10-30 01:00:00,436.0,353.3252826333046,82.6747173666954,0.22109483120076096
2024-10-30 02:00:00,436.0,382.2077786922455,53.79222130775452,0.14385512849352658
2024-10-30 03:00:00,436.0,399.5086866617203,36.491313338279724,0.09758776346384164
2024-10-30 04:00:00,436.0,414.99083161354065,21.00916838645935,0.0561842687344195
2024-10-30 05:00:00,444.9999999999999,447.7256155014038,2.7256155014039223,0.007289042144870231
2024-10-30 06:00:00,447.9999999999999,431.30676805973053,16.693231940269357,0.04464227294130185
2024-10-30 07:00:00,485.9999999999999,482.635338306427,3.3646616935728844,0.008998026638405406
2024-10-30 08:00:00,543.9999999999999,495.6250190734863,48.37498092651356,0.12936794443274496
2024-10-30 09:00:00,594.0,512.6573199033737,81.34268009662628,0.2175325988187281
2024-10-30 10:00:00,643.9999999999999,506.55978441238403,137.44021558761585,0.3675527686506651
2024-10-30 11:00:00,659.0,483.9741253852844,175.02587461471558,0.46806711212652874
2024-10-30 12:00:00,659.0,492.8339123725891,166.1660876274109,0.4443736158458637
2024-10-30 13:00:00,655.9999999999999,490.0146585702896,165.98534142971027,0.44389025102353785
2024-10-30 14:00:00,618.9999999999999,468.1435051560402,150.8564948439597,0.4034315728607481
2024-10-30 15:00:00,579.0,501.3554620742798,77.64453792572021,0.20764275407445965
2024-10-30 16:00:00,524.9999999999999,485.5487698316574,39.45123016834248,0.1055033915150195
2024-10-30 17:00:00,502.99999999999994,516.0149091482162,13.014909148216304,0.03480543064278202
2024-10-30 18:00:00,504.99999999999994,517.7108752727509,12.710875272750911,0.0339923608130155
2024-10-30 19:00:00,469.99999999999983,504.40243005752563,34.402430057525805,0.09200151761908201
2024-10-30 20:00:00,447.9999999999999,502.6739501953125,54.673950195312614,0.14621311296288775
2024-10-30 21:00:00,447.9999999999999,503.98010551929474,55.98010551929485,0.1497061299344119
2024-10-30 22:00:00,448.9999999999999,470.11536598205566,21.115365982055778,0.05646827018274833
2024-10-30 23:00:00,447.9999999999999,461.10180258750916,13.101802587509269,0.03503780749153156
2024-10-31 00:00:00,443.9999999999999,334.8890197277069,109.11098027229298,0.29179263665883676
2024-10-31 01:00:00,443.9999999999999,343.63524466753006,100.36475533246983,0.2684028363872839
2024-10-31 02:00:00,443.9999999999999,356.59683734178543,87.40316265821446,0.23373998859432682
2024-10-31 03:00:00,443.9999999999999,401.0103964805603,42.989603519439584,0.1149659706892089
2024-10-31 04:00:00,443.9999999999999,396.6240808367729,47.37591916322697,0.12669617972705796
2024-10-31 05:00:00,482.99999999999994,458.9396095275879,24.060390472412053,0.06434407203991595
2024-10-31 06:00:00,539.0,446.48602187633514,92.51397812366486,0.24740770852882754
2024-10-31 07:00:00,590.9999999999999,486.97642385959625,104.02357614040363,0.27818752504047833
2024-10-31 08:00:00,605.9999999999999,512.3841691017151,93.6158308982848,0.25035436454377535
2024-10-31 09:00:00,642.0,514.263356924057,127.736643075943,0.3416027588429883
2024-10-31 10:00:00,660.0,503.27341854572296,156.72658145427704,0.41912979173079873
2024-10-31 11:00:00,657.0,494.9784618616104,162.0215381383896,0.43328995570325884
2024-10-31 12:00:00,659.0,508.83120238780975,150.16879761219025,0.401592482166299
2024-10-31 13:00:00,694.0,505.09271264076233,188.90728735923767,0.5051898106410635
2024-10-31 14:00:00,710.9999999999999,496.4527916908264,214.54720830917347,0.573757979665256
2024-10-31 15:00:00,708.9999999999999,527.3749494552612,181.62505054473866,0.48571511546763646
2024-10-31 16:00:00,674.0,512.9772645235062,161.02273547649384,0.4306188839056349
2024-10-31 17:00:00,654.0,555.1894783973694,98.81052160263062,0.2642463898327565
2024-10-31 18:00:00,659.0,549.1869467496872,109.8130532503128,0.2936701720349473
2024-10-31 19:00:00,607.9999999999999,508.2493185997009,99.75068140029896,0.2667606345545771
2024-10-31 20:00:00,522.0,510.5569088459015,11.44309115409851,0.030601958950869264
2024-10-31 21:00:00,501.99999999999994,519.5087492465973,17.508749246597347,0.046823189513222556
2024-10-31 22:00:00,503.99999999999994,483.48205268383026,20.517947316169682,0.054870609092424735
2024-10-31 23:00:00,460.99999999999994,452.8560000658035,8.143999934196415,0.021779285712750618
2024-11-01 00:00:00,436.0,419.0215614438057,16.978438556194305,0.045404993524011325
2024-11-01 01:00:00,436.0,430.5293592810631,5.47064071893692,0.014629991185196525
2024-11-01 02:00:00,436.0,444.12585496902466,8.125854969024658,0.02173076110765279
2024-11-01 03:00:00,436.0,457.0024162530899,21.002416253089905,0.05616621168100447
2024-11-01 04:00:00,436.0,467.01741456985474,31.017414569854736,0.08294905936223546
2024-11-01 05:00:00,436.0,472.628955245018,36.628955245018005,0.09795585560985375
2024-11-01 06:00:00,436.0,472.53684282302856,36.536842823028564,0.09770952177237693
2024-11-01 07:00:00,436.0,489.8698514699936,53.86985146999359,0.14406273280307877
2024-11-01 08:00:00,436.0,493.59656900167465,57.59656900167465,0.15402899588620922
2024-11-01 09:00:00,436.0,486.8633043766022,50.86330437660217,0.13602240266004167
2024-11-01 10:00:00,469.99999999999983,480.48415035009384,10.484150350094012,0.028037488675724358
2024-11-01 11:00:00,487.99999999999983,467.49078154563904,20.50921845436079,0.05484726572591945
2024-11-01 12:00:00,483.99999999999994,449.61701810359955,34.382981896400395,0.09194950791117922
2024-11-01 13:00:00,490.9999999999999,472.9494309425354,18.050569057464486,0.048272164041838914
2024-11-01 14:00:00,491.99999999999983,458.3057686686516,33.69423133134825,0.09010760031512159
2024-11-01 15:00:00,459.0,468.9730480313301,9.973048031330109,0.026670661131673455
2024-11-01 16:00:00,423.99999999999994,469.10006403923035,45.1000640392304,0.12060991997916426
2024-11-01 17:00:00,500.99999999999994,476.7243880033493,24.27561199665064,0.06491963332500926
2024-11-01 18:00:00,543.9999999999999,470.43731689453125,73.56268310546864,0.19672675664241898
2024-11-01 19:00:00,543.9999999999999,459.56515967845917,84.43484032154072,0.22580188191697997
2024-11-01 20:00:00,480.99999999999994,470.4095533490181,10.590446650981846,0.02832175408902867
2024-11-01 21:00:00,438.99999999999994,467.539404630661,28.539404630661068,0.07632218228698903
2024-11-01 22:00:00,440.0,449.90813702344894,9.908137023448944,0.026497071323474865
2024-11-01 23:00:00,437.0,455.30379474163055,18.303794741630554,0.04894935885640441
2024-11-02 00:00:00,436.0,360.3568947315216,75.6431052684784,0.20229037514161277
2024-11-02 01:00:00,436.0,372.69199311733246,63.30800688266754,0.1693029446148256
2024-11-02 02:00:00,436.0,390.3843641281128,45.61563587188721,0.12198870022715146
2024-11-02 03:00:00,436.0,407.28932440280914,28.710675597190857,0.07678020774677426
2024-11-02 04:00:00,436.0,420.8027359843254,15.197264015674591,0.040641645103615745
2024-11-02 05:00:00,436.0,436.5066647529602,0.5066647529602051,0.0013549602780527701
2024-11-02 06:00:00,436.0,436.8807202577591,0.8807202577590942,0.00235528711710818
2024-11-02 07:00:00,436.0,458.8339841365814,22.83398413658142,0.061064325698584665
2024-11-02 08:00:00,436.0,464.9534413218498,28.953441321849823,0.07742942976560183
2024-11-02 09:00:00,436.0,455.0083386898041,19.008338689804077,0.050833502283276204
2024-11-02 10:00:00,473.99999999999983,459.7079899907112,14.292010009288617,0.038220748025153566
2024-11-02 11:00:00,495.0,428.9091897010803,66.09081029891968,0.1767449229024831
2024-11-02 12:00:00,531.0,419.5148438215256,111.48515617847443,0.29814183309926584
2024-11-02 13:00:00,500.99999999999994,433.2676237821579,67.73237621784205,0.18113491964283204
2024-11-02 14:00:00,483.99999999999994,419.31427359580994,64.68572640419,0.17298734384539025
2024-11-02 15:00:00,483.99999999999994,421.76557928323746,62.234420716762486,0.16643188125119238
2024-11-02 16:00:00,448.9999999999999,411.1010733246803,37.89892667531956,0.10135210694225227
2024-11-02 17:00:00,449.9999999999999,421.70606911182404,28.29393088817585,0.07566571828701832
2024-11-02 18:00:00,440.0,403.5536080598831,36.44639194011688,0.09746763134533601
2024-11-02 19:00:00,404.99999999999994,386.39880537986755,18.60119462013239,0.04974468756185189
2024-11-02 20:00:00,259.99999999999994,390.5579084157944,130.55790841579443,0.34914759484551555
2024-11-02 21:00:00,259.99999999999994,381.1827403306961,121.18274033069616,0.32407582839411225
2024-11-02 22:00:00,259.99999999999994,361.88288658857346,101.88288658857351,0.2724627350419125
2024-11-02 23:00:00,259.99999999999994,378.71547281742096,118.71547281742102,0.31747767950712935
2024-11-03 00:00:00,259.99999999999994,243.39131981134415,16.608680188655796,0.044416158406578816
2024-11-03 01:00:00,259.99999999999994,251.6520220041275,8.34797799587244,0.022324778900406638
2024-11-03 02:00:00,259.99999999999994,264.4138115644455,4.4138115644455524,0.011803740658279828
2024-11-03 03:00:00,259.99999999999994,281.85200303792953,21.85200303792959,0.05843823936694606
2024-11-03 04:00:00,259.99999999999994,288.82009238004684,28.8200923800469,0.0770728181832731
2024-11-03 05:00:00,259.99999999999994,300.94208121299744,40.94208121299749,0.10949033541470633
2024-11-03 06:00:00,259.99999999999994,301.40857368707657,41.408573687076625,0.11073786401955765
2024-11-03 07:00:00,259.99999999999994,311.57448649406433,51.57448649406439,0.13792429836917233
2024-11-03 08:00:00,257.0,316.3630932569504,59.36309325695038,0.1587531654325036
2024-11-03 09:00:00,256.0,311.3954544067383,55.39545440673828,0.148142612777544
2024-11-03 10:00:00,256.0,312.4317339062691,56.43173390626907,0.15091390790044534
2024-11-03 11:00:00,294.0,296.35262846946716,2.352628469467163,0.006291572694804098
2024-11-03 12:00:00,318.0,291.3476371765137,26.652362823486328,0.07127571580830049
2024-11-03 13:00:00,266.9999999999999,308.0098360776901,41.00983607769024,0.10967153047468857
2024-11-03 14:00:00,256.0,306.6687476634979,50.668747663497925,0.135502104738103
2024-11-03 15:00:00,257.0,318.04961800575256,61.04961800575256,0.16326339439401846
2024-11-03 16:00:00,259.99999999999994,320.6805458664894,60.68054586648947,0.1622763944388889
2024-11-03 17:00:00,259.99999999999994,341.02296352386475,81.0229635238648,0.21667758916235086
2024-11-03 18:00:00,261.0,335.7349669933319,74.73496699333191,0.1998617647387504
2024-11-03 19:00:00,264.99999999999994,339.9592450261116,74.95924502611166,0.20046154560742324
2024-11-03 20:00:00,263.99999999999994,347.99683570861816,83.99683570861822,0.2246305376530531
2024-11-03 21:00:00,265.9999999999999,343.25437366962433,77.25437366962444,0.20659934802373855
2024-11-03 22:00:00,263.99999999999994,338.89667719602585,74.8966771960259,0.20029422209822936
2024-11-03 23:00:00,269.9999999999999,348.01412522792816,78.01412522792828,0.20863113171635955
2024-11-04 00:00:00,276.0,245.87844371795654,30.121556282043457,0.08055328900786074
2024-11-04 01:00:00,276.0,271.11473947763443,4.88526052236557,0.013064524258044403
2024-11-04 02:00:00,276.0,263.4145599603653,12.585440039634705,0.03365691265454828
2024-11-04 03:00:00,276.0,275.8172821998596,0.18271780014038086,0.0004886374270894787
2024-11-04 04:00:00,276.0,274.33067858219147,1.6693214178085327,0.004464222544035833
2024-11-04 05:00:00,276.0,408.34664046764374,132.34664046764374,0.3539311541205102
2024-11-04 06:00:00,276.0,327.037955224514,51.03795522451401,0.13648946684807955
2024-11-04 07:00:00,308.9999999999999,470.93440532684326,161.93440532684338,0.4330569387075622
2024-11-04 08:00:00,300.99999999999994,467.06087440252304,166.0608744025231,0.4440922468743379
2024-11-04 09:00:00,318.0,395.32527208328247,77.32527208328247,0.20678894979438142
2024-11-04 10:00:00,376.0,502.8434228897095,126.84342288970947,0.33921404349456463
2024-11-04 11:00:00,387.9999999999999,451.4383479952812,63.43834799528133,0.16965151243833623
2024-11-04 12:00:00,384.9999999999999,520.1043230295181,135.10432302951824,0.3613059523652822
2024-11-04 13:00:00,472.0,452.9044461250305,19.095553874969482,0.0510667395685851
2024-11-04 14:00:00,511.0,539.8822939395905,28.882293939590454,0.0772391621847495
2024-11-04 15:00:00,505.99999999999983,515.1070618629456,9.107061862945727,0.024354777003858245
2024-11-04 16:00:00,534.0,549.4988662004471,15.498866200447083,0.04144821192665417
2024-11-04 17:00:00,541.0,537.3795622587204,3.620437741279602,0.009682041823387404
2024-11-04 18:00:00,523.9999999999999,596.3673305511475,72.36733055114757,0.19353005661560427
2024-11-04 19:00:00,465.9999999999999,477.47064024209976,11.470640242099876,0.03067563275533334
2024-11-04 20:00:00,455.0,544.7715103626251,89.77151036262512,0.24007359882741514
2024-11-04 21:00:00,451.99999999999983,547.0999896526337,95.09998965263384,0.2543234114267844
2024-11-04 22:00:00,455.0,589.6126753091812,134.6126753091812,0.35999115174424073
2024-11-04 23:00:00,451.99999999999983,507.06525206565857,55.06525206565874,0.14725956130560167
2024-11-05 00:00:00,450.99999999999983,358.23108047246933,92.7689195275305,0.2480894916476467
2024-11-05 01:00:00,451.99999999999983,357.1199780702591,94.88002192974074,0.25373515750694386
2024-11-05 02:00:00,451.99999999999983,375.3240716457367,76.67592835426314,0.20505242686776498
2024-11-05 03:00:00,451.99999999999983,417.12322533130646,34.87677466869337,0.09327004498848226
2024-11-05 04:00:00,451.99999999999983,407.99385756254196,44.00614243745787,0.11768447409202543
2024-11-05 05:00:00,490.0,469.43057119846344,20.56942880153656,0.0550082846803154
2024-11-05 06:00:00,563.9999999999999,464.2515045404434,99.74849545955647,0.2667547887505046
2024-11-05 07:00:00,646.9999999999999,470.57586908340454,176.42413091659535,0.4718064323308944
2024-11-05 08:00:00,682.9999999999999,506.3030970096588,176.69690299034107,0.47253589954314507
2024-11-05 09:00:00,670.0,503.3713138103485,166.6286861896515,0.44561073106427634
2024-11-05 10:00:00,634.0,479.3736380338669,154.62636196613312,0.413513229763539
2024-11-05 11:00:00,579.9999999999999,484.5160308480263,95.48396915197361,0.2553502777445068
2024-11-05 12:00:00,563.9999999999999,502.2964721918106,61.70352780818928,0.1650121282511784
2024-11-05 13:00:00,563.9999999999999,511.44309997558594,52.55690002441395,0.14055154114157375
2024-11-05 14:00:00,563.9999999999999,505.7996356487274,58.20036435127247,0.15564370997476215
2024-11-05 15:00:00,530.0,541.3167929649353,11.316792964935303,0.030264203011648477
2024-11-05 16:00:00,523.0,533.7715995311737,10.771599531173706,0.028806206491688902
2024-11-05 17:00:00,557.0,597.8728759288788,40.872875928878784,0.10930526153604327
2024-11-05 18:00:00,564.9999999999999,588.3690690994263,23.369069099426383,0.06249528939953746
2024-11-05 19:00:00,551.0,560.4672074317932,9.467207431793213,0.02531790486553405
2024-11-05 20:00:00,519.9999999999999,544.4254249334335,24.425424933433646,0.06532027413788094
2024-11-05 21:00:00,470.99999999999983,552.8895002603531,81.88950026035326,0.21899494566002606
2024-11-05 22:00:00,448.9999999999999,534.0032082796097,85.0032082796098,0.2273218534602976
2024-11-05 23:00:00,444.9999999999999,502.72186517715454,57.721865177154655,0.1543640721664822
2024-11-06 00:00:00,443.9999999999999,356.8278855085373,87.1721144914626,0.23312210253369872
2024-11-06 01:00:00,445.9999999999999,376.90438091754913,69.09561908245075,0.18478060432899127
2024-11-06 02:00:00,444.9999999999999,398.5701549053192,46.42984509468067,0.12416611862553768
2024-11-06 03:00:00,444.9999999999999,445.68816661834717,0.6881666183472817,0.0018403459626797913
2024-11-06 04:00:00,362.99999999999994,461.09820306301117,98.09820306301123,0.2623414550196166
2024-11-06 05:00:00,276.0,481.5420860052109,205.54208600521088,0.54967581695394
2024-11-06 06:00:00,313.99999999999983,496.91063940525055,182.91063940525072,0.48915313208458827
2024-11-06 07:00:00,340.0,494.64223086833954,154.64223086833954,0.4135556675530643
2024-11-06 08:00:00,313.99999999999983,517.1270442008972,203.1270442008974,0.5432173339125143
2024-11-06 09:00:00,328.9999999999999,509.118515253067,180.11851525306713,0.48168622759696217
2024-11-06 10:00:00,371.9999999999999,484.90200608968735,112.90200608968746,0.30193087770605936
2024-11-06 11:00:00,388.9999999999999,472.7396258711815,83.7396258711816,0.2239426881217509
2024-11-06 12:00:00,383.99999999999994,478.53105425834656,94.53105425834661,0.2528019224036511
2024-11-06 13:00:00,384.9999999999999,472.52698838710785,87.52698838710796,0.23407113249780812
2024-11-06 14:00:00,382.99999999999994,471.91344648599625,88.9134464859963,0.23777890107693764
2024-11-06 15:00:00,342.99999999999994,473.5823866724968,130.58238667249685,0.34921305640626943
2024-11-06 16:00:00,327.9999999999999,456.3430541753769,128.343054175377,0.34322446816281527
2024-11-06 17:00:00,360.99999999999994,487.99249291419983,126.99249291419989,0.33961269755655094
2024-11-06 18:00:00,385.9999999999999,469.73717987537384,83.73717987537395,0.2239361468592291
2024-11-06 19:00:00,350.99999999999983,462.18652814626694,111.18652814626711,0.2973432199745321
2024-11-06 20:00:00,294.99999999999983,445.8618289232254,150.86182892322557,0.40344583764921627
2024-11-06 21:00:00,278.0,432.6388281583786,154.6388281583786,0.41354656777494103
2024-11-06 22:00:00,280.0,419.2631131410599,139.26311314105988,0.37242769583169644
2024-11-06 23:00:00,276.0,429.5876705646515,153.5876705646515,0.41073548455442416
2024-11-07 00:00:00,276.0,255.64737617969513,20.35262382030487,0.05442848879766005
2024-11-07 01:00:00,276.0,261.19365334510803,14.806346654891968,0.039596225044756274
2024-11-07 02:00:00,276.0,263.4345933794975,12.565406620502472,0.03360333780648718
2024-11-07 03:00:00,276.0,309.7531861066818,33.753186106681824,0.09026526152662646
2024-11-07 04:00:00,276.0,291.9982659816742,15.998265981674194,0.0427837436810885
2024-11-07 05:00:00,276.0,334.7960811853409,58.79608118534088,0.15723681990083085
2024-11-07 06:00:00,297.0,346.23318672180176,49.23318672180176,0.13166302171257604
2024-11-07 07:00:00,287.9999999999999,329.88107800483704,41.88107800483715,0.11200146994050124
2024-11-07 08:00:00,280.0,359.7810888290405,79.78108882904053,0.213356476193717
2024-11-07 09:00:00,318.99999999999994,344.48169350624084,25.4816935062409,0.06814502551588282
2024-11-07 10:00:00,373.99999999999983,334.1277202963829,39.872279703616925,0.10662939325888714
2024-11-07 11:00:00,384.9999999999999,336.32351875305176,48.67648124694813,0.13017423884265256
2024-11-07 12:00:00,383.99999999999994,348.2549688220024,35.74503117799753,0.09559200062955346
2024-11-07 13:00:00,386.9999999999999,354.38433945178986,32.61566054821003,0.08722320672018104
2024-11-07 14:00:00,383.99999999999994,359.88146245479584,24.118537545204106,0.06449957323366973
2024-11-07 15:00:00,350.99999999999983,373.38740944862366,22.387409448623828,0.05987006270746266
2024-11-07 16:00:00,294.0,359.9152743816376,65.91527438163757,0.17627549179661042
2024-11-07 17:00:00,299.99999999999994,400.5526077747345,100.55260777473455,0.26890520525331774
2024-11-07 18:00:00,336.0,382.9928585886955,46.992858588695526,0.1256717708658816
2024-11-07 19:00:00,347.9999999999999,373.3720377087593,25.37203770875942,0.06785177588883154
2024-11-07 20:00:00,326.9999999999999,357.5400012731552,30.540001273155326,0.08167232548749377
2024-11-07 21:00:00,289.9999999999999,354.9927771091461,64.99277710914623,0.17380848150324596
2024-11-07 22:00:00,277.0,354.4740915298462,77.47409152984619,0.20718693374238162
2024-11-07 23:00:00,276.0,346.61562144756317,70.61562144756317,0.18884550684143298
2024-11-08 00:00:00,276.0,247.67162650823593,28.32837349176407,0.07575782723965829
2024-11-08 01:00:00,276.0,262.5244742631912,13.475525736808777,0.03603724552098018
2024-11-08 02:00:00,276.0,262.22028493881226,13.779715061187744,0.036850731063704685
2024-11-08 03:00:00,276.0,322.02054262161255,46.02054262161255,0.12307153174244413
2024-11-08 04:00:00,276.0,304.14188146591187,28.141881465911865,0.07525909649960388
2024-11-08 05:00:00,276.0,347.2301959991455,71.23019599914551,0.19048904746751943
2024-11-08 06:00:00,315.0,367.2251710295677,52.22517102956772,0.13966440697944996
2024-11-08 07:00:00,358.0,340.2405095100403,17.759490489959717,0.0474937402528203
2024-11-08 08:00:00,364.99999999999994,374.730681180954,9.730681180954036,0.02602250581189314
2024-11-08 09:00:00,369.99999999999983,350.6980723142624,19.30192768573744,0.05161863964528715
2024-11-08 10:00:00,389.9999999999999,325.42870223522186,64.57129776477802,0.17268133033217664
2024-11-08 11:00:00,401.99999999999994,334.06278133392334,67.9372186660766,0.18168272443682115
2024-11-08 12:00:00,387.9999999999999,345.11456072330475,42.88543927669514,0.11468740698315363
2024-11-08 13:00:00,399.0,350.7876768708229,48.21232312917709,0.12893295294573348
2024-11-08 14:00:00,390.99999999999983,360.05701303482056,30.942986965179273,0.08275001956849282
2024-11-08 15:00:00,421.99999999999994,376.91007524728775,45.08992475271219,0.12058280475080133
2024-11-08 16:00:00,472.0,368.31296503543854,103.68703496456146,0.27728752178875987
2024-11-08 17:00:00,488.99999999999983,413.43495190143585,75.56504809856398,0.20208162889661876
2024-11-08 18:00:00,501.99999999999994,400.221303999424,101.77869600057596,0.2721841008814369
2024-11-08 19:00:00,507.9999999999999,400.7707330584526,107.22926694154728,0.28676041998509655
2024-11-08 20:00:00,492.99999999999983,376.7584231495857,116.2415768504141,0.310861804319947
2024-11-08 21:00:00,450.99999999999983,374.1115039587021,76.88849604129774,0.20562089106553416
2024-11-08 22:00:00,390.99999999999983,379.94453340768814,11.055466592311689,0.029565344738117803
2024-11-08 23:00:00,337.0,365.05784422159195,28.05784422159195,0.07503435789826005
2024-11-09 00:00:00,289.9999999999999,294.3825379014015,4.3825379014016335,0.011720106320335178
2024-11-09 01:00:00,274.0,302.16411978006363,28.16411978006363,0.07531856784066412
2024-11-09 02:00:00,277.0,313.4422266483307,36.44222664833069,0.09745649221461136
2024-11-09 03:00:00,276.0,332.82914757728577,56.82914757728577,0.15197670087160953
2024-11-09 04:00:00,276.0,335.7979291677475,59.7979291677475,0.15991603571933263
2024-11-09 05:00:00,274.0,345.0772672891617,71.07726728916168,0.1900800742239865
2024-11-09 06:00:00,276.0,345.9078723192215,69.9078723192215,0.18695279188518898
2024-11-09 07:00:00,276.0,359.38753098249435,83.38753098249435,0.2230010899831606
2024-11-09 08:00:00,276.0,366.61242574453354,90.61242574453354,0.24232243680762286
2024-11-09 09:00:00,276.0,380.82252234220505,104.82252234220505,0.28032412594160133
2024-11-09 10:00:00,312.99999999999983,387.9353007674217,74.9353007674219,0.20039751210356788
2024-11-09 11:00:00,336.0,367.9033273458481,31.903327345848083,0.08531823269485275
2024-11-09 12:00:00,331.99999999999983,389.63746279478073,57.6374627947809,0.15413835708600485
2024-11-09 13:00:00,325.9999999999999,381.3994199037552,55.3994199037553,0.14815321760235056
2024-11-09 14:00:00,323.99999999999994,387.63721883296967,63.63721883296972,0.1701833475106528
2024-11-09 15:00:00,321.99999999999994,388.1453123688698,66.14531236886984,0.17689067636060835
2024-11-09 16:00:00,299.0,376.9285449385643,77.9285449385643,0.2084022665900705
2024-11-09 17:00:00,313.99999999999983,396.15623116493225,82.15623116493242,0.21970825713180756
2024-11-09 18:00:00,323.99999999999994,375.2528187632561,51.25281876325613,0.1370640707819362
2024-11-09 19:00:00,278.0,362.5573253631592,84.55732536315918,0.2261294404555975
2024-11-09 20:00:00,265.9999999999999,350.57188242673874,84.57188242673885,0.22616837002944354
2024-11-09 21:00:00,263.99999999999994,339.5419657230377,75.54196572303778,0.20201990030433292
2024-11-09 22:00:00,264.99999999999994,323.08747708797455,58.087477087974605,0.1553418185233181
2024-11-09 23:00:00,266.9999999999999,328.27324122190475,61.27324122190487,0.16386142410373578
2024-11-10 00:00:00,267.9999999999999,225.01433104276657,42.985668957233315,0.11495544859255648
2024-11-10 01:00:00,267.9999999999999,235.88300675153732,32.11699324846256,0.08588963382178225
2024-11-10 02:00:00,267.9999999999999,240.24816781282425,27.751832187175637,0.07421599792982389
2024-11-10 03:00:00,267.9999999999999,253.60325932502747,14.39674067497242,0.03850082650123955
2024-11-10 04:00:00,266.9999999999999,260.73315024375916,6.266849756240731,0.01675927215899664
2024-11-10 05:00:00,266.9999999999999,267.81801760196686,0.8180176019669716,0.0021876030470591736
2024-11-10 06:00:00,267.9999999999999,272.8365808725357,4.836580872535819,0.012934341545543753
2024-11-10 07:00:00,267.9999999999999,293.2005661725998,25.200566172599906,0.06739321405093894
2024-11-10 08:00:00,264.99999999999994,304.2655634880066,39.26556348800665,0.10500686797486172
2024-11-10 09:00:00,263.99999999999994,302.489817738533,38.48981773853308,0.10293231143572247
2024-11-10 10:00:00,301.99999999999994,312.8525832295418,10.852583229541835,0.02902277907507372
2024-11-10 11:00:00,358.99999999999994,293.3244252204895,65.67557477951044,0.1756344694289605
2024-11-10 12:00:00,368.99999999999983,294.4509583711624,74.54904162883741,0.19936454940632267
2024-11-10 13:00:00,335.0,311.18680000305176,23.813199996948242,0.06368301702590604
2024-11-10 14:00:00,280.99999999999994,307.76698619127274,26.766986191272792,0.07158225007850556
2024-11-10 15:00:00,263.99999999999994,318.83938908576965,54.83938908576971,0.14665554185438812
2024-11-10 16:00:00,263.99999999999994,319.8912173509598,55.891217350959835,0.149468418634032
2024-11-10 17:00:00,263.99999999999994,338.09442579746246,74.09442579746252,0.19814878219597698
2024-11-10 18:00:00,263.99999999999994,334.6887740492821,70.68877404928213,0.18904113692816446
2024-11-10 19:00:00,263.99999999999994,346.42629235982895,82.426292359829,0.22043047471175647
2024-11-10 20:00:00,263.99999999999994,351.2088507413864,87.20885074138647,0.23322034532465793
2024-11-10 21:00:00,263.99999999999994,347.922602891922,83.92260289192205,0.22443201877570151
2024-11-10 22:00:00,263.99999999999994,342.9430443048477,78.94304430484777,0.2111153156731035
2024-11-10 23:00:00,272.99999999999983,355.43994426727295,82.43994426727312,0.22046698365025744
2024-11-11 00:00:00,276.0,254.61115568876266,21.388844311237335,0.05719962611541246
2024-11-11 01:00:00,276.0,255.4432064294815,20.556793570518494,0.054974494612951376
2024-11-11 02:00:00,275.0,258.60229074954987,16.397709250450134,0.043851964352380125
2024-11-11 03:00:00,276.0,295.17163038253784,19.171630382537842,0.051270188980145424
2024-11-11 04:00:00,275.0,276.51201993227005,1.51201993227005,0.004043555301370788
2024-11-11 05:00:00,276.0,318.86629700660706,42.866297006607056,0.11463621531163992
2024-11-11 06:00:00,276.0,323.87105226516724,47.871052265167236,0.12802030121283026
2024-11-11 07:00:00,276.0,313.3848112821579,37.3848112821579,0.09997722161225923
2024-11-11 08:00:00,276.0,341.2218225002289,65.22182250022888,0.17442101159335946
2024-11-11 09:00:00,311.9999999999999,329.4182440638542,17.41824406385433,0.046581153873564936
2024-11-11 10:00:00,358.0,322.1975389122963,35.802461087703705,0.09574558393285092
2024-11-11 11:00:00,366.9999999999999,330.94270169734955,36.05729830265034,0.09642708842197295
2024-11-11 12:00:00,363.99999999999994,341.8641310930252,22.135868906974736,0.05919737442539231
2024-11-11 13:00:00,364.99999999999994,360.760218501091,4.23978149890894,0.011338336612288195
2024-11-11 14:00:00,329.9999999999999,364.1579335927963,34.15793359279644,0.09134766712741649
2024-11-11 15:00:00,323.99999999999994,384.2556130886078,60.255613088607845,0.1611400078410285
2024-11-11 16:00:00,293.0,380.67697763442993,87.67697763442993,0.23447224481333614
2024-11-11 17:00:00,279.0,421.2967264652252,142.29672646522522,0.38054040848676146
2024-11-11 18:00:00,298.0,406.9608235359192,108.96082353591919,0.2913910764317244
2024-11-11 19:00:00,283.9999999999999,391.2377464771271,107.23774647712719,0.2867830965849982
2024-11-11 20:00:00,280.0,378.9149808883667,98.9149808883667,0.2645257425645564
2024-11-11 21:00:00,280.0,380.382524728775,100.38252472877502,0.268450356618399
2024-11-11 22:00:00,279.0,376.7649435997009,97.76494359970093,0.26145022796576606
2024-11-11 23:00:00,270.9999999999999,360.44983327388763,89.44983327388775,0.23921334621451423
2024-11-12 00:00:00,261.99999999999994,296.7967566847801,34.79675668478018,0.09305605498996986
2024-11-12 01:00:00,259.99999999999994,294.9954307079315,34.995430707931575,0.0935873637263252
2024-11-12 02:00:00,259.99999999999994,314.45764660835266,54.45764660835272,0.14563465794580072
2024-11-12 03:00:00,259.99999999999994,319.79338109493256,59.79338109493261,0.15990387292732894
2024-11-12 04:00:00,259.99999999999994,324.973421394825,64.97342139482504,0.17375671902341028
2024-11-12 05:00:00,261.0,338.7395668029785,77.73956680297852,0.20789688731187286
2024-11-12 06:00:00,267.9999999999999,327.88868218660355,59.88868218660366,0.1601587341406162
2024-11-12 07:00:00,268.9999999999999,341.58325016498566,72.58325016498577,0.19410748478342912
2024-11-12 08:00:00,265.9999999999999,347.2239410877228,81.22394108772289,0.21721505819728273
2024-11-12 09:00:00,300.99999999999994,355.893631875515,54.89363187551504,0.14680060192625277
2024-11-12 10:00:00,318.0,359.90810483694077,41.908104836940765,0.11207374708969713
2024-11-12 11:00:00,349.9999999999999,351.10582172870636,1.1058217287064736,0.0029572700849048454
2024-11-12 12:00:00,368.99999999999983,353.914837539196,15.085162460803815,0.04034185485163865
2024-11-12 13:00:00,367.9999999999999,361.4904499053955,6.5095500946043785,0.017408319316967263
2024-11-12 14:00:00,329.9999999999999,357.397141456604,27.397141456604118,0.07326745779927396
2024-11-12 15:00:00,278.0,362.23614156246185,84.23614156246185,0.2252705070299817
2024-11-12 16:00:00,269.9999999999999,363.6593994498253,93.6593994498254,0.2504708787799935
2024-11-12 17:00:00,272.99999999999983,385.6599587202072,112.65995872020738,0.30128357676567125
2024-11-12 18:00:00,280.0,379.38592851161957,99.38592851161957,0.26578518545815183
2024-11-12 19:00:00,280.0,371.876936852932,91.87693685293198,0.24570408574417507
2024-11-12 20:00:00,280.0,381.0618317127228,101.06183171272278,0.2702670094928596
2024-11-12 21:00:00,280.0,383.3997818827629,103.39978188276291,0.27651932839596655
2024-11-12 22:00:00,280.0,384.2890414595604,104.2890414595604,0.27889745199031346
2024-11-12 23:00:00,276.0,385.736640393734,109.73664039373398,0.2934658231340381
2024-11-13 00:00:00,276.0,256.2162780761719,19.783721923828125,0.05290708935684396
2024-11-13 01:00:00,276.0,262.5510576367378,13.448942363262177,0.03596615430138806
2024-11-13 02:00:00,276.0,266.5073186159134,9.492681384086609,0.02538602918892718
2024-11-13 03:00:00,276.0,292.16051012277603,16.16051012277603,0.04321762893806639
2024-11-13 04:00:00,276.0,286.8633967638016,10.863396763801575,0.029051697426511636
2024-11-13 05:00:00,274.0,321.43824577331543,47.43824577331543,0.12686285814793125
2024-11-13 06:00:00,271.99999999999983,307.95599073171616,35.95599073171633,0.09615616423851711
2024-11-13 07:00:00,274.0,348.0737829208374,74.0737829208374,0.19809357749170584
2024-11-13 08:00:00,280.0,357.1392148733139,77.1392148733139,0.20629138187105575
2024-11-13 09:00:00,322.99999999999994,369.5704087615013,46.57040876150137,0.12454202435801015
2024-11-13 10:00:00,344.9999999999999,381.3832515478134,36.38325154781353,0.0972987766480004
2024-11-13 11:00:00,371.9999999999999,366.1247491836548,5.875250816345101,0.015712029370967478
2024-11-13 12:00:00,405.99999999999994,385.9976354241371,20.002364575862828,0.05349179967439471
2024-11-13 13:00:00,432.99999999999983,381.50855630636215,51.49144369363768,0.13770221918308517
2024-11-13 14:00:00,431.99999999999983,387.3270106315613,44.67298936843855,0.11946780537319546
2024-11-13 15:00:00,462.9999999999999,407.900033891201,55.09996610879887,0.14735239616192564
2024-11-13 16:00:00,488.99999999999983,402.4462527036667,86.55374729633314,0.23146841934031281
2024-11-13 17:00:00,498.0,426.59115493297577,71.40884506702423,0.1909668039904916
2024-11-13 18:00:00,504.99999999999994,424.74164843559265,80.25835156440729,0.21463280742623037
2024-11-13 19:00:00,518.9999999999999,401.96680784225464,117.03319215774525,0.3129788004020022
2024-11-13 20:00:00,513.0,413.13657492399216,99.86342507600784,0.2670621420134929
2024-11-13 21:00:00,481.99999999999994,415.8820974826813,66.11790251731867,0.17681737491253607
2024-11-13 22:00:00,468.9999999999999,389.43196535110474,79.56803464889515,0.21278671098016413
2024-11-13 23:00:00,463.9999999999999,374.20302629470825,89.79697370529163,0.24014169477776098
2024-11-14 00:00:00,463.9999999999999,326.28597915172577,137.71402084827412,0.36828499888761423
2024-11-14 01:00:00,463.9999999999999,333.92830073833466,130.07169926166523,0.3478473384396344
2024-11-14 02:00:00,463.9999999999999,350.6316876411438,113.36831235885609,0.3031779083479957
2024-11-14 03:00:00,463.9999999999999,385.36432564258575,78.63567435741413,0.21029332427345215
2024-11-14 04:00:00,459.0,388.14321756362915,70.85678243637085,0.1894904373572054
2024-11-14 05:00:00,458.0,426.04408621788025,31.95591378211975,0.08545886322400673
2024-11-14 06:00:00,462.9999999999999,422.8386801481247,40.16131985187519,0.10740236575670602
2024-11-14 07:00:00,473.99999999999983,448.2886165380478,25.71138346195204,0.06875927934829956
2024-11-14 08:00:00,463.9999999999999,472.3885837197304,8.38858371973049,0.02243336972415703
2024-11-14 09:00:00,492.99999999999983,478.2728326320648,14.72716736793501,0.039384477951546405
2024-11-14 10:00:00,550.0,457.98384726047516,92.01615273952484,0.24607638714328592
2024-11-14 11:00:00,571.0,457.54278749227524,113.45721250772476,0.3034156516876029
2024-11-14 12:00:00,571.9999999999999,465.0337225198746,106.96627748012531,0.28605711415675283
2024-11-14 13:00:00,577.0,479.1537719964981,97.84622800350189,0.2616676047178137
2024-11-14 14:00:00,589.9999999999999,466.66944086551666,123.33055913448322,0.329819683964454
2024-11-14 15:00:00,620.9999999999999,502.8432458639145,118.1567541360854,0.31598351277184183
2024-11-14 16:00:00,657.0,498.4433877468109,158.5566122531891,0.42402379516334804
2024-11-14 17:00:00,675.0,541.4539289474487,133.54607105255127,0.35713875991770866
2024-11-14 18:00:00,652.0,537.7901440858841,114.2098559141159,0.3054284262357437
2024-11-14 19:00:00,612.0,521.3757812976837,90.62421870231628,0.24235397440573486
2024-11-14 20:00:00,544.9999999999999,514.1737228631973,30.82627713680256,0.08243790553138074
2024-11-14 21:00:00,498.99999999999994,519.7863256931305,20.78632569313055,0.05558832635644529
2024-11-14 22:00:00,478.99999999999994,488.60096007585526,9.600960075855312,0.02567559605824054
2024-11-14 23:00:00,473.99999999999983,467.30997920036316,6.69002079963667,0.017890947396466093
2024-11-15 00:00:00,473.0,382.4531364440918,90.5468635559082,0.24214710556381616
2024-11-15 01:00:00,476.0,388.40683847665787,87.59316152334213,0.23424809758280293
2024-11-15 02:00:00,460.99999999999994,415.2625072002411,45.737492799758854,0.12231457901762771
2024-11-15 03:00:00,446.9999999999999,443.4100806713104,3.5899193286894615,0.009600427231949435
2024-11-15 04:00:00,473.99999999999983,458.2870629429817,15.71293705701811,0.042020696011342916
2024-11-15 05:00:00,476.0,479.4422060251236,3.442206025123596,0.00920540141319583
2024-11-15 06:00:00,515.0,482.8471791744232,32.15282082557678,0.08598544657284696
2024-11-15 07:00:00,571.9999999999999,493.6872947216034,78.31270527839649,0.20942961652478514
2024-11-15 08:00:00,588.9999999999999,513.0344438552856,75.96555614471424,0.20315269707415343
2024-11-15 09:00:00,564.9999999999999,508.99607241153717,56.003927588462716,0.14976983667002927
2024-11-15 10:00:00,598.9999999999999,495.386860370636,103.6131396293639,0.27708990542934053
2024-11-15 11:00:00,625.9999999999999,489.83692467212677,136.16307532787312,0.3641373459054612
2024-11-15 12:00:00,614.0,497.0354425907135,116.9645574092865,0.31279525229191085
2024-11-15 13:00:00,612.0,503.99934232234955,108.00065767765045,0.2888233300260478
2024-11-15 14:00:00,579.9999999999999,498.26948940753937,81.73051059246052,0.21856976375550866
2024-11-15 15:00:00,586.0,513.3353286981583,72.66467130184174,0.19432522719710438
2024-11-15 16:00:00,640.0,500.6820559501648,139.3179440498352,0.3725743286948787
2024-11-15 17:00:00,665.9999999999999,525.4087829589844,140.5912170410155,0.37597940930505935
2024-11-15 18:00:00,665.9999999999999,517.5108361244202,148.48916387557972,0.39710068165819584
2024-11-15 19:00:00,623.0,504.2913168668747,118.7086831331253,0.31745952203225575
2024-11-15 20:00:00,557.0,487.4780559539795,69.52194404602051,0.18592071401257268
2024-11-15 21:00:00,538.0,472.72915184497833,65.27084815502167,0.17455211961787004
2024-11-15 22:00:00,514.0,456.11507445573807,57.88492554426193,0.1548001402352875
2024-11-15 23:00:00,497.0,458.1902003288269,38.809799671173096,0.10378803073707249
2024-11-16 00:00:00,404.99999999999994,402.5374209880829,2.4625790119170574,0.006585610550604308
2024-11-16 01:00:00,274.0,415.8785569667816,141.87855696678162,0.37942210874995536
2024-11-16 02:00:00,270.9999999999999,434.0479239821434,163.04792398214352,0.43603479248165516
2024-11-16 03:00:00,267.9999999999999,447.1796679496765,179.17966794967663,0.47917549284421135
2024-11-16 04:00:00,270.9999999999999,466.92925572395325,195.92925572395336,0.5239684767163021
2024-11-16 05:00:00,271.99999999999983,471.6954982280731,199.6954982280733,0.53404044039797
2024-11-16 06:00:00,269.9999999999999,473.5838323831558,203.58383238315594,0.5444389105839289
2024-11-16 07:00:00,267.9999999999999,499.82643127441406,231.82643127441418,0.619967353056101
2024-11-16 08:00:00,267.9999999999999,509.51576113700867,241.51576113700878,0.6458792741203976
2024-11-16 09:00:00,267.9999999999999,508.0491614341736,240.0491614341737,0.6419571849489378
2024-11-16 10:00:00,267.9999999999999,502.7158463001251,234.71584630012524,0.6276944399785157
2024-11-16 11:00:00,267.9999999999999,488.3738949894905,220.37389498949062,0.5893401352392573
2024-11-16 12:00:00,307.9999999999999,475.8184880018234,167.81848800182354,0.44879258688674944
2024-11-16 13:00:00,323.99999999999994,501.45164608955383,177.4516460895539,0.47455428924480275
2024-11-16 14:00:00,278.0,485.12966126203537,207.12966126203537,0.553921427880788
2024-11-16 15:00:00,259.99999999999994,495.5997633934021,235.59976339340216,0.6300582763091163
2024-11-16 16:00:00,278.0,495.42497992515564,217.42497992515564,0.5814539289220021
2024-11-16 17:00:00,307.9999999999999,509.1024059057236,201.10240590572369,0.5378028967499585
2024-11-16 18:00:00,317.0,500.4292631149292,183.4292631149292,0.49054007388735843
2024-11-16 19:00:00,316.0,486.8587902188301,170.8587902188301,0.45692318747274135
2024-11-16 20:00:00,316.0,494.9647718667984,178.9647718667984,0.47860080187842396
2024-11-16 21:00:00,300.99999999999994,490.7474273443222,189.74742734432226,0.5074365749978548
2024-11-16 22:00:00,271.99999999999983,465.3113579750061,193.31135797500627,0.5169675013354358
2024-11-16 23:00:00,259.99999999999994,475.49040019512177,215.49040019512182,0.576280333021346
2024-11-17 00:00:00,259.99999999999994,252.8582462668419,7.141753733158055,0.01909900494859229
2024-11-17 01:00:00,259.99999999999994,259.57675874233246,0.42324125766748466,0.001131863009656765
2024-11-17 02:00:00,259.99999999999994,276.0091781616211,16.00917816162115,0.04281292583810397
2024-11-17 03:00:00,261.0,291.12063109874725,30.120631098747253,0.08055081481440451
2024-11-17 04:00:00,259.99999999999994,300.4613381624222,40.46133816242224,0.10820469686638887
2024-11-17 05:00:00,259.99999999999994,312.65322268009186,52.653222680091915,0.14080913429672748
2024-11-17 06:00:00,259.99999999999994,310.61943233013153,50.61943233013159,0.13537022203377058
2024-11-17 07:00:00,259.99999999999994,322.9352644085884,62.935264408588466,0.1683061291794327
2024-11-17 08:00:00,259.99999999999994,328.1931960582733,68.19319605827337,0.18236727807209918
2024-11-17 09:00:00,259.99999999999994,326.8117752671242,66.81177526712423,0.1786729806331172
2024-11-17 10:00:00,261.0,327.1405416727066,66.1405416727066,0.1768779182128152
2024-11-17 11:00:00,303.99999999999994,313.23138892650604,9.2313889265061,0.024687261613507965
2024-11-17 12:00:00,317.0,310.7280081510544,6.271991848945618,0.016773023522833337
2024-11-17 13:00:00,281.99999999999994,327.27381259202957,45.27381259202963,0.1210745711830158
2024-11-17 14:00:00,259.99999999999994,325.45454800128937,65.45454800128942,0.17504338330519578
2024-11-17 15:00:00,259.99999999999994,336.5896475315094,76.58964753150946,0.20482168832338052
2024-11-17 16:00:00,288.9999999999999,340.595446228981,51.59544622898113,0.13798035043927348
2024-11-17 17:00:00,310.9999999999999,362.58514791727066,51.585147917270774,0.13795280993400444
2024-11-17 18:00:00,323.99999999999994,356.9511544704437,32.95115447044378,0.08812040932900464
2024-11-17 19:00:00,323.99999999999994,357.1864512562752,33.186451256275234,0.08874965736035555
2024-11-17 20:00:00,323.99999999999994,364.10311460494995,40.10311460495001,0.10724670898939173
2024-11-17 21:00:00,320.0,359.95215475559235,39.952154755592346,0.1068430010182621
2024-11-17 22:00:00,304.99999999999994,354.41599756479263,49.41599756479269,0.13215190796172374
2024-11-17 23:00:00,310.9999999999999,361.24945878982544,50.24945878982555,0.13438081148544176
2024-11-18 00:00:00,286.99999999999994,298.8025179505348,11.802517950534877,0.03156316461831242
2024-11-18 01:00:00,276.0,302.3973512649536,26.397351264953613,0.07059374507669268
2024-11-18 02:00:00,276.0,308.41900169849396,32.41900169849396,0.08669728710936146
2024-11-18 03:00:00,276.0,336.63177967071533,60.63177967071533,0.16214598027883603
2024-11-18 04:00:00,315.0,313.99472415447235,1.005275845527649,0.0026883828630622363
2024-11-18 05:00:00,401.99999999999994,394.24995839595795,7.750041604041996,0.020725733269150576
2024-11-18 06:00:00,466.9999999999999,379.6637409925461,87.3362590074538,0.2335610699134678
2024-11-18 07:00:00,486.9999999999999,387.27673530578613,99.72326469421375,0.26668731477560403
2024-11-18 08:00:00,487.99999999999983,422.4101597070694,65.58984029293043,0.17540519193709542
2024-11-18 09:00:00,434.0,385.2623587846756,48.7376412153244,0.1303377973441521
2024-11-18 10:00:00,391.99999999999983,389.00728046894073,2.9927195310590946,0.008003351455269436
2024-11-18 11:00:00,385.9999999999999,380.96449702978134,5.035502970218545,0.013466313701120551
2024-11-18 12:00:00,391.99999999999983,418.4323900938034,26.432390093803576,0.07068744849893353
2024-11-18 13:00:00,387.9999999999999,424.7474902868271,36.7474902868272,0.09827285076744151
2024-11-18 14:00:00,403.9999999999999,436.6146209836006,32.61462098360073,0.08722042663977513
2024-11-18 15:00:00,463.9999999999999,460.9191119670868,3.0808880329130943,0.008239138170428947
2024-11-18 16:00:00,509.9999999999999,477.36911594867706,32.63088405132282,0.08726391853581482
2024-11-18 17:00:00,492.99999999999983,531.6528367996216,38.65283679962175,0.10336826904092412
2024-11-18 18:00:00,515.0,530.9427273273468,15.942727327346802,0.042635218112513903
2024-11-18 19:00:00,515.0,497.8337699174881,17.166230082511902,0.04590719948412324
2024-11-18 20:00:00,515.0,465.31368881464005,49.686311185359955,0.1328748005970321
2024-11-18 21:00:00,513.0,473.69494557380676,39.30505442619324,0.10511247755648989
2024-11-18 22:00:00,461.99999999999994,500.98536014556885,38.985360145568904,0.10425752751539112
2024-11-18 23:00:00,426.9999999999999,442.2670841217041,15.267084121704215,0.04082836318441148
2024-11-19 00:00:00,421.99999999999994,388.8841885328293,33.11581146717066,0.08856074722258198
2024-11-19 01:00:00,369.99999999999983,409.68982368707657,39.68982368707674,0.10614145591282291
2024-11-19 02:00:00,302.99999999999994,433.1269472837448,130.12694728374487,0.3479950867780012
2024-11-19 03:00:00,275.0,461.7478287220001,186.74782872200012,0.4994148269690008
2024-11-19 04:00:00,275.0,481.08031421899796,206.08031421899796,0.5511151865685578
2024-11-19 05:00:00,351.99999999999983,468.6214452981949,116.62144529819506,0.31187767656016413
2024-11-19 06:00:00,473.0,474.362273812294,1.3622738122940063,0.0036430931749358744
2024-11-19 07:00:00,485.9999999999999,476.03938668966293,9.960613310336953,0.026637407283017205
2024-11-19 08:00:00,483.99999999999994,468.9524835348129,15.047516465187016,0.04024117915160132
2024-11-19 09:00:00,487.99999999999983,480.99469274282455,7.005307257175275,0.01873410971173837
2024-11-19 10:00:00,484.9999999999999,458.0426198244095,26.9573801755904,0.07209141572388217
2024-11-19 11:00:00,458.0,442.5994500517845,15.400549948215485,0.04118528734845424
2024-11-19 12:00:00,437.0,451.45584404468536,14.455844044685364,0.038658885094801115
2024-11-19 13:00:00,436.0,434.52403485774994,1.475965142250061,0.003947134920783438
2024-11-19 14:00:00,435.0,445.43929785490036,10.43929785490036,0.02791754082262449
2024-11-19 15:00:00,436.0,445.65482676029205,9.654826760292053,0.025819650321529542
2024-11-19 16:00:00,472.0,441.71287536621094,30.287124633789062,0.08099606411429405
2024-11-19 17:00:00,490.0,451.24612748622894,38.75387251377106,0.10363846620490122
2024-11-19 18:00:00,487.99999999999983,441.6185501217842,46.38144987821562,0.12403669656573424
2024-11-19 19:00:00,487.99999999999983,443.71421098709106,44.285789012908765,0.1184323256041262
2024-11-19 20:00:00,450.99999999999983,430.3898924589157,20.61010754108412,0.05511707076801178
2024-11-19 21:00:00,398.0,410.6408357620239,12.640835762023926,0.03380505598398436
2024-11-19 22:00:00,324.9999999999999,396.3172656297684,71.31726562976849,0.19072189550012794
2024-11-19 23:00:00,282.99999999999994,400.6362524628639,117.63625246286398,0.3145915487803573
2024-11-20 00:00:00,275.0,322.7255183458328,47.725518345832825,0.12763110366424343
2024-11-20 01:00:00,276.0,322.52131909132004,46.52131909132004,0.1244107451388227
2024-11-20 02:00:00,275.0,356.4772564172745,81.47725641727448,0.21789249274815467
2024-11-20 03:00:00,276.0,362.29249477386475,86.29249477386475,0.23076975856231793
2024-11-20 04:00:00,276.0,376.66828751564026,100.66828751564026,0.2692145645544866
2024-11-20 05:00:00,276.0,390.5960574746132,114.59605747461319,0.3064612349534184
2024-11-20 06:00:00,276.0,373.89340817928314,97.89340817928314,0.2617937774261413
2024-11-20 07:00:00,301.99999999999994,386.5387147665024,84.53871476650244,0.2260796706244154
2024-11-20 08:00:00,291.99999999999983,384.71107095479965,92.71107095479982,0.2479347887247886
2024-11-20 09:00:00,317.0,391.0899594426155,74.08995944261551,0.19813683794019438
2024-11-20 10:00:00,340.0,381.8275272846222,41.82752728462219,0.11185826065205468
2024-11-20 11:00:00,358.99999999999994,379.64875280857086,20.64875280857092,0.05522041879463769
2024-11-20 12:00:00,377.99999999999994,380.96458554267883,2.96458554267889,0.007928113467042199
2024-11-20 13:00:00,371.9999999999999,399.60410356521606,27.604103565216178,0.07382093114549153
2024-11-20 14:00:00,339.0,397.5206869840622,58.520686984062195,0.15650034040159874
2024-11-20 15:00:00,289.9999999999999,410.9352296590805,120.93522965908062,0.3234139170879205
2024-11-20 16:00:00,276.0,426.2148866057396,150.2148866057396,0.4017157367545646
2024-11-20 17:00:00,304.99999999999994,449.1838949918747,144.18389499187475,0.38558721384802236
2024-11-20 18:00:00,329.9999999999999,444.07799899578094,114.07799899578106,0.3050758047326959
2024-11-20 19:00:00,318.0,423.98223727941513,105.98223727941513,0.2834255212224125
2024-11-20 20:00:00,286.99999999999994,425.6816554069519,138.68165540695196,0.3708727186431714
2024-11-20 21:00:00,276.0,422.5312453508377,146.5312453508377,0.3918646714301517
2024-11-20 22:00:00,276.0,415.6887263059616,139.6887263059616,0.3735659019707437
2024-11-20 23:00:00,270.9999999999999,403.3800342679024,132.3800342679025,0.35402045828587686
2024-11-21 00:00:00,267.9999999999999,287.05299139022827,19.052991390228385,0.05095291583045753
2024-11-21 01:00:00,261.99999999999994,285.5385947227478,23.53859472274786,0.06294864733369551
2024-11-21 02:00:00,259.99999999999994,312.1533018350601,52.15330183506018,0.13947220907500835
2024-11-21 03:00:00,259.99999999999994,319.68144178390503,59.681441783905086,0.15960451655981228
2024-11-21 04:00:00,259.99999999999994,326.07112884521484,66.0711288452149,0.1766922893063458
2024-11-21 05:00:00,259.99999999999994,346.2559640407562,86.25596404075628,0.2306720653795952
2024-11-21 06:00:00,267.9999999999999,331.4494675397873,63.449467539787406,0.16968124914496077
2024-11-21 07:00:00,267.9999999999999,342.2749489545822,74.27494895458233,0.1986315505467196
2024-11-21 08:00:00,267.9999999999999,341.88611179590225,73.88611179590237,0.19759169351785769
2024-11-21 09:00:00,266.9999999999999,343.55673372745514,76.55673372745525,0.20473366779929136
2024-11-21 10:00:00,299.99999999999994,345.7917433977127,45.791743397712764,0.12245965997078004
2024-11-21 11:00:00,320.0,332.1192741394043,12.119274139404297,0.032410257397586836
2024-11-21 12:00:00,315.0,334.65903371572495,19.659033715724945,0.05257363894780267
2024-11-21 13:00:00,316.0,343.97920578718185,27.979205787181854,0.07482405719285
2024-11-21 14:00:00,313.99999999999983,341.8540996313095,27.85409963130968,0.07448948907703716
2024-11-21 15:00:00,317.0,348.20436894893646,31.204368948936462,0.08344902656142142
2024-11-21 16:00:00,326.9999999999999,352.33290553092957,25.33290553092968,0.06774712573062888
2024-11-21 17:00:00,326.9999999999999,373.01718950271606,46.01718950271618,0.12306256458440595
2024-11-21 18:00:00,291.99999999999983,362.73225635290146,70.73225635290163,0.18915742051382625
2024-11-21 19:00:00,271.99999999999983,346.39433920383453,74.3943392038347,0.19895083276317269
2024-11-21 20:00:00,271.99999999999983,349.8803901672363,77.8803901672365,0.20827348754639977
2024-11-21 21:00:00,271.99999999999983,346.61473631858826,74.61473631858843,0.19954023499441925
2024-11-21 22:00:00,271.99999999999983,346.282399892807,74.28239989280718,0.19865147639565603
2024-11-21 23:00:00,267.9999999999999,343.35881888866425,75.35881888866436,0.2015301155222315
2024-11-22 00:00:00,267.9999999999999,276.8780502676964,8.878050267696494,0.02374233729305685
2024-11-22 01:00:00,267.9999999999999,289.022019803524,21.02201980352413,0.0562186369424658
2024-11-22 02:00:00,267.9999999999999,304.623863697052,36.623863697052116,0.09794223941648866
2024-11-22 03:00:00,267.9999999999999,320.2196592092514,52.21965920925152,0.13964966686274638
2024-11-22 04:00:00,267.9999999999999,339.2957228422165,71.2957228422166,0.19066428418763623
2024-11-22 05:00:00,267.9999999999999,337.3666137456894,69.3666137456895,0.18550531825887784
2024-11-22 06:00:00,283.9999999999999,342.0234543085098,58.02345430850994,0.1551706040811089
2024-11-22 07:00:00,299.99999999999994,360.36288410425186,60.36288410425192,0.16142687990847526
2024-11-22 08:00:00,312.99999999999983,370.6216764450073,57.621676445007495,0.15409614006428893
2024-11-22 09:00:00,311.9999999999999,376.2785357236862,64.27853572368633,0.1718984044738388
2024-11-22 10:00:00,324.9999999999999,364.73893225193024,39.73893225193035,0.10627278566153754
2024-11-22 11:00:00,328.9999999999999,367.009819149971,38.00981914997112,0.1016486637826679
2024-11-22 12:00:00,329.9999999999999,364.1385492682457,34.13854926824581,0.0912958281359936
2024-11-22 13:00:00,330.9999999999999,396.5865218639374,65.58652186393749,0.17539631754935736
2024-11-22 14:00:00,327.9999999999999,395.0178372859955,67.0178372859956,0.1792240468929168
2024-11-22 15:00:00,365.9999999999999,419.0908670425415,53.09086704254162,0.1419795151522508
2024-11-22 16:00:00,380.99999999999994,435.5964571237564,54.596457123756466,0.14600587527135817
2024-11-22 17:00:00,380.0,460.9569364786148,80.95693647861481,0.21650101476464853
2024-11-22 18:00:00,380.0,465.79112738370895,85.79112738370895,0.22942896488286213
2024-11-22 19:00:00,380.0,473.10910820961,93.10910820960999,0.2489992493297585
2024-11-22 20:00:00,356.0,477.51020550727844,121.51020550727844,0.3249515599387326
2024-11-22 21:00:00,299.99999999999994,473.5634744167328,173.56347441673284,0.46415625358090035
2024-11-22 22:00:00,271.99999999999983,455.93055456876755,183.93055456876772,0.4918806644923099
2024-11-22 23:00:00,268.9999999999999,456.33013129234314,187.33013129234325,0.5009720634809414
2024-11-23 00:00:00,267.9999999999999,259.7614261507988,8.238573849201089,0.022032202256525545
2024-11-23 01:00:00,267.9999999999999,254.38488721847534,13.615112781524545,0.03641053949853756
2024-11-23 02:00:00,267.9999999999999,271.35257363319397,3.3525736331940834,0.008965699855150236
2024-11-23 03:00:00,267.9999999999999,272.18205749988556,4.182057499885673,0.011183966833632946
2024-11-23 04:00:00,267.9999999999999,274.48610723018646,6.486107230186576,0.017345626678680674
2024-11-23 05:00:00,267.9999999999999,286.935151219368,18.935151219368095,0.05063777894804806
2024-11-23 06:00:00,267.9999999999999,279.0685969591141,11.068596959114188,0.02960045893414132
2024-11-23 07:00:00,267.9999999999999,302.2465842962265,34.246584296226615,0.09158474338162112
2024-11-23 08:00:00,267.9999999999999,306.9120106101036,38.91201061010372,0.10406137077390025
2024-11-23 09:00:00,267.9999999999999,309.637588262558,41.6375882625581,0.11135031170031608
2024-11-23 10:00:00,259.99999999999994,319.5649588108063,59.56495881080633,0.15929300919582814
2024-11-23 11:00:00,256.0,313.71307611465454,57.71307611465454,0.15434056780684519
2024-11-23 12:00:00,256.0,300.5227071046829,44.52270710468292,0.11906590945149373
2024-11-23 13:00:00,256.0,312.23432064056396,56.234320640563965,0.15038597077470628
2024-11-23 14:00:00,256.0,290.7386389374733,34.7386389374733,0.09290063222059297
2024-11-23 15:00:00,256.0,285.814371407032,29.814371407032013,0.0797317925425406
2024-11-23 16:00:00,256.0,284.48906779289246,28.489067792892456,0.07618756780018929
2024-11-23 17:00:00,281.99999999999994,286.11068308353424,4.110683083534298,0.010993092101454943
2024-11-23 18:00:00,277.0,278.60886096954346,1.608860969543457,0.004302534750847511
2024-11-23 19:00:00,259.99999999999994,260.70990085601807,0.7099008560181232,0.0018984692652100968
2024-11-23 20:00:00,259.99999999999994,268.19809198379517,8.198091983795223,0.021923942664189674
2024-11-23 21:00:00,259.99999999999994,270.49603432416916,10.496034324169216,0.02806926967632334
2024-11-23 22:00:00,257.0,267.35698342323303,10.356983423233032,0.027697409494032786
2024-11-23 23:00:00,256.0,262.2137939929962,6.213793992996216,0.016617386521011995
2024-11-24 00:00:00,256.0,270.7595372200012,14.75953722000122,0.0394710437990815
2024-11-24 01:00:00,256.0,261.1271506547928,5.127150654792786,0.0137114047035005
2024-11-24 02:00:00,256.0,277.2369110584259,21.236911058425903,0.05679331499692222
2024-11-24 03:00:00,256.0,275.7402169704437,19.740216970443726,0.05279074519950916
2024-11-24 04:00:00,256.0,273.4824004769325,17.482400476932526,0.04675272568864662
2024-11-24 05:00:00,256.0,289.5906266570091,33.590626657009125,0.08983053304819621
2024-11-24 06:00:00,256.0,277.9132676124573,21.913267612457275,0.05860207761393644
2024-11-24 07:00:00,256.0,301.1650747060776,45.165074706077576,0.12078377630272534
2024-11-24 08:00:00,256.0,306.97453022003174,50.97453022003174,0.13631985101984856
2024-11-24 09:00:00,256.0,316.32234781980515,60.322347819805145,0.16131847478472366
2024-11-24 10:00:00,256.0,333.1332188844681,77.13321888446808,0.20627534695513497
2024-11-24 11:00:00,296.0,326.01347744464874,30.013477444648743,0.08026425660386508
2024-11-24 12:00:00,315.0,329.1307246685028,14.130724668502808,0.037789426862747506
2024-11-24 13:00:00,285.99999999999994,337.14491844177246,51.14491844177252,0.1367755157783658
2024-11-24 14:00:00,256.0,323.990603685379,67.99060368537903,0.18182549059565742
2024-11-24 15:00:00,256.0,323.80779504776,67.80779504776001,0.18133661024427808
2024-11-24 16:00:00,256.0,319.7300058603287,63.730005860328674,0.17043148542759973
2024-11-24 17:00:00,256.0,326.47510170936584,70.47510170936584,0.18846971858612738
2024-11-24 18:00:00,256.0,315.2605175971985,59.260517597198486,0.15847885003233644
2024-11-24 19:00:00,256.0,292.2651618719101,36.265161871910095,0.0969829725207892
2024-11-24 20:00:00,256.0,291.62872463464737,35.62872463464737,0.09528096508702487
2024-11-24 21:00:00,256.0,290.52904039621353,34.52904039621353,0.09234010833160025
2024-11-24 22:00:00,256.0,284.10031914711,28.100319147109985,0.07514794747905078
2024-11-24 23:00:00,256.0,276.7779126763344,20.77791267633438,0.05556582764598477
2024-11-25 00:00:00,256.0,315.7664278149605,59.76642781496048,0.15983179247667176
2024-11-25 01:00:00,256.0,337.2883388400078,81.28833884000778,0.21738727541948363
2024-11-25 02:00:00,256.0,339.7729253768921,83.77292537689209,0.22403174011767696
2024-11-25 03:00:00,256.0,329.75615680217743,73.75615680217743,0.19724415828197814
2024-11-25 04:00:00,256.0,359.20357167720795,103.20357167720795,0.27599460858247593
2024-11-25 05:00:00,294.99999999999983,360.5972957611084,65.59729576110857,0.17542512990036727
2024-11-25 06:00:00,359.99999999999994,332.27777123451233,27.722228765487614,0.07413683027458962
2024-11-25 07:00:00,416.0,428.3307284116745,12.3307284116745,0.032975744019414624
2024-11-25 08:00:00,466.9999999999999,427.2500744462013,39.74992555379856,0.10630218476078224
2024-11-25 09:00:00,482.99999999999994,436.7195972800255,46.28040271997446,0.12376646879712205
2024-11-25 10:00:00,494.0,486.5182811021805,7.481718897819519,0.020008164883927544
2024-11-25 11:00:00,523.0,471.3278451561928,51.67215484380722,0.1381854902787167
2024-11-25 12:00:00,570.0,505.444757938385,64.55524206161499,0.17263839298574585
2024-11-25 13:00:00,554.0,509.27335381507874,44.726646184921265,0.11961129839211197
2024-11-25 14:00:00,522.0,536.4916598796844,14.491659879684448,0.03875466644423488
2024-11-25 15:00:00,501.99999999999994,537.7643573284149,35.764357328414974,0.09564368404741569
2024-11-25 16:00:00,673.0,573.4384775161743,99.56152248382568,0.26625477181878715
2024-11-25 17:00:00,754.0,556.5462040901184,197.4537959098816,0.5280455146040949
2024-11-25 18:00:00,733.0,596.3557058572769,136.64429414272308,0.36542425677771706
2024-11-25 19:00:00,719.9999999999999,569.3590360879898,150.64096391201008,0.4028551841347173
2024-11-25 20:00:00,683.9999999999999,607.3401564359665,76.6598435640334,0.20500941173455356
2024-11-25 21:00:00,655.9999999999999,605.0804221630096,50.91957783699024,0.13617289330121798
2024-11-25 22:00:00,627.9999999999999,594.7455382347107,33.25446176528919,0.08893153608325007
2024-11-25 23:00:00,658.0,578.0590867996216,79.94091320037842,0.21378389032379486
2024-11-26 00:00:00,617.9999999999999,539.130642414093,78.86935758590687,0.21091825721067517
2024-11-26 01:00:00,621.9999999999999,543.9784348011017,78.0215651988982,0.2086510282358534
2024-11-26 02:00:00,624.0,599.0384727716446,24.961527228355408,0.0667539584633603
2024-11-26 03:00:00,642.0,610.7196968793869,31.280303120613098,0.08365209532783463
2024-11-26 04:00:00,743.9999999999999,651.324103474617,92.67589652538288,0.24784072266950322
2024-11-26 05:00:00,875.9999999999999,667.4179315567017,208.58206844329823,0.557805562363544
2024-11-26 06:00:00,1016.0,641.746535897255,374.25346410274506,1.0008562364366735
2024-11-26 07:00:00,1127.0,704.1300129890442,422.8699870109558,1.1308701302644963
2024-11-26 08:00:00,1158.0,716.6721725463867,441.3278274536133,1.1802314495043233
2024-11-26 09:00:00,932.0,749.8804414272308,182.11955857276917,0.4870375653346241
2024-11-26 10:00:00,1001.0,710.6613206863403,290.33867931365967,0.776445125408613
2024-11-26 11:00:00,1002.0000000000001,719.1790348291397,282.8209651708604,0.7563406993838396
2024-11-26 12:00:00,908.0,725.4868179559708,182.51318204402924,0.48809022227385374
2024-11-26 13:00:00,896.0,747.5156718492508,148.4843281507492,0.39708774960594106
2024-11-26 14:00:00,959.9999999999999,717.6474666595459,242.352533340454,0.6481170321069611
2024-11-26 15:00:00,1016.0,767.8484416007996,248.15155839920044,0.6636252129309215
2024-11-26 16:00:00,1107.0,778.3031129837036,328.6968870162964,0.8790254755725264
2024-11-26 17:00:00,1151.0,811.654064655304,339.34593534469604,0.9075039465925524
2024-11-26 18:00:00,1156.0,827.0370161533356,328.96298384666443,0.8797370913562531
2024-11-26 19:00:00,1157.0,795.5743986368179,361.42560136318207,0.9665510191053504
2024-11-26 20:00:00,1157.0,789.7107142210007,367.28928577899933,0.9822321167543385
2024-11-26 21:00:00,1103.0,794.5301824808121,308.4698175191879,0.8249327534128159
2024-11-26 22:00:00,962.0,735.8317923545837,226.16820764541626,0.6048357138077833
2024-11-26 23:00:00,807.0,704.1559767723083,102.84402322769165,0.2750330775813875
2024-11-27 00:00:00,684.9999999999999,796.5161168575287,111.5161168575288,0.29822463043232506
2024-11-27 01:00:00,614.0,813.21448802948,199.21448802947998,0.5327540874227052
2024-11-27 02:00:00,618.9999999999999,860.6162130832672,241.61621308326733,0.6461479101291947
2024-11-27 03:00:00,614.0,862.9949676990509,248.9949676990509,0.6658807203305599
2024-11-27 04:00:00,635.0,906.9848155975342,271.9848155975342,0.7273618684051456
2024-11-27 05:00:00,697.0,903.1168019771576,206.1168019771576,0.5512127648245005
2024-11-27 06:00:00,792.9999999999999,884.9749624729156,91.97496247291576,0.24596623309216706
2024-11-27 07:00:00,917.0,924.0014201402664,7.0014201402664185,0.01872371449680211
2024-11-27 08:00:00,915.0,921.0358250141144,6.03582501411438,0.016141448742231005
2024-11-27 09:00:00,915.0,929.6814107894897,14.681410789489746,0.0392621123322869
2024-11-27 10:00:00,874.9999999999999,873.3980655670166,1.6019344329832848,0.004284011295547571
2024-11-27 11:00:00,832.0,875.5967849493027,43.59678494930267,0.1165897400835255
2024-11-27 12:00:00,751.0,840.8515191078186,89.8515191078186,0.2402875641190614
2024-11-27 13:00:00,688.0,876.0605925321579,188.0605925321579,0.5029255168420118
2024-11-27 14:00:00,673.0,842.8080081939697,169.80800819396973,0.4541131086262077
2024-11-27 15:00:00,715.0,875.448083281517,160.44808328151703,0.42908210659215446
2024-11-27 16:00:00,816.0,899.5404678583145,83.54046785831451,0.22341008506437574
2024-11-27 17:00:00,930.0,922.5383019447327,7.461698055267334,0.019954623669085056
2024-11-27 18:00:00,996.0,935.5379551649094,60.46204483509064,0.16169206285369525
2024-11-27 19:00:00,1000.0000000000001,900.2228432893753,99.77715671062481,0.26683143678352844
2024-11-27 20:00:00,996.9999999999999,919.3330729007721,77.66692709922779,0.20770262885474378
2024-11-27 21:00:00,955.9999999999999,927.8321403264999,28.167859673499947,0.07532856933972391
2024-11-27 22:00:00,862.9999999999999,881.2790179252625,18.279017925262565,0.0488830988653569
2024-11-27 23:00:00,769.0,855.1068753004074,86.10687530040741,0.23027336126627884
2024-11-28 00:00:00,640.0,683.1615436077118,43.16154360771179,0.11542578556374394
2024-11-28 01:00:00,609.9999999999999,696.8223881721497,86.82238817214977,0.23218683859814784
2024-11-28 02:00:00,612.0,734.0078365802765,122.00783658027649,0.3262823616830767
2024-11-28 03:00:00,609.9999999999999,737.5894224643707,127.58942246437084,0.34120905061752865
2024-11-28 04:00:00,613.0,770.5017042160034,157.50170421600342,0.4212026822301232
2024-11-28 05:00:00,617.9999999999999,773.654887676239,155.65488767623913,0.41626378913047235
2024-11-28 06:00:00,673.0,760.4417413473129,87.44174134731293,0.23384315857211266
2024-11-28 07:00:00,719.9999999999999,790.5387228727341,70.53872287273418,0.1886398589969295
2024-11-28 08:00:00,764.9999999999999,788.5222220420837,23.522222042083854,0.0629048623026363
2024-11-28 09:00:00,799.0,789.3079805374146,9.69201946258545,0.02591911379110496
2024-11-28 10:00:00,784.9999999999999,756.3501441478729,28.64985585212696,0.07661755909556772
2024-11-28 11:00:00,792.9999999999999,742.7956920862198,50.2043079137801,0.13426006568024526
2024-11-28 12:00:00,751.0,719.7581452131271,31.241854786872864,0.08354927395596898
2024-11-28 13:00:00,687.0,748.8007611036301,61.800761103630066,0.16527215670639794
2024-11-28 14:00:00,675.0,726.4850664138794,51.485066413879395,0.13768516459086413
2024-11-28 15:00:00,646.9999999999999,747.9491490125656,100.94914901256573,0.26996566509926506
2024-11-28 16:00:00,654.0,763.0672699213028,109.0672699213028,0.2916757432120647
2024-11-28 17:00:00,706.0,785.2426421642303,79.24264216423035,0.21191652238124983
2024-11-28 18:00:00,688.0,784.858968257904,96.85896825790405,0.25902740183890804
2024-11-28 19:00:00,680.0,750.9031194448471,70.9031194448471,0.1896143552052939
2024-11-28 20:00:00,690.0,763.4645748138428,73.46457481384277,0.19646438820781997
2024-11-28 21:00:00,652.0,763.703441619873,111.70344161987305,0.2987255881377687
2024-11-28 22:00:00,632.0,726.2120926380157,94.21209263801575,0.251948931696785
2024-11-28 23:00:00,628.9999999999999,714.0139532089233,85.01395320892345,0.22735058834332514
2024-11-29 00:00:00,655.9999999999999,521.4327836036682,134.56721639633167,0.35986958216428727
2024-11-29 01:00:00,680.0,540.8709239959717,139.12907600402832,0.37206924382689327
2024-11-29 02:00:00,620.9999999999999,577.5690793991089,43.430920600891,0.116146173400961
2024-11-29 03:00:00,613.0,588.084824681282,24.915175318717957,0.06663000076548671
2024-11-29 04:00:00,615.0,628.0346488952637,13.034648895263672,0.03485822013127856
2024-11-29 05:00:00,615.0,619.3907743692398,4.390774369239807,0.011742132890541573
2024-11-29 06:00:00,655.9999999999999,616.8361741304398,39.16382586956013,0.10473479372660717
2024-11-29 07:00:00,676.0,645.7408279180527,30.259172081947327,0.08092131133704938
2024-11-29 08:00:00,712.0,650.2473735809326,61.75262641906738,0.16514343138023704
2024-11-29 09:00:00,763.9999999999999,653.2834249734879,110.71657502651203,0.29608643665559237
2024-11-29 10:00:00,782.9999999999999,617.8859370946884,165.11406290531147,0.441560213686653
2024-11-29 11:00:00,780.0,625.1073503494263,154.89264965057373,0.41422535594331295
2024-11-29 12:00:00,742.0,599.2820602655411,142.71793973445892,0.38166684810006773
2024-11-29 13:00:00,686.0,644.6550697088242,41.34493029117584,0.11056766415287635
2024-11-29 14:00:00,673.0,622.7506649494171,50.249335050582886,0.13438048057282614
2024-11-29 15:00:00,655.9999999999999,643.9730483293533,12.026951670646554,0.03216336183753919
2024-11-29 16:00:00,686.0,666.9794976711273,19.02050232887268,0.050866031184641926
2024-11-29 17:00:00,732.0,682.6384323835373,49.36156761646271,0.13200634737655828
2024-11-29 18:00:00,760.0,684.8707276582718,75.12927234172821,0.20091624520414544
2024-11-29 19:00:00,760.0,662.2724997997284,97.7275002002716,0.26135009406340637
2024-11-29 20:00:00,745.9999999999999,673.1664311885834,72.83356881141651,0.19477690538312148
2024-11-29 21:00:00,695.0,671.7610824108124,23.238917589187622,0.06214722862469222
2024-11-29 22:00:00,525.9999999999999,634.8379862308502,108.83798623085033,0.2910625758441881
2024-11-29 23:00:00,500.99999999999994,627.9033547639847,126.90335476398474,0.33937431773617666
2024-11-30 00:00:00,473.0,477.56596863269806,4.565968632698059,0.012210650320541857
2024-11-30 01:00:00,459.99999999999994,498.4011375904083,38.40113759040838,0.10269515643834251
2024-11-30 02:00:00,449.9999999999999,523.6072504520416,73.60725045204174,0.19684594193003166
2024-11-30 03:00:00,464.99999999999994,544.5695239305496,79.56952393054968,0.2127906937270849
2024-11-30 04:00:00,472.0,568.82129073143,96.82129073143005,0.25892664181672514
2024-11-30 05:00:00,461.99999999999994,562.3831576108932,100.3831576108933,0.2684520491184712
2024-11-30 06:00:00,453.0,565.5058926343918,112.50589263439178,0.30087156186774205
2024-11-30 07:00:00,480.99999999999994,581.2173449993134,100.21734499931341,0.2680086207943608
2024-11-30 08:00:00,525.9999999999999,579.2025554180145,53.20255541801464,0.14227820044938666
2024-11-30 09:00:00,528.9999999999999,579.9681919813156,50.96819198131573,0.13630290083406432
2024-11-30 10:00:00,523.0,557.4834966659546,34.48349666595459,0.09221831192667042
2024-11-30 11:00:00,477.0,543.82288813591,66.82288813591003,0.17870269948703787
2024-11-30 12:00:00,437.99999999999994,532.9133194684982,94.91331946849829,0.2538242042426992
2024-11-30 13:00:00,447.9999999999999,543.916180729866,95.91618072986614,0.2565061298465868
2024-11-30 14:00:00,455.99999999999994,535.4526364803314,79.45263648033148,0.2124781046805345
2024-11-30 15:00:00,450.99999999999983,542.5550293922424,91.5550293922426,0.24484321705359696
2024-11-30 16:00:00,494.0,543.25375020504,49.25375020503998,0.1317180140971921
2024-11-30 17:00:00,571.0,548.9877927303314,22.01220726966858,0.05886666934774509
2024-11-30 18:00:00,581.9999999999999,539.6462595462799,42.35374045371998,0.11326549874736337
2024-11-30 19:00:00,571.9999999999999,525.2319931983948,46.76800680160511,0.12507045562108376
2024-11-30 20:00:00,554.0,522.9202723503113,31.07972764968872,0.08311570159950356
2024-11-30 21:00:00,518.9999999999999,509.7381055355072,9.261894464492684,0.024768841774730863
2024-11-30 22:00:00,461.99999999999994,482.32574969530106,20.325749695301113,0.054356620029061546
2024-11-30 23:00:00,434.0,485.81790804862976,51.81790804862976,0.13857527425674082
2024-12-01 00:00:00,435.0,358.52641850709915,76.47358149290085,0.20451129595638284
2024-12-01 01:00:00,428.99999999999983,366.80877685546875,62.19122314453108,0.16631635911522397
2024-12-01 02:00:00,427.9999999999999,395.00066578388214,32.999334216117745,0.08824925516091517
2024-12-01 03:00:00,427.9999999999999,408.97077441215515,19.029225587844735,0.050889359567627405
2024-12-01 04:00:00,427.9999999999999,434.7156947851181,6.715694785118217,0.01795960666337494
2024-12-01 05:00:00,427.9999999999999,435.83827435970306,7.838274359703178,0.020961691816583666
2024-12-01 06:00:00,429.99999999999983,433.9004319906235,3.9004319906236447,0.010430823110674184
2024-12-01 07:00:00,427.9999999999999,452.8772431612015,24.87724316120159,0.06652855979017665
2024-12-01 08:00:00,437.0,465.5675733089447,28.567573308944702,0.0763975130455164
2024-12-01 09:00:00,458.0,478.75865042209625,20.758650422096252,0.05551431510400128
2024-12-01 10:00:00,458.0,452.876977622509,5.123022377490997,0.013700364559642004
2024-12-01 11:00:00,530.0,469.15379136800766,60.84620863199234,0.16271942203356035
2024-12-01 12:00:00,541.0,471.57494366168976,69.42505633831024,0.18566160975356907
2024-12-01 13:00:00,580.9999999999999,509.8737072944641,71.12629270553577,0.19021118161090023
2024-12-01 14:00:00,560.0,508.738853931427,51.261146068573,0.1370863402764326
2024-12-01 15:00:00,541.0,541.399759054184,0.39975905418395996,0.0010690651679370997
2024-12-01 16:00:00,543.9999999999999,567.0938730239868,23.09387302398693,0.061759339743047814
2024-12-01 17:00:00,568.0,604.0315443277359,36.0315443277359,0.09635821524141884
2024-12-01 18:00:00,582.9999999999999,611.1951291561127,28.195129156112785,0.07540149540282101
2024-12-01 19:00:00,612.0,603.3542436361313,8.645756363868713,0.023121119790395526
2024-12-01 20:00:00,515.0,601.7029470205307,86.7029470205307,0.2318674202548288
2024-12-01 21:00:00,479.99999999999994,599.234322309494,119.23432230949408,0.3188652251138435
2024-12-01 22:00:00,453.0,572.9436314105988,119.94363141059875,0.3207621118643881
2024-12-01 23:00:00,478.99999999999994,557.106254696846,78.10625469684607,0.20887751114199035
2024-12-02 00:00:00,432.99999999999983,473.27418476343155,40.27418476343172,0.10770419743347365
2024-12-02 01:00:00,427.9999999999999,470.25031864643097,42.25031864643108,0.11298892051700068
2024-12-02 02:00:00,428.99999999999983,505.4259932041168,76.42599320411699,0.20438403184214182
2024-12-02 03:00:00,427.9999999999999,524.031109213829,96.03110921382915,0.2568134800809911
2024-12-02 04:00:00,455.99999999999994,535.9428799152374,79.94287991523748,0.2137891498578294
2024-12-02 05:00:00,546.9999999999999,576.7021250724792,29.70212507247936,0.0794316151100524
2024-12-02 06:00:00,663.9999999999999,562.9082161188126,101.09178388118733,0.2703471097924638
2024-12-02 07:00:00,736.0,583.2265287637711,152.77347123622894,0.4085580926162949
2024-12-02 08:00:00,822.9999999999999,610.7831311225891,212.21686887741077,0.5675260139601805
2024-12-02 09:00:00,798.0,621.8215155601501,176.17848443984985,0.4711495063922158
2024-12-02 10:00:00,707.0,601.8438005447388,105.15619945526123,0.28121646990522803
2024-12-02 11:00:00,682.9999999999999,608.8414531946182,74.15854680538166,0.19832025932796915
2024-12-02 12:00:00,717.0,628.5990071296692,88.40099287033081,0.23640845979497657
2024-12-02 13:00:00,771.0,647.9772537946701,123.0227462053299,0.3289965079103925
2024-12-02 14:00:00,858.9999999999999,638.50053191185,220.4994680881499,0.5896759520879354
2024-12-02 15:00:00,963.0,662.8717911243439,300.1282088756561,0.8026250079045449
2024-12-02 16:00:00,999.0,666.7661225795746,332.2338774204254,0.8884843563678619
2024-12-02 17:00:00,1044.0,720.0609183311462,323.93908166885376,0.8663018013504158
2024-12-02 18:00:00,1056.0,704.4749182462692,351.5250817537308,0.9400743188326107
2024-12-02 19:00:00,999.0,653.5085427761078,345.4914572238922,0.9239387547878425
2024-12-02 20:00:00,947.0,636.8212652206421,310.1787347793579,0.829502866080967
2024-12-02 21:00:00,891.0,639.9578082561493,251.0421917438507,0.6713555579717646
2024-12-02 22:00:00,899.9999999999999,608.9091360569,291.09086394309986,0.7784566730615703
2024-12-02 23:00:00,855.9999999999999,579.9517285823822,276.0482714176177,0.7382286618729517
2024-12-03 00:00:00,762.9999999999999,733.1384038925171,29.861596107482796,0.07985808432202576
2024-12-03 01:00:00,664.9999999999999,739.9981534481049,74.99815344810497,0.20056559738125324
2024-12-03 02:00:00,517.0,783.6081039905548,266.6081039905548,0.712983069383824
2024-12-03 03:00:00,481.99999999999994,794.0198171138763,312.0198171138764,0.8344264243457219
2024-12-03 04:00:00,338.0,819.7084432840347,481.70844328403473,1.2882202727525578
2024-12-03 05:00:00,301.99999999999994,830.9487551450729,528.9487551450729,1.4145538014232593
2024-12-03 06:00:00,332.99999999999983,817.9115134477615,484.9115134477617,1.2967861593951737
2024-12-03 07:00:00,376.0,861.461216211319,485.46121621131897,1.2982562150976953
2024-12-03 08:00:00,430.9999999999999,875.1468443870544,444.14684438705456,1.1877702726524793
2024-12-03 09:00:00,458.0,898.3223533630371,440.3223533630371,1.1775425364797205
2024-12-03 10:00:00,468.9999999999999,865.1550364494324,396.1550364494325,1.0594270377076893
2024-12-03 11:00:00,465.9999999999999,887.9340076446533,421.93400764465343,1.128367065160782
2024-12-03 12:00:00,431.99999999999983,882.0233523845673,450.02335238456743,1.203485664070115
2024-12-03 13:00:00,404.99999999999994,912.5595939159393,507.5595939159394,1.3573533277826177
2024-12-03 14:00:00,390.99999999999983,877.3589587211609,486.35895872116106,1.3006570243776947
2024-12-03 15:00:00,419.99999999999994,915.7812863588333,495.78128635883337,1.3258549083853228
2024-12-03 16:00:00,473.0,922.507558465004,449.50755846500397,1.2021062899009305
2024-12-03 17:00:00,502.99999999999994,927.168470621109,424.16847062110907,1.1343426309726685
2024-12-03 18:00:00,507.9999999999999,924.5215809345245,416.52158093452465,1.1138927541745738
2024-12-03 19:00:00,494.0,884.2954784631729,390.2954784631729,1.043756975261186
2024-12-03 20:00:00,449.9999999999999,865.8112120628357,415.8112120628358,1.111993033307314
2024-12-03 21:00:00,393.0,866.2796813249588,473.2796813249588,1.2656794554152857
2024-12-03 22:00:00,350.99999999999983,822.0427644252777,471.0427644252779,1.2596973271407919
2024-12-03 23:00:00,293.0,778.4382426738739,485.4382426738739,1.2981947775682392
2024-12-04 00:00:00,276.0,380.0393897294998,104.03938972949982,0.2782298149076017
2024-12-04 01:00:00,276.0,381.41249030828476,105.41249030828476,0.28190186182058474
2024-12-04 02:00:00,276.0,413.8957205414772,137.8957205414772,0.368770913617988
2024-12-04 03:00:00,276.0,415.4147493839264,139.4147493839264,0.3728332126642704
2024-12-04 04:00:00,276.0,437.998431622982,161.99843162298203,0.43322816255432056
2024-12-04 05:00:00,276.0,438.13949167728424,162.13949167728424,0.43360539576283325
2024-12-04 06:00:00,312.99999999999983,425.6964075565338,112.69640755653398,0.3013810509339753
2024-12-04 07:00:00,373.99999999999983,448.51273119449615,74.51273119449633,0.19926744536282334
2024-12-04 08:00:00,399.0,454.5525857806206,55.552585780620575,0.14856282509506255
2024-12-04 09:00:00,393.0,474.842426776886,81.84242677688599,0.21886905827615916
2024-12-04 10:00:00,407.9999999999999,459.06075417995453,51.06075417995464,0.13655043749745405
2024-12-04 11:00:00,399.99999999999994,472.21247255802155,72.2124725580216,0.19311592394069696
2024-12-04 12:00:00,396.0,475.9017491340637,79.90174913406372,0.2136791548870521
2024-12-04 13:00:00,394.0,503.96181285381317,109.96181285381317,0.2940679959462106
2024-12-04 14:00:00,376.0,498.549308180809,122.54930818080902,0.32773040500191575
2024-12-04 15:00:00,395.0,518.6430931091309,123.64309310913086,0.3306554853868252
2024-12-04 16:00:00,437.99999999999994,539.6276128292084,101.62761282920843,0.2717800631134864
2024-12-04 17:00:00,461.99999999999994,565.5638390779495,103.56383907794958,0.2769580622559952
2024-12-04 18:00:00,473.0,567.54434466362,94.54434466362,0.2528374645863655
2024-12-04 19:00:00,448.9999999999999,549.3213093280792,100.32130932807934,0.26828664987569956
2024-12-04 20:00:00,402.99999999999994,551.519084572792,148.5190845727921,0.3971806977950547
2024-12-04 21:00:00,342.99999999999994,552.1289974451065,209.12899744510656,0.5592682002676722
2024-12-04 22:00:00,293.0,532.6505541801453,239.65055418014526,0.6408912000099882
2024-12-04 23:00:00,280.0,517.1001952886581,237.10019528865814,0.6340708420266193
2024-12-05 00:00:00,276.0,335.69410353899,59.69410353899002,0.1596383775597936
2024-12-05 01:00:00,280.0,355.2636855840683,75.2636855840683,0.2012757030175241
2024-12-05 02:00:00,280.0,379.2797130346298,99.27971303462982,0.2655011361900812
2024-12-05 03:00:00,280.0,404.5100784301758,124.51007843017578,0.33297404152243026
2024-12-05 04:00:00,280.0,427.29710429906845,147.29710429906845,0.39391278795568674
2024-12-05 05:00:00,318.99999999999994,419.92796301841736,100.92796301841742,0.2699090079500272
2024-12-05 06:00:00,381.99999999999994,423.6419641971588,41.64196419715887,0.1113620141476025
2024-12-05 07:00:00,421.99999999999994,433.46630573272705,11.466305732727108,0.030664041090449144
2024-12-05 08:00:00,459.99999999999994,436.1447060108185,23.85529398918146,0.06379558788679075
2024-12-05 09:00:00,482.99999999999994,451.7537194490433,31.24628055095667,0.08356110966093672
2024-12-05 10:00:00,467.9999999999999,422.83375293016434,45.16624706983555,0.12078691152441622
2024-12-05 11:00:00,437.99999999999994,429.0197718143463,8.98022818565363,0.024015589022760114
2024-12-05 12:00:00,400.99999999999994,436.0202568769455,35.02025687694555,0.09365375569986122
2024-12-05 13:00:00,348.9999999999999,455.4605805873871,106.4605805873872,0.28470474220194136
2024-12-05 14:00:00,331.99999999999983,463.1358289718628,131.13582897186296,0.35069311265145725
2024-12-05 15:00:00,331.99999999999983,482.11390882730484,150.113908827305,0.40144569452655193
2024-12-05 16:00:00,357.0,502.6253271102905,145.62532711029053,0.3894419980076701
2024-12-05 17:00:00,364.99999999999994,529.9974095821381,164.99740958213812,0.44124825075992624
2024-12-05 18:00:00,343.9999999999999,524.8663759231567,180.86637592315685,0.4836862117986836
2024-12-05 19:00:00,335.0,516.7778903245926,181.7778903245926,0.4861238508876523
2024-12-05 20:00:00,371.0,508.3079731464386,137.3079731464386,0.36719911615397766
2024-12-05 21:00:00,338.0,499.6691733598709,161.6691733598709,0.43234763580536145
2024-12-05 22:00:00,280.0,472.1227204799652,192.1227204799652,0.5137887592157698
2024-12-05 23:00:00,280.0,459.297496676445,179.297496676445,0.47949059912198555
2024-12-06 00:00:00,280.0,334.22065883874893,54.22065883874893,0.14500088776083844
2024-12-06 01:00:00,280.99999999999994,327.94069826602936,46.940698266029415,0.12553227988118199
2024-12-06 02:00:00,280.0,361.419580578804,81.41958057880402,0.21773825176400435
2024-12-06 03:00:00,280.0,361.88852190971375,81.88852190971375,0.2189923292825362
2024-12-06 04:00:00,280.0,370.94645977020264,90.94645977020264,0.24321573525330187
2024-12-06 05:00:00,277.0,387.9808259010315,110.9808259010315,0.29679311584794327
2024-12-06 06:00:00,279.0,366.65800988674164,87.65800988674164,0.23442151986250503
2024-12-06 07:00:00,280.0,380.96856862306595,100.96856862306595,0.2700175984549787
2024-12-06 08:00:00,304.99999999999994,379.7411012649536,74.74110126495367,0.1998781694606769
2024-12-06 09:00:00,288.9999999999999,391.48127496242523,102.48127496242535,0.27406298939684987
2024-12-06 10:00:00,278.0,389.31934744119644,111.31934744119644,0.29769841513609957
2024-12-06 11:00:00,277.0,387.36430406570435,110.36430406570435,0.2951443676519422
2024-12-06 12:00:00,279.0,396.09598338603973,117.09598338603973,0.3131467213391743
2024-12-06 13:00:00,277.0,408.8382411003113,131.83824110031128,0.3525715550086755
2024-12-06 14:00:00,276.0,407.1568500995636,131.1568500995636,0.3507493289026723
2024-12-06 15:00:00,276.0,417.8725755214691,141.87257552146912,0.3794061127274248
2024-12-06 16:00:00,313.99999999999983,428.9708536863327,114.97085368633287,0.30746354264559117
2024-12-06 17:00:00,372.99999999999983,450.89685559272766,77.89685559272783,0.20831752060252148
2024-12-06 18:00:00,385.9999999999999,442.862303853035,56.86230385303509,0.152065369831402
2024-12-06 19:00:00,350.99999999999983,416.16150319576263,65.1615031957628,0.17425970125733592
2024-12-06 20:00:00,294.99999999999983,414.87071961164474,119.87071961164492,0.32056712575018415
2024-12-06 21:00:00,280.0,412.5849920511246,132.58499205112457,0.3545685715172022
2024-12-06 22:00:00,276.0,407.0686322450638,131.06863224506378,0.35051341020502474
2024-12-06 23:00:00,269.9999999999999,391.8061172962189,121.80611729621899,0.32574290908524306
2024-12-07 00:00:00,267.9999999999999,292.49573796987534,24.49573796987545,0.06550831044956691
2024-12-07 01:00:00,261.99999999999994,291.8302685022354,29.83026850223547,0.07977430572785942
2024-12-07 02:00:00,258.0,298.7939912080765,40.79399120807648,0.10909430219338538
2024-12-07 03:00:00,256.0,311.53784215450287,55.53784215450287,0.14852339660190758
2024-12-07 04:00:00,256.0,304.21047896146774,48.21047896146774,0.12892802113633162
2024-12-07 05:00:00,256.0,311.05901688337326,55.05901688337326,0.14724288672093028
2024-12-07 06:00:00,256.0,307.607279419899,51.60727941989899,0.13801199563180488
2024-12-07 07:00:00,256.0,319.7908142209053,63.790814220905304,0.17059410363357017
2024-12-07 08:00:00,256.0,326.9581165909767,70.95811659097672,0.18976143263267858
2024-12-07 09:00:00,256.0,353.87167274951935,97.87167274951935,0.26173565093562806
2024-12-07 10:00:00,256.0,365.06598740816116,109.06598740816116,0.29167231342076216
2024-12-07 11:00:00,294.0,357.3603790998459,63.360379099845886,0.16944300226346923
2024-12-07 12:00:00,351.99999999999983,390.8918970823288,38.89189708232897,0.1040075816933947
2024-12-07 13:00:00,325.9999999999999,377.69683688879013,51.696836888790244,0.13825149682513171
2024-12-07 14:00:00,310.9999999999999,388.5859885811806,77.58598858118069,0.20748617709590808
2024-12-07 15:00:00,311.9999999999999,390.22964358329773,78.22964358329784,0.2092074868091717
2024-12-07 16:00:00,279.0,380.8148217201233,101.81482172012329,0.2722807109470014
2024-12-07 17:00:00,258.99999999999994,398.69628578424454,139.6962857842446,0.3735861180855147
2024-12-07 18:00:00,259.99999999999994,379.0691113471985,119.06911134719854,0.3184234057646556
2024-12-07 19:00:00,259.99999999999994,361.7535397410393,101.75353974103933,0.27211682615546207
2024-12-07 20:00:00,258.99999999999994,343.3713287115097,84.37132871150976,0.22563203448179853
2024-12-07 21:00:00,256.0,334.8272377252579,78.82723772525787,0.21080561717056367
2024-12-07 22:00:00,256.0,319.4053700566292,63.40537005662918,0.16956332040077163
2024-12-07 23:00:00,256.0,310.9331810474396,54.933181047439575,0.14690636724084102
2024-12-08 00:00:00,256.0,332.50672459602356,76.50672459602356,0.204599929688965
2024-12-08 01:00:00,256.0,298.8171520829201,42.817152082920074,0.11450478832944955
2024-12-08 02:00:00,256.0,307.34374701976776,51.34374701976776,0.13730723783669188
2024-12-08 03:00:00,256.0,286.08170986175537,30.08170986175537,0.08044672876975949
2024-12-08 04:00:00,256.0,288.82457703351974,32.824577033519745,0.08778190660481125
2024-12-08 05:00:00,256.0,296.45742774009705,40.457427740097046,0.10819423932638814
2024-12-08 06:00:00,256.0,277.73618280887604,21.736182808876038,0.058128504362003126
2024-12-08 07:00:00,256.0,307.05932557582855,51.05932557582855,0.13654661701885829
2024-12-08 08:00:00,256.0,326.7162698507309,70.7162698507309,0.18911466822979664
2024-12-08 09:00:00,256.0,365.68891167640686,109.68891167640686,0.29333818347542195
2024-12-08 10:00:00,294.0,399.06591564416885,105.06591564416885,0.28097502627397747
2024-12-08 11:00:00,351.99999999999983,400.499027967453,48.49902796745317,0.12969968018523445
2024-12-08 12:00:00,328.9999999999999,440.8089816570282,111.80898165702831,0.2990078310947814
2024-12-08 13:00:00,270.9999999999999,424.60710883140564,153.60710883140575,0.4107874678020693
2024-12-08 14:00:00,256.0,428.39870631694794,172.39870631694794,0.46104134475977004
2024-12-08 15:00:00,256.0,439.44582402706146,183.44582402706146,0.4905843623009029
2024-12-08 16:00:00,256.0,411.90208554267883,155.90208554267883,0.4169248639099755
2024-12-08 17:00:00,258.99999999999994,436.7759209871292,177.77592098712927,0.47542148910983617
2024-12-08 18:00:00,259.99999999999994,426.2853133678436,166.28531336784368,0.44469245812068947
2024-12-08 19:00:00,259.99999999999994,418.64933520555496,158.64933520555502,0.42427176172621944
2024-12-08 20:00:00,259.99999999999994,415.5270427465439,155.52704274654394,0.4159218967835598
2024-12-08 21:00:00,259.99999999999994,415.945443212986,155.94544321298605,0.4170408141920347
2024-12-08 22:00:00,259.99999999999994,400.5148422718048,140.51484227180487,0.37577516226020125
2024-12-08 23:00:00,259.99999999999994,414.7694903612137,154.76949036121374,0.4138959942816205
2024-12-09 00:00:00,258.0,357.9331460595131,99.93314605951309,0.2672485950135179
2024-12-09 01:00:00,256.0,367.19962030649185,111.19962030649185,0.29737823199570546
2024-12-09 02:00:00,256.0,359.9121469259262,103.91214692592621,0.2778895328108049
2024-12-09 03:00:00,256.0,364.8509305715561,108.85093057155609,0.2910971925554936
2024-12-09 04:00:00,256.0,373.13290536403656,117.13290536403656,0.31324546081785437
2024-12-09 05:00:00,261.99999999999994,405.71981370449066,143.71981370449072,0.38434613341659485
2024-12-09 06:00:00,270.9999999999999,356.9761446118355,85.9761446118356,0.2299237516099876
2024-12-09 07:00:00,271.99999999999983,462.0966285467148,190.09662854671495,0.5083704346269803
2024-12-09 08:00:00,312.99999999999983,456.73074066638947,143.73074066638964,0.3843753551045973
2024-12-09 09:00:00,361.99999999999994,484.8400765657425,122.84007656574255,0.32850799927780855
2024-12-09 10:00:00,406.9999999999999,552.8179228305817,145.81792283058178,0.3899570516978922
2024-12-09 11:00:00,417.0,548.0241823196411,131.0241823196411,0.35039453893371914
2024-12-09 12:00:00,416.0,607.653079032898,191.65307903289795,0.5125328093949356
2024-12-09 13:00:00,381.99999999999994,579.7470277547836,197.7470277547837,0.5288296968464575
2024-12-09 14:00:00,363.99999999999994,640.0090277194977,276.00902771949774,0.7381237134789579
2024-12-09 15:00:00,344.9999999999999,629.9860042333603,284.9860042333604,0.7621306066410166
2024-12-09 16:00:00,291.99999999999983,653.3468002080917,361.3468002080919,0.9663402832402876
2024-12-09 17:00:00,301.99999999999994,643.6576473712921,341.65764737129217,0.9136860975158881
2024-12-09 18:00:00,317.0,676.264146566391,359.264146566391,0.960770697156078
2024-12-09 19:00:00,321.0,591.7640107870102,270.7640107870102,0.7240971020762242
2024-12-09 20:00:00,343.9999999999999,660.1496064662933,316.14960646629345,0.8454706118416101
2024-12-09 21:00:00,311.9999999999999,660.9030282497406,348.9030282497407,0.9330622298248825
2024-12-09 22:00:00,311.9999999999999,628.8631296157837,316.8631296157838,0.8473787681113762
2024-12-09 23:00:00,298.0,595.733814239502,297.73381423950195,0.7962217410441278
2024-12-10 00:00:00,286.99999999999994,452.23664581775665,165.2366458177567,0.4418880339586591
2024-12-10 01:00:00,286.99999999999994,522.9665350914001,235.9665350914002,0.6310391242544249
2024-12-10 02:00:00,287.9999999999999,495.35771012306213,207.35771012306225,0.5545312929766749
2024-12-10 03:00:00,281.99999999999994,539.8141980171204,257.8141980171204,0.6894657569729675
2024-12-10 04:00:00,280.0,578.965812921524,298.96581292152405,0.7995164428504017
2024-12-10 05:00:00,280.0,684.046259522438,404.04625952243805,1.0805303288814014
2024-12-10 06:00:00,327.9999999999999,556.6137689352036,228.61376893520367,0.6113758143098321
2024-12-10 07:00:00,373.99999999999983,815.5026644468307,441.5026644468309,1.180699011495877
2024-12-10 08:00:00,425.9999999999999,768.2733035087585,342.27330350875866,0.9153325305987752
2024-12-10 09:00:00,424.99999999999994,748.7540853023529,323.75408530235296,0.8658070704129899
2024-12-10 10:00:00,462.9999999999999,884.7415244579315,421.74152445793163,1.1278523124161373
2024-12-10 11:00:00,550.0,880.5364537239075,330.53645372390747,0.8839449806359408
2024-12-10 12:00:00,587.0,969.9170726537704,382.91707265377045,1.0240250978635899
2024-12-10 13:00:00,606.9999999999999,886.0023611783981,279.00236117839825,0.7461287067453733
2024-12-10 14:00:00,603.9999999999999,1054.8094975948334,450.8094975948335,1.2055880316148644
2024-12-10 15:00:00,602.9999999999999,996.8062877655029,393.80628776550304,1.0531458406217278
2024-12-10 16:00:00,626.9999999999999,1093.3259439468384,466.3259439468385,1.2470832576803628
2024-12-10 17:00:00,756.9999999999999,1008.1382989883423,251.1382989883424,0.6716125750584251
2024-12-10 18:00:00,916.0,1130.9361362457275,214.93613624572754,0.5747980794590088
2024-12-10 19:00:00,928.0,889.294804930687,38.70519506931305,0.10350828939016846
2024-12-10 20:00:00,918.9999999999999,1111.481945514679,192.48194551467907,0.5147494253171231
2024-12-10 21:00:00,870.0,1119.3697428703308,249.3697428703308,0.6668829717548357
2024-12-10 22:00:00,774.9999999999999,1074.037685394287,299.0376853942872,0.7997086495217964
2024-12-10 23:00:00,737.9999999999999,958.8818746805191,220.88187468051922,0.590698612021745
2024-12-11 00:00:00,719.9999999999999,659.6564716100693,60.34352838993061,0.16137511742863928
2024-12-11 01:00:00,649.0,740.4666817188263,91.4666817188263,0.2446069511846213
2024-12-11 02:00:00,616.0,719.2150890827179,103.2150890827179,0.27602540927836217
2024-12-11 03:00:00,616.0,819.3665474653244,203.3665474653244,0.5438578312193952
2024-12-11 04:00:00,638.9999999999999,849.117266535759,210.1172665357591,0.5619111024116203
2024-12-11 05:00:00,754.0,1000.6499898433685,246.64998984336853,0.6596096074718122
2024-12-11 06:00:00,921.9999999999999,886.4983874559402,35.50161254405964,0.09494103255254255
2024-12-11 07:00:00,1023.0000000000001,1127.9368472099304,104.9368472099303,0.28062986194091116
2024-12-11 08:00:00,1093.0,1108.5098004341125,15.509800434112549,0.04147745306135141
2024-12-11 09:00:00,1053.0,1063.3867514133453,10.386751413345337,0.027777017250293676
2024-12-11 10:00:00,985.9999999999999,1170.3813779354095,184.38137793540966,0.49308628961355416
2024-12-11 11:00:00,944.0,1185.6853759288788,241.68537592887878,0.6463328705156695
2024-12-11 12:00:00,963.0,1256.2541127204895,293.2541127204895,0.7842417926061687
2024-12-11 13:00:00,1038.0,1172.5303530693054,134.53035306930542,0.35977099953436165
2024-12-11 14:00:00,1100.0,1325.6984996795654,225.69849967956543,0.6035795860975086
2024-12-11 15:00:00,1102.0,1271.0710537433624,169.07105374336243,0.4521422906415875
2024-12-11 16:00:00,1112.0,1338.923270702362,226.92327070236206,0.6068549591640259
2024-12-11 17:00:00,1121.0,1257.7598941326141,136.75989413261414,0.36573340280283634
2024-12-11 18:00:00,1120.0,1365.8444094657898,245.8444094657898,0.6574552649681731
2024-12-11 19:00:00,1119.0,1097.1513533592224,21.848646640777588,0.058429263441954704
2024-12-11 20:00:00,1111.0,1319.8781275749207,208.87812757492065,0.5585973055447293
2024-12-11 21:00:00,1062.0,1331.7966842651367,269.7966842651367,0.7215102060954248
2024-12-11 22:00:00,990.9999999999999,1272.4760484695435,281.47604846954357,0.7527440238761648
2024-12-11 23:00:00,887.0,1152.0472884178162,265.04728841781616,0.7088090211792253
2024-12-12 00:00:00,739.9999999999999,855.8622443675995,115.8622443675996,0.30984736539680136
2024-12-12 01:00:00,645.9999999999999,853.5683441162109,207.56834411621105,0.5550945859475335
2024-12-12 02:00:00,631.0,910.2537739276886,279.2537739276886,0.7468010532756859
2024-12-12 03:00:00,630.0,961.2193232774734,331.21932327747345,0.8857711607970191
2024-12-12 04:00:00,661.9999999999999,979.0510725975037,317.0510725975038,0.8478813791047037
2024-12-12 05:00:00,850.0,1100.2291238307953,250.2291238307953,0.6691811917481172
2024-12-12 06:00:00,1009.0,1028.2883191108704,19.28831911087036,0.05158224658996197
2024-12-12 07:00:00,1034.0,1137.9126048088074,103.91260480880737,0.27789075731500096
2024-12-12 08:00:00,1115.0,1152.0789170265198,37.078917026519775,0.0991591766165247
2024-12-12 09:00:00,1099.0,1157.4409103393555,58.44091033935547,0.15628699581020494
2024-12-12 10:00:00,1035.0,1170.58460354805,135.58460354804993,0.3625903539762703
2024-12-12 11:00:00,934.0,1140.1334524154663,206.1334524154663,0.5512572926555539
2024-12-12 12:00:00,931.0,1202.5579404830933,271.55794048309326,0.7262202874674992
2024-12-12 13:00:00,940.9999999999999,1145.948749780655,204.94874978065502,0.5480890734295367
2024-12-12 14:00:00,953.0,1167.241176366806,214.24117636680603,0.5729395664575075
2024-12-12 15:00:00,1018.0,1213.9646565914154,195.9646565914154,0.5240631483289205
2024-12-12 16:00:00,920.9999999999999,1194.3798208236694,273.37982082366955,0.7310924943428017
2024-12-12 17:00:00,586.0,1221.602611541748,635.602611541748,1.6997754160596132
2024-12-12 18:00:00,593.0,1257.7057242393494,664.7057242393494,1.777605108065128
2024-12-12 19:00:00,605.0,1153.292841911316,548.2928419113159,1.466285185993293
2024-12-12 20:00:00,680.0,1175.1024198532104,495.10241985321045,1.324039433470509
2024-12-12 21:00:00,705.0,1168.5567140579224,463.55671405792236,1.239677578721336
2024-12-12 22:00:00,630.0,1114.8636102676392,484.86361026763916,1.2966580531752734
2024-12-12 23:00:00,459.99999999999994,1048.7326741218567,588.7326741218567,1.5744323700558587
2024-12-13 00:00:00,459.99999999999994,572.8537023067474,112.8537023067475,0.3018017001645372
2024-12-13 01:00:00,455.99999999999994,598.1207120418549,142.12071204185492,0.38006969772459037
2024-12-13 02:00:00,451.99999999999983,601.7008817195892,149.7008817195894,0.4003411469505779
2024-12-13 03:00:00,454.0,715.5187904834747,261.51879048347473,0.6993728515734042
2024-12-13 04:00:00,459.99999999999994,686.1925202608109,226.1925202608109,0.6049007323983264
2024-12-13 05:00:00,498.0,846.4678984880447,348.46789848804474,0.9318985737002913
2024-12-13 06:00:00,642.9999999999999,813.369562625885,170.36956262588512,0.4556148589349954
2024-12-13 07:00:00,691.0,877.5823652744293,186.58236527442932,0.4989723324050545
2024-12-13 08:00:00,545.9999999999999,918.6741828918457,372.6741828918458,0.9966328060596021
2024-12-13 09:00:00,501.99999999999994,877.8923964500427,375.8923964500428,1.0052391902854065
2024-12-13 10:00:00,521.0,872.3817014694214,351.3817014694214,0.9396908806937624
2024-12-13 11:00:00,494.0,884.1307854652405,390.1307854652405,1.0433165410905276
2024-12-13 12:00:00,473.0,914.3699777126312,441.3699777126312,1.1803441708379967
2024-12-13 13:00:00,473.99999999999983,873.3591198921204,399.35911989212053,1.0679956341356904
2024-12-13 14:00:00,497.0,902.2836005687714,405.28360056877136,1.083839317632623
2024-12-13 15:00:00,508.9999999999999,932.593013048172,423.5930130481721,1.132803699858004
2024-12-13 16:00:00,498.0,910.9543830156326,412.95438301563263,1.1043530902137164
2024-12-13 17:00:00,512.0,943.9646780490875,431.9646780490875,1.1551918242955765
2024-12-13 18:00:00,531.0,953.1560343503952,422.1560343503952,1.128960825364525
2024-12-13 19:00:00,527.9999999999999,830.4076462984085,302.4076462984086,0.8087208477001724
2024-12-13 20:00:00,484.9999999999999,864.3222481012344,379.32224810123455,1.0144115527199877
2024-12-13 21:00:00,390.99999999999983,877.8408819437027,486.84088194370287,1.3019458190289908
2024-12-13 22:00:00,304.99999999999994,842.6765370368958,537.6765370368958,1.4378942799346133
2024-12-13 23:00:00,316.0,748.8255447149277,432.8255447149277,1.15749401747183
2024-12-14 00:00:00,316.0,321.135236620903,5.135236620903015,0.013733028790877864
2024-12-14 01:00:00,293.0,349.5306757092476,56.53067570924759,0.15117850537262303
2024-12-14 02:00:00,276.0,364.5552384853363,88.5552384853363,0.23682095480311596
2024-12-14 03:00:00,279.0,410.1834601163864,131.1834601163864,0.35082049137368015
2024-12-14 04:00:00,279.0,427.9414486885071,148.94144868850708,0.39831021508696235
2024-12-14 05:00:00,280.0,423.73000502586365,143.73000502586365,0.38437338780040686
2024-12-14 06:00:00,280.0,442.4506598711014,162.45065987110138,0.4344375447133026
2024-12-14 07:00:00,277.0,441.16896361112595,164.16896361112595,0.439032759398674
2024-12-14 08:00:00,279.0,449.25234496593475,170.25234496593475,0.4553013868172073
2024-12-14 09:00:00,280.0,459.2613834142685,179.2613834142685,0.47939402237084155
2024-12-14 10:00:00,280.0,435.8693128824234,155.8693128824234,0.4168372208430505
2024-12-14 11:00:00,280.0,417.6299911737442,137.6299911737442,0.36806028052996154
2024-12-14 12:00:00,280.0,434.14036095142365,154.14036095142365,0.4122135299794563
2024-12-14 13:00:00,274.0,413.9253133535385,139.9253133535385,0.37419860051528536
2024-12-14 14:00:00,267.9999999999999,427.51629173755646,159.51629173755657,0.42659024087203984
2024-12-14 15:00:00,265.9999999999999,424.69240576028824,158.69240576028835,0.42438694418261963
2024-12-14 16:00:00,267.9999999999999,412.88534581661224,144.88534581661236,0.38746308541590596
2024-12-14 17:00:00,267.9999999999999,436.7064678668976,168.7064678668977,0.45116728818155344
2024-12-14 18:00:00,267.9999999999999,417.99737870693207,149.99737870693218,0.4011340610778476
2024-12-14 19:00:00,268.9999999999999,423.1486228108406,154.14862281084072,0.4122356244536971
2024-12-14 20:00:00,274.0,404.46605801582336,130.46605801582336,0.3489019617266595
2024-12-14 21:00:00,290.99999999999983,385.8494943380356,94.84949433803575,0.2536535183680395
2024-12-14 22:00:00,330.9999999999999,366.9660347700119,35.966034770012016,0.09618302474705336
2024-12-14 23:00:00,302.99999999999994,378.88842701911926,75.88842701911932,0.20294643267377532
2024-12-15 00:00:00,261.99999999999994,269.3065685033798,7.306568503379879,0.0195397647716947
2024-12-15 01:00:00,263.99999999999994,265.34632444381714,1.3463244438171955,0.003600440196571297
2024-12-15 02:00:00,263.99999999999994,272.73479104042053,8.734791040420589,0.023359222893862334
2024-12-15 03:00:00,263.99999999999994,277.68260300159454,13.6826030015946,0.036591026826337025
2024-12-15 04:00:00,263.99999999999994,275.63972532749176,11.639725327491817,0.0311278125704452
2024-12-15 05:00:00,263.99999999999994,288.05348217487335,24.05348217487341,0.06432559736075356
2024-12-15 06:00:00,263.99999999999994,283.07076662778854,19.0707666277886,0.05100045168268788
2024-12-15 07:00:00,263.99999999999994,302.1989643573761,38.198964357376155,0.10215448985665573
2024-12-15 08:00:00,265.9999999999999,314.43929493427277,48.43929493427288,0.1295399376991546
2024-12-15 09:00:00,301.99999999999994,328.1831941008568,26.183194100856838,0.07002103018204843
2024-12-15 10:00:00,354.99999999999983,345.230955183506,9.769044816493818,0.02612510067757976
2024-12-15 11:00:00,409.99999999999983,334.83597099781036,75.16402900218947,0.20100919403085507
2024-12-15 12:00:00,420.99999999999994,349.0173599123955,71.98264008760447,0.19250128898493477
2024-12-15 13:00:00,389.9999999999999,355.6412225961685,34.35877740383137,0.0918847784706767
2024-12-15 14:00:00,331.99999999999983,354.5639616250992,22.563961625099353,0.06034221156867797
2024-12-15 15:00:00,279.0,362.4538242816925,83.4538242816925,0.22317837641682262
2024-12-15 16:00:00,261.99999999999994,355.9976050257683,93.99760502576834,0.25137533309330673
2024-12-15 17:00:00,271.99999999999983,376.7349672317505,104.73496723175066,0.2800899796029956
2024-12-15 18:00:00,263.99999999999994,368.13201516866684,104.1320151686669,0.2784775206934795
2024-12-15 19:00:00,268.9999999999999,363.3814689517021,94.38146895170223,0.25240189033609695
2024-12-15 20:00:00,262.99999999999994,365.5833452939987,102.58334529399878,0.2743359534111051
2024-12-15 21:00:00,261.0,364.5607262849808,103.56072628498077,0.27694973779529036
2024-12-15 22:00:00,263.99999999999994,358.0097687244415,94.00976872444159,0.2514078621540716
2024-12-15 23:00:00,261.99999999999994,363.22919726371765,101.22919726371771,0.27071459080217236
2024-12-16 00:00:00,263.99999999999994,276.5821811556816,12.582181155681667,0.03364819750655081
2024-12-16 01:00:00,262.99999999999994,325.54612934589386,62.54612934589392,0.1672654754736674
2024-12-16 02:00:00,269.9999999999999,330.0981116294861,60.0981116294862,0.1607188058142478
2024-12-16 03:00:00,270.9999999999999,361.61607921123505,90.61607921123516,0.24233220717792978
2024-12-16 04:00:00,270.9999999999999,375.2319002151489,104.23190021514904,0.27874464065705307
2024-12-16 05:00:00,350.99999999999983,492.5913870334625,141.5913870334627,0.3786541377189633
2024-12-16 06:00:00,410.99999999999983,428.65391850471497,17.653918504715136,0.04721141185786914
2024-12-16 07:00:00,371.9999999999999,552.9391264915466,180.93912649154674,0.4838807667382134
2024-12-16 08:00:00,388.9999999999999,557.804149389267,168.80414938926708,0.45142851531830797
2024-12-16 09:00:00,508.9999999999999,474.546882212162,34.45311778783787,0.09213707048861997
2024-12-16 10:00:00,580.9999999999999,528.3718407154083,52.62815928459156,0.14074210791461247
2024-12-16 11:00:00,565.9999999999999,511.43283247947693,54.56716752052296,0.14592754685259712
2024-12-16 12:00:00,598.0,548.6160385608673,49.38396143913269,0.13206623458997566
2024-12-16 13:00:00,613.0,525.7620674371719,87.23793256282806,0.23329811807801518
2024-12-16 14:00:00,678.0,597.1117830276489,80.88821697235107,0.21631723998897934
2024-12-16 15:00:00,758.9999999999999,589.6549844741821,169.34501552581776,0.45287493946067886
2024-12-16 16:00:00,803.9999999999999,650.9498119354248,153.05018806457508,0.40929810918245063
2024-12-16 17:00:00,857.9999999999999,651.3628131151199,206.63718688487995,0.5526044165530694
2024-12-16 18:00:00,854.0,712.940291762352,141.059708237648,0.3772322830412837
2024-12-16 19:00:00,859.9999999999999,613.3411538600922,246.65884613990772,0.6596332916336789
2024-12-16 20:00:00,815.0,673.1903886795044,141.8096113204956,0.3792377292139477
2024-12-16 21:00:00,691.9999999999999,690.1499319076538,1.8500680923460777,0.004947588641554247
2024-12-16 22:00:00,678.0,717.7820062637329,39.78200626373291,0.10638797736308743
2024-12-16 23:00:00,708.9999999999999,629.0226888656616,79.97731113433827,0.2138812283652328
2024-12-17 00:00:00,699.9999999999999,579.5443332195282,120.45566678047169,0.322131434642581
2024-12-17 01:00:00,668.0,592.7726447582245,75.22735524177551,0.20117854573471097
2024-12-17 02:00:00,634.0,629.243735074997,4.756264925003052,0.012719554710727917
2024-12-17 03:00:00,632.0,632.6939088106155,0.6939088106155396,0.001855702157060738
2024-12-17 04:00:00,632.0,670.4798287153244,38.4798287153244,0.10290559805259246
2024-12-17 05:00:00,632.0,661.9473034143448,29.947303414344788,0.08008728912788285
2024-12-17 06:00:00,674.0,654.031063914299,19.96893608570099,0.0534024027387288
2024-12-17 07:00:00,733.0,692.9975098371506,40.002490162849426,0.10697761167948232
2024-12-17 08:00:00,771.0,702.304995059967,68.69500494003296,0.18370925242098726
2024-12-17 09:00:00,755.9999999999999,718.8615095615387,37.13849043846119,0.0993184922317063
2024-12-17 10:00:00,747.9999999999999,685.5636656284332,62.43633437156666,0.16697185364962286
2024-12-17 11:00:00,746.9999999999999,698.2158762216568,48.78412377834309,0.130462104444941
2024-12-17 12:00:00,747.9999999999999,678.7999820709229,69.20001792907703,0.18505979543006287
2024-12-17 13:00:00,782.9999999999999,716.5441238880157,66.45587611198414,0.17772120884439513
2024-12-17 14:00:00,799.0,689.0246379375458,109.97536206245422,0.29410423023999244
2024-12-17 15:00:00,796.0,711.2825042009354,84.71749579906464,0.22655778005708413
2024-12-17 16:00:00,775.9999999999999,728.5052847862244,47.49471521377552,0.12701387289348096
2024-12-17 17:00:00,817.0,745.3358942270279,71.6641057729721,0.191649441010506
2024-12-17 18:00:00,847.9999999999999,750.4138791561127,97.58612084388722,0.26097200695369865
2024-12-17 19:00:00,813.0,723.5208284854889,89.47917151451111,0.23929180470297304
2024-12-17 20:00:00,766.9999999999999,735.1499480009079,31.85005199909199,0.08517575983043452
2024-12-17 21:00:00,701.9999999999999,740.3024017810822,38.30240178108227,0.10243110984959394
2024-12-17 22:00:00,616.0,699.8645174503326,83.86451745033264,0.22427668240065868
2024-12-17 23:00:00,613.0,687.6171058416367,74.61710584163666,0.19954657174784354
2024-12-18 00:00:00,612.0,546.9380110502243,65.0619889497757,0.173993572915814
2024-12-18 01:00:00,612.0,561.035578250885,50.96442174911499,0.1362928182008415
2024-12-18 02:00:00,612.0,597.9000198841095,14.099980115890503,0.037707207510971424
2024-12-18 03:00:00,614.0,605.2640569210052,8.735943078994751,0.02336230376044651
2024-12-18 04:00:00,612.0,635.8374148607254,23.837414860725403,0.0637477742018588
2024-12-18 05:00:00,612.0,632.4880868196487,20.488086819648743,0.0547907539486982
2024-12-18 06:00:00,658.0,623.580561876297,34.419438123703,0.09204700184497684
2024-12-18 07:00:00,712.0,647.7340203523636,64.26597964763641,0.17186482608853285
2024-12-18 08:00:00,731.0,645.9072911739349,85.09270882606506,0.22756120242744476
2024-12-18 09:00:00,727.9999999999999,646.6769993305206,81.32300066947926,0.21747997064216112
2024-12-18 10:00:00,599.9999999999999,615.0696337223053,15.069633722305412,0.040300326753008
2024-12-18 11:00:00,580.9999999999999,621.174191236496,40.174191236496085,0.10743678736346464
2024-12-18 12:00:00,583.9999999999999,598.4168171882629,14.416817188263053,0.03855451659487972
2024-12-18 13:00:00,614.0,639.4898110628128,25.489811062812805,0.0681667340848044
2024-12-18 14:00:00,633.0,619.8984253406525,13.101574659347534,0.03503719794921863
2024-12-18 15:00:00,628.9999999999999,640.9188222885132,11.918822288513297,0.03187419426307313
2024-12-18 16:00:00,595.0,662.0405369997025,67.04053699970245,0.17928475214272202
2024-12-18 17:00:00,542.0,671.3178688287735,129.3178688287735,0.3458313894576142
2024-12-18 18:00:00,491.99999999999983,670.2904111146927,178.29041111469286,0.47679737658222504
2024-12-18 19:00:00,473.0,638.079092502594,165.079092502594,0.441466693254626
2024-12-18 20:00:00,475.0,643.6068999767303,168.60689997673035,0.4509010163808054
2024-12-18 21:00:00,472.0,639.6511995792389,167.6511995792389,0.44834521183992415
2024-12-18 22:00:00,408.9999999999999,605.1780223846436,196.17802238464367,0.524633746881179
2024-12-18 23:00:00,265.9999999999999,589.888186454773,323.88818645477306,0.8661656936124699
2024-12-19 00:00:00,263.99999999999994,397.1583741903305,133.15837419033056,0.3561019523538006
2024-12-19 01:00:00,258.99999999999994,394.1686150431633,135.16861504316336,0.36147788681340826
2024-12-19 02:00:00,256.0,435.02658158540726,179.02658158540726,0.47876609798995196
2024-12-19 03:00:00,256.0,433.5643780231476,177.56437802314758,0.4748557653020874
2024-12-19 04:00:00,256.0,454.2232882976532,198.2232882976532,0.5301033479418253
2024-12-19 05:00:00,258.99999999999994,464.9577784538269,205.95777845382696,0.5507874923812723
2024-12-19 06:00:00,309.99999999999983,443.5293960571289,133.52939605712908,0.35709416641421
2024-12-19 07:00:00,321.99999999999994,465.0401544570923,143.04015445709234,0.3825285384932149
2024-12-19 08:00:00,367.9999999999999,465.93953400850296,97.93953400850307,0.2619171305230759
2024-12-19 09:00:00,386.9999999999999,482.293501496315,95.29350149631512,0.2548409150817929
2024-12-19 10:00:00,388.9999999999999,470.5722400546074,81.5722400546075,0.2181465050016207
2024-12-19 11:00:00,387.9999999999999,475.2882367372513,87.2882367372514,0.2334326452140862
2024-12-19 12:00:00,382.99999999999994,480.194034576416,97.19403457641607,0.2599234609182986
2024-12-19 13:00:00,418.99999999999994,500.6796956062317,81.67969560623175,0.21843387056880578
2024-12-19 14:00:00,435.0,493.3852297067642,58.38522970676422,0.15613809055287808
2024-12-19 15:00:00,429.99999999999983,506.37980818748474,76.37980818748491,0.20426052046186116
2024-12-19 16:00:00,395.0,523.1613224744797,128.16132247447968,0.3427384678351031
2024-12-19 17:00:00,344.9999999999999,546.5695613622665,201.56956136226665,0.5390521983514477
2024-12-19 18:00:00,303.99999999999994,540.705286860466,236.70528686046606,0.6330147487607226
2024-12-19 19:00:00,283.9999999999999,507.96413004398346,223.96413004398357,0.5989414068084534
2024-12-19 20:00:00,284.9999999999999,507.6796495914459,222.67964959144604,0.595506354377916
2024-12-19 21:00:00,281.99999999999994,506.8445599079132,224.84455990791326,0.6012959173329497
2024-12-19 22:00:00,280.0,491.8129751086235,211.8129751086235,0.5664458914332781
2024-12-19 23:00:00,276.0,474.02521669864655,198.02521669864655,0.5295736502525813
2024-12-20 00:00:00,276.0,318.03958654403687,42.039586544036865,0.11242536517515683
2024-12-20 01:00:00,276.0,321.1262083053589,45.12620830535889,0.12067983690528941
2024-12-20 02:00:00,276.0,349.5341867208481,73.53418672084808,0.19665054950741823
2024-12-20 03:00:00,276.0,366.1070466041565,90.1070466041565,0.2409709146096279
2024-12-20 04:00:00,276.0,381.64082407951355,105.64082407951355,0.28251248884436214
2024-12-20 05:00:00,276.0,405.34209966659546,129.34209966659546,0.34589618935253663
2024-12-20 06:00:00,324.9999999999999,391.6129231452942,66.6129231452943,0.1781411956121307
2024-12-20 07:00:00,380.0,428.73458325862885,48.734583258628845,0.13032961953065653
2024-12-20 08:00:00,386.9999999999999,437.6126629114151,50.612662911415214,0.135352118754605
2024-12-20 09:00:00,386.9999999999999,452.5995486974716,65.59954869747173,0.17543115486907335
2024-12-20 10:00:00,387.9999999999999,441.12157970666885,53.12157970666897,0.14206164922548678
2024-12-20 11:00:00,387.9999999999999,430.3025597333908,42.30255973339092,0.11312862748753558
2024-12-20 12:00:00,387.9999999999999,437.3068803548813,49.3068803548814,0.1318600986653045
2024-12-20 13:00:00,422.99999999999994,445.6621438264847,22.662143826484737,0.06060477765821099
2024-12-20 14:00:00,438.99999999999994,433.3910697698593,5.608930230140629,0.01499981520286818
2024-12-20 15:00:00,437.0,465.3966549038887,28.396654903888702,0.07594043043164607
2024-12-20 16:00:00,401.99999999999994,464.8559296131134,62.85592961311346,0.16809396621386616
2024-12-20 17:00:00,401.99999999999994,496.26048266887665,94.2604826688767,0.25207833988886325
2024-12-20 18:00:00,393.0,499.24330830574036,106.24330830574036,0.2841236966300255
2024-12-20 19:00:00,386.9999999999999,489.2036148905754,102.20361489057552,0.273320450339298
2024-12-20 20:00:00,351.99999999999983,488.15057694911957,136.15057694911974,0.36410392181852413
2024-12-20 21:00:00,335.0,488.41340124607086,153.41340124607086,0.41026944068028354
2024-12-20 22:00:00,298.0,461.6654232144356,163.66542321443558,0.4376861545047591
2024-12-20 23:00:00,275.0,448.5961103439331,173.5961103439331,0.4642435309861973
2024-12-21 00:00:00,277.0,285.0477907061577,8.047790706157684,0.02152199589416156
2024-12-21 01:00:00,268.9999999999999,292.68459498882294,23.68459498882305,0.06333909202115644
2024-12-21 02:00:00,269.9999999999999,321.00417852401733,51.00417852401745,0.13639913870263598
2024-12-21 03:00:00,271.99999999999983,336.9274127483368,64.92741274833696,0.17363367930518617
2024-12-21 04:00:00,271.99999999999983,352.3832693696022,80.38326936960237,0.21496687184076083
2024-12-21 05:00:00,271.99999999999983,362.2716647386551,90.27166473865526,0.2414111485749665
2024-12-21 06:00:00,271.99999999999983,355.0307786464691,83.03077864646929,0.22204703655514474
2024-12-21 07:00:00,311.9999999999999,363.43696653842926,51.436966538429374,0.1375565323538015
2024-12-21 08:00:00,368.99999999999983,361.29542648792267,7.704573512077161,0.020604139141729517
2024-12-21 09:00:00,377.99999999999994,362.8274077177048,15.17259228229517,0.04057566613325218
2024-12-21 10:00:00,373.99999999999983,352.14519917964935,21.854800820350476,0.05844572140319347
2024-12-21 11:00:00,366.9999999999999,342.07774221897125,24.922257781028634,0.06664894120893715
2024-12-21 12:00:00,363.99999999999994,342.5577771663666,21.442222833633366,0.05734237489974215
2024-12-21 13:00:00,363.99999999999994,355.7027095556259,8.297290444374028,0.02218922650906534
2024-12-21 14:00:00,327.9999999999999,358.07107865810394,30.071078658104057,0.08041829802029199
2024-12-21 15:00:00,313.99999999999983,369.77814853191376,55.77814853191393,0.1491660416528064
2024-12-21 16:00:00,285.99999999999994,380.3462344408035,94.34623444080358,0.2523076636064787
2024-12-21 17:00:00,259.99999999999994,402.07069247961044,142.0706924796105,0.37993593171941475
2024-12-21 18:00:00,259.99999999999994,396.0303068161011,136.03030681610113,0.3637822865519613
2024-12-21 19:00:00,259.99999999999994,388.2554814219475,128.25548142194754,0.34299027464206333
2024-12-21 20:00:00,259.99999999999994,387.999649643898,127.99964964389807,0.3423061104188855
2024-12-21 21:00:00,259.99999999999994,379.46367233991623,119.46367233991629,0.3194785698929635
2024-12-21 22:00:00,261.0,372.3837912082672,111.38379120826721,0.2978707554144371
2024-12-21 23:00:00,259.99999999999994,369.56394731998444,109.56394731998449,0.2930039945701637
2024-12-22 00:00:00,259.99999999999994,288.4591072797775,28.459107279777584,0.07610744518470527
2024-12-22 01:00:00,261.0,280.8400645852089,19.840064585208893,0.053057765060422486
2024-12-22 02:00:00,259.99999999999994,299.5707508921623,39.57075089216238,0.10582302265619108
2024-12-22 03:00:00,259.99999999999994,301.63251131772995,41.63251131773001,0.11133673455973991
2024-12-22 04:00:00,261.99999999999994,300.95429599285126,38.954295992851314,0.10417445346542457
2024-12-22 05:00:00,259.99999999999994,314.40669268369675,54.406692683696804,0.1454983931997013
2024-12-22 06:00:00,259.99999999999994,302.15889751911163,42.15889751911169,0.11274443539075328
2024-12-22 07:00:00,259.99999999999994,320.37016063928604,60.3701606392861,0.16144633935552694
2024-12-22 08:00:00,299.99999999999994,323.93767297267914,23.937672972679195,0.06401589184465174
2024-12-22 09:00:00,357.0,339.23621267080307,17.76378732919693,0.04750523117744765
2024-12-22 10:00:00,402.99999999999994,352.2088694572449,50.79113054275507,0.13582939006659356
2024-12-22 11:00:00,413.99999999999983,343.8370245695114,70.16297543048842,0.18763500745387587
2024-12-22 12:00:00,377.0,358.9703106880188,18.0296893119812,0.048216325885384555
2024-12-22 13:00:00,325.9999999999999,358.37874948978424,32.378749489784354,0.08658964168191313
2024-12-22 14:00:00,278.0,355.7372295856476,77.73722958564758,0.2078906369527822
2024-12-22 15:00:00,256.0,357.59883284568787,101.59883284568787,0.2717030975573755
2024-12-22 16:00:00,258.99999999999994,353.03274750709534,94.0327475070954,0.2514693137106522
2024-12-22 17:00:00,289.9999999999999,364.9410367012024,74.9410367012025,0.20041285156103925
2024-12-22 18:00:00,296.0,352.30298817157745,56.302988171577454,0.1505696065543251
2024-12-22 19:00:00,271.99999999999983,331.4038833975792,59.403883397579364,0.15886224943719418
2024-12-22 20:00:00,259.99999999999994,323.8741207122803,63.87412071228033,0.1708168880014537
2024-12-22 21:00:00,259.99999999999994,318.0860263109207,58.08602631092077,0.15533793874824245
2024-12-22 22:00:00,259.99999999999994,310.90824991464615,50.908249914646206,0.1361425993351993
2024-12-22 23:00:00,257.0,303.40710639953613,46.40710639953613,0.12410530912869466
2024-12-23 00:00:00,259.99999999999994,294.18176114559174,34.18176114559179,0.09141138852775522
2024-12-23 01:00:00,256.0,294.86109763383865,38.861097633838654,0.10392521553500991
2024-12-23 02:00:00,256.0,295.6158471107483,39.61584711074829,0.10594362229237515
2024-12-23 03:00:00,256.0,300.20872235298157,44.20872235298157,0.11822622825404715
2024-12-23 04:00:00,257.0,305.00765562057495,48.00765562057495,0.12838561598822124
2024-12-23 05:00:00,257.0,300.98087936639786,43.98087936639786,0.11761691372279125
2024-12-23 06:00:00,302.99999999999994,304.92032289505005,1.9203228950501057,0.005135469220280569
2024-12-23 07:00:00,354.0,329.6967941522598,24.303205847740173,0.06499342683822756
2024-12-23 08:00:00,405.99999999999994,350.1858776807785,55.81412231922144,0.1492622454099614
2024-12-23 09:00:00,451.99999999999983,374.55896615982056,77.44103384017927,0.20709852842876708
2024-12-23 10:00:00,500.99999999999994,382.95494556427,118.04505443572992,0.3156847971888695
2024-12-23 11:00:00,517.0,387.98218309879303,129.01781690120697,0.3450289684468167
2024-12-23 12:00:00,516.0,399.4711571931839,116.5288428068161,0.31163003214295504
2024-12-23 13:00:00,516.0,415.8556616306305,100.1443383693695,0.26781338107612396
2024-12-23 14:00:00,516.0,412.9698756337166,103.03012436628342,0.2755307629818796
2024-12-23 15:00:00,479.99999999999994,427.9071646928787,52.09283530712122,0.1393105050231074
2024-12-23 16:00:00,435.0,428.0585217475891,6.941478252410889,0.01856341347613467
2024-12-23 17:00:00,388.9999999999999,452.8436082601547,63.84360826015484,0.1707352893499302
2024-12-23 18:00:00,339.0,455.3743690252304,116.37436902523041,0.31121692695490644
2024-12-23 19:00:00,288.9999999999999,464.94361639022827,175.94361639022839,0.4705214049188816
2024-12-23 20:00:00,270.9999999999999,473.12619119882584,202.12619119882595,0.5405407789438619
2024-12-23 21:00:00,271.99999999999983,477.7878999710083,205.78789997100847,0.5503331908042037
2024-12-23 22:00:00,267.9999999999999,464.0509343147278,196.0509343147279,0.5242938785845506
2024-12-23 23:00:00,270.9999999999999,470.4386740922928,199.4386740922929,0.5333536223385047
2024-12-24 00:00:00,268.9999999999999,316.16432279348373,47.16432279348385,0.12613031309768025
2024-12-24 01:00:00,267.9999999999999,307.7244409918785,39.72444099187862,0.10623403206434273
2024-12-24 02:00:00,267.9999999999999,332.58892357349396,64.58892357349407,0.17272846657076293
2024-12-24 03:00:00,267.9999999999999,332.22498804330826,64.22498804330837,0.1717552033147487
2024-12-24 04:00:00,267.9999999999999,334.5889610052109,66.58896100521099,0.17807711428853293
2024-12-24 05:00:00,267.9999999999999,352.78948456048965,84.78948456048977,0.22675029771620167
2024-12-24 06:00:00,267.9999999999999,334.2127811908722,66.2127811908723,0.1770711064641161
2024-12-24 07:00:00,270.9999999999999,350.0062555074692,79.00625550746929,0.21128435973661824
2024-12-24 08:00:00,307.9999999999999,353.00070583820343,45.000705838203544,0.12034420894459236
2024-12-24 09:00:00,360.99999999999994,366.67105078697205,5.671050786972103,0.015165942580913317
2024-12-24 10:00:00,407.9999999999999,374.6549141407013,33.34508585929859,0.0891738897241928
2024-12-24 11:00:00,425.9999999999999,368.3149418234825,57.68505817651737,0.15426564016874328
2024-12-24 12:00:00,420.99999999999994,381.2658244371414,39.734175562858525,0.10626006497254208
2024-12-24 13:00:00,418.99999999999994,387.636923789978,31.363076210021916,0.08387345323281103
2024-12-24 14:00:00,412.0,385.9226059913635,26.077394008636475,0.06973809176658662
2024-12-24 15:00:00,378.99999999999994,392.78542399406433,13.785423994064388,0.03686599831336578
2024-12-24 16:00:00,357.0,395.10788440704346,38.10788440704346,0.10191091713108759
2024-12-24 17:00:00,329.9999999999999,415.91018557548523,85.91018557548534,0.22974735908670457
2024-12-24 18:00:00,270.9999999999999,405.68614929914474,134.68614929914486,0.36018764131113706
2024-12-24 19:00:00,254.99999999999983,383.31256717443466,128.31256717443483,0.3431429375747247
2024-12-24 20:00:00,256.0,382.9265624284744,126.92656242847443,0.33943638138545595
2024-12-24 21:00:00,256.0,381.9280779361725,125.92807793617249,0.33676616046044305
2024-12-24 22:00:00,256.0,378.7200754880905,122.72007548809052,0.32818708353896536
2024-12-24 23:00:00,256.0,369.92950558662415,113.92950558662415,0.304678692697993
2024-12-25 00:00:00,256.0,325.95142990350723,69.95142990350723,0.1870692767919647
2024-12-25 01:00:00,256.0,321.62373930215836,65.62373930215836,0.1754958471695757
2024-12-25 02:00:00,256.0,339.2863404750824,83.2863404750824,0.2227304788596156
2024-12-25 03:00:00,256.0,339.6660903096199,83.6660903096199,0.2237460338955426
2024-12-25 04:00:00,256.0,346.5262234210968,90.5262234210968,0.24209190819190562
2024-12-25 05:00:00,256.0,351.959086060524,95.95908606052399,0.2566208704485695
2024-12-25 06:00:00,258.0,341.9730019569397,83.9730019569397,0.22456679967520346
2024-12-25 07:00:00,258.99999999999994,362.65342086553574,103.6534208655358,0.27719762848417095
2024-12-25 08:00:00,259.99999999999994,372.8436452150345,112.84364521503454,0.30177480474758905
2024-12-25 09:00:00,299.99999999999994,394.1711524128914,94.17115241289144,0.25183944632505967
2024-12-25 10:00:00,354.99999999999983,397.2104787826538,42.21047878265398,0.11288237781280501
2024-12-25 11:00:00,368.99999999999983,401.64476841688156,32.64476841688173,0.08730104913096352
2024-12-25 12:00:00,367.9999999999999,413.5989072918892,45.598907291889304,0.12194396342382548
2024-12-25 13:00:00,330.9999999999999,428.05557131767273,97.05557131767284,0.25955317225213287
2024-12-25 14:00:00,309.99999999999983,425.6267774105072,115.62677741050737,0.3092176622809049
2024-12-25 15:00:00,280.0,438.82658779621124,158.82658779621124,0.4247457836867326
2024-12-25 16:00:00,258.99999999999994,445.14853298664093,186.148532986641,0.49781214608095053
2024-12-25 17:00:00,259.99999999999994,468.81416738033295,208.814167380333,0.5584262584716174
2024-12-25 18:00:00,286.99999999999994,466.71844750642776,179.71844750642782,0.48061633690087713
2024-12-25 19:00:00,329.9999999999999,456.5292853116989,126.52928531169903,0.33837395359772254
2024-12-25 20:00:00,354.0,459.5103996992111,105.51039969921112,0.2821636983402528
2024-12-25 21:00:00,347.9999999999999,461.6794377565384,113.6794377565385,0.3040099428498829
2024-12-25 22:00:00,358.0,451.38768911361694,93.38768911361694,0.2497442509446293
2024-12-25 23:00:00,375.0,444.75848615169525,69.75848615169525,0.18655329237016252
2024-12-26 00:00:00,332.99999999999983,376.3125541806221,43.31255418062227,0.11582962918354231
2024-12-26 01:00:00,323.99999999999994,381.3358971476555,57.335897147655544,0.15333188797463915
2024-12-26 02:00:00,280.99999999999994,411.7302820086479,130.73028200864798,0.34960856902999793
2024-12-26 03:00:00,267.9999999999999,417.0985597372055,149.09855973720562,0.39873037304937436
2024-12-26 04:00:00,306.9999999999999,441.23050957918167,134.23050957918178,0.3589691359423582
2024-12-26 05:00:00,434.0,445.7584458589554,11.758445858955383,0.03144530377815721
2024-12-26 06:00:00,528.9999999999999,437.42702186107635,91.57297813892353,0.24489121691672422
2024-12-26 07:00:00,530.0,464.78650599718094,65.21349400281906,0.1743987389108801
2024-12-26 08:00:00,532.0,473.4526267647743,58.54737323522568,0.1565717067441071
2024-12-26 09:00:00,495.0,487.1254500746727,7.874549925327301,0.0210587026115865
2024-12-26 10:00:00,454.0,477.9213184118271,23.921318411827087,0.06397215527093089
2024-12-26 11:00:00,437.99999999999994,478.1458166241646,40.14581662416464,0.10736090588090713
2024-12-26 12:00:00,428.99999999999983,480.1324886083603,51.13248860836046,0.13674227500043967
2024-12-26 13:00:00,426.9999999999999,506.44194424152374,79.44194424152386,0.21244951070634716
2024-12-26 14:00:00,430.9999999999999,497.03792095184326,66.03792095184338,0.17660348230689826
2024-12-26 15:00:00,462.9999999999999,512.6257503032684,49.625750303268546,0.13271284421629265
2024-12-26 16:00:00,512.0,524.4981622695923,12.498162269592285,0.03342350800014204
2024-12-26 17:00:00,535.0,547.9442846775055,12.944284677505493,0.03461656147058767
2024-12-26 18:00:00,532.0,542.783864736557,10.783864736557007,0.028839007009189743
2024-12-26 19:00:00,532.0,521.6679328680038,10.332067131996155,0.027630776508996594
2024-12-26 20:00:00,532.0,522.7824282646179,9.21757173538208,0.02465031066119102
2024-12-26 21:00:00,532.0,519.7663217782974,12.233678221702576,0.03271620523835448
2024-12-26 22:00:00,532.0,495.45295000076294,36.54704999923706,0.09773681855636042
2024-12-26 23:00:00,504.99999999999994,490.4238831996918,14.57611680030817,0.03898052737492564
2024-12-27 00:00:00,393.0,464.8570802807808,71.85708028078079,0.19216550768226456
2024-12-27 01:00:00,302.99999999999994,474.1283342242241,171.12833422422415,0.45764402194635007
2024-12-27 02:00:00,266.9999999999999,515.2021837234497,248.20218372344982,0.6637605989095606
2024-12-27 03:00:00,267.9999999999999,517.9857963323593,249.98579633235943,0.6685304673923923
2024-12-27 04:00:00,301.99999999999994,557.0224034786224,255.0224034786225,0.6819997339625876
2024-12-27 05:00:00,440.0,556.7629426717758,116.76294267177582,0.31225607928016896
2024-12-27 06:00:00,517.0,547.1071887016296,30.10718870162964,0.08051486616388213
2024-12-27 07:00:00,535.0,583.9007019996643,48.90070199966431,0.13077386652875167
2024-12-27 08:00:00,533.0,595.153169631958,62.15316963195801,0.16621459360326435
2024-12-27 09:00:00,498.0,612.1803957223892,114.18039572238922,0.30534964161664346
2024-12-27 10:00:00,448.9999999999999,592.7770113945007,143.77701139450085,0.3844990957008416
2024-12-27 11:00:00,447.9999999999999,595.9743332862854,147.9743332862855,0.3957238836979183
2024-12-27 12:00:00,476.0,590.4864156246185,114.48641562461853,0.3061680226257658
2024-12-27 13:00:00,506.99999999999983,622.4771010875702,115.47710108757036,0.30881738681086335
2024-12-27 14:00:00,531.0,602.9503297805786,71.95032978057861,0.19241488237714147
2024-12-27 15:00:00,532.0,616.0608011484146,84.06080114841461,0.2248015987532893
2024-12-27 16:00:00,532.0,630.9754604101181,98.9754604101181,0.26468748136546966
2024-12-27 17:00:00,535.0,655.339520573616,120.33952057361603,0.32182082788374
2024-12-27 18:00:00,535.9999999999999,649.9559891223907,113.95598912239086,0.3047495169240254
2024-12-27 19:00:00,535.9999999999999,619.0831625461578,83.08316254615795,0.2221871254460197
2024-12-27 20:00:00,535.0,624.2520797252655,89.2520797252655,0.23868449907908273
2024-12-27 21:00:00,535.0,624.2765682935715,89.27656829357147,0.23874998821588791
2024-12-27 22:00:00,535.9999999999999,590.8042359352112,54.804235935211295,0.1465615327045967
2024-12-27 23:00:00,535.9999999999999,586.6570526361465,50.65705263614666,0.13547082903277888
2024-12-28 00:00:00,490.0,443.5528814792633,46.447118520736694,0.12421231249640603
2024-12-28 01:00:00,387.9999999999999,454.1219115257263,66.12191152572643,0.17682809609871522
2024-12-28 02:00:00,259.99999999999994,494.9435582756996,234.94355827569967,0.628303404150461
2024-12-28 03:00:00,263.99999999999994,500.8503484725952,236.85034847259527,0.6334026832305214
2024-12-28 04:00:00,298.0,538.5972636938095,240.5972636938095,0.6434229604657435
2024-12-28 05:00:00,375.0,542.8549110889435,167.85491108894348,0.4488899921946246
2024-12-28 06:00:00,475.0,533.9543491601944,58.9543491601944,0.15766007180055638
2024-12-28 07:00:00,525.9999999999999,569.2069709300995,43.2069709300996,0.11554727066215302
2024-12-28 08:00:00,530.0,578.8365840911865,48.83658409118652,0.13060239768551435
2024-12-28 09:00:00,470.99999999999983,589.6571087837219,118.6571087837221,0.3173215981005051
2024-12-28 10:00:00,377.99999999999994,573.1573015451431,195.15730154514318,0.5219040598752774
2024-12-28 11:00:00,377.0,568.9740639925003,191.9740639925003,0.5133912110650193
2024-12-28 12:00:00,416.0,562.5751715898514,146.57517158985138,0.39198214222061034
2024-12-28 13:00:00,427.9999999999999,593.2702642679214,165.27026426792156,0.4419779388993855
2024-12-28 14:00:00,457.0,574.3167614936829,117.31676149368286,0.3137371424497259
2024-12-28 15:00:00,506.99999999999983,586.0560500621796,79.05605006217974,0.21141752401003927
2024-12-28 16:00:00,522.0,597.985110282898,75.98511028289795,0.20320499019372742
2024-12-28 17:00:00,522.0,620.938982963562,98.93898296356201,0.2645899306855782
2024-12-28 18:00:00,523.0,611.9484329223633,88.94843292236328,0.23787246438733353
2024-12-28 19:00:00,519.9999999999999,580.0360518693924,60.03605186939251,0.1605528410233261
2024-12-28 20:00:00,519.9999999999999,583.5517251491547,63.55172514915478,0.1699547139913151
2024-12-28 21:00:00,523.0,580.3863269090652,57.38632690906525,0.15346675096469836
2024-12-28 22:00:00,521.0,547.458820939064,26.458820939064026,0.0707581318161251
2024-12-28 23:00:00,523.0,546.5285503864288,23.528550386428833,0.06292178602816326
2024-12-29 00:00:00,487.99999999999983,417.25581765174866,70.74418234825117,0.18918931389081856
2024-12-29 01:00:00,427.9999999999999,424.0884232521057,3.9115767478941734,0.010460627243134317
2024-12-29 02:00:00,408.9999999999999,456.0066756606102,47.00667566061031,0.1257087214994004
2024-12-29 03:00:00,390.99999999999983,458.9928352832794,67.99283528327959,0.18183145849947188
2024-12-29 04:00:00,351.99999999999983,490.0522765517235,138.05227655172365,0.3691895872556054
2024-12-29 05:00:00,342.99999999999994,485.60476899147034,142.6047689914704,0.381364198546312
2024-12-29 06:00:00,360.99999999999994,478.96494448184967,117.96494448184973,0.31547056123748324
2024-12-29 07:00:00,402.99999999999994,510.9295481443405,107.92954814434057,0.2886331636636497
2024-12-29 08:00:00,404.99999999999994,523.0650794506073,118.06507945060736,0.3157383495616521
2024-12-29 09:00:00,381.99999999999994,544.2740678787231,162.2740678787232,0.4339652893734617
2024-12-29 10:00:00,351.99999999999983,527.2157442569733,175.21574425697344,0.46857487553766874
2024-12-29 11:00:00,361.99999999999994,538.0028700828552,176.00287008285528,0.47067986551707464
2024-12-29 12:00:00,367.9999999999999,538.0081808567047,170.00818085670483,0.4546484251351487
2024-12-29 13:00:00,367.9999999999999,570.5466431379318,202.54664313793194,0.5416651825519486
2024-12-29 14:00:00,403.9999999999999,558.363550901413,154.36355090141308,0.41281040101682254
2024-12-29 15:00:00,440.99999999999994,577.4304682016373,136.43046820163732,0.36485242766409565
2024-12-29 16:00:00,481.99999999999994,595.1515173912048,113.15151739120489,0.3025981392443964
2024-12-29 17:00:00,515.0,621.015340089798,106.01534008979797,0.2835140472011758
2024-12-29 18:00:00,522.0,621.643191576004,99.64319157600403,0.2664731773328865
2024-12-29 19:00:00,523.0,602.5998777151108,79.59987771511078,0.21287186805809682
2024-12-29 20:00:00,519.9999999999999,606.668107509613,86.66810750961315,0.23177424986331394
2024-12-29 21:00:00,523.0,607.3989289999008,84.39892899990082,0.2257058452101237
2024-12-29 22:00:00,488.99999999999983,577.7038550376892,88.70385503768938,0.2372183961564429
2024-12-29 23:00:00,459.0,570.0500267744064,111.05002677440643,0.2969781779310698
2024-12-30 00:00:00,406.9999999999999,438.44152718782425,31.441527187824363,0.08408325262792518
2024-12-30 01:00:00,321.0,445.42209684848785,124.42209684848785,0.332738754682975
2024-12-30 02:00:00,304.99999999999994,478.704569041729,173.70456904172903,0.46453357924091443
2024-12-30 03:00:00,321.99999999999994,480.7565635442734,158.75656354427343,0.4245585196638817
2024-12-30 04:00:00,360.99999999999994,515.4940992593765,154.49409925937658,0.4131595230711437
2024-12-30 05:00:00,438.99999999999994,510.53159415721893,71.53159415721899,0.19129506866730064
2024-12-30 06:00:00,527.9999999999999,504.04843747615814,23.951562523841744,0.06405303630752444
2024-12-30 07:00:00,527.9999999999999,541.1671471595764,13.16714715957653,0.035212556769076926
2024-12-30 08:00:00,527.9999999999999,555.2612918615341,27.261291861534232,0.07290415878541162
2024-12-30 09:00:00,527.9999999999999,580.0301510095596,52.030151009559745,0.13914287004799378
2024-12-30 10:00:00,522.0,562.7574491500854,40.75744915008545,0.10899657872482582
2024-12-30 11:00:00,519.9999999999999,572.3667633533478,52.36676335334789,0.1400430636222861
2024-12-30 12:00:00,522.0,577.1857595443726,55.18575954437256,0.1475818312995405
2024-12-30 13:00:00,519.9999999999999,611.3087207078934,91.30872070789349,0.2441845201904688
2024-12-30 14:00:00,519.9999999999999,599.804345369339,79.8043453693391,0.21341867055029184
2024-12-30 15:00:00,505.99999999999983,622.7485406398773,116.74854063987749,0.3122175643034877
2024-12-30 16:00:00,517.9999999999999,641.3361310958862,123.33613109588634,0.32983458491489104
2024-12-30 17:00:00,535.0,671.454827785492,136.45482778549194,0.36491757186116097
2024-12-30 18:00:00,535.9999999999999,671.9746345281601,135.9746345281602,0.36363340361051427
2024-12-30 19:00:00,533.0,649.9298483133316,116.9298483133316,0.31270243066571474
2024-12-30 20:00:00,530.0,650.4560279846191,120.45602798461914,0.3221324006013717
2024-12-30 21:00:00,519.9999999999999,649.4504034519196,129.45040345191967,0.3461858233288882
2024-12-30 22:00:00,519.9999999999999,612.3325788974762,92.33257889747631,0.24692259732952077
2024-12-30 23:00:00,519.9999999999999,603.4109508991241,83.41095089912426,0.22306372125277907
2024-12-31 00:00:00,519.9999999999999,452.03409880399704,67.96590119600285,0.1817594293753373
2024-12-31 01:00:00,477.99999999999994,459.73560601472855,18.264393985271397,0.048843990445675264
2024-12-31 02:00:00,396.0,509.16619420051575,113.16619420051575,0.30263738905111487
2024-12-31 03:00:00,285.99999999999994,513.9340889453888,227.93408894538885,0.6095581639155512
2024-12-31 04:00:00,272.99999999999983,547.8912949562073,274.89129495620745,0.7351345900262446
2024-12-31 05:00:00,315.0,557.6081818342209,242.6081818342209,0.6488007061777828
2024-12-31 06:00:00,400.99999999999994,538.8188999891281,137.81889998912817,0.3685654744269591
2024-12-31 07:00:00,516.0,560.463017821312,44.46301782131195,0.118906283964383
2024-12-31 08:00:00,519.9999999999999,558.4971463680267,38.49714636802685,0.10295191019762294
2024-12-31 09:00:00,494.0,562.188606262207,68.18860626220703,0.18235500370069693
2024-12-31 10:00:00,508.9999999999999,536.5702593326569,27.570259332656974,0.07373042240082166
2024-12-31 11:00:00,518.9999999999999,534.1994118690491,15.199411869049186,0.040647389051637894
2024-12-31 12:00:00,506.99999999999983,518.5597139596939,11.55971395969408,0.030913840265237063
2024-12-31 13:00:00,517.0,544.6500116586685,27.650011658668518,0.07394370195736591
2024-12-31 14:00:00,512.0,527.408938407898,15.40893840789795,0.041207720386468784
2024-12-31 15:00:00,506.99999999999983,535.687962770462,28.687962770462207,0.07671946742915829
2024-12-31 16:00:00,508.9999999999999,554.7138100862503,45.71381008625042,0.12225124495720027
2024-12-31 17:00:00,516.0,575.9603869915009,59.960386991500854,0.16035049242222862
2024-12-31 18:00:00,516.0,569.6478831768036,53.64788317680359,0.1434691288104931
2024-12-31 19:00:00,516.0,536.1016130447388,20.10161304473877,0.05375721725514958
2024-12-31 20:00:00,516.0,545.7963716983795,29.796371698379517,0.0796836563931476
2024-12-31 21:00:00,516.0,546.2457221746445,30.24572217464447,0.08088534260223532
2024-12-31 22:00:00,515.0,529.9287235736847,14.928723573684692,0.039923494433332936
2024-12-31 23:00:00,0.0,519.9655348062515,519.9655348062515,1.3905302105636543
